{
"type": "FeatureCollection",
"name": "boundary_gdansk_250",
"crs": { "type": "name", "properties": { "name": "urn:ogc:def:crs:OGC:1.3:CRS84" } },
"xy_coordinate_resolution": 1e-06,
"features": [
{ "type": "Feature", "properties": { "fid": 1, "name": "Gdańsk" }, "geometry": { "type": "Polygon", "coordinates": [ [ [ 18.429525, 54.383051 ], [ 18.429525, 54.383052 ], [ 18.430616, 54.384176 ], [ 18.430618, 54.384179 ], [ 18.430618, 54.384182 ], [ 18.430616, 54.384185 ], [ 18.429494, 54.385298 ], [ 18.429494, 54.385299 ], [ 18.429494, 54.385299 ], [ 18.430585, 54.386423 ], [ 18.430587, 54.386426 ], [ 18.430587, 54.386429 ], [ 18.430585, 54.386432 ], [ 18.429463, 54.387545 ], [ 18.429463, 54.387546 ], [ 18.429463, 54.387547 ], [ 18.430558, 54.388674 ], [ 18.430559, 54.388675 ], [ 18.43056, 54.388675 ], [ 18.43278, 54.388685 ], [ 18.432782, 54.388685 ], [ 18.432782, 54.388685 ], [ 18.433904, 54.387571 ], [ 18.433908, 54.387569 ], [ 18.433912, 54.387568 ], [ 18.433918, 54.387567 ], [ 18.436123, 54.387577 ], [ 18.436128, 54.387578 ], [ 18.436133, 54.387579 ], [ 18.436136, 54.387582 ], [ 18.437228, 54.388706 ], [ 18.437228, 54.388706 ], [ 18.43723, 54.388706 ], [ 18.439443, 54.388717 ], [ 18.439448, 54.388717 ], [ 18.439453, 54.388719 ], [ 18.439456, 54.388721 ], [ 18.440547, 54.389845 ], [ 18.440548, 54.389845 ], [ 18.440549, 54.389845 ], [ 18.442762, 54.389856 ], [ 18.442768, 54.389856 ], [ 18.442772, 54.389858 ], [ 18.442776, 54.38986 ], [ 18.443863, 54.39098 ], [ 18.443865, 54.390983 ], [ 18.443865, 54.390986 ], [ 18.443863, 54.390989 ], [ 18.442741, 54.392102 ], [ 18.442741, 54.392103 ], [ 18.442741, 54.392104 ], [ 18.443837, 54.393231 ], [ 18.443837, 54.393232 ], [ 18.443839, 54.393232 ], [ 18.446052, 54.393242 ], [ 18.446057, 54.393243 ], [ 18.446062, 54.393244 ], [ 18.446065, 54.393247 ], [ 18.447157, 54.39437 ], [ 18.447158, 54.394371 ], [ 18.447159, 54.394371 ], [ 18.449372, 54.394381 ], [ 18.449377, 54.394382 ], [ 18.449382, 54.394383 ], [ 18.449386, 54.394386 ], [ 18.450477, 54.395509 ], [ 18.450478, 54.39551 ], [ 18.450479, 54.39551 ], [ 18.452693, 54.39552 ], [ 18.452698, 54.395521 ], [ 18.452703, 54.395522 ], [ 18.452706, 54.395525 ], [ 18.453798, 54.396648 ], [ 18.453799, 54.396649 ], [ 18.4538, 54.396649 ], [ 18.456013, 54.396659 ], [ 18.456019, 54.396659 ], [ 18.456023, 54.396661 ], [ 18.456027, 54.396663 ], [ 18.457119, 54.397787 ], [ 18.457119, 54.397787 ], [ 18.457121, 54.397787 ], [ 18.459334, 54.397797 ], [ 18.459339, 54.397798 ], [ 18.459344, 54.3978 ], [ 18.459347, 54.397802 ], [ 18.460436, 54.398922 ], [ 18.460438, 54.398925 ], [ 18.460437, 54.398928 ], [ 18.460436, 54.398931 ], [ 18.459314, 54.400044 ], [ 18.459314, 54.400045 ], [ 18.459314, 54.400046 ], [ 18.460406, 54.401169 ], [ 18.460408, 54.401172 ], [ 18.460408, 54.401175 ], [ 18.460406, 54.401178 ], [ 18.459285, 54.402292 ], [ 18.459284, 54.402292 ], [ 18.459285, 54.402293 ], [ 18.46038, 54.40342 ], [ 18.460381, 54.403421 ], [ 18.460382, 54.403421 ], [ 18.462596, 54.403431 ], [ 18.462602, 54.403431 ], [ 18.462606, 54.403433 ], [ 18.46261, 54.403435 ], [ 18.463698, 54.404555 ], [ 18.4637, 54.404558 ], [ 18.4637, 54.404561 ], [ 18.463698, 54.404564 ], [ 18.46258, 54.405674 ], [ 18.462577, 54.405676 ], [ 18.462572, 54.405678 ], [ 18.462567, 54.405678 ], [ 18.460353, 54.405668 ], [ 18.460352, 54.405668 ], [ 18.460351, 54.405669 ], [ 18.459229, 54.406783 ], [ 18.459226, 54.406785 ], [ 18.459221, 54.406787 ], [ 18.459216, 54.406787 ], [ 18.457002, 54.406777 ], [ 18.457001, 54.406777 ], [ 18.457, 54.406778 ], [ 18.455878, 54.407891 ], [ 18.455874, 54.407894 ], [ 18.45587, 54.407895 ], [ 18.455865, 54.407896 ], [ 18.453658, 54.407886 ], [ 18.453653, 54.407885 ], [ 18.453648, 54.407884 ], [ 18.453645, 54.407881 ], [ 18.452553, 54.406758 ], [ 18.452552, 54.406757 ], [ 18.452551, 54.406757 ], [ 18.450329, 54.406747 ], [ 18.450328, 54.406747 ], [ 18.450327, 54.406748 ], [ 18.449205, 54.407861 ], [ 18.449202, 54.407863 ], [ 18.449197, 54.407865 ], [ 18.449192, 54.407866 ], [ 18.446985, 54.407855 ], [ 18.44698, 54.407855 ], [ 18.446975, 54.407853 ], [ 18.446972, 54.407851 ], [ 18.44588, 54.406727 ], [ 18.445879, 54.406727 ], [ 18.445878, 54.406727 ], [ 18.443656, 54.406716 ], [ 18.443655, 54.406716 ], [ 18.443654, 54.406717 ], [ 18.442532, 54.40783 ], [ 18.442529, 54.407833 ], [ 18.442524, 54.407834 ], [ 18.442519, 54.407835 ], [ 18.440305, 54.407825 ], [ 18.440303, 54.407825 ], [ 18.440303, 54.407825 ], [ 18.439176, 54.408943 ], [ 18.439176, 54.408943 ], [ 18.439176, 54.408944 ], [ 18.440272, 54.410071 ], [ 18.440273, 54.410072 ], [ 18.440274, 54.410072 ], [ 18.442488, 54.410082 ], [ 18.442493, 54.410083 ], [ 18.442498, 54.410084 ], [ 18.442501, 54.410087 ], [ 18.44359, 54.411207 ], [ 18.443591, 54.41121 ], [ 18.443591, 54.411213 ], [ 18.44359, 54.411216 ], [ 18.442467, 54.412329 ], [ 18.442467, 54.41233 ], [ 18.442467, 54.41233 ], [ 18.443559, 54.413454 ], [ 18.443561, 54.413457 ], [ 18.443561, 54.41346 ], [ 18.443559, 54.413463 ], [ 18.442437, 54.414576 ], [ 18.442436, 54.414577 ], [ 18.442437, 54.414578 ], [ 18.443533, 54.415705 ], [ 18.443533, 54.415706 ], [ 18.443535, 54.415706 ], [ 18.445749, 54.415716 ], [ 18.445754, 54.415717 ], [ 18.445759, 54.415718 ], [ 18.445762, 54.415721 ], [ 18.446851, 54.41684 ], [ 18.446853, 54.416843 ], [ 18.446853, 54.416847 ], [ 18.446851, 54.416849 ], [ 18.445732, 54.417959 ], [ 18.445729, 54.417961 ], [ 18.445724, 54.417963 ], [ 18.445719, 54.417964 ], [ 18.443512, 54.417953 ], [ 18.443506, 54.417953 ], [ 18.443502, 54.417951 ], [ 18.443498, 54.417949 ], [ 18.442406, 54.416825 ], [ 18.442405, 54.416825 ], [ 18.442404, 54.416824 ], [ 18.440182, 54.416814 ], [ 18.440181, 54.416814 ], [ 18.44018, 54.416815 ], [ 18.439054, 54.417932 ], [ 18.439053, 54.417933 ], [ 18.439054, 54.417933 ], [ 18.440149, 54.419061 ], [ 18.44015, 54.419061 ], [ 18.440151, 54.419062 ], [ 18.442366, 54.419072 ], [ 18.442371, 54.419072 ], [ 18.442376, 54.419074 ], [ 18.442379, 54.419076 ], [ 18.443468, 54.420196 ], [ 18.44347, 54.420199 ], [ 18.44347, 54.420202 ], [ 18.443468, 54.420205 ], [ 18.442345, 54.421319 ], [ 18.442345, 54.421319 ], [ 18.442345, 54.42132 ], [ 18.443441, 54.422447 ], [ 18.443442, 54.422448 ], [ 18.443443, 54.422448 ], [ 18.445658, 54.422458 ], [ 18.445663, 54.422459 ], [ 18.445668, 54.42246 ], [ 18.445671, 54.422463 ], [ 18.446764, 54.423586 ], [ 18.446765, 54.423587 ], [ 18.446766, 54.423587 ], [ 18.448981, 54.423597 ], [ 18.448986, 54.423598 ], [ 18.448991, 54.423599 ], [ 18.448994, 54.423602 ], [ 18.450083, 54.424722 ], [ 18.450085, 54.424724 ], [ 18.450084, 54.424728 ], [ 18.450083, 54.424731 ], [ 18.44896, 54.425844 ], [ 18.44896, 54.425845 ], [ 18.44896, 54.425845 ], [ 18.450053, 54.426969 ], [ 18.450054, 54.426972 ], [ 18.450054, 54.426975 ], [ 18.450053, 54.426978 ], [ 18.44893, 54.428091 ], [ 18.44893, 54.428092 ], [ 18.44893, 54.428093 ], [ 18.450026, 54.42922 ], [ 18.450027, 54.429221 ], [ 18.450028, 54.429221 ], [ 18.452243, 54.429231 ], [ 18.452249, 54.429231 ], [ 18.452253, 54.429233 ], [ 18.452257, 54.429235 ], [ 18.453346, 54.430355 ], [ 18.453348, 54.430358 ], [ 18.453348, 54.430361 ], [ 18.453346, 54.430364 ], [ 18.452223, 54.431478 ], [ 18.452223, 54.431478 ], [ 18.452223, 54.431479 ], [ 18.453316, 54.432603 ], [ 18.453318, 54.432606 ], [ 18.453318, 54.432609 ], [ 18.453316, 54.432612 ], [ 18.452197, 54.433721 ], [ 18.452193, 54.433724 ], [ 18.452189, 54.433725 ], [ 18.452184, 54.433726 ], [ 18.449968, 54.433716 ], [ 18.449967, 54.433716 ], [ 18.449966, 54.433716 ], [ 18.448843, 54.43483 ], [ 18.44884, 54.434832 ], [ 18.448835, 54.434834 ], [ 18.44883, 54.434834 ], [ 18.446614, 54.434824 ], [ 18.446613, 54.434824 ], [ 18.446612, 54.434825 ], [ 18.445489, 54.435938 ], [ 18.445486, 54.435941 ], [ 18.445481, 54.435942 ], [ 18.445476, 54.435943 ], [ 18.443268, 54.435932 ], [ 18.443263, 54.435932 ], [ 18.443258, 54.43593 ], [ 18.443255, 54.435928 ], [ 18.442162, 54.434804 ], [ 18.442161, 54.434804 ], [ 18.44216, 54.434804 ], [ 18.439937, 54.434793 ], [ 18.439936, 54.434793 ], [ 18.439935, 54.434794 ], [ 18.438808, 54.435911 ], [ 18.438808, 54.435912 ], [ 18.438808, 54.435913 ], [ 18.439901, 54.437036 ], [ 18.439902, 54.437039 ], [ 18.439902, 54.437042 ], [ 18.4399, 54.437045 ], [ 18.438781, 54.438155 ], [ 18.438778, 54.438157 ], [ 18.438773, 54.438159 ], [ 18.438768, 54.438159 ], [ 18.436552, 54.438149 ], [ 18.436551, 54.438149 ], [ 18.43655, 54.43815 ], [ 18.435423, 54.439267 ], [ 18.435423, 54.439267 ], [ 18.435423, 54.439268 ], [ 18.436519, 54.440396 ], [ 18.43652, 54.440396 ], [ 18.436521, 54.440396 ], [ 18.438745, 54.440407 ], [ 18.438746, 54.440406 ], [ 18.438747, 54.440406 ], [ 18.43987, 54.439293 ], [ 18.439873, 54.43929 ], [ 18.439878, 54.439289 ], [ 18.439883, 54.439288 ], [ 18.442091, 54.439298 ], [ 18.442097, 54.439299 ], [ 18.442101, 54.4393 ], [ 18.442105, 54.439303 ], [ 18.443197, 54.440427 ], [ 18.443198, 54.440427 ], [ 18.443199, 54.440427 ], [ 18.445415, 54.440437 ], [ 18.445421, 54.440438 ], [ 18.445425, 54.44044 ], [ 18.445429, 54.440442 ], [ 18.446521, 54.441566 ], [ 18.446522, 54.441566 ], [ 18.446523, 54.441566 ], [ 18.448739, 54.441576 ], [ 18.448745, 54.441577 ], [ 18.448749, 54.441579 ], [ 18.448753, 54.441581 ], [ 18.449842, 54.442701 ], [ 18.449844, 54.442704 ], [ 18.449844, 54.442707 ], [ 18.449842, 54.44271 ], [ 18.448719, 54.443823 ], [ 18.448718, 54.443824 ], [ 18.448719, 54.443824 ], [ 18.449812, 54.444948 ], [ 18.449814, 54.444951 ], [ 18.449814, 54.444954 ], [ 18.449812, 54.444957 ], [ 18.448689, 54.44607 ], [ 18.448688, 54.446071 ], [ 18.448689, 54.446072 ], [ 18.449785, 54.447199 ], [ 18.449786, 54.4472 ], [ 18.449787, 54.4472 ], [ 18.452011, 54.44721 ], [ 18.452012, 54.44721 ], [ 18.452013, 54.447209 ], [ 18.453136, 54.446096 ], [ 18.45314, 54.446093 ], [ 18.453144, 54.446092 ], [ 18.45315, 54.446091 ], [ 18.455358, 54.446101 ], [ 18.455363, 54.446102 ], [ 18.455368, 54.446104 ], [ 18.455371, 54.446106 ], [ 18.456465, 54.447229 ], [ 18.456466, 54.44723 ], [ 18.456467, 54.44723 ], [ 18.45869, 54.44724 ], [ 18.458692, 54.44724 ], [ 18.458693, 54.447239 ], [ 18.459815, 54.446126 ], [ 18.459819, 54.446124 ], [ 18.459823, 54.446122 ], [ 18.459829, 54.446121 ], [ 18.462045, 54.446131 ], [ 18.462046, 54.446131 ], [ 18.462047, 54.446131 ], [ 18.46317, 54.445017 ], [ 18.463173, 54.445015 ], [ 18.463178, 54.445013 ], [ 18.463183, 54.445013 ], [ 18.465399, 54.445022 ], [ 18.4654, 54.445022 ], [ 18.465401, 54.445022 ], [ 18.466528, 54.443904 ], [ 18.466528, 54.443904 ], [ 18.466528, 54.443903 ], [ 18.465434, 54.44278 ], [ 18.465432, 54.442777 ], [ 18.465432, 54.442774 ], [ 18.465434, 54.442771 ], [ 18.466553, 54.441661 ], [ 18.466556, 54.441658 ], [ 18.466561, 54.441657 ], [ 18.466566, 54.441656 ], [ 18.468782, 54.441666 ], [ 18.468784, 54.441666 ], [ 18.468784, 54.441665 ], [ 18.469911, 54.440548 ], [ 18.469911, 54.440547 ], [ 18.469911, 54.440547 ], [ 18.468817, 54.439423 ], [ 18.468815, 54.43942 ], [ 18.468815, 54.439417 ], [ 18.468817, 54.439414 ], [ 18.46994, 54.438301 ], [ 18.46994, 54.4383 ], [ 18.46994, 54.438299 ], [ 18.468846, 54.437176 ], [ 18.468844, 54.437173 ], [ 18.468844, 54.43717 ], [ 18.468846, 54.437167 ], [ 18.469965, 54.436057 ], [ 18.469968, 54.436055 ], [ 18.469973, 54.436053 ], [ 18.469978, 54.436053 ], [ 18.472194, 54.436062 ], [ 18.472195, 54.436062 ], [ 18.472196, 54.436062 ], [ 18.473318, 54.434948 ], [ 18.473321, 54.434946 ], [ 18.473326, 54.434944 ], [ 18.473331, 54.434943 ], [ 18.475547, 54.434953 ], [ 18.475548, 54.434953 ], [ 18.475549, 54.434952 ], [ 18.476671, 54.433839 ], [ 18.476674, 54.433836 ], [ 18.476679, 54.433835 ], [ 18.476684, 54.433834 ], [ 18.478892, 54.433844 ], [ 18.478898, 54.433844 ], [ 18.478902, 54.433846 ], [ 18.478906, 54.433848 ], [ 18.479995, 54.434968 ], [ 18.479997, 54.434971 ], [ 18.479997, 54.434974 ], [ 18.479995, 54.434977 ], [ 18.478873, 54.436091 ], [ 18.478873, 54.436091 ], [ 18.478873, 54.436092 ], [ 18.479971, 54.437219 ], [ 18.479972, 54.43722 ], [ 18.479973, 54.43722 ], [ 18.482188, 54.437229 ], [ 18.482194, 54.43723 ], [ 18.482198, 54.437231 ], [ 18.482202, 54.437234 ], [ 18.483295, 54.438357 ], [ 18.483296, 54.438358 ], [ 18.483297, 54.438358 ], [ 18.485513, 54.438367 ], [ 18.485518, 54.438368 ], [ 18.485523, 54.438369 ], [ 18.485527, 54.438372 ], [ 18.48662, 54.439495 ], [ 18.486621, 54.439496 ], [ 18.486622, 54.439496 ], [ 18.488846, 54.439505 ], [ 18.488847, 54.439505 ], [ 18.488848, 54.439504 ], [ 18.489973, 54.438387 ], [ 18.489974, 54.438386 ], [ 18.489973, 54.438385 ], [ 18.488879, 54.437262 ], [ 18.488878, 54.437259 ], [ 18.488878, 54.437256 ], [ 18.48888, 54.437253 ], [ 18.490001, 54.436139 ], [ 18.490002, 54.436139 ], [ 18.490001, 54.436138 ], [ 18.488907, 54.435015 ], [ 18.488906, 54.435012 ], [ 18.488906, 54.435009 ], [ 18.488908, 54.435006 ], [ 18.490025, 54.433896 ], [ 18.490029, 54.433893 ], [ 18.490034, 54.433892 ], [ 18.490039, 54.433891 ], [ 18.492254, 54.433901 ], [ 18.492256, 54.433901 ], [ 18.492256, 54.4339 ], [ 18.493382, 54.432782 ], [ 18.493382, 54.432782 ], [ 18.493382, 54.432781 ], [ 18.492288, 54.431658 ], [ 18.492286, 54.431655 ], [ 18.492286, 54.431652 ], [ 18.492288, 54.431649 ], [ 18.493406, 54.430539 ], [ 18.493409, 54.430536 ], [ 18.493414, 54.430535 ], [ 18.493419, 54.430534 ], [ 18.495634, 54.430544 ], [ 18.495636, 54.430543 ], [ 18.495636, 54.430543 ], [ 18.496758, 54.429429 ], [ 18.496761, 54.429427 ], [ 18.496766, 54.429425 ], [ 18.496771, 54.429425 ], [ 18.498979, 54.429434 ], [ 18.498984, 54.429434 ], [ 18.498989, 54.429436 ], [ 18.498992, 54.429438 ], [ 18.500086, 54.430561 ], [ 18.500087, 54.430562 ], [ 18.500088, 54.430562 ], [ 18.502311, 54.430571 ], [ 18.502312, 54.430571 ], [ 18.502313, 54.430571 ], [ 18.503438, 54.429453 ], [ 18.503439, 54.429452 ], [ 18.503438, 54.429451 ], [ 18.502344, 54.428328 ], [ 18.502342, 54.428325 ], [ 18.502342, 54.428322 ], [ 18.502344, 54.428319 ], [ 18.503461, 54.427209 ], [ 18.503465, 54.427207 ], [ 18.50347, 54.427205 ], [ 18.503475, 54.427205 ], [ 18.50569, 54.427214 ], [ 18.505691, 54.427214 ], [ 18.505692, 54.427213 ], [ 18.506817, 54.426095 ], [ 18.506817, 54.426095 ], [ 18.506817, 54.426094 ], [ 18.505723, 54.424971 ], [ 18.505721, 54.424968 ], [ 18.505721, 54.424965 ], [ 18.505723, 54.424962 ], [ 18.50684, 54.423852 ], [ 18.506843, 54.423849 ], [ 18.506848, 54.423848 ], [ 18.506853, 54.423847 ], [ 18.509068, 54.423856 ], [ 18.50907, 54.423856 ], [ 18.50907, 54.423856 ], [ 18.510191, 54.422742 ], [ 18.510195, 54.422739 ], [ 18.510199, 54.422738 ], [ 18.510205, 54.422737 ], [ 18.512412, 54.422746 ], [ 18.512417, 54.422747 ], [ 18.512422, 54.422748 ], [ 18.512425, 54.422751 ], [ 18.513519, 54.423874 ], [ 18.51352, 54.423874 ], [ 18.513521, 54.423874 ], [ 18.515744, 54.423883 ], [ 18.515745, 54.423883 ], [ 18.515746, 54.423883 ], [ 18.516867, 54.422769 ], [ 18.51687, 54.422766 ], [ 18.516875, 54.422765 ], [ 18.51688, 54.422764 ], [ 18.519087, 54.422773 ], [ 18.519093, 54.422773 ], [ 18.519097, 54.422775 ], [ 18.519101, 54.422777 ], [ 18.520195, 54.4239 ], [ 18.520196, 54.423901 ], [ 18.520197, 54.423901 ], [ 18.522412, 54.42391 ], [ 18.522417, 54.42391 ], [ 18.522422, 54.423912 ], [ 18.522425, 54.423914 ], [ 18.52352, 54.425037 ], [ 18.523521, 54.425038 ], [ 18.523522, 54.425038 ], [ 18.525744, 54.425047 ], [ 18.525746, 54.425047 ], [ 18.525746, 54.425046 ], [ 18.526867, 54.423932 ], [ 18.52687, 54.42393 ], [ 18.526875, 54.423928 ], [ 18.52688, 54.423927 ], [ 18.529088, 54.423936 ], [ 18.529093, 54.423937 ], [ 18.529098, 54.423938 ], [ 18.529101, 54.423941 ], [ 18.530196, 54.425063 ], [ 18.530196, 54.425064 ], [ 18.530198, 54.425064 ], [ 18.53242, 54.425073 ], [ 18.532422, 54.425073 ], [ 18.532422, 54.425072 ], [ 18.533543, 54.423958 ], [ 18.533546, 54.423955 ], [ 18.533551, 54.423954 ], [ 18.533556, 54.423953 ], [ 18.535771, 54.423962 ], [ 18.535772, 54.423962 ], [ 18.535773, 54.423961 ], [ 18.536893, 54.422847 ], [ 18.536897, 54.422845 ], [ 18.536901, 54.422843 ], [ 18.536906, 54.422843 ], [ 18.539114, 54.422851 ], [ 18.539119, 54.422852 ], [ 18.539124, 54.422853 ], [ 18.539127, 54.422856 ], [ 18.540222, 54.423978 ], [ 18.540223, 54.423979 ], [ 18.540224, 54.423979 ], [ 18.542447, 54.423987 ], [ 18.542448, 54.423987 ], [ 18.542449, 54.423987 ], [ 18.543569, 54.422872 ], [ 18.543572, 54.42287 ], [ 18.543577, 54.422868 ], [ 18.543582, 54.422868 ], [ 18.545789, 54.422876 ], [ 18.545795, 54.422877 ], [ 18.545799, 54.422878 ], [ 18.545803, 54.422881 ], [ 18.546898, 54.424004 ], [ 18.546899, 54.424004 ], [ 18.5469, 54.424004 ], [ 18.549122, 54.424013 ], [ 18.549124, 54.424012 ], [ 18.549124, 54.424012 ], [ 18.550244, 54.422897 ], [ 18.550248, 54.422895 ], [ 18.550252, 54.422894 ], [ 18.550257, 54.422893 ], [ 18.552472, 54.422901 ], [ 18.552474, 54.422901 ], [ 18.552474, 54.422901 ], [ 18.553594, 54.421786 ], [ 18.553597, 54.421784 ], [ 18.553602, 54.421782 ], [ 18.553607, 54.421782 ], [ 18.555815, 54.42179 ], [ 18.55582, 54.42179 ], [ 18.555825, 54.421792 ], [ 18.555828, 54.421794 ], [ 18.556923, 54.422917 ], [ 18.556924, 54.422918 ], [ 18.556925, 54.422918 ], [ 18.55914, 54.422926 ], [ 18.559146, 54.422926 ], [ 18.55915, 54.422928 ], [ 18.559154, 54.42293 ], [ 18.560249, 54.424053 ], [ 18.56025, 54.424053 ], [ 18.560251, 54.424054 ], [ 18.562466, 54.424062 ], [ 18.562471, 54.424062 ], [ 18.562476, 54.424064 ], [ 18.562479, 54.424066 ], [ 18.563575, 54.425189 ], [ 18.563576, 54.425189 ], [ 18.563577, 54.425189 ], [ 18.5658, 54.425197 ], [ 18.565801, 54.425197 ], [ 18.565802, 54.425197 ], [ 18.566921, 54.424082 ], [ 18.566924, 54.42408 ], [ 18.566929, 54.424078 ], [ 18.566934, 54.424078 ], [ 18.569142, 54.424086 ], [ 18.569147, 54.424086 ], [ 18.569152, 54.424088 ], [ 18.569155, 54.42409 ], [ 18.570251, 54.425213 ], [ 18.570252, 54.425213 ], [ 18.570253, 54.425213 ], [ 18.572468, 54.425221 ], [ 18.572473, 54.425222 ], [ 18.572478, 54.425223 ], [ 18.572481, 54.425226 ], [ 18.573577, 54.426348 ], [ 18.573578, 54.426349 ], [ 18.573579, 54.426349 ], [ 18.575794, 54.426357 ], [ 18.5758, 54.426357 ], [ 18.575804, 54.426359 ], [ 18.575808, 54.426361 ], [ 18.576904, 54.427484 ], [ 18.576904, 54.427484 ], [ 18.576906, 54.427484 ], [ 18.579121, 54.427492 ], [ 18.579126, 54.427493 ], [ 18.579131, 54.427494 ], [ 18.579134, 54.427497 ], [ 18.58023, 54.428619 ], [ 18.580231, 54.42862 ], [ 18.580232, 54.42862 ], [ 18.582455, 54.428627 ], [ 18.582456, 54.428627 ], [ 18.582457, 54.428627 ], [ 18.583576, 54.427512 ], [ 18.58358, 54.42751 ], [ 18.583584, 54.427508 ], [ 18.58359, 54.427508 ], [ 18.585797, 54.427515 ], [ 18.585802, 54.427516 ], [ 18.585807, 54.427517 ], [ 18.58581, 54.42752 ], [ 18.586903, 54.428638 ], [ 18.586905, 54.428641 ], [ 18.586905, 54.428644 ], [ 18.586903, 54.428647 ], [ 18.585784, 54.429762 ], [ 18.585784, 54.429763 ], [ 18.585784, 54.429763 ], [ 18.586884, 54.430889 ], [ 18.586885, 54.43089 ], [ 18.586886, 54.43089 ], [ 18.589102, 54.430898 ], [ 18.589107, 54.430898 ], [ 18.589111, 54.4309 ], [ 18.589115, 54.430902 ], [ 18.590211, 54.432024 ], [ 18.590212, 54.432025 ], [ 18.590213, 54.432025 ], [ 18.592436, 54.432033 ], [ 18.592438, 54.432033 ], [ 18.592438, 54.432032 ], [ 18.593557, 54.430917 ], [ 18.593561, 54.430915 ], [ 18.593565, 54.430913 ], [ 18.593571, 54.430913 ], [ 18.595786, 54.43092 ], [ 18.595787, 54.43092 ], [ 18.595788, 54.43092 ], [ 18.59691, 54.429801 ], [ 18.596911, 54.4298 ], [ 18.59691, 54.4298 ], [ 18.595814, 54.428677 ], [ 18.595812, 54.428674 ], [ 18.595812, 54.428671 ], [ 18.595814, 54.428668 ], [ 18.596929, 54.427557 ], [ 18.596932, 54.427555 ], [ 18.596937, 54.427553 ], [ 18.596942, 54.427553 ], [ 18.599157, 54.42756 ], [ 18.599159, 54.42756 ], [ 18.599159, 54.427559 ], [ 18.600278, 54.426445 ], [ 18.600281, 54.426442 ], [ 18.600286, 54.426441 ], [ 18.600291, 54.42644 ], [ 18.602506, 54.426447 ], [ 18.602508, 54.426447 ], [ 18.602508, 54.426447 ], [ 18.603627, 54.425332 ], [ 18.60363, 54.42533 ], [ 18.603635, 54.425328 ], [ 18.60364, 54.425327 ], [ 18.605855, 54.425335 ], [ 18.605856, 54.425335 ], [ 18.605857, 54.425334 ], [ 18.606979, 54.424215 ], [ 18.60698, 54.424215 ], [ 18.606979, 54.424214 ], [ 18.605882, 54.423092 ], [ 18.605881, 54.423089 ], [ 18.605881, 54.423086 ], [ 18.605883, 54.423083 ], [ 18.606997, 54.421972 ], [ 18.607, 54.421969 ], [ 18.607005, 54.421968 ], [ 18.60701, 54.421967 ], [ 18.609225, 54.421974 ], [ 18.609226, 54.421974 ], [ 18.609227, 54.421974 ], [ 18.610345, 54.420859 ], [ 18.610349, 54.420856 ], [ 18.610353, 54.420855 ], [ 18.610359, 54.420854 ], [ 18.612574, 54.420861 ], [ 18.612575, 54.420861 ], [ 18.612576, 54.420861 ], [ 18.613693, 54.419746 ], [ 18.613697, 54.419743 ], [ 18.613702, 54.419742 ], [ 18.613707, 54.419741 ], [ 18.615922, 54.419748 ], [ 18.615923, 54.419748 ], [ 18.615924, 54.419748 ], [ 18.617041, 54.418633 ], [ 18.617045, 54.41863 ], [ 18.61705, 54.418629 ], [ 18.617055, 54.418628 ], [ 18.61927, 54.418635 ], [ 18.619271, 54.418635 ], [ 18.619272, 54.418635 ], [ 18.620393, 54.417516 ], [ 18.620394, 54.417515 ], [ 18.620393, 54.417514 ], [ 18.619296, 54.416392 ], [ 18.619294, 54.416389 ], [ 18.619294, 54.416386 ], [ 18.619296, 54.416383 ], [ 18.62041, 54.415272 ], [ 18.620414, 54.41527 ], [ 18.620418, 54.415268 ], [ 18.620423, 54.415268 ], [ 18.622638, 54.415274 ], [ 18.622639, 54.415274 ], [ 18.62264, 54.415274 ], [ 18.623758, 54.414159 ], [ 18.623761, 54.414156 ], [ 18.623766, 54.414155 ], [ 18.623771, 54.414154 ], [ 18.625985, 54.414161 ], [ 18.625987, 54.414161 ], [ 18.625987, 54.41416 ], [ 18.627105, 54.413045 ], [ 18.627108, 54.413043 ], [ 18.627113, 54.413041 ], [ 18.627118, 54.413041 ], [ 18.629333, 54.413048 ], [ 18.629334, 54.413048 ], [ 18.629335, 54.413047 ], [ 18.630452, 54.411932 ], [ 18.630455, 54.411929 ], [ 18.63046, 54.411928 ], [ 18.630465, 54.411927 ], [ 18.63268, 54.411934 ], [ 18.632681, 54.411934 ], [ 18.632682, 54.411933 ], [ 18.633799, 54.410818 ], [ 18.633802, 54.410816 ], [ 18.633807, 54.410814 ], [ 18.633812, 54.410814 ], [ 18.636019, 54.410821 ], [ 18.636024, 54.410821 ], [ 18.636029, 54.410823 ], [ 18.636032, 54.410825 ], [ 18.63713, 54.411947 ], [ 18.63713, 54.411947 ], [ 18.637132, 54.411948 ], [ 18.639353, 54.411954 ], [ 18.639355, 54.411954 ], [ 18.639355, 54.411954 ], [ 18.640472, 54.410838 ], [ 18.640476, 54.410836 ], [ 18.640481, 54.410834 ], [ 18.640486, 54.410834 ], [ 18.6427, 54.41084 ], [ 18.642701, 54.41084 ], [ 18.642702, 54.41084 ], [ 18.643819, 54.409725 ], [ 18.643822, 54.409722 ], [ 18.643827, 54.409721 ], [ 18.643832, 54.40972 ], [ 18.646047, 54.409727 ], [ 18.646048, 54.409726 ], [ 18.646049, 54.409726 ], [ 18.647165, 54.408611 ], [ 18.647169, 54.408608 ], [ 18.647173, 54.408607 ], [ 18.647179, 54.408606 ], [ 18.649385, 54.408613 ], [ 18.649391, 54.408613 ], [ 18.649395, 54.408615 ], [ 18.649399, 54.408617 ], [ 18.650496, 54.409739 ], [ 18.650497, 54.409739 ], [ 18.650498, 54.40974 ], [ 18.652712, 54.409746 ], [ 18.652718, 54.409746 ], [ 18.652722, 54.409748 ], [ 18.652726, 54.40975 ], [ 18.653823, 54.410872 ], [ 18.653824, 54.410873 ], [ 18.653826, 54.410873 ], [ 18.65604, 54.410879 ], [ 18.656045, 54.41088 ], [ 18.65605, 54.410881 ], [ 18.656053, 54.410884 ], [ 18.657151, 54.412005 ], [ 18.657152, 54.412006 ], [ 18.657153, 54.412006 ], [ 18.659367, 54.412012 ], [ 18.659373, 54.412013 ], [ 18.659377, 54.412015 ], [ 18.659381, 54.412017 ], [ 18.660475, 54.413135 ], [ 18.660477, 54.413138 ], [ 18.660477, 54.413141 ], [ 18.660475, 54.413144 ], [ 18.659362, 54.414255 ], [ 18.659359, 54.414258 ], [ 18.659354, 54.414259 ], [ 18.659349, 54.41426 ], [ 18.657134, 54.414254 ], [ 18.657133, 54.414254 ], [ 18.657132, 54.414254 ], [ 18.656012, 54.415373 ], [ 18.656011, 54.415374 ], [ 18.656012, 54.415375 ], [ 18.65711, 54.416497 ], [ 18.657111, 54.416499 ], [ 18.657111, 54.416503 ], [ 18.65711, 54.416506 ], [ 18.655993, 54.417621 ], [ 18.655993, 54.417622 ], [ 18.655993, 54.417622 ], [ 18.657095, 54.418748 ], [ 18.657095, 54.418748 ], [ 18.657097, 54.418748 ], [ 18.659319, 54.418755 ], [ 18.65932, 54.418755 ], [ 18.659321, 54.418754 ], [ 18.660441, 54.417635 ], [ 18.660442, 54.417634 ], [ 18.660441, 54.417633 ], [ 18.659343, 54.416512 ], [ 18.659342, 54.416509 ], [ 18.659342, 54.416506 ], [ 18.659343, 54.416503 ], [ 18.660456, 54.415391 ], [ 18.66046, 54.415389 ], [ 18.660464, 54.415387 ], [ 18.66047, 54.415387 ], [ 18.662684, 54.415393 ], [ 18.662685, 54.415393 ], [ 18.662686, 54.415392 ], [ 18.663803, 54.414277 ], [ 18.663806, 54.414274 ], [ 18.663811, 54.414273 ], [ 18.663816, 54.414272 ], [ 18.66603, 54.414278 ], [ 18.666032, 54.414278 ], [ 18.666032, 54.414278 ], [ 18.667149, 54.413162 ], [ 18.667152, 54.41316 ], [ 18.667157, 54.413158 ], [ 18.667162, 54.413158 ], [ 18.669377, 54.413164 ], [ 18.669378, 54.413164 ], [ 18.669379, 54.413163 ], [ 18.670495, 54.412048 ], [ 18.670498, 54.412045 ], [ 18.670503, 54.412044 ], [ 18.670508, 54.412043 ], [ 18.672723, 54.412049 ], [ 18.672724, 54.412049 ], [ 18.672725, 54.412049 ], [ 18.673841, 54.410933 ], [ 18.673844, 54.410931 ], [ 18.673849, 54.410929 ], [ 18.673854, 54.410929 ], [ 18.676068, 54.410935 ], [ 18.67607, 54.410934 ], [ 18.67607, 54.410934 ], [ 18.677186, 54.409818 ], [ 18.67719, 54.409816 ], [ 18.677194, 54.409814 ], [ 18.6772, 54.409814 ], [ 18.679414, 54.40982 ], [ 18.679415, 54.40982 ], [ 18.679416, 54.409819 ], [ 18.680532, 54.408703 ], [ 18.680535, 54.408701 ], [ 18.68054, 54.408699 ], [ 18.680545, 54.408699 ], [ 18.682759, 54.408705 ], [ 18.682761, 54.408705 ], [ 18.682761, 54.408704 ], [ 18.683881, 54.407585 ], [ 18.683881, 54.407584 ], [ 18.683881, 54.407583 ], [ 18.682782, 54.406462 ], [ 18.682781, 54.406459 ], [ 18.682781, 54.406456 ], [ 18.682783, 54.406453 ], [ 18.683894, 54.405341 ], [ 18.683898, 54.405339 ], [ 18.683902, 54.405337 ], [ 18.683908, 54.405337 ], [ 18.686122, 54.405342 ], [ 18.686123, 54.405342 ], [ 18.686124, 54.405342 ], [ 18.687239, 54.404226 ], [ 18.687243, 54.404224 ], [ 18.687247, 54.404222 ], [ 18.687253, 54.404222 ], [ 18.689459, 54.404227 ], [ 18.689464, 54.404228 ], [ 18.689469, 54.404229 ], [ 18.689472, 54.404232 ], [ 18.690571, 54.405353 ], [ 18.690572, 54.405354 ], [ 18.690573, 54.405354 ], [ 18.692794, 54.405359 ], [ 18.692796, 54.405359 ], [ 18.692797, 54.405359 ], [ 18.693912, 54.404243 ], [ 18.693915, 54.404241 ], [ 18.69392, 54.404239 ], [ 18.693925, 54.404239 ], [ 18.696139, 54.404244 ], [ 18.69614, 54.404244 ], [ 18.696141, 54.404244 ], [ 18.697256, 54.403128 ], [ 18.69726, 54.403125 ], [ 18.697265, 54.403124 ], [ 18.69727, 54.403123 ], [ 18.699476, 54.403129 ], [ 18.699481, 54.403129 ], [ 18.699486, 54.403131 ], [ 18.699489, 54.403133 ], [ 18.700588, 54.404255 ], [ 18.700589, 54.404255 ], [ 18.70059, 54.404255 ], [ 18.702804, 54.404261 ], [ 18.702809, 54.404261 ], [ 18.702814, 54.404263 ], [ 18.702818, 54.404265 ], [ 18.703916, 54.405387 ], [ 18.703917, 54.405387 ], [ 18.703918, 54.405387 ], [ 18.70614, 54.405393 ], [ 18.706141, 54.405393 ], [ 18.706142, 54.405392 ], [ 18.707257, 54.404276 ], [ 18.70726, 54.404274 ], [ 18.707265, 54.404272 ], [ 18.70727, 54.404272 ], [ 18.709477, 54.404277 ], [ 18.709482, 54.404278 ], [ 18.709487, 54.404279 ], [ 18.70949, 54.404282 ], [ 18.710585, 54.405399 ], [ 18.710587, 54.405402 ], [ 18.710587, 54.405405 ], [ 18.710585, 54.405408 ], [ 18.709471, 54.406524 ], [ 18.70947, 54.406524 ], [ 18.709471, 54.406525 ], [ 18.710573, 54.40765 ], [ 18.710574, 54.407651 ], [ 18.710575, 54.407651 ], [ 18.71279, 54.407656 ], [ 18.712795, 54.407657 ], [ 18.712799, 54.407658 ], [ 18.712803, 54.407661 ], [ 18.713902, 54.408782 ], [ 18.713903, 54.408782 ], [ 18.713904, 54.408783 ], [ 18.716118, 54.408788 ], [ 18.716124, 54.408788 ], [ 18.716128, 54.40879 ], [ 18.716132, 54.408792 ], [ 18.717231, 54.409914 ], [ 18.717232, 54.409914 ], [ 18.717233, 54.409914 ], [ 18.719455, 54.409919 ], [ 18.719456, 54.409919 ], [ 18.719457, 54.409919 ], [ 18.720572, 54.408803 ], [ 18.720575, 54.4088 ], [ 18.72058, 54.408799 ], [ 18.720585, 54.408798 ], [ 18.722799, 54.408803 ], [ 18.7228, 54.408803 ], [ 18.722801, 54.408803 ], [ 18.723916, 54.407687 ], [ 18.723919, 54.407684 ], [ 18.723924, 54.407683 ], [ 18.723929, 54.407682 ], [ 18.726143, 54.407687 ], [ 18.726145, 54.407687 ], [ 18.726145, 54.407687 ], [ 18.72726, 54.40657 ], [ 18.727263, 54.406568 ], [ 18.727268, 54.406567 ], [ 18.727273, 54.406566 ], [ 18.729487, 54.406571 ], [ 18.729489, 54.406571 ], [ 18.729489, 54.40657 ], [ 18.730604, 54.405454 ], [ 18.730607, 54.405452 ], [ 18.730612, 54.40545 ], [ 18.730617, 54.40545 ], [ 18.732831, 54.405455 ], [ 18.732832, 54.405455 ], [ 18.732833, 54.405454 ], [ 18.733951, 54.404334 ], [ 18.733952, 54.404333 ], [ 18.733951, 54.404333 ], [ 18.732852, 54.403212 ], [ 18.73285, 54.403209 ], [ 18.73285, 54.403206 ], [ 18.732852, 54.403203 ], [ 18.733966, 54.402087 ], [ 18.733966, 54.402086 ], [ 18.733966, 54.402085 ], [ 18.732862, 54.40096 ], [ 18.732862, 54.40096 ], [ 18.73286, 54.40096 ], [ 18.730647, 54.400955 ], [ 18.730641, 54.400954 ], [ 18.730637, 54.400953 ], [ 18.730633, 54.40095 ], [ 18.729534, 54.399829 ], [ 18.729533, 54.399829 ], [ 18.729532, 54.399829 ], [ 18.727318, 54.399824 ], [ 18.727313, 54.399823 ], [ 18.727308, 54.399821 ], [ 18.727305, 54.399819 ], [ 18.726209, 54.398702 ], [ 18.726207, 54.398699 ], [ 18.726207, 54.398696 ], [ 18.726209, 54.398693 ], [ 18.72732, 54.397581 ], [ 18.727323, 54.397578 ], [ 18.727328, 54.397577 ], [ 18.727333, 54.397576 ], [ 18.729547, 54.397581 ], [ 18.729548, 54.397581 ], [ 18.729549, 54.39758 ], [ 18.730663, 54.396464 ], [ 18.730666, 54.396462 ], [ 18.730671, 54.39646 ], [ 18.730676, 54.39646 ], [ 18.73289, 54.396465 ], [ 18.732891, 54.396465 ], [ 18.732892, 54.396464 ], [ 18.734009, 54.395344 ], [ 18.73401, 54.395343 ], [ 18.734009, 54.395343 ], [ 18.73291, 54.394222 ], [ 18.732908, 54.394219 ], [ 18.732908, 54.394216 ], [ 18.73291, 54.394213 ], [ 18.734024, 54.393097 ], [ 18.734024, 54.393096 ], [ 18.734024, 54.393095 ], [ 18.732921, 54.39197 ], [ 18.73292, 54.39197 ], [ 18.732919, 54.39197 ], [ 18.730698, 54.391965 ], [ 18.730697, 54.391965 ], [ 18.730696, 54.391966 ], [ 18.729582, 54.393082 ], [ 18.729578, 54.393084 ], [ 18.729574, 54.393086 ], [ 18.729569, 54.393086 ], [ 18.727363, 54.393081 ], [ 18.727358, 54.393081 ], [ 18.727353, 54.393079 ], [ 18.727349, 54.393077 ], [ 18.72625, 54.391956 ], [ 18.726249, 54.391955 ], [ 18.726248, 54.391955 ], [ 18.724027, 54.39195 ], [ 18.724026, 54.39195 ], [ 18.724025, 54.39195 ], [ 18.722911, 54.393067 ], [ 18.722908, 54.393069 ], [ 18.722903, 54.39307 ], [ 18.722898, 54.393071 ], [ 18.720692, 54.393066 ], [ 18.720687, 54.393065 ], [ 18.720682, 54.393064 ], [ 18.720679, 54.393061 ], [ 18.71958, 54.39194 ], [ 18.719579, 54.39194 ], [ 18.719578, 54.39194 ], [ 18.717364, 54.391934 ], [ 18.717359, 54.391934 ], [ 18.717354, 54.391932 ], [ 18.717351, 54.39193 ], [ 18.716252, 54.390809 ], [ 18.716251, 54.390808 ], [ 18.71625, 54.390808 ], [ 18.714037, 54.390803 ], [ 18.714032, 54.390802 ], [ 18.714027, 54.390801 ], [ 18.714024, 54.390798 ], [ 18.712925, 54.389677 ], [ 18.712924, 54.389677 ], [ 18.712923, 54.389676 ], [ 18.71071, 54.389671 ], [ 18.710704, 54.389671 ], [ 18.7107, 54.389669 ], [ 18.710696, 54.389667 ], [ 18.709601, 54.388549 ], [ 18.709599, 54.388546 ], [ 18.709599, 54.388543 ], [ 18.709601, 54.38854 ], [ 18.710712, 54.387428 ], [ 18.710715, 54.387426 ], [ 18.71072, 54.387424 ], [ 18.710725, 54.387424 ], [ 18.712938, 54.387429 ], [ 18.71294, 54.387429 ], [ 18.71294, 54.387428 ], [ 18.714055, 54.386312 ], [ 18.714058, 54.38631 ], [ 18.714063, 54.386308 ], [ 18.714068, 54.386308 ], [ 18.716274, 54.386313 ], [ 18.716279, 54.386314 ], [ 18.716283, 54.386315 ], [ 18.716287, 54.386318 ], [ 18.717382, 54.387435 ], [ 18.717384, 54.387438 ], [ 18.717384, 54.387441 ], [ 18.717382, 54.387444 ], [ 18.716268, 54.38856 ], [ 18.716267, 54.388561 ], [ 18.716268, 54.388561 ], [ 18.71737, 54.389686 ], [ 18.717371, 54.389687 ], [ 18.717372, 54.389687 ], [ 18.719585, 54.389692 ], [ 18.719591, 54.389693 ], [ 18.719595, 54.389694 ], [ 18.719599, 54.389697 ], [ 18.720698, 54.390818 ], [ 18.720698, 54.390818 ], [ 18.7207, 54.390818 ], [ 18.72292, 54.390824 ], [ 18.722922, 54.390823 ], [ 18.722922, 54.390823 ], [ 18.72404, 54.389703 ], [ 18.724041, 54.389702 ], [ 18.72404, 54.389702 ], [ 18.722941, 54.388581 ], [ 18.72294, 54.388578 ], [ 18.72294, 54.388574 ], [ 18.722941, 54.388572 ], [ 18.724052, 54.387459 ], [ 18.724055, 54.387457 ], [ 18.72406, 54.387455 ], [ 18.724065, 54.387455 ], [ 18.726278, 54.38746 ], [ 18.726279, 54.38746 ], [ 18.72628, 54.387459 ], [ 18.727398, 54.386339 ], [ 18.727398, 54.386339 ], [ 18.727398, 54.386338 ], [ 18.726295, 54.385213 ], [ 18.726294, 54.385213 ], [ 18.726293, 54.385212 ], [ 18.72408, 54.385207 ], [ 18.724075, 54.385207 ], [ 18.72407, 54.385205 ], [ 18.724067, 54.385203 ], [ 18.722968, 54.384082 ], [ 18.722967, 54.384081 ], [ 18.722966, 54.384081 ], [ 18.720753, 54.384076 ], [ 18.720748, 54.384075 ], [ 18.720743, 54.384074 ], [ 18.72074, 54.384071 ], [ 18.719645, 54.382954 ], [ 18.719643, 54.382951 ], [ 18.719643, 54.382948 ], [ 18.719645, 54.382945 ], [ 18.720759, 54.381829 ], [ 18.720759, 54.381828 ], [ 18.720759, 54.381828 ], [ 18.71966, 54.380707 ], [ 18.719658, 54.380704 ], [ 18.719658, 54.380701 ], [ 18.71966, 54.380698 ], [ 18.72077, 54.379585 ], [ 18.720774, 54.379583 ], [ 18.720778, 54.379582 ], [ 18.720784, 54.379581 ], [ 18.722996, 54.379586 ], [ 18.722997, 54.379586 ], [ 18.722998, 54.379585 ], [ 18.724112, 54.378469 ], [ 18.724115, 54.378467 ], [ 18.72412, 54.378465 ], [ 18.724125, 54.378465 ], [ 18.726338, 54.37847 ], [ 18.726339, 54.37847 ], [ 18.72634, 54.378469 ], [ 18.727454, 54.377353 ], [ 18.727457, 54.377351 ], [ 18.727462, 54.377349 ], [ 18.727467, 54.377349 ], [ 18.72968, 54.377354 ], [ 18.729681, 54.377354 ], [ 18.729682, 54.377353 ], [ 18.730795, 54.376237 ], [ 18.730799, 54.376235 ], [ 18.730803, 54.376233 ], [ 18.730808, 54.376232 ], [ 18.733021, 54.376237 ], [ 18.733022, 54.376237 ], [ 18.733023, 54.376237 ], [ 18.734136, 54.375121 ], [ 18.73414, 54.375118 ], [ 18.734145, 54.375117 ], [ 18.73415, 54.375116 ], [ 18.736355, 54.375121 ], [ 18.73636, 54.375122 ], [ 18.736365, 54.375123 ], [ 18.736368, 54.375125 ], [ 18.737467, 54.376246 ], [ 18.737468, 54.376247 ], [ 18.737469, 54.376247 ], [ 18.739689, 54.376252 ], [ 18.73969, 54.376252 ], [ 18.739691, 54.376251 ], [ 18.740804, 54.375135 ], [ 18.740808, 54.375133 ], [ 18.740812, 54.375131 ], [ 18.740818, 54.375131 ], [ 18.74303, 54.375135 ], [ 18.743031, 54.375135 ], [ 18.743032, 54.375135 ], [ 18.744145, 54.374018 ], [ 18.744149, 54.374016 ], [ 18.744153, 54.374015 ], [ 18.744159, 54.374014 ], [ 18.746363, 54.374019 ], [ 18.746369, 54.374019 ], [ 18.746373, 54.374021 ], [ 18.746377, 54.374023 ], [ 18.747476, 54.375144 ], [ 18.747477, 54.375145 ], [ 18.747478, 54.375145 ], [ 18.749698, 54.375149 ], [ 18.749699, 54.375149 ], [ 18.7497, 54.375149 ], [ 18.750813, 54.374032 ], [ 18.750816, 54.37403 ], [ 18.750821, 54.374028 ], [ 18.750826, 54.374028 ], [ 18.753031, 54.374032 ], [ 18.753036, 54.374033 ], [ 18.753041, 54.374035 ], [ 18.753044, 54.374037 ], [ 18.754144, 54.375158 ], [ 18.754145, 54.375158 ], [ 18.754146, 54.375159 ], [ 18.756366, 54.375163 ], [ 18.756367, 54.375163 ], [ 18.756368, 54.375162 ], [ 18.757481, 54.374046 ], [ 18.757484, 54.374044 ], [ 18.757489, 54.374042 ], [ 18.757494, 54.374042 ], [ 18.759706, 54.374046 ], [ 18.759708, 54.374046 ], [ 18.759708, 54.374045 ], [ 18.760821, 54.372929 ], [ 18.760825, 54.372927 ], [ 18.760829, 54.372925 ], [ 18.760834, 54.372924 ], [ 18.763039, 54.372929 ], [ 18.763044, 54.372929 ], [ 18.763049, 54.372931 ], [ 18.763052, 54.372933 ], [ 18.764152, 54.374054 ], [ 18.764153, 54.374055 ], [ 18.764154, 54.374055 ], [ 18.766374, 54.374059 ], [ 18.766375, 54.374059 ], [ 18.766376, 54.374058 ], [ 18.767489, 54.372942 ], [ 18.767492, 54.37294 ], [ 18.767497, 54.372938 ], [ 18.767502, 54.372937 ], [ 18.769714, 54.372942 ], [ 18.769715, 54.372942 ], [ 18.769716, 54.372941 ], [ 18.770829, 54.371825 ], [ 18.770832, 54.371822 ], [ 18.770837, 54.371821 ], [ 18.770842, 54.37182 ], [ 18.773054, 54.371824 ], [ 18.773055, 54.371824 ], [ 18.773056, 54.371824 ], [ 18.774169, 54.370707 ], [ 18.774172, 54.370705 ], [ 18.774177, 54.370703 ], [ 18.774182, 54.370703 ], [ 18.776386, 54.370707 ], [ 18.776392, 54.370707 ], [ 18.776396, 54.370709 ], [ 18.7764, 54.370711 ], [ 18.777496, 54.371828 ], [ 18.777498, 54.371831 ], [ 18.777498, 54.371834 ], [ 18.777496, 54.371837 ], [ 18.776384, 54.372954 ], [ 18.776383, 54.372954 ], [ 18.776384, 54.372955 ], [ 18.777484, 54.374076 ], [ 18.777486, 54.374078 ], [ 18.777486, 54.374082 ], [ 18.777484, 54.374085 ], [ 18.776372, 54.375201 ], [ 18.776371, 54.375202 ], [ 18.776372, 54.375202 ], [ 18.777476, 54.376327 ], [ 18.777476, 54.376327 ], [ 18.777478, 54.376328 ], [ 18.779698, 54.376332 ], [ 18.779699, 54.376331 ], [ 18.7797, 54.376331 ], [ 18.780816, 54.375211 ], [ 18.780816, 54.37521 ], [ 18.780816, 54.375209 ], [ 18.779715, 54.374089 ], [ 18.779714, 54.374086 ], [ 18.779714, 54.374083 ], [ 18.779715, 54.37408 ], [ 18.780824, 54.372967 ], [ 18.780827, 54.372964 ], [ 18.780832, 54.372963 ], [ 18.780837, 54.372962 ], [ 18.783049, 54.372966 ], [ 18.783051, 54.372966 ], [ 18.783051, 54.372966 ], [ 18.784167, 54.371845 ], [ 18.784168, 54.371845 ], [ 18.784167, 54.371844 ], [ 18.783067, 54.370723 ], [ 18.783065, 54.37072 ], [ 18.783065, 54.370717 ], [ 18.783067, 54.370714 ], [ 18.784175, 54.369602 ], [ 18.784179, 54.369599 ], [ 18.784183, 54.369598 ], [ 18.784189, 54.369597 ], [ 18.786401, 54.369601 ], [ 18.786402, 54.369601 ], [ 18.786403, 54.3696 ], [ 18.787515, 54.368484 ], [ 18.787518, 54.368481 ], [ 18.787523, 54.36848 ], [ 18.787528, 54.368479 ], [ 18.78974, 54.368483 ], [ 18.789741, 54.368483 ], [ 18.789742, 54.368483 ], [ 18.790854, 54.367366 ], [ 18.790857, 54.367363 ], [ 18.790862, 54.367362 ], [ 18.790867, 54.367361 ], [ 18.793071, 54.367365 ], [ 18.793077, 54.367366 ], [ 18.793081, 54.367367 ], [ 18.793085, 54.36737 ], [ 18.794185, 54.36849 ], [ 18.794186, 54.368491 ], [ 18.794187, 54.368491 ], [ 18.796407, 54.368495 ], [ 18.796408, 54.368494 ], [ 18.796409, 54.368494 ], [ 18.79752, 54.367377 ], [ 18.797524, 54.367375 ], [ 18.797528, 54.367373 ], [ 18.797534, 54.367373 ], [ 18.799746, 54.367376 ], [ 18.799747, 54.367376 ], [ 18.799748, 54.367376 ], [ 18.800859, 54.366259 ], [ 18.800863, 54.366257 ], [ 18.800867, 54.366255 ], [ 18.800872, 54.366255 ], [ 18.803084, 54.366258 ], [ 18.803086, 54.366258 ], [ 18.803086, 54.366257 ], [ 18.804198, 54.365141 ], [ 18.804201, 54.365138 ], [ 18.804206, 54.365137 ], [ 18.804211, 54.365136 ], [ 18.806423, 54.36514 ], [ 18.806424, 54.36514 ], [ 18.806425, 54.365139 ], [ 18.807536, 54.364022 ], [ 18.80754, 54.36402 ], [ 18.807544, 54.364018 ], [ 18.807549, 54.364018 ], [ 18.809761, 54.364021 ], [ 18.809762, 54.364021 ], [ 18.809763, 54.364021 ], [ 18.810874, 54.362904 ], [ 18.810878, 54.362901 ], [ 18.810882, 54.3629 ], [ 18.810888, 54.362899 ], [ 18.813099, 54.362903 ], [ 18.813101, 54.362903 ], [ 18.813101, 54.362902 ], [ 18.814212, 54.361785 ], [ 18.814216, 54.361783 ], [ 18.81422, 54.361781 ], [ 18.814226, 54.361781 ], [ 18.816437, 54.361784 ], [ 18.816439, 54.361784 ], [ 18.816439, 54.361783 ], [ 18.81755, 54.360667 ], [ 18.817554, 54.360664 ], [ 18.817558, 54.360663 ], [ 18.817564, 54.360662 ], [ 18.819775, 54.360665 ], [ 18.819776, 54.360665 ], [ 18.819777, 54.360665 ], [ 18.820888, 54.359548 ], [ 18.820891, 54.359545 ], [ 18.820896, 54.359544 ], [ 18.820901, 54.359543 ], [ 18.823113, 54.359547 ], [ 18.823114, 54.359546 ], [ 18.823115, 54.359546 ], [ 18.824225, 54.358429 ], [ 18.824229, 54.358427 ], [ 18.824233, 54.358425 ], [ 18.824239, 54.358424 ], [ 18.826443, 54.358428 ], [ 18.826448, 54.358428 ], [ 18.826453, 54.35843 ], [ 18.826456, 54.358432 ], [ 18.827557, 54.359552 ], [ 18.827558, 54.359553 ], [ 18.827559, 54.359553 ], [ 18.829778, 54.359556 ], [ 18.829779, 54.359556 ], [ 18.82978, 54.359556 ], [ 18.830891, 54.358438 ], [ 18.830894, 54.358436 ], [ 18.830899, 54.358435 ], [ 18.830904, 54.358434 ], [ 18.833115, 54.358437 ], [ 18.833117, 54.358437 ], [ 18.833117, 54.358436 ], [ 18.834228, 54.357319 ], [ 18.834231, 54.357317 ], [ 18.834236, 54.357315 ], [ 18.834241, 54.357315 ], [ 18.836453, 54.357318 ], [ 18.836454, 54.357318 ], [ 18.836455, 54.357317 ], [ 18.837565, 54.3562 ], [ 18.837568, 54.356198 ], [ 18.837573, 54.356196 ], [ 18.837578, 54.356196 ], [ 18.839789, 54.356199 ], [ 18.839791, 54.356198 ], [ 18.839791, 54.356198 ], [ 18.840901, 54.355081 ], [ 18.840905, 54.355078 ], [ 18.84091, 54.355077 ], [ 18.840915, 54.355076 ], [ 18.843126, 54.355079 ], [ 18.843127, 54.355079 ], [ 18.843128, 54.355079 ], [ 18.844238, 54.353961 ], [ 18.844242, 54.353959 ], [ 18.844246, 54.353957 ], [ 18.844251, 54.353957 ], [ 18.846455, 54.35396 ], [ 18.84646, 54.35396 ], [ 18.846465, 54.353962 ], [ 18.846468, 54.353964 ], [ 18.84757, 54.355084 ], [ 18.847571, 54.355085 ], [ 18.847572, 54.355085 ], [ 18.849791, 54.355088 ], [ 18.849792, 54.355088 ], [ 18.849793, 54.355087 ], [ 18.850903, 54.35397 ], [ 18.850906, 54.353967 ], [ 18.850911, 54.353966 ], [ 18.850916, 54.353965 ], [ 18.853127, 54.353968 ], [ 18.853128, 54.353968 ], [ 18.853129, 54.353967 ], [ 18.854239, 54.35285 ], [ 18.854242, 54.352848 ], [ 18.854247, 54.352846 ], [ 18.854252, 54.352846 ], [ 18.856463, 54.352848 ], [ 18.856465, 54.352848 ], [ 18.856465, 54.352848 ], [ 18.857575, 54.35173 ], [ 18.857578, 54.351728 ], [ 18.857583, 54.351726 ], [ 18.857588, 54.351726 ], [ 18.859792, 54.351728 ], [ 18.859797, 54.351729 ], [ 18.859802, 54.351731 ], [ 18.859805, 54.351733 ], [ 18.860907, 54.352853 ], [ 18.860908, 54.352853 ], [ 18.860909, 54.352854 ], [ 18.863128, 54.352856 ], [ 18.863129, 54.352856 ], [ 18.86313, 54.352855 ], [ 18.864239, 54.351738 ], [ 18.864242, 54.351736 ], [ 18.864247, 54.351734 ], [ 18.864252, 54.351734 ], [ 18.866464, 54.351736 ], [ 18.866465, 54.351736 ], [ 18.866466, 54.351735 ], [ 18.867575, 54.350618 ], [ 18.867578, 54.350616 ], [ 18.867583, 54.350614 ], [ 18.867588, 54.350613 ], [ 18.869799, 54.350616 ], [ 18.8698, 54.350616 ], [ 18.869801, 54.350615 ], [ 18.87091, 54.349498 ], [ 18.870914, 54.349495 ], [ 18.870918, 54.349494 ], [ 18.870924, 54.349493 ], [ 18.873127, 54.349496 ], [ 18.873132, 54.349496 ], [ 18.873137, 54.349498 ], [ 18.87314, 54.3495 ], [ 18.874242, 54.35062 ], [ 18.874243, 54.35062 ], [ 18.874244, 54.350621 ], [ 18.876463, 54.350623 ], [ 18.876464, 54.350623 ], [ 18.876465, 54.350622 ], [ 18.877574, 54.349505 ], [ 18.877577, 54.349502 ], [ 18.877582, 54.349501 ], [ 18.877587, 54.3495 ], [ 18.879798, 54.349503 ], [ 18.8798, 54.349502 ], [ 18.8798, 54.349502 ], [ 18.880909, 54.348384 ], [ 18.880913, 54.348382 ], [ 18.880917, 54.34838 ], [ 18.880922, 54.34838 ], [ 18.883126, 54.348382 ], [ 18.883131, 54.348383 ], [ 18.883136, 54.348384 ], [ 18.883139, 54.348387 ], [ 18.884242, 54.349506 ], [ 18.884242, 54.349507 ], [ 18.884244, 54.349507 ], [ 18.886462, 54.349509 ], [ 18.886463, 54.349509 ], [ 18.886464, 54.349508 ], [ 18.887573, 54.348391 ], [ 18.887576, 54.348388 ], [ 18.887581, 54.348387 ], [ 18.887586, 54.348386 ], [ 18.889797, 54.348388 ], [ 18.889798, 54.348388 ], [ 18.889799, 54.348388 ], [ 18.890908, 54.34727 ], [ 18.890911, 54.347268 ], [ 18.890916, 54.347266 ], [ 18.890921, 54.347266 ], [ 18.893124, 54.347268 ], [ 18.89313, 54.347268 ], [ 18.893134, 54.34727 ], [ 18.893138, 54.347272 ], [ 18.89424, 54.348392 ], [ 18.894241, 54.348392 ], [ 18.894242, 54.348392 ], [ 18.896461, 54.348394 ], [ 18.896462, 54.348394 ], [ 18.896463, 54.348394 ], [ 18.897571, 54.347276 ], [ 18.897574, 54.347273 ], [ 18.897579, 54.347272 ], [ 18.897584, 54.347271 ], [ 18.899788, 54.347273 ], [ 18.899793, 54.347274 ], [ 18.899798, 54.347275 ], [ 18.899801, 54.347278 ], [ 18.900904, 54.348397 ], [ 18.900905, 54.348398 ], [ 18.900906, 54.348398 ], [ 18.903124, 54.3484 ], [ 18.903126, 54.3484 ], [ 18.903126, 54.348399 ], [ 18.904234, 54.347281 ], [ 18.904238, 54.347279 ], [ 18.904243, 54.347277 ], [ 18.904248, 54.347277 ], [ 18.906451, 54.347279 ], [ 18.906456, 54.347279 ], [ 18.906461, 54.347281 ], [ 18.906464, 54.347283 ], [ 18.907567, 54.348403 ], [ 18.907568, 54.348403 ], [ 18.907569, 54.348403 ], [ 18.909788, 54.348405 ], [ 18.909789, 54.348405 ], [ 18.90979, 54.348404 ], [ 18.910898, 54.347286 ], [ 18.910901, 54.347284 ], [ 18.910906, 54.347283 ], [ 18.910911, 54.347282 ], [ 18.913115, 54.347284 ], [ 18.91312, 54.347284 ], [ 18.913124, 54.347286 ], [ 18.913128, 54.347288 ], [ 18.914231, 54.348407 ], [ 18.914232, 54.348408 ], [ 18.914233, 54.348408 ], [ 18.916452, 54.34841 ], [ 18.916453, 54.34841 ], [ 18.916454, 54.348409 ], [ 18.917561, 54.347291 ], [ 18.917565, 54.347289 ], [ 18.917569, 54.347287 ], [ 18.917575, 54.347287 ], [ 18.919778, 54.347288 ], [ 18.919783, 54.347289 ], [ 18.919788, 54.34729 ], [ 18.919791, 54.347293 ], [ 18.920895, 54.348412 ], [ 18.920895, 54.348413 ], [ 18.920897, 54.348413 ], [ 18.923108, 54.348414 ], [ 18.923113, 54.348415 ], [ 18.923118, 54.348416 ], [ 18.923121, 54.348419 ], [ 18.924224, 54.349538 ], [ 18.924225, 54.349538 ], [ 18.924226, 54.349539 ], [ 18.926437, 54.34954 ], [ 18.926443, 54.34954 ], [ 18.926447, 54.349542 ], [ 18.926451, 54.349544 ], [ 18.927554, 54.350664 ], [ 18.927555, 54.350664 ], [ 18.927556, 54.350664 ], [ 18.929767, 54.350666 ], [ 18.929773, 54.350666 ], [ 18.929777, 54.350668 ], [ 18.929781, 54.35067 ], [ 18.930884, 54.351789 ], [ 18.930885, 54.35179 ], [ 18.930886, 54.35179 ], [ 18.933098, 54.351791 ], [ 18.933103, 54.351792 ], [ 18.933108, 54.351793 ], [ 18.933111, 54.351796 ], [ 18.934215, 54.352915 ], [ 18.934216, 54.352916 ], [ 18.934217, 54.352916 ], [ 18.936428, 54.352917 ], [ 18.936433, 54.352917 ], [ 18.936438, 54.352919 ], [ 18.936441, 54.352921 ], [ 18.937541, 54.354037 ], [ 18.937543, 54.35404 ], [ 18.937543, 54.354043 ], [ 18.937541, 54.354046 ], [ 18.936438, 54.35516 ], [ 18.936434, 54.355162 ], [ 18.93643, 54.355164 ], [ 18.936425, 54.355164 ], [ 18.934213, 54.355163 ], [ 18.934212, 54.355163 ], [ 18.934211, 54.355164 ], [ 18.9331, 54.356286 ], [ 18.933099, 54.356286 ], [ 18.9331, 54.356287 ], [ 18.934208, 54.35741 ], [ 18.934208, 54.357411 ], [ 18.93421, 54.357411 ], [ 18.936421, 54.357412 ], [ 18.936426, 54.357412 ], [ 18.936431, 54.357414 ], [ 18.936434, 54.357416 ], [ 18.937535, 54.358532 ], [ 18.937536, 54.358535 ], [ 18.937536, 54.358538 ], [ 18.937535, 54.358541 ], [ 18.936427, 54.359659 ], [ 18.936427, 54.359659 ], [ 18.936427, 54.35966 ], [ 18.937535, 54.360783 ], [ 18.937536, 54.360784 ], [ 18.937537, 54.360784 ], [ 18.939749, 54.360785 ], [ 18.939754, 54.360785 ], [ 18.939759, 54.360787 ], [ 18.939762, 54.360789 ], [ 18.940866, 54.361909 ], [ 18.940867, 54.361909 ], [ 18.940868, 54.361909 ], [ 18.94308, 54.36191 ], [ 18.943085, 54.361911 ], [ 18.94309, 54.361912 ], [ 18.943093, 54.361915 ], [ 18.944198, 54.363034 ], [ 18.944198, 54.363034 ], [ 18.9442, 54.363035 ], [ 18.946411, 54.363036 ], [ 18.946417, 54.363036 ], [ 18.946421, 54.363038 ], [ 18.946425, 54.36304 ], [ 18.947529, 54.364159 ], [ 18.94753, 54.36416 ], [ 18.947531, 54.36416 ], [ 18.949751, 54.364161 ], [ 18.949752, 54.364161 ], [ 18.949753, 54.36416 ], [ 18.95086, 54.363042 ], [ 18.950863, 54.36304 ], [ 18.950868, 54.363038 ], [ 18.950873, 54.363037 ], [ 18.953085, 54.363038 ], [ 18.953086, 54.363038 ], [ 18.953087, 54.363038 ], [ 18.954198, 54.361916 ], [ 18.954198, 54.361915 ], [ 18.954198, 54.361914 ], [ 18.953089, 54.360792 ], [ 18.953089, 54.360791 ], [ 18.953087, 54.360791 ], [ 18.950876, 54.36079 ], [ 18.950871, 54.360789 ], [ 18.950866, 54.360788 ], [ 18.950863, 54.360785 ], [ 18.949762, 54.35967 ], [ 18.94976, 54.359667 ], [ 18.94976, 54.359664 ], [ 18.949762, 54.359661 ], [ 18.950869, 54.358543 ], [ 18.950869, 54.358542 ], [ 18.950869, 54.358542 ], [ 18.949765, 54.357423 ], [ 18.949763, 54.35742 ], [ 18.949763, 54.357417 ], [ 18.949765, 54.357414 ], [ 18.950872, 54.356296 ], [ 18.950872, 54.356295 ], [ 18.950872, 54.356294 ], [ 18.949767, 54.355175 ], [ 18.949765, 54.355172 ], [ 18.949765, 54.355169 ], [ 18.949767, 54.355166 ], [ 18.950874, 54.354048 ], [ 18.950875, 54.354047 ], [ 18.950874, 54.354047 ], [ 18.94977, 54.352928 ], [ 18.949768, 54.352925 ], [ 18.949768, 54.352922 ], [ 18.94977, 54.352919 ], [ 18.950877, 54.351801 ], [ 18.950877, 54.3518 ], [ 18.950877, 54.351799 ], [ 18.949769, 54.350676 ], [ 18.949768, 54.350676 ], [ 18.949767, 54.350676 ], [ 18.947556, 54.350675 ], [ 18.947551, 54.350674 ], [ 18.947546, 54.350673 ], [ 18.947543, 54.35067 ], [ 18.946442, 54.349555 ], [ 18.94644, 54.349552 ], [ 18.94644, 54.349549 ], [ 18.946442, 54.349546 ], [ 18.947549, 54.348428 ], [ 18.94755, 54.348427 ], [ 18.947549, 54.348427 ], [ 18.946445, 54.347307 ], [ 18.946443, 54.347305 ], [ 18.946443, 54.347301 ], [ 18.946445, 54.347298 ], [ 18.947552, 54.34618 ], [ 18.947552, 54.34618 ], [ 18.947552, 54.346179 ], [ 18.946448, 54.34506 ], [ 18.946446, 54.345057 ], [ 18.946446, 54.345054 ], [ 18.946448, 54.345051 ], [ 18.947555, 54.343933 ], [ 18.947555, 54.343932 ], [ 18.947555, 54.343931 ], [ 18.946447, 54.342809 ], [ 18.946446, 54.342808 ], [ 18.946445, 54.342808 ], [ 18.944235, 54.342807 ], [ 18.944229, 54.342806 ], [ 18.944225, 54.342805 ], [ 18.944221, 54.342802 ], [ 18.943121, 54.341687 ], [ 18.943119, 54.341684 ], [ 18.943119, 54.341681 ], [ 18.943121, 54.341678 ], [ 18.944228, 54.34056 ], [ 18.944228, 54.340559 ], [ 18.944228, 54.340559 ], [ 18.943124, 54.33944 ], [ 18.943122, 54.339437 ], [ 18.943122, 54.339434 ], [ 18.943124, 54.339431 ], [ 18.944231, 54.338313 ], [ 18.944231, 54.338312 ], [ 18.944231, 54.338311 ], [ 18.943127, 54.337192 ], [ 18.943126, 54.337189 ], [ 18.943126, 54.337186 ], [ 18.943127, 54.337183 ], [ 18.944234, 54.336065 ], [ 18.944235, 54.336064 ], [ 18.944234, 54.336064 ], [ 18.943131, 54.334945 ], [ 18.943129, 54.334942 ], [ 18.943129, 54.334938 ], [ 18.943131, 54.334936 ], [ 18.944237, 54.333817 ], [ 18.944238, 54.333817 ], [ 18.944237, 54.333816 ], [ 18.94313, 54.332693 ], [ 18.943129, 54.332693 ], [ 18.943128, 54.332693 ], [ 18.940918, 54.332691 ], [ 18.940912, 54.332691 ], [ 18.940908, 54.332689 ], [ 18.940904, 54.332687 ], [ 18.939805, 54.331572 ], [ 18.939803, 54.331569 ], [ 18.939803, 54.331566 ], [ 18.939805, 54.331563 ], [ 18.940911, 54.330445 ], [ 18.940912, 54.330444 ], [ 18.940911, 54.330443 ], [ 18.939808, 54.329324 ], [ 18.939806, 54.329321 ], [ 18.939806, 54.329318 ], [ 18.939808, 54.329315 ], [ 18.940915, 54.328197 ], [ 18.940915, 54.328196 ], [ 18.940915, 54.328196 ], [ 18.939811, 54.327077 ], [ 18.939809, 54.327074 ], [ 18.939809, 54.327071 ], [ 18.939811, 54.327068 ], [ 18.940918, 54.32595 ], [ 18.940918, 54.325949 ], [ 18.940918, 54.325948 ], [ 18.939815, 54.324829 ], [ 18.939813, 54.324826 ], [ 18.939813, 54.324823 ], [ 18.939815, 54.32482 ], [ 18.940921, 54.323702 ], [ 18.940921, 54.323701 ], [ 18.940921, 54.323701 ], [ 18.939814, 54.322578 ], [ 18.939813, 54.322577 ], [ 18.939812, 54.322577 ], [ 18.937602, 54.322576 ], [ 18.937597, 54.322575 ], [ 18.937593, 54.322574 ], [ 18.937589, 54.322571 ], [ 18.93649, 54.321456 ], [ 18.936488, 54.321453 ], [ 18.936488, 54.32145 ], [ 18.93649, 54.321447 ], [ 18.937596, 54.320329 ], [ 18.937597, 54.320328 ], [ 18.937596, 54.320328 ], [ 18.936493, 54.319209 ], [ 18.936491, 54.319206 ], [ 18.936491, 54.319202 ], [ 18.936493, 54.3192 ], [ 18.9376, 54.318082 ], [ 18.9376, 54.318081 ], [ 18.9376, 54.31808 ], [ 18.936497, 54.316961 ], [ 18.936495, 54.316958 ], [ 18.936495, 54.316955 ], [ 18.936497, 54.316952 ], [ 18.937603, 54.315834 ], [ 18.937604, 54.315833 ], [ 18.937603, 54.315833 ], [ 18.9365, 54.314713 ], [ 18.936498, 54.314711 ], [ 18.936498, 54.314707 ], [ 18.9365, 54.314704 ], [ 18.937607, 54.313586 ], [ 18.937607, 54.313586 ], [ 18.937607, 54.313585 ], [ 18.936504, 54.312466 ], [ 18.936502, 54.312463 ], [ 18.936502, 54.31246 ], [ 18.936504, 54.312457 ], [ 18.93761, 54.311339 ], [ 18.93761, 54.311338 ], [ 18.93761, 54.311338 ], [ 18.936507, 54.310218 ], [ 18.936505, 54.310215 ], [ 18.936505, 54.310212 ], [ 18.936507, 54.310209 ], [ 18.937613, 54.309091 ], [ 18.937614, 54.309091 ], [ 18.937613, 54.30909 ], [ 18.936511, 54.307971 ], [ 18.936509, 54.307968 ], [ 18.936509, 54.307965 ], [ 18.936511, 54.307962 ], [ 18.937617, 54.306844 ], [ 18.937617, 54.306843 ], [ 18.937617, 54.306842 ], [ 18.936514, 54.305723 ], [ 18.936512, 54.30572 ], [ 18.936512, 54.305717 ], [ 18.936514, 54.305714 ], [ 18.93762, 54.304596 ], [ 18.937621, 54.304596 ], [ 18.93762, 54.304595 ], [ 18.936518, 54.303476 ], [ 18.936516, 54.303473 ], [ 18.936516, 54.30347 ], [ 18.936518, 54.303467 ], [ 18.937623, 54.302349 ], [ 18.937624, 54.302348 ], [ 18.937623, 54.302347 ], [ 18.936521, 54.301228 ], [ 18.936519, 54.301225 ], [ 18.936519, 54.301222 ], [ 18.936521, 54.301219 ], [ 18.937627, 54.300101 ], [ 18.937627, 54.300101 ], [ 18.937627, 54.3001 ], [ 18.936524, 54.298981 ], [ 18.936523, 54.298978 ], [ 18.936523, 54.298975 ], [ 18.936524, 54.298972 ], [ 18.93763, 54.297854 ], [ 18.937631, 54.297853 ], [ 18.93763, 54.297852 ], [ 18.936528, 54.296733 ], [ 18.936526, 54.29673 ], [ 18.936526, 54.296727 ], [ 18.936528, 54.296724 ], [ 18.937634, 54.295606 ], [ 18.937634, 54.295605 ], [ 18.937634, 54.295605 ], [ 18.936531, 54.294486 ], [ 18.93653, 54.294483 ], [ 18.93653, 54.29448 ], [ 18.936531, 54.294477 ], [ 18.937637, 54.293359 ], [ 18.937638, 54.293358 ], [ 18.937637, 54.293357 ], [ 18.936535, 54.292238 ], [ 18.936533, 54.292235 ], [ 18.936533, 54.292232 ], [ 18.936535, 54.292229 ], [ 18.93764, 54.291111 ], [ 18.937641, 54.29111 ], [ 18.93764, 54.29111 ], [ 18.936538, 54.289991 ], [ 18.936536, 54.289988 ], [ 18.936536, 54.289984 ], [ 18.936538, 54.289982 ], [ 18.93764, 54.288867 ], [ 18.937644, 54.288865 ], [ 18.937648, 54.288863 ], [ 18.937653, 54.288863 ], [ 18.939861, 54.288864 ], [ 18.939862, 54.288864 ], [ 18.939863, 54.288863 ], [ 18.940972, 54.287741 ], [ 18.940973, 54.287741 ], [ 18.940972, 54.28774 ], [ 18.93987, 54.286621 ], [ 18.939868, 54.286618 ], [ 18.939868, 54.286615 ], [ 18.93987, 54.286612 ], [ 18.940976, 54.285494 ], [ 18.940976, 54.285493 ], [ 18.940976, 54.285493 ], [ 18.939874, 54.284373 ], [ 18.939872, 54.28437 ], [ 18.939872, 54.284367 ], [ 18.939874, 54.284364 ], [ 18.940979, 54.283246 ], [ 18.940979, 54.283246 ], [ 18.940979, 54.283245 ], [ 18.939877, 54.282126 ], [ 18.939875, 54.282123 ], [ 18.939875, 54.28212 ], [ 18.939877, 54.282117 ], [ 18.940978, 54.281003 ], [ 18.940982, 54.281 ], [ 18.940986, 54.280999 ], [ 18.940992, 54.280998 ], [ 18.943199, 54.280999 ], [ 18.9432, 54.280999 ], [ 18.943201, 54.280998 ], [ 18.94431, 54.279877 ], [ 18.94431, 54.279876 ], [ 18.94431, 54.279875 ], [ 18.943204, 54.278752 ], [ 18.943203, 54.278752 ], [ 18.943202, 54.278752 ], [ 18.940987, 54.278751 ], [ 18.940986, 54.278751 ], [ 18.940985, 54.278751 ], [ 18.93988, 54.279869 ], [ 18.939877, 54.279872 ], [ 18.939872, 54.279873 ], [ 18.939867, 54.279874 ], [ 18.937667, 54.279873 ], [ 18.937662, 54.279872 ], [ 18.937657, 54.279871 ], [ 18.937654, 54.279868 ], [ 18.936552, 54.278749 ], [ 18.936551, 54.278748 ], [ 18.93655, 54.278748 ], [ 18.934335, 54.278747 ], [ 18.934334, 54.278747 ], [ 18.934333, 54.278748 ], [ 18.933228, 54.279866 ], [ 18.933224, 54.279868 ], [ 18.933219, 54.27987 ], [ 18.933214, 54.27987 ], [ 18.931007, 54.279869 ], [ 18.931006, 54.279869 ], [ 18.931005, 54.27987 ], [ 18.929899, 54.280988 ], [ 18.929896, 54.28099 ], [ 18.929891, 54.280992 ], [ 18.929886, 54.280992 ], [ 18.927679, 54.280991 ], [ 18.927677, 54.280991 ], [ 18.927677, 54.280992 ], [ 18.926567, 54.282113 ], [ 18.926567, 54.282114 ], [ 18.926567, 54.282115 ], [ 18.927669, 54.283234 ], [ 18.927671, 54.283237 ], [ 18.927671, 54.28324 ], [ 18.927669, 54.283243 ], [ 18.926567, 54.284357 ], [ 18.926564, 54.284359 ], [ 18.926559, 54.284361 ], [ 18.926554, 54.284361 ], [ 18.924346, 54.28436 ], [ 18.924345, 54.28436 ], [ 18.924344, 54.284361 ], [ 18.923238, 54.285479 ], [ 18.923235, 54.285481 ], [ 18.92323, 54.285483 ], [ 18.923225, 54.285483 ], [ 18.921017, 54.285482 ], [ 18.921016, 54.285482 ], [ 18.921015, 54.285482 ], [ 18.919906, 54.286604 ], [ 18.919905, 54.286605 ], [ 18.919906, 54.286605 ], [ 18.921007, 54.287725 ], [ 18.921009, 54.287728 ], [ 18.921009, 54.287731 ], [ 18.921007, 54.287734 ], [ 18.919901, 54.288852 ], [ 18.919901, 54.288852 ], [ 18.919901, 54.288853 ], [ 18.921003, 54.289972 ], [ 18.921005, 54.289975 ], [ 18.921005, 54.289978 ], [ 18.921003, 54.289981 ], [ 18.919897, 54.291099 ], [ 18.919896, 54.2911 ], [ 18.919897, 54.291101 ], [ 18.920999, 54.29222 ], [ 18.921, 54.292223 ], [ 18.921, 54.292226 ], [ 18.920999, 54.292229 ], [ 18.919896, 54.293343 ], [ 18.919893, 54.293345 ], [ 18.919888, 54.293347 ], [ 18.919883, 54.293347 ], [ 18.917675, 54.293346 ], [ 18.917674, 54.293346 ], [ 18.917673, 54.293347 ], [ 18.916563, 54.294468 ], [ 18.916562, 54.294469 ], [ 18.916563, 54.29447 ], [ 18.917665, 54.295589 ], [ 18.917666, 54.295592 ], [ 18.917666, 54.295595 ], [ 18.917665, 54.295598 ], [ 18.916558, 54.296716 ], [ 18.916558, 54.296716 ], [ 18.916558, 54.296717 ], [ 18.91766, 54.297837 ], [ 18.917662, 54.297839 ], [ 18.917662, 54.297843 ], [ 18.91766, 54.297846 ], [ 18.916554, 54.298963 ], [ 18.916553, 54.298964 ], [ 18.916554, 54.298965 ], [ 18.917656, 54.300084 ], [ 18.917657, 54.300087 ], [ 18.917657, 54.30009 ], [ 18.917656, 54.300093 ], [ 18.916549, 54.301211 ], [ 18.916549, 54.301212 ], [ 18.916549, 54.301212 ], [ 18.917651, 54.302332 ], [ 18.917653, 54.302335 ], [ 18.917653, 54.302338 ], [ 18.917651, 54.302341 ], [ 18.916548, 54.303455 ], [ 18.916545, 54.303457 ], [ 18.91654, 54.303459 ], [ 18.916535, 54.303459 ], [ 18.914327, 54.303458 ], [ 18.914325, 54.303458 ], [ 18.914325, 54.303458 ], [ 18.913214, 54.30458 ], [ 18.913214, 54.304581 ], [ 18.913214, 54.304581 ], [ 18.914316, 54.305701 ], [ 18.914318, 54.305704 ], [ 18.914318, 54.305707 ], [ 18.914316, 54.30571 ], [ 18.913209, 54.306827 ], [ 18.913209, 54.306828 ], [ 18.913209, 54.306829 ], [ 18.914311, 54.307948 ], [ 18.914313, 54.307951 ], [ 18.914313, 54.307954 ], [ 18.914311, 54.307957 ], [ 18.913208, 54.309071 ], [ 18.913205, 54.309073 ], [ 18.9132, 54.309075 ], [ 18.913195, 54.309076 ], [ 18.910986, 54.309074 ], [ 18.910985, 54.309074 ], [ 18.910984, 54.309075 ], [ 18.909874, 54.310196 ], [ 18.909873, 54.310197 ], [ 18.909874, 54.310198 ], [ 18.910976, 54.311317 ], [ 18.910977, 54.31132 ], [ 18.910977, 54.311323 ], [ 18.910976, 54.311326 ], [ 18.909872, 54.31244 ], [ 18.909869, 54.312442 ], [ 18.909864, 54.312444 ], [ 18.909859, 54.312444 ], [ 18.90765, 54.312443 ], [ 18.907649, 54.312443 ], [ 18.907648, 54.312443 ], [ 18.906541, 54.313561 ], [ 18.906538, 54.313564 ], [ 18.906533, 54.313565 ], [ 18.906528, 54.313566 ], [ 18.904326, 54.313564 ], [ 18.904321, 54.313563 ], [ 18.904316, 54.313562 ], [ 18.904313, 54.313559 ], [ 18.903211, 54.31244 ], [ 18.90321, 54.312439 ], [ 18.903209, 54.312439 ], [ 18.900992, 54.312438 ], [ 18.900991, 54.312438 ], [ 18.90099, 54.312438 ], [ 18.899883, 54.313556 ], [ 18.89988, 54.313558 ], [ 18.899875, 54.31356 ], [ 18.89987, 54.31356 ], [ 18.897668, 54.313558 ], [ 18.897663, 54.313558 ], [ 18.897658, 54.313556 ], [ 18.897655, 54.313554 ], [ 18.896553, 54.312434 ], [ 18.896552, 54.312434 ], [ 18.896551, 54.312434 ], [ 18.894334, 54.312432 ], [ 18.894333, 54.312432 ], [ 18.894332, 54.312433 ], [ 18.893225, 54.31355 ], [ 18.893222, 54.313553 ], [ 18.893217, 54.313554 ], [ 18.893212, 54.313555 ], [ 18.89101, 54.313553 ], [ 18.891005, 54.313552 ], [ 18.891, 54.313551 ], [ 18.890997, 54.313548 ], [ 18.889895, 54.312429 ], [ 18.889894, 54.312428 ], [ 18.889893, 54.312428 ], [ 18.887684, 54.312426 ], [ 18.887679, 54.312425 ], [ 18.887674, 54.312424 ], [ 18.887671, 54.312421 ], [ 18.886569, 54.311302 ], [ 18.886569, 54.311301 ], [ 18.886567, 54.311301 ], [ 18.884358, 54.311299 ], [ 18.884353, 54.311298 ], [ 18.884349, 54.311297 ], [ 18.884345, 54.311294 ], [ 18.883244, 54.310175 ], [ 18.883243, 54.310174 ], [ 18.883242, 54.310174 ], [ 18.881033, 54.310172 ], [ 18.881028, 54.310171 ], [ 18.881023, 54.31017 ], [ 18.88102, 54.310167 ], [ 18.879918, 54.309048 ], [ 18.879918, 54.309047 ], [ 18.879916, 54.309047 ], [ 18.8777, 54.309045 ], [ 18.877699, 54.309045 ], [ 18.877698, 54.309046 ], [ 18.87659, 54.310163 ], [ 18.876587, 54.310165 ], [ 18.876582, 54.310167 ], [ 18.876577, 54.310167 ], [ 18.874375, 54.310165 ], [ 18.87437, 54.310165 ], [ 18.874366, 54.310163 ], [ 18.874362, 54.310161 ], [ 18.873261, 54.309041 ], [ 18.87326, 54.30904 ], [ 18.873259, 54.30904 ], [ 18.871043, 54.309038 ], [ 18.871041, 54.309038 ], [ 18.871041, 54.309039 ], [ 18.869933, 54.310156 ], [ 18.869929, 54.310158 ], [ 18.869925, 54.31016 ], [ 18.869919, 54.31016 ], [ 18.86771, 54.310158 ], [ 18.867709, 54.310158 ], [ 18.867708, 54.310159 ], [ 18.8666, 54.311276 ], [ 18.866597, 54.311279 ], [ 18.866592, 54.31128 ], [ 18.866587, 54.311281 ], [ 18.864378, 54.311278 ], [ 18.864377, 54.311278 ], [ 18.864376, 54.311279 ], [ 18.863264, 54.3124 ], [ 18.863264, 54.312401 ], [ 18.863264, 54.312401 ], [ 18.864365, 54.313521 ], [ 18.864367, 54.313524 ], [ 18.864367, 54.313527 ], [ 18.864365, 54.31353 ], [ 18.863257, 54.314647 ], [ 18.863256, 54.314648 ], [ 18.863257, 54.314649 ], [ 18.864357, 54.315769 ], [ 18.864359, 54.315772 ], [ 18.864359, 54.315775 ], [ 18.864357, 54.315778 ], [ 18.863253, 54.316891 ], [ 18.863249, 54.316894 ], [ 18.863245, 54.316895 ], [ 18.86324, 54.316896 ], [ 18.86103, 54.316893 ], [ 18.861029, 54.316893 ], [ 18.861028, 54.316894 ], [ 18.85992, 54.318011 ], [ 18.859916, 54.318014 ], [ 18.859912, 54.318015 ], [ 18.859906, 54.318016 ], [ 18.857697, 54.318013 ], [ 18.857696, 54.318013 ], [ 18.857695, 54.318014 ], [ 18.856583, 54.319135 ], [ 18.856582, 54.319135 ], [ 18.856583, 54.319136 ], [ 18.857684, 54.320256 ], [ 18.857685, 54.320259 ], [ 18.857685, 54.320262 ], [ 18.857684, 54.320265 ], [ 18.856579, 54.321379 ], [ 18.856575, 54.321381 ], [ 18.856571, 54.321382 ], [ 18.856565, 54.321383 ], [ 18.854356, 54.32138 ], [ 18.854355, 54.32138 ], [ 18.854354, 54.321381 ], [ 18.853245, 54.322498 ], [ 18.853242, 54.322501 ], [ 18.853237, 54.322502 ], [ 18.853232, 54.322503 ], [ 18.851022, 54.3225 ], [ 18.851021, 54.3225 ], [ 18.85102, 54.322501 ], [ 18.849911, 54.323618 ], [ 18.849908, 54.32362 ], [ 18.849903, 54.323622 ], [ 18.849898, 54.323622 ], [ 18.847688, 54.32362 ], [ 18.847687, 54.32362 ], [ 18.847686, 54.32362 ], [ 18.846577, 54.324738 ], [ 18.846574, 54.32474 ], [ 18.846569, 54.324741 ], [ 18.846564, 54.324742 ], [ 18.844354, 54.324739 ], [ 18.844353, 54.324739 ], [ 18.844352, 54.32474 ], [ 18.843243, 54.325857 ], [ 18.84324, 54.325859 ], [ 18.843235, 54.325861 ], [ 18.84323, 54.325861 ], [ 18.84102, 54.325859 ], [ 18.841019, 54.325859 ], [ 18.841018, 54.325859 ], [ 18.839909, 54.326976 ], [ 18.839905, 54.326979 ], [ 18.839901, 54.32698 ], [ 18.839895, 54.326981 ], [ 18.837686, 54.326978 ], [ 18.837684, 54.326978 ], [ 18.837684, 54.326979 ], [ 18.83657, 54.3281 ], [ 18.83657, 54.3281 ], [ 18.83657, 54.328101 ], [ 18.837671, 54.329221 ], [ 18.837673, 54.329224 ], [ 18.837673, 54.329227 ], [ 18.837671, 54.32923 ], [ 18.836565, 54.330343 ], [ 18.836562, 54.330346 ], [ 18.836557, 54.330347 ], [ 18.836552, 54.330348 ], [ 18.834342, 54.330345 ], [ 18.834341, 54.330345 ], [ 18.83434, 54.330345 ], [ 18.833227, 54.331466 ], [ 18.833226, 54.331467 ], [ 18.833227, 54.331468 ], [ 18.834327, 54.332588 ], [ 18.834329, 54.332591 ], [ 18.834329, 54.332594 ], [ 18.834327, 54.332597 ], [ 18.833218, 54.333714 ], [ 18.833217, 54.333714 ], [ 18.833218, 54.333715 ], [ 18.834318, 54.334835 ], [ 18.83432, 54.334838 ], [ 18.83432, 54.334841 ], [ 18.834318, 54.334844 ], [ 18.833212, 54.335957 ], [ 18.833209, 54.33596 ], [ 18.833204, 54.335961 ], [ 18.833199, 54.335962 ], [ 18.830989, 54.335959 ], [ 18.830987, 54.335959 ], [ 18.830987, 54.33596 ], [ 18.829873, 54.33708 ], [ 18.829873, 54.337081 ], [ 18.829873, 54.337082 ], [ 18.830974, 54.338202 ], [ 18.830975, 54.338205 ], [ 18.830975, 54.338208 ], [ 18.830974, 54.338211 ], [ 18.829868, 54.339324 ], [ 18.829864, 54.339326 ], [ 18.829859, 54.339328 ], [ 18.829854, 54.339329 ], [ 18.827644, 54.339325 ], [ 18.827643, 54.339326 ], [ 18.827642, 54.339326 ], [ 18.826532, 54.340443 ], [ 18.826528, 54.340445 ], [ 18.826524, 54.340447 ], [ 18.826518, 54.340448 ], [ 18.824308, 54.340444 ], [ 18.824307, 54.340445 ], [ 18.824306, 54.340445 ], [ 18.823196, 54.341562 ], [ 18.823192, 54.341564 ], [ 18.823188, 54.341566 ], [ 18.823182, 54.341567 ], [ 18.820972, 54.341563 ], [ 18.820971, 54.341563 ], [ 18.82097, 54.341564 ], [ 18.81986, 54.342681 ], [ 18.819856, 54.342683 ], [ 18.819852, 54.342685 ], [ 18.819846, 54.342685 ], [ 18.817636, 54.342682 ], [ 18.817634, 54.342682 ], [ 18.817634, 54.342683 ], [ 18.816523, 54.3438 ], [ 18.81652, 54.343802 ], [ 18.816515, 54.343804 ], [ 18.81651, 54.343804 ], [ 18.814299, 54.343801 ], [ 18.814298, 54.343801 ], [ 18.814297, 54.343801 ], [ 18.813187, 54.344918 ], [ 18.813183, 54.344921 ], [ 18.813179, 54.344922 ], [ 18.813173, 54.344923 ], [ 18.81097, 54.344919 ], [ 18.810965, 54.344919 ], [ 18.81096, 54.344917 ], [ 18.810957, 54.344915 ], [ 18.809857, 54.343794 ], [ 18.809856, 54.343794 ], [ 18.809855, 54.343794 ], [ 18.807636, 54.34379 ], [ 18.807635, 54.34379 ], [ 18.807634, 54.343791 ], [ 18.806524, 54.344908 ], [ 18.80652, 54.34491 ], [ 18.806516, 54.344912 ], [ 18.80651, 54.344912 ], [ 18.804307, 54.344909 ], [ 18.804302, 54.344908 ], [ 18.804297, 54.344907 ], [ 18.804294, 54.344904 ], [ 18.803194, 54.343784 ], [ 18.803193, 54.343783 ], [ 18.803192, 54.343783 ], [ 18.800974, 54.343779 ], [ 18.800972, 54.34378 ], [ 18.800972, 54.34378 ], [ 18.799861, 54.344897 ], [ 18.799857, 54.344899 ], [ 18.799853, 54.344901 ], [ 18.799847, 54.344901 ], [ 18.797637, 54.344898 ], [ 18.797635, 54.344898 ], [ 18.797635, 54.344898 ], [ 18.796524, 54.346015 ], [ 18.79652, 54.346017 ], [ 18.796516, 54.346019 ], [ 18.79651, 54.34602 ], [ 18.794307, 54.346016 ], [ 18.794302, 54.346015 ], [ 18.794297, 54.346014 ], [ 18.794294, 54.346011 ], [ 18.793198, 54.344895 ], [ 18.793196, 54.344892 ], [ 18.793196, 54.344889 ], [ 18.793198, 54.344886 ], [ 18.794309, 54.343769 ], [ 18.794309, 54.343768 ], [ 18.794309, 54.343768 ], [ 18.793205, 54.342643 ], [ 18.793204, 54.342643 ], [ 18.793203, 54.342643 ], [ 18.790993, 54.342639 ], [ 18.790987, 54.342638 ], [ 18.790983, 54.342637 ], [ 18.790979, 54.342634 ], [ 18.78988, 54.341514 ], [ 18.789879, 54.341513 ], [ 18.789878, 54.341513 ], [ 18.787667, 54.341509 ], [ 18.787662, 54.341509 ], [ 18.787657, 54.341507 ], [ 18.787654, 54.341505 ], [ 18.786554, 54.340384 ], [ 18.786553, 54.340384 ], [ 18.786552, 54.340384 ], [ 18.784342, 54.34038 ], [ 18.784336, 54.340379 ], [ 18.784332, 54.340377 ], [ 18.784328, 54.340375 ], [ 18.783229, 54.339255 ], [ 18.783228, 54.339254 ], [ 18.783227, 54.339254 ], [ 18.781016, 54.33925 ], [ 18.781011, 54.339249 ], [ 18.781007, 54.339248 ], [ 18.781003, 54.339245 ], [ 18.779904, 54.338125 ], [ 18.779903, 54.338124 ], [ 18.779902, 54.338124 ], [ 18.777691, 54.33812 ], [ 18.777686, 54.338119 ], [ 18.777682, 54.338118 ], [ 18.777678, 54.338115 ], [ 18.776583, 54.336999 ], [ 18.776581, 54.336996 ], [ 18.776581, 54.336993 ], [ 18.776583, 54.33699 ], [ 18.777694, 54.335873 ], [ 18.777694, 54.335872 ], [ 18.777694, 54.335872 ], [ 18.776591, 54.334747 ], [ 18.77659, 54.334747 ], [ 18.776589, 54.334747 ], [ 18.774371, 54.334743 ], [ 18.77437, 54.334743 ], [ 18.774369, 54.334743 ], [ 18.773258, 54.33586 ], [ 18.773255, 54.335862 ], [ 18.77325, 54.335864 ], [ 18.773245, 54.335864 ], [ 18.771042, 54.33586 ], [ 18.771037, 54.335859 ], [ 18.771032, 54.335858 ], [ 18.771029, 54.335856 ], [ 18.76993, 54.334735 ], [ 18.769929, 54.334734 ], [ 18.769928, 54.334734 ], [ 18.767718, 54.33473 ], [ 18.767712, 54.334729 ], [ 18.767708, 54.334728 ], [ 18.767704, 54.334725 ], [ 18.766609, 54.333608 ], [ 18.766607, 54.333606 ], [ 18.766607, 54.333602 ], [ 18.766609, 54.3336 ], [ 18.767721, 54.332483 ], [ 18.767721, 54.332482 ], [ 18.767721, 54.332482 ], [ 18.766618, 54.331357 ], [ 18.766617, 54.331357 ], [ 18.766616, 54.331356 ], [ 18.764399, 54.331352 ], [ 18.764397, 54.331352 ], [ 18.764397, 54.331353 ], [ 18.763285, 54.332469 ], [ 18.763282, 54.332472 ], [ 18.763277, 54.332473 ], [ 18.763272, 54.332474 ], [ 18.761062, 54.332469 ], [ 18.76106, 54.332469 ], [ 18.76106, 54.33247 ], [ 18.759948, 54.333586 ], [ 18.759945, 54.333589 ], [ 18.75994, 54.33359 ], [ 18.759935, 54.333591 ], [ 18.757732, 54.333587 ], [ 18.757727, 54.333586 ], [ 18.757722, 54.333584 ], [ 18.757719, 54.333582 ], [ 18.75662, 54.332461 ], [ 18.75662, 54.332461 ], [ 18.756618, 54.33246 ], [ 18.754401, 54.332456 ], [ 18.754399, 54.332456 ], [ 18.754399, 54.332457 ], [ 18.753287, 54.333573 ], [ 18.753284, 54.333575 ], [ 18.753279, 54.333577 ], [ 18.753274, 54.333577 ], [ 18.751063, 54.333573 ], [ 18.751062, 54.333573 ], [ 18.751061, 54.333574 ], [ 18.74995, 54.33469 ], [ 18.749946, 54.334692 ], [ 18.749941, 54.334694 ], [ 18.749936, 54.334694 ], [ 18.747726, 54.33469 ], [ 18.747725, 54.33469 ], [ 18.747724, 54.33469 ], [ 18.746608, 54.335811 ], [ 18.746608, 54.335811 ], [ 18.746608, 54.335812 ], [ 18.747706, 54.336933 ], [ 18.747708, 54.336936 ], [ 18.747708, 54.336939 ], [ 18.747706, 54.336942 ], [ 18.746598, 54.338054 ], [ 18.746595, 54.338057 ], [ 18.74659, 54.338058 ], [ 18.746585, 54.338059 ], [ 18.744374, 54.338054 ], [ 18.744373, 54.338054 ], [ 18.744372, 54.338055 ], [ 18.74326, 54.339171 ], [ 18.743257, 54.339173 ], [ 18.743252, 54.339175 ], [ 18.743247, 54.339175 ], [ 18.741036, 54.339171 ], [ 18.741035, 54.339171 ], [ 18.741034, 54.339171 ], [ 18.739922, 54.340288 ], [ 18.739919, 54.34029 ], [ 18.739914, 54.340291 ], [ 18.739909, 54.340292 ], [ 18.737706, 54.340287 ], [ 18.7377, 54.340287 ], [ 18.737696, 54.340285 ], [ 18.737692, 54.340283 ], [ 18.736594, 54.339162 ], [ 18.736594, 54.339161 ], [ 18.736592, 54.339161 ], [ 18.734374, 54.339156 ], [ 18.734373, 54.339156 ], [ 18.734372, 54.339157 ], [ 18.73326, 54.340273 ], [ 18.733256, 54.340275 ], [ 18.733252, 54.340277 ], [ 18.733246, 54.340277 ], [ 18.731043, 54.340273 ], [ 18.731038, 54.340272 ], [ 18.731034, 54.34027 ], [ 18.73103, 54.340268 ], [ 18.729932, 54.339147 ], [ 18.729931, 54.339146 ], [ 18.72993, 54.339146 ], [ 18.72772, 54.339141 ], [ 18.727715, 54.339141 ], [ 18.72771, 54.339139 ], [ 18.727706, 54.339137 ], [ 18.726612, 54.33802 ], [ 18.726611, 54.338017 ], [ 18.726611, 54.338014 ], [ 18.726612, 54.338011 ], [ 18.727725, 54.336895 ], [ 18.727726, 54.336894 ], [ 18.727725, 54.336893 ], [ 18.726624, 54.335768 ], [ 18.726623, 54.335768 ], [ 18.726622, 54.335768 ], [ 18.724411, 54.335763 ], [ 18.724406, 54.335762 ], [ 18.724401, 54.33576 ], [ 18.724398, 54.335758 ], [ 18.723304, 54.334641 ], [ 18.723302, 54.334638 ], [ 18.723302, 54.334635 ], [ 18.723304, 54.334632 ], [ 18.724417, 54.333516 ], [ 18.724417, 54.333515 ], [ 18.724417, 54.333514 ], [ 18.723315, 54.332389 ], [ 18.723315, 54.332389 ], [ 18.723313, 54.332389 ], [ 18.721103, 54.332384 ], [ 18.721098, 54.332383 ], [ 18.721093, 54.332382 ], [ 18.72109, 54.332379 ], [ 18.719996, 54.331262 ], [ 18.719995, 54.331259 ], [ 18.719995, 54.331256 ], [ 18.719996, 54.331253 ], [ 18.721109, 54.330137 ], [ 18.721109, 54.330136 ], [ 18.721109, 54.330135 ], [ 18.720012, 54.329014 ], [ 18.72001, 54.329011 ], [ 18.72001, 54.329008 ], [ 18.720012, 54.329005 ], [ 18.721124, 54.327889 ], [ 18.721125, 54.327889 ], [ 18.721124, 54.327888 ], [ 18.720023, 54.326763 ], [ 18.720022, 54.326762 ], [ 18.720021, 54.326762 ], [ 18.717811, 54.326757 ], [ 18.717806, 54.326757 ], [ 18.717801, 54.326755 ], [ 18.717798, 54.326753 ], [ 18.716705, 54.325635 ], [ 18.716703, 54.325632 ], [ 18.716703, 54.325629 ], [ 18.716705, 54.325626 ], [ 18.717817, 54.32451 ], [ 18.717818, 54.32451 ], [ 18.717817, 54.324509 ], [ 18.716716, 54.323384 ], [ 18.716715, 54.323383 ], [ 18.716714, 54.323383 ], [ 18.714505, 54.323378 ], [ 18.714499, 54.323377 ], [ 18.714495, 54.323376 ], [ 18.714491, 54.323374 ], [ 18.713398, 54.322256 ], [ 18.713396, 54.322253 ], [ 18.713396, 54.32225 ], [ 18.713398, 54.322247 ], [ 18.714511, 54.321131 ], [ 18.714511, 54.321131 ], [ 18.714511, 54.32113 ], [ 18.713414, 54.320009 ], [ 18.713412, 54.320006 ], [ 18.713412, 54.320003 ], [ 18.713414, 54.32 ], [ 18.714526, 54.318884 ], [ 18.714527, 54.318883 ], [ 18.714526, 54.318882 ], [ 18.713426, 54.317757 ], [ 18.713425, 54.317757 ], [ 18.713424, 54.317757 ], [ 18.711214, 54.317751 ], [ 18.711209, 54.317751 ], [ 18.711204, 54.317749 ], [ 18.711201, 54.317747 ], [ 18.710108, 54.316629 ], [ 18.710106, 54.316626 ], [ 18.710106, 54.316623 ], [ 18.710108, 54.31662 ], [ 18.71122, 54.315505 ], [ 18.711221, 54.315504 ], [ 18.71122, 54.315503 ], [ 18.71012, 54.314378 ], [ 18.710119, 54.314378 ], [ 18.710118, 54.314377 ], [ 18.707909, 54.314372 ], [ 18.707904, 54.314372 ], [ 18.707899, 54.31437 ], [ 18.707896, 54.314368 ], [ 18.706803, 54.31325 ], [ 18.706801, 54.313247 ], [ 18.706801, 54.313244 ], [ 18.706803, 54.313241 ], [ 18.707915, 54.312125 ], [ 18.707916, 54.312125 ], [ 18.707915, 54.312124 ], [ 18.706815, 54.310999 ], [ 18.706814, 54.310998 ], [ 18.706813, 54.310998 ], [ 18.704596, 54.310993 ], [ 18.704595, 54.310993 ], [ 18.704594, 54.310993 ], [ 18.703482, 54.312109 ], [ 18.703478, 54.312112 ], [ 18.703474, 54.312113 ], [ 18.703469, 54.312114 ], [ 18.70126, 54.312108 ], [ 18.701258, 54.312108 ], [ 18.701258, 54.312109 ], [ 18.700145, 54.313225 ], [ 18.700141, 54.313227 ], [ 18.700137, 54.313229 ], [ 18.700132, 54.313229 ], [ 18.697922, 54.313224 ], [ 18.697921, 54.313224 ], [ 18.69792, 54.313224 ], [ 18.696808, 54.31434 ], [ 18.696804, 54.314343 ], [ 18.6968, 54.314344 ], [ 18.696794, 54.314345 ], [ 18.694593, 54.314339 ], [ 18.694588, 54.314339 ], [ 18.694583, 54.314337 ], [ 18.694579, 54.314335 ], [ 18.693483, 54.313213 ], [ 18.693482, 54.313213 ], [ 18.693481, 54.313213 ], [ 18.691272, 54.313207 ], [ 18.691267, 54.313206 ], [ 18.691262, 54.313205 ], [ 18.691259, 54.313202 ], [ 18.690166, 54.312085 ], [ 18.690165, 54.312082 ], [ 18.690165, 54.312079 ], [ 18.690167, 54.312076 ], [ 18.691279, 54.31096 ], [ 18.69128, 54.310959 ], [ 18.691279, 54.310959 ], [ 18.690183, 54.309837 ], [ 18.690182, 54.309834 ], [ 18.690182, 54.309831 ], [ 18.690183, 54.309828 ], [ 18.691296, 54.308713 ], [ 18.691297, 54.308712 ], [ 18.691296, 54.308711 ], [ 18.6902, 54.30759 ], [ 18.690198, 54.307587 ], [ 18.690198, 54.307584 ], [ 18.6902, 54.307581 ], [ 18.691313, 54.306465 ], [ 18.691313, 54.306464 ], [ 18.691313, 54.306464 ], [ 18.690217, 54.305342 ], [ 18.690215, 54.305339 ], [ 18.690215, 54.305336 ], [ 18.690217, 54.305333 ], [ 18.69133, 54.304218 ], [ 18.69133, 54.304217 ], [ 18.69133, 54.304216 ], [ 18.690234, 54.303095 ], [ 18.690232, 54.303092 ], [ 18.690232, 54.303089 ], [ 18.690234, 54.303086 ], [ 18.691347, 54.30197 ], [ 18.691347, 54.301969 ], [ 18.691347, 54.301969 ], [ 18.690247, 54.300843 ], [ 18.690246, 54.300843 ], [ 18.690245, 54.300843 ], [ 18.688037, 54.300837 ], [ 18.688031, 54.300836 ], [ 18.688027, 54.300835 ], [ 18.688023, 54.300833 ], [ 18.686928, 54.299711 ], [ 18.686927, 54.299711 ], [ 18.686926, 54.29971 ], [ 18.684717, 54.299705 ], [ 18.684712, 54.299704 ], [ 18.684708, 54.299703 ], [ 18.684704, 54.2997 ], [ 18.683609, 54.298579 ], [ 18.683608, 54.298578 ], [ 18.683607, 54.298578 ], [ 18.681398, 54.298572 ], [ 18.681393, 54.298572 ], [ 18.681388, 54.29857 ], [ 18.681385, 54.298568 ], [ 18.680289, 54.297446 ], [ 18.680289, 54.297446 ], [ 18.680287, 54.297445 ], [ 18.678079, 54.29744 ], [ 18.678074, 54.297439 ], [ 18.678069, 54.297437 ], [ 18.678066, 54.297435 ], [ 18.676971, 54.296313 ], [ 18.67697, 54.296313 ], [ 18.676969, 54.296313 ], [ 18.67476, 54.296307 ], [ 18.674755, 54.296306 ], [ 18.674751, 54.296305 ], [ 18.674747, 54.296302 ], [ 18.673652, 54.295181 ], [ 18.673651, 54.29518 ], [ 18.67365, 54.29518 ], [ 18.671434, 54.295174 ], [ 18.671433, 54.295174 ], [ 18.671432, 54.295175 ], [ 18.670319, 54.29629 ], [ 18.670316, 54.296293 ], [ 18.670311, 54.296294 ], [ 18.670306, 54.296295 ], [ 18.668105, 54.296289 ], [ 18.6681, 54.296288 ], [ 18.668096, 54.296287 ], [ 18.668092, 54.296284 ], [ 18.666997, 54.295163 ], [ 18.666996, 54.295162 ], [ 18.666995, 54.295162 ], [ 18.664787, 54.295156 ], [ 18.664782, 54.295155 ], [ 18.664777, 54.295154 ], [ 18.664774, 54.295151 ], [ 18.663679, 54.29403 ], [ 18.663678, 54.294029 ], [ 18.663677, 54.294029 ], [ 18.661469, 54.294023 ], [ 18.661463, 54.294022 ], [ 18.661459, 54.294021 ], [ 18.661455, 54.294018 ], [ 18.660361, 54.292897 ], [ 18.66036, 54.292896 ], [ 18.660359, 54.292896 ], [ 18.658151, 54.29289 ], [ 18.658145, 54.292889 ], [ 18.658141, 54.292887 ], [ 18.658137, 54.292885 ], [ 18.657043, 54.291763 ], [ 18.657042, 54.291763 ], [ 18.657041, 54.291763 ], [ 18.654833, 54.291756 ], [ 18.654828, 54.291756 ], [ 18.654823, 54.291754 ], [ 18.654819, 54.291752 ], [ 18.653725, 54.29063 ], [ 18.653724, 54.29063 ], [ 18.653723, 54.290629 ], [ 18.651508, 54.290623 ], [ 18.651506, 54.290623 ], [ 18.651506, 54.290624 ], [ 18.650392, 54.291739 ], [ 18.650389, 54.291741 ], [ 18.650384, 54.291743 ], [ 18.650379, 54.291744 ], [ 18.648178, 54.291737 ], [ 18.648173, 54.291737 ], [ 18.648169, 54.291735 ], [ 18.648165, 54.291733 ], [ 18.647071, 54.290611 ], [ 18.64707, 54.29061 ], [ 18.647069, 54.29061 ], [ 18.644861, 54.290604 ], [ 18.644856, 54.290603 ], [ 18.644851, 54.290602 ], [ 18.644848, 54.290599 ], [ 18.643753, 54.289477 ], [ 18.643753, 54.289477 ], [ 18.643751, 54.289477 ], [ 18.641544, 54.28947 ], [ 18.641538, 54.28947 ], [ 18.641534, 54.289468 ], [ 18.64153, 54.289466 ], [ 18.64044, 54.288347 ], [ 18.640438, 54.288345 ], [ 18.640438, 54.288341 ], [ 18.64044, 54.288339 ], [ 18.64155, 54.287227 ], [ 18.641553, 54.287225 ], [ 18.641558, 54.287223 ], [ 18.641563, 54.287223 ], [ 18.643771, 54.287229 ], [ 18.643772, 54.287229 ], [ 18.643773, 54.287228 ], [ 18.64489, 54.286109 ], [ 18.64489, 54.286109 ], [ 18.64489, 54.286108 ], [ 18.643796, 54.284986 ], [ 18.643794, 54.284983 ], [ 18.643794, 54.28498 ], [ 18.643796, 54.284977 ], [ 18.644909, 54.283862 ], [ 18.64491, 54.283861 ], [ 18.644909, 54.28386 ], [ 18.643815, 54.282739 ], [ 18.643813, 54.282736 ], [ 18.643813, 54.282733 ], [ 18.643815, 54.28273 ], [ 18.644929, 54.281614 ], [ 18.644929, 54.281614 ], [ 18.644929, 54.281613 ], [ 18.643835, 54.280491 ], [ 18.643833, 54.280488 ], [ 18.643833, 54.280485 ], [ 18.643835, 54.280482 ], [ 18.644948, 54.279367 ], [ 18.644948, 54.279366 ], [ 18.644948, 54.279365 ], [ 18.64385, 54.27824 ], [ 18.64385, 54.278239 ], [ 18.643848, 54.278239 ], [ 18.641641, 54.278233 ], [ 18.641636, 54.278232 ], [ 18.641631, 54.27823 ], [ 18.641628, 54.278228 ], [ 18.640538, 54.27711 ], [ 18.640536, 54.277107 ], [ 18.640536, 54.277104 ], [ 18.640538, 54.277101 ], [ 18.641651, 54.275986 ], [ 18.641651, 54.275985 ], [ 18.641651, 54.275984 ], [ 18.640554, 54.274859 ], [ 18.640553, 54.274858 ], [ 18.640552, 54.274858 ], [ 18.638345, 54.274851 ], [ 18.638339, 54.274851 ], [ 18.638335, 54.274849 ], [ 18.638331, 54.274847 ], [ 18.637238, 54.273725 ], [ 18.637237, 54.273724 ], [ 18.637236, 54.273724 ], [ 18.635021, 54.273718 ], [ 18.63502, 54.273718 ], [ 18.635019, 54.273718 ], [ 18.633906, 54.274833 ], [ 18.633902, 54.274836 ], [ 18.633898, 54.274837 ], [ 18.633892, 54.274838 ], [ 18.631685, 54.274831 ], [ 18.631684, 54.274831 ], [ 18.631683, 54.274832 ], [ 18.63057, 54.275947 ], [ 18.630566, 54.275949 ], [ 18.630562, 54.275951 ], [ 18.630557, 54.275952 ], [ 18.628349, 54.275945 ], [ 18.628348, 54.275945 ], [ 18.628347, 54.275945 ], [ 18.627234, 54.277061 ], [ 18.62723, 54.277063 ], [ 18.627226, 54.277065 ], [ 18.62722, 54.277065 ], [ 18.625021, 54.277058 ], [ 18.625016, 54.277058 ], [ 18.625011, 54.277056 ], [ 18.625008, 54.277054 ], [ 18.623914, 54.275932 ], [ 18.623913, 54.275931 ], [ 18.623912, 54.275931 ], [ 18.621698, 54.275924 ], [ 18.621696, 54.275924 ], [ 18.621696, 54.275925 ], [ 18.620582, 54.27704 ], [ 18.620578, 54.277042 ], [ 18.620574, 54.277044 ], [ 18.620569, 54.277044 ], [ 18.618369, 54.277037 ], [ 18.618364, 54.277037 ], [ 18.618359, 54.277035 ], [ 18.618356, 54.277033 ], [ 18.617262, 54.275911 ], [ 18.617262, 54.27591 ], [ 18.61726, 54.27591 ], [ 18.615046, 54.275903 ], [ 18.615045, 54.275903 ], [ 18.615044, 54.275904 ], [ 18.61393, 54.277019 ], [ 18.613926, 54.277021 ], [ 18.613922, 54.277023 ], [ 18.613917, 54.277023 ], [ 18.611709, 54.277016 ], [ 18.611708, 54.277016 ], [ 18.611707, 54.277017 ], [ 18.610593, 54.278132 ], [ 18.61059, 54.278134 ], [ 18.610585, 54.278136 ], [ 18.61058, 54.278136 ], [ 18.60838, 54.278129 ], [ 18.608375, 54.278129 ], [ 18.60837, 54.278127 ], [ 18.608367, 54.278125 ], [ 18.607274, 54.277002 ], [ 18.607273, 54.277002 ], [ 18.607272, 54.277002 ], [ 18.605057, 54.276995 ], [ 18.605056, 54.276995 ], [ 18.605055, 54.276995 ], [ 18.603941, 54.27811 ], [ 18.603938, 54.278113 ], [ 18.603933, 54.278114 ], [ 18.603928, 54.278115 ], [ 18.601721, 54.278107 ], [ 18.601719, 54.278107 ], [ 18.601719, 54.278108 ], [ 18.6006, 54.279227 ], [ 18.6006, 54.279227 ], [ 18.6006, 54.279228 ], [ 18.601697, 54.280354 ], [ 18.601698, 54.280355 ], [ 18.601699, 54.280355 ], [ 18.603906, 54.280362 ], [ 18.603912, 54.280363 ], [ 18.603916, 54.280364 ], [ 18.60392, 54.280367 ], [ 18.605009, 54.281485 ], [ 18.605011, 54.281488 ], [ 18.605011, 54.281491 ], [ 18.605009, 54.281494 ], [ 18.603898, 54.282605 ], [ 18.603895, 54.282608 ], [ 18.60389, 54.282609 ], [ 18.603885, 54.28261 ], [ 18.601677, 54.282602 ], [ 18.601676, 54.282602 ], [ 18.601675, 54.282603 ], [ 18.600561, 54.283718 ], [ 18.600557, 54.28372 ], [ 18.600553, 54.283722 ], [ 18.600547, 54.283722 ], [ 18.59834, 54.283715 ], [ 18.598339, 54.283715 ], [ 18.598338, 54.283716 ], [ 18.597223, 54.284831 ], [ 18.59722, 54.284833 ], [ 18.597215, 54.284835 ], [ 18.59721, 54.284835 ], [ 18.595002, 54.284828 ], [ 18.595001, 54.284828 ], [ 18.595, 54.284828 ], [ 18.593882, 54.285947 ], [ 18.593881, 54.285948 ], [ 18.593882, 54.285948 ], [ 18.594978, 54.287074 ], [ 18.594979, 54.287075 ], [ 18.59498, 54.287075 ], [ 18.597188, 54.287083 ], [ 18.597193, 54.287083 ], [ 18.597198, 54.287085 ], [ 18.597201, 54.287087 ], [ 18.598294, 54.288209 ], [ 18.598295, 54.28821 ], [ 18.598296, 54.28821 ], [ 18.600504, 54.288217 ], [ 18.600509, 54.288218 ], [ 18.600514, 54.288219 ], [ 18.600517, 54.288222 ], [ 18.60161, 54.289344 ], [ 18.601611, 54.289345 ], [ 18.601612, 54.289345 ], [ 18.60382, 54.289352 ], [ 18.603825, 54.289353 ], [ 18.60383, 54.289354 ], [ 18.603833, 54.289357 ], [ 18.604926, 54.290479 ], [ 18.604927, 54.290479 ], [ 18.604928, 54.290479 ], [ 18.607136, 54.290487 ], [ 18.607142, 54.290487 ], [ 18.607146, 54.290489 ], [ 18.60715, 54.290491 ], [ 18.608239, 54.29161 ], [ 18.608241, 54.291612 ], [ 18.608241, 54.291616 ], [ 18.608239, 54.291619 ], [ 18.607128, 54.29273 ], [ 18.607125, 54.292732 ], [ 18.60712, 54.292734 ], [ 18.607115, 54.292734 ], [ 18.604907, 54.292727 ], [ 18.604906, 54.292727 ], [ 18.604905, 54.292728 ], [ 18.603786, 54.293846 ], [ 18.603786, 54.293847 ], [ 18.603786, 54.293848 ], [ 18.60488, 54.29497 ], [ 18.604882, 54.294973 ], [ 18.604881, 54.294976 ], [ 18.60488, 54.294979 ], [ 18.603765, 54.296094 ], [ 18.603764, 54.296095 ], [ 18.603765, 54.296095 ], [ 18.604858, 54.297217 ], [ 18.60486, 54.29722 ], [ 18.60486, 54.297223 ], [ 18.604858, 54.297226 ], [ 18.603747, 54.298338 ], [ 18.603744, 54.29834 ], [ 18.603739, 54.298341 ], [ 18.603734, 54.298342 ], [ 18.601525, 54.298335 ], [ 18.601524, 54.298335 ], [ 18.601523, 54.298335 ], [ 18.600405, 54.299454 ], [ 18.600404, 54.299455 ], [ 18.600405, 54.299455 ], [ 18.601498, 54.300578 ], [ 18.6015, 54.300581 ], [ 18.6015, 54.300584 ], [ 18.601498, 54.300587 ], [ 18.600387, 54.301698 ], [ 18.600383, 54.3017 ], [ 18.600379, 54.301702 ], [ 18.600373, 54.301702 ], [ 18.598165, 54.301695 ], [ 18.598164, 54.301695 ], [ 18.598163, 54.301696 ], [ 18.597048, 54.30281 ], [ 18.597044, 54.302813 ], [ 18.59704, 54.302814 ], [ 18.597034, 54.302815 ], [ 18.594826, 54.302808 ], [ 18.594825, 54.302808 ], [ 18.594824, 54.302808 ], [ 18.593709, 54.303923 ], [ 18.593705, 54.303925 ], [ 18.593701, 54.303927 ], [ 18.593695, 54.303928 ], [ 18.591494, 54.30392 ], [ 18.591489, 54.30392 ], [ 18.591484, 54.303918 ], [ 18.591481, 54.303916 ], [ 18.590388, 54.302793 ], [ 18.590387, 54.302793 ], [ 18.590386, 54.302793 ], [ 18.588177, 54.302785 ], [ 18.588172, 54.302784 ], [ 18.588168, 54.302783 ], [ 18.588164, 54.30278 ], [ 18.587071, 54.301658 ], [ 18.58707, 54.301658 ], [ 18.587069, 54.301657 ], [ 18.584861, 54.30165 ], [ 18.584855, 54.301649 ], [ 18.584851, 54.301648 ], [ 18.584847, 54.301645 ], [ 18.583754, 54.300523 ], [ 18.583754, 54.300522 ], [ 18.583752, 54.300522 ], [ 18.581537, 54.300515 ], [ 18.581535, 54.300515 ], [ 18.581535, 54.300515 ], [ 18.580419, 54.30163 ], [ 18.580416, 54.301632 ], [ 18.580411, 54.301634 ], [ 18.580406, 54.301634 ], [ 18.578197, 54.301627 ], [ 18.578196, 54.301627 ], [ 18.578195, 54.301627 ], [ 18.57708, 54.302742 ], [ 18.577076, 54.302745 ], [ 18.577071, 54.302746 ], [ 18.577066, 54.302747 ], [ 18.574858, 54.302739 ], [ 18.574856, 54.302739 ], [ 18.574856, 54.302739 ], [ 18.57374, 54.303854 ], [ 18.573736, 54.303857 ], [ 18.573732, 54.303858 ], [ 18.573727, 54.303859 ], [ 18.571518, 54.303851 ], [ 18.571517, 54.303851 ], [ 18.571516, 54.303851 ], [ 18.570396, 54.30497 ], [ 18.570396, 54.304971 ], [ 18.570396, 54.304971 ], [ 18.571489, 54.306094 ], [ 18.571491, 54.306097 ], [ 18.571491, 54.3061 ], [ 18.571489, 54.306103 ], [ 18.570377, 54.307214 ], [ 18.570373, 54.307216 ], [ 18.570369, 54.307217 ], [ 18.570363, 54.307218 ], [ 18.568155, 54.30721 ], [ 18.568153, 54.30721 ], [ 18.568153, 54.307211 ], [ 18.567033, 54.308329 ], [ 18.567032, 54.30833 ], [ 18.567033, 54.308331 ], [ 18.568125, 54.309453 ], [ 18.568127, 54.309456 ], [ 18.568127, 54.309459 ], [ 18.568125, 54.309462 ], [ 18.567009, 54.310577 ], [ 18.567009, 54.310577 ], [ 18.567009, 54.310578 ], [ 18.568102, 54.311701 ], [ 18.568104, 54.311704 ], [ 18.568104, 54.311707 ], [ 18.568102, 54.31171 ], [ 18.566985, 54.312824 ], [ 18.566985, 54.312825 ], [ 18.566985, 54.312826 ], [ 18.568078, 54.313948 ], [ 18.56808, 54.313951 ], [ 18.56808, 54.313954 ], [ 18.568078, 54.313957 ], [ 18.566966, 54.315068 ], [ 18.566962, 54.31507 ], [ 18.566958, 54.315072 ], [ 18.566952, 54.315072 ], [ 18.564743, 54.315064 ], [ 18.564742, 54.315064 ], [ 18.564741, 54.315065 ], [ 18.563625, 54.31618 ], [ 18.563621, 54.316182 ], [ 18.563617, 54.316183 ], [ 18.563611, 54.316184 ], [ 18.561402, 54.316176 ], [ 18.561401, 54.316176 ], [ 18.5614, 54.316177 ], [ 18.560284, 54.317291 ], [ 18.56028, 54.317294 ], [ 18.560276, 54.317295 ], [ 18.56027, 54.317296 ], [ 18.558069, 54.317288 ], [ 18.558063, 54.317287 ], [ 18.558059, 54.317285 ], [ 18.558055, 54.317283 ], [ 18.556963, 54.31616 ], [ 18.556962, 54.31616 ], [ 18.556961, 54.31616 ], [ 18.554752, 54.316152 ], [ 18.554746, 54.316151 ], [ 18.554742, 54.316149 ], [ 18.554738, 54.316147 ], [ 18.553646, 54.315024 ], [ 18.553645, 54.315024 ], [ 18.553644, 54.315024 ], [ 18.551435, 54.315016 ], [ 18.551429, 54.315015 ], [ 18.551425, 54.315013 ], [ 18.551421, 54.315011 ], [ 18.550333, 54.313892 ], [ 18.550331, 54.313889 ], [ 18.550331, 54.313886 ], [ 18.550333, 54.313883 ], [ 18.55145, 54.312769 ], [ 18.55145, 54.312768 ], [ 18.55145, 54.312767 ], [ 18.550354, 54.311641 ], [ 18.550353, 54.31164 ], [ 18.550352, 54.31164 ], [ 18.548143, 54.311632 ], [ 18.548137, 54.311631 ], [ 18.548133, 54.31163 ], [ 18.548129, 54.311627 ], [ 18.547037, 54.310505 ], [ 18.547036, 54.310504 ], [ 18.547035, 54.310504 ], [ 18.544819, 54.310496 ], [ 18.544817, 54.310496 ], [ 18.544817, 54.310496 ], [ 18.5437, 54.311611 ], [ 18.543696, 54.311613 ], [ 18.543692, 54.311615 ], [ 18.543686, 54.311615 ], [ 18.541478, 54.311607 ], [ 18.541476, 54.311607 ], [ 18.541476, 54.311607 ], [ 18.540359, 54.312722 ], [ 18.540355, 54.312724 ], [ 18.540351, 54.312726 ], [ 18.540345, 54.312726 ], [ 18.538136, 54.312718 ], [ 18.538135, 54.312718 ], [ 18.538134, 54.312719 ], [ 18.537017, 54.313833 ], [ 18.537014, 54.313835 ], [ 18.537009, 54.313837 ], [ 18.537004, 54.313837 ], [ 18.534795, 54.313829 ], [ 18.534794, 54.313829 ], [ 18.534793, 54.313829 ], [ 18.533672, 54.314948 ], [ 18.533671, 54.314948 ], [ 18.533672, 54.314949 ], [ 18.534764, 54.316072 ], [ 18.534765, 54.316075 ], [ 18.534765, 54.316078 ], [ 18.534764, 54.316081 ], [ 18.533646, 54.317195 ], [ 18.533646, 54.317196 ], [ 18.533646, 54.317196 ], [ 18.534738, 54.318319 ], [ 18.53474, 54.318322 ], [ 18.53474, 54.318325 ], [ 18.534738, 54.318328 ], [ 18.533625, 54.319439 ], [ 18.533621, 54.319441 ], [ 18.533617, 54.319443 ], [ 18.533611, 54.319443 ], [ 18.531402, 54.319435 ], [ 18.531401, 54.319435 ], [ 18.5314, 54.319435 ], [ 18.530279, 54.320553 ], [ 18.530278, 54.320554 ], [ 18.530279, 54.320555 ], [ 18.531371, 54.321677 ], [ 18.531373, 54.32168 ], [ 18.531372, 54.321684 ], [ 18.531371, 54.321686 ], [ 18.530253, 54.322801 ], [ 18.530253, 54.322801 ], [ 18.530253, 54.322802 ], [ 18.531345, 54.323925 ], [ 18.531347, 54.323928 ], [ 18.531347, 54.323931 ], [ 18.531345, 54.323934 ], [ 18.530228, 54.325048 ], [ 18.530227, 54.325049 ], [ 18.530228, 54.32505 ], [ 18.53132, 54.326172 ], [ 18.531321, 54.326175 ], [ 18.531321, 54.326178 ], [ 18.53132, 54.326181 ], [ 18.530202, 54.327296 ], [ 18.530201, 54.327296 ], [ 18.530202, 54.327297 ], [ 18.531294, 54.32842 ], [ 18.531296, 54.328423 ], [ 18.531296, 54.328426 ], [ 18.531294, 54.328429 ], [ 18.530176, 54.329543 ], [ 18.530176, 54.329544 ], [ 18.530176, 54.329544 ], [ 18.531269, 54.330667 ], [ 18.53127, 54.33067 ], [ 18.53127, 54.330673 ], [ 18.531268, 54.330676 ], [ 18.530151, 54.331791 ], [ 18.53015, 54.331791 ], [ 18.530151, 54.331792 ], [ 18.531243, 54.332915 ], [ 18.531245, 54.332918 ], [ 18.531245, 54.332921 ], [ 18.531243, 54.332924 ], [ 18.530129, 54.334034 ], [ 18.530125, 54.334037 ], [ 18.530121, 54.334038 ], [ 18.530115, 54.334039 ], [ 18.527905, 54.33403 ], [ 18.527904, 54.33403 ], [ 18.527903, 54.334031 ], [ 18.526785, 54.335145 ], [ 18.526782, 54.335147 ], [ 18.526777, 54.335149 ], [ 18.526772, 54.335149 ], [ 18.524569, 54.335141 ], [ 18.524564, 54.33514 ], [ 18.52456, 54.335139 ], [ 18.524556, 54.335136 ], [ 18.523464, 54.334013 ], [ 18.523463, 54.334013 ], [ 18.523462, 54.334013 ], [ 18.521252, 54.334004 ], [ 18.521247, 54.334003 ], [ 18.521242, 54.334002 ], [ 18.521239, 54.333999 ], [ 18.520147, 54.332876 ], [ 18.520146, 54.332876 ], [ 18.520144, 54.332876 ], [ 18.517934, 54.332867 ], [ 18.517929, 54.332866 ], [ 18.517925, 54.332865 ], [ 18.517921, 54.332862 ], [ 18.516829, 54.331739 ], [ 18.516828, 54.331739 ], [ 18.516827, 54.331739 ], [ 18.51461, 54.33173 ], [ 18.514608, 54.33173 ], [ 18.514608, 54.33173 ], [ 18.513489, 54.332844 ], [ 18.513486, 54.332847 ], [ 18.513481, 54.332848 ], [ 18.513476, 54.332849 ], [ 18.511266, 54.33284 ], [ 18.511265, 54.33284 ], [ 18.511264, 54.332841 ], [ 18.510146, 54.333955 ], [ 18.510142, 54.333957 ], [ 18.510138, 54.333959 ], [ 18.510132, 54.333959 ], [ 18.507922, 54.33395 ], [ 18.507921, 54.33395 ], [ 18.50792, 54.333951 ], [ 18.506802, 54.335065 ], [ 18.506798, 54.335067 ], [ 18.506794, 54.335069 ], [ 18.506788, 54.335069 ], [ 18.504586, 54.33506 ], [ 18.50458, 54.33506 ], [ 18.504576, 54.335058 ], [ 18.504572, 54.335056 ], [ 18.503481, 54.333933 ], [ 18.50348, 54.333932 ], [ 18.503479, 54.333932 ], [ 18.501269, 54.333923 ], [ 18.501263, 54.333922 ], [ 18.501259, 54.333921 ], [ 18.501255, 54.333918 ], [ 18.500168, 54.332799 ], [ 18.500166, 54.332796 ], [ 18.500166, 54.332793 ], [ 18.500168, 54.33279 ], [ 18.501286, 54.331676 ], [ 18.501287, 54.331675 ], [ 18.501286, 54.331675 ], [ 18.500191, 54.330548 ], [ 18.50019, 54.330547 ], [ 18.500189, 54.330547 ], [ 18.497979, 54.330538 ], [ 18.497974, 54.330537 ], [ 18.497969, 54.330536 ], [ 18.497966, 54.330533 ], [ 18.496878, 54.329414 ], [ 18.496877, 54.329411 ], [ 18.496877, 54.329408 ], [ 18.496878, 54.329405 ], [ 18.497997, 54.328291 ], [ 18.497997, 54.32829 ], [ 18.497997, 54.32829 ], [ 18.496902, 54.327163 ], [ 18.496901, 54.327162 ], [ 18.4969, 54.327162 ], [ 18.49469, 54.327153 ], [ 18.494685, 54.327152 ], [ 18.49468, 54.327151 ], [ 18.494677, 54.327148 ], [ 18.49359, 54.326029 ], [ 18.493588, 54.326026 ], [ 18.493588, 54.326023 ], [ 18.49359, 54.32602 ], [ 18.494708, 54.324906 ], [ 18.494709, 54.324905 ], [ 18.494708, 54.324905 ], [ 18.493617, 54.323782 ], [ 18.493615, 54.323779 ], [ 18.493615, 54.323775 ], [ 18.493617, 54.323773 ], [ 18.494736, 54.322659 ], [ 18.494736, 54.322658 ], [ 18.494736, 54.322657 ], [ 18.493645, 54.321534 ], [ 18.493643, 54.321531 ], [ 18.493643, 54.321528 ], [ 18.493645, 54.321525 ], [ 18.494763, 54.320411 ], [ 18.494764, 54.32041 ], [ 18.494763, 54.32041 ], [ 18.493672, 54.319287 ], [ 18.493671, 54.319284 ], [ 18.493671, 54.319281 ], [ 18.493673, 54.319278 ], [ 18.494791, 54.318164 ], [ 18.494791, 54.318163 ], [ 18.494791, 54.318162 ], [ 18.493696, 54.317035 ], [ 18.493695, 54.317035 ], [ 18.493694, 54.317035 ], [ 18.491485, 54.317025 ], [ 18.49148, 54.317025 ], [ 18.491475, 54.317023 ], [ 18.491472, 54.317021 ], [ 18.490381, 54.315898 ], [ 18.49038, 54.315897 ], [ 18.490379, 54.315897 ], [ 18.488162, 54.315888 ], [ 18.488161, 54.315888 ], [ 18.48816, 54.315888 ], [ 18.487042, 54.317002 ], [ 18.487038, 54.317004 ], [ 18.487034, 54.317006 ], [ 18.487028, 54.317006 ], [ 18.484819, 54.316997 ], [ 18.484818, 54.316997 ], [ 18.484817, 54.316998 ], [ 18.483699, 54.318112 ], [ 18.483695, 54.318114 ], [ 18.48369, 54.318115 ], [ 18.483685, 54.318116 ], [ 18.481476, 54.318107 ], [ 18.481475, 54.318107 ], [ 18.481474, 54.318107 ], [ 18.480351, 54.319225 ], [ 18.480351, 54.319225 ], [ 18.480351, 54.319226 ], [ 18.481442, 54.320349 ], [ 18.481444, 54.320352 ], [ 18.481444, 54.320356 ], [ 18.481442, 54.320358 ], [ 18.480327, 54.321468 ], [ 18.480323, 54.321471 ], [ 18.480319, 54.321472 ], [ 18.480314, 54.321473 ], [ 18.478104, 54.321463 ], [ 18.478103, 54.321463 ], [ 18.478102, 54.321464 ], [ 18.476979, 54.322582 ], [ 18.476979, 54.322582 ], [ 18.476979, 54.322583 ], [ 18.47807, 54.323706 ], [ 18.478072, 54.323709 ], [ 18.478072, 54.323712 ], [ 18.47807, 54.323715 ], [ 18.476955, 54.324825 ], [ 18.476951, 54.324828 ], [ 18.476947, 54.324829 ], [ 18.476941, 54.32483 ], [ 18.474732, 54.32482 ], [ 18.47473, 54.32482 ], [ 18.47473, 54.324821 ], [ 18.473611, 54.325934 ], [ 18.473607, 54.325937 ], [ 18.473602, 54.325938 ], [ 18.473597, 54.325939 ], [ 18.471387, 54.325929 ], [ 18.471386, 54.325929 ], [ 18.471385, 54.32593 ], [ 18.470266, 54.327044 ], [ 18.470263, 54.327046 ], [ 18.470258, 54.327048 ], [ 18.470253, 54.327048 ], [ 18.468051, 54.327038 ], [ 18.468045, 54.327038 ], [ 18.468041, 54.327036 ], [ 18.468037, 54.327034 ], [ 18.466947, 54.32591 ], [ 18.466946, 54.32591 ], [ 18.466945, 54.32591 ], [ 18.464728, 54.3259 ], [ 18.464727, 54.3259 ], [ 18.464726, 54.325901 ], [ 18.463602, 54.327018 ], [ 18.463602, 54.327019 ], [ 18.463602, 54.327019 ], [ 18.464693, 54.328143 ], [ 18.464695, 54.328146 ], [ 18.464695, 54.328149 ], [ 18.464693, 54.328152 ], [ 18.463577, 54.329262 ], [ 18.463574, 54.329264 ], [ 18.463569, 54.329266 ], [ 18.463564, 54.329266 ], [ 18.461354, 54.329256 ], [ 18.461353, 54.329256 ], [ 18.461352, 54.329257 ], [ 18.460232, 54.33037 ], [ 18.460229, 54.330373 ], [ 18.460224, 54.330374 ], [ 18.460219, 54.330375 ], [ 18.458009, 54.330365 ], [ 18.458008, 54.330365 ], [ 18.458007, 54.330366 ], [ 18.456887, 54.331479 ], [ 18.456884, 54.331482 ], [ 18.456879, 54.331483 ], [ 18.456874, 54.331484 ], [ 18.454664, 54.331474 ], [ 18.454663, 54.331474 ], [ 18.454662, 54.331474 ], [ 18.453538, 54.332592 ], [ 18.453538, 54.332592 ], [ 18.453538, 54.332593 ], [ 18.454632, 54.33372 ], [ 18.454633, 54.333721 ], [ 18.454634, 54.333721 ], [ 18.456844, 54.333731 ], [ 18.456849, 54.333732 ], [ 18.456854, 54.333733 ], [ 18.456857, 54.333736 ], [ 18.457944, 54.334855 ], [ 18.457946, 54.334858 ], [ 18.457946, 54.334861 ], [ 18.457944, 54.334864 ], [ 18.456824, 54.335978 ], [ 18.456824, 54.335979 ], [ 18.456824, 54.335979 ], [ 18.457918, 54.337107 ], [ 18.457919, 54.337107 ], [ 18.45792, 54.337107 ], [ 18.460131, 54.337117 ], [ 18.460136, 54.337118 ], [ 18.46014, 54.337119 ], [ 18.460144, 54.337122 ], [ 18.461231, 54.338241 ], [ 18.461232, 54.338244 ], [ 18.461232, 54.338247 ], [ 18.46123, 54.33825 ], [ 18.460111, 54.339364 ], [ 18.46011, 54.339365 ], [ 18.460111, 54.339365 ], [ 18.461201, 54.340489 ], [ 18.461203, 54.340492 ], [ 18.461203, 54.340495 ], [ 18.461201, 54.340498 ], [ 18.460081, 54.341611 ], [ 18.460081, 54.341612 ], [ 18.460081, 54.341613 ], [ 18.461176, 54.34274 ], [ 18.461176, 54.342741 ], [ 18.461178, 54.342741 ], [ 18.463388, 54.342751 ], [ 18.463393, 54.342751 ], [ 18.463398, 54.342753 ], [ 18.463401, 54.342755 ], [ 18.464492, 54.343879 ], [ 18.464493, 54.343879 ], [ 18.464494, 54.343879 ], [ 18.466705, 54.343889 ], [ 18.46671, 54.34389 ], [ 18.466715, 54.343891 ], [ 18.466718, 54.343894 ], [ 18.467805, 54.345013 ], [ 18.467807, 54.345016 ], [ 18.467807, 54.345019 ], [ 18.467805, 54.345022 ], [ 18.466685, 54.346136 ], [ 18.466685, 54.346137 ], [ 18.466685, 54.346137 ], [ 18.467776, 54.347261 ], [ 18.467778, 54.347264 ], [ 18.467778, 54.347267 ], [ 18.467776, 54.34727 ], [ 18.46666, 54.34838 ], [ 18.466657, 54.348382 ], [ 18.466652, 54.348383 ], [ 18.466647, 54.348384 ], [ 18.464436, 54.348374 ], [ 18.464434, 54.348374 ], [ 18.464434, 54.348375 ], [ 18.46331, 54.349492 ], [ 18.463309, 54.349493 ], [ 18.46331, 54.349494 ], [ 18.464401, 54.350617 ], [ 18.464403, 54.35062 ], [ 18.464403, 54.350623 ], [ 18.464401, 54.350626 ], [ 18.463284, 54.351736 ], [ 18.463281, 54.351738 ], [ 18.463276, 54.35174 ], [ 18.463271, 54.35174 ], [ 18.46106, 54.35173 ], [ 18.461059, 54.351731 ], [ 18.461058, 54.351731 ], [ 18.459938, 54.352845 ], [ 18.459934, 54.352847 ], [ 18.45993, 54.352849 ], [ 18.459924, 54.352849 ], [ 18.457713, 54.352839 ], [ 18.457712, 54.352839 ], [ 18.457711, 54.35284 ], [ 18.456591, 54.353953 ], [ 18.456587, 54.353956 ], [ 18.456583, 54.353957 ], [ 18.456577, 54.353958 ], [ 18.454374, 54.353948 ], [ 18.454369, 54.353947 ], [ 18.454364, 54.353946 ], [ 18.454361, 54.353943 ], [ 18.45327, 54.35282 ], [ 18.453269, 54.352819 ], [ 18.453268, 54.352819 ], [ 18.451049, 54.352809 ], [ 18.451048, 54.352809 ], [ 18.451047, 54.35281 ], [ 18.449927, 54.353923 ], [ 18.449923, 54.353926 ], [ 18.449919, 54.353927 ], [ 18.449913, 54.353928 ], [ 18.447702, 54.353918 ], [ 18.447701, 54.353918 ], [ 18.4477, 54.353918 ], [ 18.446579, 54.355032 ], [ 18.446576, 54.355034 ], [ 18.446571, 54.355036 ], [ 18.446566, 54.355036 ], [ 18.444355, 54.355026 ], [ 18.444354, 54.355026 ], [ 18.444353, 54.355027 ], [ 18.443232, 54.35614 ], [ 18.443229, 54.356143 ], [ 18.443224, 54.356144 ], [ 18.443219, 54.356145 ], [ 18.441007, 54.356134 ], [ 18.441006, 54.356134 ], [ 18.441005, 54.356135 ], [ 18.439881, 54.357252 ], [ 18.43988, 54.357253 ], [ 18.439881, 54.357254 ], [ 18.440971, 54.358377 ], [ 18.440973, 54.35838 ], [ 18.440973, 54.358383 ], [ 18.440971, 54.358386 ], [ 18.43985, 54.3595 ], [ 18.43985, 54.3595 ], [ 18.43985, 54.359501 ], [ 18.440941, 54.360625 ], [ 18.440942, 54.360628 ], [ 18.440942, 54.360631 ], [ 18.44094, 54.360634 ], [ 18.43982, 54.361747 ], [ 18.439819, 54.361748 ], [ 18.439819, 54.361748 ], [ 18.44091, 54.362872 ], [ 18.440912, 54.362875 ], [ 18.440912, 54.362878 ], [ 18.44091, 54.362881 ], [ 18.439789, 54.363994 ], [ 18.439788, 54.363995 ], [ 18.439789, 54.363996 ], [ 18.44088, 54.365119 ], [ 18.440881, 54.365122 ], [ 18.440881, 54.365126 ], [ 18.440879, 54.365128 ], [ 18.439758, 54.366242 ], [ 18.439758, 54.366243 ], [ 18.439758, 54.366243 ], [ 18.440853, 54.367371 ], [ 18.440854, 54.367371 ], [ 18.440855, 54.367371 ], [ 18.443067, 54.367382 ], [ 18.443072, 54.367382 ], [ 18.443077, 54.367384 ], [ 18.44308, 54.367386 ], [ 18.444167, 54.368506 ], [ 18.444169, 54.368509 ], [ 18.444169, 54.368512 ], [ 18.444167, 54.368515 ], [ 18.443046, 54.369628 ], [ 18.443045, 54.369629 ], [ 18.443046, 54.36963 ], [ 18.444137, 54.370753 ], [ 18.444138, 54.370756 ], [ 18.444138, 54.370759 ], [ 18.444137, 54.370762 ], [ 18.443015, 54.371876 ], [ 18.443015, 54.371877 ], [ 18.443015, 54.371877 ], [ 18.444106, 54.373001 ], [ 18.444108, 54.373004 ], [ 18.444108, 54.373007 ], [ 18.444106, 54.37301 ], [ 18.442985, 54.374123 ], [ 18.442985, 54.374124 ], [ 18.442985, 54.374125 ], [ 18.444076, 54.375248 ], [ 18.444078, 54.375251 ], [ 18.444078, 54.375254 ], [ 18.444076, 54.375257 ], [ 18.442955, 54.376371 ], [ 18.442954, 54.376371 ], [ 18.442955, 54.376372 ], [ 18.444046, 54.377496 ], [ 18.444047, 54.377499 ], [ 18.444047, 54.377502 ], [ 18.444046, 54.377505 ], [ 18.442928, 54.378614 ], [ 18.442924, 54.378617 ], [ 18.44292, 54.378618 ], [ 18.442915, 54.378619 ], [ 18.440702, 54.378608 ], [ 18.440701, 54.378609 ], [ 18.4407, 54.378609 ], [ 18.439579, 54.379723 ], [ 18.439575, 54.379725 ], [ 18.43957, 54.379726 ], [ 18.439565, 54.379727 ], [ 18.437353, 54.379717 ], [ 18.437351, 54.379717 ], [ 18.437351, 54.379717 ], [ 18.436229, 54.380831 ], [ 18.436226, 54.380833 ], [ 18.436221, 54.380835 ], [ 18.436216, 54.380835 ], [ 18.434003, 54.380825 ], [ 18.434002, 54.380825 ], [ 18.434001, 54.380825 ], [ 18.432879, 54.381939 ], [ 18.432876, 54.381941 ], [ 18.432871, 54.381943 ], [ 18.432866, 54.381943 ], [ 18.430653, 54.381933 ], [ 18.430652, 54.381933 ], [ 18.430651, 54.381933 ], [ 18.429525, 54.383051 ], [ 18.429525, 54.383051 ] ] ] } }
]
}
