{
"type": "FeatureCollection",
"name": "boundary_szczecin_250",
"crs": { "type": "name", "properties": { "name": "urn:ogc:def:crs:OGC:1.3:CRS84" } },
"xy_coordinate_resolution": 1e-06,
"features": [
{ "type": "Feature", "properties": { "fid": 1, "name": "Szczecin" }, "geometry": { "type": "Polygon", "coordinates": [ [ [ 14.44586, 53.444117 ], [ 14.445861, 53.444118 ], [ 14.44682, 53.445274 ], [ 14.446821, 53.445277 ], [ 14.446821, 53.44528 ], [ 14.446819, 53.445283 ], [ 14.445621, 53.446357 ], [ 14.44562, 53.446358 ], [ 14.445621, 53.446358 ], [ 14.44658, 53.447515 ], [ 14.446581, 53.447518 ], [ 14.446581, 53.447521 ], [ 14.446579, 53.447524 ], [ 14.445381, 53.448598 ], [ 14.44538, 53.448598 ], [ 14.44538, 53.448599 ], [ 14.446343, 53.449759 ], [ 14.446343, 53.44976 ], [ 14.446345, 53.44976 ], [ 14.448509, 53.449843 ], [ 14.44851, 53.449843 ], [ 14.448511, 53.449842 ], [ 14.449709, 53.448768 ], [ 14.449713, 53.448766 ], [ 14.449718, 53.448765 ], [ 14.449723, 53.448764 ], [ 14.45188, 53.448847 ], [ 14.451881, 53.448846 ], [ 14.451882, 53.448846 ], [ 14.45308, 53.447772 ], [ 14.453084, 53.44777 ], [ 14.453088, 53.447768 ], [ 14.453093, 53.447768 ], [ 14.455243, 53.44785 ], [ 14.455248, 53.447851 ], [ 14.455253, 53.447852 ], [ 14.455256, 53.447855 ], [ 14.456215, 53.449011 ], [ 14.456216, 53.449012 ], [ 14.456217, 53.449012 ], [ 14.458381, 53.449094 ], [ 14.458383, 53.449094 ], [ 14.458384, 53.449094 ], [ 14.459581, 53.44802 ], [ 14.459585, 53.448017 ], [ 14.45959, 53.448016 ], [ 14.459595, 53.448016 ], [ 14.461745, 53.448097 ], [ 14.46175, 53.448098 ], [ 14.461754, 53.4481 ], [ 14.461757, 53.448102 ], [ 14.462713, 53.449255 ], [ 14.462715, 53.449258 ], [ 14.462714, 53.449261 ], [ 14.462712, 53.449264 ], [ 14.461515, 53.450338 ], [ 14.461514, 53.450339 ], [ 14.461514, 53.450339 ], [ 14.462477, 53.4515 ], [ 14.462478, 53.4515 ], [ 14.462479, 53.4515 ], [ 14.464644, 53.451583 ], [ 14.464645, 53.451583 ], [ 14.464646, 53.451582 ], [ 14.465844, 53.450508 ], [ 14.465847, 53.450506 ], [ 14.465852, 53.450504 ], [ 14.465857, 53.450504 ], [ 14.468007, 53.450586 ], [ 14.468012, 53.450586 ], [ 14.468017, 53.450588 ], [ 14.46802, 53.450591 ], [ 14.468976, 53.451743 ], [ 14.468978, 53.451746 ], [ 14.468977, 53.451749 ], [ 14.468975, 53.451752 ], [ 14.467777, 53.452826 ], [ 14.467777, 53.452827 ], [ 14.467777, 53.452827 ], [ 14.468737, 53.453984 ], [ 14.468739, 53.453987 ], [ 14.468738, 53.45399 ], [ 14.468736, 53.453993 ], [ 14.467542, 53.455063 ], [ 14.467539, 53.455066 ], [ 14.467534, 53.455067 ], [ 14.467529, 53.455067 ], [ 14.465371, 53.454985 ], [ 14.46537, 53.454985 ], [ 14.465369, 53.454986 ], [ 14.464172, 53.45606 ], [ 14.464168, 53.456062 ], [ 14.464163, 53.456064 ], [ 14.464158, 53.456064 ], [ 14.462, 53.455982 ], [ 14.461999, 53.455982 ], [ 14.461998, 53.455983 ], [ 14.460796, 53.45706 ], [ 14.460796, 53.457061 ], [ 14.460796, 53.457062 ], [ 14.461756, 53.458218 ], [ 14.461757, 53.458221 ], [ 14.461757, 53.458224 ], [ 14.461755, 53.458227 ], [ 14.460557, 53.459301 ], [ 14.460556, 53.459302 ], [ 14.460557, 53.459303 ], [ 14.461516, 53.460459 ], [ 14.461518, 53.460462 ], [ 14.461518, 53.460465 ], [ 14.461515, 53.460468 ], [ 14.460317, 53.461542 ], [ 14.460317, 53.461543 ], [ 14.460317, 53.461543 ], [ 14.46128, 53.462704 ], [ 14.461281, 53.462704 ], [ 14.461282, 53.462704 ], [ 14.463447, 53.462787 ], [ 14.463449, 53.462787 ], [ 14.463449, 53.462786 ], [ 14.464648, 53.461712 ], [ 14.464651, 53.46171 ], [ 14.464656, 53.461708 ], [ 14.464661, 53.461708 ], [ 14.466812, 53.46179 ], [ 14.466817, 53.46179 ], [ 14.466821, 53.461792 ], [ 14.466824, 53.461795 ], [ 14.467781, 53.462947 ], [ 14.467782, 53.46295 ], [ 14.467782, 53.462953 ], [ 14.46778, 53.462956 ], [ 14.466586, 53.464027 ], [ 14.466582, 53.464029 ], [ 14.466578, 53.46403 ], [ 14.466572, 53.464031 ], [ 14.464414, 53.463948 ], [ 14.464413, 53.463949 ], [ 14.464412, 53.463949 ], [ 14.46321, 53.465027 ], [ 14.46321, 53.465028 ], [ 14.46321, 53.465028 ], [ 14.46417, 53.466185 ], [ 14.464171, 53.466188 ], [ 14.464171, 53.466191 ], [ 14.464169, 53.466194 ], [ 14.462975, 53.467264 ], [ 14.462971, 53.467266 ], [ 14.462966, 53.467268 ], [ 14.462961, 53.467268 ], [ 14.460803, 53.467186 ], [ 14.460802, 53.467186 ], [ 14.460801, 53.467187 ], [ 14.459599, 53.468264 ], [ 14.459598, 53.468265 ], [ 14.459598, 53.468266 ], [ 14.460558, 53.469422 ], [ 14.46056, 53.469425 ], [ 14.460559, 53.469428 ], [ 14.460557, 53.469431 ], [ 14.459363, 53.470502 ], [ 14.459359, 53.470504 ], [ 14.459355, 53.470505 ], [ 14.45935, 53.470506 ], [ 14.457191, 53.470423 ], [ 14.45719, 53.470423 ], [ 14.457189, 53.470424 ], [ 14.455987, 53.471502 ], [ 14.455986, 53.471502 ], [ 14.455987, 53.471503 ], [ 14.456946, 53.472659 ], [ 14.456948, 53.472662 ], [ 14.456947, 53.472666 ], [ 14.456945, 53.472668 ], [ 14.455747, 53.473742 ], [ 14.455746, 53.473743 ], [ 14.455747, 53.473744 ], [ 14.45671, 53.474904 ], [ 14.456711, 53.474905 ], [ 14.456712, 53.474905 ], [ 14.45887, 53.474987 ], [ 14.458875, 53.474988 ], [ 14.45888, 53.47499 ], [ 14.458883, 53.474992 ], [ 14.459839, 53.476144 ], [ 14.459841, 53.476147 ], [ 14.459841, 53.476151 ], [ 14.459838, 53.476153 ], [ 14.458644, 53.477224 ], [ 14.45864, 53.477226 ], [ 14.458636, 53.477228 ], [ 14.45863, 53.477228 ], [ 14.456472, 53.477146 ], [ 14.456471, 53.477146 ], [ 14.45647, 53.477146 ], [ 14.455271, 53.47822 ], [ 14.455267, 53.478223 ], [ 14.455263, 53.478224 ], [ 14.455258, 53.478224 ], [ 14.453099, 53.478142 ], [ 14.453098, 53.478142 ], [ 14.453097, 53.478143 ], [ 14.451894, 53.47922 ], [ 14.451893, 53.479221 ], [ 14.451894, 53.479222 ], [ 14.452854, 53.480378 ], [ 14.452855, 53.480381 ], [ 14.452855, 53.480384 ], [ 14.452853, 53.480387 ], [ 14.451658, 53.481458 ], [ 14.451654, 53.48146 ], [ 14.45165, 53.481461 ], [ 14.451644, 53.481461 ], [ 14.449486, 53.481379 ], [ 14.449484, 53.481379 ], [ 14.449484, 53.48138 ], [ 14.448284, 53.482454 ], [ 14.448281, 53.482456 ], [ 14.448276, 53.482457 ], [ 14.448271, 53.482458 ], [ 14.446112, 53.482375 ], [ 14.446111, 53.482375 ], [ 14.44611, 53.482376 ], [ 14.444911, 53.48345 ], [ 14.444907, 53.483452 ], [ 14.444903, 53.483454 ], [ 14.444897, 53.483454 ], [ 14.442739, 53.483371 ], [ 14.442737, 53.483372 ], [ 14.442737, 53.483372 ], [ 14.441533, 53.48445 ], [ 14.441533, 53.48445 ], [ 14.441533, 53.484451 ], [ 14.442493, 53.485607 ], [ 14.442494, 53.48561 ], [ 14.442494, 53.485614 ], [ 14.442492, 53.485616 ], [ 14.441292, 53.48669 ], [ 14.441292, 53.486691 ], [ 14.441292, 53.486692 ], [ 14.442255, 53.487852 ], [ 14.442256, 53.487853 ], [ 14.442257, 53.487853 ], [ 14.444416, 53.487935 ], [ 14.444421, 53.487936 ], [ 14.444426, 53.487938 ], [ 14.444429, 53.48794 ], [ 14.445385, 53.489093 ], [ 14.445387, 53.489096 ], [ 14.445387, 53.489099 ], [ 14.445384, 53.489102 ], [ 14.444185, 53.490176 ], [ 14.444185, 53.490176 ], [ 14.444185, 53.490177 ], [ 14.445148, 53.491338 ], [ 14.445149, 53.491338 ], [ 14.44515, 53.491338 ], [ 14.447309, 53.491421 ], [ 14.447314, 53.491422 ], [ 14.447319, 53.491423 ], [ 14.447322, 53.491426 ], [ 14.448279, 53.492578 ], [ 14.44828, 53.492581 ], [ 14.44828, 53.492584 ], [ 14.448278, 53.492587 ], [ 14.447082, 53.493658 ], [ 14.447079, 53.49366 ], [ 14.447074, 53.493661 ], [ 14.447069, 53.493662 ], [ 14.444909, 53.493579 ], [ 14.444908, 53.493579 ], [ 14.444907, 53.49358 ], [ 14.443708, 53.494654 ], [ 14.443704, 53.494656 ], [ 14.4437, 53.494657 ], [ 14.443694, 53.494658 ], [ 14.441535, 53.494575 ], [ 14.441534, 53.494575 ], [ 14.441533, 53.494576 ], [ 14.440329, 53.495653 ], [ 14.440329, 53.495654 ], [ 14.440329, 53.495655 ], [ 14.441292, 53.496815 ], [ 14.441293, 53.496816 ], [ 14.441294, 53.496816 ], [ 14.443454, 53.496898 ], [ 14.443459, 53.496899 ], [ 14.443463, 53.496901 ], [ 14.443466, 53.496903 ], [ 14.444426, 53.49806 ], [ 14.444427, 53.49806 ], [ 14.444428, 53.498061 ], [ 14.446595, 53.498143 ], [ 14.446596, 53.498143 ], [ 14.446597, 53.498143 ], [ 14.447797, 53.497069 ], [ 14.4478, 53.497066 ], [ 14.447805, 53.497065 ], [ 14.44781, 53.497065 ], [ 14.449962, 53.497147 ], [ 14.449968, 53.497148 ], [ 14.449972, 53.497149 ], [ 14.449975, 53.497152 ], [ 14.450935, 53.498308 ], [ 14.450936, 53.498309 ], [ 14.450937, 53.498309 ], [ 14.453104, 53.498392 ], [ 14.453105, 53.498391 ], [ 14.453106, 53.498391 ], [ 14.454306, 53.497317 ], [ 14.454309, 53.497315 ], [ 14.454314, 53.497313 ], [ 14.454319, 53.497313 ], [ 14.456479, 53.497395 ], [ 14.45648, 53.497395 ], [ 14.456481, 53.497395 ], [ 14.45768, 53.49632 ], [ 14.457684, 53.496318 ], [ 14.457688, 53.496317 ], [ 14.457694, 53.496316 ], [ 14.459846, 53.496398 ], [ 14.459851, 53.496399 ], [ 14.459855, 53.496401 ], [ 14.459858, 53.496403 ], [ 14.460819, 53.49756 ], [ 14.460819, 53.49756 ], [ 14.460821, 53.49756 ], [ 14.46298, 53.497643 ], [ 14.462985, 53.497643 ], [ 14.46299, 53.497645 ], [ 14.462993, 53.497648 ], [ 14.463953, 53.498804 ], [ 14.463954, 53.498805 ], [ 14.463955, 53.498805 ], [ 14.466122, 53.498887 ], [ 14.466124, 53.498887 ], [ 14.466124, 53.498886 ], [ 14.467328, 53.497809 ], [ 14.467328, 53.497808 ], [ 14.467328, 53.497807 ], [ 14.466367, 53.496651 ], [ 14.466366, 53.496648 ], [ 14.466366, 53.496645 ], [ 14.466368, 53.496642 ], [ 14.467563, 53.495571 ], [ 14.467567, 53.495569 ], [ 14.467571, 53.495568 ], [ 14.467577, 53.495567 ], [ 14.469729, 53.495649 ], [ 14.469734, 53.49565 ], [ 14.469738, 53.495652 ], [ 14.469741, 53.495654 ], [ 14.470702, 53.49681 ], [ 14.470703, 53.496811 ], [ 14.470704, 53.496811 ], [ 14.472871, 53.496893 ], [ 14.472872, 53.496893 ], [ 14.472873, 53.496893 ], [ 14.474072, 53.495819 ], [ 14.474075, 53.495816 ], [ 14.47408, 53.495815 ], [ 14.474085, 53.495815 ], [ 14.476238, 53.495896 ], [ 14.476243, 53.495897 ], [ 14.476247, 53.495899 ], [ 14.47625, 53.495901 ], [ 14.477211, 53.497057 ], [ 14.477212, 53.497058 ], [ 14.477213, 53.497058 ], [ 14.47938, 53.49714 ], [ 14.479381, 53.49714 ], [ 14.479382, 53.49714 ], [ 14.480581, 53.496065 ], [ 14.480584, 53.496063 ], [ 14.480589, 53.496062 ], [ 14.480594, 53.496061 ], [ 14.482754, 53.496143 ], [ 14.482755, 53.496143 ], [ 14.482756, 53.496143 ], [ 14.483955, 53.495068 ], [ 14.483958, 53.495066 ], [ 14.483963, 53.495065 ], [ 14.483968, 53.495064 ], [ 14.486128, 53.495146 ], [ 14.486129, 53.495146 ], [ 14.48613, 53.495145 ], [ 14.487328, 53.494071 ], [ 14.487332, 53.494069 ], [ 14.487336, 53.494067 ], [ 14.487342, 53.494067 ], [ 14.489494, 53.494148 ], [ 14.489499, 53.494149 ], [ 14.489503, 53.494151 ], [ 14.489506, 53.494153 ], [ 14.490468, 53.495309 ], [ 14.490468, 53.49531 ], [ 14.49047, 53.49531 ], [ 14.492637, 53.495392 ], [ 14.492638, 53.495392 ], [ 14.492639, 53.495391 ], [ 14.493837, 53.494317 ], [ 14.49384, 53.494315 ], [ 14.493845, 53.494313 ], [ 14.49385, 53.494313 ], [ 14.49601, 53.494395 ], [ 14.496011, 53.494394 ], [ 14.496012, 53.494394 ], [ 14.49721, 53.493319 ], [ 14.497214, 53.493317 ], [ 14.497219, 53.493316 ], [ 14.497224, 53.493315 ], [ 14.499383, 53.493397 ], [ 14.499384, 53.493397 ], [ 14.499385, 53.493396 ], [ 14.500583, 53.492322 ], [ 14.500587, 53.492319 ], [ 14.500592, 53.492318 ], [ 14.500597, 53.492318 ], [ 14.502756, 53.492399 ], [ 14.502758, 53.492399 ], [ 14.502758, 53.492399 ], [ 14.503956, 53.491324 ], [ 14.50396, 53.491322 ], [ 14.503965, 53.49132 ], [ 14.50397, 53.49132 ], [ 14.506122, 53.491401 ], [ 14.506127, 53.491402 ], [ 14.506132, 53.491404 ], [ 14.506135, 53.491406 ], [ 14.507093, 53.492558 ], [ 14.507094, 53.492561 ], [ 14.507094, 53.492564 ], [ 14.507092, 53.492567 ], [ 14.505894, 53.493642 ], [ 14.505894, 53.493642 ], [ 14.505894, 53.493643 ], [ 14.506856, 53.494799 ], [ 14.506857, 53.494802 ], [ 14.506857, 53.494805 ], [ 14.506855, 53.494808 ], [ 14.505657, 53.495883 ], [ 14.505656, 53.495883 ], [ 14.505657, 53.495884 ], [ 14.506622, 53.497044 ], [ 14.506622, 53.497044 ], [ 14.506623, 53.497045 ], [ 14.508791, 53.497126 ], [ 14.508792, 53.497126 ], [ 14.508793, 53.497126 ], [ 14.509991, 53.496051 ], [ 14.509994, 53.496049 ], [ 14.509999, 53.496047 ], [ 14.510004, 53.496047 ], [ 14.512156, 53.496128 ], [ 14.512162, 53.496129 ], [ 14.512166, 53.49613 ], [ 14.512169, 53.496133 ], [ 14.513131, 53.497289 ], [ 14.513132, 53.497289 ], [ 14.513133, 53.49729 ], [ 14.515293, 53.497371 ], [ 14.515298, 53.497372 ], [ 14.515302, 53.497373 ], [ 14.515305, 53.497376 ], [ 14.516267, 53.498532 ], [ 14.516268, 53.498532 ], [ 14.516269, 53.498533 ], [ 14.518436, 53.498614 ], [ 14.518438, 53.498614 ], [ 14.518438, 53.498613 ], [ 14.519636, 53.497539 ], [ 14.51964, 53.497536 ], [ 14.519644, 53.497535 ], [ 14.51965, 53.497535 ], [ 14.521809, 53.497616 ], [ 14.521811, 53.497616 ], [ 14.521812, 53.497615 ], [ 14.523009, 53.49654 ], [ 14.523013, 53.496538 ], [ 14.523017, 53.496537 ], [ 14.523023, 53.496536 ], [ 14.525175, 53.496617 ], [ 14.52518, 53.496618 ], [ 14.525185, 53.49662 ], [ 14.525188, 53.496622 ], [ 14.52615, 53.497778 ], [ 14.526151, 53.497778 ], [ 14.526152, 53.497779 ], [ 14.528319, 53.49786 ], [ 14.52832, 53.49786 ], [ 14.528321, 53.497859 ], [ 14.529519, 53.496784 ], [ 14.529522, 53.496782 ], [ 14.529527, 53.496781 ], [ 14.529532, 53.49678 ], [ 14.531685, 53.496861 ], [ 14.53169, 53.496862 ], [ 14.531694, 53.496864 ], [ 14.531697, 53.496866 ], [ 14.53266, 53.498022 ], [ 14.53266, 53.498022 ], [ 14.532661, 53.498023 ], [ 14.534821, 53.498103 ], [ 14.534826, 53.498104 ], [ 14.534831, 53.498106 ], [ 14.534834, 53.498108 ], [ 14.535797, 53.499264 ], [ 14.535797, 53.499265 ], [ 14.535798, 53.499265 ], [ 14.537958, 53.499346 ], [ 14.537964, 53.499346 ], [ 14.537968, 53.499348 ], [ 14.537971, 53.499351 ], [ 14.538934, 53.500506 ], [ 14.538934, 53.500507 ], [ 14.538936, 53.500507 ], [ 14.541103, 53.500588 ], [ 14.541104, 53.500588 ], [ 14.541105, 53.500588 ], [ 14.542306, 53.499509 ], [ 14.542307, 53.499508 ], [ 14.542307, 53.499508 ], [ 14.541344, 53.498352 ], [ 14.541342, 53.498349 ], [ 14.541343, 53.498346 ], [ 14.541345, 53.498343 ], [ 14.542538, 53.497272 ], [ 14.542541, 53.497269 ], [ 14.542546, 53.497268 ], [ 14.542551, 53.497268 ], [ 14.544711, 53.497348 ], [ 14.544712, 53.497348 ], [ 14.544713, 53.497348 ], [ 14.54591, 53.496273 ], [ 14.545914, 53.49627 ], [ 14.545919, 53.496269 ], [ 14.545924, 53.496269 ], [ 14.548076, 53.496349 ], [ 14.548081, 53.49635 ], [ 14.548086, 53.496351 ], [ 14.548089, 53.496354 ], [ 14.549052, 53.49751 ], [ 14.549052, 53.49751 ], [ 14.549054, 53.49751 ], [ 14.551214, 53.497591 ], [ 14.551219, 53.497592 ], [ 14.551223, 53.497593 ], [ 14.551226, 53.497596 ], [ 14.552189, 53.498752 ], [ 14.55219, 53.498752 ], [ 14.552191, 53.498752 ], [ 14.554351, 53.498833 ], [ 14.554356, 53.498834 ], [ 14.554361, 53.498835 ], [ 14.554364, 53.498838 ], [ 14.555327, 53.499993 ], [ 14.555327, 53.499994 ], [ 14.555329, 53.499994 ], [ 14.557496, 53.500075 ], [ 14.557497, 53.500075 ], [ 14.557498, 53.500074 ], [ 14.558695, 53.498999 ], [ 14.558699, 53.498997 ], [ 14.558703, 53.498995 ], [ 14.558708, 53.498995 ], [ 14.560861, 53.499075 ], [ 14.560866, 53.499076 ], [ 14.560871, 53.499078 ], [ 14.560874, 53.49908 ], [ 14.561837, 53.500236 ], [ 14.561838, 53.500236 ], [ 14.561839, 53.500237 ], [ 14.563999, 53.500317 ], [ 14.564004, 53.500318 ], [ 14.564008, 53.500319 ], [ 14.564012, 53.500322 ], [ 14.564975, 53.501477 ], [ 14.564976, 53.501478 ], [ 14.564977, 53.501478 ], [ 14.567144, 53.501559 ], [ 14.567146, 53.501559 ], [ 14.567146, 53.501558 ], [ 14.568343, 53.500483 ], [ 14.568347, 53.500481 ], [ 14.568351, 53.500479 ], [ 14.568357, 53.500479 ], [ 14.570509, 53.500559 ], [ 14.570514, 53.500559 ], [ 14.570519, 53.500561 ], [ 14.570522, 53.500564 ], [ 14.571486, 53.501719 ], [ 14.571486, 53.50172 ], [ 14.571487, 53.50172 ], [ 14.573648, 53.5018 ], [ 14.573653, 53.501801 ], [ 14.573657, 53.501803 ], [ 14.57366, 53.501805 ], [ 14.574624, 53.502961 ], [ 14.574625, 53.502961 ], [ 14.574626, 53.502961 ], [ 14.576786, 53.503041 ], [ 14.576791, 53.503042 ], [ 14.576796, 53.503044 ], [ 14.576799, 53.503046 ], [ 14.577763, 53.504202 ], [ 14.577763, 53.504202 ], [ 14.577764, 53.504203 ], [ 14.579932, 53.504283 ], [ 14.579933, 53.504283 ], [ 14.579934, 53.504282 ], [ 14.581131, 53.503207 ], [ 14.581134, 53.503205 ], [ 14.581139, 53.503203 ], [ 14.581144, 53.503203 ], [ 14.583297, 53.503283 ], [ 14.583302, 53.503283 ], [ 14.583307, 53.503285 ], [ 14.58331, 53.503288 ], [ 14.58427, 53.504439 ], [ 14.584272, 53.504442 ], [ 14.584272, 53.504445 ], [ 14.584269, 53.504448 ], [ 14.583073, 53.505523 ], [ 14.583073, 53.505524 ], [ 14.583073, 53.505525 ], [ 14.584037, 53.50668 ], [ 14.584038, 53.506683 ], [ 14.584038, 53.506686 ], [ 14.584036, 53.506689 ], [ 14.582844, 53.507761 ], [ 14.58284, 53.507763 ], [ 14.582835, 53.507765 ], [ 14.58283, 53.507765 ], [ 14.58067, 53.507685 ], [ 14.580668, 53.507685 ], [ 14.580668, 53.507686 ], [ 14.579467, 53.508765 ], [ 14.579466, 53.508765 ], [ 14.579467, 53.508766 ], [ 14.580431, 53.509921 ], [ 14.580432, 53.509924 ], [ 14.580432, 53.509928 ], [ 14.58043, 53.50993 ], [ 14.579233, 53.511006 ], [ 14.579233, 53.511006 ], [ 14.579233, 53.511007 ], [ 14.580197, 53.512163 ], [ 14.580199, 53.512166 ], [ 14.580198, 53.512169 ], [ 14.580196, 53.512172 ], [ 14.579, 53.513247 ], [ 14.578999, 53.513248 ], [ 14.578999, 53.513248 ], [ 14.579964, 53.514404 ], [ 14.579965, 53.514407 ], [ 14.579965, 53.51441 ], [ 14.579963, 53.514413 ], [ 14.578766, 53.515488 ], [ 14.578765, 53.515489 ], [ 14.578766, 53.515489 ], [ 14.57973, 53.516645 ], [ 14.579731, 53.516648 ], [ 14.579731, 53.516651 ], [ 14.579729, 53.516654 ], [ 14.578536, 53.517726 ], [ 14.578533, 53.517728 ], [ 14.578528, 53.517729 ], [ 14.578523, 53.51773 ], [ 14.576362, 53.517649 ], [ 14.57636, 53.51765 ], [ 14.57636, 53.51765 ], [ 14.575163, 53.518725 ], [ 14.575159, 53.518728 ], [ 14.575154, 53.518729 ], [ 14.575149, 53.518729 ], [ 14.572988, 53.518649 ], [ 14.572987, 53.518649 ], [ 14.572986, 53.51865 ], [ 14.571789, 53.519725 ], [ 14.571785, 53.519727 ], [ 14.571781, 53.519729 ], [ 14.571775, 53.519729 ], [ 14.569622, 53.519649 ], [ 14.569617, 53.519648 ], [ 14.569612, 53.519647 ], [ 14.569609, 53.519644 ], [ 14.568645, 53.518489 ], [ 14.568644, 53.518488 ], [ 14.568643, 53.518488 ], [ 14.566475, 53.518407 ], [ 14.566474, 53.518407 ], [ 14.566473, 53.518408 ], [ 14.565272, 53.519487 ], [ 14.565271, 53.519488 ], [ 14.565271, 53.519488 ], [ 14.566235, 53.520644 ], [ 14.566237, 53.520647 ], [ 14.566236, 53.52065 ], [ 14.566234, 53.520653 ], [ 14.565041, 53.521724 ], [ 14.565037, 53.521727 ], [ 14.565033, 53.521728 ], [ 14.565028, 53.521728 ], [ 14.562866, 53.521648 ], [ 14.562865, 53.521648 ], [ 14.562864, 53.521649 ], [ 14.561667, 53.522724 ], [ 14.561663, 53.522726 ], [ 14.561659, 53.522727 ], [ 14.561653, 53.522728 ], [ 14.559492, 53.522647 ], [ 14.559491, 53.522647 ], [ 14.55949, 53.522648 ], [ 14.558293, 53.523723 ], [ 14.558289, 53.523725 ], [ 14.558284, 53.523727 ], [ 14.558279, 53.523727 ], [ 14.556118, 53.523647 ], [ 14.556117, 53.523647 ], [ 14.556116, 53.523647 ], [ 14.554918, 53.524722 ], [ 14.554915, 53.524725 ], [ 14.55491, 53.524726 ], [ 14.554905, 53.524726 ], [ 14.552743, 53.524646 ], [ 14.552742, 53.524646 ], [ 14.552741, 53.524646 ], [ 14.551539, 53.525725 ], [ 14.551539, 53.525726 ], [ 14.551539, 53.525727 ], [ 14.552503, 53.526882 ], [ 14.552504, 53.526885 ], [ 14.552504, 53.526888 ], [ 14.552502, 53.526891 ], [ 14.551304, 53.527966 ], [ 14.551304, 53.527967 ], [ 14.551304, 53.527968 ], [ 14.552268, 53.529123 ], [ 14.552269, 53.529126 ], [ 14.552269, 53.529129 ], [ 14.552267, 53.529132 ], [ 14.551069, 53.530207 ], [ 14.551068, 53.530208 ], [ 14.551069, 53.530209 ], [ 14.552032, 53.531364 ], [ 14.552034, 53.531367 ], [ 14.552034, 53.53137 ], [ 14.552031, 53.531373 ], [ 14.550833, 53.532448 ], [ 14.550833, 53.532449 ], [ 14.550833, 53.53245 ], [ 14.5518, 53.533609 ], [ 14.551801, 53.53361 ], [ 14.551802, 53.53361 ], [ 14.553964, 53.533691 ], [ 14.553969, 53.533691 ], [ 14.553973, 53.533693 ], [ 14.553977, 53.533696 ], [ 14.55494, 53.534851 ], [ 14.554941, 53.534852 ], [ 14.554942, 53.534852 ], [ 14.557104, 53.534933 ], [ 14.557109, 53.534933 ], [ 14.557114, 53.534935 ], [ 14.557117, 53.534937 ], [ 14.558081, 53.536093 ], [ 14.558081, 53.536094 ], [ 14.558083, 53.536094 ], [ 14.560245, 53.536174 ], [ 14.56025, 53.536175 ], [ 14.560254, 53.536177 ], [ 14.560257, 53.536179 ], [ 14.561221, 53.537335 ], [ 14.561222, 53.537335 ], [ 14.561223, 53.537336 ], [ 14.563392, 53.537416 ], [ 14.563394, 53.537416 ], [ 14.563394, 53.537416 ], [ 14.564592, 53.53634 ], [ 14.564596, 53.536338 ], [ 14.564601, 53.536337 ], [ 14.564606, 53.536336 ], [ 14.56676, 53.536417 ], [ 14.566765, 53.536417 ], [ 14.56677, 53.536419 ], [ 14.566773, 53.536421 ], [ 14.567737, 53.537577 ], [ 14.567738, 53.537578 ], [ 14.567739, 53.537578 ], [ 14.569909, 53.537658 ], [ 14.56991, 53.537658 ], [ 14.569911, 53.537658 ], [ 14.571108, 53.536582 ], [ 14.571112, 53.53658 ], [ 14.571117, 53.536579 ], [ 14.571122, 53.536578 ], [ 14.573284, 53.536659 ], [ 14.573285, 53.536659 ], [ 14.573286, 53.536658 ], [ 14.574483, 53.535583 ], [ 14.574487, 53.53558 ], [ 14.574492, 53.535579 ], [ 14.574497, 53.535579 ], [ 14.576651, 53.535659 ], [ 14.576656, 53.535659 ], [ 14.576661, 53.535661 ], [ 14.576664, 53.535664 ], [ 14.577628, 53.536819 ], [ 14.577629, 53.53682 ], [ 14.57763, 53.53682 ], [ 14.5798, 53.5369 ], [ 14.579801, 53.5369 ], [ 14.579802, 53.5369 ], [ 14.580999, 53.535824 ], [ 14.581003, 53.535822 ], [ 14.581007, 53.53582 ], [ 14.581013, 53.53582 ], [ 14.583175, 53.5359 ], [ 14.583176, 53.5359 ], [ 14.583177, 53.5359 ], [ 14.584374, 53.534824 ], [ 14.584378, 53.534822 ], [ 14.584382, 53.534821 ], [ 14.584387, 53.53482 ], [ 14.586549, 53.5349 ], [ 14.586551, 53.5349 ], [ 14.586551, 53.5349 ], [ 14.587749, 53.533824 ], [ 14.587752, 53.533822 ], [ 14.587757, 53.53382 ], [ 14.587762, 53.53382 ], [ 14.589917, 53.5339 ], [ 14.589922, 53.5339 ], [ 14.589926, 53.533902 ], [ 14.589929, 53.533905 ], [ 14.590894, 53.53506 ], [ 14.590895, 53.535061 ], [ 14.590896, 53.535061 ], [ 14.593065, 53.535141 ], [ 14.593067, 53.535141 ], [ 14.593067, 53.53514 ], [ 14.594264, 53.534065 ], [ 14.594268, 53.534063 ], [ 14.594273, 53.534061 ], [ 14.594278, 53.534061 ], [ 14.59644, 53.534141 ], [ 14.596441, 53.53414 ], [ 14.596442, 53.53414 ], [ 14.597639, 53.533064 ], [ 14.597642, 53.533062 ], [ 14.597647, 53.533061 ], [ 14.597652, 53.53306 ], [ 14.599807, 53.53314 ], [ 14.599812, 53.533141 ], [ 14.599816, 53.533142 ], [ 14.599819, 53.533145 ], [ 14.600781, 53.534296 ], [ 14.600783, 53.534299 ], [ 14.600782, 53.534302 ], [ 14.60078, 53.534305 ], [ 14.599583, 53.535381 ], [ 14.599583, 53.535381 ], [ 14.599583, 53.535382 ], [ 14.600552, 53.536541 ], [ 14.600552, 53.536542 ], [ 14.600554, 53.536542 ], [ 14.602716, 53.536622 ], [ 14.602721, 53.536622 ], [ 14.602725, 53.536624 ], [ 14.602728, 53.536627 ], [ 14.603693, 53.537782 ], [ 14.603694, 53.537783 ], [ 14.603695, 53.537783 ], [ 14.605865, 53.537863 ], [ 14.605866, 53.537863 ], [ 14.605867, 53.537862 ], [ 14.607064, 53.536786 ], [ 14.607067, 53.536784 ], [ 14.607072, 53.536783 ], [ 14.607077, 53.536782 ], [ 14.609232, 53.536862 ], [ 14.609237, 53.536862 ], [ 14.609241, 53.536864 ], [ 14.609244, 53.536867 ], [ 14.61021, 53.538022 ], [ 14.610211, 53.538022 ], [ 14.610212, 53.538023 ], [ 14.612381, 53.538102 ], [ 14.612383, 53.538102 ], [ 14.612383, 53.538102 ], [ 14.61358, 53.537026 ], [ 14.613584, 53.537024 ], [ 14.613588, 53.537022 ], [ 14.613594, 53.537022 ], [ 14.615756, 53.537101 ], [ 14.615757, 53.537101 ], [ 14.615758, 53.537101 ], [ 14.616954, 53.536025 ], [ 14.616958, 53.536023 ], [ 14.616963, 53.536021 ], [ 14.616968, 53.536021 ], [ 14.619122, 53.5361 ], [ 14.619128, 53.536101 ], [ 14.619132, 53.536103 ], [ 14.619135, 53.536105 ], [ 14.620101, 53.53726 ], [ 14.620101, 53.537261 ], [ 14.620103, 53.537261 ], [ 14.622272, 53.537341 ], [ 14.622273, 53.537341 ], [ 14.622274, 53.53734 ], [ 14.623471, 53.536264 ], [ 14.623474, 53.536262 ], [ 14.623479, 53.536261 ], [ 14.623484, 53.53626 ], [ 14.625646, 53.536339 ], [ 14.625647, 53.536339 ], [ 14.625648, 53.536339 ], [ 14.626844, 53.535263 ], [ 14.626848, 53.535261 ], [ 14.626853, 53.535259 ], [ 14.626858, 53.535259 ], [ 14.62902, 53.535338 ], [ 14.629021, 53.535338 ], [ 14.629022, 53.535338 ], [ 14.630218, 53.534262 ], [ 14.630222, 53.534259 ], [ 14.630226, 53.534258 ], [ 14.630232, 53.534258 ], [ 14.632386, 53.534337 ], [ 14.632391, 53.534337 ], [ 14.632396, 53.534339 ], [ 14.632399, 53.534341 ], [ 14.633365, 53.535497 ], [ 14.633366, 53.535497 ], [ 14.633367, 53.535497 ], [ 14.635536, 53.535577 ], [ 14.635538, 53.535577 ], [ 14.635538, 53.535576 ], [ 14.636734, 53.5345 ], [ 14.636738, 53.534498 ], [ 14.636743, 53.534496 ], [ 14.636748, 53.534496 ], [ 14.63891, 53.534575 ], [ 14.638911, 53.534575 ], [ 14.638912, 53.534574 ], [ 14.640112, 53.533495 ], [ 14.640112, 53.533494 ], [ 14.640112, 53.533493 ], [ 14.639146, 53.532338 ], [ 14.639144, 53.532335 ], [ 14.639145, 53.532332 ], [ 14.639147, 53.532329 ], [ 14.640343, 53.531253 ], [ 14.640343, 53.531253 ], [ 14.640343, 53.531252 ], [ 14.639377, 53.530097 ], [ 14.639375, 53.530094 ], [ 14.639375, 53.530091 ], [ 14.639377, 53.530088 ], [ 14.640573, 53.529012 ], [ 14.640574, 53.529011 ], [ 14.640573, 53.529011 ], [ 14.639607, 53.527856 ], [ 14.639606, 53.527853 ], [ 14.639606, 53.52785 ], [ 14.639608, 53.527847 ], [ 14.6408, 53.526774 ], [ 14.640803, 53.526772 ], [ 14.640808, 53.526771 ], [ 14.640813, 53.52677 ], [ 14.642967, 53.526849 ], [ 14.642973, 53.52685 ], [ 14.642977, 53.526852 ], [ 14.64298, 53.526854 ], [ 14.643946, 53.528009 ], [ 14.643947, 53.52801 ], [ 14.643948, 53.52801 ], [ 14.64611, 53.528089 ], [ 14.646115, 53.528089 ], [ 14.646119, 53.528091 ], [ 14.646122, 53.528094 ], [ 14.647089, 53.529249 ], [ 14.647089, 53.529249 ], [ 14.647091, 53.529249 ], [ 14.649253, 53.529328 ], [ 14.649258, 53.529329 ], [ 14.649262, 53.529331 ], [ 14.649265, 53.529333 ], [ 14.650231, 53.530488 ], [ 14.650232, 53.530489 ], [ 14.650233, 53.530489 ], [ 14.652395, 53.530568 ], [ 14.6524, 53.530568 ], [ 14.652405, 53.53057 ], [ 14.652408, 53.530573 ], [ 14.653371, 53.531723 ], [ 14.653373, 53.531726 ], [ 14.653372, 53.53173 ], [ 14.65337, 53.531732 ], [ 14.652175, 53.532809 ], [ 14.652174, 53.532809 ], [ 14.652175, 53.53281 ], [ 14.653141, 53.533965 ], [ 14.653143, 53.533968 ], [ 14.653142, 53.533971 ], [ 14.65314, 53.533974 ], [ 14.651945, 53.53505 ], [ 14.651944, 53.535051 ], [ 14.651945, 53.535051 ], [ 14.652914, 53.53621 ], [ 14.652915, 53.536211 ], [ 14.652916, 53.536211 ], [ 14.655079, 53.53629 ], [ 14.655084, 53.53629 ], [ 14.655088, 53.536292 ], [ 14.655091, 53.536295 ], [ 14.656058, 53.537449 ], [ 14.656059, 53.53745 ], [ 14.65606, 53.53745 ], [ 14.658229, 53.537529 ], [ 14.658231, 53.537529 ], [ 14.658231, 53.537529 ], [ 14.659427, 53.536452 ], [ 14.65943, 53.53645 ], [ 14.659435, 53.536449 ], [ 14.65944, 53.536448 ], [ 14.661595, 53.536527 ], [ 14.6616, 53.536527 ], [ 14.661605, 53.536529 ], [ 14.661608, 53.536532 ], [ 14.662575, 53.537686 ], [ 14.662575, 53.537687 ], [ 14.662577, 53.537687 ], [ 14.664746, 53.537766 ], [ 14.664747, 53.537766 ], [ 14.664748, 53.537765 ], [ 14.665944, 53.536689 ], [ 14.665947, 53.536687 ], [ 14.665952, 53.536685 ], [ 14.665957, 53.536685 ], [ 14.668112, 53.536763 ], [ 14.668117, 53.536764 ], [ 14.668121, 53.536766 ], [ 14.668125, 53.536768 ], [ 14.669092, 53.537923 ], [ 14.669092, 53.537924 ], [ 14.669094, 53.537924 ], [ 14.671263, 53.538003 ], [ 14.671265, 53.538002 ], [ 14.671265, 53.538002 ], [ 14.67246, 53.536926 ], [ 14.672464, 53.536923 ], [ 14.672469, 53.536922 ], [ 14.672474, 53.536922 ], [ 14.674629, 53.537 ], [ 14.674634, 53.537 ], [ 14.674638, 53.537002 ], [ 14.674641, 53.537005 ], [ 14.675609, 53.538159 ], [ 14.675609, 53.53816 ], [ 14.675611, 53.53816 ], [ 14.67778, 53.538239 ], [ 14.677782, 53.538239 ], [ 14.677782, 53.538238 ], [ 14.678982, 53.537158 ], [ 14.678982, 53.537157 ], [ 14.678982, 53.537157 ], [ 14.678014, 53.536002 ], [ 14.678013, 53.535999 ], [ 14.678013, 53.535996 ], [ 14.678015, 53.535993 ], [ 14.679206, 53.53492 ], [ 14.67921, 53.534918 ], [ 14.679214, 53.534917 ], [ 14.67922, 53.534916 ], [ 14.681382, 53.534994 ], [ 14.681383, 53.534994 ], [ 14.681384, 53.534994 ], [ 14.682583, 53.533914 ], [ 14.682583, 53.533913 ], [ 14.682583, 53.533912 ], [ 14.681615, 53.532758 ], [ 14.681614, 53.532755 ], [ 14.681614, 53.532752 ], [ 14.681616, 53.532749 ], [ 14.682807, 53.531676 ], [ 14.682811, 53.531674 ], [ 14.682815, 53.531672 ], [ 14.682821, 53.531672 ], [ 14.684983, 53.53175 ], [ 14.684984, 53.53175 ], [ 14.684985, 53.53175 ], [ 14.686183, 53.530669 ], [ 14.686184, 53.530669 ], [ 14.686183, 53.530668 ], [ 14.685213, 53.529509 ], [ 14.685212, 53.529509 ], [ 14.685211, 53.529509 ], [ 14.683049, 53.529431 ], [ 14.683044, 53.52943 ], [ 14.683039, 53.529428 ], [ 14.683036, 53.529426 ], [ 14.682072, 53.528275 ], [ 14.682071, 53.528272 ], [ 14.682071, 53.528269 ], [ 14.682073, 53.528266 ], [ 14.683268, 53.527189 ], [ 14.683268, 53.527189 ], [ 14.683268, 53.527188 ], [ 14.682301, 53.526033 ], [ 14.682299, 53.52603 ], [ 14.6823, 53.526027 ], [ 14.682302, 53.526024 ], [ 14.683496, 53.524948 ], [ 14.683497, 53.524947 ], [ 14.683496, 53.524947 ], [ 14.682529, 53.523792 ], [ 14.682528, 53.523789 ], [ 14.682528, 53.523786 ], [ 14.68253, 53.523783 ], [ 14.683724, 53.522706 ], [ 14.683725, 53.522706 ], [ 14.683725, 53.522705 ], [ 14.682757, 53.52155 ], [ 14.682756, 53.521547 ], [ 14.682756, 53.521544 ], [ 14.682758, 53.521542 ], [ 14.683953, 53.520465 ], [ 14.683953, 53.520464 ], [ 14.683953, 53.520464 ], [ 14.682982, 53.519305 ], [ 14.682982, 53.519305 ], [ 14.682981, 53.519304 ], [ 14.680819, 53.519226 ], [ 14.680814, 53.519225 ], [ 14.68081, 53.519224 ], [ 14.680807, 53.519221 ], [ 14.679843, 53.51807 ], [ 14.679841, 53.518067 ], [ 14.679842, 53.518064 ], [ 14.679844, 53.518061 ], [ 14.681038, 53.516985 ], [ 14.681039, 53.516984 ], [ 14.681038, 53.516984 ], [ 14.680071, 53.515829 ], [ 14.68007, 53.515826 ], [ 14.68007, 53.515823 ], [ 14.680072, 53.51582 ], [ 14.681266, 53.514744 ], [ 14.681267, 53.514743 ], [ 14.681267, 53.514742 ], [ 14.6803, 53.513588 ], [ 14.680298, 53.513585 ], [ 14.680298, 53.513581 ], [ 14.680301, 53.513579 ], [ 14.681491, 53.512506 ], [ 14.681494, 53.512504 ], [ 14.681499, 53.512502 ], [ 14.681504, 53.512502 ], [ 14.683658, 53.51258 ], [ 14.683663, 53.51258 ], [ 14.683667, 53.512582 ], [ 14.68367, 53.512585 ], [ 14.684637, 53.513739 ], [ 14.684638, 53.51374 ], [ 14.684639, 53.51374 ], [ 14.686808, 53.513818 ], [ 14.686809, 53.513818 ], [ 14.68681, 53.513818 ], [ 14.688004, 53.512741 ], [ 14.688008, 53.512739 ], [ 14.688012, 53.512738 ], [ 14.688017, 53.512737 ], [ 14.690171, 53.512815 ], [ 14.690176, 53.512816 ], [ 14.690181, 53.512818 ], [ 14.690184, 53.51282 ], [ 14.691151, 53.513975 ], [ 14.691152, 53.513975 ], [ 14.691153, 53.513975 ], [ 14.693321, 53.514054 ], [ 14.693323, 53.514054 ], [ 14.693323, 53.514053 ], [ 14.694521, 53.512973 ], [ 14.694522, 53.512972 ], [ 14.694522, 53.512971 ], [ 14.693554, 53.511817 ], [ 14.693553, 53.511814 ], [ 14.693553, 53.511811 ], [ 14.693555, 53.511808 ], [ 14.694745, 53.510735 ], [ 14.694749, 53.510733 ], [ 14.694753, 53.510731 ], [ 14.694758, 53.510731 ], [ 14.696919, 53.510809 ], [ 14.696921, 53.510809 ], [ 14.696921, 53.510808 ], [ 14.698115, 53.509732 ], [ 14.698119, 53.509729 ], [ 14.698123, 53.509728 ], [ 14.698129, 53.509728 ], [ 14.70029, 53.509806 ], [ 14.700291, 53.509806 ], [ 14.700292, 53.509805 ], [ 14.701489, 53.508725 ], [ 14.70149, 53.508724 ], [ 14.70149, 53.508723 ], [ 14.700522, 53.507569 ], [ 14.700521, 53.507566 ], [ 14.700521, 53.507563 ], [ 14.700523, 53.50756 ], [ 14.701713, 53.506487 ], [ 14.701716, 53.506485 ], [ 14.701721, 53.506483 ], [ 14.701726, 53.506483 ], [ 14.703887, 53.506561 ], [ 14.703888, 53.506561 ], [ 14.703889, 53.50656 ], [ 14.705086, 53.50548 ], [ 14.705087, 53.505479 ], [ 14.705086, 53.505478 ], [ 14.704119, 53.504324 ], [ 14.704118, 53.504321 ], [ 14.704118, 53.504318 ], [ 14.70412, 53.504315 ], [ 14.705313, 53.503238 ], [ 14.705314, 53.503237 ], [ 14.705313, 53.503237 ], [ 14.704343, 53.502078 ], [ 14.704342, 53.502078 ], [ 14.704341, 53.502078 ], [ 14.70218, 53.502 ], [ 14.702175, 53.501999 ], [ 14.702171, 53.501997 ], [ 14.702168, 53.501995 ], [ 14.701204, 53.500844 ], [ 14.701202, 53.500841 ], [ 14.701203, 53.500838 ], [ 14.701205, 53.500835 ], [ 14.702398, 53.499759 ], [ 14.702398, 53.499758 ], [ 14.702398, 53.499757 ], [ 14.701431, 53.498603 ], [ 14.701429, 53.4986 ], [ 14.70143, 53.498597 ], [ 14.701432, 53.498594 ], [ 14.702625, 53.497517 ], [ 14.702626, 53.497516 ], [ 14.702625, 53.497516 ], [ 14.701658, 53.496361 ], [ 14.701657, 53.496358 ], [ 14.701657, 53.496355 ], [ 14.701659, 53.496352 ], [ 14.702852, 53.495276 ], [ 14.702853, 53.495275 ], [ 14.702852, 53.495274 ], [ 14.701885, 53.49412 ], [ 14.701884, 53.494117 ], [ 14.701884, 53.494114 ], [ 14.701886, 53.494111 ], [ 14.703079, 53.493034 ], [ 14.70308, 53.493033 ], [ 14.703079, 53.493033 ], [ 14.702109, 53.491874 ], [ 14.702108, 53.491874 ], [ 14.702107, 53.491873 ], [ 14.699947, 53.491796 ], [ 14.699942, 53.491795 ], [ 14.699938, 53.491793 ], [ 14.699934, 53.491791 ], [ 14.698967, 53.490636 ], [ 14.698967, 53.490636 ], [ 14.698966, 53.490635 ], [ 14.696806, 53.490558 ], [ 14.6968, 53.490557 ], [ 14.696796, 53.490555 ], [ 14.696793, 53.490553 ], [ 14.695829, 53.489402 ], [ 14.695828, 53.489399 ], [ 14.695828, 53.489396 ], [ 14.69583, 53.489393 ], [ 14.697019, 53.48832 ], [ 14.697023, 53.488318 ], [ 14.697028, 53.488316 ], [ 14.697033, 53.488316 ], [ 14.699193, 53.488394 ], [ 14.699194, 53.488394 ], [ 14.699195, 53.488393 ], [ 14.700392, 53.487313 ], [ 14.700392, 53.487312 ], [ 14.700392, 53.487312 ], [ 14.699425, 53.486157 ], [ 14.699424, 53.486154 ], [ 14.699424, 53.486151 ], [ 14.699426, 53.486148 ], [ 14.700619, 53.485071 ], [ 14.700619, 53.485071 ], [ 14.700619, 53.48507 ], [ 14.699649, 53.483912 ], [ 14.699648, 53.483911 ], [ 14.699647, 53.483911 ], [ 14.697487, 53.483833 ], [ 14.697482, 53.483832 ], [ 14.697478, 53.483831 ], [ 14.697475, 53.483828 ], [ 14.696511, 53.482677 ], [ 14.69651, 53.482674 ], [ 14.69651, 53.482671 ], [ 14.696512, 53.482668 ], [ 14.697701, 53.481596 ], [ 14.697705, 53.481593 ], [ 14.697709, 53.481592 ], [ 14.697715, 53.481592 ], [ 14.699874, 53.481669 ], [ 14.699875, 53.481669 ], [ 14.699876, 53.481669 ], [ 14.701073, 53.480588 ], [ 14.701073, 53.480588 ], [ 14.701073, 53.480587 ], [ 14.700106, 53.479433 ], [ 14.700105, 53.47943 ], [ 14.700105, 53.479426 ], [ 14.700107, 53.479424 ], [ 14.7013, 53.478347 ], [ 14.7013, 53.478346 ], [ 14.7013, 53.478346 ], [ 14.70033, 53.477187 ], [ 14.700329, 53.477187 ], [ 14.700328, 53.477186 ], [ 14.698169, 53.477108 ], [ 14.698164, 53.477108 ], [ 14.698159, 53.477106 ], [ 14.698156, 53.477104 ], [ 14.697193, 53.475953 ], [ 14.697192, 53.47595 ], [ 14.697192, 53.475947 ], [ 14.697194, 53.475944 ], [ 14.698387, 53.474867 ], [ 14.698387, 53.474867 ], [ 14.698387, 53.474866 ], [ 14.69742, 53.473711 ], [ 14.697419, 53.473708 ], [ 14.697419, 53.473705 ], [ 14.697421, 53.473702 ], [ 14.698614, 53.472626 ], [ 14.698614, 53.472625 ], [ 14.698614, 53.472624 ], [ 14.697644, 53.471466 ], [ 14.697643, 53.471465 ], [ 14.697642, 53.471465 ], [ 14.695483, 53.471387 ], [ 14.695478, 53.471387 ], [ 14.695474, 53.471385 ], [ 14.695471, 53.471382 ], [ 14.694507, 53.470232 ], [ 14.694506, 53.470229 ], [ 14.694506, 53.470226 ], [ 14.694508, 53.470223 ], [ 14.695697, 53.46915 ], [ 14.6957, 53.469148 ], [ 14.695705, 53.469146 ], [ 14.69571, 53.469146 ], [ 14.697862, 53.469223 ], [ 14.697867, 53.469224 ], [ 14.697871, 53.469226 ], [ 14.697874, 53.469228 ], [ 14.698841, 53.470383 ], [ 14.698842, 53.470384 ], [ 14.698843, 53.470384 ], [ 14.701002, 53.470462 ], [ 14.701007, 53.470462 ], [ 14.701011, 53.470464 ], [ 14.701014, 53.470466 ], [ 14.701981, 53.471621 ], [ 14.701982, 53.471622 ], [ 14.701983, 53.471622 ], [ 14.704149, 53.4717 ], [ 14.70415, 53.4717 ], [ 14.704151, 53.471699 ], [ 14.705344, 53.470622 ], [ 14.705347, 53.47062 ], [ 14.705352, 53.470619 ], [ 14.705357, 53.470618 ], [ 14.707516, 53.470696 ], [ 14.707517, 53.470696 ], [ 14.707518, 53.470696 ], [ 14.708715, 53.469615 ], [ 14.708715, 53.469614 ], [ 14.708715, 53.469614 ], [ 14.707748, 53.468459 ], [ 14.707746, 53.468456 ], [ 14.707747, 53.468453 ], [ 14.707749, 53.46845 ], [ 14.708937, 53.467377 ], [ 14.708941, 53.467375 ], [ 14.708945, 53.467374 ], [ 14.70895, 53.467373 ], [ 14.711109, 53.467451 ], [ 14.71111, 53.467451 ], [ 14.711111, 53.46745 ], [ 14.712307, 53.46637 ], [ 14.712308, 53.466369 ], [ 14.712308, 53.466368 ], [ 14.711341, 53.465214 ], [ 14.711339, 53.465211 ], [ 14.71134, 53.465208 ], [ 14.711342, 53.465205 ], [ 14.712534, 53.464128 ], [ 14.712534, 53.464128 ], [ 14.712534, 53.464127 ], [ 14.711567, 53.462972 ], [ 14.711566, 53.462969 ], [ 14.711566, 53.462966 ], [ 14.711568, 53.462963 ], [ 14.71276, 53.461887 ], [ 14.71276, 53.461886 ], [ 14.71276, 53.461885 ], [ 14.711793, 53.460731 ], [ 14.711792, 53.460728 ], [ 14.711792, 53.460725 ], [ 14.711794, 53.460722 ], [ 14.712986, 53.459645 ], [ 14.712987, 53.459644 ], [ 14.712986, 53.459644 ], [ 14.71202, 53.458489 ], [ 14.712018, 53.458486 ], [ 14.712019, 53.458483 ], [ 14.712021, 53.45848 ], [ 14.713212, 53.457403 ], [ 14.713213, 53.457403 ], [ 14.713213, 53.457402 ], [ 14.712243, 53.456244 ], [ 14.712242, 53.456243 ], [ 14.712241, 53.456243 ], [ 14.710082, 53.456165 ], [ 14.710077, 53.456165 ], [ 14.710073, 53.456163 ], [ 14.71007, 53.45616 ], [ 14.709107, 53.45501 ], [ 14.709105, 53.455007 ], [ 14.709106, 53.455004 ], [ 14.709108, 53.455001 ], [ 14.710295, 53.453928 ], [ 14.710299, 53.453926 ], [ 14.710304, 53.453924 ], [ 14.710309, 53.453924 ], [ 14.712467, 53.454001 ], [ 14.712468, 53.454001 ], [ 14.712469, 53.454001 ], [ 14.713665, 53.45292 ], [ 14.713665, 53.45292 ], [ 14.713665, 53.452919 ], [ 14.712698, 53.451765 ], [ 14.712697, 53.451762 ], [ 14.712697, 53.451758 ], [ 14.712699, 53.451756 ], [ 14.713891, 53.450679 ], [ 14.713891, 53.450678 ], [ 14.713891, 53.450677 ], [ 14.712924, 53.449523 ], [ 14.712923, 53.44952 ], [ 14.712923, 53.449517 ], [ 14.712925, 53.449514 ], [ 14.714117, 53.448437 ], [ 14.714117, 53.448437 ], [ 14.714117, 53.448436 ], [ 14.713147, 53.447278 ], [ 14.713147, 53.447277 ], [ 14.713145, 53.447277 ], [ 14.710988, 53.447199 ], [ 14.710982, 53.447198 ], [ 14.710978, 53.447197 ], [ 14.710975, 53.447194 ], [ 14.710012, 53.446044 ], [ 14.71001, 53.446041 ], [ 14.710011, 53.446038 ], [ 14.710013, 53.446035 ], [ 14.711204, 53.444958 ], [ 14.711205, 53.444957 ], [ 14.711204, 53.444957 ], [ 14.710235, 53.443798 ], [ 14.710234, 53.443798 ], [ 14.710233, 53.443797 ], [ 14.708075, 53.44372 ], [ 14.70807, 53.443719 ], [ 14.708066, 53.443717 ], [ 14.708063, 53.443715 ], [ 14.7071, 53.442564 ], [ 14.707098, 53.442561 ], [ 14.707099, 53.442558 ], [ 14.707101, 53.442555 ], [ 14.708292, 53.441479 ], [ 14.708293, 53.441478 ], [ 14.708292, 53.441477 ], [ 14.707323, 53.440319 ], [ 14.707322, 53.440318 ], [ 14.707321, 53.440318 ], [ 14.705164, 53.44024 ], [ 14.705159, 53.44024 ], [ 14.705154, 53.440238 ], [ 14.705151, 53.440236 ], [ 14.704188, 53.439085 ], [ 14.704187, 53.439082 ], [ 14.704187, 53.439079 ], [ 14.704189, 53.439076 ], [ 14.705381, 53.437999 ], [ 14.705381, 53.437999 ], [ 14.705381, 53.437998 ], [ 14.704415, 53.436843 ], [ 14.704413, 53.43684 ], [ 14.704414, 53.436837 ], [ 14.704416, 53.436834 ], [ 14.705607, 53.435758 ], [ 14.705608, 53.435757 ], [ 14.705607, 53.435756 ], [ 14.704641, 53.434602 ], [ 14.70464, 53.434599 ], [ 14.70464, 53.434596 ], [ 14.704642, 53.434593 ], [ 14.705833, 53.433516 ], [ 14.705834, 53.433515 ], [ 14.705834, 53.433515 ], [ 14.704868, 53.43236 ], [ 14.704866, 53.432357 ], [ 14.704867, 53.432354 ], [ 14.704869, 53.432351 ], [ 14.70606, 53.431275 ], [ 14.70606, 53.431274 ], [ 14.70606, 53.431273 ], [ 14.705094, 53.430119 ], [ 14.705093, 53.430116 ], [ 14.705093, 53.430113 ], [ 14.705095, 53.43011 ], [ 14.706282, 53.429037 ], [ 14.706286, 53.429034 ], [ 14.70629, 53.429033 ], [ 14.706296, 53.429033 ], [ 14.708445, 53.42911 ], [ 14.70845, 53.429111 ], [ 14.708455, 53.429113 ], [ 14.708458, 53.429115 ], [ 14.709424, 53.430269 ], [ 14.709424, 53.43027 ], [ 14.709425, 53.43027 ], [ 14.711582, 53.430348 ], [ 14.711588, 53.430349 ], [ 14.711592, 53.43035 ], [ 14.711595, 53.430353 ], [ 14.712561, 53.431507 ], [ 14.712562, 53.431508 ], [ 14.712563, 53.431508 ], [ 14.714727, 53.431586 ], [ 14.714729, 53.431586 ], [ 14.714729, 53.431585 ], [ 14.715924, 53.430505 ], [ 14.715925, 53.430504 ], [ 14.715925, 53.430503 ], [ 14.714958, 53.429349 ], [ 14.714957, 53.429346 ], [ 14.714957, 53.429343 ], [ 14.714959, 53.42934 ], [ 14.716146, 53.428267 ], [ 14.71615, 53.428264 ], [ 14.716154, 53.428263 ], [ 14.71616, 53.428263 ], [ 14.718309, 53.42834 ], [ 14.718314, 53.428341 ], [ 14.718319, 53.428342 ], [ 14.718322, 53.428345 ], [ 14.719288, 53.429499 ], [ 14.719289, 53.4295 ], [ 14.71929, 53.4295 ], [ 14.721447, 53.429577 ], [ 14.721452, 53.429578 ], [ 14.721456, 53.42958 ], [ 14.721459, 53.429582 ], [ 14.722426, 53.430737 ], [ 14.722426, 53.430737 ], [ 14.722427, 53.430737 ], [ 14.724585, 53.430815 ], [ 14.72459, 53.430815 ], [ 14.724594, 53.430817 ], [ 14.724597, 53.43082 ], [ 14.72556, 53.43197 ], [ 14.725562, 53.431973 ], [ 14.725561, 53.431976 ], [ 14.725559, 53.431979 ], [ 14.724369, 53.433056 ], [ 14.724368, 53.433057 ], [ 14.724368, 53.433057 ], [ 14.725338, 53.434216 ], [ 14.725339, 53.434216 ], [ 14.72534, 53.434216 ], [ 14.727497, 53.434294 ], [ 14.727502, 53.434294 ], [ 14.727507, 53.434296 ], [ 14.72751, 53.434299 ], [ 14.728476, 53.435453 ], [ 14.728477, 53.435454 ], [ 14.728478, 53.435454 ], [ 14.730636, 53.435531 ], [ 14.730641, 53.435532 ], [ 14.730645, 53.435533 ], [ 14.730648, 53.435536 ], [ 14.731615, 53.43669 ], [ 14.731615, 53.436691 ], [ 14.731617, 53.436691 ], [ 14.733781, 53.436768 ], [ 14.733783, 53.436768 ], [ 14.733783, 53.436768 ], [ 14.734974, 53.435691 ], [ 14.734978, 53.435688 ], [ 14.734982, 53.435687 ], [ 14.734987, 53.435687 ], [ 14.737137, 53.435764 ], [ 14.737143, 53.435764 ], [ 14.737147, 53.435766 ], [ 14.73715, 53.435769 ], [ 14.738114, 53.436919 ], [ 14.738115, 53.436922 ], [ 14.738115, 53.436925 ], [ 14.738113, 53.436928 ], [ 14.736922, 53.438005 ], [ 14.736922, 53.438006 ], [ 14.736922, 53.438006 ], [ 14.737892, 53.439164 ], [ 14.737893, 53.439165 ], [ 14.737894, 53.439165 ], [ 14.740052, 53.439242 ], [ 14.740057, 53.439243 ], [ 14.740061, 53.439245 ], [ 14.740064, 53.439247 ], [ 14.741031, 53.440401 ], [ 14.741032, 53.440402 ], [ 14.741033, 53.440402 ], [ 14.743191, 53.440479 ], [ 14.743196, 53.44048 ], [ 14.7432, 53.440482 ], [ 14.743203, 53.440484 ], [ 14.744167, 53.441634 ], [ 14.744168, 53.441637 ], [ 14.744168, 53.44164 ], [ 14.744166, 53.441643 ], [ 14.742976, 53.44272 ], [ 14.742975, 53.442721 ], [ 14.742975, 53.442722 ], [ 14.743943, 53.443876 ], [ 14.743944, 53.443879 ], [ 14.743944, 53.443882 ], [ 14.743942, 53.443885 ], [ 14.742751, 53.444962 ], [ 14.742751, 53.444963 ], [ 14.742751, 53.444964 ], [ 14.743721, 53.446122 ], [ 14.743722, 53.446122 ], [ 14.743723, 53.446122 ], [ 14.745889, 53.4462 ], [ 14.74589, 53.4462 ], [ 14.745891, 53.446199 ], [ 14.747081, 53.445122 ], [ 14.747085, 53.44512 ], [ 14.747089, 53.445118 ], [ 14.747095, 53.445118 ], [ 14.749252, 53.445195 ], [ 14.749254, 53.445195 ], [ 14.749254, 53.445194 ], [ 14.750445, 53.444117 ], [ 14.750449, 53.444115 ], [ 14.750453, 53.444113 ], [ 14.750458, 53.444113 ], [ 14.752616, 53.44419 ], [ 14.752617, 53.44419 ], [ 14.752618, 53.444189 ], [ 14.753809, 53.443112 ], [ 14.753812, 53.44311 ], [ 14.753817, 53.443108 ], [ 14.753822, 53.443108 ], [ 14.75598, 53.443185 ], [ 14.755981, 53.443185 ], [ 14.755982, 53.443184 ], [ 14.757172, 53.442107 ], [ 14.757176, 53.442105 ], [ 14.75718, 53.442103 ], [ 14.757186, 53.442103 ], [ 14.759336, 53.442179 ], [ 14.759341, 53.44218 ], [ 14.759345, 53.442182 ], [ 14.759348, 53.442184 ], [ 14.760316, 53.443338 ], [ 14.760317, 53.443339 ], [ 14.760318, 53.443339 ], [ 14.762483, 53.443416 ], [ 14.762484, 53.443416 ], [ 14.762485, 53.443415 ], [ 14.763679, 53.442334 ], [ 14.76368, 53.442334 ], [ 14.763679, 53.442333 ], [ 14.762712, 53.441179 ], [ 14.76271, 53.441176 ], [ 14.762711, 53.441173 ], [ 14.762713, 53.44117 ], [ 14.763903, 53.440093 ], [ 14.763903, 53.440092 ], [ 14.763903, 53.440091 ], [ 14.762932, 53.438933 ], [ 14.762931, 53.438933 ], [ 14.76293, 53.438933 ], [ 14.760772, 53.438856 ], [ 14.760767, 53.438855 ], [ 14.760763, 53.438853 ], [ 14.76076, 53.438851 ], [ 14.759792, 53.437697 ], [ 14.759792, 53.437696 ], [ 14.75979, 53.437696 ], [ 14.757633, 53.437619 ], [ 14.757628, 53.437619 ], [ 14.757624, 53.437617 ], [ 14.75762, 53.437614 ], [ 14.756653, 53.43646 ], [ 14.756652, 53.43646 ], [ 14.756651, 53.43646 ], [ 14.754494, 53.436383 ], [ 14.754489, 53.436382 ], [ 14.754484, 53.43638 ], [ 14.754481, 53.436378 ], [ 14.753517, 53.435228 ], [ 14.753516, 53.435225 ], [ 14.753516, 53.435222 ], [ 14.753518, 53.435219 ], [ 14.754708, 53.434141 ], [ 14.754709, 53.434141 ], [ 14.754708, 53.43414 ], [ 14.753738, 53.432982 ], [ 14.753737, 53.432982 ], [ 14.753736, 53.432981 ], [ 14.751579, 53.432904 ], [ 14.751574, 53.432904 ], [ 14.751569, 53.432902 ], [ 14.751566, 53.4329 ], [ 14.750602, 53.431749 ], [ 14.750601, 53.431746 ], [ 14.750601, 53.431743 ], [ 14.750603, 53.43174 ], [ 14.751793, 53.430663 ], [ 14.751794, 53.430662 ], [ 14.751793, 53.430662 ], [ 14.750826, 53.429508 ], [ 14.750825, 53.429505 ], [ 14.750825, 53.429502 ], [ 14.750827, 53.429499 ], [ 14.752013, 53.428425 ], [ 14.752017, 53.428423 ], [ 14.752021, 53.428421 ], [ 14.752026, 53.428421 ], [ 14.754183, 53.428498 ], [ 14.754185, 53.428498 ], [ 14.754185, 53.428497 ], [ 14.755379, 53.427416 ], [ 14.75538, 53.427416 ], [ 14.75538, 53.427415 ], [ 14.754412, 53.426261 ], [ 14.754411, 53.426258 ], [ 14.754411, 53.426255 ], [ 14.754413, 53.426252 ], [ 14.755603, 53.425175 ], [ 14.755604, 53.425174 ], [ 14.755603, 53.425173 ], [ 14.754633, 53.424015 ], [ 14.754632, 53.424015 ], [ 14.754631, 53.424015 ], [ 14.752474, 53.423938 ], [ 14.752469, 53.423937 ], [ 14.752465, 53.423935 ], [ 14.752462, 53.423933 ], [ 14.751495, 53.422779 ], [ 14.751494, 53.422778 ], [ 14.751493, 53.422778 ], [ 14.749329, 53.422701 ], [ 14.749327, 53.422701 ], [ 14.749327, 53.422701 ], [ 14.748137, 53.423779 ], [ 14.748133, 53.423781 ], [ 14.748129, 53.423782 ], [ 14.748123, 53.423783 ], [ 14.745974, 53.423706 ], [ 14.745969, 53.423705 ], [ 14.745964, 53.423704 ], [ 14.745961, 53.423701 ], [ 14.744995, 53.422547 ], [ 14.744994, 53.422546 ], [ 14.744993, 53.422546 ], [ 14.742836, 53.422469 ], [ 14.742831, 53.422468 ], [ 14.742827, 53.422467 ], [ 14.742823, 53.422464 ], [ 14.741857, 53.42131 ], [ 14.741856, 53.421309 ], [ 14.741855, 53.421309 ], [ 14.739698, 53.421232 ], [ 14.739693, 53.421231 ], [ 14.739689, 53.42123 ], [ 14.739686, 53.421227 ], [ 14.738722, 53.420077 ], [ 14.738721, 53.420074 ], [ 14.738721, 53.420071 ], [ 14.738723, 53.420068 ], [ 14.739913, 53.418991 ], [ 14.739914, 53.41899 ], [ 14.739914, 53.41899 ], [ 14.738944, 53.417831 ], [ 14.738943, 53.417831 ], [ 14.738942, 53.417831 ], [ 14.736785, 53.417754 ], [ 14.73678, 53.417753 ], [ 14.736776, 53.417751 ], [ 14.736773, 53.417749 ], [ 14.735806, 53.416594 ], [ 14.735806, 53.416594 ], [ 14.735805, 53.416594 ], [ 14.733648, 53.416516 ], [ 14.733643, 53.416516 ], [ 14.733639, 53.416514 ], [ 14.733636, 53.416512 ], [ 14.732669, 53.415357 ], [ 14.732669, 53.415357 ], [ 14.732667, 53.415357 ], [ 14.730511, 53.415279 ], [ 14.730506, 53.415279 ], [ 14.730502, 53.415277 ], [ 14.730499, 53.415274 ], [ 14.729532, 53.41412 ], [ 14.729532, 53.41412 ], [ 14.729531, 53.414119 ], [ 14.727367, 53.414042 ], [ 14.727366, 53.414042 ], [ 14.727365, 53.414042 ], [ 14.726175, 53.415119 ], [ 14.726171, 53.415122 ], [ 14.726166, 53.415123 ], [ 14.726161, 53.415123 ], [ 14.724012, 53.415046 ], [ 14.724007, 53.415046 ], [ 14.724003, 53.415044 ], [ 14.724, 53.415041 ], [ 14.723034, 53.413887 ], [ 14.723033, 53.413887 ], [ 14.723032, 53.413886 ], [ 14.720876, 53.413809 ], [ 14.720871, 53.413808 ], [ 14.720866, 53.413807 ], [ 14.720863, 53.413804 ], [ 14.719901, 53.412654 ], [ 14.719899, 53.412651 ], [ 14.719899, 53.412648 ], [ 14.719902, 53.412645 ], [ 14.721092, 53.411568 ], [ 14.721092, 53.411567 ], [ 14.721092, 53.411566 ], [ 14.720126, 53.410412 ], [ 14.720125, 53.410409 ], [ 14.720125, 53.410406 ], [ 14.720127, 53.410403 ], [ 14.721317, 53.409326 ], [ 14.721318, 53.409325 ], [ 14.721317, 53.409325 ], [ 14.720351, 53.40817 ], [ 14.72035, 53.408167 ], [ 14.72035, 53.408164 ], [ 14.720352, 53.408161 ], [ 14.721538, 53.407088 ], [ 14.721542, 53.407086 ], [ 14.721547, 53.407085 ], [ 14.721552, 53.407084 ], [ 14.723708, 53.407162 ], [ 14.723709, 53.407161 ], [ 14.72371, 53.407161 ], [ 14.7249, 53.406084 ], [ 14.724903, 53.406082 ], [ 14.724908, 53.40608 ], [ 14.724913, 53.40608 ], [ 14.727069, 53.406157 ], [ 14.72707, 53.406157 ], [ 14.727071, 53.406157 ], [ 14.728261, 53.40508 ], [ 14.728265, 53.405077 ], [ 14.728269, 53.405076 ], [ 14.728274, 53.405076 ], [ 14.730423, 53.405153 ], [ 14.730428, 53.405153 ], [ 14.730432, 53.405155 ], [ 14.730435, 53.405158 ], [ 14.731401, 53.406312 ], [ 14.731402, 53.406312 ], [ 14.731403, 53.406313 ], [ 14.733566, 53.40639 ], [ 14.733568, 53.40639 ], [ 14.733568, 53.406389 ], [ 14.734758, 53.405312 ], [ 14.734762, 53.40531 ], [ 14.734766, 53.405309 ], [ 14.734772, 53.405308 ], [ 14.73692, 53.405385 ], [ 14.736925, 53.405386 ], [ 14.73693, 53.405388 ], [ 14.736933, 53.40539 ], [ 14.737899, 53.406544 ], [ 14.7379, 53.406545 ], [ 14.737901, 53.406545 ], [ 14.740057, 53.406622 ], [ 14.740062, 53.406623 ], [ 14.740066, 53.406625 ], [ 14.740069, 53.406627 ], [ 14.741035, 53.407781 ], [ 14.741036, 53.407782 ], [ 14.741037, 53.407782 ], [ 14.743201, 53.407859 ], [ 14.743202, 53.407859 ], [ 14.743203, 53.407859 ], [ 14.744392, 53.406781 ], [ 14.744396, 53.406779 ], [ 14.7444, 53.406778 ], [ 14.744406, 53.406777 ], [ 14.746554, 53.406854 ], [ 14.746559, 53.406855 ], [ 14.746564, 53.406857 ], [ 14.746567, 53.406859 ], [ 14.747533, 53.408013 ], [ 14.747534, 53.408014 ], [ 14.747535, 53.408014 ], [ 14.749698, 53.408091 ], [ 14.7497, 53.408091 ], [ 14.7497, 53.408091 ], [ 14.75089, 53.407013 ], [ 14.750893, 53.407011 ], [ 14.750898, 53.40701 ], [ 14.750903, 53.407009 ], [ 14.753052, 53.407086 ], [ 14.753057, 53.407087 ], [ 14.753061, 53.407088 ], [ 14.753064, 53.407091 ], [ 14.754031, 53.408245 ], [ 14.754032, 53.408245 ], [ 14.754033, 53.408246 ], [ 14.756196, 53.408323 ], [ 14.756198, 53.408323 ], [ 14.756198, 53.408322 ], [ 14.757388, 53.407245 ], [ 14.757391, 53.407242 ], [ 14.757396, 53.407241 ], [ 14.757401, 53.407241 ], [ 14.75955, 53.407317 ], [ 14.759555, 53.407318 ], [ 14.759559, 53.40732 ], [ 14.759562, 53.407322 ], [ 14.760529, 53.408476 ], [ 14.76053, 53.408477 ], [ 14.760531, 53.408477 ], [ 14.762694, 53.408554 ], [ 14.762696, 53.408554 ], [ 14.762696, 53.408553 ], [ 14.763885, 53.407476 ], [ 14.763889, 53.407474 ], [ 14.763894, 53.407472 ], [ 14.763899, 53.407472 ], [ 14.766055, 53.407548 ], [ 14.766056, 53.407548 ], [ 14.766057, 53.407548 ], [ 14.767246, 53.40647 ], [ 14.767249, 53.406468 ], [ 14.767254, 53.406467 ], [ 14.767259, 53.406466 ], [ 14.769408, 53.406543 ], [ 14.769413, 53.406543 ], [ 14.769417, 53.406545 ], [ 14.76942, 53.406548 ], [ 14.770388, 53.407701 ], [ 14.770388, 53.407702 ], [ 14.770389, 53.407702 ], [ 14.772553, 53.407779 ], [ 14.772554, 53.407779 ], [ 14.772555, 53.407778 ], [ 14.773748, 53.406697 ], [ 14.773748, 53.406697 ], [ 14.773748, 53.406696 ], [ 14.772781, 53.405542 ], [ 14.772779, 53.405539 ], [ 14.772779, 53.405536 ], [ 14.772782, 53.405533 ], [ 14.773966, 53.404459 ], [ 14.77397, 53.404457 ], [ 14.773974, 53.404455 ], [ 14.77398, 53.404455 ], [ 14.776135, 53.404531 ], [ 14.776137, 53.404531 ], [ 14.776138, 53.404531 ], [ 14.777326, 53.403453 ], [ 14.77733, 53.403451 ], [ 14.777334, 53.40345 ], [ 14.77734, 53.403449 ], [ 14.779488, 53.403525 ], [ 14.779493, 53.403526 ], [ 14.779497, 53.403528 ], [ 14.779501, 53.40353 ], [ 14.780468, 53.404684 ], [ 14.780469, 53.404685 ], [ 14.78047, 53.404685 ], [ 14.782633, 53.404762 ], [ 14.782634, 53.404761 ], [ 14.782635, 53.404761 ], [ 14.783824, 53.403683 ], [ 14.783827, 53.403681 ], [ 14.783832, 53.40368 ], [ 14.783837, 53.403679 ], [ 14.785993, 53.403756 ], [ 14.785994, 53.403755 ], [ 14.785995, 53.403755 ], [ 14.787187, 53.402674 ], [ 14.787188, 53.402673 ], [ 14.787187, 53.402672 ], [ 14.78622, 53.401518 ], [ 14.786218, 53.401515 ], [ 14.786219, 53.401512 ], [ 14.786221, 53.401509 ], [ 14.787409, 53.400432 ], [ 14.78741, 53.400431 ], [ 14.787409, 53.40043 ], [ 14.786442, 53.399277 ], [ 14.78644, 53.399274 ], [ 14.786441, 53.399271 ], [ 14.786443, 53.399268 ], [ 14.787627, 53.398194 ], [ 14.78763, 53.398191 ], [ 14.787635, 53.39819 ], [ 14.78764, 53.39819 ], [ 14.789789, 53.398266 ], [ 14.789794, 53.398266 ], [ 14.789798, 53.398268 ], [ 14.789801, 53.398271 ], [ 14.790769, 53.399424 ], [ 14.790769, 53.399425 ], [ 14.79077, 53.399425 ], [ 14.792933, 53.399501 ], [ 14.792935, 53.399501 ], [ 14.792936, 53.399501 ], [ 14.794128, 53.398419 ], [ 14.794128, 53.398419 ], [ 14.794128, 53.398418 ], [ 14.79316, 53.397264 ], [ 14.793159, 53.397261 ], [ 14.793159, 53.397258 ], [ 14.793161, 53.397255 ], [ 14.794349, 53.396178 ], [ 14.79435, 53.396177 ], [ 14.794349, 53.396176 ], [ 14.793378, 53.395019 ], [ 14.793378, 53.395018 ], [ 14.793376, 53.395018 ], [ 14.791221, 53.394942 ], [ 14.791216, 53.394941 ], [ 14.791212, 53.394939 ], [ 14.791208, 53.394937 ], [ 14.790244, 53.393787 ], [ 14.790243, 53.393784 ], [ 14.790243, 53.393781 ], [ 14.790245, 53.393778 ], [ 14.791433, 53.3927 ], [ 14.791434, 53.3927 ], [ 14.791433, 53.392699 ], [ 14.790463, 53.391541 ], [ 14.790462, 53.391541 ], [ 14.790461, 53.39154 ], [ 14.788305, 53.391464 ], [ 14.7883, 53.391464 ], [ 14.788296, 53.391462 ], [ 14.788293, 53.391459 ], [ 14.787326, 53.390305 ], [ 14.787325, 53.390305 ], [ 14.787324, 53.390305 ], [ 14.785169, 53.390229 ], [ 14.785164, 53.390228 ], [ 14.785159, 53.390226 ], [ 14.785156, 53.390224 ], [ 14.784189, 53.38907 ], [ 14.784188, 53.389069 ], [ 14.784187, 53.389069 ], [ 14.782032, 53.388993 ], [ 14.782027, 53.388992 ], [ 14.782022, 53.38899 ], [ 14.782019, 53.388988 ], [ 14.781052, 53.387834 ], [ 14.781052, 53.387833 ], [ 14.78105, 53.387833 ], [ 14.778895, 53.387757 ], [ 14.77889, 53.387756 ], [ 14.778886, 53.387754 ], [ 14.778883, 53.387752 ], [ 14.777916, 53.386598 ], [ 14.777915, 53.386597 ], [ 14.777914, 53.386597 ], [ 14.775759, 53.386521 ], [ 14.775754, 53.38652 ], [ 14.77575, 53.386519 ], [ 14.775747, 53.386516 ], [ 14.77478, 53.385362 ], [ 14.774779, 53.385362 ], [ 14.774778, 53.385361 ], [ 14.772623, 53.385285 ], [ 14.772618, 53.385284 ], [ 14.772613, 53.385282 ], [ 14.77261, 53.38528 ], [ 14.771647, 53.38413 ], [ 14.771645, 53.384127 ], [ 14.771646, 53.384124 ], [ 14.771648, 53.384121 ], [ 14.772832, 53.383047 ], [ 14.772836, 53.383045 ], [ 14.77284, 53.383044 ], [ 14.772845, 53.383043 ], [ 14.775, 53.38312 ], [ 14.775001, 53.383119 ], [ 14.775002, 53.383119 ], [ 14.776194, 53.382038 ], [ 14.776195, 53.382037 ], [ 14.776194, 53.382036 ], [ 14.775228, 53.380882 ], [ 14.775226, 53.380879 ], [ 14.775226, 53.380876 ], [ 14.775229, 53.380874 ], [ 14.776416, 53.379796 ], [ 14.776417, 53.379795 ], [ 14.776417, 53.379795 ], [ 14.77545, 53.378641 ], [ 14.775448, 53.378638 ], [ 14.775449, 53.378635 ], [ 14.775451, 53.378632 ], [ 14.776639, 53.377554 ], [ 14.776639, 53.377554 ], [ 14.776639, 53.377553 ], [ 14.775669, 53.376395 ], [ 14.775668, 53.376394 ], [ 14.775667, 53.376394 ], [ 14.773513, 53.376318 ], [ 14.773507, 53.376317 ], [ 14.773503, 53.376315 ], [ 14.7735, 53.376313 ], [ 14.772533, 53.375159 ], [ 14.772533, 53.375158 ], [ 14.772532, 53.375158 ], [ 14.77037, 53.375082 ], [ 14.770369, 53.375082 ], [ 14.770368, 53.375082 ], [ 14.76918, 53.37616 ], [ 14.769176, 53.376162 ], [ 14.769172, 53.376163 ], [ 14.769166, 53.376164 ], [ 14.767019, 53.376087 ], [ 14.767014, 53.376087 ], [ 14.76701, 53.376085 ], [ 14.767007, 53.376082 ], [ 14.76604, 53.374928 ], [ 14.76604, 53.374928 ], [ 14.766039, 53.374928 ], [ 14.763877, 53.374851 ], [ 14.763876, 53.374851 ], [ 14.763875, 53.374851 ], [ 14.762687, 53.375929 ], [ 14.762683, 53.375931 ], [ 14.762679, 53.375933 ], [ 14.762673, 53.375933 ], [ 14.760519, 53.375856 ], [ 14.760518, 53.375856 ], [ 14.760517, 53.375857 ], [ 14.759325, 53.376938 ], [ 14.759324, 53.376939 ], [ 14.759325, 53.376939 ], [ 14.760291, 53.378093 ], [ 14.760292, 53.378096 ], [ 14.760292, 53.378099 ], [ 14.76029, 53.378102 ], [ 14.759102, 53.37918 ], [ 14.759101, 53.37918 ], [ 14.759101, 53.379181 ], [ 14.760071, 53.380339 ], [ 14.760072, 53.38034 ], [ 14.760073, 53.38034 ], [ 14.762227, 53.380416 ], [ 14.762233, 53.380417 ], [ 14.762237, 53.380419 ], [ 14.76224, 53.380421 ], [ 14.763203, 53.381571 ], [ 14.763205, 53.381574 ], [ 14.763204, 53.381578 ], [ 14.763202, 53.38158 ], [ 14.762018, 53.382654 ], [ 14.762014, 53.382656 ], [ 14.76201, 53.382658 ], [ 14.762004, 53.382658 ], [ 14.759857, 53.382582 ], [ 14.759852, 53.382581 ], [ 14.759848, 53.382579 ], [ 14.759845, 53.382577 ], [ 14.758878, 53.381423 ], [ 14.758878, 53.381422 ], [ 14.758876, 53.381422 ], [ 14.756722, 53.381345 ], [ 14.756717, 53.381345 ], [ 14.756712, 53.381343 ], [ 14.756709, 53.38134 ], [ 14.755743, 53.380186 ], [ 14.755742, 53.380186 ], [ 14.755741, 53.380186 ], [ 14.753587, 53.380109 ], [ 14.753581, 53.380108 ], [ 14.753577, 53.380106 ], [ 14.753574, 53.380104 ], [ 14.752608, 53.37895 ], [ 14.752607, 53.378949 ], [ 14.752606, 53.378949 ], [ 14.750452, 53.378872 ], [ 14.750446, 53.378871 ], [ 14.750442, 53.37887 ], [ 14.750439, 53.378867 ], [ 14.749473, 53.377713 ], [ 14.749472, 53.377713 ], [ 14.749471, 53.377712 ], [ 14.747317, 53.377636 ], [ 14.747312, 53.377635 ], [ 14.747307, 53.377633 ], [ 14.747304, 53.377631 ], [ 14.746338, 53.376476 ], [ 14.746338, 53.376476 ], [ 14.746336, 53.376476 ], [ 14.744182, 53.376399 ], [ 14.744177, 53.376398 ], [ 14.744173, 53.376396 ], [ 14.74417, 53.376394 ], [ 14.743204, 53.37524 ], [ 14.743203, 53.375239 ], [ 14.743202, 53.375239 ], [ 14.741048, 53.375162 ], [ 14.741043, 53.375161 ], [ 14.741038, 53.37516 ], [ 14.741035, 53.375157 ], [ 14.740069, 53.374003 ], [ 14.740069, 53.374002 ], [ 14.740068, 53.374002 ], [ 14.737913, 53.373925 ], [ 14.737908, 53.373924 ], [ 14.737904, 53.373923 ], [ 14.737901, 53.37392 ], [ 14.736939, 53.37277 ], [ 14.736937, 53.372767 ], [ 14.736937, 53.372764 ], [ 14.736939, 53.372761 ], [ 14.738124, 53.371687 ], [ 14.738128, 53.371685 ], [ 14.738132, 53.371684 ], [ 14.738138, 53.371683 ], [ 14.740292, 53.37176 ], [ 14.740293, 53.37176 ], [ 14.740294, 53.37176 ], [ 14.741482, 53.370683 ], [ 14.741486, 53.37068 ], [ 14.74149, 53.370679 ], [ 14.741496, 53.370679 ], [ 14.74365, 53.370756 ], [ 14.743651, 53.370755 ], [ 14.743652, 53.370755 ], [ 14.744844, 53.369674 ], [ 14.744845, 53.369673 ], [ 14.744844, 53.369673 ], [ 14.743879, 53.368519 ], [ 14.743877, 53.368516 ], [ 14.743878, 53.368512 ], [ 14.74388, 53.36851 ], [ 14.745064, 53.367436 ], [ 14.745068, 53.367434 ], [ 14.745072, 53.367432 ], [ 14.745077, 53.367432 ], [ 14.747231, 53.367509 ], [ 14.747232, 53.367509 ], [ 14.747233, 53.367508 ], [ 14.748422, 53.366431 ], [ 14.748425, 53.366429 ], [ 14.74843, 53.366427 ], [ 14.748435, 53.366427 ], [ 14.750589, 53.366504 ], [ 14.75059, 53.366504 ], [ 14.750591, 53.366503 ], [ 14.751779, 53.365426 ], [ 14.751783, 53.365424 ], [ 14.751787, 53.365422 ], [ 14.751792, 53.365422 ], [ 14.753946, 53.365499 ], [ 14.753947, 53.365499 ], [ 14.753948, 53.365498 ], [ 14.755136, 53.364421 ], [ 14.75514, 53.364419 ], [ 14.755145, 53.364417 ], [ 14.75515, 53.364417 ], [ 14.757304, 53.364493 ], [ 14.757305, 53.364493 ], [ 14.757306, 53.364493 ], [ 14.758493, 53.363416 ], [ 14.758497, 53.363413 ], [ 14.758502, 53.363412 ], [ 14.758507, 53.363412 ], [ 14.760661, 53.363488 ], [ 14.760662, 53.363488 ], [ 14.760663, 53.363488 ], [ 14.761855, 53.362406 ], [ 14.761855, 53.362406 ], [ 14.761855, 53.362405 ], [ 14.760889, 53.361251 ], [ 14.760887, 53.361248 ], [ 14.760888, 53.361245 ], [ 14.76089, 53.361242 ], [ 14.762077, 53.360165 ], [ 14.762078, 53.360164 ], [ 14.762077, 53.360163 ], [ 14.761112, 53.359009 ], [ 14.76111, 53.359006 ], [ 14.76111, 53.359003 ], [ 14.761113, 53.359 ], [ 14.7623, 53.357923 ], [ 14.762301, 53.357922 ], [ 14.7623, 53.357922 ], [ 14.761334, 53.356768 ], [ 14.761333, 53.356765 ], [ 14.761333, 53.356762 ], [ 14.761335, 53.356759 ], [ 14.762519, 53.355685 ], [ 14.762522, 53.355683 ], [ 14.762527, 53.355681 ], [ 14.762532, 53.355681 ], [ 14.764686, 53.355757 ], [ 14.764687, 53.355757 ], [ 14.764688, 53.355757 ], [ 14.765879, 53.354676 ], [ 14.76588, 53.354675 ], [ 14.765879, 53.354674 ], [ 14.764913, 53.35352 ], [ 14.764912, 53.353517 ], [ 14.764912, 53.353514 ], [ 14.764914, 53.353511 ], [ 14.766102, 53.352434 ], [ 14.766102, 53.352433 ], [ 14.766102, 53.352433 ], [ 14.765136, 53.351279 ], [ 14.765135, 53.351276 ], [ 14.765135, 53.351273 ], [ 14.765137, 53.35127 ], [ 14.76632, 53.350196 ], [ 14.766324, 53.350194 ], [ 14.766329, 53.350192 ], [ 14.766334, 53.350192 ], [ 14.768487, 53.350268 ], [ 14.768488, 53.350268 ], [ 14.768489, 53.350268 ], [ 14.76968, 53.349187 ], [ 14.769681, 53.349186 ], [ 14.76968, 53.349185 ], [ 14.768714, 53.348031 ], [ 14.768713, 53.348028 ], [ 14.768713, 53.348025 ], [ 14.768715, 53.348022 ], [ 14.769898, 53.346948 ], [ 14.769902, 53.346946 ], [ 14.769907, 53.346945 ], [ 14.769912, 53.346944 ], [ 14.772057, 53.347021 ], [ 14.772062, 53.347021 ], [ 14.772067, 53.347023 ], [ 14.77207, 53.347026 ], [ 14.773033, 53.348176 ], [ 14.773034, 53.348179 ], [ 14.773034, 53.348182 ], [ 14.773032, 53.348185 ], [ 14.771845, 53.349262 ], [ 14.771844, 53.349263 ], [ 14.771844, 53.349263 ], [ 14.772814, 53.350421 ], [ 14.772814, 53.350422 ], [ 14.772816, 53.350422 ], [ 14.774969, 53.350498 ], [ 14.774974, 53.350499 ], [ 14.774978, 53.350501 ], [ 14.774981, 53.350503 ], [ 14.775947, 53.351657 ], [ 14.775948, 53.351658 ], [ 14.775949, 53.351658 ], [ 14.77811, 53.351735 ], [ 14.778111, 53.351735 ], [ 14.778112, 53.351734 ], [ 14.779299, 53.350656 ], [ 14.779302, 53.350654 ], [ 14.779307, 53.350653 ], [ 14.779312, 53.350652 ], [ 14.781458, 53.350728 ], [ 14.781463, 53.350729 ], [ 14.781467, 53.350731 ], [ 14.781471, 53.350733 ], [ 14.782437, 53.351887 ], [ 14.782438, 53.351888 ], [ 14.782439, 53.351888 ], [ 14.784592, 53.351964 ], [ 14.784597, 53.351965 ], [ 14.784601, 53.351967 ], [ 14.784605, 53.351969 ], [ 14.785571, 53.353123 ], [ 14.785572, 53.353123 ], [ 14.785573, 53.353124 ], [ 14.787733, 53.3532 ], [ 14.787735, 53.3532 ], [ 14.787735, 53.353199 ], [ 14.788926, 53.352118 ], [ 14.788927, 53.352117 ], [ 14.788926, 53.352117 ], [ 14.78796, 53.350963 ], [ 14.787959, 53.35096 ], [ 14.787959, 53.350957 ], [ 14.787961, 53.350954 ], [ 14.789148, 53.349876 ], [ 14.789148, 53.349876 ], [ 14.789148, 53.349875 ], [ 14.788181, 53.348721 ], [ 14.78818, 53.348718 ], [ 14.78818, 53.348715 ], [ 14.788182, 53.348712 ], [ 14.789369, 53.347634 ], [ 14.789369, 53.347634 ], [ 14.789369, 53.347633 ], [ 14.788403, 53.346479 ], [ 14.788401, 53.346476 ], [ 14.788402, 53.346473 ], [ 14.788404, 53.34647 ], [ 14.789586, 53.345396 ], [ 14.78959, 53.345394 ], [ 14.789594, 53.345393 ], [ 14.7896, 53.345392 ], [ 14.791753, 53.345468 ], [ 14.791754, 53.345468 ], [ 14.791755, 53.345468 ], [ 14.792941, 53.34439 ], [ 14.792945, 53.344388 ], [ 14.792949, 53.344386 ], [ 14.792954, 53.344386 ], [ 14.795107, 53.344462 ], [ 14.795109, 53.344462 ], [ 14.795109, 53.344461 ], [ 14.7963, 53.34338 ], [ 14.7963, 53.343379 ], [ 14.7963, 53.343379 ], [ 14.795333, 53.342225 ], [ 14.795332, 53.342222 ], [ 14.795332, 53.342219 ], [ 14.795334, 53.342216 ], [ 14.796521, 53.341138 ], [ 14.796521, 53.341137 ], [ 14.796521, 53.341137 ], [ 14.795554, 53.339983 ], [ 14.795553, 53.33998 ], [ 14.795553, 53.339977 ], [ 14.795555, 53.339974 ], [ 14.796737, 53.3389 ], [ 14.796741, 53.338898 ], [ 14.796746, 53.338896 ], [ 14.796751, 53.338896 ], [ 14.798904, 53.338972 ], [ 14.798905, 53.338972 ], [ 14.798906, 53.338971 ], [ 14.800092, 53.337893 ], [ 14.800095, 53.337891 ], [ 14.8001, 53.33789 ], [ 14.800105, 53.337889 ], [ 14.802258, 53.337965 ], [ 14.802259, 53.337965 ], [ 14.80226, 53.337965 ], [ 14.803446, 53.336887 ], [ 14.803449, 53.336884 ], [ 14.803454, 53.336883 ], [ 14.803459, 53.336883 ], [ 14.805612, 53.336959 ], [ 14.805613, 53.336958 ], [ 14.805614, 53.336958 ], [ 14.806804, 53.335876 ], [ 14.806804, 53.335876 ], [ 14.806804, 53.335875 ], [ 14.805837, 53.334721 ], [ 14.805836, 53.334718 ], [ 14.805836, 53.334715 ], [ 14.805838, 53.334712 ], [ 14.807024, 53.333634 ], [ 14.807024, 53.333634 ], [ 14.807024, 53.333633 ], [ 14.806058, 53.332479 ], [ 14.806056, 53.332476 ], [ 14.806056, 53.332473 ], [ 14.806058, 53.332471 ], [ 14.807244, 53.331393 ], [ 14.807245, 53.331392 ], [ 14.807244, 53.331391 ], [ 14.806278, 53.330238 ], [ 14.806276, 53.330235 ], [ 14.806277, 53.330231 ], [ 14.806279, 53.330229 ], [ 14.807464, 53.329151 ], [ 14.807465, 53.32915 ], [ 14.807464, 53.329149 ], [ 14.806495, 53.327992 ], [ 14.806494, 53.327991 ], [ 14.806493, 53.327991 ], [ 14.804341, 53.327915 ], [ 14.804336, 53.327915 ], [ 14.804331, 53.327913 ], [ 14.804328, 53.32791 ], [ 14.803365, 53.326761 ], [ 14.803364, 53.326758 ], [ 14.803364, 53.326754 ], [ 14.803366, 53.326752 ], [ 14.804552, 53.325674 ], [ 14.804552, 53.325673 ], [ 14.804552, 53.325672 ], [ 14.803582, 53.324515 ], [ 14.803581, 53.324514 ], [ 14.80358, 53.324514 ], [ 14.801421, 53.324438 ], [ 14.80142, 53.324438 ], [ 14.801419, 53.324439 ], [ 14.800233, 53.325516 ], [ 14.80023, 53.325519 ], [ 14.800225, 53.32552 ], [ 14.80022, 53.32552 ], [ 14.798068, 53.325444 ], [ 14.798067, 53.325445 ], [ 14.798066, 53.325445 ], [ 14.796876, 53.326527 ], [ 14.796876, 53.326527 ], [ 14.796876, 53.326528 ], [ 14.797845, 53.327686 ], [ 14.797846, 53.327686 ], [ 14.797847, 53.327686 ], [ 14.799999, 53.327762 ], [ 14.800004, 53.327763 ], [ 14.800009, 53.327765 ], [ 14.800012, 53.327767 ], [ 14.800975, 53.328917 ], [ 14.800976, 53.32892 ], [ 14.800976, 53.328923 ], [ 14.800974, 53.328926 ], [ 14.799792, 53.33 ], [ 14.799789, 53.330002 ], [ 14.799784, 53.330004 ], [ 14.799779, 53.330004 ], [ 14.797627, 53.329928 ], [ 14.797625, 53.329928 ], [ 14.797625, 53.329929 ], [ 14.796439, 53.331007 ], [ 14.796435, 53.331009 ], [ 14.79643, 53.33101 ], [ 14.796425, 53.331011 ], [ 14.794273, 53.330935 ], [ 14.794272, 53.330935 ], [ 14.794271, 53.330935 ], [ 14.793085, 53.332013 ], [ 14.793081, 53.332015 ], [ 14.793077, 53.332017 ], [ 14.793071, 53.332017 ], [ 14.790919, 53.331941 ], [ 14.790918, 53.331941 ], [ 14.790917, 53.331942 ], [ 14.789727, 53.333023 ], [ 14.789727, 53.333024 ], [ 14.789727, 53.333024 ], [ 14.790693, 53.334178 ], [ 14.790694, 53.334181 ], [ 14.790694, 53.334184 ], [ 14.790692, 53.334187 ], [ 14.78951, 53.335261 ], [ 14.789506, 53.335263 ], [ 14.789502, 53.335265 ], [ 14.789496, 53.335265 ], [ 14.787351, 53.335189 ], [ 14.787346, 53.335189 ], [ 14.787342, 53.335187 ], [ 14.787339, 53.335184 ], [ 14.786373, 53.334031 ], [ 14.786372, 53.33403 ], [ 14.786371, 53.33403 ], [ 14.784211, 53.333953 ], [ 14.78421, 53.333954 ], [ 14.784209, 53.333954 ], [ 14.783019, 53.335035 ], [ 14.783018, 53.335036 ], [ 14.783019, 53.335037 ], [ 14.783985, 53.336191 ], [ 14.783986, 53.336194 ], [ 14.783986, 53.336197 ], [ 14.783984, 53.3362 ], [ 14.782801, 53.337274 ], [ 14.782798, 53.337276 ], [ 14.782793, 53.337277 ], [ 14.782788, 53.337278 ], [ 14.780643, 53.337202 ], [ 14.780638, 53.337201 ], [ 14.780633, 53.337199 ], [ 14.78063, 53.337197 ], [ 14.779664, 53.336043 ], [ 14.779664, 53.336042 ], [ 14.779662, 53.336042 ], [ 14.777503, 53.335965 ], [ 14.777501, 53.335966 ], [ 14.777501, 53.335966 ], [ 14.776314, 53.337044 ], [ 14.77631, 53.337046 ], [ 14.776306, 53.337047 ], [ 14.776301, 53.337048 ], [ 14.774148, 53.336971 ], [ 14.774147, 53.336971 ], [ 14.774146, 53.336972 ], [ 14.772959, 53.338049 ], [ 14.772956, 53.338052 ], [ 14.772951, 53.338053 ], [ 14.772946, 53.338054 ], [ 14.770793, 53.337977 ], [ 14.770792, 53.337977 ], [ 14.770791, 53.337978 ], [ 14.7696, 53.339059 ], [ 14.7696, 53.33906 ], [ 14.7696, 53.33906 ], [ 14.770566, 53.340214 ], [ 14.770567, 53.340217 ], [ 14.770567, 53.34022 ], [ 14.770565, 53.340223 ], [ 14.769382, 53.341297 ], [ 14.769379, 53.341299 ], [ 14.769374, 53.341301 ], [ 14.769369, 53.341301 ], [ 14.767216, 53.341225 ], [ 14.767215, 53.341225 ], [ 14.767214, 53.341225 ], [ 14.766027, 53.342303 ], [ 14.766023, 53.342305 ], [ 14.766019, 53.342306 ], [ 14.766014, 53.342307 ], [ 14.763868, 53.34223 ], [ 14.763863, 53.34223 ], [ 14.763859, 53.342228 ], [ 14.763856, 53.342225 ], [ 14.762894, 53.341075 ], [ 14.762892, 53.341072 ], [ 14.762892, 53.341069 ], [ 14.762894, 53.341066 ], [ 14.764081, 53.339989 ], [ 14.764082, 53.339988 ], [ 14.764082, 53.339988 ], [ 14.763116, 53.338834 ], [ 14.763115, 53.338831 ], [ 14.763115, 53.338828 ], [ 14.763117, 53.338825 ], [ 14.7643, 53.337751 ], [ 14.764304, 53.337749 ], [ 14.764308, 53.337747 ], [ 14.764313, 53.337747 ], [ 14.766466, 53.337823 ], [ 14.766467, 53.337823 ], [ 14.766468, 53.337823 ], [ 14.767655, 53.336745 ], [ 14.767658, 53.336743 ], [ 14.767663, 53.336742 ], [ 14.767668, 53.336741 ], [ 14.769821, 53.336818 ], [ 14.769822, 53.336818 ], [ 14.769823, 53.336817 ], [ 14.771014, 53.335736 ], [ 14.771014, 53.335735 ], [ 14.771014, 53.335735 ], [ 14.770048, 53.334581 ], [ 14.770047, 53.334578 ], [ 14.770047, 53.334575 ], [ 14.770049, 53.334572 ], [ 14.771236, 53.333494 ], [ 14.771236, 53.333493 ], [ 14.771236, 53.333493 ], [ 14.77027, 53.332339 ], [ 14.770269, 53.332336 ], [ 14.770269, 53.332333 ], [ 14.770271, 53.33233 ], [ 14.771458, 53.331252 ], [ 14.771458, 53.331252 ], [ 14.771458, 53.331251 ], [ 14.770489, 53.330093 ], [ 14.770488, 53.330093 ], [ 14.770487, 53.330092 ], [ 14.768335, 53.330016 ], [ 14.76833, 53.330015 ], [ 14.768326, 53.330014 ], [ 14.768323, 53.330011 ], [ 14.767357, 53.328857 ], [ 14.767356, 53.328856 ], [ 14.767355, 53.328856 ], [ 14.765203, 53.32878 ], [ 14.765198, 53.328779 ], [ 14.765194, 53.328777 ], [ 14.765191, 53.328775 ], [ 14.764225, 53.327621 ], [ 14.764225, 53.32762 ], [ 14.764224, 53.32762 ], [ 14.762072, 53.327544 ], [ 14.762066, 53.327543 ], [ 14.762062, 53.327541 ], [ 14.762059, 53.327539 ], [ 14.761094, 53.326385 ], [ 14.761093, 53.326384 ], [ 14.761092, 53.326384 ], [ 14.758933, 53.326307 ], [ 14.758932, 53.326307 ], [ 14.758931, 53.326308 ], [ 14.757744, 53.327385 ], [ 14.75774, 53.327387 ], [ 14.757736, 53.327389 ], [ 14.75773, 53.327389 ], [ 14.755586, 53.327313 ], [ 14.755581, 53.327312 ], [ 14.755576, 53.32731 ], [ 14.755573, 53.327308 ], [ 14.754608, 53.326154 ], [ 14.754608, 53.326153 ], [ 14.754606, 53.326153 ], [ 14.752447, 53.326076 ], [ 14.752446, 53.326076 ], [ 14.752445, 53.326077 ], [ 14.751258, 53.327154 ], [ 14.751255, 53.327156 ], [ 14.75125, 53.327158 ], [ 14.751245, 53.327158 ], [ 14.749093, 53.327081 ], [ 14.749092, 53.327081 ], [ 14.749091, 53.327082 ], [ 14.747904, 53.328159 ], [ 14.7479, 53.328161 ], [ 14.747896, 53.328163 ], [ 14.74789, 53.328163 ], [ 14.745739, 53.328086 ], [ 14.745737, 53.328086 ], [ 14.745736, 53.328087 ], [ 14.744549, 53.329164 ], [ 14.744546, 53.329166 ], [ 14.744541, 53.329168 ], [ 14.744536, 53.329168 ], [ 14.742384, 53.329091 ], [ 14.742383, 53.329091 ], [ 14.742382, 53.329092 ], [ 14.741195, 53.330169 ], [ 14.741191, 53.330171 ], [ 14.741186, 53.330173 ], [ 14.741181, 53.330173 ], [ 14.739029, 53.330096 ], [ 14.739028, 53.330096 ], [ 14.739027, 53.330097 ], [ 14.737836, 53.331177 ], [ 14.737835, 53.331178 ], [ 14.737836, 53.331179 ], [ 14.7388, 53.332333 ], [ 14.738802, 53.332336 ], [ 14.738801, 53.332339 ], [ 14.738799, 53.332342 ], [ 14.737616, 53.333415 ], [ 14.737612, 53.333418 ], [ 14.737608, 53.333419 ], [ 14.737602, 53.333419 ], [ 14.73545, 53.333342 ], [ 14.735449, 53.333343 ], [ 14.735448, 53.333343 ], [ 14.734261, 53.33442 ], [ 14.734257, 53.334422 ], [ 14.734252, 53.334424 ], [ 14.734247, 53.334424 ], [ 14.732095, 53.334347 ], [ 14.732094, 53.334347 ], [ 14.732093, 53.334348 ], [ 14.730905, 53.335425 ], [ 14.730902, 53.335427 ], [ 14.730897, 53.335429 ], [ 14.730892, 53.335429 ], [ 14.72874, 53.335352 ], [ 14.728738, 53.335352 ], [ 14.728738, 53.335352 ], [ 14.72755, 53.336429 ], [ 14.727546, 53.336432 ], [ 14.727541, 53.336433 ], [ 14.727536, 53.336433 ], [ 14.725384, 53.336356 ], [ 14.725383, 53.336356 ], [ 14.725382, 53.336357 ], [ 14.724194, 53.337434 ], [ 14.72419, 53.337436 ], [ 14.724186, 53.337437 ], [ 14.724181, 53.337438 ], [ 14.722028, 53.337361 ], [ 14.722027, 53.337361 ], [ 14.722026, 53.337361 ], [ 14.720834, 53.338442 ], [ 14.720834, 53.338443 ], [ 14.720834, 53.338443 ], [ 14.721798, 53.339598 ], [ 14.7218, 53.339601 ], [ 14.7218, 53.339604 ], [ 14.721797, 53.339606 ], [ 14.720609, 53.340683 ], [ 14.720609, 53.340684 ], [ 14.720609, 53.340685 ], [ 14.721574, 53.341839 ], [ 14.721575, 53.341842 ], [ 14.721575, 53.341845 ], [ 14.721573, 53.341848 ], [ 14.720389, 53.342921 ], [ 14.720385, 53.342924 ], [ 14.72038, 53.342925 ], [ 14.720375, 53.342925 ], [ 14.71823, 53.342848 ], [ 14.718225, 53.342848 ], [ 14.71822, 53.342846 ], [ 14.718217, 53.342843 ], [ 14.717253, 53.341689 ], [ 14.717252, 53.341688 ], [ 14.717251, 53.341688 ], [ 14.715091, 53.341611 ], [ 14.71509, 53.341611 ], [ 14.715089, 53.341611 ], [ 14.713901, 53.342688 ], [ 14.713897, 53.34269 ], [ 14.713893, 53.342692 ], [ 14.713887, 53.342692 ], [ 14.711735, 53.342615 ], [ 14.711734, 53.342615 ], [ 14.711733, 53.342615 ], [ 14.71054, 53.343696 ], [ 14.71054, 53.343697 ], [ 14.71054, 53.343697 ], [ 14.711504, 53.344852 ], [ 14.711506, 53.344855 ], [ 14.711506, 53.344858 ], [ 14.711503, 53.344861 ], [ 14.710315, 53.345937 ], [ 14.710314, 53.345938 ], [ 14.710315, 53.345939 ], [ 14.711282, 53.347097 ], [ 14.711283, 53.347098 ], [ 14.711284, 53.347098 ], [ 14.713437, 53.347175 ], [ 14.713442, 53.347176 ], [ 14.713446, 53.347178 ], [ 14.71345, 53.34718 ], [ 14.714411, 53.348331 ], [ 14.714412, 53.348334 ], [ 14.714412, 53.348337 ], [ 14.71441, 53.34834 ], [ 14.713225, 53.349413 ], [ 14.713222, 53.349415 ], [ 14.713217, 53.349417 ], [ 14.713212, 53.349417 ], [ 14.711066, 53.34934 ], [ 14.711061, 53.349339 ], [ 14.711057, 53.349337 ], [ 14.711054, 53.349335 ], [ 14.710089, 53.34818 ], [ 14.710089, 53.34818 ], [ 14.710087, 53.34818 ], [ 14.707927, 53.348102 ], [ 14.707926, 53.348102 ], [ 14.707925, 53.348102 ], [ 14.706737, 53.349179 ], [ 14.706733, 53.349182 ], [ 14.706728, 53.349183 ], [ 14.706723, 53.349183 ], [ 14.70457, 53.349106 ], [ 14.704569, 53.349106 ], [ 14.704568, 53.349106 ], [ 14.703375, 53.350187 ], [ 14.703375, 53.350187 ], [ 14.703375, 53.350188 ], [ 14.704343, 53.351347 ], [ 14.704343, 53.351347 ], [ 14.704345, 53.351347 ], [ 14.706498, 53.351425 ], [ 14.706503, 53.351426 ], [ 14.706507, 53.351427 ], [ 14.70651, 53.35143 ], [ 14.707474, 53.352584 ], [ 14.707475, 53.352585 ], [ 14.707476, 53.352585 ], [ 14.709629, 53.352663 ], [ 14.709634, 53.352663 ], [ 14.709639, 53.352665 ], [ 14.709642, 53.352668 ], [ 14.710606, 53.353822 ], [ 14.710607, 53.353823 ], [ 14.710608, 53.353823 ], [ 14.712761, 53.3539 ], [ 14.712766, 53.353901 ], [ 14.712771, 53.353903 ], [ 14.712774, 53.353905 ], [ 14.713738, 53.35506 ], [ 14.713739, 53.35506 ], [ 14.71374, 53.35506 ], [ 14.715893, 53.355138 ], [ 14.715898, 53.355138 ], [ 14.715903, 53.35514 ], [ 14.715906, 53.355143 ], [ 14.716867, 53.356293 ], [ 14.716868, 53.356296 ], [ 14.716868, 53.356299 ], [ 14.716866, 53.356302 ], [ 14.715677, 53.357379 ], [ 14.715677, 53.35738 ], [ 14.715677, 53.35738 ], [ 14.716645, 53.358539 ], [ 14.716646, 53.358539 ], [ 14.716647, 53.358539 ], [ 14.7188, 53.358617 ], [ 14.718805, 53.358618 ], [ 14.71881, 53.358619 ], [ 14.718813, 53.358622 ], [ 14.719774, 53.359772 ], [ 14.719776, 53.359775 ], [ 14.719775, 53.359778 ], [ 14.719773, 53.359781 ], [ 14.718589, 53.360854 ], [ 14.718585, 53.360857 ], [ 14.71858, 53.360858 ], [ 14.718575, 53.360858 ], [ 14.716429, 53.360781 ], [ 14.716424, 53.360781 ], [ 14.71642, 53.360779 ], [ 14.716417, 53.360776 ], [ 14.715452, 53.359622 ], [ 14.715451, 53.359621 ], [ 14.71545, 53.359621 ], [ 14.713289, 53.359544 ], [ 14.713288, 53.359544 ], [ 14.713287, 53.359544 ], [ 14.712098, 53.360621 ], [ 14.712095, 53.360623 ], [ 14.71209, 53.360625 ], [ 14.712085, 53.360625 ], [ 14.709939, 53.360548 ], [ 14.709934, 53.360547 ], [ 14.709929, 53.360545 ], [ 14.709926, 53.360543 ], [ 14.708962, 53.359388 ], [ 14.708961, 53.359388 ], [ 14.70896, 53.359388 ], [ 14.706806, 53.35931 ], [ 14.706801, 53.359309 ], [ 14.706797, 53.359308 ], [ 14.706794, 53.359305 ], [ 14.70583, 53.358151 ], [ 14.705829, 53.35815 ], [ 14.705828, 53.35815 ], [ 14.703667, 53.358072 ], [ 14.703666, 53.358072 ], [ 14.703665, 53.358073 ], [ 14.702476, 53.359149 ], [ 14.702472, 53.359152 ], [ 14.702468, 53.359153 ], [ 14.702462, 53.359153 ], [ 14.700316, 53.359076 ], [ 14.700311, 53.359075 ], [ 14.700307, 53.359074 ], [ 14.700304, 53.359071 ], [ 14.69934, 53.357917 ], [ 14.699339, 53.357916 ], [ 14.699338, 53.357916 ], [ 14.697185, 53.357838 ], [ 14.69718, 53.357837 ], [ 14.697175, 53.357836 ], [ 14.697172, 53.357833 ], [ 14.696208, 53.356679 ], [ 14.696207, 53.356678 ], [ 14.696206, 53.356678 ], [ 14.694053, 53.3566 ], [ 14.694048, 53.356599 ], [ 14.694043, 53.356598 ], [ 14.69404, 53.356595 ], [ 14.693076, 53.355441 ], [ 14.693076, 53.35544 ], [ 14.693075, 53.35544 ], [ 14.690921, 53.355362 ], [ 14.690916, 53.355361 ], [ 14.690912, 53.35536 ], [ 14.690909, 53.355357 ], [ 14.689945, 53.354202 ], [ 14.689944, 53.354202 ], [ 14.689943, 53.354202 ], [ 14.68779, 53.354124 ], [ 14.687785, 53.354123 ], [ 14.687781, 53.354121 ], [ 14.687778, 53.354119 ], [ 14.686814, 53.352964 ], [ 14.686813, 53.352964 ], [ 14.686812, 53.352964 ], [ 14.684659, 53.352886 ], [ 14.684654, 53.352885 ], [ 14.68465, 53.352883 ], [ 14.684646, 53.352881 ], [ 14.683683, 53.351726 ], [ 14.683682, 53.351725 ], [ 14.683681, 53.351725 ], [ 14.681521, 53.351647 ], [ 14.681519, 53.351647 ], [ 14.681519, 53.351648 ], [ 14.680329, 53.352724 ], [ 14.680326, 53.352726 ], [ 14.680321, 53.352728 ], [ 14.680316, 53.352728 ], [ 14.67817, 53.35265 ], [ 14.678165, 53.35265 ], [ 14.678161, 53.352648 ], [ 14.678158, 53.352645 ], [ 14.677194, 53.351491 ], [ 14.677193, 53.35149 ], [ 14.677192, 53.35149 ], [ 14.675032, 53.351412 ], [ 14.675031, 53.351412 ], [ 14.67503, 53.351412 ], [ 14.67384, 53.352489 ], [ 14.673837, 53.352491 ], [ 14.673832, 53.352492 ], [ 14.673827, 53.352493 ], [ 14.671674, 53.352414 ], [ 14.671673, 53.352415 ], [ 14.671672, 53.352415 ], [ 14.670478, 53.353495 ], [ 14.670478, 53.353496 ], [ 14.670478, 53.353497 ], [ 14.671441, 53.354651 ], [ 14.671443, 53.354654 ], [ 14.671442, 53.354657 ], [ 14.67144, 53.35466 ], [ 14.670255, 53.355733 ], [ 14.670251, 53.355735 ], [ 14.670246, 53.355737 ], [ 14.670241, 53.355737 ], [ 14.668095, 53.355659 ], [ 14.66809, 53.355658 ], [ 14.668086, 53.355657 ], [ 14.668083, 53.355654 ], [ 14.66712, 53.354499 ], [ 14.667119, 53.354499 ], [ 14.667118, 53.354499 ], [ 14.664957, 53.35442 ], [ 14.664956, 53.35442 ], [ 14.664955, 53.354421 ], [ 14.663765, 53.355497 ], [ 14.663762, 53.355499 ], [ 14.663757, 53.355501 ], [ 14.663752, 53.355501 ], [ 14.661599, 53.355423 ], [ 14.661598, 53.355423 ], [ 14.661597, 53.355423 ], [ 14.660407, 53.3565 ], [ 14.660403, 53.356502 ], [ 14.660399, 53.356503 ], [ 14.660393, 53.356504 ], [ 14.65824, 53.356425 ], [ 14.658239, 53.356425 ], [ 14.658238, 53.356426 ], [ 14.657044, 53.357506 ], [ 14.657044, 53.357506 ], [ 14.657044, 53.357507 ], [ 14.658007, 53.358662 ], [ 14.658008, 53.358665 ], [ 14.658008, 53.358668 ], [ 14.658006, 53.358671 ], [ 14.656816, 53.359747 ], [ 14.656815, 53.359748 ], [ 14.656816, 53.359749 ], [ 14.657779, 53.360903 ], [ 14.65778, 53.360906 ], [ 14.65778, 53.360909 ], [ 14.657778, 53.360912 ], [ 14.656591, 53.361985 ], [ 14.656588, 53.361987 ], [ 14.656583, 53.361989 ], [ 14.656578, 53.361989 ], [ 14.654432, 53.361911 ], [ 14.654427, 53.36191 ], [ 14.654423, 53.361908 ], [ 14.654419, 53.361906 ], [ 14.653457, 53.360751 ], [ 14.653456, 53.36075 ], [ 14.653455, 53.36075 ], [ 14.651294, 53.360671 ], [ 14.651293, 53.360671 ], [ 14.651292, 53.360672 ], [ 14.650101, 53.361748 ], [ 14.650098, 53.36175 ], [ 14.650093, 53.361752 ], [ 14.650088, 53.361752 ], [ 14.647935, 53.361674 ], [ 14.647933, 53.361674 ], [ 14.647933, 53.361674 ], [ 14.646742, 53.36275 ], [ 14.646738, 53.362753 ], [ 14.646734, 53.362754 ], [ 14.646729, 53.362754 ], [ 14.644575, 53.362676 ], [ 14.644574, 53.362676 ], [ 14.644573, 53.362676 ], [ 14.643382, 53.363752 ], [ 14.643379, 53.363755 ], [ 14.643374, 53.363756 ], [ 14.643369, 53.363756 ], [ 14.641223, 53.363678 ], [ 14.641218, 53.363677 ], [ 14.641214, 53.363675 ], [ 14.64121, 53.363673 ], [ 14.640248, 53.362518 ], [ 14.640247, 53.362517 ], [ 14.640246, 53.362517 ], [ 14.638093, 53.362438 ], [ 14.638087, 53.362438 ], [ 14.638083, 53.362436 ], [ 14.63808, 53.362434 ], [ 14.637118, 53.361279 ], [ 14.637117, 53.361278 ], [ 14.637116, 53.361278 ], [ 14.634955, 53.361199 ], [ 14.634954, 53.361199 ], [ 14.634953, 53.361199 ], [ 14.633758, 53.362279 ], [ 14.633758, 53.36228 ], [ 14.633758, 53.36228 ], [ 14.63472, 53.363435 ], [ 14.634722, 53.363438 ], [ 14.634721, 53.363441 ], [ 14.634719, 53.363444 ], [ 14.633533, 53.364517 ], [ 14.633529, 53.364519 ], [ 14.633524, 53.36452 ], [ 14.633519, 53.364521 ], [ 14.631366, 53.364442 ], [ 14.631364, 53.364442 ], [ 14.631364, 53.364442 ], [ 14.630173, 53.365518 ], [ 14.630169, 53.365521 ], [ 14.630164, 53.365522 ], [ 14.630159, 53.365522 ], [ 14.628013, 53.365444 ], [ 14.628008, 53.365443 ], [ 14.628004, 53.365441 ], [ 14.628, 53.365439 ], [ 14.627038, 53.364284 ], [ 14.627037, 53.364283 ], [ 14.627036, 53.364283 ], [ 14.624883, 53.364204 ], [ 14.624878, 53.364203 ], [ 14.624873, 53.364201 ], [ 14.62487, 53.364199 ], [ 14.623908, 53.363044 ], [ 14.623907, 53.363043 ], [ 14.623906, 53.363043 ], [ 14.621753, 53.362964 ], [ 14.621748, 53.362963 ], [ 14.621743, 53.362962 ], [ 14.62174, 53.362959 ], [ 14.620782, 53.361808 ], [ 14.62078, 53.361805 ], [ 14.62078, 53.361802 ], [ 14.620782, 53.361799 ], [ 14.621974, 53.360723 ], [ 14.621974, 53.360722 ], [ 14.621974, 53.360722 ], [ 14.621012, 53.359567 ], [ 14.62101, 53.359564 ], [ 14.621011, 53.35956 ], [ 14.621013, 53.359558 ], [ 14.622204, 53.358482 ], [ 14.622204, 53.358481 ], [ 14.622204, 53.35848 ], [ 14.621242, 53.357325 ], [ 14.621241, 53.357322 ], [ 14.621241, 53.357319 ], [ 14.621243, 53.357316 ], [ 14.622434, 53.35624 ], [ 14.622434, 53.35624 ], [ 14.622434, 53.356239 ], [ 14.621472, 53.355084 ], [ 14.621471, 53.355081 ], [ 14.621471, 53.355078 ], [ 14.621473, 53.355075 ], [ 14.622664, 53.353999 ], [ 14.622665, 53.353998 ], [ 14.622664, 53.353998 ], [ 14.621699, 53.352839 ], [ 14.621698, 53.352838 ], [ 14.621697, 53.352838 ], [ 14.619544, 53.352759 ], [ 14.619539, 53.352758 ], [ 14.619535, 53.352756 ], [ 14.619532, 53.352754 ], [ 14.61857, 53.351599 ], [ 14.618569, 53.351598 ], [ 14.618568, 53.351598 ], [ 14.616408, 53.351518 ], [ 14.616407, 53.351519 ], [ 14.616406, 53.351519 ], [ 14.615215, 53.352595 ], [ 14.615211, 53.352597 ], [ 14.615207, 53.352599 ], [ 14.615201, 53.352599 ], [ 14.613056, 53.35252 ], [ 14.613051, 53.352519 ], [ 14.613047, 53.352518 ], [ 14.613044, 53.352515 ], [ 14.612082, 53.35136 ], [ 14.612081, 53.351359 ], [ 14.61208, 53.351359 ], [ 14.60992, 53.35128 ], [ 14.609919, 53.35128 ], [ 14.609918, 53.35128 ], [ 14.608727, 53.352356 ], [ 14.608723, 53.352358 ], [ 14.608718, 53.35236 ], [ 14.608713, 53.35236 ], [ 14.606568, 53.352281 ], [ 14.606563, 53.35228 ], [ 14.606558, 53.352278 ], [ 14.606555, 53.352276 ], [ 14.605594, 53.351121 ], [ 14.605593, 53.35112 ], [ 14.605592, 53.35112 ], [ 14.603439, 53.351041 ], [ 14.603434, 53.35104 ], [ 14.60343, 53.351038 ], [ 14.603427, 53.351036 ], [ 14.602469, 53.349884 ], [ 14.602467, 53.349881 ], [ 14.602468, 53.349878 ], [ 14.60247, 53.349875 ], [ 14.603661, 53.3488 ], [ 14.603661, 53.348799 ], [ 14.603661, 53.348798 ], [ 14.602697, 53.347639 ], [ 14.602696, 53.347638 ], [ 14.602695, 53.347638 ], [ 14.600542, 53.347559 ], [ 14.600537, 53.347558 ], [ 14.600533, 53.347556 ], [ 14.60053, 53.347554 ], [ 14.599569, 53.346399 ], [ 14.599568, 53.346398 ], [ 14.599567, 53.346398 ], [ 14.597414, 53.346318 ], [ 14.597409, 53.346318 ], [ 14.597405, 53.346316 ], [ 14.597402, 53.346313 ], [ 14.596444, 53.345162 ], [ 14.596442, 53.345159 ], [ 14.596443, 53.345156 ], [ 14.596445, 53.345153 ], [ 14.597636, 53.344077 ], [ 14.597637, 53.344077 ], [ 14.597636, 53.344076 ], [ 14.596672, 53.342917 ], [ 14.596671, 53.342916 ], [ 14.59667, 53.342916 ], [ 14.594518, 53.342837 ], [ 14.594513, 53.342836 ], [ 14.594508, 53.342834 ], [ 14.594505, 53.342832 ], [ 14.593544, 53.341676 ], [ 14.593544, 53.341676 ], [ 14.593543, 53.341676 ], [ 14.59139, 53.341596 ], [ 14.591385, 53.341595 ], [ 14.591381, 53.341593 ], [ 14.591378, 53.341591 ], [ 14.59042, 53.34044 ], [ 14.590419, 53.340437 ], [ 14.590419, 53.340433 ], [ 14.590421, 53.340431 ], [ 14.591609, 53.339359 ], [ 14.591612, 53.339356 ], [ 14.591617, 53.339355 ], [ 14.591622, 53.339355 ], [ 14.593774, 53.339434 ], [ 14.593775, 53.339434 ], [ 14.593776, 53.339434 ], [ 14.594971, 53.338354 ], [ 14.594972, 53.338354 ], [ 14.594971, 53.338353 ], [ 14.594011, 53.337198 ], [ 14.594009, 53.337195 ], [ 14.59401, 53.337192 ], [ 14.594012, 53.337189 ], [ 14.595203, 53.336113 ], [ 14.595203, 53.336112 ], [ 14.595203, 53.336112 ], [ 14.594239, 53.334953 ], [ 14.594238, 53.334952 ], [ 14.594237, 53.334952 ], [ 14.592085, 53.334872 ], [ 14.59208, 53.334871 ], [ 14.592076, 53.33487 ], [ 14.592073, 53.334867 ], [ 14.591112, 53.333712 ], [ 14.591111, 53.333711 ], [ 14.59111, 53.333711 ], [ 14.588951, 53.333631 ], [ 14.58895, 53.333631 ], [ 14.588949, 53.333632 ], [ 14.587758, 53.334707 ], [ 14.587754, 53.33471 ], [ 14.587749, 53.334711 ], [ 14.587744, 53.334711 ], [ 14.5856, 53.334632 ], [ 14.585595, 53.334631 ], [ 14.58559, 53.334629 ], [ 14.585587, 53.334627 ], [ 14.584627, 53.333472 ], [ 14.584626, 53.333471 ], [ 14.584625, 53.333471 ], [ 14.582473, 53.333391 ], [ 14.582468, 53.33339 ], [ 14.582464, 53.333389 ], [ 14.582461, 53.333386 ], [ 14.5815, 53.332231 ], [ 14.5815, 53.33223 ], [ 14.581498, 53.33223 ], [ 14.579347, 53.33215 ], [ 14.579342, 53.332149 ], [ 14.579337, 53.332148 ], [ 14.579334, 53.332145 ], [ 14.578377, 53.330994 ], [ 14.578376, 53.330991 ], [ 14.578376, 53.330988 ], [ 14.578378, 53.330985 ], [ 14.579565, 53.329913 ], [ 14.579569, 53.329911 ], [ 14.579574, 53.329909 ], [ 14.579579, 53.329909 ], [ 14.58173, 53.329989 ], [ 14.581732, 53.329989 ], [ 14.581732, 53.329988 ], [ 14.582928, 53.328909 ], [ 14.582928, 53.328908 ], [ 14.582928, 53.328908 ], [ 14.581968, 53.327752 ], [ 14.581966, 53.327749 ], [ 14.581966, 53.327746 ], [ 14.581969, 53.327743 ], [ 14.583156, 53.326671 ], [ 14.583159, 53.326669 ], [ 14.583164, 53.326668 ], [ 14.583169, 53.326667 ], [ 14.58532, 53.326747 ], [ 14.585322, 53.326747 ], [ 14.585323, 53.326747 ], [ 14.586518, 53.325667 ], [ 14.586518, 53.325667 ], [ 14.586518, 53.325666 ], [ 14.585557, 53.324511 ], [ 14.585556, 53.324508 ], [ 14.585556, 53.324505 ], [ 14.585558, 53.324502 ], [ 14.586749, 53.323426 ], [ 14.58675, 53.323425 ], [ 14.586749, 53.323425 ], [ 14.585786, 53.322265 ], [ 14.585785, 53.322265 ], [ 14.585784, 53.322265 ], [ 14.583626, 53.322185 ], [ 14.583624, 53.322185 ], [ 14.583623, 53.322185 ], [ 14.582432, 53.323261 ], [ 14.582429, 53.323263 ], [ 14.582424, 53.323265 ], [ 14.582419, 53.323265 ], [ 14.580275, 53.323185 ], [ 14.58027, 53.323185 ], [ 14.580266, 53.323183 ], [ 14.580263, 53.32318 ], [ 14.579303, 53.322025 ], [ 14.579302, 53.322024 ], [ 14.579301, 53.322024 ], [ 14.577142, 53.321944 ], [ 14.577141, 53.321944 ], [ 14.57714, 53.321945 ], [ 14.575949, 53.32302 ], [ 14.575945, 53.323022 ], [ 14.575941, 53.323024 ], [ 14.575936, 53.323024 ], [ 14.573792, 53.322944 ], [ 14.573787, 53.322944 ], [ 14.573782, 53.322942 ], [ 14.573779, 53.32294 ], [ 14.572823, 53.321788 ], [ 14.572821, 53.321785 ], [ 14.572821, 53.321782 ], [ 14.572824, 53.321779 ], [ 14.574015, 53.320704 ], [ 14.574015, 53.320703 ], [ 14.574015, 53.320702 ], [ 14.573052, 53.319543 ], [ 14.573051, 53.319542 ], [ 14.57305, 53.319542 ], [ 14.570891, 53.319462 ], [ 14.57089, 53.319462 ], [ 14.570889, 53.319462 ], [ 14.569694, 53.320542 ], [ 14.569694, 53.320542 ], [ 14.569694, 53.320543 ], [ 14.570654, 53.321698 ], [ 14.570655, 53.321701 ], [ 14.570655, 53.321704 ], [ 14.570653, 53.321707 ], [ 14.569466, 53.322779 ], [ 14.569462, 53.322781 ], [ 14.569457, 53.322783 ], [ 14.569452, 53.322783 ], [ 14.567301, 53.322703 ], [ 14.5673, 53.322703 ], [ 14.567299, 53.322704 ], [ 14.566108, 53.323779 ], [ 14.566104, 53.323781 ], [ 14.566099, 53.323783 ], [ 14.566094, 53.323783 ], [ 14.563943, 53.323703 ], [ 14.563942, 53.323703 ], [ 14.563941, 53.323704 ], [ 14.562745, 53.324783 ], [ 14.562745, 53.324783 ], [ 14.562745, 53.324784 ], [ 14.563705, 53.325939 ], [ 14.563706, 53.325942 ], [ 14.563706, 53.325946 ], [ 14.563704, 53.325948 ], [ 14.562516, 53.32702 ], [ 14.562513, 53.327022 ], [ 14.562508, 53.327024 ], [ 14.562503, 53.327024 ], [ 14.560352, 53.326944 ], [ 14.56035, 53.326944 ], [ 14.56035, 53.326944 ], [ 14.559158, 53.32802 ], [ 14.559154, 53.328022 ], [ 14.55915, 53.328023 ], [ 14.559144, 53.328024 ], [ 14.556993, 53.327944 ], [ 14.556992, 53.327944 ], [ 14.556991, 53.327944 ], [ 14.555799, 53.329019 ], [ 14.555796, 53.329022 ], [ 14.555791, 53.329023 ], [ 14.555786, 53.329023 ], [ 14.553634, 53.328943 ], [ 14.553633, 53.328943 ], [ 14.553632, 53.328944 ], [ 14.55244, 53.330019 ], [ 14.552437, 53.330021 ], [ 14.552432, 53.330023 ], [ 14.552427, 53.330023 ], [ 14.550275, 53.329943 ], [ 14.550274, 53.329943 ], [ 14.550273, 53.329943 ], [ 14.549081, 53.331018 ], [ 14.549078, 53.331021 ], [ 14.549073, 53.331022 ], [ 14.549068, 53.331022 ], [ 14.546924, 53.330942 ], [ 14.546919, 53.330941 ], [ 14.546914, 53.33094 ], [ 14.546911, 53.330937 ], [ 14.545952, 53.329782 ], [ 14.545951, 53.329781 ], [ 14.54595, 53.329781 ], [ 14.543791, 53.3297 ], [ 14.54379, 53.3297 ], [ 14.543789, 53.329701 ], [ 14.542597, 53.330776 ], [ 14.542593, 53.330778 ], [ 14.542589, 53.330779 ], [ 14.542583, 53.33078 ], [ 14.540432, 53.330699 ], [ 14.540431, 53.330699 ], [ 14.54043, 53.3307 ], [ 14.539238, 53.331775 ], [ 14.539234, 53.331777 ], [ 14.539229, 53.331779 ], [ 14.539224, 53.331779 ], [ 14.53708, 53.331699 ], [ 14.537075, 53.331698 ], [ 14.537071, 53.331696 ], [ 14.537068, 53.331694 ], [ 14.536108, 53.330538 ], [ 14.536108, 53.330537 ], [ 14.536107, 53.330537 ], [ 14.533948, 53.330456 ], [ 14.533947, 53.330456 ], [ 14.533946, 53.330457 ], [ 14.532753, 53.331532 ], [ 14.53275, 53.331534 ], [ 14.532745, 53.331536 ], [ 14.53274, 53.331536 ], [ 14.530588, 53.331455 ], [ 14.530587, 53.331455 ], [ 14.530586, 53.331456 ], [ 14.52939, 53.332534 ], [ 14.529389, 53.332535 ], [ 14.52939, 53.332536 ], [ 14.530348, 53.333692 ], [ 14.53035, 53.333695 ], [ 14.53035, 53.333698 ], [ 14.530348, 53.3337 ], [ 14.529155, 53.334775 ], [ 14.529154, 53.334776 ], [ 14.529155, 53.334777 ], [ 14.530114, 53.335933 ], [ 14.530115, 53.335936 ], [ 14.530115, 53.335939 ], [ 14.530113, 53.335942 ], [ 14.52892, 53.337017 ], [ 14.52892, 53.337017 ], [ 14.52892, 53.337018 ], [ 14.529882, 53.338178 ], [ 14.529883, 53.338178 ], [ 14.529884, 53.338178 ], [ 14.532036, 53.338259 ], [ 14.532041, 53.33826 ], [ 14.532045, 53.338262 ], [ 14.532048, 53.338264 ], [ 14.533008, 53.33942 ], [ 14.533008, 53.33942 ], [ 14.533009, 53.339421 ], [ 14.535161, 53.339501 ], [ 14.535166, 53.339502 ], [ 14.535171, 53.339504 ], [ 14.535174, 53.339506 ], [ 14.53613, 53.340658 ], [ 14.536131, 53.340661 ], [ 14.536131, 53.340664 ], [ 14.536129, 53.340667 ], [ 14.534936, 53.341742 ], [ 14.534936, 53.341743 ], [ 14.534936, 53.341743 ], [ 14.535899, 53.342903 ], [ 14.535899, 53.342904 ], [ 14.5359, 53.342904 ], [ 14.538052, 53.342984 ], [ 14.538058, 53.342985 ], [ 14.538062, 53.342987 ], [ 14.538065, 53.342989 ], [ 14.539024, 53.344145 ], [ 14.539025, 53.344146 ], [ 14.539026, 53.344146 ], [ 14.541178, 53.344226 ], [ 14.541184, 53.344227 ], [ 14.541188, 53.344229 ], [ 14.541191, 53.344231 ], [ 14.542147, 53.345383 ], [ 14.542149, 53.345386 ], [ 14.542148, 53.345389 ], [ 14.542146, 53.345392 ], [ 14.540954, 53.346467 ], [ 14.540953, 53.346468 ], [ 14.540953, 53.346469 ], [ 14.541916, 53.347628 ], [ 14.541917, 53.347629 ], [ 14.541918, 53.347629 ], [ 14.54407, 53.347709 ], [ 14.544075, 53.34771 ], [ 14.54408, 53.347712 ], [ 14.544083, 53.347714 ], [ 14.545043, 53.34887 ], [ 14.545043, 53.348871 ], [ 14.545044, 53.348871 ], [ 14.547197, 53.348951 ], [ 14.547202, 53.348952 ], [ 14.547206, 53.348954 ], [ 14.547209, 53.348956 ], [ 14.548169, 53.350112 ], [ 14.54817, 53.350112 ], [ 14.548171, 53.350113 ], [ 14.550324, 53.350193 ], [ 14.550329, 53.350194 ], [ 14.550333, 53.350196 ], [ 14.550336, 53.350198 ], [ 14.551293, 53.35135 ], [ 14.551294, 53.351353 ], [ 14.551294, 53.351356 ], [ 14.551292, 53.351359 ], [ 14.550099, 53.352434 ], [ 14.550099, 53.352434 ], [ 14.550099, 53.352435 ], [ 14.551062, 53.353595 ], [ 14.551063, 53.353595 ], [ 14.551064, 53.353595 ], [ 14.553217, 53.353676 ], [ 14.553222, 53.353677 ], [ 14.553226, 53.353678 ], [ 14.553229, 53.353681 ], [ 14.554186, 53.354832 ], [ 14.554187, 53.354835 ], [ 14.554187, 53.354839 ], [ 14.554185, 53.354841 ], [ 14.552992, 53.355917 ], [ 14.552992, 53.355917 ], [ 14.552992, 53.355918 ], [ 14.553956, 53.357078 ], [ 14.553956, 53.357078 ], [ 14.553957, 53.357078 ], [ 14.55611, 53.357159 ], [ 14.556115, 53.357159 ], [ 14.55612, 53.357161 ], [ 14.556123, 53.357164 ], [ 14.557083, 53.358319 ], [ 14.557084, 53.35832 ], [ 14.557085, 53.35832 ], [ 14.559238, 53.3584 ], [ 14.559243, 53.358401 ], [ 14.559247, 53.358403 ], [ 14.55925, 53.358405 ], [ 14.560207, 53.359557 ], [ 14.560209, 53.35956 ], [ 14.560208, 53.359563 ], [ 14.560206, 53.359566 ], [ 14.559014, 53.360641 ], [ 14.559013, 53.360642 ], [ 14.559014, 53.360642 ], [ 14.559977, 53.361802 ], [ 14.559978, 53.361802 ], [ 14.559979, 53.361803 ], [ 14.56214, 53.361883 ], [ 14.562141, 53.361883 ], [ 14.562142, 53.361882 ], [ 14.563334, 53.360807 ], [ 14.563338, 53.360805 ], [ 14.563342, 53.360804 ], [ 14.563348, 53.360803 ], [ 14.565493, 53.360883 ], [ 14.565498, 53.360884 ], [ 14.565503, 53.360886 ], [ 14.565506, 53.360888 ], [ 14.566466, 53.362044 ], [ 14.566467, 53.362044 ], [ 14.566468, 53.362044 ], [ 14.568621, 53.362124 ], [ 14.568626, 53.362125 ], [ 14.568631, 53.362127 ], [ 14.568634, 53.362129 ], [ 14.569595, 53.363285 ], [ 14.569595, 53.363285 ], [ 14.569596, 53.363286 ], [ 14.571757, 53.363366 ], [ 14.571758, 53.363366 ], [ 14.571759, 53.363365 ], [ 14.572951, 53.36229 ], [ 14.572955, 53.362288 ], [ 14.57296, 53.362286 ], [ 14.572965, 53.362286 ], [ 14.575111, 53.362366 ], [ 14.575116, 53.362366 ], [ 14.57512, 53.362368 ], [ 14.575123, 53.362371 ], [ 14.576084, 53.363526 ], [ 14.576085, 53.363527 ], [ 14.576086, 53.363527 ], [ 14.578239, 53.363607 ], [ 14.578244, 53.363607 ], [ 14.578249, 53.363609 ], [ 14.578252, 53.363612 ], [ 14.579213, 53.364767 ], [ 14.579213, 53.364768 ], [ 14.579215, 53.364768 ], [ 14.581368, 53.364848 ], [ 14.581373, 53.364848 ], [ 14.581377, 53.36485 ], [ 14.58138, 53.364853 ], [ 14.582338, 53.366004 ], [ 14.58234, 53.366007 ], [ 14.582339, 53.36601 ], [ 14.582337, 53.366013 ], [ 14.581149, 53.367085 ], [ 14.581145, 53.367087 ], [ 14.581141, 53.367089 ], [ 14.581136, 53.367089 ], [ 14.578982, 53.367009 ], [ 14.578981, 53.367009 ], [ 14.57898, 53.36701 ], [ 14.577788, 53.368085 ], [ 14.577784, 53.368087 ], [ 14.577779, 53.368089 ], [ 14.577774, 53.368089 ], [ 14.575621, 53.368009 ], [ 14.57562, 53.368009 ], [ 14.575619, 53.36801 ], [ 14.574422, 53.369089 ], [ 14.574422, 53.369089 ], [ 14.574422, 53.36909 ], [ 14.575383, 53.370246 ], [ 14.575384, 53.370249 ], [ 14.575384, 53.370252 ], [ 14.575382, 53.370255 ], [ 14.574193, 53.371326 ], [ 14.57419, 53.371329 ], [ 14.574185, 53.37133 ], [ 14.57418, 53.37133 ], [ 14.572034, 53.371251 ], [ 14.572029, 53.37125 ], [ 14.572024, 53.371248 ], [ 14.572021, 53.371246 ], [ 14.57106, 53.37009 ], [ 14.57106, 53.37009 ], [ 14.571058, 53.370089 ], [ 14.568897, 53.370009 ], [ 14.568896, 53.370009 ], [ 14.568895, 53.37001 ], [ 14.567703, 53.371085 ], [ 14.567699, 53.371087 ], [ 14.567694, 53.371089 ], [ 14.567689, 53.371089 ], [ 14.565543, 53.371009 ], [ 14.565538, 53.371008 ], [ 14.565534, 53.371007 ], [ 14.56553, 53.371004 ], [ 14.56457, 53.369849 ], [ 14.564569, 53.369848 ], [ 14.564568, 53.369848 ], [ 14.562407, 53.369767 ], [ 14.562406, 53.369768 ], [ 14.562405, 53.369768 ], [ 14.561212, 53.370843 ], [ 14.561208, 53.370846 ], [ 14.561204, 53.370847 ], [ 14.561199, 53.370847 ], [ 14.559045, 53.370767 ], [ 14.559044, 53.370767 ], [ 14.559043, 53.370768 ], [ 14.55785, 53.371843 ], [ 14.557846, 53.371845 ], [ 14.557842, 53.371847 ], [ 14.557837, 53.371847 ], [ 14.555683, 53.371767 ], [ 14.555682, 53.371767 ], [ 14.555681, 53.371767 ], [ 14.554488, 53.372843 ], [ 14.554484, 53.372845 ], [ 14.554479, 53.372846 ], [ 14.554474, 53.372847 ], [ 14.552321, 53.372766 ], [ 14.552319, 53.372766 ], [ 14.552319, 53.372767 ], [ 14.551125, 53.373842 ], [ 14.551122, 53.373844 ], [ 14.551117, 53.373846 ], [ 14.551112, 53.373846 ], [ 14.548958, 53.373765 ], [ 14.548957, 53.373766 ], [ 14.548956, 53.373766 ], [ 14.547763, 53.374841 ], [ 14.547759, 53.374844 ], [ 14.547755, 53.374845 ], [ 14.547749, 53.374845 ], [ 14.545603, 53.374765 ], [ 14.545598, 53.374764 ], [ 14.545594, 53.374763 ], [ 14.54559, 53.37476 ], [ 14.54463, 53.373604 ], [ 14.54463, 53.373604 ], [ 14.544628, 53.373604 ], [ 14.542475, 53.373523 ], [ 14.54247, 53.373522 ], [ 14.542465, 53.373521 ], [ 14.542462, 53.373518 ], [ 14.541502, 53.372362 ], [ 14.541501, 53.372362 ], [ 14.5415, 53.372362 ], [ 14.539347, 53.372281 ], [ 14.539342, 53.37228 ], [ 14.539337, 53.372279 ], [ 14.539334, 53.372276 ], [ 14.538374, 53.37112 ], [ 14.538373, 53.37112 ], [ 14.538372, 53.37112 ], [ 14.536211, 53.371039 ], [ 14.53621, 53.371039 ], [ 14.536209, 53.371039 ], [ 14.535016, 53.372114 ], [ 14.535012, 53.372117 ], [ 14.535007, 53.372118 ], [ 14.535002, 53.372118 ], [ 14.532849, 53.372038 ], [ 14.532848, 53.372038 ], [ 14.532847, 53.372038 ], [ 14.531649, 53.373117 ], [ 14.531648, 53.373118 ], [ 14.531649, 53.373118 ], [ 14.532609, 53.374274 ], [ 14.53261, 53.374277 ], [ 14.53261, 53.37428 ], [ 14.532608, 53.374283 ], [ 14.531414, 53.375358 ], [ 14.531413, 53.375359 ], [ 14.531414, 53.375359 ], [ 14.532374, 53.376515 ], [ 14.532375, 53.376518 ], [ 14.532375, 53.376521 ], [ 14.532373, 53.376524 ], [ 14.531179, 53.377599 ], [ 14.531178, 53.3776 ], [ 14.531179, 53.3776 ], [ 14.532139, 53.378756 ], [ 14.53214, 53.378759 ], [ 14.53214, 53.378762 ], [ 14.532138, 53.378765 ], [ 14.530944, 53.37984 ], [ 14.530943, 53.379841 ], [ 14.530944, 53.379841 ], [ 14.531904, 53.380997 ], [ 14.531905, 53.381 ], [ 14.531905, 53.381003 ], [ 14.531903, 53.381006 ], [ 14.530713, 53.382077 ], [ 14.530709, 53.38208 ], [ 14.530704, 53.382081 ], [ 14.530699, 53.382081 ], [ 14.528545, 53.382001 ], [ 14.528544, 53.382001 ], [ 14.528543, 53.382001 ], [ 14.527345, 53.38308 ], [ 14.527344, 53.38308 ], [ 14.527345, 53.383081 ], [ 14.528305, 53.384237 ], [ 14.528306, 53.38424 ], [ 14.528306, 53.384243 ], [ 14.528304, 53.384246 ], [ 14.527114, 53.385317 ], [ 14.52711, 53.385319 ], [ 14.527105, 53.385321 ], [ 14.5271, 53.385321 ], [ 14.524946, 53.38524 ], [ 14.524945, 53.38524 ], [ 14.524944, 53.385241 ], [ 14.52375, 53.386316 ], [ 14.523746, 53.386318 ], [ 14.523741, 53.386319 ], [ 14.523736, 53.38632 ], [ 14.521589, 53.386239 ], [ 14.521584, 53.386238 ], [ 14.52158, 53.386237 ], [ 14.521577, 53.386234 ], [ 14.520617, 53.385078 ], [ 14.520616, 53.385078 ], [ 14.520615, 53.385078 ], [ 14.518454, 53.384996 ], [ 14.518452, 53.384996 ], [ 14.518452, 53.384997 ], [ 14.517257, 53.386072 ], [ 14.517254, 53.386074 ], [ 14.517249, 53.386075 ], [ 14.517244, 53.386076 ], [ 14.51509, 53.385995 ], [ 14.515088, 53.385995 ], [ 14.515087, 53.385995 ], [ 14.513893, 53.38707 ], [ 14.513889, 53.387072 ], [ 14.513885, 53.387074 ], [ 14.513879, 53.387074 ], [ 14.511725, 53.386993 ], [ 14.511724, 53.386993 ], [ 14.511723, 53.386993 ], [ 14.510529, 53.388068 ], [ 14.510525, 53.38807 ], [ 14.51052, 53.388072 ], [ 14.510515, 53.388072 ], [ 14.508361, 53.387991 ], [ 14.50836, 53.387991 ], [ 14.508359, 53.387992 ], [ 14.507164, 53.389066 ], [ 14.50716, 53.389069 ], [ 14.507156, 53.38907 ], [ 14.50715, 53.38907 ], [ 14.504996, 53.388989 ], [ 14.504995, 53.388989 ], [ 14.504994, 53.38899 ], [ 14.503799, 53.390064 ], [ 14.503796, 53.390067 ], [ 14.503791, 53.390068 ], [ 14.503786, 53.390068 ], [ 14.501631, 53.389987 ], [ 14.50163, 53.389987 ], [ 14.501629, 53.389988 ], [ 14.500434, 53.391062 ], [ 14.500431, 53.391065 ], [ 14.500426, 53.391066 ], [ 14.500421, 53.391066 ], [ 14.498266, 53.390985 ], [ 14.498265, 53.390985 ], [ 14.498264, 53.390986 ], [ 14.497069, 53.39206 ], [ 14.497066, 53.392062 ], [ 14.497061, 53.392064 ], [ 14.497056, 53.392064 ], [ 14.494901, 53.391983 ], [ 14.4949, 53.391983 ], [ 14.494899, 53.391983 ], [ 14.493704, 53.393058 ], [ 14.493701, 53.39306 ], [ 14.493696, 53.393062 ], [ 14.493691, 53.393062 ], [ 14.491544, 53.392981 ], [ 14.491538, 53.39298 ], [ 14.491534, 53.392978 ], [ 14.491531, 53.392976 ], [ 14.490572, 53.39182 ], [ 14.490571, 53.391819 ], [ 14.49057, 53.391819 ], [ 14.488416, 53.391737 ], [ 14.488411, 53.391737 ], [ 14.488406, 53.391735 ], [ 14.488403, 53.391732 ], [ 14.487444, 53.390576 ], [ 14.487443, 53.390576 ], [ 14.487442, 53.390575 ], [ 14.485281, 53.390494 ], [ 14.485279, 53.390494 ], [ 14.485279, 53.390494 ], [ 14.484083, 53.391569 ], [ 14.484079, 53.391571 ], [ 14.484075, 53.391572 ], [ 14.48407, 53.391573 ], [ 14.481915, 53.391491 ], [ 14.481914, 53.391491 ], [ 14.481913, 53.391492 ], [ 14.480718, 53.392566 ], [ 14.480714, 53.392568 ], [ 14.480709, 53.39257 ], [ 14.480704, 53.39257 ], [ 14.47855, 53.392488 ], [ 14.478549, 53.392488 ], [ 14.478548, 53.392489 ], [ 14.477348, 53.393567 ], [ 14.477347, 53.393568 ], [ 14.477348, 53.393568 ], [ 14.47831, 53.394728 ], [ 14.478311, 53.394729 ], [ 14.478312, 53.394729 ], [ 14.480466, 53.394811 ], [ 14.480471, 53.394812 ], [ 14.480476, 53.394813 ], [ 14.480479, 53.394816 ], [ 14.481434, 53.395968 ], [ 14.481436, 53.395971 ], [ 14.481436, 53.395974 ], [ 14.481433, 53.395977 ], [ 14.480242, 53.397048 ], [ 14.480238, 53.39705 ], [ 14.480234, 53.397051 ], [ 14.480228, 53.397052 ], [ 14.478074, 53.39697 ], [ 14.478073, 53.39697 ], [ 14.478072, 53.396971 ], [ 14.476876, 53.398045 ], [ 14.476872, 53.398047 ], [ 14.476868, 53.398049 ], [ 14.476862, 53.398049 ], [ 14.474708, 53.397967 ], [ 14.474707, 53.397967 ], [ 14.474706, 53.397968 ], [ 14.47351, 53.399042 ], [ 14.473506, 53.399044 ], [ 14.473502, 53.399046 ], [ 14.473496, 53.399046 ], [ 14.471342, 53.398964 ], [ 14.47134, 53.398964 ], [ 14.47134, 53.398965 ], [ 14.470144, 53.400039 ], [ 14.47014, 53.400041 ], [ 14.470135, 53.400043 ], [ 14.47013, 53.400043 ], [ 14.467975, 53.399961 ], [ 14.467974, 53.399961 ], [ 14.467973, 53.399962 ], [ 14.466773, 53.40104 ], [ 14.466773, 53.401041 ], [ 14.466773, 53.401041 ], [ 14.467735, 53.402201 ], [ 14.467736, 53.402202 ], [ 14.467737, 53.402202 ], [ 14.469892, 53.402284 ], [ 14.469897, 53.402285 ], [ 14.469901, 53.402287 ], [ 14.469904, 53.402289 ], [ 14.47086, 53.403441 ], [ 14.470861, 53.403444 ], [ 14.470861, 53.403447 ], [ 14.470859, 53.40345 ], [ 14.469662, 53.404525 ], [ 14.469662, 53.404525 ], [ 14.469662, 53.404526 ], [ 14.470621, 53.405682 ], [ 14.470623, 53.405685 ], [ 14.470622, 53.405688 ], [ 14.47062, 53.405691 ], [ 14.469424, 53.406765 ], [ 14.469423, 53.406766 ], [ 14.469424, 53.406767 ], [ 14.470386, 53.407927 ], [ 14.470387, 53.407928 ], [ 14.470388, 53.407928 ], [ 14.47255, 53.40801 ], [ 14.472551, 53.40801 ], [ 14.472552, 53.408009 ], [ 14.473748, 53.406935 ], [ 14.473752, 53.406933 ], [ 14.473757, 53.406931 ], [ 14.473762, 53.406931 ], [ 14.47591, 53.407013 ], [ 14.475915, 53.407013 ], [ 14.475919, 53.407015 ], [ 14.475922, 53.407018 ], [ 14.476881, 53.408174 ], [ 14.476882, 53.408174 ], [ 14.476883, 53.408174 ], [ 14.479046, 53.408256 ], [ 14.479047, 53.408256 ], [ 14.479048, 53.408256 ], [ 14.480244, 53.407181 ], [ 14.480247, 53.407179 ], [ 14.480252, 53.407178 ], [ 14.480257, 53.407177 ], [ 14.482405, 53.407259 ], [ 14.48241, 53.40726 ], [ 14.482415, 53.407261 ], [ 14.482418, 53.407264 ], [ 14.483374, 53.408416 ], [ 14.483375, 53.408419 ], [ 14.483375, 53.408422 ], [ 14.483373, 53.408425 ], [ 14.482177, 53.409499 ], [ 14.482176, 53.4095 ], [ 14.482176, 53.409501 ], [ 14.483136, 53.410657 ], [ 14.483137, 53.41066 ], [ 14.483137, 53.410663 ], [ 14.483135, 53.410666 ], [ 14.481939, 53.41174 ], [ 14.481938, 53.411741 ], [ 14.481938, 53.411742 ], [ 14.482898, 53.412898 ], [ 14.482899, 53.412901 ], [ 14.482899, 53.412904 ], [ 14.482897, 53.412907 ], [ 14.481701, 53.413981 ], [ 14.4817, 53.413982 ], [ 14.4817, 53.413983 ], [ 14.48266, 53.415139 ], [ 14.482661, 53.415142 ], [ 14.482661, 53.415145 ], [ 14.482659, 53.415148 ], [ 14.481467, 53.416218 ], [ 14.481463, 53.416221 ], [ 14.481458, 53.416222 ], [ 14.481453, 53.416222 ], [ 14.479305, 53.416141 ], [ 14.4793, 53.41614 ], [ 14.479296, 53.416139 ], [ 14.479292, 53.416136 ], [ 14.478336, 53.414984 ], [ 14.478335, 53.414981 ], [ 14.478335, 53.414978 ], [ 14.478337, 53.414975 ], [ 14.479534, 53.4139 ], [ 14.479534, 53.4139 ], [ 14.479534, 53.413899 ], [ 14.478571, 53.412739 ], [ 14.478571, 53.412738 ], [ 14.478569, 53.412738 ], [ 14.476407, 53.412656 ], [ 14.476406, 53.412656 ], [ 14.476405, 53.412657 ], [ 14.475204, 53.413735 ], [ 14.475204, 53.413735 ], [ 14.475204, 53.413736 ], [ 14.476163, 53.414892 ], [ 14.476165, 53.414895 ], [ 14.476164, 53.414898 ], [ 14.476162, 53.414901 ], [ 14.47497, 53.415972 ], [ 14.474966, 53.415974 ], [ 14.474962, 53.415976 ], [ 14.474957, 53.415976 ], [ 14.472801, 53.415894 ], [ 14.4728, 53.415894 ], [ 14.472799, 53.415895 ], [ 14.471602, 53.416969 ], [ 14.471599, 53.416971 ], [ 14.471594, 53.416973 ], [ 14.471589, 53.416973 ], [ 14.469433, 53.416891 ], [ 14.469432, 53.416891 ], [ 14.469431, 53.416892 ], [ 14.468231, 53.41797 ], [ 14.46823, 53.41797 ], [ 14.46823, 53.417971 ], [ 14.469189, 53.419127 ], [ 14.469191, 53.41913 ], [ 14.469191, 53.419133 ], [ 14.469189, 53.419136 ], [ 14.467992, 53.420211 ], [ 14.467991, 53.420211 ], [ 14.467992, 53.420212 ], [ 14.468954, 53.421372 ], [ 14.468955, 53.421373 ], [ 14.468956, 53.421373 ], [ 14.471112, 53.421455 ], [ 14.471117, 53.421455 ], [ 14.471121, 53.421457 ], [ 14.471124, 53.42146 ], [ 14.47208, 53.422612 ], [ 14.472082, 53.422615 ], [ 14.472081, 53.422618 ], [ 14.472079, 53.422621 ], [ 14.470883, 53.423695 ], [ 14.470882, 53.423696 ], [ 14.470882, 53.423697 ], [ 14.471842, 53.424853 ], [ 14.471843, 53.424856 ], [ 14.471843, 53.424859 ], [ 14.471841, 53.424862 ], [ 14.470644, 53.425936 ], [ 14.470643, 53.425937 ], [ 14.470644, 53.425937 ], [ 14.471606, 53.427098 ], [ 14.471607, 53.427098 ], [ 14.471608, 53.427098 ], [ 14.473764, 53.42718 ], [ 14.473769, 53.427181 ], [ 14.473774, 53.427183 ], [ 14.473777, 53.427185 ], [ 14.474736, 53.428341 ], [ 14.474737, 53.428342 ], [ 14.474738, 53.428342 ], [ 14.476894, 53.428424 ], [ 14.476899, 53.428425 ], [ 14.476904, 53.428427 ], [ 14.476907, 53.428429 ], [ 14.477863, 53.429581 ], [ 14.477865, 53.429584 ], [ 14.477864, 53.429587 ], [ 14.477862, 53.42959 ], [ 14.476665, 53.430665 ], [ 14.476665, 53.430665 ], [ 14.476665, 53.430666 ], [ 14.477628, 53.431826 ], [ 14.477629, 53.431827 ], [ 14.47763, 53.431827 ], [ 14.479786, 53.431909 ], [ 14.479791, 53.431909 ], [ 14.479796, 53.431911 ], [ 14.479799, 53.431914 ], [ 14.480755, 53.433066 ], [ 14.480757, 53.433069 ], [ 14.480756, 53.433072 ], [ 14.480754, 53.433075 ], [ 14.479557, 53.434149 ], [ 14.479557, 53.43415 ], [ 14.479557, 53.43415 ], [ 14.480517, 53.435307 ], [ 14.480518, 53.43531 ], [ 14.480518, 53.435313 ], [ 14.480516, 53.435316 ], [ 14.479323, 53.436386 ], [ 14.47932, 53.436389 ], [ 14.479315, 53.43639 ], [ 14.47931, 53.43639 ], [ 14.477153, 53.436309 ], [ 14.477152, 53.436309 ], [ 14.477151, 53.436309 ], [ 14.475954, 53.437383 ], [ 14.47595, 53.437386 ], [ 14.475946, 53.437387 ], [ 14.475941, 53.437387 ], [ 14.473784, 53.437306 ], [ 14.473783, 53.437306 ], [ 14.473782, 53.437306 ], [ 14.472585, 53.438381 ], [ 14.472581, 53.438383 ], [ 14.472576, 53.438384 ], [ 14.472571, 53.438385 ], [ 14.470415, 53.438303 ], [ 14.470413, 53.438303 ], [ 14.470413, 53.438303 ], [ 14.469215, 53.439377 ], [ 14.469212, 53.43938 ], [ 14.469207, 53.439381 ], [ 14.469202, 53.439381 ], [ 14.467045, 53.439299 ], [ 14.467044, 53.4393 ], [ 14.467043, 53.4393 ], [ 14.465846, 53.440374 ], [ 14.465842, 53.440377 ], [ 14.465837, 53.440378 ], [ 14.465832, 53.440378 ], [ 14.463675, 53.440296 ], [ 14.463674, 53.440296 ], [ 14.463673, 53.440297 ], [ 14.462476, 53.441371 ], [ 14.462472, 53.441373 ], [ 14.462468, 53.441375 ], [ 14.462462, 53.441375 ], [ 14.460313, 53.441293 ], [ 14.460308, 53.441292 ], [ 14.460304, 53.441291 ], [ 14.4603, 53.441288 ], [ 14.459341, 53.440132 ], [ 14.459341, 53.440131 ], [ 14.459339, 53.440131 ], [ 14.457175, 53.440049 ], [ 14.457174, 53.440049 ], [ 14.457173, 53.440049 ], [ 14.455976, 53.441123 ], [ 14.455972, 53.441126 ], [ 14.455967, 53.441127 ], [ 14.455962, 53.441127 ], [ 14.453805, 53.441045 ], [ 14.453804, 53.441045 ], [ 14.453803, 53.441046 ], [ 14.452606, 53.44212 ], [ 14.452602, 53.442122 ], [ 14.452597, 53.442124 ], [ 14.452592, 53.442124 ], [ 14.450435, 53.442042 ], [ 14.450434, 53.442042 ], [ 14.450433, 53.442042 ], [ 14.449235, 53.443116 ], [ 14.449232, 53.443119 ], [ 14.449227, 53.44312 ], [ 14.449222, 53.44312 ], [ 14.447065, 53.443038 ], [ 14.447064, 53.443038 ], [ 14.447063, 53.443039 ], [ 14.445861, 53.444116 ], [ 14.44586, 53.444117 ] ] ] } }
]
}
