{
"type": "FeatureCollection",
"name": "hex_gdansk_500",
"crs": { "type": "name", "properties": { "name": "urn:ogc:def:crs:OGC:1.3:CRS84" } },
"xy_coordinate_resolution": 1e-06,
"features": [
{ "type": "Feature", "properties": { "hex_id": 0, "pop_total": 23.86, "delta_school": null, "base_school": 0.0, "delta_pharmacy": null, "base_pharmacy": 0.0, "delta_university": null, "base_university": 0.0, "delta_mall": null, "base_mall": 0.0, "net_delta": null, "net_delta_n": 0 }, "geometry": { "type": "Polygon", "coordinates": [ [ [ 18.429478, 54.386422 ], [ 18.43167, 54.38868 ], [ 18.436117, 54.388701 ], [ 18.438371, 54.386464 ], [ 18.436178, 54.384206 ], [ 18.431732, 54.384185 ], [ 18.429478, 54.386422 ] ] ] } },
{ "type": "Feature", "properties": { "hex_id": 1, "pop_total": 19.32, "delta_school": null, "base_school": 0.0, "delta_pharmacy": null, "base_pharmacy": 0.0, "delta_university": null, "base_university": 0.0, "delta_mall": null, "base_mall": 0.0, "net_delta": null, "net_delta_n": 0 }, "geometry": { "type": "Polygon", "coordinates": [ [ [ 18.42954, 54.381928 ], [ 18.431732, 54.384185 ], [ 18.436178, 54.384206 ], [ 18.438432, 54.381969 ], [ 18.43624, 54.379711 ], [ 18.431794, 54.379691 ], [ 18.42954, 54.381928 ] ] ] } },
{ "type": "Feature", "properties": { "hex_id": 2, "pop_total": 21.1, "delta_school": null, "base_school": 0.0, "delta_pharmacy": 0.0, "base_pharmacy": 1.0, "delta_university": null, "base_university": 0.0, "delta_mall": null, "base_mall": 0.0, "net_delta": 0.0, "net_delta_n": 1 }, "geometry": { "type": "Polygon", "coordinates": [ [ [ 18.435438, 54.438144 ], [ 18.437633, 54.440401 ], [ 18.442085, 54.440422 ], [ 18.444342, 54.438185 ], [ 18.442146, 54.435927 ], [ 18.437694, 54.435907 ], [ 18.435438, 54.438144 ] ] ] } },
{ "type": "Feature", "properties": { "hex_id": 5, "pop_total": 3.73, "delta_school": null, "base_school": 0.0, "delta_pharmacy": null, "base_pharmacy": 0.0, "delta_university": null, "base_university": 0.0, "delta_mall": null, "base_mall": 0.0, "net_delta": null, "net_delta_n": 0 }, "geometry": { "type": "Polygon", "coordinates": [ [ [ 18.43587, 54.40668 ], [ 18.438064, 54.408938 ], [ 18.442512, 54.408959 ], [ 18.444767, 54.406721 ], [ 18.442573, 54.404464 ], [ 18.438125, 54.404443 ], [ 18.43587, 54.40668 ] ] ] } },
{ "type": "Feature", "properties": { "hex_id": 8, "pop_total": 3.41, "delta_school": null, "base_school": 0.0, "delta_pharmacy": null, "base_pharmacy": 0.0, "delta_university": null, "base_university": 0.0, "delta_mall": null, "base_mall": 0.0, "net_delta": null, "net_delta_n": 0 }, "geometry": { "type": "Polygon", "coordinates": [ [ [ 18.43624, 54.379711 ], [ 18.438432, 54.381969 ], [ 18.442878, 54.38199 ], [ 18.445131, 54.379753 ], [ 18.442939, 54.377495 ], [ 18.438493, 54.377474 ], [ 18.43624, 54.379711 ] ] ] } },
{ "type": "Feature", "properties": { "hex_id": 10, "pop_total": 1.67, "delta_school": null, "base_school": 0.0, "delta_pharmacy": null, "base_pharmacy": 0.0, "delta_university": null, "base_university": 0.0, "delta_mall": null, "base_mall": 0.0, "net_delta": null, "net_delta_n": 0 }, "geometry": { "type": "Polygon", "coordinates": [ [ [ 18.436425, 54.366227 ], [ 18.438616, 54.368485 ], [ 18.44306, 54.368505 ], [ 18.445313, 54.366268 ], [ 18.443121, 54.364011 ], [ 18.438677, 54.36399 ], [ 18.436425, 54.366227 ] ] ] } },
{ "type": "Feature", "properties": { "hex_id": 13, "pop_total": 70.97, "delta_school": null, "base_school": 0.0, "delta_pharmacy": null, "base_pharmacy": 0.0, "delta_university": null, "base_university": 0.0, "delta_mall": null, "base_mall": 0.0, "net_delta": null, "net_delta_n": 0 }, "geometry": { "type": "Polygon", "coordinates": [ [ [ 18.442085, 54.440422 ], [ 18.444281, 54.44268 ], [ 18.448733, 54.4427 ], [ 18.450989, 54.440463 ], [ 18.448794, 54.438205 ], [ 18.444342, 54.438185 ], [ 18.442085, 54.440422 ] ] ] } },
{ "type": "Feature", "properties": { "hex_id": 14, "pop_total": 99.74, "delta_school": null, "base_school": 0.0, "delta_pharmacy": null, "base_pharmacy": 0.0, "delta_university": null, "base_university": 0.0, "delta_mall": null, "base_mall": 0.0, "net_delta": null, "net_delta_n": 0 }, "geometry": { "type": "Polygon", "coordinates": [ [ [ 18.442146, 54.435927 ], [ 18.444342, 54.438185 ], [ 18.448794, 54.438205 ], [ 18.45105, 54.435968 ], [ 18.448854, 54.433711 ], [ 18.444402, 54.43369 ], [ 18.442146, 54.435927 ] ] ] } },
{ "type": "Feature", "properties": { "hex_id": 15, "pop_total": 2.09, "delta_school": null, "base_school": 0.0, "delta_pharmacy": null, "base_pharmacy": 0.0, "delta_university": null, "base_university": 0.0, "delta_mall": null, "base_mall": 0.0, "net_delta": null, "net_delta_n": 0 }, "geometry": { "type": "Polygon", "coordinates": [ [ [ 18.442329, 54.422443 ], [ 18.444524, 54.424701 ], [ 18.448974, 54.424721 ], [ 18.45123, 54.422484 ], [ 18.449035, 54.420226 ], [ 18.444585, 54.420206 ], [ 18.442329, 54.422443 ] ] ] } },
{ "type": "Feature", "properties": { "hex_id": 16, "pop_total": 67.46, "delta_school": 0.0, "base_school": 2.0, "delta_pharmacy": 0.0, "base_pharmacy": 4.0, "delta_university": null, "base_university": 0.0, "delta_mall": 0.0, "base_mall": 10.0, "net_delta": 0.0, "net_delta_n": 3 }, "geometry": { "type": "Polygon", "coordinates": [ [ [ 18.44239, 54.417948 ], [ 18.444585, 54.420206 ], [ 18.449035, 54.420226 ], [ 18.45129, 54.417989 ], [ 18.449095, 54.415731 ], [ 18.444646, 54.415711 ], [ 18.44239, 54.417948 ] ] ] } },
{ "type": "Feature", "properties": { "hex_id": 17, "pop_total": 170.45, "delta_school": null, "base_school": 0.0, "delta_pharmacy": null, "base_pharmacy": 0.0, "delta_university": null, "base_university": 0.0, "delta_mall": null, "base_mall": 0.0, "net_delta": null, "net_delta_n": 0 }, "geometry": { "type": "Polygon", "coordinates": [ [ [ 18.442451, 54.413453 ], [ 18.444646, 54.415711 ], [ 18.449095, 54.415731 ], [ 18.45135, 54.413494 ], [ 18.449155, 54.411237 ], [ 18.444706, 54.411216 ], [ 18.442451, 54.413453 ] ] ] } },
{ "type": "Feature", "properties": { "hex_id": 18, "pop_total": 132.48, "delta_school": null, "base_school": 0.0, "delta_pharmacy": null, "base_pharmacy": 0.0, "delta_university": null, "base_university": 0.0, "delta_mall": null, "base_mall": 0.0, "net_delta": null, "net_delta_n": 0 }, "geometry": { "type": "Polygon", "coordinates": [ [ [ 18.442512, 54.408959 ], [ 18.444706, 54.411216 ], [ 18.449155, 54.411237 ], [ 18.45141, 54.408999 ], [ 18.449216, 54.406742 ], [ 18.444767, 54.406721 ], [ 18.442512, 54.408959 ] ] ] } },
{ "type": "Feature", "properties": { "hex_id": 21, "pop_total": 1.14, "delta_school": null, "base_school": 0.0, "delta_pharmacy": null, "base_pharmacy": 0.0, "delta_university": null, "base_university": 0.0, "delta_mall": null, "base_mall": 0.0, "net_delta": null, "net_delta_n": 0 }, "geometry": { "type": "Polygon", "coordinates": [ [ [ 18.442817, 54.386485 ], [ 18.44501, 54.388742 ], [ 18.449456, 54.388763 ], [ 18.45171, 54.386525 ], [ 18.449517, 54.384268 ], [ 18.44507, 54.384247 ], [ 18.442817, 54.386485 ] ] ] } },
{ "type": "Feature", "properties": { "hex_id": 23, "pop_total": 0.83, "delta_school": null, "base_school": 0.0, "delta_pharmacy": null, "base_pharmacy": 0.0, "delta_university": null, "base_university": 0.0, "delta_mall": null, "base_mall": 0.0, "net_delta": null, "net_delta_n": 0 }, "geometry": { "type": "Polygon", "coordinates": [ [ [ 18.442939, 54.377495 ], [ 18.445131, 54.379753 ], [ 18.449577, 54.379773 ], [ 18.451829, 54.377536 ], [ 18.449637, 54.375278 ], [ 18.445192, 54.375258 ], [ 18.442939, 54.377495 ] ] ] } },
{ "type": "Feature", "properties": { "hex_id": 24, "pop_total": 40.88, "delta_school": null, "base_school": 0.0, "delta_pharmacy": null, "base_pharmacy": 0.0, "delta_university": null, "base_university": 0.0, "delta_mall": null, "base_mall": 0.0, "net_delta": null, "net_delta_n": 0 }, "geometry": { "type": "Polygon", "coordinates": [ [ [ 18.443, 54.373 ], [ 18.445192, 54.375258 ], [ 18.449637, 54.375278 ], [ 18.451889, 54.373041 ], [ 18.449697, 54.370783 ], [ 18.445252, 54.370763 ], [ 18.443, 54.373 ] ] ] } },
{ "type": "Feature", "properties": { "hex_id": 25, "pop_total": 7.51, "delta_school": null, "base_school": 0.0, "delta_pharmacy": null, "base_pharmacy": 0.0, "delta_university": null, "base_university": 0.0, "delta_mall": null, "base_mall": 0.0, "net_delta": null, "net_delta_n": 0 }, "geometry": { "type": "Polygon", "coordinates": [ [ [ 18.44306, 54.368505 ], [ 18.445252, 54.370763 ], [ 18.449697, 54.370783 ], [ 18.451949, 54.368546 ], [ 18.449757, 54.366289 ], [ 18.445313, 54.366268 ], [ 18.44306, 54.368505 ] ] ] } },
{ "type": "Feature", "properties": { "hex_id": 26, "pop_total": 53.39, "delta_school": null, "base_school": 0.0, "delta_pharmacy": null, "base_pharmacy": 0.0, "delta_university": null, "base_university": 0.0, "delta_mall": null, "base_mall": 0.0, "net_delta": null, "net_delta_n": 0 }, "geometry": { "type": "Polygon", "coordinates": [ [ [ 18.443121, 54.364011 ], [ 18.445313, 54.366268 ], [ 18.449757, 54.366289 ], [ 18.452009, 54.364051 ], [ 18.449817, 54.361794 ], [ 18.445373, 54.361773 ], [ 18.443121, 54.364011 ] ] ] } },
{ "type": "Feature", "properties": { "hex_id": 27, "pop_total": 6.67, "delta_school": null, "base_school": 0.0, "delta_pharmacy": null, "base_pharmacy": 0.0, "delta_university": null, "base_university": 0.0, "delta_mall": null, "base_mall": 0.0, "net_delta": null, "net_delta_n": 0 }, "geometry": { "type": "Polygon", "coordinates": [ [ [ 18.443182, 54.359516 ], [ 18.445373, 54.361773 ], [ 18.449817, 54.361794 ], [ 18.452069, 54.359556 ], [ 18.449877, 54.357299 ], [ 18.445434, 54.357279 ], [ 18.443182, 54.359516 ] ] ] } },
{ "type": "Feature", "properties": { "hex_id": 28, "pop_total": 19.19, "delta_school": null, "base_school": 0.0, "delta_pharmacy": null, "base_pharmacy": 0.0, "delta_university": null, "base_university": 0.0, "delta_mall": null, "base_mall": 0.0, "net_delta": null, "net_delta_n": 0 }, "geometry": { "type": "Polygon", "coordinates": [ [ [ 18.443243, 54.355021 ], [ 18.445434, 54.357279 ], [ 18.449877, 54.357299 ], [ 18.452129, 54.355062 ], [ 18.449937, 54.352804 ], [ 18.445494, 54.352784 ], [ 18.443243, 54.355021 ] ] ] } },
{ "type": "Feature", "properties": { "hex_id": 29, "pop_total": 145.38, "delta_school": null, "base_school": 0.0, "delta_pharmacy": null, "base_pharmacy": 0.0, "delta_university": null, "base_university": 0.0, "delta_mall": null, "base_mall": 0.0, "net_delta": null, "net_delta_n": 0 }, "geometry": { "type": "Polygon", "coordinates": [ [ [ 18.448733, 54.4427 ], [ 18.450929, 54.444958 ], [ 18.455382, 54.444978 ], [ 18.457638, 54.44274 ], [ 18.455442, 54.440483 ], [ 18.450989, 54.440463 ], [ 18.448733, 54.4427 ] ] ] } },
{ "type": "Feature", "properties": { "hex_id": 30, "pop_total": 122.75, "delta_school": null, "base_school": 0.0, "delta_pharmacy": 0.0, "base_pharmacy": 1.0, "delta_university": null, "base_university": 0.0, "delta_mall": null, "base_mall": 0.0, "net_delta": 0.0, "net_delta_n": 1 }, "geometry": { "type": "Polygon", "coordinates": [ [ [ 18.448794, 54.438205 ], [ 18.450989, 54.440463 ], [ 18.455442, 54.440483 ], [ 18.457697, 54.438246 ], [ 18.455501, 54.435988 ], [ 18.45105, 54.435968 ], [ 18.448794, 54.438205 ] ] ] } },
{ "type": "Feature", "properties": { "hex_id": 32, "pop_total": 14.0, "delta_school": null, "base_school": 0.0, "delta_pharmacy": null, "base_pharmacy": 0.0, "delta_university": null, "base_university": 0.0, "delta_mall": null, "base_mall": 0.0, "net_delta": null, "net_delta_n": 0 }, "geometry": { "type": "Polygon", "coordinates": [ [ [ 18.448914, 54.429216 ], [ 18.45111, 54.431473 ], [ 18.455561, 54.431493 ], [ 18.457816, 54.429256 ], [ 18.45562, 54.426999 ], [ 18.45117, 54.426979 ], [ 18.448914, 54.429216 ] ] ] } },
{ "type": "Feature", "properties": { "hex_id": 33, "pop_total": 164.15, "delta_school": null, "base_school": 0.0, "delta_pharmacy": null, "base_pharmacy": 0.0, "delta_university": null, "base_university": 0.0, "delta_mall": null, "base_mall": 0.0, "net_delta": null, "net_delta_n": 0 }, "geometry": { "type": "Polygon", "coordinates": [ [ [ 18.448974, 54.424721 ], [ 18.45117, 54.426979 ], [ 18.45562, 54.426999 ], [ 18.457875, 54.424761 ], [ 18.45568, 54.422504 ], [ 18.45123, 54.422484 ], [ 18.448974, 54.424721 ] ] ] } },
{ "type": "Feature", "properties": { "hex_id": 34, "pop_total": 417.35, "delta_school": 0.0, "base_school": 3.0, "delta_pharmacy": 0.0, "base_pharmacy": 4.0, "delta_university": null, "base_university": 0.0, "delta_mall": 0.0, "base_mall": 10.0, "net_delta": 0.0, "net_delta_n": 3 }, "geometry": { "type": "Polygon", "coordinates": [ [ [ 18.449035, 54.420226 ], [ 18.45123, 54.422484 ], [ 18.45568, 54.422504 ], [ 18.457935, 54.420266 ], [ 18.45574, 54.418009 ], [ 18.45129, 54.417989 ], [ 18.449035, 54.420226 ] ] ] } },
{ "type": "Feature", "properties": { "hex_id": 35, "pop_total": 228.14, "delta_school": 0.0, "base_school": 2.0, "delta_pharmacy": 1.0, "base_pharmacy": 3.0, "delta_university": null, "base_university": 0.0, "delta_mall": 0.0, "base_mall": 10.0, "net_delta": 1.0, "net_delta_n": 3 }, "geometry": { "type": "Polygon", "coordinates": [ [ [ 18.449095, 54.415731 ], [ 18.45129, 54.417989 ], [ 18.45574, 54.418009 ], [ 18.457994, 54.415772 ], [ 18.455799, 54.413514 ], [ 18.45135, 54.413494 ], [ 18.449095, 54.415731 ] ] ] } },
{ "type": "Feature", "properties": { "hex_id": 36, "pop_total": 185.93, "delta_school": 0.0, "base_school": 2.0, "delta_pharmacy": 0.0, "base_pharmacy": 1.0, "delta_university": null, "base_university": 0.0, "delta_mall": 0.0, "base_mall": 1.0, "net_delta": 0.0, "net_delta_n": 3 }, "geometry": { "type": "Polygon", "coordinates": [ [ [ 18.449155, 54.411237 ], [ 18.45135, 54.413494 ], [ 18.455799, 54.413514 ], [ 18.458053, 54.411277 ], [ 18.455859, 54.409019 ], [ 18.45141, 54.408999 ], [ 18.449155, 54.411237 ] ] ] } },
{ "type": "Feature", "properties": { "hex_id": 37, "pop_total": 41.05, "delta_school": null, "base_school": 0.0, "delta_pharmacy": null, "base_pharmacy": 0.0, "delta_university": null, "base_university": 0.0, "delta_mall": null, "base_mall": 0.0, "net_delta": null, "net_delta_n": 0 }, "geometry": { "type": "Polygon", "coordinates": [ [ [ 18.449216, 54.406742 ], [ 18.45141, 54.408999 ], [ 18.455859, 54.409019 ], [ 18.458113, 54.406782 ], [ 18.455918, 54.404525 ], [ 18.45147, 54.404505 ], [ 18.449216, 54.406742 ] ] ] } },
{ "type": "Feature", "properties": { "hex_id": 41, "pop_total": 2.27, "delta_school": null, "base_school": 0.0, "delta_pharmacy": null, "base_pharmacy": 0.0, "delta_university": null, "base_university": 0.0, "delta_mall": null, "base_mall": 0.0, "net_delta": null, "net_delta_n": 0 }, "geometry": { "type": "Polygon", "coordinates": [ [ [ 18.449517, 54.384268 ], [ 18.45171, 54.386525 ], [ 18.456156, 54.386545 ], [ 18.458409, 54.384308 ], [ 18.456215, 54.382051 ], [ 18.45177, 54.382031 ], [ 18.449517, 54.384268 ] ] ] } },
{ "type": "Feature", "properties": { "hex_id": 43, "pop_total": 5.01, "delta_school": null, "base_school": 0.0, "delta_pharmacy": null, "base_pharmacy": 0.0, "delta_university": null, "base_university": 0.0, "delta_mall": null, "base_mall": 0.0, "net_delta": null, "net_delta_n": 0 }, "geometry": { "type": "Polygon", "coordinates": [ [ [ 18.449637, 54.375278 ], [ 18.451829, 54.377536 ], [ 18.456275, 54.377556 ], [ 18.458527, 54.375318 ], [ 18.456334, 54.373061 ], [ 18.451889, 54.373041 ], [ 18.449637, 54.375278 ] ] ] } },
{ "type": "Feature", "properties": { "hex_id": 44, "pop_total": 17.52, "delta_school": null, "base_school": 0.0, "delta_pharmacy": null, "base_pharmacy": 0.0, "delta_university": null, "base_university": 0.0, "delta_mall": null, "base_mall": 0.0, "net_delta": null, "net_delta_n": 0 }, "geometry": { "type": "Polygon", "coordinates": [ [ [ 18.449697, 54.370783 ], [ 18.451889, 54.373041 ], [ 18.456334, 54.373061 ], [ 18.458586, 54.370824 ], [ 18.456394, 54.368566 ], [ 18.451949, 54.368546 ], [ 18.449697, 54.370783 ] ] ] } },
{ "type": "Feature", "properties": { "hex_id": 45, "pop_total": 1.67, "delta_school": null, "base_school": 0.0, "delta_pharmacy": null, "base_pharmacy": 0.0, "delta_university": null, "base_university": 0.0, "delta_mall": null, "base_mall": 0.0, "net_delta": null, "net_delta_n": 0 }, "geometry": { "type": "Polygon", "coordinates": [ [ [ 18.449757, 54.366289 ], [ 18.451949, 54.368546 ], [ 18.456394, 54.368566 ], [ 18.458645, 54.366329 ], [ 18.456453, 54.364071 ], [ 18.452009, 54.364051 ], [ 18.449757, 54.366289 ] ] ] } },
{ "type": "Feature", "properties": { "hex_id": 46, "pop_total": 12.51, "delta_school": null, "base_school": 0.0, "delta_pharmacy": null, "base_pharmacy": 0.0, "delta_university": null, "base_university": 0.0, "delta_mall": null, "base_mall": 0.0, "net_delta": null, "net_delta_n": 0 }, "geometry": { "type": "Polygon", "coordinates": [ [ [ 18.449817, 54.361794 ], [ 18.452009, 54.364051 ], [ 18.456453, 54.364071 ], [ 18.458704, 54.361834 ], [ 18.456512, 54.359577 ], [ 18.452069, 54.359556 ], [ 18.449817, 54.361794 ] ] ] } },
{ "type": "Feature", "properties": { "hex_id": 47, "pop_total": 33.87, "delta_school": null, "base_school": 0.0, "delta_pharmacy": null, "base_pharmacy": 0.0, "delta_university": null, "base_university": 0.0, "delta_mall": null, "base_mall": 0.0, "net_delta": null, "net_delta_n": 0 }, "geometry": { "type": "Polygon", "coordinates": [ [ [ 18.449877, 54.357299 ], [ 18.452069, 54.359556 ], [ 18.456512, 54.359577 ], [ 18.458763, 54.357339 ], [ 18.456572, 54.355082 ], [ 18.452129, 54.355062 ], [ 18.449877, 54.357299 ] ] ] } },
{ "type": "Feature", "properties": { "hex_id": 51, "pop_total": 229.87, "delta_school": null, "base_school": 0.0, "delta_pharmacy": null, "base_pharmacy": 0.0, "delta_university": null, "base_university": 0.0, "delta_mall": null, "base_mall": 0.0, "net_delta": null, "net_delta_n": 0 }, "geometry": { "type": "Polygon", "coordinates": [ [ [ 18.455382, 54.444978 ], [ 18.457579, 54.447235 ], [ 18.462032, 54.447255 ], [ 18.464287, 54.445018 ], [ 18.46209, 54.44276 ], [ 18.457638, 54.44274 ], [ 18.455382, 54.444978 ] ] ] } },
{ "type": "Feature", "properties": { "hex_id": 52, "pop_total": 281.89, "delta_school": 0.0, "base_school": 1.0, "delta_pharmacy": 0.0, "base_pharmacy": 1.0, "delta_university": null, "base_university": 0.0, "delta_mall": null, "base_mall": 0.0, "net_delta": 0.0, "net_delta_n": 2 }, "geometry": { "type": "Polygon", "coordinates": [ [ [ 18.455442, 54.440483 ], [ 18.457638, 54.44274 ], [ 18.46209, 54.44276 ], [ 18.464346, 54.440523 ], [ 18.462149, 54.438266 ], [ 18.457697, 54.438246 ], [ 18.455442, 54.440483 ] ] ] } },
{ "type": "Feature", "properties": { "hex_id": 53, "pop_total": 203.15, "delta_school": null, "base_school": 0.0, "delta_pharmacy": 0.0, "base_pharmacy": 1.0, "delta_university": null, "base_university": 0.0, "delta_mall": null, "base_mall": 0.0, "net_delta": 0.0, "net_delta_n": 1 }, "geometry": { "type": "Polygon", "coordinates": [ [ [ 18.455501, 54.435988 ], [ 18.457697, 54.438246 ], [ 18.462149, 54.438266 ], [ 18.464405, 54.436028 ], [ 18.462208, 54.433771 ], [ 18.457757, 54.433751 ], [ 18.455501, 54.435988 ] ] ] } },
{ "type": "Feature", "properties": { "hex_id": 54, "pop_total": 213.31, "delta_school": null, "base_school": 0.0, "delta_pharmacy": null, "base_pharmacy": 0.0, "delta_university": null, "base_university": 0.0, "delta_mall": null, "base_mall": 0.0, "net_delta": null, "net_delta_n": 0 }, "geometry": { "type": "Polygon", "coordinates": [ [ [ 18.455561, 54.431493 ], [ 18.457757, 54.433751 ], [ 18.462208, 54.433771 ], [ 18.464463, 54.431533 ], [ 18.462267, 54.429276 ], [ 18.457816, 54.429256 ], [ 18.455561, 54.431493 ] ] ] } },
{ "type": "Feature", "properties": { "hex_id": 55, "pop_total": 410.91, "delta_school": 0.0, "base_school": 3.0, "delta_pharmacy": 0.0, "base_pharmacy": 4.0, "delta_university": null, "base_university": 0.0, "delta_mall": 0.0, "base_mall": 4.0, "net_delta": 0.0, "net_delta_n": 3 }, "geometry": { "type": "Polygon", "coordinates": [ [ [ 18.45562, 54.426999 ], [ 18.457816, 54.429256 ], [ 18.462267, 54.429276 ], [ 18.464522, 54.427038 ], [ 18.462326, 54.424781 ], [ 18.457875, 54.424761 ], [ 18.45562, 54.426999 ] ] ] } },
{ "type": "Feature", "properties": { "hex_id": 56, "pop_total": 651.47, "delta_school": 0.0, "base_school": 3.0, "delta_pharmacy": 0.0, "base_pharmacy": 4.0, "delta_university": null, "base_university": 0.0, "delta_mall": 0.0, "base_mall": 3.0, "net_delta": 0.0, "net_delta_n": 3 }, "geometry": { "type": "Polygon", "coordinates": [ [ [ 18.45568, 54.422504 ], [ 18.457875, 54.424761 ], [ 18.462326, 54.424781 ], [ 18.46458, 54.422544 ], [ 18.462385, 54.420286 ], [ 18.457935, 54.420266 ], [ 18.45568, 54.422504 ] ] ] } },
{ "type": "Feature", "properties": { "hex_id": 57, "pop_total": 174.82, "delta_school": 0.0, "base_school": 2.0, "delta_pharmacy": 0.0, "base_pharmacy": 4.0, "delta_university": null, "base_university": 0.0, "delta_mall": 1.0, "base_mall": 5.0, "net_delta": 1.0, "net_delta_n": 3 }, "geometry": { "type": "Polygon", "coordinates": [ [ [ 18.45574, 54.418009 ], [ 18.457935, 54.420266 ], [ 18.462385, 54.420286 ], [ 18.464639, 54.418049 ], [ 18.462444, 54.415792 ], [ 18.457994, 54.415772 ], [ 18.45574, 54.418009 ] ] ] } },
{ "type": "Feature", "properties": { "hex_id": 58, "pop_total": 125.78, "delta_school": 0.0, "base_school": 2.0, "delta_pharmacy": 1.0, "base_pharmacy": 1.0, "delta_university": null, "base_university": 0.0, "delta_mall": 1.0, "base_mall": 6.0, "net_delta": 2.0, "net_delta_n": 3 }, "geometry": { "type": "Polygon", "coordinates": [ [ [ 18.455799, 54.413514 ], [ 18.457994, 54.415772 ], [ 18.462444, 54.415792 ], [ 18.464698, 54.413554 ], [ 18.462502, 54.411297 ], [ 18.458053, 54.411277 ], [ 18.455799, 54.413514 ] ] ] } },
{ "type": "Feature", "properties": { "hex_id": 59, "pop_total": 31.72, "delta_school": null, "base_school": 0.0, "delta_pharmacy": null, "base_pharmacy": 0.0, "delta_university": null, "base_university": 0.0, "delta_mall": null, "base_mall": 0.0, "net_delta": null, "net_delta_n": 0 }, "geometry": { "type": "Polygon", "coordinates": [ [ [ 18.455859, 54.409019 ], [ 18.458053, 54.411277 ], [ 18.462502, 54.411297 ], [ 18.464756, 54.409059 ], [ 18.462561, 54.406802 ], [ 18.458113, 54.406782 ], [ 18.455859, 54.409019 ] ] ] } },
{ "type": "Feature", "properties": { "hex_id": 63, "pop_total": 3.72, "delta_school": null, "base_school": 0.0, "delta_pharmacy": null, "base_pharmacy": 0.0, "delta_university": null, "base_university": 0.0, "delta_mall": null, "base_mall": 0.0, "net_delta": null, "net_delta_n": 0 }, "geometry": { "type": "Polygon", "coordinates": [ [ [ 18.456156, 54.386545 ], [ 18.45835, 54.388803 ], [ 18.462796, 54.388823 ], [ 18.465049, 54.386585 ], [ 18.462855, 54.384328 ], [ 18.458409, 54.384308 ], [ 18.456156, 54.386545 ] ] ] } },
{ "type": "Feature", "properties": { "hex_id": 64, "pop_total": 4.17, "delta_school": null, "base_school": 0.0, "delta_pharmacy": null, "base_pharmacy": 0.0, "delta_university": null, "base_university": 0.0, "delta_mall": null, "base_mall": 0.0, "net_delta": null, "net_delta_n": 0 }, "geometry": { "type": "Polygon", "coordinates": [ [ [ 18.456215, 54.382051 ], [ 18.458409, 54.384308 ], [ 18.462855, 54.384328 ], [ 18.465107, 54.38209 ], [ 18.462913, 54.379833 ], [ 18.458468, 54.379813 ], [ 18.456215, 54.382051 ] ] ] } },
{ "type": "Feature", "properties": { "hex_id": 66, "pop_total": 34.04, "delta_school": null, "base_school": 0.0, "delta_pharmacy": null, "base_pharmacy": 0.0, "delta_university": null, "base_university": 0.0, "delta_mall": null, "base_mall": 0.0, "net_delta": null, "net_delta_n": 0 }, "geometry": { "type": "Polygon", "coordinates": [ [ [ 18.456334, 54.373061 ], [ 18.458527, 54.375318 ], [ 18.462972, 54.375338 ], [ 18.465224, 54.373101 ], [ 18.463031, 54.370843 ], [ 18.458586, 54.370824 ], [ 18.456334, 54.373061 ] ] ] } },
{ "type": "Feature", "properties": { "hex_id": 67, "pop_total": 48.39, "delta_school": 0.0, "base_school": 1.0, "delta_pharmacy": null, "base_pharmacy": 0.0, "delta_university": null, "base_university": 0.0, "delta_mall": null, "base_mall": 0.0, "net_delta": 0.0, "net_delta_n": 1 }, "geometry": { "type": "Polygon", "coordinates": [ [ [ 18.456394, 54.368566 ], [ 18.458586, 54.370824 ], [ 18.463031, 54.370843 ], [ 18.465282, 54.368606 ], [ 18.463089, 54.366349 ], [ 18.458645, 54.366329 ], [ 18.456394, 54.368566 ] ] ] } },
{ "type": "Feature", "properties": { "hex_id": 68, "pop_total": 26.94, "delta_school": null, "base_school": 0.0, "delta_pharmacy": null, "base_pharmacy": 0.0, "delta_university": null, "base_university": 0.0, "delta_mall": null, "base_mall": 0.0, "net_delta": null, "net_delta_n": 0 }, "geometry": { "type": "Polygon", "coordinates": [ [ [ 18.456453, 54.364071 ], [ 18.458645, 54.366329 ], [ 18.463089, 54.366349 ], [ 18.465341, 54.364111 ], [ 18.463148, 54.361854 ], [ 18.458704, 54.361834 ], [ 18.456453, 54.364071 ] ] ] } },
{ "type": "Feature", "properties": { "hex_id": 69, "pop_total": 47.73, "delta_school": 0.0, "base_school": 1.0, "delta_pharmacy": null, "base_pharmacy": 0.0, "delta_university": null, "base_university": 0.0, "delta_mall": null, "base_mall": 0.0, "net_delta": 0.0, "net_delta_n": 1 }, "geometry": { "type": "Polygon", "coordinates": [ [ [ 18.456512, 54.359577 ], [ 18.458704, 54.361834 ], [ 18.463148, 54.361854 ], [ 18.465399, 54.359616 ], [ 18.463207, 54.357359 ], [ 18.458763, 54.357339 ], [ 18.456512, 54.359577 ] ] ] } },
{ "type": "Feature", "properties": { "hex_id": 70, "pop_total": 7.34, "delta_school": null, "base_school": 0.0, "delta_pharmacy": null, "base_pharmacy": 0.0, "delta_university": null, "base_university": 0.0, "delta_mall": null, "base_mall": 0.0, "net_delta": null, "net_delta_n": 0 }, "geometry": { "type": "Polygon", "coordinates": [ [ [ 18.456572, 54.355082 ], [ 18.458763, 54.357339 ], [ 18.463207, 54.357359 ], [ 18.465457, 54.355121 ], [ 18.463265, 54.352864 ], [ 18.458823, 54.352844 ], [ 18.456572, 54.355082 ] ] ] } },
{ "type": "Feature", "properties": { "hex_id": 71, "pop_total": 1.34, "delta_school": null, "base_school": 0.0, "delta_pharmacy": null, "base_pharmacy": 0.0, "delta_university": null, "base_university": 0.0, "delta_mall": null, "base_mall": 0.0, "net_delta": null, "net_delta_n": 0 }, "geometry": { "type": "Polygon", "coordinates": [ [ [ 18.456631, 54.350587 ], [ 18.458823, 54.352844 ], [ 18.463265, 54.352864 ], [ 18.465516, 54.350627 ], [ 18.463324, 54.348369 ], [ 18.458882, 54.348349 ], [ 18.456631, 54.350587 ] ] ] } },
{ "type": "Feature", "properties": { "hex_id": 76, "pop_total": 2.92, "delta_school": null, "base_school": 0.0, "delta_pharmacy": null, "base_pharmacy": 0.0, "delta_university": null, "base_university": 0.0, "delta_mall": null, "base_mall": 0.0, "net_delta": null, "net_delta_n": 0 }, "geometry": { "type": "Polygon", "coordinates": [ [ [ 18.46209, 54.44276 ], [ 18.464287, 54.445018 ], [ 18.46874, 54.445037 ], [ 18.470995, 54.4428 ], [ 18.468798, 54.440542 ], [ 18.464346, 54.440523 ], [ 18.46209, 54.44276 ] ] ] } },
{ "type": "Feature", "properties": { "hex_id": 77, "pop_total": 90.76, "delta_school": 0.0, "base_school": 1.0, "delta_pharmacy": 0.0, "base_pharmacy": 1.0, "delta_university": null, "base_university": 0.0, "delta_mall": 1.0, "base_mall": 1.0, "net_delta": 1.0, "net_delta_n": 3 }, "geometry": { "type": "Polygon", "coordinates": [ [ [ 18.462149, 54.438266 ], [ 18.464346, 54.440523 ], [ 18.468798, 54.440542 ], [ 18.471053, 54.438305 ], [ 18.468856, 54.436048 ], [ 18.464405, 54.436028 ], [ 18.462149, 54.438266 ] ] ] } },
{ "type": "Feature", "properties": { "hex_id": 78, "pop_total": 1062.74, "delta_school": 0.0, "base_school": 3.0, "delta_pharmacy": 0.0, "base_pharmacy": 5.0, "delta_university": null, "base_university": 0.0, "delta_mall": 0.0, "base_mall": 4.0, "net_delta": 0.0, "net_delta_n": 3 }, "geometry": { "type": "Polygon", "coordinates": [ [ [ 18.462208, 54.433771 ], [ 18.464405, 54.436028 ], [ 18.468856, 54.436048 ], [ 18.471111, 54.43381 ], [ 18.468914, 54.431553 ], [ 18.464463, 54.431533 ], [ 18.462208, 54.433771 ] ] ] } },
{ "type": "Feature", "properties": { "hex_id": 79, "pop_total": 782.92, "delta_school": 0.0, "base_school": 3.0, "delta_pharmacy": 0.0, "base_pharmacy": 4.0, "delta_university": null, "base_university": 0.0, "delta_mall": 0.0, "base_mall": 4.0, "net_delta": 0.0, "net_delta_n": 3 }, "geometry": { "type": "Polygon", "coordinates": [ [ [ 18.462267, 54.429276 ], [ 18.464463, 54.431533 ], [ 18.468914, 54.431553 ], [ 18.471169, 54.429315 ], [ 18.468973, 54.427058 ], [ 18.464522, 54.427038 ], [ 18.462267, 54.429276 ] ] ] } },
{ "type": "Feature", "properties": { "hex_id": 80, "pop_total": 517.99, "delta_school": 0.0, "base_school": 3.0, "delta_pharmacy": 0.0, "base_pharmacy": 4.0, "delta_university": null, "base_university": 0.0, "delta_mall": 0.0, "base_mall": 4.0, "net_delta": 0.0, "net_delta_n": 3 }, "geometry": { "type": "Polygon", "coordinates": [ [ [ 18.462326, 54.424781 ], [ 18.464522, 54.427038 ], [ 18.468973, 54.427058 ], [ 18.471227, 54.42482 ], [ 18.469031, 54.422563 ], [ 18.46458, 54.422544 ], [ 18.462326, 54.424781 ] ] ] } },
{ "type": "Feature", "properties": { "hex_id": 81, "pop_total": 801.51, "delta_school": 0.0, "base_school": 3.0, "delta_pharmacy": 0.0, "base_pharmacy": 4.0, "delta_university": null, "base_university": 0.0, "delta_mall": 1.0, "base_mall": 5.0, "net_delta": 1.0, "net_delta_n": 3 }, "geometry": { "type": "Polygon", "coordinates": [ [ [ 18.462385, 54.420286 ], [ 18.46458, 54.422544 ], [ 18.469031, 54.422563 ], [ 18.471285, 54.420326 ], [ 18.469089, 54.418068 ], [ 18.464639, 54.418049 ], [ 18.462385, 54.420286 ] ] ] } },
{ "type": "Feature", "properties": { "hex_id": 82, "pop_total": 118.78, "delta_school": 0.0, "base_school": 2.0, "delta_pharmacy": 1.0, "base_pharmacy": 4.0, "delta_university": null, "base_university": 0.0, "delta_mall": 0.0, "base_mall": 12.0, "net_delta": 1.0, "net_delta_n": 3 }, "geometry": { "type": "Polygon", "coordinates": [ [ [ 18.462444, 54.415792 ], [ 18.464639, 54.418049 ], [ 18.469089, 54.418068 ], [ 18.471343, 54.415831 ], [ 18.469147, 54.413574 ], [ 18.464698, 54.413554 ], [ 18.462444, 54.415792 ] ] ] } },
{ "type": "Feature", "properties": { "hex_id": 83, "pop_total": 41.42, "delta_school": null, "base_school": 0.0, "delta_pharmacy": null, "base_pharmacy": 0.0, "delta_university": null, "base_university": 0.0, "delta_mall": null, "base_mall": 0.0, "net_delta": null, "net_delta_n": 0 }, "geometry": { "type": "Polygon", "coordinates": [ [ [ 18.462502, 54.411297 ], [ 18.464698, 54.413554 ], [ 18.469147, 54.413574 ], [ 18.4714, 54.411336 ], [ 18.469205, 54.409079 ], [ 18.464756, 54.409059 ], [ 18.462502, 54.411297 ] ] ] } },
{ "type": "Feature", "properties": { "hex_id": 84, "pop_total": 23.55, "delta_school": null, "base_school": 0.0, "delta_pharmacy": null, "base_pharmacy": 0.0, "delta_university": null, "base_university": 0.0, "delta_mall": null, "base_mall": 0.0, "net_delta": null, "net_delta_n": 0 }, "geometry": { "type": "Polygon", "coordinates": [ [ [ 18.462561, 54.406802 ], [ 18.464756, 54.409059 ], [ 18.469205, 54.409079 ], [ 18.471458, 54.406841 ], [ 18.469263, 54.404584 ], [ 18.464815, 54.404564 ], [ 18.462561, 54.406802 ] ] ] } },
{ "type": "Feature", "properties": { "hex_id": 85, "pop_total": 1.29, "delta_school": null, "base_school": 0.0, "delta_pharmacy": null, "base_pharmacy": 0.0, "delta_university": null, "base_university": 0.0, "delta_mall": null, "base_mall": 0.0, "net_delta": null, "net_delta_n": 0 }, "geometry": { "type": "Polygon", "coordinates": [ [ [ 18.46262, 54.402307 ], [ 18.464815, 54.404564 ], [ 18.469263, 54.404584 ], [ 18.471516, 54.402346 ], [ 18.469321, 54.400089 ], [ 18.464873, 54.40007 ], [ 18.46262, 54.402307 ] ] ] } },
{ "type": "Feature", "properties": { "hex_id": 86, "pop_total": 27.1, "delta_school": null, "base_school": 0.0, "delta_pharmacy": null, "base_pharmacy": 0.0, "delta_university": null, "base_university": 0.0, "delta_mall": null, "base_mall": 0.0, "net_delta": null, "net_delta_n": 0 }, "geometry": { "type": "Polygon", "coordinates": [ [ [ 18.462679, 54.397812 ], [ 18.464873, 54.40007 ], [ 18.469321, 54.400089 ], [ 18.471574, 54.397852 ], [ 18.469379, 54.395594 ], [ 18.464932, 54.395575 ], [ 18.462679, 54.397812 ] ] ] } },
{ "type": "Feature", "properties": { "hex_id": 87, "pop_total": 67.61, "delta_school": 0.0, "base_school": 1.0, "delta_pharmacy": null, "base_pharmacy": 0.0, "delta_university": null, "base_university": 0.0, "delta_mall": null, "base_mall": 0.0, "net_delta": 0.0, "net_delta_n": 1 }, "geometry": { "type": "Polygon", "coordinates": [ [ [ 18.462737, 54.393318 ], [ 18.464932, 54.395575 ], [ 18.469379, 54.395594 ], [ 18.471632, 54.393357 ], [ 18.469437, 54.3911 ], [ 18.46499, 54.39108 ], [ 18.462737, 54.393318 ] ] ] } },
{ "type": "Feature", "properties": { "hex_id": 88, "pop_total": 159.79, "delta_school": 0.0, "base_school": 1.0, "delta_pharmacy": null, "base_pharmacy": 0.0, "delta_university": null, "base_university": 0.0, "delta_mall": null, "base_mall": 0.0, "net_delta": 0.0, "net_delta_n": 1 }, "geometry": { "type": "Polygon", "coordinates": [ [ [ 18.462796, 54.388823 ], [ 18.46499, 54.39108 ], [ 18.469437, 54.3911 ], [ 18.471689, 54.388862 ], [ 18.469495, 54.386605 ], [ 18.465049, 54.386585 ], [ 18.462796, 54.388823 ] ] ] } },
{ "type": "Feature", "properties": { "hex_id": 89, "pop_total": 4.64, "delta_school": 0.0, "base_school": 2.0, "delta_pharmacy": null, "base_pharmacy": 0.0, "delta_university": null, "base_university": 0.0, "delta_mall": 0.0, "base_mall": 1.0, "net_delta": 0.0, "net_delta_n": 2 }, "geometry": { "type": "Polygon", "coordinates": [ [ [ 18.462855, 54.384328 ], [ 18.465049, 54.386585 ], [ 18.469495, 54.386605 ], [ 18.471747, 54.384367 ], [ 18.469553, 54.38211 ], [ 18.465107, 54.38209 ], [ 18.462855, 54.384328 ] ] ] } },
{ "type": "Feature", "properties": { "hex_id": 90, "pop_total": 1.67, "delta_school": null, "base_school": 0.0, "delta_pharmacy": null, "base_pharmacy": 0.0, "delta_university": null, "base_university": 0.0, "delta_mall": null, "base_mall": 0.0, "net_delta": null, "net_delta_n": 0 }, "geometry": { "type": "Polygon", "coordinates": [ [ [ 18.462913, 54.379833 ], [ 18.465107, 54.38209 ], [ 18.469553, 54.38211 ], [ 18.471805, 54.379872 ], [ 18.469611, 54.377615 ], [ 18.465166, 54.377596 ], [ 18.462913, 54.379833 ] ] ] } },
{ "type": "Feature", "properties": { "hex_id": 91, "pop_total": 18.19, "delta_school": null, "base_school": 0.0, "delta_pharmacy": null, "base_pharmacy": 0.0, "delta_university": null, "base_university": 0.0, "delta_mall": null, "base_mall": 0.0, "net_delta": null, "net_delta_n": 0 }, "geometry": { "type": "Polygon", "coordinates": [ [ [ 18.462972, 54.375338 ], [ 18.465166, 54.377596 ], [ 18.469611, 54.377615 ], [ 18.471862, 54.375377 ], [ 18.469669, 54.37312 ], [ 18.465224, 54.373101 ], [ 18.462972, 54.375338 ] ] ] } },
{ "type": "Feature", "properties": { "hex_id": 93, "pop_total": 17.45, "delta_school": 0.0, "base_school": 1.0, "delta_pharmacy": null, "base_pharmacy": 0.0, "delta_university": null, "base_university": 0.0, "delta_mall": null, "base_mall": 0.0, "net_delta": 0.0, "net_delta_n": 1 }, "geometry": { "type": "Polygon", "coordinates": [ [ [ 18.463089, 54.366349 ], [ 18.465282, 54.368606 ], [ 18.469727, 54.368625 ], [ 18.471978, 54.366388 ], [ 18.469785, 54.364131 ], [ 18.465341, 54.364111 ], [ 18.463089, 54.366349 ] ] ] } },
{ "type": "Feature", "properties": { "hex_id": 94, "pop_total": 1.34, "delta_school": null, "base_school": 0.0, "delta_pharmacy": null, "base_pharmacy": 0.0, "delta_university": null, "base_university": 0.0, "delta_mall": null, "base_mall": 0.0, "net_delta": null, "net_delta_n": 0 }, "geometry": { "type": "Polygon", "coordinates": [ [ [ 18.463148, 54.361854 ], [ 18.465341, 54.364111 ], [ 18.469785, 54.364131 ], [ 18.472035, 54.361893 ], [ 18.469843, 54.359636 ], [ 18.465399, 54.359616 ], [ 18.463148, 54.361854 ] ] ] } },
{ "type": "Feature", "properties": { "hex_id": 95, "pop_total": 112.17, "delta_school": null, "base_school": 0.0, "delta_pharmacy": null, "base_pharmacy": 0.0, "delta_university": null, "base_university": 0.0, "delta_mall": null, "base_mall": 0.0, "net_delta": null, "net_delta_n": 0 }, "geometry": { "type": "Polygon", "coordinates": [ [ [ 18.463207, 54.357359 ], [ 18.465399, 54.359616 ], [ 18.469843, 54.359636 ], [ 18.472093, 54.357398 ], [ 18.4699, 54.355141 ], [ 18.465457, 54.355121 ], [ 18.463207, 54.357359 ] ] ] } },
{ "type": "Feature", "properties": { "hex_id": 96, "pop_total": 55.42, "delta_school": 0.0, "base_school": 1.0, "delta_pharmacy": null, "base_pharmacy": 0.0, "delta_university": null, "base_university": 0.0, "delta_mall": null, "base_mall": 0.0, "net_delta": 0.0, "net_delta_n": 1 }, "geometry": { "type": "Polygon", "coordinates": [ [ [ 18.463265, 54.352864 ], [ 18.465457, 54.355121 ], [ 18.4699, 54.355141 ], [ 18.472151, 54.352903 ], [ 18.469958, 54.350646 ], [ 18.465516, 54.350627 ], [ 18.463265, 54.352864 ] ] ] } },
{ "type": "Feature", "properties": { "hex_id": 97, "pop_total": 86.99, "delta_school": 0.0, "base_school": 1.0, "delta_pharmacy": null, "base_pharmacy": 0.0, "delta_university": null, "base_university": 0.0, "delta_mall": null, "base_mall": 0.0, "net_delta": 0.0, "net_delta_n": 1 }, "geometry": { "type": "Polygon", "coordinates": [ [ [ 18.463324, 54.348369 ], [ 18.465516, 54.350627 ], [ 18.469958, 54.350646 ], [ 18.472208, 54.348408 ], [ 18.470016, 54.346151 ], [ 18.465574, 54.346132 ], [ 18.463324, 54.348369 ] ] ] } },
{ "type": "Feature", "properties": { "hex_id": 98, "pop_total": 51.2, "delta_school": null, "base_school": 0.0, "delta_pharmacy": null, "base_pharmacy": 0.0, "delta_university": null, "base_university": 0.0, "delta_mall": null, "base_mall": 0.0, "net_delta": null, "net_delta_n": 0 }, "geometry": { "type": "Polygon", "coordinates": [ [ [ 18.463382, 54.343874 ], [ 18.465574, 54.346132 ], [ 18.470016, 54.346151 ], [ 18.472266, 54.343914 ], [ 18.470074, 54.341656 ], [ 18.465632, 54.341637 ], [ 18.463382, 54.343874 ] ] ] } },
{ "type": "Feature", "properties": { "hex_id": 99, "pop_total": 34.64, "delta_school": null, "base_school": 0.0, "delta_pharmacy": null, "base_pharmacy": 0.0, "delta_university": null, "base_university": 0.0, "delta_mall": null, "base_mall": 0.0, "net_delta": null, "net_delta_n": 0 }, "geometry": { "type": "Polygon", "coordinates": [ [ [ 18.463441, 54.33938 ], [ 18.465632, 54.341637 ], [ 18.470074, 54.341656 ], [ 18.472323, 54.339419 ], [ 18.470132, 54.337162 ], [ 18.465691, 54.337142 ], [ 18.463441, 54.33938 ] ] ] } },
{ "type": "Feature", "properties": { "hex_id": 103, "pop_total": 24.53, "delta_school": 0.0, "base_school": 2.0, "delta_pharmacy": 0.0, "base_pharmacy": 3.0, "delta_university": null, "base_university": 0.0, "delta_mall": 0.0, "base_mall": 3.0, "net_delta": 0.0, "net_delta_n": 3 }, "geometry": { "type": "Polygon", "coordinates": [ [ [ 18.468856, 54.436048 ], [ 18.471053, 54.438305 ], [ 18.475505, 54.438324 ], [ 18.47776, 54.436086 ], [ 18.475563, 54.433829 ], [ 18.471111, 54.43381 ], [ 18.468856, 54.436048 ] ] ] } },
{ "type": "Feature", "properties": { "hex_id": 104, "pop_total": 898.66, "delta_school": 1.0, "base_school": 3.0, "delta_pharmacy": 0.0, "base_pharmacy": 5.0, "delta_university": null, "base_university": 0.0, "delta_mall": 1.0, "base_mall": 5.0, "net_delta": 2.0, "net_delta_n": 3 }, "geometry": { "type": "Polygon", "coordinates": [ [ [ 18.468914, 54.431553 ], [ 18.471111, 54.43381 ], [ 18.475563, 54.433829 ], [ 18.477817, 54.431592 ], [ 18.47562, 54.429335 ], [ 18.471169, 54.429315 ], [ 18.468914, 54.431553 ] ] ] } },
{ "type": "Feature", "properties": { "hex_id": 105, "pop_total": 1154.69, "delta_school": 0.0, "base_school": 3.0, "delta_pharmacy": 0.0, "base_pharmacy": 5.0, "delta_university": null, "base_university": 0.0, "delta_mall": -1.0, "base_mall": 5.0, "net_delta": -1.0, "net_delta_n": 3 }, "geometry": { "type": "Polygon", "coordinates": [ [ [ 18.468973, 54.427058 ], [ 18.471169, 54.429315 ], [ 18.47562, 54.429335 ], [ 18.477874, 54.427097 ], [ 18.475677, 54.42484 ], [ 18.471227, 54.42482 ], [ 18.468973, 54.427058 ] ] ] } },
{ "type": "Feature", "properties": { "hex_id": 106, "pop_total": 1531.57, "delta_school": 0.0, "base_school": 3.0, "delta_pharmacy": 0.0, "base_pharmacy": 4.0, "delta_university": null, "base_university": 0.0, "delta_mall": 0.0, "base_mall": 7.0, "net_delta": 0.0, "net_delta_n": 3 }, "geometry": { "type": "Polygon", "coordinates": [ [ [ 18.469031, 54.422563 ], [ 18.471227, 54.42482 ], [ 18.475677, 54.42484 ], [ 18.477931, 54.422602 ], [ 18.475735, 54.420345 ], [ 18.471285, 54.420326 ], [ 18.469031, 54.422563 ] ] ] } },
{ "type": "Feature", "properties": { "hex_id": 107, "pop_total": 699.77, "delta_school": 0.0, "base_school": 2.0, "delta_pharmacy": 0.0, "base_pharmacy": 4.0, "delta_university": null, "base_university": 0.0, "delta_mall": 1.0, "base_mall": 11.0, "net_delta": 1.0, "net_delta_n": 3 }, "geometry": { "type": "Polygon", "coordinates": [ [ [ 18.469089, 54.418068 ], [ 18.471285, 54.420326 ], [ 18.475735, 54.420345 ], [ 18.477988, 54.418107 ], [ 18.475792, 54.41585 ], [ 18.471343, 54.415831 ], [ 18.469089, 54.418068 ] ] ] } },
{ "type": "Feature", "properties": { "hex_id": 108, "pop_total": 52.99, "delta_school": 0.0, "base_school": 2.0, "delta_pharmacy": 0.0, "base_pharmacy": 1.0, "delta_university": null, "base_university": 0.0, "delta_mall": 0.0, "base_mall": 10.0, "net_delta": 0.0, "net_delta_n": 3 }, "geometry": { "type": "Polygon", "coordinates": [ [ [ 18.469147, 54.413574 ], [ 18.471343, 54.415831 ], [ 18.475792, 54.41585 ], [ 18.478045, 54.413612 ], [ 18.475849, 54.411355 ], [ 18.4714, 54.411336 ], [ 18.469147, 54.413574 ] ] ] } },
{ "type": "Feature", "properties": { "hex_id": 111, "pop_total": 44.34, "delta_school": null, "base_school": 0.0, "delta_pharmacy": null, "base_pharmacy": 0.0, "delta_university": null, "base_university": 0.0, "delta_mall": null, "base_mall": 0.0, "net_delta": null, "net_delta_n": 0 }, "geometry": { "type": "Polygon", "coordinates": [ [ [ 18.469321, 54.400089 ], [ 18.471516, 54.402346 ], [ 18.475964, 54.402366 ], [ 18.478217, 54.400128 ], [ 18.476021, 54.397871 ], [ 18.471574, 54.397852 ], [ 18.469321, 54.400089 ] ] ] } },
{ "type": "Feature", "properties": { "hex_id": 112, "pop_total": 139.18, "delta_school": 0.0, "base_school": 1.0, "delta_pharmacy": null, "base_pharmacy": 0.0, "delta_university": null, "base_university": 0.0, "delta_mall": null, "base_mall": 0.0, "net_delta": 0.0, "net_delta_n": 1 }, "geometry": { "type": "Polygon", "coordinates": [ [ [ 18.469379, 54.395594 ], [ 18.471574, 54.397852 ], [ 18.476021, 54.397871 ], [ 18.478274, 54.395633 ], [ 18.476079, 54.393376 ], [ 18.471632, 54.393357 ], [ 18.469379, 54.395594 ] ] ] } },
{ "type": "Feature", "properties": { "hex_id": 113, "pop_total": 45.21, "delta_school": 0.0, "base_school": 1.0, "delta_pharmacy": null, "base_pharmacy": 0.0, "delta_university": null, "base_university": 0.0, "delta_mall": null, "base_mall": 0.0, "net_delta": 0.0, "net_delta_n": 1 }, "geometry": { "type": "Polygon", "coordinates": [ [ [ 18.469437, 54.3911 ], [ 18.471632, 54.393357 ], [ 18.476079, 54.393376 ], [ 18.478331, 54.391138 ], [ 18.476136, 54.388881 ], [ 18.471689, 54.388862 ], [ 18.469437, 54.3911 ] ] ] } },
{ "type": "Feature", "properties": { "hex_id": 114, "pop_total": 17.84, "delta_school": 0.0, "base_school": 1.0, "delta_pharmacy": null, "base_pharmacy": 0.0, "delta_university": null, "base_university": 0.0, "delta_mall": null, "base_mall": 0.0, "net_delta": 0.0, "net_delta_n": 1 }, "geometry": { "type": "Polygon", "coordinates": [ [ [ 18.469495, 54.386605 ], [ 18.471689, 54.388862 ], [ 18.476136, 54.388881 ], [ 18.478388, 54.386644 ], [ 18.476193, 54.384386 ], [ 18.471747, 54.384367 ], [ 18.469495, 54.386605 ] ] ] } },
{ "type": "Feature", "properties": { "hex_id": 115, "pop_total": 57.19, "delta_school": 0.0, "base_school": 2.0, "delta_pharmacy": null, "base_pharmacy": 0.0, "delta_university": null, "base_university": 0.0, "delta_mall": 1.0, "base_mall": 2.0, "net_delta": 1.0, "net_delta_n": 2 }, "geometry": { "type": "Polygon", "coordinates": [ [ [ 18.469553, 54.38211 ], [ 18.471747, 54.384367 ], [ 18.476193, 54.384386 ], [ 18.478445, 54.382149 ], [ 18.47625, 54.379892 ], [ 18.471805, 54.379872 ], [ 18.469553, 54.38211 ] ] ] } },
{ "type": "Feature", "properties": { "hex_id": 118, "pop_total": 34.34, "delta_school": null, "base_school": 0.0, "delta_pharmacy": null, "base_pharmacy": 0.0, "delta_university": null, "base_university": 0.0, "delta_mall": null, "base_mall": 0.0, "net_delta": null, "net_delta_n": 0 }, "geometry": { "type": "Polygon", "coordinates": [ [ [ 18.469727, 54.368625 ], [ 18.47192, 54.370883 ], [ 18.476365, 54.370902 ], [ 18.478616, 54.368664 ], [ 18.476422, 54.366407 ], [ 18.471978, 54.366388 ], [ 18.469727, 54.368625 ] ] ] } },
{ "type": "Feature", "properties": { "hex_id": 119, "pop_total": 32.05, "delta_school": null, "base_school": 0.0, "delta_pharmacy": null, "base_pharmacy": 0.0, "delta_university": null, "base_university": 0.0, "delta_mall": null, "base_mall": 0.0, "net_delta": null, "net_delta_n": 0 }, "geometry": { "type": "Polygon", "coordinates": [ [ [ 18.469785, 54.364131 ], [ 18.471978, 54.366388 ], [ 18.476422, 54.366407 ], [ 18.478673, 54.364169 ], [ 18.476479, 54.361912 ], [ 18.472035, 54.361893 ], [ 18.469785, 54.364131 ] ] ] } },
{ "type": "Feature", "properties": { "hex_id": 120, "pop_total": 12.69, "delta_school": null, "base_school": 0.0, "delta_pharmacy": null, "base_pharmacy": 0.0, "delta_university": null, "base_university": 0.0, "delta_mall": null, "base_mall": 0.0, "net_delta": null, "net_delta_n": 0 }, "geometry": { "type": "Polygon", "coordinates": [ [ [ 18.469843, 54.359636 ], [ 18.472035, 54.361893 ], [ 18.476479, 54.361912 ], [ 18.478729, 54.359674 ], [ 18.476536, 54.357417 ], [ 18.472093, 54.357398 ], [ 18.469843, 54.359636 ] ] ] } },
{ "type": "Feature", "properties": { "hex_id": 121, "pop_total": 25.37, "delta_school": 0.0, "base_school": 1.0, "delta_pharmacy": null, "base_pharmacy": 0.0, "delta_university": null, "base_university": 0.0, "delta_mall": null, "base_mall": 0.0, "net_delta": 0.0, "net_delta_n": 1 }, "geometry": { "type": "Polygon", "coordinates": [ [ [ 18.4699, 54.355141 ], [ 18.472093, 54.357398 ], [ 18.476536, 54.357417 ], [ 18.478786, 54.35518 ], [ 18.476593, 54.352923 ], [ 18.472151, 54.352903 ], [ 18.4699, 54.355141 ] ] ] } },
{ "type": "Feature", "properties": { "hex_id": 122, "pop_total": 43.42, "delta_school": 0.0, "base_school": 1.0, "delta_pharmacy": null, "base_pharmacy": 0.0, "delta_university": null, "base_university": 0.0, "delta_mall": null, "base_mall": 0.0, "net_delta": 0.0, "net_delta_n": 1 }, "geometry": { "type": "Polygon", "coordinates": [ [ [ 18.469958, 54.350646 ], [ 18.472151, 54.352903 ], [ 18.476593, 54.352923 ], [ 18.478843, 54.350685 ], [ 18.476651, 54.348428 ], [ 18.472208, 54.348408 ], [ 18.469958, 54.350646 ] ] ] } },
{ "type": "Feature", "properties": { "hex_id": 123, "pop_total": 146.92, "delta_school": 0.0, "base_school": 1.0, "delta_pharmacy": null, "base_pharmacy": 0.0, "delta_university": null, "base_university": 0.0, "delta_mall": null, "base_mall": 0.0, "net_delta": 0.0, "net_delta_n": 1 }, "geometry": { "type": "Polygon", "coordinates": [ [ [ 18.470016, 54.346151 ], [ 18.472208, 54.348408 ], [ 18.476651, 54.348428 ], [ 18.4789, 54.34619 ], [ 18.476708, 54.343933 ], [ 18.472266, 54.343914 ], [ 18.470016, 54.346151 ] ] ] } },
{ "type": "Feature", "properties": { "hex_id": 124, "pop_total": 94.87, "delta_school": 0.0, "base_school": 1.0, "delta_pharmacy": null, "base_pharmacy": 0.0, "delta_university": null, "base_university": 0.0, "delta_mall": null, "base_mall": 0.0, "net_delta": 0.0, "net_delta_n": 1 }, "geometry": { "type": "Polygon", "coordinates": [ [ [ 18.470074, 54.341656 ], [ 18.472266, 54.343914 ], [ 18.476708, 54.343933 ], [ 18.478957, 54.341695 ], [ 18.476765, 54.339438 ], [ 18.472323, 54.339419 ], [ 18.470074, 54.341656 ] ] ] } },
{ "type": "Feature", "properties": { "hex_id": 125, "pop_total": 3.01, "delta_school": null, "base_school": 0.0, "delta_pharmacy": null, "base_pharmacy": 0.0, "delta_university": null, "base_university": 0.0, "delta_mall": null, "base_mall": 0.0, "net_delta": null, "net_delta_n": 0 }, "geometry": { "type": "Polygon", "coordinates": [ [ [ 18.470132, 54.337162 ], [ 18.472323, 54.339419 ], [ 18.476765, 54.339438 ], [ 18.479014, 54.3372 ], [ 18.476822, 54.334943 ], [ 18.472381, 54.334924 ], [ 18.470132, 54.337162 ] ] ] } },
{ "type": "Feature", "properties": { "hex_id": 129, "pop_total": 14.71, "delta_school": 0.0, "base_school": 3.0, "delta_pharmacy": 0.0, "base_pharmacy": 4.0, "delta_university": null, "base_university": 0.0, "delta_mall": 0.0, "base_mall": 5.0, "net_delta": 0.0, "net_delta_n": 3 }, "geometry": { "type": "Polygon", "coordinates": [ [ [ 18.475563, 54.433829 ], [ 18.47776, 54.436086 ], [ 18.482211, 54.436106 ], [ 18.484466, 54.433868 ], [ 18.482268, 54.431611 ], [ 18.477817, 54.431592 ], [ 18.475563, 54.433829 ] ] ] } },
{ "type": "Feature", "properties": { "hex_id": 130, "pop_total": 512.36, "delta_school": 2.0, "base_school": 4.0, "delta_pharmacy": 1.0, "base_pharmacy": 5.0, "delta_university": null, "base_university": 0.0, "delta_mall": 1.0, "base_mall": 5.0, "net_delta": 4.0, "net_delta_n": 3 }, "geometry": { "type": "Polygon", "coordinates": [ [ [ 18.47562, 54.429335 ], [ 18.477817, 54.431592 ], [ 18.482268, 54.431611 ], [ 18.484522, 54.429373 ], [ 18.482325, 54.427116 ], [ 18.477874, 54.427097 ], [ 18.47562, 54.429335 ] ] ] } },
{ "type": "Feature", "properties": { "hex_id": 131, "pop_total": 1688.63, "delta_school": 0.0, "base_school": 3.0, "delta_pharmacy": 0.0, "base_pharmacy": 5.0, "delta_university": null, "base_university": 0.0, "delta_mall": 0.0, "base_mall": 11.0, "net_delta": 0.0, "net_delta_n": 3 }, "geometry": { "type": "Polygon", "coordinates": [ [ [ 18.475677, 54.42484 ], [ 18.477874, 54.427097 ], [ 18.482325, 54.427116 ], [ 18.484578, 54.424878 ], [ 18.482381, 54.422621 ], [ 18.477931, 54.422602 ], [ 18.475677, 54.42484 ] ] ] } },
{ "type": "Feature", "properties": { "hex_id": 132, "pop_total": 2176.25, "delta_school": 0.0, "base_school": 3.0, "delta_pharmacy": 1.0, "base_pharmacy": 4.0, "delta_university": null, "base_university": 0.0, "delta_mall": 0.0, "base_mall": 12.0, "net_delta": 1.0, "net_delta_n": 3 }, "geometry": { "type": "Polygon", "coordinates": [ [ [ 18.475735, 54.420345 ], [ 18.477931, 54.422602 ], [ 18.482381, 54.422621 ], [ 18.484635, 54.420383 ], [ 18.482438, 54.418126 ], [ 18.477988, 54.418107 ], [ 18.475735, 54.420345 ] ] ] } },
{ "type": "Feature", "properties": { "hex_id": 133, "pop_total": 322.14, "delta_school": 0.0, "base_school": 3.0, "delta_pharmacy": 1.0, "base_pharmacy": 4.0, "delta_university": null, "base_university": 0.0, "delta_mall": 0.0, "base_mall": 12.0, "net_delta": 1.0, "net_delta_n": 3 }, "geometry": { "type": "Polygon", "coordinates": [ [ [ 18.475792, 54.41585 ], [ 18.477988, 54.418107 ], [ 18.482438, 54.418126 ], [ 18.484691, 54.415889 ], [ 18.482495, 54.413632 ], [ 18.478045, 54.413612 ], [ 18.475792, 54.41585 ] ] ] } },
{ "type": "Feature", "properties": { "hex_id": 134, "pop_total": 5.17, "delta_school": 0.0, "base_school": 2.0, "delta_pharmacy": 0.0, "base_pharmacy": 3.0, "delta_university": null, "base_university": 0.0, "delta_mall": 0.0, "base_mall": 11.0, "net_delta": 0.0, "net_delta_n": 3 }, "geometry": { "type": "Polygon", "coordinates": [ [ [ 18.475849, 54.411355 ], [ 18.478045, 54.413612 ], [ 18.482495, 54.413632 ], [ 18.484748, 54.411394 ], [ 18.482551, 54.409137 ], [ 18.478103, 54.409118 ], [ 18.475849, 54.411355 ] ] ] } },
{ "type": "Feature", "properties": { "hex_id": 137, "pop_total": 33.26, "delta_school": 0.0, "base_school": 1.0, "delta_pharmacy": null, "base_pharmacy": 0.0, "delta_university": null, "base_university": 0.0, "delta_mall": null, "base_mall": 0.0, "net_delta": 0.0, "net_delta_n": 1 }, "geometry": { "type": "Polygon", "coordinates": [ [ [ 18.476021, 54.397871 ], [ 18.478217, 54.400128 ], [ 18.482664, 54.400147 ], [ 18.484917, 54.397909 ], [ 18.482721, 54.395652 ], [ 18.478274, 54.395633 ], [ 18.476021, 54.397871 ] ] ] } },
{ "type": "Feature", "properties": { "hex_id": 138, "pop_total": 42.98, "delta_school": null, "base_school": 0.0, "delta_pharmacy": null, "base_pharmacy": 0.0, "delta_university": null, "base_university": 0.0, "delta_mall": null, "base_mall": 0.0, "net_delta": null, "net_delta_n": 0 }, "geometry": { "type": "Polygon", "coordinates": [ [ [ 18.476079, 54.393376 ], [ 18.478274, 54.395633 ], [ 18.482721, 54.395652 ], [ 18.484973, 54.393414 ], [ 18.482778, 54.391157 ], [ 18.478331, 54.391138 ], [ 18.476079, 54.393376 ] ] ] } },
{ "type": "Feature", "properties": { "hex_id": 139, "pop_total": 202.19, "delta_school": 0.0, "base_school": 1.0, "delta_pharmacy": null, "base_pharmacy": 0.0, "delta_university": null, "base_university": 0.0, "delta_mall": null, "base_mall": 0.0, "net_delta": 0.0, "net_delta_n": 1 }, "geometry": { "type": "Polygon", "coordinates": [ [ [ 18.476136, 54.388881 ], [ 18.478331, 54.391138 ], [ 18.482778, 54.391157 ], [ 18.485029, 54.38892 ], [ 18.482834, 54.386663 ], [ 18.478388, 54.386644 ], [ 18.476136, 54.388881 ] ] ] } },
{ "type": "Feature", "properties": { "hex_id": 140, "pop_total": 77.1, "delta_school": 0.0, "base_school": 1.0, "delta_pharmacy": null, "base_pharmacy": 0.0, "delta_university": null, "base_university": 0.0, "delta_mall": null, "base_mall": 0.0, "net_delta": 0.0, "net_delta_n": 1 }, "geometry": { "type": "Polygon", "coordinates": [ [ [ 18.476193, 54.384386 ], [ 18.478388, 54.386644 ], [ 18.482834, 54.386663 ], [ 18.485085, 54.384425 ], [ 18.482891, 54.382168 ], [ 18.478445, 54.382149 ], [ 18.476193, 54.384386 ] ] ] } },
{ "type": "Feature", "properties": { "hex_id": 141, "pop_total": 42.4, "delta_school": 0.0, "base_school": 1.0, "delta_pharmacy": null, "base_pharmacy": 0.0, "delta_university": null, "base_university": 0.0, "delta_mall": null, "base_mall": 0.0, "net_delta": 0.0, "net_delta_n": 1 }, "geometry": { "type": "Polygon", "coordinates": [ [ [ 18.47625, 54.379892 ], [ 18.478445, 54.382149 ], [ 18.482891, 54.382168 ], [ 18.485142, 54.37993 ], [ 18.482947, 54.377673 ], [ 18.478502, 54.377654 ], [ 18.47625, 54.379892 ] ] ] } },
{ "type": "Feature", "properties": { "hex_id": 142, "pop_total": 1.63, "delta_school": null, "base_school": 0.0, "delta_pharmacy": null, "base_pharmacy": 0.0, "delta_university": null, "base_university": 0.0, "delta_mall": null, "base_mall": 0.0, "net_delta": null, "net_delta_n": 0 }, "geometry": { "type": "Polygon", "coordinates": [ [ [ 18.476308, 54.375397 ], [ 18.478502, 54.377654 ], [ 18.482947, 54.377673 ], [ 18.485198, 54.375435 ], [ 18.483004, 54.373178 ], [ 18.478559, 54.373159 ], [ 18.476308, 54.375397 ] ] ] } },
{ "type": "Feature", "properties": { "hex_id": 143, "pop_total": 44.46, "delta_school": null, "base_school": 0.0, "delta_pharmacy": null, "base_pharmacy": 0.0, "delta_university": null, "base_university": 0.0, "delta_mall": null, "base_mall": 0.0, "net_delta": null, "net_delta_n": 0 }, "geometry": { "type": "Polygon", "coordinates": [ [ [ 18.476365, 54.370902 ], [ 18.478559, 54.373159 ], [ 18.483004, 54.373178 ], [ 18.485254, 54.37094 ], [ 18.48306, 54.368683 ], [ 18.478616, 54.368664 ], [ 18.476365, 54.370902 ] ] ] } },
{ "type": "Feature", "properties": { "hex_id": 144, "pop_total": 1.34, "delta_school": null, "base_school": 0.0, "delta_pharmacy": null, "base_pharmacy": 0.0, "delta_university": null, "base_university": 0.0, "delta_mall": null, "base_mall": 0.0, "net_delta": null, "net_delta_n": 0 }, "geometry": { "type": "Polygon", "coordinates": [ [ [ 18.476422, 54.366407 ], [ 18.478616, 54.368664 ], [ 18.48306, 54.368683 ], [ 18.48531, 54.366445 ], [ 18.483116, 54.364188 ], [ 18.478673, 54.364169 ], [ 18.476422, 54.366407 ] ] ] } },
{ "type": "Feature", "properties": { "hex_id": 145, "pop_total": 3.34, "delta_school": null, "base_school": 0.0, "delta_pharmacy": null, "base_pharmacy": 0.0, "delta_university": null, "base_university": 0.0, "delta_mall": null, "base_mall": 0.0, "net_delta": null, "net_delta_n": 0 }, "geometry": { "type": "Polygon", "coordinates": [ [ [ 18.476479, 54.361912 ], [ 18.478673, 54.364169 ], [ 18.483116, 54.364188 ], [ 18.485367, 54.361951 ], [ 18.483173, 54.359694 ], [ 18.478729, 54.359674 ], [ 18.476479, 54.361912 ] ] ] } },
{ "type": "Feature", "properties": { "hex_id": 146, "pop_total": 60.09, "delta_school": 0.0, "base_school": 1.0, "delta_pharmacy": null, "base_pharmacy": 0.0, "delta_university": null, "base_university": 0.0, "delta_mall": null, "base_mall": 0.0, "net_delta": 0.0, "net_delta_n": 1 }, "geometry": { "type": "Polygon", "coordinates": [ [ [ 18.476536, 54.357417 ], [ 18.478729, 54.359674 ], [ 18.483173, 54.359694 ], [ 18.485423, 54.357456 ], [ 18.483229, 54.355199 ], [ 18.478786, 54.35518 ], [ 18.476536, 54.357417 ] ] ] } },
{ "type": "Feature", "properties": { "hex_id": 147, "pop_total": 2.67, "delta_school": 0.0, "base_school": 1.0, "delta_pharmacy": 1.0, "base_pharmacy": 1.0, "delta_university": null, "base_university": 0.0, "delta_mall": null, "base_mall": 0.0, "net_delta": 1.0, "net_delta_n": 2 }, "geometry": { "type": "Polygon", "coordinates": [ [ [ 18.476593, 54.352923 ], [ 18.478786, 54.35518 ], [ 18.483229, 54.355199 ], [ 18.485479, 54.352961 ], [ 18.483286, 54.350704 ], [ 18.478843, 54.350685 ], [ 18.476593, 54.352923 ] ] ] } },
{ "type": "Feature", "properties": { "hex_id": 148, "pop_total": 211.48, "delta_school": 0.0, "base_school": 1.0, "delta_pharmacy": null, "base_pharmacy": 0.0, "delta_university": null, "base_university": 0.0, "delta_mall": null, "base_mall": 0.0, "net_delta": 0.0, "net_delta_n": 1 }, "geometry": { "type": "Polygon", "coordinates": [ [ [ 18.476651, 54.348428 ], [ 18.478843, 54.350685 ], [ 18.483286, 54.350704 ], [ 18.485535, 54.348466 ], [ 18.483342, 54.346209 ], [ 18.4789, 54.34619 ], [ 18.476651, 54.348428 ] ] ] } },
{ "type": "Feature", "properties": { "hex_id": 149, "pop_total": 61.32, "delta_school": 0.0, "base_school": 1.0, "delta_pharmacy": null, "base_pharmacy": 0.0, "delta_university": null, "base_university": 0.0, "delta_mall": null, "base_mall": 0.0, "net_delta": 0.0, "net_delta_n": 1 }, "geometry": { "type": "Polygon", "coordinates": [ [ [ 18.476708, 54.343933 ], [ 18.4789, 54.34619 ], [ 18.483342, 54.346209 ], [ 18.485591, 54.343971 ], [ 18.483398, 54.341714 ], [ 18.478957, 54.341695 ], [ 18.476708, 54.343933 ] ] ] } },
{ "type": "Feature", "properties": { "hex_id": 150, "pop_total": 21.08, "delta_school": null, "base_school": 0.0, "delta_pharmacy": null, "base_pharmacy": 0.0, "delta_university": null, "base_university": 0.0, "delta_mall": null, "base_mall": 0.0, "net_delta": null, "net_delta_n": 0 }, "geometry": { "type": "Polygon", "coordinates": [ [ [ 18.476765, 54.339438 ], [ 18.478957, 54.341695 ], [ 18.483398, 54.341714 ], [ 18.485647, 54.339476 ], [ 18.483455, 54.337219 ], [ 18.479014, 54.3372 ], [ 18.476765, 54.339438 ] ] ] } },
{ "type": "Feature", "properties": { "hex_id": 155, "pop_total": 93.92, "delta_school": null, "base_school": 0.0, "delta_pharmacy": 0.0, "base_pharmacy": 2.0, "delta_university": null, "base_university": 0.0, "delta_mall": 0.0, "base_mall": 2.0, "net_delta": 0.0, "net_delta_n": 2 }, "geometry": { "type": "Polygon", "coordinates": [ [ [ 18.482211, 54.436106 ], [ 18.484409, 54.438363 ], [ 18.488861, 54.438381 ], [ 18.491115, 54.436143 ], [ 18.488917, 54.433887 ], [ 18.484466, 54.433868 ], [ 18.482211, 54.436106 ] ] ] } },
{ "type": "Feature", "properties": { "hex_id": 156, "pop_total": 4.17, "delta_school": 0.0, "base_school": 1.0, "delta_pharmacy": 1.0, "base_pharmacy": 3.0, "delta_university": null, "base_university": 0.0, "delta_mall": 0.0, "base_mall": 3.0, "net_delta": 1.0, "net_delta_n": 3 }, "geometry": { "type": "Polygon", "coordinates": [ [ [ 18.482268, 54.431611 ], [ 18.484466, 54.433868 ], [ 18.488917, 54.433887 ], [ 18.491171, 54.431649 ], [ 18.488973, 54.429392 ], [ 18.484522, 54.429373 ], [ 18.482268, 54.431611 ] ] ] } },
{ "type": "Feature", "properties": { "hex_id": 157, "pop_total": 443.11, "delta_school": 0.0, "base_school": 2.0, "delta_pharmacy": 0.0, "base_pharmacy": 5.0, "delta_university": null, "base_university": 0.0, "delta_mall": 0.0, "base_mall": 5.0, "net_delta": 0.0, "net_delta_n": 3 }, "geometry": { "type": "Polygon", "coordinates": [ [ [ 18.482325, 54.427116 ], [ 18.484522, 54.429373 ], [ 18.488973, 54.429392 ], [ 18.491226, 54.427154 ], [ 18.489029, 54.424897 ], [ 18.484578, 54.424878 ], [ 18.482325, 54.427116 ] ] ] } },
{ "type": "Feature", "properties": { "hex_id": 158, "pop_total": 627.58, "delta_school": 0.0, "base_school": 2.0, "delta_pharmacy": 0.0, "base_pharmacy": 4.0, "delta_university": null, "base_university": 0.0, "delta_mall": 0.0, "base_mall": 6.0, "net_delta": 0.0, "net_delta_n": 3 }, "geometry": { "type": "Polygon", "coordinates": [ [ [ 18.482381, 54.422621 ], [ 18.484578, 54.424878 ], [ 18.489029, 54.424897 ], [ 18.491282, 54.422659 ], [ 18.489085, 54.420402 ], [ 18.484635, 54.420383 ], [ 18.482381, 54.422621 ] ] ] } },
{ "type": "Feature", "properties": { "hex_id": 159, "pop_total": 241.21, "delta_school": 0.0, "base_school": 2.0, "delta_pharmacy": 0.0, "base_pharmacy": 2.0, "delta_university": null, "base_university": 0.0, "delta_mall": 0.0, "base_mall": 11.0, "net_delta": 0.0, "net_delta_n": 3 }, "geometry": { "type": "Polygon", "coordinates": [ [ [ 18.482438, 54.418126 ], [ 18.484635, 54.420383 ], [ 18.489085, 54.420402 ], [ 18.491338, 54.418164 ], [ 18.489141, 54.415907 ], [ 18.484691, 54.415889 ], [ 18.482438, 54.418126 ] ] ] } },
{ "type": "Feature", "properties": { "hex_id": 160, "pop_total": 6.46, "delta_school": 0.0, "base_school": 2.0, "delta_pharmacy": 0.0, "base_pharmacy": 3.0, "delta_university": null, "base_university": 0.0, "delta_mall": 0.0, "base_mall": 11.0, "net_delta": 0.0, "net_delta_n": 3 }, "geometry": { "type": "Polygon", "coordinates": [ [ [ 18.482495, 54.413632 ], [ 18.484691, 54.415889 ], [ 18.489141, 54.415907 ], [ 18.491393, 54.413669 ], [ 18.489197, 54.411413 ], [ 18.484748, 54.411394 ], [ 18.482495, 54.413632 ] ] ] } },
{ "type": "Feature", "properties": { "hex_id": 161, "pop_total": 1.29, "delta_school": 0.0, "base_school": 2.0, "delta_pharmacy": 0.0, "base_pharmacy": 1.0, "delta_university": null, "base_university": 0.0, "delta_mall": 0.0, "base_mall": 9.0, "net_delta": 0.0, "net_delta_n": 3 }, "geometry": { "type": "Polygon", "coordinates": [ [ [ 18.482551, 54.409137 ], [ 18.484748, 54.411394 ], [ 18.489197, 54.411413 ], [ 18.491449, 54.409175 ], [ 18.489252, 54.406918 ], [ 18.484804, 54.406899 ], [ 18.482551, 54.409137 ] ] ] } },
{ "type": "Feature", "properties": { "hex_id": 162, "pop_total": 2.59, "delta_school": null, "base_school": 0.0, "delta_pharmacy": null, "base_pharmacy": 0.0, "delta_university": null, "base_university": 0.0, "delta_mall": null, "base_mall": 0.0, "net_delta": null, "net_delta_n": 0 }, "geometry": { "type": "Polygon", "coordinates": [ [ [ 18.482608, 54.404642 ], [ 18.484804, 54.406899 ], [ 18.489252, 54.406918 ], [ 18.491505, 54.40468 ], [ 18.489308, 54.402423 ], [ 18.48486, 54.402404 ], [ 18.482608, 54.404642 ] ] ] } },
{ "type": "Feature", "properties": { "hex_id": 164, "pop_total": 63.4, "delta_school": 0.0, "base_school": 1.0, "delta_pharmacy": null, "base_pharmacy": 0.0, "delta_university": null, "base_university": 0.0, "delta_mall": null, "base_mall": 0.0, "net_delta": 0.0, "net_delta_n": 1 }, "geometry": { "type": "Polygon", "coordinates": [ [ [ 18.482721, 54.395652 ], [ 18.484917, 54.397909 ], [ 18.489364, 54.397928 ], [ 18.491616, 54.39569 ], [ 18.48942, 54.393433 ], [ 18.484973, 54.393414 ], [ 18.482721, 54.395652 ] ] ] } },
{ "type": "Feature", "properties": { "hex_id": 165, "pop_total": 108.88, "delta_school": 0.0, "base_school": 1.0, "delta_pharmacy": null, "base_pharmacy": 0.0, "delta_university": null, "base_university": 0.0, "delta_mall": null, "base_mall": 0.0, "net_delta": 0.0, "net_delta_n": 1 }, "geometry": { "type": "Polygon", "coordinates": [ [ [ 18.482778, 54.391157 ], [ 18.484973, 54.393414 ], [ 18.48942, 54.393433 ], [ 18.491671, 54.391195 ], [ 18.489476, 54.388938 ], [ 18.485029, 54.38892 ], [ 18.482778, 54.391157 ] ] ] } },
{ "type": "Feature", "properties": { "hex_id": 166, "pop_total": 282.9, "delta_school": 0.0, "base_school": 1.0, "delta_pharmacy": null, "base_pharmacy": 0.0, "delta_university": null, "base_university": 0.0, "delta_mall": null, "base_mall": 0.0, "net_delta": 0.0, "net_delta_n": 1 }, "geometry": { "type": "Polygon", "coordinates": [ [ [ 18.482834, 54.386663 ], [ 18.485029, 54.38892 ], [ 18.489476, 54.388938 ], [ 18.491727, 54.3867 ], [ 18.489532, 54.384444 ], [ 18.485085, 54.384425 ], [ 18.482834, 54.386663 ] ] ] } },
{ "type": "Feature", "properties": { "hex_id": 167, "pop_total": 125.19, "delta_school": 0.0, "base_school": 1.0, "delta_pharmacy": null, "base_pharmacy": 0.0, "delta_university": null, "base_university": 0.0, "delta_mall": 0.0, "base_mall": 1.0, "net_delta": 0.0, "net_delta_n": 2 }, "geometry": { "type": "Polygon", "coordinates": [ [ [ 18.482891, 54.382168 ], [ 18.485085, 54.384425 ], [ 18.489532, 54.384444 ], [ 18.491782, 54.382206 ], [ 18.489587, 54.379949 ], [ 18.485142, 54.37993 ], [ 18.482891, 54.382168 ] ] ] } },
{ "type": "Feature", "properties": { "hex_id": 168, "pop_total": 26.09, "delta_school": 0.0, "base_school": 1.0, "delta_pharmacy": null, "base_pharmacy": 0.0, "delta_university": null, "base_university": 0.0, "delta_mall": 0.0, "base_mall": 1.0, "net_delta": 0.0, "net_delta_n": 2 }, "geometry": { "type": "Polygon", "coordinates": [ [ [ 18.482947, 54.377673 ], [ 18.485142, 54.37993 ], [ 18.489587, 54.379949 ], [ 18.491838, 54.377711 ], [ 18.489643, 54.375454 ], [ 18.485198, 54.375435 ], [ 18.482947, 54.377673 ] ] ] } },
{ "type": "Feature", "properties": { "hex_id": 170, "pop_total": 17.13, "delta_school": null, "base_school": 0.0, "delta_pharmacy": null, "base_pharmacy": 0.0, "delta_university": null, "base_university": 0.0, "delta_mall": null, "base_mall": 0.0, "net_delta": null, "net_delta_n": 0 }, "geometry": { "type": "Polygon", "coordinates": [ [ [ 18.48306, 54.368683 ], [ 18.485254, 54.37094 ], [ 18.489699, 54.370959 ], [ 18.491949, 54.368721 ], [ 18.489755, 54.366464 ], [ 18.48531, 54.366445 ], [ 18.48306, 54.368683 ] ] ] } },
{ "type": "Feature", "properties": { "hex_id": 171, "pop_total": 19.14, "delta_school": 0.0, "base_school": 1.0, "delta_pharmacy": -1.0, "base_pharmacy": 1.0, "delta_university": null, "base_university": 0.0, "delta_mall": null, "base_mall": 0.0, "net_delta": -1.0, "net_delta_n": 2 }, "geometry": { "type": "Polygon", "coordinates": [ [ [ 18.483116, 54.364188 ], [ 18.48531, 54.366445 ], [ 18.489755, 54.366464 ], [ 18.492004, 54.364226 ], [ 18.48981, 54.361969 ], [ 18.485367, 54.361951 ], [ 18.483116, 54.364188 ] ] ] } },
{ "type": "Feature", "properties": { "hex_id": 172, "pop_total": 98.37, "delta_school": 0.0, "base_school": 1.0, "delta_pharmacy": null, "base_pharmacy": 0.0, "delta_university": null, "base_university": 0.0, "delta_mall": null, "base_mall": 0.0, "net_delta": 0.0, "net_delta_n": 1 }, "geometry": { "type": "Polygon", "coordinates": [ [ [ 18.483173, 54.359694 ], [ 18.485367, 54.361951 ], [ 18.48981, 54.361969 ], [ 18.49206, 54.359731 ], [ 18.489866, 54.357475 ], [ 18.485423, 54.357456 ], [ 18.483173, 54.359694 ] ] ] } },
{ "type": "Feature", "properties": { "hex_id": 173, "pop_total": 1.34, "delta_school": -1.0, "base_school": 3.0, "delta_pharmacy": 0.0, "base_pharmacy": 2.0, "delta_university": null, "base_university": 0.0, "delta_mall": null, "base_mall": 0.0, "net_delta": -1.0, "net_delta_n": 2 }, "geometry": { "type": "Polygon", "coordinates": [ [ [ 18.483229, 54.355199 ], [ 18.485423, 54.357456 ], [ 18.489866, 54.357475 ], [ 18.492115, 54.355236 ], [ 18.489922, 54.35298 ], [ 18.485479, 54.352961 ], [ 18.483229, 54.355199 ] ] ] } },
{ "type": "Feature", "properties": { "hex_id": 175, "pop_total": 10.83, "delta_school": 0.0, "base_school": 1.0, "delta_pharmacy": null, "base_pharmacy": 0.0, "delta_university": null, "base_university": 0.0, "delta_mall": null, "base_mall": 0.0, "net_delta": 0.0, "net_delta_n": 1 }, "geometry": { "type": "Polygon", "coordinates": [ [ [ 18.483342, 54.346209 ], [ 18.485535, 54.348466 ], [ 18.489977, 54.348485 ], [ 18.492226, 54.346247 ], [ 18.490033, 54.34399 ], [ 18.485591, 54.343971 ], [ 18.483342, 54.346209 ] ] ] } },
{ "type": "Feature", "properties": { "hex_id": 176, "pop_total": 16.57, "delta_school": null, "base_school": 0.0, "delta_pharmacy": null, "base_pharmacy": 0.0, "delta_university": null, "base_university": 0.0, "delta_mall": null, "base_mall": 0.0, "net_delta": null, "net_delta_n": 0 }, "geometry": { "type": "Polygon", "coordinates": [ [ [ 18.483398, 54.341714 ], [ 18.485591, 54.343971 ], [ 18.490033, 54.34399 ], [ 18.492281, 54.341752 ], [ 18.490089, 54.339495 ], [ 18.485647, 54.339476 ], [ 18.483398, 54.341714 ] ] ] } },
{ "type": "Feature", "properties": { "hex_id": 182, "pop_total": 16.26, "delta_school": 0.0, "base_school": 7.0, "delta_pharmacy": 0.0, "base_pharmacy": 7.0, "delta_university": null, "base_university": 0.0, "delta_mall": 0.0, "base_mall": 5.0, "net_delta": 0.0, "net_delta_n": 3 }, "geometry": { "type": "Polygon", "coordinates": [ [ [ 18.488973, 54.429392 ], [ 18.491171, 54.431649 ], [ 18.495622, 54.431667 ], [ 18.497875, 54.429429 ], [ 18.495677, 54.427173 ], [ 18.491226, 54.427154 ], [ 18.488973, 54.429392 ] ] ] } },
{ "type": "Feature", "properties": { "hex_id": 186, "pop_total": 54.29, "delta_school": null, "base_school": 0.0, "delta_pharmacy": null, "base_pharmacy": 0.0, "delta_university": null, "base_university": 0.0, "delta_mall": 0.0, "base_mall": 6.0, "net_delta": 0.0, "net_delta_n": 1 }, "geometry": { "type": "Polygon", "coordinates": [ [ [ 18.489197, 54.411413 ], [ 18.491393, 54.413669 ], [ 18.495843, 54.413688 ], [ 18.498095, 54.41145 ], [ 18.495898, 54.409193 ], [ 18.491449, 54.409175 ], [ 18.489197, 54.411413 ] ] ] } },
{ "type": "Feature", "properties": { "hex_id": 188, "pop_total": 1.08, "delta_school": null, "base_school": 0.0, "delta_pharmacy": null, "base_pharmacy": 0.0, "delta_university": null, "base_university": 0.0, "delta_mall": null, "base_mall": 0.0, "net_delta": null, "net_delta_n": 0 }, "geometry": { "type": "Polygon", "coordinates": [ [ [ 18.489308, 54.402423 ], [ 18.491505, 54.40468 ], [ 18.495953, 54.404698 ], [ 18.498204, 54.40246 ], [ 18.496008, 54.400204 ], [ 18.49156, 54.400185 ], [ 18.489308, 54.402423 ] ] ] } },
{ "type": "Feature", "properties": { "hex_id": 191, "pop_total": 58.33, "delta_school": 0.0, "base_school": 1.0, "delta_pharmacy": null, "base_pharmacy": 0.0, "delta_university": null, "base_university": 0.0, "delta_mall": null, "base_mall": 0.0, "net_delta": 0.0, "net_delta_n": 1 }, "geometry": { "type": "Polygon", "coordinates": [ [ [ 18.489476, 54.388938 ], [ 18.491671, 54.391195 ], [ 18.496118, 54.391214 ], [ 18.498369, 54.388976 ], [ 18.496173, 54.386719 ], [ 18.491727, 54.3867 ], [ 18.489476, 54.388938 ] ] ] } },
{ "type": "Feature", "properties": { "hex_id": 192, "pop_total": 74.87, "delta_school": 0.0, "base_school": 1.0, "delta_pharmacy": null, "base_pharmacy": 0.0, "delta_university": null, "base_university": 0.0, "delta_mall": null, "base_mall": 0.0, "net_delta": 0.0, "net_delta_n": 1 }, "geometry": { "type": "Polygon", "coordinates": [ [ [ 18.489532, 54.384444 ], [ 18.491727, 54.3867 ], [ 18.496173, 54.386719 ], [ 18.498424, 54.384481 ], [ 18.496228, 54.382224 ], [ 18.491782, 54.382206 ], [ 18.489532, 54.384444 ] ] ] } },
{ "type": "Feature", "properties": { "hex_id": 193, "pop_total": 4.28, "delta_school": 0.0, "base_school": 1.0, "delta_pharmacy": null, "base_pharmacy": 0.0, "delta_university": null, "base_university": 0.0, "delta_mall": null, "base_mall": 0.0, "net_delta": 0.0, "net_delta_n": 1 }, "geometry": { "type": "Polygon", "coordinates": [ [ [ 18.489587, 54.379949 ], [ 18.491782, 54.382206 ], [ 18.496228, 54.382224 ], [ 18.498479, 54.379986 ], [ 18.496283, 54.377729 ], [ 18.491838, 54.377711 ], [ 18.489587, 54.379949 ] ] ] } },
{ "type": "Feature", "properties": { "hex_id": 196, "pop_total": 65.0, "delta_school": 0.0, "base_school": 1.0, "delta_pharmacy": 0.0, "base_pharmacy": 1.0, "delta_university": null, "base_university": 0.0, "delta_mall": 0.0, "base_mall": 1.0, "net_delta": 0.0, "net_delta_n": 3 }, "geometry": { "type": "Polygon", "coordinates": [ [ [ 18.489755, 54.366464 ], [ 18.491949, 54.368721 ], [ 18.496393, 54.36874 ], [ 18.498643, 54.366501 ], [ 18.496448, 54.364245 ], [ 18.492004, 54.364226 ], [ 18.489755, 54.366464 ] ] ] } },
{ "type": "Feature", "properties": { "hex_id": 197, "pop_total": 295.42, "delta_school": 0.0, "base_school": 3.0, "delta_pharmacy": 0.0, "base_pharmacy": 2.0, "delta_university": null, "base_university": 0.0, "delta_mall": 0.0, "base_mall": 1.0, "net_delta": 0.0, "net_delta_n": 3 }, "geometry": { "type": "Polygon", "coordinates": [ [ [ 18.48981, 54.361969 ], [ 18.492004, 54.364226 ], [ 18.496448, 54.364245 ], [ 18.498698, 54.362007 ], [ 18.496503, 54.35975 ], [ 18.49206, 54.359731 ], [ 18.48981, 54.361969 ] ] ] } },
{ "type": "Feature", "properties": { "hex_id": 198, "pop_total": 812.3, "delta_school": 0.0, "base_school": 3.0, "delta_pharmacy": 0.0, "base_pharmacy": 2.0, "delta_university": null, "base_university": 0.0, "delta_mall": null, "base_mall": 0.0, "net_delta": 0.0, "net_delta_n": 2 }, "geometry": { "type": "Polygon", "coordinates": [ [ [ 18.489866, 54.357475 ], [ 18.49206, 54.359731 ], [ 18.496503, 54.35975 ], [ 18.498752, 54.357512 ], [ 18.496558, 54.355255 ], [ 18.492115, 54.355236 ], [ 18.489866, 54.357475 ] ] ] } },
{ "type": "Feature", "properties": { "hex_id": 199, "pop_total": 757.03, "delta_school": 0.0, "base_school": 3.0, "delta_pharmacy": 1.0, "base_pharmacy": 3.0, "delta_university": null, "base_university": 0.0, "delta_mall": 0.0, "base_mall": 1.0, "net_delta": 1.0, "net_delta_n": 3 }, "geometry": { "type": "Polygon", "coordinates": [ [ [ 18.489922, 54.35298 ], [ 18.492115, 54.355236 ], [ 18.496558, 54.355255 ], [ 18.498807, 54.353017 ], [ 18.496613, 54.35076 ], [ 18.492171, 54.350742 ], [ 18.489922, 54.35298 ] ] ] } },
{ "type": "Feature", "properties": { "hex_id": 200, "pop_total": 51.32, "delta_school": 0.0, "base_school": 1.0, "delta_pharmacy": -1.0, "base_pharmacy": 1.0, "delta_university": null, "base_university": 0.0, "delta_mall": null, "base_mall": 0.0, "net_delta": -1.0, "net_delta_n": 2 }, "geometry": { "type": "Polygon", "coordinates": [ [ [ 18.489977, 54.348485 ], [ 18.492171, 54.350742 ], [ 18.496613, 54.35076 ], [ 18.498862, 54.348522 ], [ 18.496668, 54.346265 ], [ 18.492226, 54.346247 ], [ 18.489977, 54.348485 ] ] ] } },
{ "type": "Feature", "properties": { "hex_id": 201, "pop_total": 210.04, "delta_school": 0.0, "base_school": 1.0, "delta_pharmacy": null, "base_pharmacy": 0.0, "delta_university": null, "base_university": 0.0, "delta_mall": null, "base_mall": 0.0, "net_delta": 0.0, "net_delta_n": 1 }, "geometry": { "type": "Polygon", "coordinates": [ [ [ 18.490033, 54.34399 ], [ 18.492226, 54.346247 ], [ 18.496668, 54.346265 ], [ 18.498916, 54.344027 ], [ 18.496723, 54.34177 ], [ 18.492281, 54.341752 ], [ 18.490033, 54.34399 ] ] ] } },
{ "type": "Feature", "properties": { "hex_id": 202, "pop_total": 120.98, "delta_school": 0.0, "base_school": 1.0, "delta_pharmacy": null, "base_pharmacy": 0.0, "delta_university": null, "base_university": 0.0, "delta_mall": null, "base_mall": 0.0, "net_delta": 0.0, "net_delta_n": 1 }, "geometry": { "type": "Polygon", "coordinates": [ [ [ 18.490089, 54.339495 ], [ 18.492281, 54.341752 ], [ 18.496723, 54.34177 ], [ 18.498971, 54.339532 ], [ 18.496778, 54.337276 ], [ 18.492337, 54.337257 ], [ 18.490089, 54.339495 ] ] ] } },
{ "type": "Feature", "properties": { "hex_id": 217, "pop_total": 8.15, "delta_school": null, "base_school": 0.0, "delta_pharmacy": null, "base_pharmacy": 0.0, "delta_university": null, "base_university": 0.0, "delta_mall": null, "base_mall": 0.0, "net_delta": null, "net_delta_n": 0 }, "geometry": { "type": "Polygon", "coordinates": [ [ [ 18.496173, 54.386719 ], [ 18.498369, 54.388976 ], [ 18.502816, 54.388994 ], [ 18.505066, 54.386756 ], [ 18.50287, 54.384499 ], [ 18.498424, 54.384481 ], [ 18.496173, 54.386719 ] ] ] } },
{ "type": "Feature", "properties": { "hex_id": 219, "pop_total": 181.74, "delta_school": -1.0, "base_school": 4.0, "delta_pharmacy": 0.0, "base_pharmacy": 1.0, "delta_university": null, "base_university": 0.0, "delta_mall": 0.0, "base_mall": 3.0, "net_delta": -1.0, "net_delta_n": 3 }, "geometry": { "type": "Polygon", "coordinates": [ [ [ 18.496283, 54.377729 ], [ 18.498479, 54.379986 ], [ 18.502924, 54.380004 ], [ 18.505174, 54.377766 ], [ 18.502979, 54.37551 ], [ 18.498533, 54.375491 ], [ 18.496283, 54.377729 ] ] ] } },
{ "type": "Feature", "properties": { "hex_id": 220, "pop_total": 16.1, "delta_school": null, "base_school": 0.0, "delta_pharmacy": null, "base_pharmacy": 0.0, "delta_university": null, "base_university": 0.0, "delta_mall": 0.0, "base_mall": 1.0, "net_delta": 0.0, "net_delta_n": 1 }, "geometry": { "type": "Polygon", "coordinates": [ [ [ 18.496338, 54.373235 ], [ 18.498533, 54.375491 ], [ 18.502979, 54.37551 ], [ 18.505228, 54.373271 ], [ 18.503033, 54.371015 ], [ 18.498588, 54.370996 ], [ 18.496338, 54.373235 ] ] ] } },
{ "type": "Feature", "properties": { "hex_id": 221, "pop_total": 165.73, "delta_school": -2.0, "base_school": 5.0, "delta_pharmacy": -1.0, "base_pharmacy": 3.0, "delta_university": null, "base_university": 0.0, "delta_mall": 0.0, "base_mall": 3.0, "net_delta": -3.0, "net_delta_n": 3 }, "geometry": { "type": "Polygon", "coordinates": [ [ [ 18.496393, 54.36874 ], [ 18.498588, 54.370996 ], [ 18.503033, 54.371015 ], [ 18.505282, 54.368776 ], [ 18.503087, 54.36652 ], [ 18.498643, 54.366501 ], [ 18.496393, 54.36874 ] ] ] } },
{ "type": "Feature", "properties": { "hex_id": 222, "pop_total": 4.59, "delta_school": null, "base_school": 0.0, "delta_pharmacy": null, "base_pharmacy": 0.0, "delta_university": null, "base_university": 0.0, "delta_mall": null, "base_mall": 0.0, "net_delta": null, "net_delta_n": 0 }, "geometry": { "type": "Polygon", "coordinates": [ [ [ 18.496448, 54.364245 ], [ 18.498643, 54.366501 ], [ 18.503087, 54.36652 ], [ 18.505336, 54.364282 ], [ 18.503141, 54.362025 ], [ 18.498698, 54.362007 ], [ 18.496448, 54.364245 ] ] ] } },
{ "type": "Feature", "properties": { "hex_id": 223, "pop_total": 172.36, "delta_school": null, "base_school": 0.0, "delta_pharmacy": null, "base_pharmacy": 0.0, "delta_university": null, "base_university": 0.0, "delta_mall": null, "base_mall": 0.0, "net_delta": null, "net_delta_n": 0 }, "geometry": { "type": "Polygon", "coordinates": [ [ [ 18.496503, 54.35975 ], [ 18.498698, 54.362007 ], [ 18.503141, 54.362025 ], [ 18.50539, 54.359787 ], [ 18.503196, 54.35753 ], [ 18.498752, 54.357512 ], [ 18.496503, 54.35975 ] ] ] } },
{ "type": "Feature", "properties": { "hex_id": 224, "pop_total": 404.89, "delta_school": 1.0, "base_school": 2.0, "delta_pharmacy": 0.0, "base_pharmacy": 2.0, "delta_university": null, "base_university": 0.0, "delta_mall": null, "base_mall": 0.0, "net_delta": 1.0, "net_delta_n": 2 }, "geometry": { "type": "Polygon", "coordinates": [ [ [ 18.496558, 54.355255 ], [ 18.498752, 54.357512 ], [ 18.503196, 54.35753 ], [ 18.505444, 54.355292 ], [ 18.50325, 54.353035 ], [ 18.498807, 54.353017 ], [ 18.496558, 54.355255 ] ] ] } },
{ "type": "Feature", "properties": { "hex_id": 225, "pop_total": 150.53, "delta_school": 0.0, "base_school": 3.0, "delta_pharmacy": 0.0, "base_pharmacy": 3.0, "delta_university": null, "base_university": 0.0, "delta_mall": 0.0, "base_mall": 1.0, "net_delta": 0.0, "net_delta_n": 3 }, "geometry": { "type": "Polygon", "coordinates": [ [ [ 18.496613, 54.35076 ], [ 18.498807, 54.353017 ], [ 18.50325, 54.353035 ], [ 18.505498, 54.350797 ], [ 18.503304, 54.34854 ], [ 18.498862, 54.348522 ], [ 18.496613, 54.35076 ] ] ] } },
{ "type": "Feature", "properties": { "hex_id": 226, "pop_total": 312.84, "delta_school": 0.0, "base_school": 2.0, "delta_pharmacy": 0.0, "base_pharmacy": 2.0, "delta_university": null, "base_university": 0.0, "delta_mall": null, "base_mall": 0.0, "net_delta": 0.0, "net_delta_n": 2 }, "geometry": { "type": "Polygon", "coordinates": [ [ [ 18.496668, 54.346265 ], [ 18.498862, 54.348522 ], [ 18.503304, 54.34854 ], [ 18.505552, 54.346302 ], [ 18.503358, 54.344045 ], [ 18.498916, 54.344027 ], [ 18.496668, 54.346265 ] ] ] } },
{ "type": "Feature", "properties": { "hex_id": 227, "pop_total": 371.23, "delta_school": 0.0, "base_school": 2.0, "delta_pharmacy": 0.0, "base_pharmacy": 2.0, "delta_university": null, "base_university": 0.0, "delta_mall": null, "base_mall": 0.0, "net_delta": 0.0, "net_delta_n": 2 }, "geometry": { "type": "Polygon", "coordinates": [ [ [ 18.496723, 54.34177 ], [ 18.498916, 54.344027 ], [ 18.503358, 54.344045 ], [ 18.505606, 54.341807 ], [ 18.503412, 54.339551 ], [ 18.498971, 54.339532 ], [ 18.496723, 54.34177 ] ] ] } },
{ "type": "Feature", "properties": { "hex_id": 228, "pop_total": 295.02, "delta_school": 0.0, "base_school": 2.0, "delta_pharmacy": 0.0, "base_pharmacy": 2.0, "delta_university": null, "base_university": 0.0, "delta_mall": null, "base_mall": 0.0, "net_delta": 0.0, "net_delta_n": 2 }, "geometry": { "type": "Polygon", "coordinates": [ [ [ 18.496778, 54.337276 ], [ 18.498971, 54.339532 ], [ 18.503412, 54.339551 ], [ 18.50566, 54.337312 ], [ 18.503467, 54.335056 ], [ 18.499026, 54.335037 ], [ 18.496778, 54.337276 ] ] ] } },
{ "type": "Feature", "properties": { "hex_id": 229, "pop_total": 14.89, "delta_school": 0.0, "base_school": 1.0, "delta_pharmacy": null, "base_pharmacy": 0.0, "delta_university": null, "base_university": 0.0, "delta_mall": null, "base_mall": 0.0, "net_delta": 0.0, "net_delta_n": 1 }, "geometry": { "type": "Polygon", "coordinates": [ [ [ 18.496833, 54.332781 ], [ 18.499026, 54.335037 ], [ 18.503467, 54.335056 ], [ 18.505714, 54.332817 ], [ 18.503521, 54.330561 ], [ 18.49908, 54.330542 ], [ 18.496833, 54.332781 ] ] ] } },
{ "type": "Feature", "properties": { "hex_id": 240, "pop_total": 1012.93, "delta_school": 0.0, "base_school": 2.0, "delta_pharmacy": 0.0, "base_pharmacy": 1.0, "delta_university": null, "base_university": 0.0, "delta_mall": 0.0, "base_mall": 3.0, "net_delta": 0.0, "net_delta_n": 3 }, "geometry": { "type": "Polygon", "coordinates": [ [ [ 18.502924, 54.380004 ], [ 18.50512, 54.382261 ], [ 18.509566, 54.382279 ], [ 18.511816, 54.380041 ], [ 18.50962, 54.377784 ], [ 18.505174, 54.377766 ], [ 18.502924, 54.380004 ] ] ] } },
{ "type": "Feature", "properties": { "hex_id": 241, "pop_total": 174.69, "delta_school": 0.0, "base_school": 4.0, "delta_pharmacy": -2.0, "base_pharmacy": 4.0, "delta_university": null, "base_university": 0.0, "delta_mall": 0.0, "base_mall": 3.0, "net_delta": -2.0, "net_delta_n": 3 }, "geometry": { "type": "Polygon", "coordinates": [ [ [ 18.502979, 54.37551 ], [ 18.505174, 54.377766 ], [ 18.50962, 54.377784 ], [ 18.511869, 54.375546 ], [ 18.509673, 54.373289 ], [ 18.505228, 54.373271 ], [ 18.502979, 54.37551 ] ] ] } },
{ "type": "Feature", "properties": { "hex_id": 242, "pop_total": 62.41, "delta_school": 0.0, "base_school": 1.0, "delta_pharmacy": -1.0, "base_pharmacy": 1.0, "delta_university": null, "base_university": 0.0, "delta_mall": 0.0, "base_mall": 3.0, "net_delta": -1.0, "net_delta_n": 3 }, "geometry": { "type": "Polygon", "coordinates": [ [ [ 18.503033, 54.371015 ], [ 18.505228, 54.373271 ], [ 18.509673, 54.373289 ], [ 18.511922, 54.371051 ], [ 18.509727, 54.368795 ], [ 18.505282, 54.368776 ], [ 18.503033, 54.371015 ] ] ] } },
{ "type": "Feature", "properties": { "hex_id": 243, "pop_total": 105.61, "delta_school": null, "base_school": 0.0, "delta_pharmacy": null, "base_pharmacy": 0.0, "delta_university": null, "base_university": 0.0, "delta_mall": 0.0, "base_mall": 1.0, "net_delta": 0.0, "net_delta_n": 1 }, "geometry": { "type": "Polygon", "coordinates": [ [ [ 18.503087, 54.36652 ], [ 18.505282, 54.368776 ], [ 18.509727, 54.368795 ], [ 18.511976, 54.366556 ], [ 18.50978, 54.3643 ], [ 18.505336, 54.364282 ], [ 18.503087, 54.36652 ] ] ] } },
{ "type": "Feature", "properties": { "hex_id": 245, "pop_total": 822.94, "delta_school": 0.0, "base_school": 1.0, "delta_pharmacy": 0.0, "base_pharmacy": 3.0, "delta_university": null, "base_university": 0.0, "delta_mall": 0.0, "base_mall": 1.0, "net_delta": 0.0, "net_delta_n": 3 }, "geometry": { "type": "Polygon", "coordinates": [ [ [ 18.503196, 54.35753 ], [ 18.50539, 54.359787 ], [ 18.509834, 54.359805 ], [ 18.512082, 54.357566 ], [ 18.509887, 54.35531 ], [ 18.505444, 54.355292 ], [ 18.503196, 54.35753 ] ] ] } },
{ "type": "Feature", "properties": { "hex_id": 246, "pop_total": 1135.91, "delta_school": 0.0, "base_school": 3.0, "delta_pharmacy": 0.0, "base_pharmacy": 3.0, "delta_university": null, "base_university": 0.0, "delta_mall": 0.0, "base_mall": 1.0, "net_delta": 0.0, "net_delta_n": 3 }, "geometry": { "type": "Polygon", "coordinates": [ [ [ 18.50325, 54.353035 ], [ 18.505444, 54.355292 ], [ 18.509887, 54.35531 ], [ 18.512135, 54.353071 ], [ 18.509941, 54.350815 ], [ 18.505498, 54.350797 ], [ 18.50325, 54.353035 ] ] ] } },
{ "type": "Feature", "properties": { "hex_id": 247, "pop_total": 193.23, "delta_school": 0.0, "base_school": 2.0, "delta_pharmacy": 1.0, "base_pharmacy": 4.0, "delta_university": null, "base_university": 0.0, "delta_mall": 0.0, "base_mall": 1.0, "net_delta": 1.0, "net_delta_n": 3 }, "geometry": { "type": "Polygon", "coordinates": [ [ [ 18.503304, 54.34854 ], [ 18.505498, 54.350797 ], [ 18.509941, 54.350815 ], [ 18.512189, 54.348577 ], [ 18.509994, 54.34632 ], [ 18.505552, 54.346302 ], [ 18.503304, 54.34854 ] ] ] } },
{ "type": "Feature", "properties": { "hex_id": 248, "pop_total": 434.13, "delta_school": 0.0, "base_school": 2.0, "delta_pharmacy": 1.0, "base_pharmacy": 2.0, "delta_university": null, "base_university": 0.0, "delta_mall": null, "base_mall": 0.0, "net_delta": 1.0, "net_delta_n": 2 }, "geometry": { "type": "Polygon", "coordinates": [ [ [ 18.503358, 54.344045 ], [ 18.505552, 54.346302 ], [ 18.509994, 54.34632 ], [ 18.512242, 54.344082 ], [ 18.510048, 54.341825 ], [ 18.505606, 54.341807 ], [ 18.503358, 54.344045 ] ] ] } },
{ "type": "Feature", "properties": { "hex_id": 249, "pop_total": 278.68, "delta_school": 1.0, "base_school": 2.0, "delta_pharmacy": 0.0, "base_pharmacy": 4.0, "delta_university": null, "base_university": 0.0, "delta_mall": 0.0, "base_mall": 2.0, "net_delta": 1.0, "net_delta_n": 3 }, "geometry": { "type": "Polygon", "coordinates": [ [ [ 18.503412, 54.339551 ], [ 18.505606, 54.341807 ], [ 18.510048, 54.341825 ], [ 18.512295, 54.339587 ], [ 18.510101, 54.33733 ], [ 18.50566, 54.337312 ], [ 18.503412, 54.339551 ] ] ] } },
{ "type": "Feature", "properties": { "hex_id": 250, "pop_total": 213.21, "delta_school": 0.0, "base_school": 1.0, "delta_pharmacy": 0.0, "base_pharmacy": 2.0, "delta_university": null, "base_university": 0.0, "delta_mall": null, "base_mall": 0.0, "net_delta": 0.0, "net_delta_n": 2 }, "geometry": { "type": "Polygon", "coordinates": [ [ [ 18.503467, 54.335056 ], [ 18.50566, 54.337312 ], [ 18.510101, 54.33733 ], [ 18.512348, 54.335092 ], [ 18.510155, 54.332836 ], [ 18.505714, 54.332817 ], [ 18.503467, 54.335056 ] ] ] } },
{ "type": "Feature", "properties": { "hex_id": 261, "pop_total": 5.36, "delta_school": 0.0, "base_school": 1.0, "delta_pharmacy": 0.0, "base_pharmacy": 1.0, "delta_university": null, "base_university": 0.0, "delta_mall": 0.0, "base_mall": 3.0, "net_delta": 0.0, "net_delta_n": 3 }, "geometry": { "type": "Polygon", "coordinates": [ [ [ 18.50962, 54.377784 ], [ 18.511816, 54.380041 ], [ 18.516261, 54.380059 ], [ 18.51851, 54.37782 ], [ 18.516314, 54.375564 ], [ 18.511869, 54.375546 ], [ 18.50962, 54.377784 ] ] ] } },
{ "type": "Feature", "properties": { "hex_id": 262, "pop_total": 85.81, "delta_school": 0.0, "base_school": 1.0, "delta_pharmacy": 0.0, "base_pharmacy": 1.0, "delta_university": null, "base_university": 0.0, "delta_mall": 0.0, "base_mall": 3.0, "net_delta": 0.0, "net_delta_n": 3 }, "geometry": { "type": "Polygon", "coordinates": [ [ [ 18.509673, 54.373289 ], [ 18.511869, 54.375546 ], [ 18.516314, 54.375564 ], [ 18.518563, 54.373325 ], [ 18.516367, 54.371069 ], [ 18.511922, 54.371051 ], [ 18.509673, 54.373289 ] ] ] } },
{ "type": "Feature", "properties": { "hex_id": 263, "pop_total": 13.2, "delta_school": null, "base_school": 0.0, "delta_pharmacy": null, "base_pharmacy": 0.0, "delta_university": null, "base_university": 0.0, "delta_mall": null, "base_mall": 0.0, "net_delta": null, "net_delta_n": 0 }, "geometry": { "type": "Polygon", "coordinates": [ [ [ 18.509727, 54.368795 ], [ 18.511922, 54.371051 ], [ 18.516367, 54.371069 ], [ 18.518616, 54.36883 ], [ 18.51642, 54.366574 ], [ 18.511976, 54.366556 ], [ 18.509727, 54.368795 ] ] ] } },
{ "type": "Feature", "properties": { "hex_id": 265, "pop_total": 2.31, "delta_school": null, "base_school": 0.0, "delta_pharmacy": 0.0, "base_pharmacy": 2.0, "delta_university": null, "base_university": 0.0, "delta_mall": null, "base_mall": 0.0, "net_delta": 0.0, "net_delta_n": 1 }, "geometry": { "type": "Polygon", "coordinates": [ [ [ 18.509834, 54.359805 ], [ 18.512029, 54.362061 ], [ 18.516473, 54.362079 ], [ 18.518721, 54.359841 ], [ 18.516525, 54.357584 ], [ 18.512082, 54.357566 ], [ 18.509834, 54.359805 ] ] ] } },
{ "type": "Feature", "properties": { "hex_id": 266, "pop_total": 1019.97, "delta_school": 0.0, "base_school": 2.0, "delta_pharmacy": 0.0, "base_pharmacy": 3.0, "delta_university": null, "base_university": 0.0, "delta_mall": 0.0, "base_mall": 1.0, "net_delta": 0.0, "net_delta_n": 3 }, "geometry": { "type": "Polygon", "coordinates": [ [ [ 18.509887, 54.35531 ], [ 18.512082, 54.357566 ], [ 18.516525, 54.357584 ], [ 18.518773, 54.355346 ], [ 18.516578, 54.353089 ], [ 18.512135, 54.353071 ], [ 18.509887, 54.35531 ] ] ] } },
{ "type": "Feature", "properties": { "hex_id": 267, "pop_total": 437.67, "delta_school": 0.0, "base_school": 3.0, "delta_pharmacy": 1.0, "base_pharmacy": 3.0, "delta_university": null, "base_university": 0.0, "delta_mall": 0.0, "base_mall": 1.0, "net_delta": 1.0, "net_delta_n": 3 }, "geometry": { "type": "Polygon", "coordinates": [ [ [ 18.509941, 54.350815 ], [ 18.512135, 54.353071 ], [ 18.516578, 54.353089 ], [ 18.518826, 54.350851 ], [ 18.516631, 54.348594 ], [ 18.512189, 54.348577 ], [ 18.509941, 54.350815 ] ] ] } },
{ "type": "Feature", "properties": { "hex_id": 268, "pop_total": 14.58, "delta_school": 0.0, "base_school": 2.0, "delta_pharmacy": 0.0, "base_pharmacy": 3.0, "delta_university": null, "base_university": 0.0, "delta_mall": -1.0, "base_mall": 1.0, "net_delta": -1.0, "net_delta_n": 3 }, "geometry": { "type": "Polygon", "coordinates": [ [ [ 18.509994, 54.34632 ], [ 18.512189, 54.348577 ], [ 18.516631, 54.348594 ], [ 18.518878, 54.346356 ], [ 18.516684, 54.3441 ], [ 18.512242, 54.344082 ], [ 18.509994, 54.34632 ] ] ] } },
{ "type": "Feature", "properties": { "hex_id": 269, "pop_total": 147.12, "delta_school": 0.0, "base_school": 2.0, "delta_pharmacy": 0.0, "base_pharmacy": 2.0, "delta_university": null, "base_university": 0.0, "delta_mall": null, "base_mall": 0.0, "net_delta": 0.0, "net_delta_n": 2 }, "geometry": { "type": "Polygon", "coordinates": [ [ [ 18.510048, 54.341825 ], [ 18.512242, 54.344082 ], [ 18.516684, 54.3441 ], [ 18.518931, 54.341861 ], [ 18.516736, 54.339605 ], [ 18.512295, 54.339587 ], [ 18.510048, 54.341825 ] ] ] } },
{ "type": "Feature", "properties": { "hex_id": 270, "pop_total": 305.7, "delta_school": 1.0, "base_school": 2.0, "delta_pharmacy": 0.0, "base_pharmacy": 3.0, "delta_university": null, "base_university": 0.0, "delta_mall": 0.0, "base_mall": 1.0, "net_delta": 1.0, "net_delta_n": 3 }, "geometry": { "type": "Polygon", "coordinates": [ [ [ 18.510101, 54.33733 ], [ 18.512295, 54.339587 ], [ 18.516736, 54.339605 ], [ 18.518983, 54.337366 ], [ 18.516789, 54.33511 ], [ 18.512348, 54.335092 ], [ 18.510101, 54.33733 ] ] ] } },
{ "type": "Feature", "properties": { "hex_id": 271, "pop_total": 24.25, "delta_school": 0.0, "base_school": 1.0, "delta_pharmacy": null, "base_pharmacy": 0.0, "delta_university": null, "base_university": 0.0, "delta_mall": null, "base_mall": 0.0, "net_delta": 0.0, "net_delta_n": 1 }, "geometry": { "type": "Polygon", "coordinates": [ [ [ 18.510155, 54.332836 ], [ 18.512348, 54.335092 ], [ 18.516789, 54.33511 ], [ 18.519036, 54.332871 ], [ 18.516842, 54.330615 ], [ 18.512401, 54.330597 ], [ 18.510155, 54.332836 ] ] ] } },
{ "type": "Feature", "properties": { "hex_id": 277, "pop_total": 11.27, "delta_school": null, "base_school": 0.0, "delta_pharmacy": null, "base_pharmacy": 0.0, "delta_university": null, "base_university": 0.0, "delta_mall": null, "base_mall": 0.0, "net_delta": null, "net_delta_n": 0 }, "geometry": { "type": "Polygon", "coordinates": [ [ [ 18.51605, 54.398038 ], [ 18.518247, 54.400294 ], [ 18.522695, 54.400312 ], [ 18.524945, 54.398073 ], [ 18.522747, 54.395817 ], [ 18.5183, 54.395799 ], [ 18.51605, 54.398038 ] ] ] } },
{ "type": "Feature", "properties": { "hex_id": 278, "pop_total": 4.52, "delta_school": null, "base_school": 0.0, "delta_pharmacy": null, "base_pharmacy": 0.0, "delta_university": null, "base_university": 0.0, "delta_mall": null, "base_mall": 0.0, "net_delta": null, "net_delta_n": 0 }, "geometry": { "type": "Polygon", "coordinates": [ [ [ 18.516103, 54.393543 ], [ 18.5183, 54.395799 ], [ 18.522747, 54.395817 ], [ 18.524997, 54.393578 ], [ 18.522799, 54.391322 ], [ 18.518353, 54.391305 ], [ 18.516103, 54.393543 ] ] ] } },
{ "type": "Feature", "properties": { "hex_id": 281, "pop_total": 77.31, "delta_school": -1.0, "base_school": 3.0, "delta_pharmacy": -1.0, "base_pharmacy": 2.0, "delta_university": null, "base_university": 0.0, "delta_mall": 0.0, "base_mall": 3.0, "net_delta": -2.0, "net_delta_n": 3 }, "geometry": { "type": "Polygon", "coordinates": [ [ [ 18.516261, 54.380059 ], [ 18.518458, 54.382315 ], [ 18.522904, 54.382333 ], [ 18.525153, 54.380094 ], [ 18.522956, 54.377838 ], [ 18.51851, 54.37782 ], [ 18.516261, 54.380059 ] ] ] } },
{ "type": "Feature", "properties": { "hex_id": 282, "pop_total": 741.93, "delta_school": -1.0, "base_school": 6.0, "delta_pharmacy": -2.0, "base_pharmacy": 5.0, "delta_university": null, "base_university": 0.0, "delta_mall": 0.0, "base_mall": 4.0, "net_delta": -3.0, "net_delta_n": 3 }, "geometry": { "type": "Polygon", "coordinates": [ [ [ 18.516314, 54.375564 ], [ 18.51851, 54.37782 ], [ 18.522956, 54.377838 ], [ 18.525205, 54.375599 ], [ 18.523008, 54.373343 ], [ 18.518563, 54.373325 ], [ 18.516314, 54.375564 ] ] ] } },
{ "type": "Feature", "properties": { "hex_id": 283, "pop_total": 637.88, "delta_school": 0.0, "base_school": 4.0, "delta_pharmacy": -1.0, "base_pharmacy": 3.0, "delta_university": null, "base_university": 0.0, "delta_mall": -1.0, "base_mall": 4.0, "net_delta": -2.0, "net_delta_n": 3 }, "geometry": { "type": "Polygon", "coordinates": [ [ [ 18.516367, 54.371069 ], [ 18.518563, 54.373325 ], [ 18.523008, 54.373343 ], [ 18.525256, 54.371104 ], [ 18.52306, 54.368848 ], [ 18.518616, 54.36883 ], [ 18.516367, 54.371069 ] ] ] } },
{ "type": "Feature", "properties": { "hex_id": 286, "pop_total": 23.54, "delta_school": 0.0, "base_school": 1.0, "delta_pharmacy": 0.0, "base_pharmacy": 2.0, "delta_university": null, "base_university": 0.0, "delta_mall": 0.0, "base_mall": 1.0, "net_delta": 0.0, "net_delta_n": 3 }, "geometry": { "type": "Polygon", "coordinates": [ [ [ 18.516525, 54.357584 ], [ 18.518721, 54.359841 ], [ 18.523164, 54.359858 ], [ 18.525412, 54.35762 ], [ 18.523216, 54.355363 ], [ 18.518773, 54.355346 ], [ 18.516525, 54.357584 ] ] ] } },
{ "type": "Feature", "properties": { "hex_id": 287, "pop_total": 141.67, "delta_school": 1.0, "base_school": 1.0, "delta_pharmacy": 0.0, "base_pharmacy": 3.0, "delta_university": null, "base_university": 0.0, "delta_mall": 0.0, "base_mall": 1.0, "net_delta": 1.0, "net_delta_n": 3 }, "geometry": { "type": "Polygon", "coordinates": [ [ [ 18.516578, 54.353089 ], [ 18.518773, 54.355346 ], [ 18.523216, 54.355363 ], [ 18.525464, 54.353125 ], [ 18.523268, 54.350868 ], [ 18.518826, 54.350851 ], [ 18.516578, 54.353089 ] ] ] } },
{ "type": "Feature", "properties": { "hex_id": 290, "pop_total": 194.76, "delta_school": 0.0, "base_school": 1.0, "delta_pharmacy": 0.0, "base_pharmacy": 1.0, "delta_university": null, "base_university": 0.0, "delta_mall": null, "base_mall": 0.0, "net_delta": 0.0, "net_delta_n": 2 }, "geometry": { "type": "Polygon", "coordinates": [ [ [ 18.516736, 54.339605 ], [ 18.518931, 54.341861 ], [ 18.523372, 54.341879 ], [ 18.525619, 54.33964 ], [ 18.523424, 54.337384 ], [ 18.518983, 54.337366 ], [ 18.516736, 54.339605 ] ] ] } },
{ "type": "Feature", "properties": { "hex_id": 291, "pop_total": 66.54, "delta_school": 0.0, "base_school": 1.0, "delta_pharmacy": 1.0, "base_pharmacy": 1.0, "delta_university": null, "base_university": 0.0, "delta_mall": null, "base_mall": 0.0, "net_delta": 1.0, "net_delta_n": 2 }, "geometry": { "type": "Polygon", "coordinates": [ [ [ 18.516789, 54.33511 ], [ 18.518983, 54.337366 ], [ 18.523424, 54.337384 ], [ 18.525671, 54.335145 ], [ 18.523476, 54.332889 ], [ 18.519036, 54.332871 ], [ 18.516789, 54.33511 ] ] ] } },
{ "type": "Feature", "properties": { "hex_id": 294, "pop_total": 4.09, "delta_school": null, "base_school": 0.0, "delta_pharmacy": null, "base_pharmacy": 0.0, "delta_university": null, "base_university": 0.0, "delta_mall": null, "base_mall": 0.0, "net_delta": null, "net_delta_n": 0 }, "geometry": { "type": "Polygon", "coordinates": [ [ [ 18.522539, 54.413797 ], [ 18.524737, 54.416053 ], [ 18.529187, 54.41607 ], [ 18.531437, 54.413831 ], [ 18.529238, 54.411575 ], [ 18.524789, 54.411558 ], [ 18.522539, 54.413797 ] ] ] } },
{ "type": "Feature", "properties": { "hex_id": 302, "pop_total": 359.97, "delta_school": -1.0, "base_school": 3.0, "delta_pharmacy": -1.0, "base_pharmacy": 2.0, "delta_university": null, "base_university": 0.0, "delta_mall": 0.0, "base_mall": 3.0, "net_delta": -2.0, "net_delta_n": 3 }, "geometry": { "type": "Polygon", "coordinates": [ [ [ 18.522956, 54.377838 ], [ 18.525153, 54.380094 ], [ 18.529598, 54.380111 ], [ 18.531847, 54.377872 ], [ 18.52965, 54.375616 ], [ 18.525205, 54.375599 ], [ 18.522956, 54.377838 ] ] ] } },
{ "type": "Feature", "properties": { "hex_id": 303, "pop_total": 747.7, "delta_school": 0.0, "base_school": 3.0, "delta_pharmacy": -1.0, "base_pharmacy": 2.0, "delta_university": null, "base_university": 0.0, "delta_mall": 0.0, "base_mall": 3.0, "net_delta": -1.0, "net_delta_n": 3 }, "geometry": { "type": "Polygon", "coordinates": [ [ [ 18.523008, 54.373343 ], [ 18.525205, 54.375599 ], [ 18.52965, 54.375616 ], [ 18.531898, 54.373378 ], [ 18.529701, 54.371122 ], [ 18.525256, 54.371104 ], [ 18.523008, 54.373343 ] ] ] } },
{ "type": "Feature", "properties": { "hex_id": 304, "pop_total": 392.2, "delta_school": 0.0, "base_school": 1.0, "delta_pharmacy": 0.0, "base_pharmacy": 1.0, "delta_university": null, "base_university": 0.0, "delta_mall": 0.0, "base_mall": 3.0, "net_delta": 0.0, "net_delta_n": 3 }, "geometry": { "type": "Polygon", "coordinates": [ [ [ 18.52306, 54.368848 ], [ 18.525256, 54.371104 ], [ 18.529701, 54.371122 ], [ 18.531949, 54.368883 ], [ 18.529752, 54.366627 ], [ 18.525308, 54.366609 ], [ 18.52306, 54.368848 ] ] ] } },
{ "type": "Feature", "properties": { "hex_id": 307, "pop_total": 140.6, "delta_school": 0.0, "base_school": 1.0, "delta_pharmacy": 0.0, "base_pharmacy": 2.0, "delta_university": null, "base_university": 0.0, "delta_mall": 0.0, "base_mall": 1.0, "net_delta": 0.0, "net_delta_n": 3 }, "geometry": { "type": "Polygon", "coordinates": [ [ [ 18.523216, 54.355363 ], [ 18.525412, 54.35762 ], [ 18.529855, 54.357637 ], [ 18.532102, 54.355398 ], [ 18.529906, 54.353142 ], [ 18.525464, 54.353125 ], [ 18.523216, 54.355363 ] ] ] } },
{ "type": "Feature", "properties": { "hex_id": 308, "pop_total": 1079.04, "delta_school": 0.0, "base_school": 2.0, "delta_pharmacy": 0.0, "base_pharmacy": 4.0, "delta_university": null, "base_university": 0.0, "delta_mall": 0.0, "base_mall": 1.0, "net_delta": 0.0, "net_delta_n": 3 }, "geometry": { "type": "Polygon", "coordinates": [ [ [ 18.523268, 54.350868 ], [ 18.525464, 54.353125 ], [ 18.529906, 54.353142 ], [ 18.532153, 54.350903 ], [ 18.529958, 54.348647 ], [ 18.525515, 54.34863 ], [ 18.523268, 54.350868 ] ] ] } },
{ "type": "Feature", "properties": { "hex_id": 309, "pop_total": 169.33, "delta_school": 0.0, "base_school": 4.0, "delta_pharmacy": 0.0, "base_pharmacy": 4.0, "delta_university": null, "base_university": 0.0, "delta_mall": 1.0, "base_mall": 2.0, "net_delta": 1.0, "net_delta_n": 3 }, "geometry": { "type": "Polygon", "coordinates": [ [ [ 18.52332, 54.346374 ], [ 18.525515, 54.34863 ], [ 18.529958, 54.348647 ], [ 18.532204, 54.346408 ], [ 18.530009, 54.344152 ], [ 18.525567, 54.344135 ], [ 18.52332, 54.346374 ] ] ] } },
{ "type": "Feature", "properties": { "hex_id": 311, "pop_total": 56.81, "delta_school": 0.0, "base_school": 1.0, "delta_pharmacy": 0.0, "base_pharmacy": 2.0, "delta_university": null, "base_university": 0.0, "delta_mall": 0.0, "base_mall": 1.0, "net_delta": 0.0, "net_delta_n": 3 }, "geometry": { "type": "Polygon", "coordinates": [ [ [ 18.523424, 54.337384 ], [ 18.525619, 54.33964 ], [ 18.53006, 54.339657 ], [ 18.532306, 54.337418 ], [ 18.530112, 54.335162 ], [ 18.525671, 54.335145 ], [ 18.523424, 54.337384 ] ] ] } },
{ "type": "Feature", "properties": { "hex_id": 315, "pop_total": 32.7, "delta_school": null, "base_school": 0.0, "delta_pharmacy": null, "base_pharmacy": 0.0, "delta_university": null, "base_university": 0.0, "delta_mall": null, "base_mall": 0.0, "net_delta": null, "net_delta_n": 0 }, "geometry": { "type": "Polygon", "coordinates": [ [ [ 18.529187, 54.41607 ], [ 18.531386, 54.418326 ], [ 18.535836, 54.418343 ], [ 18.538086, 54.416105 ], [ 18.535887, 54.413849 ], [ 18.531437, 54.413831 ], [ 18.529187, 54.41607 ] ] ] } },
{ "type": "Feature", "properties": { "hex_id": 316, "pop_total": 41.9, "delta_school": 0.0, "base_school": 1.0, "delta_pharmacy": null, "base_pharmacy": 0.0, "delta_university": null, "base_university": 0.0, "delta_mall": null, "base_mall": 0.0, "net_delta": 0.0, "net_delta_n": 1 }, "geometry": { "type": "Polygon", "coordinates": [ [ [ 18.529238, 54.411575 ], [ 18.531437, 54.413831 ], [ 18.535887, 54.413849 ], [ 18.538136, 54.41161 ], [ 18.535937, 54.409354 ], [ 18.531488, 54.409337 ], [ 18.529238, 54.411575 ] ] ] } },
{ "type": "Feature", "properties": { "hex_id": 317, "pop_total": 14.94, "delta_school": null, "base_school": 0.0, "delta_pharmacy": null, "base_pharmacy": 0.0, "delta_university": null, "base_university": 0.0, "delta_mall": null, "base_mall": 0.0, "net_delta": null, "net_delta_n": 0 }, "geometry": { "type": "Polygon", "coordinates": [ [ [ 18.52929, 54.40708 ], [ 18.531488, 54.409337 ], [ 18.535937, 54.409354 ], [ 18.538187, 54.407115 ], [ 18.535988, 54.404859 ], [ 18.53154, 54.404842 ], [ 18.52929, 54.40708 ] ] ] } },
{ "type": "Feature", "properties": { "hex_id": 318, "pop_total": 5.54, "delta_school": null, "base_school": 0.0, "delta_pharmacy": null, "base_pharmacy": 0.0, "delta_university": null, "base_university": 0.0, "delta_mall": null, "base_mall": 0.0, "net_delta": null, "net_delta_n": 0 }, "geometry": { "type": "Polygon", "coordinates": [ [ [ 18.529341, 54.402586 ], [ 18.53154, 54.404842 ], [ 18.535988, 54.404859 ], [ 18.538237, 54.40262 ], [ 18.536039, 54.400364 ], [ 18.531591, 54.400347 ], [ 18.529341, 54.402586 ] ] ] } },
{ "type": "Feature", "properties": { "hex_id": 328, "pop_total": 26.33, "delta_school": null, "base_school": 0.0, "delta_pharmacy": null, "base_pharmacy": 0.0, "delta_university": null, "base_university": 0.0, "delta_mall": null, "base_mall": 0.0, "net_delta": null, "net_delta_n": 0 }, "geometry": { "type": "Polygon", "coordinates": [ [ [ 18.529855, 54.357637 ], [ 18.532051, 54.359893 ], [ 18.536495, 54.35991 ], [ 18.538742, 54.357671 ], [ 18.536545, 54.355415 ], [ 18.532102, 54.355398 ], [ 18.529855, 54.357637 ] ] ] } },
{ "type": "Feature", "properties": { "hex_id": 329, "pop_total": 920.95, "delta_school": null, "base_school": 0.0, "delta_pharmacy": 0.0, "base_pharmacy": 2.0, "delta_university": null, "base_university": 0.0, "delta_mall": 0.0, "base_mall": 2.0, "net_delta": 0.0, "net_delta_n": 2 }, "geometry": { "type": "Polygon", "coordinates": [ [ [ 18.529906, 54.353142 ], [ 18.532102, 54.355398 ], [ 18.536545, 54.355415 ], [ 18.538792, 54.353176 ], [ 18.536596, 54.35092 ], [ 18.532153, 54.350903 ], [ 18.529906, 54.353142 ] ] ] } },
{ "type": "Feature", "properties": { "hex_id": 330, "pop_total": 1930.41, "delta_school": 0.0, "base_school": 3.0, "delta_pharmacy": 0.0, "base_pharmacy": 4.0, "delta_university": null, "base_university": 0.0, "delta_mall": 0.0, "base_mall": 1.0, "net_delta": 0.0, "net_delta_n": 3 }, "geometry": { "type": "Polygon", "coordinates": [ [ [ 18.529958, 54.348647 ], [ 18.532153, 54.350903 ], [ 18.536596, 54.35092 ], [ 18.538842, 54.348681 ], [ 18.536646, 54.346425 ], [ 18.532204, 54.346408 ], [ 18.529958, 54.348647 ] ] ] } },
{ "type": "Feature", "properties": { "hex_id": 331, "pop_total": 772.24, "delta_school": 0.0, "base_school": 4.0, "delta_pharmacy": 0.0, "base_pharmacy": 4.0, "delta_university": null, "base_university": 0.0, "delta_mall": 1.0, "base_mall": 2.0, "net_delta": 1.0, "net_delta_n": 3 }, "geometry": { "type": "Polygon", "coordinates": [ [ [ 18.530009, 54.344152 ], [ 18.532204, 54.346408 ], [ 18.536646, 54.346425 ], [ 18.538893, 54.344186 ], [ 18.536697, 54.341931 ], [ 18.532255, 54.341913 ], [ 18.530009, 54.344152 ] ] ] } },
{ "type": "Feature", "properties": { "hex_id": 332, "pop_total": 7.06, "delta_school": null, "base_school": 0.0, "delta_pharmacy": null, "base_pharmacy": 0.0, "delta_university": null, "base_university": 0.0, "delta_mall": null, "base_mall": 0.0, "net_delta": null, "net_delta_n": 0 }, "geometry": { "type": "Polygon", "coordinates": [ [ [ 18.53006, 54.339657 ], [ 18.532255, 54.341913 ], [ 18.536697, 54.341931 ], [ 18.538943, 54.339692 ], [ 18.536748, 54.337436 ], [ 18.532306, 54.337418 ], [ 18.53006, 54.339657 ] ] ] } },
{ "type": "Feature", "properties": { "hex_id": 334, "pop_total": 95.94, "delta_school": null, "base_school": 0.0, "delta_pharmacy": null, "base_pharmacy": 0.0, "delta_university": null, "base_university": 0.0, "delta_mall": null, "base_mall": 0.0, "net_delta": null, "net_delta_n": 0 }, "geometry": { "type": "Polygon", "coordinates": [ [ [ 18.530163, 54.330668 ], [ 18.532357, 54.332924 ], [ 18.536798, 54.332941 ], [ 18.539044, 54.330702 ], [ 18.536849, 54.328446 ], [ 18.532408, 54.328429 ], [ 18.530163, 54.330668 ] ] ] } },
{ "type": "Feature", "properties": { "hex_id": 335, "pop_total": 27.94, "delta_school": null, "base_school": 0.0, "delta_pharmacy": null, "base_pharmacy": 0.0, "delta_university": null, "base_university": 0.0, "delta_mall": null, "base_mall": 0.0, "net_delta": null, "net_delta_n": 0 }, "geometry": { "type": "Polygon", "coordinates": [ [ [ 18.530214, 54.326173 ], [ 18.532408, 54.328429 ], [ 18.536849, 54.328446 ], [ 18.539094, 54.326207 ], [ 18.536899, 54.323951 ], [ 18.532459, 54.323934 ], [ 18.530214, 54.326173 ] ] ] } },
{ "type": "Feature", "properties": { "hex_id": 336, "pop_total": 120.18, "delta_school": null, "base_school": 0.0, "delta_pharmacy": null, "base_pharmacy": 0.0, "delta_university": null, "base_university": 0.0, "delta_mall": null, "base_mall": 0.0, "net_delta": null, "net_delta_n": 0 }, "geometry": { "type": "Polygon", "coordinates": [ [ [ 18.530265, 54.321678 ], [ 18.532459, 54.323934 ], [ 18.536899, 54.323951 ], [ 18.539144, 54.321712 ], [ 18.53695, 54.319456 ], [ 18.53251, 54.319439 ], [ 18.530265, 54.321678 ] ] ] } },
{ "type": "Feature", "properties": { "hex_id": 338, "pop_total": 5.42, "delta_school": 0.0, "base_school": 6.0, "delta_pharmacy": 0.0, "base_pharmacy": 4.0, "delta_university": null, "base_university": 0.0, "delta_mall": null, "base_mall": 0.0, "net_delta": 0.0, "net_delta_n": 2 }, "geometry": { "type": "Polygon", "coordinates": [ [ [ 18.535785, 54.422838 ], [ 18.537985, 54.425094 ], [ 18.542435, 54.425111 ], [ 18.544686, 54.422872 ], [ 18.542485, 54.420616 ], [ 18.538035, 54.420599 ], [ 18.535785, 54.422838 ] ] ] } },
{ "type": "Feature", "properties": { "hex_id": 339, "pop_total": 11.85, "delta_school": 0.0, "base_school": 5.0, "delta_pharmacy": 0.0, "base_pharmacy": 3.0, "delta_university": null, "base_university": 0.0, "delta_mall": null, "base_mall": 0.0, "net_delta": 0.0, "net_delta_n": 2 }, "geometry": { "type": "Polygon", "coordinates": [ [ [ 18.535836, 54.418343 ], [ 18.538035, 54.420599 ], [ 18.542485, 54.420616 ], [ 18.544735, 54.418377 ], [ 18.542536, 54.416121 ], [ 18.538086, 54.416105 ], [ 18.535836, 54.418343 ] ] ] } },
{ "type": "Feature", "properties": { "hex_id": 340, "pop_total": 1.02, "delta_school": null, "base_school": 0.0, "delta_pharmacy": null, "base_pharmacy": 0.0, "delta_university": null, "base_university": 0.0, "delta_mall": null, "base_mall": 0.0, "net_delta": null, "net_delta_n": 0 }, "geometry": { "type": "Polygon", "coordinates": [ [ [ 18.535887, 54.413849 ], [ 18.538086, 54.416105 ], [ 18.542536, 54.416121 ], [ 18.544785, 54.413882 ], [ 18.542586, 54.411627 ], [ 18.538136, 54.41161 ], [ 18.535887, 54.413849 ] ] ] } },
{ "type": "Feature", "properties": { "hex_id": 341, "pop_total": 38.06, "delta_school": 0.0, "base_school": 3.0, "delta_pharmacy": null, "base_pharmacy": 0.0, "delta_university": null, "base_university": 0.0, "delta_mall": null, "base_mall": 0.0, "net_delta": 0.0, "net_delta_n": 1 }, "geometry": { "type": "Polygon", "coordinates": [ [ [ 18.535937, 54.409354 ], [ 18.538136, 54.41161 ], [ 18.542586, 54.411627 ], [ 18.544835, 54.409388 ], [ 18.542636, 54.407132 ], [ 18.538187, 54.407115 ], [ 18.535937, 54.409354 ] ] ] } },
{ "type": "Feature", "properties": { "hex_id": 342, "pop_total": 15.04, "delta_school": 0.0, "base_school": 5.0, "delta_pharmacy": 0.0, "base_pharmacy": 1.0, "delta_university": null, "base_university": 0.0, "delta_mall": null, "base_mall": 0.0, "net_delta": 0.0, "net_delta_n": 2 }, "geometry": { "type": "Polygon", "coordinates": [ [ [ 18.535988, 54.404859 ], [ 18.538187, 54.407115 ], [ 18.542636, 54.407132 ], [ 18.544885, 54.404893 ], [ 18.542686, 54.402637 ], [ 18.538237, 54.40262 ], [ 18.535988, 54.404859 ] ] ] } },
{ "type": "Feature", "properties": { "hex_id": 354, "pop_total": 84.19, "delta_school": null, "base_school": 0.0, "delta_pharmacy": -1.0, "base_pharmacy": 3.0, "delta_university": null, "base_university": 0.0, "delta_mall": 0.0, "base_mall": 2.0, "net_delta": -1.0, "net_delta_n": 2 }, "geometry": { "type": "Polygon", "coordinates": [ [ [ 18.536596, 54.35092 ], [ 18.538792, 54.353176 ], [ 18.543235, 54.353193 ], [ 18.545481, 54.350954 ], [ 18.543285, 54.348698 ], [ 18.538842, 54.348681 ], [ 18.536596, 54.35092 ] ] ] } },
{ "type": "Feature", "properties": { "hex_id": 355, "pop_total": 39.53, "delta_school": 0.0, "base_school": 1.0, "delta_pharmacy": 1.0, "base_pharmacy": 3.0, "delta_university": null, "base_university": 0.0, "delta_mall": 0.0, "base_mall": 2.0, "net_delta": 1.0, "net_delta_n": 3 }, "geometry": { "type": "Polygon", "coordinates": [ [ [ 18.536646, 54.346425 ], [ 18.538842, 54.348681 ], [ 18.543285, 54.348698 ], [ 18.545531, 54.346459 ], [ 18.543335, 54.344203 ], [ 18.538893, 54.344186 ], [ 18.536646, 54.346425 ] ] ] } },
{ "type": "Feature", "properties": { "hex_id": 356, "pop_total": 32.96, "delta_school": 1.0, "base_school": 2.0, "delta_pharmacy": 0.0, "base_pharmacy": 4.0, "delta_university": null, "base_university": 0.0, "delta_mall": 0.0, "base_mall": 1.0, "net_delta": 1.0, "net_delta_n": 3 }, "geometry": { "type": "Polygon", "coordinates": [ [ [ 18.536697, 54.341931 ], [ 18.538893, 54.344186 ], [ 18.543335, 54.344203 ], [ 18.54558, 54.341964 ], [ 18.543384, 54.339708 ], [ 18.538943, 54.339692 ], [ 18.536697, 54.341931 ] ] ] } },
{ "type": "Feature", "properties": { "hex_id": 357, "pop_total": 193.32, "delta_school": null, "base_school": 0.0, "delta_pharmacy": 1.0, "base_pharmacy": 1.0, "delta_university": null, "base_university": 0.0, "delta_mall": 0.0, "base_mall": 1.0, "net_delta": 1.0, "net_delta_n": 2 }, "geometry": { "type": "Polygon", "coordinates": [ [ [ 18.536748, 54.337436 ], [ 18.538943, 54.339692 ], [ 18.543384, 54.339708 ], [ 18.54563, 54.337469 ], [ 18.543434, 54.335214 ], [ 18.538993, 54.335197 ], [ 18.536748, 54.337436 ] ] ] } },
{ "type": "Feature", "properties": { "hex_id": 358, "pop_total": 743.47, "delta_school": 0.0, "base_school": 2.0, "delta_pharmacy": 0.0, "base_pharmacy": 3.0, "delta_university": null, "base_university": 0.0, "delta_mall": 0.0, "base_mall": 1.0, "net_delta": 0.0, "net_delta_n": 3 }, "geometry": { "type": "Polygon", "coordinates": [ [ [ 18.536798, 54.332941 ], [ 18.538993, 54.335197 ], [ 18.543434, 54.335214 ], [ 18.545679, 54.332974 ], [ 18.543484, 54.330719 ], [ 18.539044, 54.330702 ], [ 18.536798, 54.332941 ] ] ] } },
{ "type": "Feature", "properties": { "hex_id": 359, "pop_total": 18.45, "delta_school": null, "base_school": 0.0, "delta_pharmacy": 0.0, "base_pharmacy": 2.0, "delta_university": null, "base_university": 0.0, "delta_mall": 0.0, "base_mall": 2.0, "net_delta": 0.0, "net_delta_n": 2 }, "geometry": { "type": "Polygon", "coordinates": [ [ [ 18.536849, 54.328446 ], [ 18.539044, 54.330702 ], [ 18.543484, 54.330719 ], [ 18.545729, 54.32848 ], [ 18.543534, 54.326224 ], [ 18.539094, 54.326207 ], [ 18.536849, 54.328446 ] ] ] } },
{ "type": "Feature", "properties": { "hex_id": 360, "pop_total": 25.3, "delta_school": null, "base_school": 0.0, "delta_pharmacy": null, "base_pharmacy": 0.0, "delta_university": null, "base_university": 0.0, "delta_mall": null, "base_mall": 0.0, "net_delta": null, "net_delta_n": 0 }, "geometry": { "type": "Polygon", "coordinates": [ [ [ 18.536899, 54.323951 ], [ 18.539094, 54.326207 ], [ 18.543534, 54.326224 ], [ 18.545778, 54.323985 ], [ 18.543583, 54.321729 ], [ 18.539144, 54.321712 ], [ 18.536899, 54.323951 ] ] ] } },
{ "type": "Feature", "properties": { "hex_id": 361, "pop_total": 66.42, "delta_school": null, "base_school": 0.0, "delta_pharmacy": null, "base_pharmacy": 0.0, "delta_university": null, "base_university": 0.0, "delta_mall": null, "base_mall": 0.0, "net_delta": null, "net_delta_n": 0 }, "geometry": { "type": "Polygon", "coordinates": [ [ [ 18.53695, 54.319456 ], [ 18.539144, 54.321712 ], [ 18.543583, 54.321729 ], [ 18.545828, 54.31949 ], [ 18.543633, 54.317234 ], [ 18.539194, 54.317217 ], [ 18.53695, 54.319456 ] ] ] } },
{ "type": "Feature", "properties": { "hex_id": 364, "pop_total": 2.04, "delta_school": 0.0, "base_school": 6.0, "delta_pharmacy": 0.0, "base_pharmacy": 2.0, "delta_university": null, "base_university": 0.0, "delta_mall": null, "base_mall": 0.0, "net_delta": 0.0, "net_delta_n": 2 }, "geometry": { "type": "Polygon", "coordinates": [ [ [ 18.542536, 54.416121 ], [ 18.544735, 54.418377 ], [ 18.549185, 54.418394 ], [ 18.551435, 54.416155 ], [ 18.549235, 54.413899 ], [ 18.544785, 54.413882 ], [ 18.542536, 54.416121 ] ] ] } },
{ "type": "Feature", "properties": { "hex_id": 365, "pop_total": 87.96, "delta_school": 0.0, "base_school": 6.0, "delta_pharmacy": 0.0, "base_pharmacy": 3.0, "delta_university": null, "base_university": 0.0, "delta_mall": null, "base_mall": 0.0, "net_delta": 0.0, "net_delta_n": 2 }, "geometry": { "type": "Polygon", "coordinates": [ [ [ 18.542586, 54.411627 ], [ 18.544785, 54.413882 ], [ 18.549235, 54.413899 ], [ 18.551484, 54.41166 ], [ 18.549284, 54.409404 ], [ 18.544835, 54.409388 ], [ 18.542586, 54.411627 ] ] ] } },
{ "type": "Feature", "properties": { "hex_id": 366, "pop_total": 229.95, "delta_school": 0.0, "base_school": 7.0, "delta_pharmacy": 0.0, "base_pharmacy": 3.0, "delta_university": -1.0, "base_university": 2.0, "delta_mall": null, "base_mall": 0.0, "net_delta": -1.0, "net_delta_n": 3 }, "geometry": { "type": "Polygon", "coordinates": [ [ [ 18.542636, 54.407132 ], [ 18.544835, 54.409388 ], [ 18.549284, 54.409404 ], [ 18.551533, 54.407165 ], [ 18.549333, 54.404909 ], [ 18.544885, 54.404893 ], [ 18.542636, 54.407132 ] ] ] } },
{ "type": "Feature", "properties": { "hex_id": 367, "pop_total": 27.13, "delta_school": 0.0, "base_school": 6.0, "delta_pharmacy": 0.0, "base_pharmacy": 2.0, "delta_university": null, "base_university": 0.0, "delta_mall": null, "base_mall": 0.0, "net_delta": 0.0, "net_delta_n": 2 }, "geometry": { "type": "Polygon", "coordinates": [ [ [ 18.542686, 54.402637 ], [ 18.544885, 54.404893 ], [ 18.549333, 54.404909 ], [ 18.551582, 54.40267 ], [ 18.549382, 54.400415 ], [ 18.544935, 54.400398 ], [ 18.542686, 54.402637 ] ] ] } },
{ "type": "Feature", "properties": { "hex_id": 374, "pop_total": 65.42, "delta_school": 0.0, "base_school": 2.0, "delta_pharmacy": 0.0, "base_pharmacy": 1.0, "delta_university": null, "base_university": 0.0, "delta_mall": null, "base_mall": 0.0, "net_delta": 0.0, "net_delta_n": 2 }, "geometry": { "type": "Polygon", "coordinates": [ [ [ 18.543035, 54.371173 ], [ 18.545233, 54.373429 ], [ 18.549678, 54.373445 ], [ 18.551925, 54.371206 ], [ 18.549727, 54.36895 ], [ 18.545283, 54.368934 ], [ 18.543035, 54.371173 ] ] ] } },
{ "type": "Feature", "properties": { "hex_id": 375, "pop_total": 223.92, "delta_school": 0.0, "base_school": 3.0, "delta_pharmacy": -1.0, "base_pharmacy": 6.0, "delta_university": null, "base_university": 0.0, "delta_mall": null, "base_mall": 0.0, "net_delta": -1.0, "net_delta_n": 2 }, "geometry": { "type": "Polygon", "coordinates": [ [ [ 18.543085, 54.366678 ], [ 18.545283, 54.368934 ], [ 18.549727, 54.36895 ], [ 18.551974, 54.366711 ], [ 18.549776, 54.364455 ], [ 18.545332, 54.364439 ], [ 18.543085, 54.366678 ] ] ] } },
{ "type": "Feature", "properties": { "hex_id": 378, "pop_total": 131.54, "delta_school": 0.0, "base_school": 2.0, "delta_pharmacy": 1.0, "base_pharmacy": 9.0, "delta_university": null, "base_university": 0.0, "delta_mall": 0.0, "base_mall": 1.0, "net_delta": 1.0, "net_delta_n": 3 }, "geometry": { "type": "Polygon", "coordinates": [ [ [ 18.543235, 54.353193 ], [ 18.545431, 54.355449 ], [ 18.549874, 54.355466 ], [ 18.55212, 54.353226 ], [ 18.549924, 54.350971 ], [ 18.545481, 54.350954 ], [ 18.543235, 54.353193 ] ] ] } },
{ "type": "Feature", "properties": { "hex_id": 379, "pop_total": 566.76, "delta_school": 0.0, "base_school": 2.0, "delta_pharmacy": 1.0, "base_pharmacy": 9.0, "delta_university": null, "base_university": 0.0, "delta_mall": 0.0, "base_mall": 1.0, "net_delta": 1.0, "net_delta_n": 3 }, "geometry": { "type": "Polygon", "coordinates": [ [ [ 18.543285, 54.348698 ], [ 18.545481, 54.350954 ], [ 18.549924, 54.350971 ], [ 18.552169, 54.348732 ], [ 18.549973, 54.346476 ], [ 18.545531, 54.346459 ], [ 18.543285, 54.348698 ] ] ] } },
{ "type": "Feature", "properties": { "hex_id": 380, "pop_total": 313.65, "delta_school": 1.0, "base_school": 1.0, "delta_pharmacy": 0.0, "base_pharmacy": 4.0, "delta_university": null, "base_university": 0.0, "delta_mall": 0.0, "base_mall": 2.0, "net_delta": 1.0, "net_delta_n": 3 }, "geometry": { "type": "Polygon", "coordinates": [ [ [ 18.543335, 54.344203 ], [ 18.545531, 54.346459 ], [ 18.549973, 54.346476 ], [ 18.552218, 54.344237 ], [ 18.550022, 54.341981 ], [ 18.54558, 54.341964 ], [ 18.543335, 54.344203 ] ] ] } },
{ "type": "Feature", "properties": { "hex_id": 381, "pop_total": 131.82, "delta_school": 2.0, "base_school": 1.0, "delta_pharmacy": 0.0, "base_pharmacy": 5.0, "delta_university": null, "base_university": 0.0, "delta_mall": 2.0, "base_mall": 1.0, "net_delta": 4.0, "net_delta_n": 3 }, "geometry": { "type": "Polygon", "coordinates": [ [ [ 18.543384, 54.339708 ], [ 18.54558, 54.341964 ], [ 18.550022, 54.341981 ], [ 18.552267, 54.339742 ], [ 18.550071, 54.337486 ], [ 18.54563, 54.337469 ], [ 18.543384, 54.339708 ] ] ] } },
{ "type": "Feature", "properties": { "hex_id": 382, "pop_total": 67.62, "delta_school": null, "base_school": 0.0, "delta_pharmacy": 0.0, "base_pharmacy": 1.0, "delta_university": null, "base_university": 0.0, "delta_mall": 0.0, "base_mall": 1.0, "net_delta": 0.0, "net_delta_n": 2 }, "geometry": { "type": "Polygon", "coordinates": [ [ [ 18.543434, 54.335214 ], [ 18.54563, 54.337469 ], [ 18.550071, 54.337486 ], [ 18.552316, 54.335247 ], [ 18.55012, 54.332991 ], [ 18.545679, 54.332974 ], [ 18.543434, 54.335214 ] ] ] } },
{ "type": "Feature", "properties": { "hex_id": 383, "pop_total": 718.9, "delta_school": 0.0, "base_school": 2.0, "delta_pharmacy": 0.0, "base_pharmacy": 6.0, "delta_university": null, "base_university": 0.0, "delta_mall": 0.0, "base_mall": 2.0, "net_delta": 0.0, "net_delta_n": 3 }, "geometry": { "type": "Polygon", "coordinates": [ [ [ 18.543484, 54.330719 ], [ 18.545679, 54.332974 ], [ 18.55012, 54.332991 ], [ 18.552365, 54.330752 ], [ 18.550169, 54.328496 ], [ 18.545729, 54.32848 ], [ 18.543484, 54.330719 ] ] ] } },
{ "type": "Feature", "properties": { "hex_id": 384, "pop_total": 8.43, "delta_school": 2.0, "base_school": 4.0, "delta_pharmacy": 0.0, "base_pharmacy": 7.0, "delta_university": null, "base_university": 0.0, "delta_mall": 0.0, "base_mall": 4.0, "net_delta": 2.0, "net_delta_n": 3 }, "geometry": { "type": "Polygon", "coordinates": [ [ [ 18.543534, 54.326224 ], [ 18.545729, 54.32848 ], [ 18.550169, 54.328496 ], [ 18.552413, 54.326257 ], [ 18.550218, 54.324001 ], [ 18.545778, 54.323985 ], [ 18.543534, 54.326224 ] ] ] } },
{ "type": "Feature", "properties": { "hex_id": 385, "pop_total": 41.12, "delta_school": 0.0, "base_school": 1.0, "delta_pharmacy": -1.0, "base_pharmacy": 4.0, "delta_university": null, "base_university": 0.0, "delta_mall": 0.0, "base_mall": 3.0, "net_delta": -1.0, "net_delta_n": 3 }, "geometry": { "type": "Polygon", "coordinates": [ [ [ 18.543583, 54.321729 ], [ 18.545778, 54.323985 ], [ 18.550218, 54.324001 ], [ 18.552462, 54.321762 ], [ 18.550267, 54.319506 ], [ 18.545828, 54.31949 ], [ 18.543583, 54.321729 ] ] ] } },
{ "type": "Feature", "properties": { "hex_id": 389, "pop_total": 288.91, "delta_school": 0.0, "base_school": 7.0, "delta_pharmacy": 0.0, "base_pharmacy": 5.0, "delta_university": null, "base_university": 0.0, "delta_mall": null, "base_mall": 0.0, "net_delta": 0.0, "net_delta_n": 2 }, "geometry": { "type": "Polygon", "coordinates": [ [ [ 18.549185, 54.418394 ], [ 18.551386, 54.42065 ], [ 18.555836, 54.420666 ], [ 18.558085, 54.418427 ], [ 18.555884, 54.416171 ], [ 18.551435, 54.416155 ], [ 18.549185, 54.418394 ] ] ] } },
{ "type": "Feature", "properties": { "hex_id": 390, "pop_total": 1869.65, "delta_school": -1.0, "base_school": 12.0, "delta_pharmacy": -2.0, "base_pharmacy": 11.0, "delta_university": 0.0, "base_university": 2.0, "delta_mall": null, "base_mall": 0.0, "net_delta": -3.0, "net_delta_n": 3 }, "geometry": { "type": "Polygon", "coordinates": [ [ [ 18.549235, 54.413899 ], [ 18.551435, 54.416155 ], [ 18.555884, 54.416171 ], [ 18.558133, 54.413932 ], [ 18.555933, 54.411676 ], [ 18.551484, 54.41166 ], [ 18.549235, 54.413899 ] ] ] } },
{ "type": "Feature", "properties": { "hex_id": 391, "pop_total": 750.08, "delta_school": -2.0, "base_school": 14.0, "delta_pharmacy": -1.0, "base_pharmacy": 20.0, "delta_university": 0.0, "base_university": 4.0, "delta_mall": -1.0, "base_mall": 3.0, "net_delta": -4.0, "net_delta_n": 4 }, "geometry": { "type": "Polygon", "coordinates": [ [ [ 18.549284, 54.409404 ], [ 18.551484, 54.41166 ], [ 18.555933, 54.411676 ], [ 18.558182, 54.409437 ], [ 18.555982, 54.407182 ], [ 18.551533, 54.407165 ], [ 18.549284, 54.409404 ] ] ] } },
{ "type": "Feature", "properties": { "hex_id": 392, "pop_total": 539.2, "delta_school": 0.0, "base_school": 8.0, "delta_pharmacy": 0.0, "base_pharmacy": 6.0, "delta_university": -1.0, "base_university": 3.0, "delta_mall": null, "base_mall": 0.0, "net_delta": -1.0, "net_delta_n": 3 }, "geometry": { "type": "Polygon", "coordinates": [ [ [ 18.549333, 54.404909 ], [ 18.551533, 54.407165 ], [ 18.555982, 54.407182 ], [ 18.55823, 54.404942 ], [ 18.55603, 54.402687 ], [ 18.551582, 54.40267 ], [ 18.549333, 54.404909 ] ] ] } },
{ "type": "Feature", "properties": { "hex_id": 398, "pop_total": 60.0, "delta_school": 0.0, "base_school": 2.0, "delta_pharmacy": 0.0, "base_pharmacy": 1.0, "delta_university": null, "base_university": 0.0, "delta_mall": null, "base_mall": 0.0, "net_delta": 0.0, "net_delta_n": 2 }, "geometry": { "type": "Polygon", "coordinates": [ [ [ 18.549629, 54.37794 ], [ 18.551827, 54.380196 ], [ 18.556273, 54.380212 ], [ 18.55852, 54.377973 ], [ 18.556321, 54.375717 ], [ 18.551876, 54.375701 ], [ 18.549629, 54.37794 ] ] ] } },
{ "type": "Feature", "properties": { "hex_id": 399, "pop_total": 17.33, "delta_school": 0.0, "base_school": 3.0, "delta_pharmacy": -1.0, "base_pharmacy": 4.0, "delta_university": null, "base_university": 0.0, "delta_mall": -1.0, "base_mall": 2.0, "net_delta": -2.0, "net_delta_n": 3 }, "geometry": { "type": "Polygon", "coordinates": [ [ [ 18.549678, 54.373445 ], [ 18.551876, 54.375701 ], [ 18.556321, 54.375717 ], [ 18.558568, 54.373478 ], [ 18.55637, 54.371222 ], [ 18.551925, 54.371206 ], [ 18.549678, 54.373445 ] ] ] } },
{ "type": "Feature", "properties": { "hex_id": 400, "pop_total": 94.28, "delta_school": 0.0, "base_school": 5.0, "delta_pharmacy": -7.0, "base_pharmacy": 14.0, "delta_university": null, "base_university": 0.0, "delta_mall": -1.0, "base_mall": 5.0, "net_delta": -8.0, "net_delta_n": 3 }, "geometry": { "type": "Polygon", "coordinates": [ [ [ 18.549727, 54.36895 ], [ 18.551925, 54.371206 ], [ 18.55637, 54.371222 ], [ 18.558616, 54.368983 ], [ 18.556418, 54.366728 ], [ 18.551974, 54.366711 ], [ 18.549727, 54.36895 ] ] ] } },
{ "type": "Feature", "properties": { "hex_id": 401, "pop_total": 572.79, "delta_school": 0.0, "base_school": 2.0, "delta_pharmacy": 0.0, "base_pharmacy": 4.0, "delta_university": null, "base_university": 0.0, "delta_mall": null, "base_mall": 0.0, "net_delta": 0.0, "net_delta_n": 2 }, "geometry": { "type": "Polygon", "coordinates": [ [ [ 18.549776, 54.364455 ], [ 18.551974, 54.366711 ], [ 18.556418, 54.366728 ], [ 18.558664, 54.364488 ], [ 18.556466, 54.362233 ], [ 18.552023, 54.362216 ], [ 18.549776, 54.364455 ] ] ] } },
{ "type": "Feature", "properties": { "hex_id": 402, "pop_total": 102.2, "delta_school": null, "base_school": 0.0, "delta_pharmacy": 0.0, "base_pharmacy": 1.0, "delta_university": null, "base_university": 0.0, "delta_mall": 0.0, "base_mall": 1.0, "net_delta": 0.0, "net_delta_n": 2 }, "geometry": { "type": "Polygon", "coordinates": [ [ [ 18.549825, 54.359961 ], [ 18.552023, 54.362216 ], [ 18.556466, 54.362233 ], [ 18.558712, 54.359993 ], [ 18.556515, 54.357738 ], [ 18.552072, 54.357721 ], [ 18.549825, 54.359961 ] ] ] } },
{ "type": "Feature", "properties": { "hex_id": 403, "pop_total": 39.39, "delta_school": 0.0, "base_school": 1.0, "delta_pharmacy": 2.0, "base_pharmacy": 1.0, "delta_university": null, "base_university": 0.0, "delta_mall": 0.0, "base_mall": 1.0, "net_delta": 2.0, "net_delta_n": 3 }, "geometry": { "type": "Polygon", "coordinates": [ [ [ 18.549874, 54.355466 ], [ 18.552072, 54.357721 ], [ 18.556515, 54.357738 ], [ 18.558761, 54.355498 ], [ 18.556563, 54.353243 ], [ 18.55212, 54.353226 ], [ 18.549874, 54.355466 ] ] ] } },
{ "type": "Feature", "properties": { "hex_id": 404, "pop_total": 729.24, "delta_school": 5.0, "base_school": 3.0, "delta_pharmacy": 2.0, "base_pharmacy": 9.0, "delta_university": null, "base_university": 0.0, "delta_mall": 1.0, "base_mall": 1.0, "net_delta": 8.0, "net_delta_n": 3 }, "geometry": { "type": "Polygon", "coordinates": [ [ [ 18.549924, 54.350971 ], [ 18.55212, 54.353226 ], [ 18.556563, 54.353243 ], [ 18.558809, 54.351004 ], [ 18.556612, 54.348748 ], [ 18.552169, 54.348732 ], [ 18.549924, 54.350971 ] ] ] } },
{ "type": "Feature", "properties": { "hex_id": 405, "pop_total": 1075.2, "delta_school": 0.0, "base_school": 2.0, "delta_pharmacy": -1.0, "base_pharmacy": 3.0, "delta_university": null, "base_university": 0.0, "delta_mall": 0.0, "base_mall": 1.0, "net_delta": -1.0, "net_delta_n": 3 }, "geometry": { "type": "Polygon", "coordinates": [ [ [ 18.549973, 54.346476 ], [ 18.552169, 54.348732 ], [ 18.556612, 54.348748 ], [ 18.558857, 54.346509 ], [ 18.55666, 54.344253 ], [ 18.552218, 54.344237 ], [ 18.549973, 54.346476 ] ] ] } },
{ "type": "Feature", "properties": { "hex_id": 406, "pop_total": 491.05, "delta_school": -1.0, "base_school": 7.0, "delta_pharmacy": 0.0, "base_pharmacy": 8.0, "delta_university": null, "base_university": 0.0, "delta_mall": 0.0, "base_mall": 5.0, "net_delta": -1.0, "net_delta_n": 3 }, "geometry": { "type": "Polygon", "coordinates": [ [ [ 18.550022, 54.341981 ], [ 18.552218, 54.344237 ], [ 18.55666, 54.344253 ], [ 18.558905, 54.342014 ], [ 18.556708, 54.339758 ], [ 18.552267, 54.339742 ], [ 18.550022, 54.341981 ] ] ] } },
{ "type": "Feature", "properties": { "hex_id": 407, "pop_total": 362.89, "delta_school": 0.0, "base_school": 1.0, "delta_pharmacy": 0.0, "base_pharmacy": 2.0, "delta_university": null, "base_university": 0.0, "delta_mall": 0.0, "base_mall": 1.0, "net_delta": 0.0, "net_delta_n": 3 }, "geometry": { "type": "Polygon", "coordinates": [ [ [ 18.550071, 54.337486 ], [ 18.552267, 54.339742 ], [ 18.556708, 54.339758 ], [ 18.558953, 54.337519 ], [ 18.556757, 54.335263 ], [ 18.552316, 54.335247 ], [ 18.550071, 54.337486 ] ] ] } },
{ "type": "Feature", "properties": { "hex_id": 408, "pop_total": 2078.07, "delta_school": -1.0, "base_school": 3.0, "delta_pharmacy": 0.0, "base_pharmacy": 6.0, "delta_university": null, "base_university": 0.0, "delta_mall": 0.0, "base_mall": 2.0, "net_delta": -1.0, "net_delta_n": 3 }, "geometry": { "type": "Polygon", "coordinates": [ [ [ 18.55012, 54.332991 ], [ 18.552316, 54.335247 ], [ 18.556757, 54.335263 ], [ 18.559001, 54.333024 ], [ 18.556805, 54.330768 ], [ 18.552365, 54.330752 ], [ 18.55012, 54.332991 ] ] ] } },
{ "type": "Feature", "properties": { "hex_id": 409, "pop_total": 353.92, "delta_school": 1.0, "base_school": 3.0, "delta_pharmacy": 0.0, "base_pharmacy": 7.0, "delta_university": null, "base_university": 0.0, "delta_mall": 0.0, "base_mall": 4.0, "net_delta": 1.0, "net_delta_n": 3 }, "geometry": { "type": "Polygon", "coordinates": [ [ [ 18.550169, 54.328496 ], [ 18.552365, 54.330752 ], [ 18.556805, 54.330768 ], [ 18.559049, 54.328529 ], [ 18.556853, 54.326273 ], [ 18.552413, 54.326257 ], [ 18.550169, 54.328496 ] ] ] } },
{ "type": "Feature", "properties": { "hex_id": 410, "pop_total": 1184.17, "delta_school": 0.0, "base_school": 3.0, "delta_pharmacy": -1.0, "base_pharmacy": 5.0, "delta_university": null, "base_university": 0.0, "delta_mall": 1.0, "base_mall": 4.0, "net_delta": 0.0, "net_delta_n": 3 }, "geometry": { "type": "Polygon", "coordinates": [ [ [ 18.550218, 54.324001 ], [ 18.552413, 54.326257 ], [ 18.556853, 54.326273 ], [ 18.559097, 54.324034 ], [ 18.556902, 54.321778 ], [ 18.552462, 54.321762 ], [ 18.550218, 54.324001 ] ] ] } },
{ "type": "Feature", "properties": { "hex_id": 411, "pop_total": 66.74, "delta_school": 0.0, "base_school": 2.0, "delta_pharmacy": -1.0, "base_pharmacy": 5.0, "delta_university": null, "base_university": 0.0, "delta_mall": 0.0, "base_mall": 4.0, "net_delta": -1.0, "net_delta_n": 3 }, "geometry": { "type": "Polygon", "coordinates": [ [ [ 18.550267, 54.319506 ], [ 18.552462, 54.321762 ], [ 18.556902, 54.321778 ], [ 18.559145, 54.319539 ], [ 18.55695, 54.317284 ], [ 18.552511, 54.317267 ], [ 18.550267, 54.319506 ] ] ] } },
{ "type": "Feature", "properties": { "hex_id": 414, "pop_total": 538.6, "delta_school": 0.0, "base_school": 7.0, "delta_pharmacy": 0.0, "base_pharmacy": 8.0, "delta_university": null, "base_university": 0.0, "delta_mall": null, "base_mall": 0.0, "net_delta": 0.0, "net_delta_n": 2 }, "geometry": { "type": "Polygon", "coordinates": [ [ [ 18.555836, 54.420666 ], [ 18.558037, 54.422922 ], [ 18.562487, 54.422938 ], [ 18.564736, 54.420699 ], [ 18.562535, 54.418443 ], [ 18.558085, 54.418427 ], [ 18.555836, 54.420666 ] ] ] } },
{ "type": "Feature", "properties": { "hex_id": 415, "pop_total": 884.57, "delta_school": 0.0, "base_school": 16.0, "delta_pharmacy": -1.0, "base_pharmacy": 20.0, "delta_university": 0.0, "base_university": 2.0, "delta_mall": -1.0, "base_mall": 1.0, "net_delta": -2.0, "net_delta_n": 4 }, "geometry": { "type": "Polygon", "coordinates": [ [ [ 18.555884, 54.416171 ], [ 18.558085, 54.418427 ], [ 18.562535, 54.418443 ], [ 18.564784, 54.416204 ], [ 18.562583, 54.413948 ], [ 18.558133, 54.413932 ], [ 18.555884, 54.416171 ] ] ] } },
{ "type": "Feature", "properties": { "hex_id": 416, "pop_total": 125.46, "delta_school": -3.0, "base_school": 21.0, "delta_pharmacy": 0.0, "base_pharmacy": 31.0, "delta_university": 0.0, "base_university": 4.0, "delta_mall": -1.0, "base_mall": 3.0, "net_delta": -4.0, "net_delta_n": 4 }, "geometry": { "type": "Polygon", "coordinates": [ [ [ 18.555933, 54.411676 ], [ 18.558133, 54.413932 ], [ 18.562583, 54.413948 ], [ 18.564831, 54.411709 ], [ 18.562631, 54.409453 ], [ 18.558182, 54.409437 ], [ 18.555933, 54.411676 ] ] ] } },
{ "type": "Feature", "properties": { "hex_id": 417, "pop_total": 1662.4, "delta_school": 0.0, "base_school": 24.0, "delta_pharmacy": 0.0, "base_pharmacy": 34.0, "delta_university": 0.0, "base_university": 4.0, "delta_mall": 1.0, "base_mall": 5.0, "net_delta": 1.0, "net_delta_n": 4 }, "geometry": { "type": "Polygon", "coordinates": [ [ [ 18.555982, 54.407182 ], [ 18.558182, 54.409437 ], [ 18.562631, 54.409453 ], [ 18.564879, 54.407214 ], [ 18.562678, 54.404958 ], [ 18.55823, 54.404942 ], [ 18.555982, 54.407182 ] ] ] } },
{ "type": "Feature", "properties": { "hex_id": 418, "pop_total": 1010.3, "delta_school": 0.0, "base_school": 18.0, "delta_pharmacy": 2.0, "base_pharmacy": 25.0, "delta_university": 0.0, "base_university": 4.0, "delta_mall": 1.0, "base_mall": 3.0, "net_delta": 3.0, "net_delta_n": 4 }, "geometry": { "type": "Polygon", "coordinates": [ [ [ 18.55603, 54.402687 ], [ 18.55823, 54.404942 ], [ 18.562678, 54.404958 ], [ 18.564926, 54.402719 ], [ 18.562726, 54.400464 ], [ 18.558278, 54.400447 ], [ 18.55603, 54.402687 ] ] ] } },
{ "type": "Feature", "properties": { "hex_id": 419, "pop_total": 129.99, "delta_school": 0.0, "base_school": 12.0, "delta_pharmacy": 1.0, "base_pharmacy": 18.0, "delta_university": 0.0, "base_university": 4.0, "delta_mall": -1.0, "base_mall": 3.0, "net_delta": 0.0, "net_delta_n": 4 }, "geometry": { "type": "Polygon", "coordinates": [ [ [ 18.556079, 54.398192 ], [ 18.558278, 54.400447 ], [ 18.562726, 54.400464 ], [ 18.564974, 54.398224 ], [ 18.562774, 54.395969 ], [ 18.558327, 54.395953 ], [ 18.556079, 54.398192 ] ] ] } },
{ "type": "Feature", "properties": { "hex_id": 423, "pop_total": 1422.33, "delta_school": -1.0, "base_school": 5.0, "delta_pharmacy": -1.0, "base_pharmacy": 9.0, "delta_university": null, "base_university": 0.0, "delta_mall": null, "base_mall": 0.0, "net_delta": -2.0, "net_delta_n": 2 }, "geometry": { "type": "Polygon", "coordinates": [ [ [ 18.556273, 54.380212 ], [ 18.558471, 54.382468 ], [ 18.562917, 54.382484 ], [ 18.565164, 54.380245 ], [ 18.562965, 54.377989 ], [ 18.55852, 54.377973 ], [ 18.556273, 54.380212 ] ] ] } },
{ "type": "Feature", "properties": { "hex_id": 424, "pop_total": 1728.77, "delta_school": 0.0, "base_school": 5.0, "delta_pharmacy": -1.0, "base_pharmacy": 12.0, "delta_university": null, "base_university": 0.0, "delta_mall": 0.0, "base_mall": 2.0, "net_delta": -1.0, "net_delta_n": 3 }, "geometry": { "type": "Polygon", "coordinates": [ [ [ 18.556321, 54.375717 ], [ 18.55852, 54.377973 ], [ 18.562965, 54.377989 ], [ 18.565212, 54.37575 ], [ 18.563013, 54.373494 ], [ 18.558568, 54.373478 ], [ 18.556321, 54.375717 ] ] ] } },
{ "type": "Feature", "properties": { "hex_id": 425, "pop_total": 132.76, "delta_school": 0.0, "base_school": 6.0, "delta_pharmacy": -2.0, "base_pharmacy": 12.0, "delta_university": null, "base_university": 0.0, "delta_mall": 0.0, "base_mall": 4.0, "net_delta": -2.0, "net_delta_n": 3 }, "geometry": { "type": "Polygon", "coordinates": [ [ [ 18.55637, 54.371222 ], [ 18.558568, 54.373478 ], [ 18.563013, 54.373494 ], [ 18.565259, 54.371255 ], [ 18.563061, 54.368999 ], [ 18.558616, 54.368983 ], [ 18.55637, 54.371222 ] ] ] } },
{ "type": "Feature", "properties": { "hex_id": 426, "pop_total": 155.88, "delta_school": 0.0, "base_school": 3.0, "delta_pharmacy": 0.0, "base_pharmacy": 2.0, "delta_university": null, "base_university": 0.0, "delta_mall": null, "base_mall": 0.0, "net_delta": 0.0, "net_delta_n": 2 }, "geometry": { "type": "Polygon", "coordinates": [ [ [ 18.556418, 54.366728 ], [ 18.558616, 54.368983 ], [ 18.563061, 54.368999 ], [ 18.565307, 54.36676 ], [ 18.563108, 54.364504 ], [ 18.558664, 54.364488 ], [ 18.556418, 54.366728 ] ] ] } },
{ "type": "Feature", "properties": { "hex_id": 427, "pop_total": 418.42, "delta_school": 0.0, "base_school": 1.0, "delta_pharmacy": 2.0, "base_pharmacy": 5.0, "delta_university": null, "base_university": 0.0, "delta_mall": 0.0, "base_mall": 1.0, "net_delta": 2.0, "net_delta_n": 3 }, "geometry": { "type": "Polygon", "coordinates": [ [ [ 18.556466, 54.362233 ], [ 18.558664, 54.364488 ], [ 18.563108, 54.364504 ], [ 18.565354, 54.362265 ], [ 18.563156, 54.36001 ], [ 18.558712, 54.359993 ], [ 18.556466, 54.362233 ] ] ] } },
{ "type": "Feature", "properties": { "hex_id": 429, "pop_total": 717.57, "delta_school": 0.0, "base_school": 2.0, "delta_pharmacy": 4.0, "base_pharmacy": 3.0, "delta_university": null, "base_university": 0.0, "delta_mall": 0.0, "base_mall": 1.0, "net_delta": 4.0, "net_delta_n": 3 }, "geometry": { "type": "Polygon", "coordinates": [ [ [ 18.556563, 54.353243 ], [ 18.558761, 54.355498 ], [ 18.563204, 54.355515 ], [ 18.565449, 54.353275 ], [ 18.563251, 54.35102 ], [ 18.558809, 54.351004 ], [ 18.556563, 54.353243 ] ] ] } },
{ "type": "Feature", "properties": { "hex_id": 430, "pop_total": 3660.88, "delta_school": 0.0, "base_school": 2.0, "delta_pharmacy": 4.0, "base_pharmacy": 3.0, "delta_university": null, "base_university": 0.0, "delta_mall": 0.0, "base_mall": 1.0, "net_delta": 4.0, "net_delta_n": 3 }, "geometry": { "type": "Polygon", "coordinates": [ [ [ 18.556612, 54.348748 ], [ 18.558809, 54.351004 ], [ 18.563251, 54.35102 ], [ 18.565496, 54.34878 ], [ 18.563299, 54.346525 ], [ 18.558857, 54.346509 ], [ 18.556612, 54.348748 ] ] ] } },
{ "type": "Feature", "properties": { "hex_id": 431, "pop_total": 1476.57, "delta_school": 1.0, "base_school": 2.0, "delta_pharmacy": 1.0, "base_pharmacy": 3.0, "delta_university": null, "base_university": 0.0, "delta_mall": 0.0, "base_mall": 2.0, "net_delta": 2.0, "net_delta_n": 3 }, "geometry": { "type": "Polygon", "coordinates": [ [ [ 18.55666, 54.344253 ], [ 18.558857, 54.346509 ], [ 18.563299, 54.346525 ], [ 18.565544, 54.344285 ], [ 18.563347, 54.34203 ], [ 18.558905, 54.342014 ], [ 18.55666, 54.344253 ] ] ] } },
{ "type": "Feature", "properties": { "hex_id": 432, "pop_total": 1214.97, "delta_school": 0.0, "base_school": 8.0, "delta_pharmacy": 1.0, "base_pharmacy": 10.0, "delta_university": null, "base_university": 0.0, "delta_mall": 0.0, "base_mall": 5.0, "net_delta": 1.0, "net_delta_n": 3 }, "geometry": { "type": "Polygon", "coordinates": [ [ [ 18.556708, 54.339758 ], [ 18.558905, 54.342014 ], [ 18.563347, 54.34203 ], [ 18.565591, 54.33979 ], [ 18.563394, 54.337535 ], [ 18.558953, 54.337519 ], [ 18.556708, 54.339758 ] ] ] } },
{ "type": "Feature", "properties": { "hex_id": 433, "pop_total": 830.46, "delta_school": 0.0, "base_school": 3.0, "delta_pharmacy": 0.0, "base_pharmacy": 6.0, "delta_university": null, "base_university": 0.0, "delta_mall": 0.0, "base_mall": 2.0, "net_delta": 0.0, "net_delta_n": 3 }, "geometry": { "type": "Polygon", "coordinates": [ [ [ 18.556757, 54.335263 ], [ 18.558953, 54.337519 ], [ 18.563394, 54.337535 ], [ 18.565638, 54.335296 ], [ 18.563442, 54.33304 ], [ 18.559001, 54.333024 ], [ 18.556757, 54.335263 ] ] ] } },
{ "type": "Feature", "properties": { "hex_id": 434, "pop_total": 2201.87, "delta_school": 0.0, "base_school": 3.0, "delta_pharmacy": 2.0, "base_pharmacy": 6.0, "delta_university": null, "base_university": 0.0, "delta_mall": 0.0, "base_mall": 2.0, "net_delta": 2.0, "net_delta_n": 3 }, "geometry": { "type": "Polygon", "coordinates": [ [ [ 18.556805, 54.330768 ], [ 18.559001, 54.333024 ], [ 18.563442, 54.33304 ], [ 18.565686, 54.330801 ], [ 18.563489, 54.328545 ], [ 18.559049, 54.328529 ], [ 18.556805, 54.330768 ] ] ] } },
{ "type": "Feature", "properties": { "hex_id": 435, "pop_total": 1293.62, "delta_school": 0.0, "base_school": 2.0, "delta_pharmacy": 0.0, "base_pharmacy": 5.0, "delta_university": null, "base_university": 0.0, "delta_mall": 0.0, "base_mall": 3.0, "net_delta": 0.0, "net_delta_n": 3 }, "geometry": { "type": "Polygon", "coordinates": [ [ [ 18.556853, 54.326273 ], [ 18.559049, 54.328529 ], [ 18.563489, 54.328545 ], [ 18.565733, 54.326306 ], [ 18.563537, 54.32405 ], [ 18.559097, 54.324034 ], [ 18.556853, 54.326273 ] ] ] } },
{ "type": "Feature", "properties": { "hex_id": 436, "pop_total": 1882.52, "delta_school": 0.0, "base_school": 3.0, "delta_pharmacy": 0.0, "base_pharmacy": 6.0, "delta_university": null, "base_university": 0.0, "delta_mall": 0.0, "base_mall": 5.0, "net_delta": 0.0, "net_delta_n": 3 }, "geometry": { "type": "Polygon", "coordinates": [ [ [ 18.556902, 54.321778 ], [ 18.559097, 54.324034 ], [ 18.563537, 54.32405 ], [ 18.565781, 54.321811 ], [ 18.563585, 54.319555 ], [ 18.559145, 54.319539 ], [ 18.556902, 54.321778 ] ] ] } },
{ "type": "Feature", "properties": { "hex_id": 437, "pop_total": 362.89, "delta_school": 0.0, "base_school": 2.0, "delta_pharmacy": 0.0, "base_pharmacy": 2.0, "delta_university": null, "base_university": 0.0, "delta_mall": 0.0, "base_mall": 4.0, "net_delta": 0.0, "net_delta_n": 3 }, "geometry": { "type": "Polygon", "coordinates": [ [ [ 18.55695, 54.317284 ], [ 18.559145, 54.319539 ], [ 18.563585, 54.319555 ], [ 18.565828, 54.317316 ], [ 18.563632, 54.31506 ], [ 18.559193, 54.315044 ], [ 18.55695, 54.317284 ] ] ] } },
{ "type": "Feature", "properties": { "hex_id": 438, "pop_total": 1504.37, "delta_school": -2.0, "base_school": 13.0, "delta_pharmacy": 0.0, "base_pharmacy": 18.0, "delta_university": null, "base_university": 0.0, "delta_mall": -1.0, "base_mall": 1.0, "net_delta": -3.0, "net_delta_n": 3 }, "geometry": { "type": "Polygon", "coordinates": [ [ [ 18.562487, 54.422938 ], [ 18.564688, 54.425193 ], [ 18.569139, 54.425209 ], [ 18.571388, 54.42297 ], [ 18.569186, 54.420714 ], [ 18.564736, 54.420699 ], [ 18.562487, 54.422938 ] ] ] } },
{ "type": "Feature", "properties": { "hex_id": 439, "pop_total": 1301.14, "delta_school": -1.0, "base_school": 20.0, "delta_pharmacy": 1.0, "base_pharmacy": 23.0, "delta_university": 1.0, "base_university": 2.0, "delta_mall": 1.0, "base_mall": 1.0, "net_delta": 2.0, "net_delta_n": 4 }, "geometry": { "type": "Polygon", "coordinates": [ [ [ 18.562535, 54.418443 ], [ 18.564736, 54.420699 ], [ 18.569186, 54.420714 ], [ 18.571435, 54.418475 ], [ 18.569233, 54.41622 ], [ 18.564784, 54.416204 ], [ 18.562535, 54.418443 ] ] ] } },
{ "type": "Feature", "properties": { "hex_id": 440, "pop_total": 683.0, "delta_school": 0.0, "base_school": 32.0, "delta_pharmacy": 0.0, "base_pharmacy": 39.0, "delta_university": 0.0, "base_university": 4.0, "delta_mall": 1.0, "base_mall": 5.0, "net_delta": 1.0, "net_delta_n": 4 }, "geometry": { "type": "Polygon", "coordinates": [ [ [ 18.562583, 54.413948 ], [ 18.564784, 54.416204 ], [ 18.569233, 54.41622 ], [ 18.571481, 54.41398 ], [ 18.56928, 54.411725 ], [ 18.564831, 54.411709 ], [ 18.562583, 54.413948 ] ] ] } },
{ "type": "Feature", "properties": { "hex_id": 441, "pop_total": 1622.4, "delta_school": 0.0, "base_school": 36.0, "delta_pharmacy": -1.0, "base_pharmacy": 46.0, "delta_university": 0.0, "base_university": 4.0, "delta_mall": -1.0, "base_mall": 9.0, "net_delta": -2.0, "net_delta_n": 4 }, "geometry": { "type": "Polygon", "coordinates": [ [ [ 18.562631, 54.409453 ], [ 18.564831, 54.411709 ], [ 18.56928, 54.411725 ], [ 18.571528, 54.409485 ], [ 18.569327, 54.40723 ], [ 18.564879, 54.407214 ], [ 18.562631, 54.409453 ] ] ] } },
{ "type": "Feature", "properties": { "hex_id": 442, "pop_total": 1555.34, "delta_school": 1.0, "base_school": 24.0, "delta_pharmacy": 1.0, "base_pharmacy": 34.0, "delta_university": 0.0, "base_university": 4.0, "delta_mall": 0.0, "base_mall": 6.0, "net_delta": 2.0, "net_delta_n": 4 }, "geometry": { "type": "Polygon", "coordinates": [ [ [ 18.562678, 54.404958 ], [ 18.564879, 54.407214 ], [ 18.569327, 54.40723 ], [ 18.571575, 54.40499 ], [ 18.569375, 54.402735 ], [ 18.564926, 54.402719 ], [ 18.562678, 54.404958 ] ] ] } },
{ "type": "Feature", "properties": { "hex_id": 443, "pop_total": 791.53, "delta_school": 1.0, "base_school": 28.0, "delta_pharmacy": 1.0, "base_pharmacy": 41.0, "delta_university": 4.0, "base_university": 15.0, "delta_mall": -1.0, "base_mall": 8.0, "net_delta": 5.0, "net_delta_n": 4 }, "geometry": { "type": "Polygon", "coordinates": [ [ [ 18.562726, 54.400464 ], [ 18.564926, 54.402719 ], [ 18.569375, 54.402735 ], [ 18.571622, 54.400495 ], [ 18.569422, 54.39824 ], [ 18.564974, 54.398224 ], [ 18.562726, 54.400464 ] ] ] } },
{ "type": "Feature", "properties": { "hex_id": 444, "pop_total": 637.28, "delta_school": 0.0, "base_school": 21.0, "delta_pharmacy": -1.0, "base_pharmacy": 30.0, "delta_university": 1.0, "base_university": 6.0, "delta_mall": 0.0, "base_mall": 6.0, "net_delta": 0.0, "net_delta_n": 4 }, "geometry": { "type": "Polygon", "coordinates": [ [ [ 18.562774, 54.395969 ], [ 18.564974, 54.398224 ], [ 18.569422, 54.39824 ], [ 18.571669, 54.396001 ], [ 18.569469, 54.393745 ], [ 18.565021, 54.393729 ], [ 18.562774, 54.395969 ] ] ] } },
{ "type": "Feature", "properties": { "hex_id": 445, "pop_total": 479.78, "delta_school": -1.0, "base_school": 9.0, "delta_pharmacy": 0.0, "base_pharmacy": 12.0, "delta_university": 0.0, "base_university": 4.0, "delta_mall": 1.0, "base_mall": 2.0, "net_delta": 0.0, "net_delta_n": 4 }, "geometry": { "type": "Polygon", "coordinates": [ [ [ 18.562822, 54.391474 ], [ 18.565021, 54.393729 ], [ 18.569469, 54.393745 ], [ 18.571716, 54.391506 ], [ 18.569516, 54.38925 ], [ 18.565069, 54.389234 ], [ 18.562822, 54.391474 ] ] ] } },
{ "type": "Feature", "properties": { "hex_id": 446, "pop_total": 824.34, "delta_school": 0.0, "base_school": 6.0, "delta_pharmacy": 0.0, "base_pharmacy": 9.0, "delta_university": 0.0, "base_university": 4.0, "delta_mall": 1.0, "base_mall": 1.0, "net_delta": 1.0, "net_delta_n": 4 }, "geometry": { "type": "Polygon", "coordinates": [ [ [ 18.56287, 54.386979 ], [ 18.565069, 54.389234 ], [ 18.569516, 54.38925 ], [ 18.571762, 54.387011 ], [ 18.569563, 54.384755 ], [ 18.565117, 54.38474 ], [ 18.56287, 54.386979 ] ] ] } },
{ "type": "Feature", "properties": { "hex_id": 447, "pop_total": 153.43, "delta_school": 0.0, "base_school": 5.0, "delta_pharmacy": 0.0, "base_pharmacy": 5.0, "delta_university": null, "base_university": 0.0, "delta_mall": null, "base_mall": 0.0, "net_delta": 0.0, "net_delta_n": 2 }, "geometry": { "type": "Polygon", "coordinates": [ [ [ 18.562917, 54.382484 ], [ 18.565117, 54.38474 ], [ 18.569563, 54.384755 ], [ 18.571809, 54.382516 ], [ 18.56961, 54.380261 ], [ 18.565164, 54.380245 ], [ 18.562917, 54.382484 ] ] ] } },
{ "type": "Feature", "properties": { "hex_id": 448, "pop_total": 944.91, "delta_school": 0.0, "base_school": 7.0, "delta_pharmacy": -1.0, "base_pharmacy": 16.0, "delta_university": null, "base_university": 0.0, "delta_mall": 0.0, "base_mall": 2.0, "net_delta": -1.0, "net_delta_n": 3 }, "geometry": { "type": "Polygon", "coordinates": [ [ [ 18.562965, 54.377989 ], [ 18.565164, 54.380245 ], [ 18.56961, 54.380261 ], [ 18.571856, 54.378021 ], [ 18.569657, 54.375766 ], [ 18.565212, 54.37575 ], [ 18.562965, 54.377989 ] ] ] } },
{ "type": "Feature", "properties": { "hex_id": 449, "pop_total": 704.63, "delta_school": 1.0, "base_school": 26.0, "delta_pharmacy": 1.0, "base_pharmacy": 36.0, "delta_university": -3.0, "base_university": 3.0, "delta_mall": 0.0, "base_mall": 10.0, "net_delta": -1.0, "net_delta_n": 4 }, "geometry": { "type": "Polygon", "coordinates": [ [ [ 18.563013, 54.373494 ], [ 18.565212, 54.37575 ], [ 18.569657, 54.375766 ], [ 18.571903, 54.373526 ], [ 18.569704, 54.371271 ], [ 18.565259, 54.371255 ], [ 18.563013, 54.373494 ] ] ] } },
{ "type": "Feature", "properties": { "hex_id": 450, "pop_total": 26.36, "delta_school": 0.0, "base_school": 7.0, "delta_pharmacy": 0.0, "base_pharmacy": 10.0, "delta_university": null, "base_university": 0.0, "delta_mall": 0.0, "base_mall": 2.0, "net_delta": 0.0, "net_delta_n": 3 }, "geometry": { "type": "Polygon", "coordinates": [ [ [ 18.563061, 54.368999 ], [ 18.565259, 54.371255 ], [ 18.569704, 54.371271 ], [ 18.57195, 54.369031 ], [ 18.569751, 54.366776 ], [ 18.565307, 54.36676 ], [ 18.563061, 54.368999 ] ] ] } },
{ "type": "Feature", "properties": { "hex_id": 451, "pop_total": 433.03, "delta_school": 0.0, "base_school": 8.0, "delta_pharmacy": 0.0, "base_pharmacy": 11.0, "delta_university": null, "base_university": 0.0, "delta_mall": -1.0, "base_mall": 3.0, "net_delta": -1.0, "net_delta_n": 3 }, "geometry": { "type": "Polygon", "coordinates": [ [ [ 18.563108, 54.364504 ], [ 18.565307, 54.36676 ], [ 18.569751, 54.366776 ], [ 18.571996, 54.364536 ], [ 18.569798, 54.362281 ], [ 18.565354, 54.362265 ], [ 18.563108, 54.364504 ] ] ] } },
{ "type": "Feature", "properties": { "hex_id": 452, "pop_total": 429.01, "delta_school": 0.0, "base_school": 2.0, "delta_pharmacy": 0.0, "base_pharmacy": 9.0, "delta_university": null, "base_university": 0.0, "delta_mall": -1.0, "base_mall": 2.0, "net_delta": -1.0, "net_delta_n": 3 }, "geometry": { "type": "Polygon", "coordinates": [ [ [ 18.563156, 54.36001 ], [ 18.565354, 54.362265 ], [ 18.569798, 54.362281 ], [ 18.572043, 54.360041 ], [ 18.569845, 54.357786 ], [ 18.565401, 54.35777 ], [ 18.563156, 54.36001 ] ] ] } },
{ "type": "Feature", "properties": { "hex_id": 453, "pop_total": 608.43, "delta_school": 0.0, "base_school": 4.0, "delta_pharmacy": 1.0, "base_pharmacy": 8.0, "delta_university": null, "base_university": 0.0, "delta_mall": 0.0, "base_mall": 2.0, "net_delta": 1.0, "net_delta_n": 3 }, "geometry": { "type": "Polygon", "coordinates": [ [ [ 18.563204, 54.355515 ], [ 18.565401, 54.35777 ], [ 18.569845, 54.357786 ], [ 18.57209, 54.355546 ], [ 18.569892, 54.353291 ], [ 18.565449, 54.353275 ], [ 18.563204, 54.355515 ] ] ] } },
{ "type": "Feature", "properties": { "hex_id": 454, "pop_total": 2149.34, "delta_school": 0.0, "base_school": 10.0, "delta_pharmacy": 3.0, "base_pharmacy": 12.0, "delta_university": null, "base_university": 0.0, "delta_mall": 1.0, "base_mall": 4.0, "net_delta": 4.0, "net_delta_n": 3 }, "geometry": { "type": "Polygon", "coordinates": [ [ [ 18.563251, 54.35102 ], [ 18.565449, 54.353275 ], [ 18.569892, 54.353291 ], [ 18.572136, 54.351052 ], [ 18.569939, 54.348796 ], [ 18.565496, 54.34878 ], [ 18.563251, 54.35102 ] ] ] } },
{ "type": "Feature", "properties": { "hex_id": 455, "pop_total": 470.36, "delta_school": 2.0, "base_school": 8.0, "delta_pharmacy": 2.0, "base_pharmacy": 13.0, "delta_university": null, "base_university": 0.0, "delta_mall": 2.0, "base_mall": 3.0, "net_delta": 6.0, "net_delta_n": 3 }, "geometry": { "type": "Polygon", "coordinates": [ [ [ 18.563299, 54.346525 ], [ 18.565496, 54.34878 ], [ 18.569939, 54.348796 ], [ 18.572183, 54.346557 ], [ 18.569986, 54.344301 ], [ 18.565544, 54.344285 ], [ 18.563299, 54.346525 ] ] ] } },
{ "type": "Feature", "properties": { "hex_id": 456, "pop_total": 1685.96, "delta_school": 2.0, "base_school": 4.0, "delta_pharmacy": 3.0, "base_pharmacy": 9.0, "delta_university": null, "base_university": 0.0, "delta_mall": 2.0, "base_mall": 3.0, "net_delta": 7.0, "net_delta_n": 3 }, "geometry": { "type": "Polygon", "coordinates": [ [ [ 18.563347, 54.34203 ], [ 18.565544, 54.344285 ], [ 18.569986, 54.344301 ], [ 18.57223, 54.342062 ], [ 18.570032, 54.339806 ], [ 18.565591, 54.33979 ], [ 18.563347, 54.34203 ] ] ] } },
{ "type": "Feature", "properties": { "hex_id": 457, "pop_total": 722.01, "delta_school": 0.0, "base_school": 10.0, "delta_pharmacy": 0.0, "base_pharmacy": 16.0, "delta_university": null, "base_university": 0.0, "delta_mall": 0.0, "base_mall": 5.0, "net_delta": 0.0, "net_delta_n": 3 }, "geometry": { "type": "Polygon", "coordinates": [ [ [ 18.563394, 54.337535 ], [ 18.565591, 54.33979 ], [ 18.570032, 54.339806 ], [ 18.572276, 54.337567 ], [ 18.570079, 54.335311 ], [ 18.565638, 54.335296 ], [ 18.563394, 54.337535 ] ] ] } },
{ "type": "Feature", "properties": { "hex_id": 458, "pop_total": 881.77, "delta_school": 1.0, "base_school": 7.0, "delta_pharmacy": 2.0, "base_pharmacy": 18.0, "delta_university": null, "base_university": 0.0, "delta_mall": 1.0, "base_mall": 5.0, "net_delta": 4.0, "net_delta_n": 3 }, "geometry": { "type": "Polygon", "coordinates": [ [ [ 18.563442, 54.33304 ], [ 18.565638, 54.335296 ], [ 18.570079, 54.335311 ], [ 18.572323, 54.333072 ], [ 18.570126, 54.330816 ], [ 18.565686, 54.330801 ], [ 18.563442, 54.33304 ] ] ] } },
{ "type": "Feature", "properties": { "hex_id": 459, "pop_total": 1795.35, "delta_school": 0.0, "base_school": 8.0, "delta_pharmacy": 5.0, "base_pharmacy": 19.0, "delta_university": null, "base_university": 0.0, "delta_mall": 1.0, "base_mall": 5.0, "net_delta": 6.0, "net_delta_n": 3 }, "geometry": { "type": "Polygon", "coordinates": [ [ [ 18.563489, 54.328545 ], [ 18.565686, 54.330801 ], [ 18.570126, 54.330816 ], [ 18.57237, 54.328577 ], [ 18.570173, 54.326322 ], [ 18.565733, 54.326306 ], [ 18.563489, 54.328545 ] ] ] } },
{ "type": "Feature", "properties": { "hex_id": 460, "pop_total": 65.76, "delta_school": 0.0, "base_school": 4.0, "delta_pharmacy": 0.0, "base_pharmacy": 12.0, "delta_university": null, "base_university": 0.0, "delta_mall": 0.0, "base_mall": 5.0, "net_delta": 0.0, "net_delta_n": 3 }, "geometry": { "type": "Polygon", "coordinates": [ [ [ 18.563537, 54.32405 ], [ 18.565733, 54.326306 ], [ 18.570173, 54.326322 ], [ 18.572416, 54.324082 ], [ 18.57022, 54.321827 ], [ 18.565781, 54.321811 ], [ 18.563537, 54.32405 ] ] ] } },
{ "type": "Feature", "properties": { "hex_id": 461, "pop_total": 1371.66, "delta_school": 2.0, "base_school": 6.0, "delta_pharmacy": 0.0, "base_pharmacy": 8.0, "delta_university": null, "base_university": 0.0, "delta_mall": 0.0, "base_mall": 5.0, "net_delta": 2.0, "net_delta_n": 3 }, "geometry": { "type": "Polygon", "coordinates": [ [ [ 18.563585, 54.319555 ], [ 18.565781, 54.321811 ], [ 18.57022, 54.321827 ], [ 18.572463, 54.319587 ], [ 18.570267, 54.317332 ], [ 18.565828, 54.317316 ], [ 18.563585, 54.319555 ] ] ] } },
{ "type": "Feature", "properties": { "hex_id": 462, "pop_total": 1062.48, "delta_school": 0.0, "base_school": 7.0, "delta_pharmacy": 0.0, "base_pharmacy": 8.0, "delta_university": null, "base_university": 0.0, "delta_mall": 0.0, "base_mall": 5.0, "net_delta": 0.0, "net_delta_n": 3 }, "geometry": { "type": "Polygon", "coordinates": [ [ [ 18.563632, 54.31506 ], [ 18.565828, 54.317316 ], [ 18.570267, 54.317332 ], [ 18.57251, 54.315092 ], [ 18.570314, 54.312837 ], [ 18.565875, 54.312821 ], [ 18.563632, 54.31506 ] ] ] } },
{ "type": "Feature", "properties": { "hex_id": 463, "pop_total": 1.54, "delta_school": 0.0, "base_school": 5.0, "delta_pharmacy": 0.0, "base_pharmacy": 6.0, "delta_university": null, "base_university": 0.0, "delta_mall": 0.0, "base_mall": 4.0, "net_delta": 0.0, "net_delta_n": 3 }, "geometry": { "type": "Polygon", "coordinates": [ [ [ 18.56368, 54.310565 ], [ 18.565875, 54.312821 ], [ 18.570314, 54.312837 ], [ 18.572556, 54.310597 ], [ 18.57036, 54.308342 ], [ 18.565922, 54.308326 ], [ 18.56368, 54.310565 ] ] ] } },
{ "type": "Feature", "properties": { "hex_id": 465, "pop_total": 621.98, "delta_school": 0.0, "base_school": 10.0, "delta_pharmacy": -1.0, "base_pharmacy": 17.0, "delta_university": null, "base_university": 0.0, "delta_mall": 0.0, "base_mall": 1.0, "net_delta": -1.0, "net_delta_n": 3 }, "geometry": { "type": "Polygon", "coordinates": [ [ [ 18.569139, 54.425209 ], [ 18.571341, 54.427465 ], [ 18.575792, 54.42748 ], [ 18.57804, 54.425241 ], [ 18.575838, 54.422986 ], [ 18.571388, 54.42297 ], [ 18.569139, 54.425209 ] ] ] } },
{ "type": "Feature", "properties": { "hex_id": 466, "pop_total": 2873.69, "delta_school": 0.0, "base_school": 24.0, "delta_pharmacy": -2.0, "base_pharmacy": 27.0, "delta_university": 0.0, "base_university": 2.0, "delta_mall": 0.0, "base_mall": 3.0, "net_delta": -2.0, "net_delta_n": 4 }, "geometry": { "type": "Polygon", "coordinates": [ [ [ 18.569186, 54.420714 ], [ 18.571388, 54.42297 ], [ 18.575838, 54.422986 ], [ 18.578086, 54.420746 ], [ 18.575884, 54.418491 ], [ 18.571435, 54.418475 ], [ 18.569186, 54.420714 ] ] ] } },
{ "type": "Feature", "properties": { "hex_id": 467, "pop_total": 1303.46, "delta_school": -3.0, "base_school": 34.0, "delta_pharmacy": 0.0, "base_pharmacy": 39.0, "delta_university": 0.0, "base_university": 4.0, "delta_mall": 0.0, "base_mall": 6.0, "net_delta": -3.0, "net_delta_n": 4 }, "geometry": { "type": "Polygon", "coordinates": [ [ [ 18.569233, 54.41622 ], [ 18.571435, 54.418475 ], [ 18.575884, 54.418491 ], [ 18.578132, 54.416251 ], [ 18.575931, 54.413996 ], [ 18.571481, 54.41398 ], [ 18.569233, 54.41622 ] ] ] } },
{ "type": "Feature", "properties": { "hex_id": 468, "pop_total": 905.89, "delta_school": 1.0, "base_school": 26.0, "delta_pharmacy": 1.0, "base_pharmacy": 34.0, "delta_university": 0.0, "base_university": 4.0, "delta_mall": 0.0, "base_mall": 4.0, "net_delta": 2.0, "net_delta_n": 4 }, "geometry": { "type": "Polygon", "coordinates": [ [ [ 18.56928, 54.411725 ], [ 18.571481, 54.41398 ], [ 18.575931, 54.413996 ], [ 18.578179, 54.411756 ], [ 18.575977, 54.409501 ], [ 18.571528, 54.409485 ], [ 18.56928, 54.411725 ] ] ] } },
{ "type": "Feature", "properties": { "hex_id": 469, "pop_total": 837.12, "delta_school": 0.0, "base_school": 19.0, "delta_pharmacy": -1.0, "base_pharmacy": 24.0, "delta_university": 0.0, "base_university": 3.0, "delta_mall": 0.0, "base_mall": 5.0, "net_delta": -1.0, "net_delta_n": 4 }, "geometry": { "type": "Polygon", "coordinates": [ [ [ 18.569327, 54.40723 ], [ 18.571528, 54.409485 ], [ 18.575977, 54.409501 ], [ 18.578225, 54.407261 ], [ 18.576024, 54.405006 ], [ 18.571575, 54.40499 ], [ 18.569327, 54.40723 ] ] ] } },
{ "type": "Feature", "properties": { "hex_id": 470, "pop_total": 323.14, "delta_school": 0.0, "base_school": 21.0, "delta_pharmacy": 0.0, "base_pharmacy": 31.0, "delta_university": 0.0, "base_university": 4.0, "delta_mall": 0.0, "base_mall": 6.0, "net_delta": 0.0, "net_delta_n": 4 }, "geometry": { "type": "Polygon", "coordinates": [ [ [ 18.569375, 54.402735 ], [ 18.571575, 54.40499 ], [ 18.576024, 54.405006 ], [ 18.578271, 54.402766 ], [ 18.57607, 54.400511 ], [ 18.571622, 54.400495 ], [ 18.569375, 54.402735 ] ] ] } },
{ "type": "Feature", "properties": { "hex_id": 471, "pop_total": 103.96, "delta_school": 0.0, "base_school": 25.0, "delta_pharmacy": -1.0, "base_pharmacy": 38.0, "delta_university": 1.0, "base_university": 6.0, "delta_mall": 0.0, "base_mall": 7.0, "net_delta": 0.0, "net_delta_n": 4 }, "geometry": { "type": "Polygon", "coordinates": [ [ [ 18.569422, 54.39824 ], [ 18.571622, 54.400495 ], [ 18.57607, 54.400511 ], [ 18.578317, 54.398271 ], [ 18.576116, 54.396016 ], [ 18.571669, 54.396001 ], [ 18.569422, 54.39824 ] ] ] } },
{ "type": "Feature", "properties": { "hex_id": 472, "pop_total": 248.1, "delta_school": 0.0, "base_school": 25.0, "delta_pharmacy": 0.0, "base_pharmacy": 34.0, "delta_university": 0.0, "base_university": 15.0, "delta_mall": 0.0, "base_mall": 6.0, "net_delta": 0.0, "net_delta_n": 4 }, "geometry": { "type": "Polygon", "coordinates": [ [ [ 18.569469, 54.393745 ], [ 18.571669, 54.396001 ], [ 18.576116, 54.396016 ], [ 18.578363, 54.393777 ], [ 18.576163, 54.391521 ], [ 18.571716, 54.391506 ], [ 18.569469, 54.393745 ] ] ] } },
{ "type": "Feature", "properties": { "hex_id": 473, "pop_total": 1379.53, "delta_school": 1.0, "base_school": 20.0, "delta_pharmacy": 2.0, "base_pharmacy": 25.0, "delta_university": 1.0, "base_university": 10.0, "delta_mall": 0.0, "base_mall": 6.0, "net_delta": 4.0, "net_delta_n": 4 }, "geometry": { "type": "Polygon", "coordinates": [ [ [ 18.569516, 54.38925 ], [ 18.571716, 54.391506 ], [ 18.576163, 54.391521 ], [ 18.578409, 54.389282 ], [ 18.576209, 54.387026 ], [ 18.571762, 54.387011 ], [ 18.569516, 54.38925 ] ] ] } },
{ "type": "Feature", "properties": { "hex_id": 474, "pop_total": 307.57, "delta_school": 0.0, "base_school": 11.0, "delta_pharmacy": -1.0, "base_pharmacy": 16.0, "delta_university": 0.0, "base_university": 4.0, "delta_mall": 1.0, "base_mall": 3.0, "net_delta": 0.0, "net_delta_n": 4 }, "geometry": { "type": "Polygon", "coordinates": [ [ [ 18.569563, 54.384755 ], [ 18.571762, 54.387011 ], [ 18.576209, 54.387026 ], [ 18.578455, 54.384787 ], [ 18.576255, 54.382532 ], [ 18.571809, 54.382516 ], [ 18.569563, 54.384755 ] ] ] } },
{ "type": "Feature", "properties": { "hex_id": 475, "pop_total": 314.75, "delta_school": 1.0, "base_school": 13.0, "delta_pharmacy": 0.0, "base_pharmacy": 23.0, "delta_university": 0.0, "base_university": 1.0, "delta_mall": 2.0, "base_mall": 4.0, "net_delta": 3.0, "net_delta_n": 4 }, "geometry": { "type": "Polygon", "coordinates": [ [ [ 18.56961, 54.380261 ], [ 18.571809, 54.382516 ], [ 18.576255, 54.382532 ], [ 18.578501, 54.380292 ], [ 18.576302, 54.378037 ], [ 18.571856, 54.378021 ], [ 18.56961, 54.380261 ] ] ] } },
{ "type": "Feature", "properties": { "hex_id": 476, "pop_total": 64.09, "delta_school": -1.0, "base_school": 6.0, "delta_pharmacy": -2.0, "base_pharmacy": 19.0, "delta_university": null, "base_university": 0.0, "delta_mall": 0.0, "base_mall": 3.0, "net_delta": -3.0, "net_delta_n": 3 }, "geometry": { "type": "Polygon", "coordinates": [ [ [ 18.569657, 54.375766 ], [ 18.571856, 54.378021 ], [ 18.576302, 54.378037 ], [ 18.578547, 54.375797 ], [ 18.576348, 54.373542 ], [ 18.571903, 54.373526 ], [ 18.569657, 54.375766 ] ] ] } },
{ "type": "Feature", "properties": { "hex_id": 477, "pop_total": 48.33, "delta_school": 0.0, "base_school": 9.0, "delta_pharmacy": 0.0, "base_pharmacy": 12.0, "delta_university": null, "base_university": 0.0, "delta_mall": 0.0, "base_mall": 4.0, "net_delta": 0.0, "net_delta_n": 3 }, "geometry": { "type": "Polygon", "coordinates": [ [ [ 18.569704, 54.371271 ], [ 18.571903, 54.373526 ], [ 18.576348, 54.373542 ], [ 18.578593, 54.371302 ], [ 18.576394, 54.369047 ], [ 18.57195, 54.369031 ], [ 18.569704, 54.371271 ] ] ] } },
{ "type": "Feature", "properties": { "hex_id": 478, "pop_total": 16.75, "delta_school": -3.0, "base_school": 11.0, "delta_pharmacy": 0.0, "base_pharmacy": 12.0, "delta_university": null, "base_university": 0.0, "delta_mall": -1.0, "base_mall": 4.0, "net_delta": -4.0, "net_delta_n": 3 }, "geometry": { "type": "Polygon", "coordinates": [ [ [ 18.569751, 54.366776 ], [ 18.57195, 54.369031 ], [ 18.576394, 54.369047 ], [ 18.578639, 54.366807 ], [ 18.57644, 54.364552 ], [ 18.571996, 54.364536 ], [ 18.569751, 54.366776 ] ] ] } },
{ "type": "Feature", "properties": { "hex_id": 479, "pop_total": 522.45, "delta_school": 0.0, "base_school": 14.0, "delta_pharmacy": -1.0, "base_pharmacy": 20.0, "delta_university": null, "base_university": 0.0, "delta_mall": -1.0, "base_mall": 5.0, "net_delta": -2.0, "net_delta_n": 3 }, "geometry": { "type": "Polygon", "coordinates": [ [ [ 18.569798, 54.362281 ], [ 18.571996, 54.364536 ], [ 18.57644, 54.364552 ], [ 18.578685, 54.362312 ], [ 18.576487, 54.360057 ], [ 18.572043, 54.360041 ], [ 18.569798, 54.362281 ] ] ] } },
{ "type": "Feature", "properties": { "hex_id": 480, "pop_total": 2551.66, "delta_school": -1.0, "base_school": 16.0, "delta_pharmacy": 1.0, "base_pharmacy": 20.0, "delta_university": null, "base_university": 0.0, "delta_mall": 0.0, "base_mall": 5.0, "net_delta": 0.0, "net_delta_n": 3 }, "geometry": { "type": "Polygon", "coordinates": [ [ [ 18.569845, 54.357786 ], [ 18.572043, 54.360041 ], [ 18.576487, 54.360057 ], [ 18.578731, 54.357817 ], [ 18.576533, 54.355562 ], [ 18.57209, 54.355546 ], [ 18.569845, 54.357786 ] ] ] } },
{ "type": "Feature", "properties": { "hex_id": 481, "pop_total": 2280.94, "delta_school": 2.0, "base_school": 12.0, "delta_pharmacy": 2.0, "base_pharmacy": 15.0, "delta_university": null, "base_university": 0.0, "delta_mall": 0.0, "base_mall": 5.0, "net_delta": 4.0, "net_delta_n": 3 }, "geometry": { "type": "Polygon", "coordinates": [ [ [ 18.569892, 54.353291 ], [ 18.57209, 54.355546 ], [ 18.576533, 54.355562 ], [ 18.578777, 54.353322 ], [ 18.576579, 54.351067 ], [ 18.572136, 54.351052 ], [ 18.569892, 54.353291 ] ] ] } },
{ "type": "Feature", "properties": { "hex_id": 482, "pop_total": 678.01, "delta_school": 3.0, "base_school": 11.0, "delta_pharmacy": 3.0, "base_pharmacy": 13.0, "delta_university": null, "base_university": 0.0, "delta_mall": 1.0, "base_mall": 4.0, "net_delta": 7.0, "net_delta_n": 3 }, "geometry": { "type": "Polygon", "coordinates": [ [ [ 18.569939, 54.348796 ], [ 18.572136, 54.351052 ], [ 18.576579, 54.351067 ], [ 18.578823, 54.348828 ], [ 18.576625, 54.346572 ], [ 18.572183, 54.346557 ], [ 18.569939, 54.348796 ] ] ] } },
{ "type": "Feature", "properties": { "hex_id": 483, "pop_total": 161.13, "delta_school": 1.0, "base_school": 3.0, "delta_pharmacy": 2.0, "base_pharmacy": 3.0, "delta_university": null, "base_university": 0.0, "delta_mall": 1.0, "base_mall": 2.0, "net_delta": 4.0, "net_delta_n": 3 }, "geometry": { "type": "Polygon", "coordinates": [ [ [ 18.569986, 54.344301 ], [ 18.572183, 54.346557 ], [ 18.576625, 54.346572 ], [ 18.578869, 54.344333 ], [ 18.576671, 54.342077 ], [ 18.57223, 54.342062 ], [ 18.569986, 54.344301 ] ] ] } },
{ "type": "Feature", "properties": { "hex_id": 484, "pop_total": 159.27, "delta_school": 1.0, "base_school": 8.0, "delta_pharmacy": 1.0, "base_pharmacy": 12.0, "delta_university": null, "base_university": 0.0, "delta_mall": -1.0, "base_mall": 5.0, "net_delta": 1.0, "net_delta_n": 3 }, "geometry": { "type": "Polygon", "coordinates": [ [ [ 18.570032, 54.339806 ], [ 18.57223, 54.342062 ], [ 18.576671, 54.342077 ], [ 18.578915, 54.339838 ], [ 18.576718, 54.337582 ], [ 18.572276, 54.337567 ], [ 18.570032, 54.339806 ] ] ] } },
{ "type": "Feature", "properties": { "hex_id": 485, "pop_total": 157.52, "delta_school": 1.0, "base_school": 2.0, "delta_pharmacy": 2.0, "base_pharmacy": 3.0, "delta_university": null, "base_university": 0.0, "delta_mall": 0.0, "base_mall": 3.0, "net_delta": 3.0, "net_delta_n": 3 }, "geometry": { "type": "Polygon", "coordinates": [ [ [ 18.570079, 54.335311 ], [ 18.572276, 54.337567 ], [ 18.576718, 54.337582 ], [ 18.578961, 54.335343 ], [ 18.576764, 54.333088 ], [ 18.572323, 54.333072 ], [ 18.570079, 54.335311 ] ] ] } },
{ "type": "Feature", "properties": { "hex_id": 486, "pop_total": 454.82, "delta_school": 0.0, "base_school": 11.0, "delta_pharmacy": 0.0, "base_pharmacy": 23.0, "delta_university": null, "base_university": 0.0, "delta_mall": 1.0, "base_mall": 6.0, "net_delta": 1.0, "net_delta_n": 3 }, "geometry": { "type": "Polygon", "coordinates": [ [ [ 18.570126, 54.330816 ], [ 18.572323, 54.333072 ], [ 18.576764, 54.333088 ], [ 18.579007, 54.330848 ], [ 18.57681, 54.328593 ], [ 18.57237, 54.328577 ], [ 18.570126, 54.330816 ] ] ] } },
{ "type": "Feature", "properties": { "hex_id": 487, "pop_total": 368.52, "delta_school": 1.0, "base_school": 5.0, "delta_pharmacy": 0.0, "base_pharmacy": 11.0, "delta_university": null, "base_university": 0.0, "delta_mall": 0.0, "base_mall": 4.0, "net_delta": 1.0, "net_delta_n": 3 }, "geometry": { "type": "Polygon", "coordinates": [ [ [ 18.570173, 54.326322 ], [ 18.57237, 54.328577 ], [ 18.57681, 54.328593 ], [ 18.579053, 54.326353 ], [ 18.576856, 54.324098 ], [ 18.572416, 54.324082 ], [ 18.570173, 54.326322 ] ] ] } },
{ "type": "Feature", "properties": { "hex_id": 488, "pop_total": 2438.95, "delta_school": 0.0, "base_school": 6.0, "delta_pharmacy": -2.0, "base_pharmacy": 10.0, "delta_university": null, "base_university": 0.0, "delta_mall": 0.0, "base_mall": 3.0, "net_delta": -2.0, "net_delta_n": 3 }, "geometry": { "type": "Polygon", "coordinates": [ [ [ 18.57022, 54.321827 ], [ 18.572416, 54.324082 ], [ 18.576856, 54.324098 ], [ 18.579099, 54.321858 ], [ 18.576902, 54.319603 ], [ 18.572463, 54.319587 ], [ 18.57022, 54.321827 ] ] ] } },
{ "type": "Feature", "properties": { "hex_id": 489, "pop_total": 972.6, "delta_school": 0.0, "base_school": 7.0, "delta_pharmacy": 0.0, "base_pharmacy": 5.0, "delta_university": null, "base_university": 0.0, "delta_mall": 0.0, "base_mall": 5.0, "net_delta": 0.0, "net_delta_n": 3 }, "geometry": { "type": "Polygon", "coordinates": [ [ [ 18.570267, 54.317332 ], [ 18.572463, 54.319587 ], [ 18.576902, 54.319603 ], [ 18.579145, 54.317363 ], [ 18.576948, 54.315108 ], [ 18.57251, 54.315092 ], [ 18.570267, 54.317332 ] ] ] } },
{ "type": "Feature", "properties": { "hex_id": 490, "pop_total": 174.27, "delta_school": 0.0, "base_school": 6.0, "delta_pharmacy": 0.0, "base_pharmacy": 9.0, "delta_university": null, "base_university": 0.0, "delta_mall": 0.0, "base_mall": 4.0, "net_delta": 0.0, "net_delta_n": 3 }, "geometry": { "type": "Polygon", "coordinates": [ [ [ 18.570314, 54.312837 ], [ 18.57251, 54.315092 ], [ 18.576948, 54.315108 ], [ 18.579191, 54.312868 ], [ 18.576994, 54.310613 ], [ 18.572556, 54.310597 ], [ 18.570314, 54.312837 ] ] ] } },
{ "type": "Feature", "properties": { "hex_id": 493, "pop_total": 63.14, "delta_school": 0.0, "base_school": 12.0, "delta_pharmacy": -2.0, "base_pharmacy": 14.0, "delta_university": null, "base_university": 0.0, "delta_mall": 0.0, "base_mall": 1.0, "net_delta": -2.0, "net_delta_n": 3 }, "geometry": { "type": "Polygon", "coordinates": [ [ [ 18.575792, 54.42748 ], [ 18.577994, 54.429736 ], [ 18.582445, 54.429751 ], [ 18.584693, 54.427511 ], [ 18.582491, 54.425256 ], [ 18.57804, 54.425241 ], [ 18.575792, 54.42748 ] ] ] } },
{ "type": "Feature", "properties": { "hex_id": 494, "pop_total": 3806.17, "delta_school": -2.0, "base_school": 29.0, "delta_pharmacy": -4.0, "base_pharmacy": 29.0, "delta_university": 0.0, "base_university": 2.0, "delta_mall": -1.0, "base_mall": 5.0, "net_delta": -7.0, "net_delta_n": 4 }, "geometry": { "type": "Polygon", "coordinates": [ [ [ 18.575838, 54.422986 ], [ 18.57804, 54.425241 ], [ 18.582491, 54.425256 ], [ 18.584739, 54.423016 ], [ 18.582536, 54.420761 ], [ 18.578086, 54.420746 ], [ 18.575838, 54.422986 ] ] ] } },
{ "type": "Feature", "properties": { "hex_id": 495, "pop_total": 3877.08, "delta_school": -7.0, "base_school": 42.0, "delta_pharmacy": -1.0, "base_pharmacy": 43.0, "delta_university": 0.0, "base_university": 4.0, "delta_mall": 0.0, "base_mall": 7.0, "net_delta": -8.0, "net_delta_n": 4 }, "geometry": { "type": "Polygon", "coordinates": [ [ [ 18.575884, 54.418491 ], [ 18.578086, 54.420746 ], [ 18.582536, 54.420761 ], [ 18.584784, 54.418522 ], [ 18.582582, 54.416266 ], [ 18.578132, 54.416251 ], [ 18.575884, 54.418491 ] ] ] } },
{ "type": "Feature", "properties": { "hex_id": 496, "pop_total": 2113.94, "delta_school": -2.0, "base_school": 30.0, "delta_pharmacy": -3.0, "base_pharmacy": 32.0, "delta_university": 0.0, "base_university": 2.0, "delta_mall": -1.0, "base_mall": 6.0, "net_delta": -6.0, "net_delta_n": 4 }, "geometry": { "type": "Polygon", "coordinates": [ [ [ 18.575931, 54.413996 ], [ 18.578132, 54.416251 ], [ 18.582582, 54.416266 ], [ 18.58483, 54.414027 ], [ 18.582628, 54.411772 ], [ 18.578179, 54.411756 ], [ 18.575931, 54.413996 ] ] ] } },
{ "type": "Feature", "properties": { "hex_id": 497, "pop_total": 2171.33, "delta_school": -7.0, "base_school": 34.0, "delta_pharmacy": 4.0, "base_pharmacy": 36.0, "delta_university": null, "base_university": 0.0, "delta_mall": 0.0, "base_mall": 7.0, "net_delta": -3.0, "net_delta_n": 3 }, "geometry": { "type": "Polygon", "coordinates": [ [ [ 18.575977, 54.409501 ], [ 18.578179, 54.411756 ], [ 18.582628, 54.411772 ], [ 18.584875, 54.409532 ], [ 18.582673, 54.407277 ], [ 18.578225, 54.407261 ], [ 18.575977, 54.409501 ] ] ] } },
{ "type": "Feature", "properties": { "hex_id": 498, "pop_total": 3403.63, "delta_school": 0.0, "base_school": 20.0, "delta_pharmacy": -2.0, "base_pharmacy": 34.0, "delta_university": 0.0, "base_university": 4.0, "delta_mall": -1.0, "base_mall": 8.0, "net_delta": -3.0, "net_delta_n": 4 }, "geometry": { "type": "Polygon", "coordinates": [ [ [ 18.576024, 54.405006 ], [ 18.578225, 54.407261 ], [ 18.582673, 54.407277 ], [ 18.58492, 54.405037 ], [ 18.582719, 54.402782 ], [ 18.578271, 54.402766 ], [ 18.576024, 54.405006 ] ] ] } },
{ "type": "Feature", "properties": { "hex_id": 499, "pop_total": 1842.65, "delta_school": 0.0, "base_school": 23.0, "delta_pharmacy": -2.0, "base_pharmacy": 41.0, "delta_university": 0.0, "base_university": 4.0, "delta_mall": 1.0, "base_mall": 8.0, "net_delta": -1.0, "net_delta_n": 4 }, "geometry": { "type": "Polygon", "coordinates": [ [ [ 18.57607, 54.400511 ], [ 18.578271, 54.402766 ], [ 18.582719, 54.402782 ], [ 18.584966, 54.400542 ], [ 18.582765, 54.398287 ], [ 18.578317, 54.398271 ], [ 18.57607, 54.400511 ] ] ] } },
{ "type": "Feature", "properties": { "hex_id": 500, "pop_total": 168.99, "delta_school": 0.0, "base_school": 15.0, "delta_pharmacy": 0.0, "base_pharmacy": 26.0, "delta_university": 0.0, "base_university": 4.0, "delta_mall": 0.0, "base_mall": 7.0, "net_delta": 0.0, "net_delta_n": 4 }, "geometry": { "type": "Polygon", "coordinates": [ [ [ 18.576116, 54.396016 ], [ 18.578317, 54.398271 ], [ 18.582765, 54.398287 ], [ 18.585011, 54.396047 ], [ 18.58281, 54.393792 ], [ 18.578363, 54.393777 ], [ 18.576116, 54.396016 ] ] ] } },
{ "type": "Feature", "properties": { "hex_id": 501, "pop_total": 220.22, "delta_school": 0.0, "base_school": 21.0, "delta_pharmacy": 1.0, "base_pharmacy": 29.0, "delta_university": 4.0, "base_university": 10.0, "delta_mall": 0.0, "base_mall": 6.0, "net_delta": 5.0, "net_delta_n": 4 }, "geometry": { "type": "Polygon", "coordinates": [ [ [ 18.576163, 54.391521 ], [ 18.578363, 54.393777 ], [ 18.58281, 54.393792 ], [ 18.585057, 54.391552 ], [ 18.582856, 54.389297 ], [ 18.578409, 54.389282 ], [ 18.576163, 54.391521 ] ] ] } },
{ "type": "Feature", "properties": { "hex_id": 502, "pop_total": 2297.43, "delta_school": 1.0, "base_school": 33.0, "delta_pharmacy": 1.0, "base_pharmacy": 38.0, "delta_university": 0.0, "base_university": 32.0, "delta_mall": 0.0, "base_mall": 6.0, "net_delta": 2.0, "net_delta_n": 4 }, "geometry": { "type": "Polygon", "coordinates": [ [ [ 18.576209, 54.387026 ], [ 18.578409, 54.389282 ], [ 18.582856, 54.389297 ], [ 18.585102, 54.387057 ], [ 18.582901, 54.384802 ], [ 18.578455, 54.384787 ], [ 18.576209, 54.387026 ] ] ] } },
{ "type": "Feature", "properties": { "hex_id": 503, "pop_total": 1314.59, "delta_school": -2.0, "base_school": 20.0, "delta_pharmacy": -2.0, "base_pharmacy": 25.0, "delta_university": 1.0, "base_university": 7.0, "delta_mall": 0.0, "base_mall": 6.0, "net_delta": -3.0, "net_delta_n": 4 }, "geometry": { "type": "Polygon", "coordinates": [ [ [ 18.576255, 54.382532 ], [ 18.578455, 54.384787 ], [ 18.582901, 54.384802 ], [ 18.585147, 54.382562 ], [ 18.582947, 54.380307 ], [ 18.578501, 54.380292 ], [ 18.576255, 54.382532 ] ] ] } },
{ "type": "Feature", "properties": { "hex_id": 504, "pop_total": 1731.13, "delta_school": -5.0, "base_school": 31.0, "delta_pharmacy": -1.0, "base_pharmacy": 41.0, "delta_university": -5.0, "base_university": 21.0, "delta_mall": 0.0, "base_mall": 10.0, "net_delta": -11.0, "net_delta_n": 4 }, "geometry": { "type": "Polygon", "coordinates": [ [ [ 18.576302, 54.378037 ], [ 18.578501, 54.380292 ], [ 18.582947, 54.380307 ], [ 18.585193, 54.378068 ], [ 18.582993, 54.375812 ], [ 18.578547, 54.375797 ], [ 18.576302, 54.378037 ] ] ] } },
{ "type": "Feature", "properties": { "hex_id": 505, "pop_total": 29.64, "delta_school": -2.0, "base_school": 7.0, "delta_pharmacy": -3.0, "base_pharmacy": 16.0, "delta_university": null, "base_university": 0.0, "delta_mall": 0.0, "base_mall": 2.0, "net_delta": -5.0, "net_delta_n": 3 }, "geometry": { "type": "Polygon", "coordinates": [ [ [ 18.576348, 54.373542 ], [ 18.578547, 54.375797 ], [ 18.582993, 54.375812 ], [ 18.585238, 54.373573 ], [ 18.583038, 54.371318 ], [ 18.578593, 54.371302 ], [ 18.576348, 54.373542 ] ] ] } },
{ "type": "Feature", "properties": { "hex_id": 507, "pop_total": 411.61, "delta_school": -2.0, "base_school": 10.0, "delta_pharmacy": 4.0, "base_pharmacy": 13.0, "delta_university": null, "base_university": 0.0, "delta_mall": 1.0, "base_mall": 3.0, "net_delta": 3.0, "net_delta_n": 3 }, "geometry": { "type": "Polygon", "coordinates": [ [ [ 18.57644, 54.364552 ], [ 18.578639, 54.366807 ], [ 18.583084, 54.366823 ], [ 18.585328, 54.364583 ], [ 18.583129, 54.362328 ], [ 18.578685, 54.362312 ], [ 18.57644, 54.364552 ] ] ] } },
{ "type": "Feature", "properties": { "hex_id": 508, "pop_total": 3153.3, "delta_school": -2.0, "base_school": 21.0, "delta_pharmacy": 0.0, "base_pharmacy": 28.0, "delta_university": null, "base_university": 0.0, "delta_mall": 0.0, "base_mall": 6.0, "net_delta": -2.0, "net_delta_n": 3 }, "geometry": { "type": "Polygon", "coordinates": [ [ [ 18.576487, 54.360057 ], [ 18.578685, 54.362312 ], [ 18.583129, 54.362328 ], [ 18.585374, 54.360088 ], [ 18.583175, 54.357833 ], [ 18.578731, 54.357817 ], [ 18.576487, 54.360057 ] ] ] } },
{ "type": "Feature", "properties": { "hex_id": 509, "pop_total": 3170.78, "delta_school": 0.0, "base_school": 23.0, "delta_pharmacy": 1.0, "base_pharmacy": 31.0, "delta_university": null, "base_university": 0.0, "delta_mall": 0.0, "base_mall": 8.0, "net_delta": 1.0, "net_delta_n": 3 }, "geometry": { "type": "Polygon", "coordinates": [ [ [ 18.576533, 54.355562 ], [ 18.578731, 54.357817 ], [ 18.583175, 54.357833 ], [ 18.585419, 54.355593 ], [ 18.58322, 54.353338 ], [ 18.578777, 54.353322 ], [ 18.576533, 54.355562 ] ] ] } },
{ "type": "Feature", "properties": { "hex_id": 510, "pop_total": 1602.02, "delta_school": 1.0, "base_school": 10.0, "delta_pharmacy": 2.0, "base_pharmacy": 12.0, "delta_university": null, "base_university": 0.0, "delta_mall": 1.0, "base_mall": 4.0, "net_delta": 4.0, "net_delta_n": 3 }, "geometry": { "type": "Polygon", "coordinates": [ [ [ 18.576579, 54.351067 ], [ 18.578777, 54.353322 ], [ 18.58322, 54.353338 ], [ 18.585464, 54.351098 ], [ 18.583266, 54.348843 ], [ 18.578823, 54.348828 ], [ 18.576579, 54.351067 ] ] ] } },
{ "type": "Feature", "properties": { "hex_id": 511, "pop_total": 637.21, "delta_school": -1.0, "base_school": 8.0, "delta_pharmacy": 0.0, "base_pharmacy": 11.0, "delta_university": null, "base_university": 0.0, "delta_mall": 0.0, "base_mall": 3.0, "net_delta": -1.0, "net_delta_n": 3 }, "geometry": { "type": "Polygon", "coordinates": [ [ [ 18.576625, 54.346572 ], [ 18.578823, 54.348828 ], [ 18.583266, 54.348843 ], [ 18.585509, 54.346603 ], [ 18.583311, 54.344348 ], [ 18.578869, 54.344333 ], [ 18.576625, 54.346572 ] ] ] } },
{ "type": "Feature", "properties": { "hex_id": 512, "pop_total": 429.41, "delta_school": 2.0, "base_school": 2.0, "delta_pharmacy": 2.0, "base_pharmacy": 1.0, "delta_university": null, "base_university": 0.0, "delta_mall": 0.0, "base_mall": 2.0, "net_delta": 4.0, "net_delta_n": 3 }, "geometry": { "type": "Polygon", "coordinates": [ [ [ 18.576671, 54.342077 ], [ 18.578869, 54.344333 ], [ 18.583311, 54.344348 ], [ 18.585555, 54.342108 ], [ 18.583357, 54.339853 ], [ 18.578915, 54.339838 ], [ 18.576671, 54.342077 ] ] ] } },
{ "type": "Feature", "properties": { "hex_id": 513, "pop_total": 504.56, "delta_school": 0.0, "base_school": 2.0, "delta_pharmacy": 0.0, "base_pharmacy": 3.0, "delta_university": null, "base_university": 0.0, "delta_mall": 1.0, "base_mall": 1.0, "net_delta": 1.0, "net_delta_n": 3 }, "geometry": { "type": "Polygon", "coordinates": [ [ [ 18.576718, 54.337582 ], [ 18.578915, 54.339838 ], [ 18.583357, 54.339853 ], [ 18.5856, 54.337613 ], [ 18.583402, 54.335358 ], [ 18.578961, 54.335343 ], [ 18.576718, 54.337582 ] ] ] } },
{ "type": "Feature", "properties": { "hex_id": 514, "pop_total": 1188.21, "delta_school": 1.0, "base_school": 8.0, "delta_pharmacy": 2.0, "base_pharmacy": 17.0, "delta_university": null, "base_university": 0.0, "delta_mall": 1.0, "base_mall": 6.0, "net_delta": 4.0, "net_delta_n": 3 }, "geometry": { "type": "Polygon", "coordinates": [ [ [ 18.576764, 54.333088 ], [ 18.578961, 54.335343 ], [ 18.583402, 54.335358 ], [ 18.585645, 54.333118 ], [ 18.583447, 54.330863 ], [ 18.579007, 54.330848 ], [ 18.576764, 54.333088 ] ] ] } },
{ "type": "Feature", "properties": { "hex_id": 515, "pop_total": 3438.39, "delta_school": 1.0, "base_school": 8.0, "delta_pharmacy": 0.0, "base_pharmacy": 17.0, "delta_university": null, "base_university": 0.0, "delta_mall": 0.0, "base_mall": 6.0, "net_delta": 1.0, "net_delta_n": 3 }, "geometry": { "type": "Polygon", "coordinates": [ [ [ 18.57681, 54.328593 ], [ 18.579007, 54.330848 ], [ 18.583447, 54.330863 ], [ 18.58569, 54.328623 ], [ 18.583493, 54.326368 ], [ 18.579053, 54.326353 ], [ 18.57681, 54.328593 ] ] ] } },
{ "type": "Feature", "properties": { "hex_id": 516, "pop_total": 694.25, "delta_school": 0.0, "base_school": 5.0, "delta_pharmacy": -1.0, "base_pharmacy": 6.0, "delta_university": null, "base_university": 0.0, "delta_mall": 0.0, "base_mall": 2.0, "net_delta": -1.0, "net_delta_n": 3 }, "geometry": { "type": "Polygon", "coordinates": [ [ [ 18.576856, 54.324098 ], [ 18.579053, 54.326353 ], [ 18.583493, 54.326368 ], [ 18.585735, 54.324128 ], [ 18.583538, 54.321873 ], [ 18.579099, 54.321858 ], [ 18.576856, 54.324098 ] ] ] } },
{ "type": "Feature", "properties": { "hex_id": 517, "pop_total": 2581.65, "delta_school": 0.0, "base_school": 6.0, "delta_pharmacy": -1.0, "base_pharmacy": 7.0, "delta_university": null, "base_university": 0.0, "delta_mall": 0.0, "base_mall": 2.0, "net_delta": -1.0, "net_delta_n": 3 }, "geometry": { "type": "Polygon", "coordinates": [ [ [ 18.576902, 54.319603 ], [ 18.579099, 54.321858 ], [ 18.583538, 54.321873 ], [ 18.585781, 54.319633 ], [ 18.583584, 54.317378 ], [ 18.579145, 54.317363 ], [ 18.576902, 54.319603 ] ] ] } },
{ "type": "Feature", "properties": { "hex_id": 518, "pop_total": 388.08, "delta_school": 0.0, "base_school": 5.0, "delta_pharmacy": 0.0, "base_pharmacy": 7.0, "delta_university": null, "base_university": 0.0, "delta_mall": 0.0, "base_mall": 3.0, "net_delta": 0.0, "net_delta_n": 3 }, "geometry": { "type": "Polygon", "coordinates": [ [ [ 18.576948, 54.315108 ], [ 18.579145, 54.317363 ], [ 18.583584, 54.317378 ], [ 18.585826, 54.315139 ], [ 18.583629, 54.312883 ], [ 18.579191, 54.312868 ], [ 18.576948, 54.315108 ] ] ] } },
{ "type": "Feature", "properties": { "hex_id": 519, "pop_total": 58.25, "delta_school": 0.0, "base_school": 1.0, "delta_pharmacy": -1.0, "base_pharmacy": 4.0, "delta_university": null, "base_university": 0.0, "delta_mall": 0.0, "base_mall": 3.0, "net_delta": -1.0, "net_delta_n": 3 }, "geometry": { "type": "Polygon", "coordinates": [ [ [ 18.576994, 54.310613 ], [ 18.579191, 54.312868 ], [ 18.583629, 54.312883 ], [ 18.585871, 54.310644 ], [ 18.583674, 54.308388 ], [ 18.579236, 54.308373 ], [ 18.576994, 54.310613 ] ] ] } },
{ "type": "Feature", "properties": { "hex_id": 520, "pop_total": 849.77, "delta_school": 0.0, "base_school": 6.0, "delta_pharmacy": -2.0, "base_pharmacy": 8.0, "delta_university": null, "base_university": 0.0, "delta_mall": 0.0, "base_mall": 3.0, "net_delta": -2.0, "net_delta_n": 3 }, "geometry": { "type": "Polygon", "coordinates": [ [ [ 18.57704, 54.306118 ], [ 18.579236, 54.308373 ], [ 18.583674, 54.308388 ], [ 18.585916, 54.306149 ], [ 18.58372, 54.303894 ], [ 18.579282, 54.303878 ], [ 18.57704, 54.306118 ] ] ] } },
{ "type": "Feature", "properties": { "hex_id": 521, "pop_total": 258.95, "delta_school": 0.0, "base_school": 3.0, "delta_pharmacy": 0.0, "base_pharmacy": 1.0, "delta_university": null, "base_university": 0.0, "delta_mall": 0.0, "base_mall": 1.0, "net_delta": 0.0, "net_delta_n": 3 }, "geometry": { "type": "Polygon", "coordinates": [ [ [ 18.577087, 54.301623 ], [ 18.579282, 54.303878 ], [ 18.58372, 54.303894 ], [ 18.585961, 54.301654 ], [ 18.583765, 54.299399 ], [ 18.579328, 54.299383 ], [ 18.577087, 54.301623 ] ] ] } },
{ "type": "Feature", "properties": { "hex_id": 522, "pop_total": 13.83, "delta_school": 0.0, "base_school": 12.0, "delta_pharmacy": 0.0, "base_pharmacy": 10.0, "delta_university": null, "base_university": 0.0, "delta_mall": null, "base_mall": 0.0, "net_delta": 0.0, "net_delta_n": 2 }, "geometry": { "type": "Polygon", "coordinates": [ [ [ 18.582445, 54.429751 ], [ 18.584648, 54.432006 ], [ 18.589099, 54.432021 ], [ 18.591347, 54.429782 ], [ 18.589144, 54.427527 ], [ 18.584693, 54.427511 ], [ 18.582445, 54.429751 ] ] ] } },
{ "type": "Feature", "properties": { "hex_id": 523, "pop_total": 598.64, "delta_school": 0.0, "base_school": 14.0, "delta_pharmacy": -2.0, "base_pharmacy": 17.0, "delta_university": null, "base_university": 0.0, "delta_mall": 0.0, "base_mall": 2.0, "net_delta": -2.0, "net_delta_n": 3 }, "geometry": { "type": "Polygon", "coordinates": [ [ [ 18.582491, 54.425256 ], [ 18.584693, 54.427511 ], [ 18.589144, 54.427527 ], [ 18.591392, 54.425287 ], [ 18.589189, 54.423032 ], [ 18.584739, 54.423016 ], [ 18.582491, 54.425256 ] ] ] } },
{ "type": "Feature", "properties": { "hex_id": 524, "pop_total": 1067.23, "delta_school": -4.0, "base_school": 43.0, "delta_pharmacy": 0.0, "base_pharmacy": 43.0, "delta_university": 0.0, "base_university": 3.0, "delta_mall": 0.0, "base_mall": 7.0, "net_delta": -4.0, "net_delta_n": 4 }, "geometry": { "type": "Polygon", "coordinates": [ [ [ 18.582536, 54.420761 ], [ 18.584739, 54.423016 ], [ 18.589189, 54.423032 ], [ 18.591437, 54.420792 ], [ 18.589234, 54.418537 ], [ 18.584784, 54.418522 ], [ 18.582536, 54.420761 ] ] ] } },
{ "type": "Feature", "properties": { "hex_id": 525, "pop_total": 2483.57, "delta_school": -1.0, "base_school": 47.0, "delta_pharmacy": 0.0, "base_pharmacy": 50.0, "delta_university": 0.0, "base_university": 3.0, "delta_mall": -1.0, "base_mall": 9.0, "net_delta": -2.0, "net_delta_n": 4 }, "geometry": { "type": "Polygon", "coordinates": [ [ [ 18.582582, 54.416266 ], [ 18.584784, 54.418522 ], [ 18.589234, 54.418537 ], [ 18.591481, 54.416297 ], [ 18.589279, 54.414042 ], [ 18.58483, 54.414027 ], [ 18.582582, 54.416266 ] ] ] } },
{ "type": "Feature", "properties": { "hex_id": 526, "pop_total": 2566.6, "delta_school": -3.0, "base_school": 47.0, "delta_pharmacy": 0.0, "base_pharmacy": 52.0, "delta_university": 0.0, "base_university": 2.0, "delta_mall": 0.0, "base_mall": 9.0, "net_delta": -3.0, "net_delta_n": 4 }, "geometry": { "type": "Polygon", "coordinates": [ [ [ 18.582628, 54.411772 ], [ 18.58483, 54.414027 ], [ 18.589279, 54.414042 ], [ 18.591526, 54.411802 ], [ 18.589324, 54.409547 ], [ 18.584875, 54.409532 ], [ 18.582628, 54.411772 ] ] ] } },
{ "type": "Feature", "properties": { "hex_id": 527, "pop_total": 2369.82, "delta_school": -1.0, "base_school": 38.0, "delta_pharmacy": -2.0, "base_pharmacy": 49.0, "delta_university": -1.0, "base_university": 2.0, "delta_mall": -1.0, "base_mall": 9.0, "net_delta": -5.0, "net_delta_n": 4 }, "geometry": { "type": "Polygon", "coordinates": [ [ [ 18.582673, 54.407277 ], [ 18.584875, 54.409532 ], [ 18.589324, 54.409547 ], [ 18.591571, 54.407307 ], [ 18.589369, 54.405052 ], [ 18.58492, 54.405037 ], [ 18.582673, 54.407277 ] ] ] } },
{ "type": "Feature", "properties": { "hex_id": 528, "pop_total": 2016.95, "delta_school": -1.0, "base_school": 37.0, "delta_pharmacy": 0.0, "base_pharmacy": 49.0, "delta_university": 0.0, "base_university": 4.0, "delta_mall": 0.0, "base_mall": 10.0, "net_delta": -1.0, "net_delta_n": 4 }, "geometry": { "type": "Polygon", "coordinates": [ [ [ 18.582719, 54.402782 ], [ 18.58492, 54.405037 ], [ 18.589369, 54.405052 ], [ 18.591615, 54.402812 ], [ 18.589414, 54.400557 ], [ 18.584966, 54.400542 ], [ 18.582719, 54.402782 ] ] ] } },
{ "type": "Feature", "properties": { "hex_id": 529, "pop_total": 503.86, "delta_school": 1.0, "base_school": 19.0, "delta_pharmacy": 0.0, "base_pharmacy": 31.0, "delta_university": 0.0, "base_university": 2.0, "delta_mall": 0.0, "base_mall": 6.0, "net_delta": 1.0, "net_delta_n": 4 }, "geometry": { "type": "Polygon", "coordinates": [ [ [ 18.582765, 54.398287 ], [ 18.584966, 54.400542 ], [ 18.589414, 54.400557 ], [ 18.59166, 54.398317 ], [ 18.589459, 54.396062 ], [ 18.585011, 54.396047 ], [ 18.582765, 54.398287 ] ] ] } },
{ "type": "Feature", "properties": { "hex_id": 530, "pop_total": 1795.39, "delta_school": -4.0, "base_school": 25.0, "delta_pharmacy": 0.0, "base_pharmacy": 43.0, "delta_university": 0.0, "base_university": 1.0, "delta_mall": -1.0, "base_mall": 9.0, "net_delta": -5.0, "net_delta_n": 4 }, "geometry": { "type": "Polygon", "coordinates": [ [ [ 18.58281, 54.393792 ], [ 18.585011, 54.396047 ], [ 18.589459, 54.396062 ], [ 18.591705, 54.393822 ], [ 18.589504, 54.391567 ], [ 18.585057, 54.391552 ], [ 18.58281, 54.393792 ] ] ] } },
{ "type": "Feature", "properties": { "hex_id": 531, "pop_total": 967.78, "delta_school": 0.0, "base_school": 39.0, "delta_pharmacy": -1.0, "base_pharmacy": 53.0, "delta_university": 0.0, "base_university": 34.0, "delta_mall": 0.0, "base_mall": 10.0, "net_delta": -1.0, "net_delta_n": 4 }, "geometry": { "type": "Polygon", "coordinates": [ [ [ 18.582856, 54.389297 ], [ 18.585057, 54.391552 ], [ 18.589504, 54.391567 ], [ 18.591749, 54.389328 ], [ 18.589548, 54.387073 ], [ 18.585102, 54.387057 ], [ 18.582856, 54.389297 ] ] ] } },
{ "type": "Feature", "properties": { "hex_id": 532, "pop_total": 2170.71, "delta_school": 2.0, "base_school": 27.0, "delta_pharmacy": 1.0, "base_pharmacy": 34.0, "delta_university": 1.0, "base_university": 30.0, "delta_mall": 0.0, "base_mall": 6.0, "net_delta": 4.0, "net_delta_n": 4 }, "geometry": { "type": "Polygon", "coordinates": [ [ [ 18.582901, 54.384802 ], [ 18.585102, 54.387057 ], [ 18.589548, 54.387073 ], [ 18.591794, 54.384833 ], [ 18.589593, 54.382578 ], [ 18.585147, 54.382562 ], [ 18.582901, 54.384802 ] ] ] } },
{ "type": "Feature", "properties": { "hex_id": 533, "pop_total": 2114.64, "delta_school": 2.0, "base_school": 27.0, "delta_pharmacy": 2.0, "base_pharmacy": 42.0, "delta_university": 7.0, "base_university": 16.0, "delta_mall": 2.0, "base_mall": 9.0, "net_delta": 13.0, "net_delta_n": 4 }, "geometry": { "type": "Polygon", "coordinates": [ [ [ 18.582947, 54.380307 ], [ 18.585147, 54.382562 ], [ 18.589593, 54.382578 ], [ 18.591839, 54.380338 ], [ 18.589638, 54.378083 ], [ 18.585193, 54.378068 ], [ 18.582947, 54.380307 ] ] ] } },
{ "type": "Feature", "properties": { "hex_id": 534, "pop_total": 589.87, "delta_school": 0.0, "base_school": 13.0, "delta_pharmacy": -1.0, "base_pharmacy": 20.0, "delta_university": null, "base_university": 0.0, "delta_mall": 0.0, "base_mall": 4.0, "net_delta": -1.0, "net_delta_n": 3 }, "geometry": { "type": "Polygon", "coordinates": [ [ [ 18.582993, 54.375812 ], [ 18.585193, 54.378068 ], [ 18.589638, 54.378083 ], [ 18.591883, 54.375843 ], [ 18.589683, 54.373588 ], [ 18.585238, 54.373573 ], [ 18.582993, 54.375812 ] ] ] } },
{ "type": "Feature", "properties": { "hex_id": 535, "pop_total": 1.99, "delta_school": -1.0, "base_school": 9.0, "delta_pharmacy": -3.0, "base_pharmacy": 12.0, "delta_university": null, "base_university": 0.0, "delta_mall": -1.0, "base_mall": 2.0, "net_delta": -5.0, "net_delta_n": 3 }, "geometry": { "type": "Polygon", "coordinates": [ [ [ 18.583038, 54.371318 ], [ 18.585238, 54.373573 ], [ 18.589683, 54.373588 ], [ 18.591928, 54.371348 ], [ 18.589728, 54.369093 ], [ 18.585283, 54.369078 ], [ 18.583038, 54.371318 ] ] ] } },
{ "type": "Feature", "properties": { "hex_id": 536, "pop_total": 162.17, "delta_school": 1.0, "base_school": 13.0, "delta_pharmacy": 4.0, "base_pharmacy": 21.0, "delta_university": null, "base_university": 0.0, "delta_mall": 1.0, "base_mall": 5.0, "net_delta": 6.0, "net_delta_n": 3 }, "geometry": { "type": "Polygon", "coordinates": [ [ [ 18.583084, 54.366823 ], [ 18.585283, 54.369078 ], [ 18.589728, 54.369093 ], [ 18.591972, 54.366853 ], [ 18.589772, 54.364598 ], [ 18.585328, 54.364583 ], [ 18.583084, 54.366823 ] ] ] } },
{ "type": "Feature", "properties": { "hex_id": 537, "pop_total": 435.1, "delta_school": 0.0, "base_school": 20.0, "delta_pharmacy": -2.0, "base_pharmacy": 31.0, "delta_university": 0.0, "base_university": 1.0, "delta_mall": 0.0, "base_mall": 7.0, "net_delta": -2.0, "net_delta_n": 4 }, "geometry": { "type": "Polygon", "coordinates": [ [ [ 18.583129, 54.362328 ], [ 18.585328, 54.364583 ], [ 18.589772, 54.364598 ], [ 18.592017, 54.362358 ], [ 18.589817, 54.360103 ], [ 18.585374, 54.360088 ], [ 18.583129, 54.362328 ] ] ] } },
{ "type": "Feature", "properties": { "hex_id": 538, "pop_total": 2486.2, "delta_school": 2.0, "base_school": 31.0, "delta_pharmacy": 3.0, "base_pharmacy": 52.0, "delta_university": 2.0, "base_university": 19.0, "delta_mall": 1.0, "base_mall": 16.0, "net_delta": 8.0, "net_delta_n": 4 }, "geometry": { "type": "Polygon", "coordinates": [ [ [ 18.583175, 54.357833 ], [ 18.585374, 54.360088 ], [ 18.589817, 54.360103 ], [ 18.592061, 54.357863 ], [ 18.589862, 54.355608 ], [ 18.585419, 54.355593 ], [ 18.583175, 54.357833 ] ] ] } },
{ "type": "Feature", "properties": { "hex_id": 539, "pop_total": 503.6, "delta_school": 0.0, "base_school": 17.0, "delta_pharmacy": 4.0, "base_pharmacy": 24.0, "delta_university": 0.0, "base_university": 2.0, "delta_mall": -1.0, "base_mall": 6.0, "net_delta": 3.0, "net_delta_n": 4 }, "geometry": { "type": "Polygon", "coordinates": [ [ [ 18.58322, 54.353338 ], [ 18.585419, 54.355593 ], [ 18.589862, 54.355608 ], [ 18.592106, 54.353368 ], [ 18.589907, 54.351113 ], [ 18.585464, 54.351098 ], [ 18.58322, 54.353338 ] ] ] } },
{ "type": "Feature", "properties": { "hex_id": 540, "pop_total": 3589.37, "delta_school": 0.0, "base_school": 15.0, "delta_pharmacy": 0.0, "base_pharmacy": 19.0, "delta_university": null, "base_university": 0.0, "delta_mall": -2.0, "base_mall": 5.0, "net_delta": -2.0, "net_delta_n": 3 }, "geometry": { "type": "Polygon", "coordinates": [ [ [ 18.583266, 54.348843 ], [ 18.585464, 54.351098 ], [ 18.589907, 54.351113 ], [ 18.59215, 54.348873 ], [ 18.589952, 54.346618 ], [ 18.585509, 54.346603 ], [ 18.583266, 54.348843 ] ] ] } },
{ "type": "Feature", "properties": { "hex_id": 541, "pop_total": 956.64, "delta_school": 0.0, "base_school": 10.0, "delta_pharmacy": -1.0, "base_pharmacy": 16.0, "delta_university": null, "base_university": 0.0, "delta_mall": 1.0, "base_mall": 3.0, "net_delta": 0.0, "net_delta_n": 3 }, "geometry": { "type": "Polygon", "coordinates": [ [ [ 18.583311, 54.344348 ], [ 18.585509, 54.346603 ], [ 18.589952, 54.346618 ], [ 18.592195, 54.344378 ], [ 18.589996, 54.342123 ], [ 18.585555, 54.342108 ], [ 18.583311, 54.344348 ] ] ] } },
{ "type": "Feature", "properties": { "hex_id": 542, "pop_total": 759.57, "delta_school": 1.0, "base_school": 4.0, "delta_pharmacy": -2.0, "base_pharmacy": 12.0, "delta_university": null, "base_university": 0.0, "delta_mall": -1.0, "base_mall": 5.0, "net_delta": -2.0, "net_delta_n": 3 }, "geometry": { "type": "Polygon", "coordinates": [ [ [ 18.583357, 54.339853 ], [ 18.585555, 54.342108 ], [ 18.589996, 54.342123 ], [ 18.592239, 54.339883 ], [ 18.590041, 54.337628 ], [ 18.5856, 54.337613 ], [ 18.583357, 54.339853 ] ] ] } },
{ "type": "Feature", "properties": { "hex_id": 543, "pop_total": 942.15, "delta_school": 0.0, "base_school": 6.0, "delta_pharmacy": 0.0, "base_pharmacy": 16.0, "delta_university": null, "base_university": 0.0, "delta_mall": 0.0, "base_mall": 6.0, "net_delta": 0.0, "net_delta_n": 3 }, "geometry": { "type": "Polygon", "coordinates": [ [ [ 18.583402, 54.335358 ], [ 18.5856, 54.337613 ], [ 18.590041, 54.337628 ], [ 18.592284, 54.335388 ], [ 18.590086, 54.333133 ], [ 18.585645, 54.333118 ], [ 18.583402, 54.335358 ] ] ] } },
{ "type": "Feature", "properties": { "hex_id": 544, "pop_total": 1257.07, "delta_school": 0.0, "base_school": 9.0, "delta_pharmacy": 4.0, "base_pharmacy": 22.0, "delta_university": null, "base_university": 0.0, "delta_mall": 0.0, "base_mall": 12.0, "net_delta": 4.0, "net_delta_n": 3 }, "geometry": { "type": "Polygon", "coordinates": [ [ [ 18.583447, 54.330863 ], [ 18.585645, 54.333118 ], [ 18.590086, 54.333133 ], [ 18.592328, 54.330894 ], [ 18.59013, 54.328639 ], [ 18.58569, 54.328623 ], [ 18.583447, 54.330863 ] ] ] } },
{ "type": "Feature", "properties": { "hex_id": 545, "pop_total": 2132.07, "delta_school": 0.0, "base_school": 5.0, "delta_pharmacy": 0.0, "base_pharmacy": 15.0, "delta_university": null, "base_university": 0.0, "delta_mall": 0.0, "base_mall": 4.0, "net_delta": 0.0, "net_delta_n": 3 }, "geometry": { "type": "Polygon", "coordinates": [ [ [ 18.583493, 54.326368 ], [ 18.58569, 54.328623 ], [ 18.59013, 54.328639 ], [ 18.592373, 54.326399 ], [ 18.590175, 54.324144 ], [ 18.585735, 54.324128 ], [ 18.583493, 54.326368 ] ] ] } },
{ "type": "Feature", "properties": { "hex_id": 546, "pop_total": 817.17, "delta_school": -1.0, "base_school": 7.0, "delta_pharmacy": 0.0, "base_pharmacy": 10.0, "delta_university": null, "base_university": 0.0, "delta_mall": -2.0, "base_mall": 4.0, "net_delta": -3.0, "net_delta_n": 3 }, "geometry": { "type": "Polygon", "coordinates": [ [ [ 18.583538, 54.321873 ], [ 18.585735, 54.324128 ], [ 18.590175, 54.324144 ], [ 18.592417, 54.321904 ], [ 18.59022, 54.319649 ], [ 18.585781, 54.319633 ], [ 18.583538, 54.321873 ] ] ] } },
{ "type": "Feature", "properties": { "hex_id": 547, "pop_total": 374.19, "delta_school": -2.0, "base_school": 10.0, "delta_pharmacy": -2.0, "base_pharmacy": 21.0, "delta_university": null, "base_university": 0.0, "delta_mall": 0.0, "base_mall": 9.0, "net_delta": -4.0, "net_delta_n": 3 }, "geometry": { "type": "Polygon", "coordinates": [ [ [ 18.583584, 54.317378 ], [ 18.585781, 54.319633 ], [ 18.59022, 54.319649 ], [ 18.592462, 54.317409 ], [ 18.590264, 54.315154 ], [ 18.585826, 54.315139 ], [ 18.583584, 54.317378 ] ] ] } },
{ "type": "Feature", "properties": { "hex_id": 548, "pop_total": 381.1, "delta_school": -1.0, "base_school": 4.0, "delta_pharmacy": 0.0, "base_pharmacy": 4.0, "delta_university": null, "base_university": 0.0, "delta_mall": null, "base_mall": 0.0, "net_delta": -1.0, "net_delta_n": 2 }, "geometry": { "type": "Polygon", "coordinates": [ [ [ 18.583629, 54.312883 ], [ 18.585826, 54.315139 ], [ 18.590264, 54.315154 ], [ 18.592506, 54.312914 ], [ 18.590309, 54.310659 ], [ 18.585871, 54.310644 ], [ 18.583629, 54.312883 ] ] ] } },
{ "type": "Feature", "properties": { "hex_id": 549, "pop_total": 1274.99, "delta_school": -1.0, "base_school": 7.0, "delta_pharmacy": -2.0, "base_pharmacy": 8.0, "delta_university": null, "base_university": 0.0, "delta_mall": 1.0, "base_mall": 1.0, "net_delta": -2.0, "net_delta_n": 3 }, "geometry": { "type": "Polygon", "coordinates": [ [ [ 18.583674, 54.308388 ], [ 18.585871, 54.310644 ], [ 18.590309, 54.310659 ], [ 18.59255, 54.308419 ], [ 18.590354, 54.306164 ], [ 18.585916, 54.306149 ], [ 18.583674, 54.308388 ] ] ] } },
{ "type": "Feature", "properties": { "hex_id": 550, "pop_total": 769.83, "delta_school": 0.0, "base_school": 2.0, "delta_pharmacy": -1.0, "base_pharmacy": 3.0, "delta_university": null, "base_university": 0.0, "delta_mall": null, "base_mall": 0.0, "net_delta": -1.0, "net_delta_n": 2 }, "geometry": { "type": "Polygon", "coordinates": [ [ [ 18.58372, 54.303894 ], [ 18.585916, 54.306149 ], [ 18.590354, 54.306164 ], [ 18.592595, 54.303924 ], [ 18.590398, 54.301669 ], [ 18.585961, 54.301654 ], [ 18.58372, 54.303894 ] ] ] } },
{ "type": "Feature", "properties": { "hex_id": 552, "pop_total": 108.6, "delta_school": -1.0, "base_school": 11.0, "delta_pharmacy": 1.0, "base_pharmacy": 13.0, "delta_university": null, "base_university": 0.0, "delta_mall": 1.0, "base_mall": 1.0, "net_delta": 1.0, "net_delta_n": 3 }, "geometry": { "type": "Polygon", "coordinates": [ [ [ 18.589144, 54.427527 ], [ 18.591347, 54.429782 ], [ 18.595798, 54.429796 ], [ 18.598046, 54.427556 ], [ 18.595843, 54.425302 ], [ 18.591392, 54.425287 ], [ 18.589144, 54.427527 ] ] ] } },
{ "type": "Feature", "properties": { "hex_id": 553, "pop_total": 46.06, "delta_school": -1.0, "base_school": 26.0, "delta_pharmacy": -4.0, "base_pharmacy": 33.0, "delta_university": 0.0, "base_university": 2.0, "delta_mall": 0.0, "base_mall": 5.0, "net_delta": -5.0, "net_delta_n": 4 }, "geometry": { "type": "Polygon", "coordinates": [ [ [ 18.589189, 54.423032 ], [ 18.591392, 54.425287 ], [ 18.595843, 54.425302 ], [ 18.59809, 54.423062 ], [ 18.595887, 54.420807 ], [ 18.591437, 54.420792 ], [ 18.589189, 54.423032 ] ] ] } },
{ "type": "Feature", "properties": { "hex_id": 554, "pop_total": 2415.46, "delta_school": -1.0, "base_school": 20.0, "delta_pharmacy": -4.0, "base_pharmacy": 27.0, "delta_university": null, "base_university": 0.0, "delta_mall": -1.0, "base_mall": 5.0, "net_delta": -6.0, "net_delta_n": 3 }, "geometry": { "type": "Polygon", "coordinates": [ [ [ 18.589234, 54.418537 ], [ 18.591437, 54.420792 ], [ 18.595887, 54.420807 ], [ 18.598134, 54.418567 ], [ 18.595931, 54.416312 ], [ 18.591481, 54.416297 ], [ 18.589234, 54.418537 ] ] ] } },
{ "type": "Feature", "properties": { "hex_id": 555, "pop_total": 3734.74, "delta_school": -2.0, "base_school": 27.0, "delta_pharmacy": -3.0, "base_pharmacy": 33.0, "delta_university": null, "base_university": 0.0, "delta_mall": 0.0, "base_mall": 6.0, "net_delta": -5.0, "net_delta_n": 3 }, "geometry": { "type": "Polygon", "coordinates": [ [ [ 18.589279, 54.414042 ], [ 18.591481, 54.416297 ], [ 18.595931, 54.416312 ], [ 18.598178, 54.414072 ], [ 18.595975, 54.411817 ], [ 18.591526, 54.411802 ], [ 18.589279, 54.414042 ] ] ] } },
{ "type": "Feature", "properties": { "hex_id": 556, "pop_total": 3088.38, "delta_school": -2.0, "base_school": 39.0, "delta_pharmacy": 0.0, "base_pharmacy": 42.0, "delta_university": null, "base_university": 0.0, "delta_mall": 1.0, "base_mall": 6.0, "net_delta": -1.0, "net_delta_n": 3 }, "geometry": { "type": "Polygon", "coordinates": [ [ [ 18.589324, 54.409547 ], [ 18.591526, 54.411802 ], [ 18.595975, 54.411817 ], [ 18.598222, 54.409577 ], [ 18.596019, 54.407322 ], [ 18.591571, 54.407307 ], [ 18.589324, 54.409547 ] ] ] } },
{ "type": "Feature", "properties": { "hex_id": 557, "pop_total": 3565.74, "delta_school": 0.0, "base_school": 39.0, "delta_pharmacy": -2.0, "base_pharmacy": 48.0, "delta_university": 0.0, "base_university": 4.0, "delta_mall": 0.0, "base_mall": 10.0, "net_delta": -2.0, "net_delta_n": 4 }, "geometry": { "type": "Polygon", "coordinates": [ [ [ 18.589369, 54.405052 ], [ 18.591571, 54.407307 ], [ 18.596019, 54.407322 ], [ 18.598266, 54.405082 ], [ 18.596064, 54.402827 ], [ 18.591615, 54.402812 ], [ 18.589369, 54.405052 ] ] ] } },
{ "type": "Feature", "properties": { "hex_id": 558, "pop_total": 2053.5, "delta_school": 0.0, "base_school": 38.0, "delta_pharmacy": 0.0, "base_pharmacy": 44.0, "delta_university": null, "base_university": 0.0, "delta_mall": 0.0, "base_mall": 9.0, "net_delta": 0.0, "net_delta_n": 3 }, "geometry": { "type": "Polygon", "coordinates": [ [ [ 18.589414, 54.400557 ], [ 18.591615, 54.402812 ], [ 18.596064, 54.402827 ], [ 18.59831, 54.400587 ], [ 18.596108, 54.398332 ], [ 18.59166, 54.398317 ], [ 18.589414, 54.400557 ] ] ] } },
{ "type": "Feature", "properties": { "hex_id": 559, "pop_total": 3225.02, "delta_school": 1.0, "base_school": 33.0, "delta_pharmacy": -2.0, "base_pharmacy": 47.0, "delta_university": null, "base_university": 0.0, "delta_mall": 0.0, "base_mall": 8.0, "net_delta": -1.0, "net_delta_n": 3 }, "geometry": { "type": "Polygon", "coordinates": [ [ [ 18.589459, 54.396062 ], [ 18.59166, 54.398317 ], [ 18.596108, 54.398332 ], [ 18.598354, 54.396092 ], [ 18.596152, 54.393837 ], [ 18.591705, 54.393822 ], [ 18.589459, 54.396062 ] ] ] } },
{ "type": "Feature", "properties": { "hex_id": 560, "pop_total": 2125.3, "delta_school": -4.0, "base_school": 37.0, "delta_pharmacy": -2.0, "base_pharmacy": 52.0, "delta_university": -1.0, "base_university": 7.0, "delta_mall": -1.0, "base_mall": 12.0, "net_delta": -8.0, "net_delta_n": 4 }, "geometry": { "type": "Polygon", "coordinates": [ [ [ 18.589504, 54.391567 ], [ 18.591705, 54.393822 ], [ 18.596152, 54.393837 ], [ 18.598397, 54.391597 ], [ 18.596196, 54.389342 ], [ 18.591749, 54.389328 ], [ 18.589504, 54.391567 ] ] ] } },
{ "type": "Feature", "properties": { "hex_id": 561, "pop_total": 519.36, "delta_school": 0.0, "base_school": 43.0, "delta_pharmacy": -2.0, "base_pharmacy": 59.0, "delta_university": 1.0, "base_university": 32.0, "delta_mall": 0.0, "base_mall": 11.0, "net_delta": -1.0, "net_delta_n": 4 }, "geometry": { "type": "Polygon", "coordinates": [ [ [ 18.589548, 54.387073 ], [ 18.591749, 54.389328 ], [ 18.596196, 54.389342 ], [ 18.598441, 54.387102 ], [ 18.59624, 54.384848 ], [ 18.591794, 54.384833 ], [ 18.589548, 54.387073 ] ] ] } },
{ "type": "Feature", "properties": { "hex_id": 562, "pop_total": 1161.25, "delta_school": -4.0, "base_school": 42.0, "delta_pharmacy": -1.0, "base_pharmacy": 57.0, "delta_university": 0.0, "base_university": 35.0, "delta_mall": 1.0, "base_mall": 9.0, "net_delta": -4.0, "net_delta_n": 4 }, "geometry": { "type": "Polygon", "coordinates": [ [ [ 18.589593, 54.382578 ], [ 18.591794, 54.384833 ], [ 18.59624, 54.384848 ], [ 18.598485, 54.382608 ], [ 18.596284, 54.380353 ], [ 18.591839, 54.380338 ], [ 18.589593, 54.382578 ] ] ] } },
{ "type": "Feature", "properties": { "hex_id": 563, "pop_total": 1700.65, "delta_school": -1.0, "base_school": 21.0, "delta_pharmacy": 1.0, "base_pharmacy": 28.0, "delta_university": 1.0, "base_university": 21.0, "delta_mall": -1.0, "base_mall": 5.0, "net_delta": 0.0, "net_delta_n": 4 }, "geometry": { "type": "Polygon", "coordinates": [ [ [ 18.589638, 54.378083 ], [ 18.591839, 54.380338 ], [ 18.596284, 54.380353 ], [ 18.598529, 54.378113 ], [ 18.596328, 54.375858 ], [ 18.591883, 54.375843 ], [ 18.589638, 54.378083 ] ] ] } },
{ "type": "Feature", "properties": { "hex_id": 564, "pop_total": 31.44, "delta_school": 0.0, "base_school": 14.0, "delta_pharmacy": 0.0, "base_pharmacy": 23.0, "delta_university": -2.0, "base_university": 6.0, "delta_mall": 0.0, "base_mall": 6.0, "net_delta": -2.0, "net_delta_n": 4 }, "geometry": { "type": "Polygon", "coordinates": [ [ [ 18.589683, 54.373588 ], [ 18.591883, 54.375843 ], [ 18.596328, 54.375858 ], [ 18.598573, 54.373618 ], [ 18.596372, 54.371363 ], [ 18.591928, 54.371348 ], [ 18.589683, 54.373588 ] ] ] } },
{ "type": "Feature", "properties": { "hex_id": 565, "pop_total": 360.19, "delta_school": 0.0, "base_school": 26.0, "delta_pharmacy": 0.0, "base_pharmacy": 32.0, "delta_university": 2.0, "base_university": 16.0, "delta_mall": 0.0, "base_mall": 8.0, "net_delta": 2.0, "net_delta_n": 4 }, "geometry": { "type": "Polygon", "coordinates": [ [ [ 18.589728, 54.369093 ], [ 18.591928, 54.371348 ], [ 18.596372, 54.371363 ], [ 18.598617, 54.369123 ], [ 18.596417, 54.366868 ], [ 18.591972, 54.366853 ], [ 18.589728, 54.369093 ] ] ] } },
{ "type": "Feature", "properties": { "hex_id": 566, "pop_total": 853.73, "delta_school": 0.0, "base_school": 13.0, "delta_pharmacy": 1.0, "base_pharmacy": 25.0, "delta_university": 0.0, "base_university": 2.0, "delta_mall": 0.0, "base_mall": 6.0, "net_delta": 1.0, "net_delta_n": 4 }, "geometry": { "type": "Polygon", "coordinates": [ [ [ 18.589772, 54.364598 ], [ 18.591972, 54.366853 ], [ 18.596417, 54.366868 ], [ 18.598661, 54.364628 ], [ 18.596461, 54.362373 ], [ 18.592017, 54.362358 ], [ 18.589772, 54.364598 ] ] ] } },
{ "type": "Feature", "properties": { "hex_id": 567, "pop_total": 2474.14, "delta_school": 0.0, "base_school": 23.0, "delta_pharmacy": 1.0, "base_pharmacy": 33.0, "delta_university": 0.0, "base_university": 2.0, "delta_mall": 0.0, "base_mall": 7.0, "net_delta": 1.0, "net_delta_n": 4 }, "geometry": { "type": "Polygon", "coordinates": [ [ [ 18.589817, 54.360103 ], [ 18.592017, 54.362358 ], [ 18.596461, 54.362373 ], [ 18.598704, 54.360133 ], [ 18.596505, 54.357878 ], [ 18.592061, 54.357863 ], [ 18.589817, 54.360103 ] ] ] } },
{ "type": "Feature", "properties": { "hex_id": 568, "pop_total": 410.95, "delta_school": 0.0, "base_school": 24.0, "delta_pharmacy": -1.0, "base_pharmacy": 51.0, "delta_university": 0.0, "base_university": 32.0, "delta_mall": 1.0, "base_mall": 15.0, "net_delta": 0.0, "net_delta_n": 4 }, "geometry": { "type": "Polygon", "coordinates": [ [ [ 18.589862, 54.355608 ], [ 18.592061, 54.357863 ], [ 18.596505, 54.357878 ], [ 18.598748, 54.355638 ], [ 18.596549, 54.353383 ], [ 18.592106, 54.353368 ], [ 18.589862, 54.355608 ] ] ] } },
{ "type": "Feature", "properties": { "hex_id": 569, "pop_total": 793.88, "delta_school": 0.0, "base_school": 25.0, "delta_pharmacy": 1.0, "base_pharmacy": 51.0, "delta_university": 1.0, "base_university": 14.0, "delta_mall": 0.0, "base_mall": 14.0, "net_delta": 2.0, "net_delta_n": 4 }, "geometry": { "type": "Polygon", "coordinates": [ [ [ 18.589907, 54.351113 ], [ 18.592106, 54.353368 ], [ 18.596549, 54.353383 ], [ 18.598792, 54.351143 ], [ 18.596593, 54.348888 ], [ 18.59215, 54.348873 ], [ 18.589907, 54.351113 ] ] ] } },
{ "type": "Feature", "properties": { "hex_id": 570, "pop_total": 273.91, "delta_school": -1.0, "base_school": 15.0, "delta_pharmacy": -2.0, "base_pharmacy": 21.0, "delta_university": null, "base_university": 0.0, "delta_mall": 0.0, "base_mall": 5.0, "net_delta": -3.0, "net_delta_n": 3 }, "geometry": { "type": "Polygon", "coordinates": [ [ [ 18.589952, 54.346618 ], [ 18.59215, 54.348873 ], [ 18.596593, 54.348888 ], [ 18.598836, 54.346648 ], [ 18.596637, 54.344393 ], [ 18.592195, 54.344378 ], [ 18.589952, 54.346618 ] ] ] } },
{ "type": "Feature", "properties": { "hex_id": 571, "pop_total": 381.06, "delta_school": -1.0, "base_school": 7.0, "delta_pharmacy": -3.0, "base_pharmacy": 17.0, "delta_university": null, "base_university": 0.0, "delta_mall": 0.0, "base_mall": 6.0, "net_delta": -4.0, "net_delta_n": 3 }, "geometry": { "type": "Polygon", "coordinates": [ [ [ 18.589996, 54.342123 ], [ 18.592195, 54.344378 ], [ 18.596637, 54.344393 ], [ 18.59888, 54.342153 ], [ 18.596681, 54.339898 ], [ 18.592239, 54.339883 ], [ 18.589996, 54.342123 ] ] ] } },
{ "type": "Feature", "properties": { "hex_id": 572, "pop_total": 92.2, "delta_school": -1.0, "base_school": 12.0, "delta_pharmacy": 0.0, "base_pharmacy": 26.0, "delta_university": null, "base_university": 0.0, "delta_mall": -1.0, "base_mall": 7.0, "net_delta": -2.0, "net_delta_n": 3 }, "geometry": { "type": "Polygon", "coordinates": [ [ [ 18.590041, 54.337628 ], [ 18.592239, 54.339883 ], [ 18.596681, 54.339898 ], [ 18.598923, 54.337658 ], [ 18.596725, 54.335403 ], [ 18.592284, 54.335388 ], [ 18.590041, 54.337628 ] ] ] } },
{ "type": "Feature", "properties": { "hex_id": 573, "pop_total": 706.22, "delta_school": 0.0, "base_school": 16.0, "delta_pharmacy": 3.0, "base_pharmacy": 29.0, "delta_university": null, "base_university": 0.0, "delta_mall": 0.0, "base_mall": 14.0, "net_delta": 3.0, "net_delta_n": 3 }, "geometry": { "type": "Polygon", "coordinates": [ [ [ 18.590086, 54.333133 ], [ 18.592284, 54.335388 ], [ 18.596725, 54.335403 ], [ 18.598967, 54.333163 ], [ 18.596769, 54.330908 ], [ 18.592328, 54.330894 ], [ 18.590086, 54.333133 ] ] ] } },
{ "type": "Feature", "properties": { "hex_id": 574, "pop_total": 2462.69, "delta_school": -1.0, "base_school": 11.0, "delta_pharmacy": 2.0, "base_pharmacy": 22.0, "delta_university": null, "base_university": 0.0, "delta_mall": 0.0, "base_mall": 12.0, "net_delta": 1.0, "net_delta_n": 3 }, "geometry": { "type": "Polygon", "coordinates": [ [ [ 18.59013, 54.328639 ], [ 18.592328, 54.330894 ], [ 18.596769, 54.330908 ], [ 18.599011, 54.328668 ], [ 18.596813, 54.326414 ], [ 18.592373, 54.326399 ], [ 18.59013, 54.328639 ] ] ] } },
{ "type": "Feature", "properties": { "hex_id": 575, "pop_total": 1113.75, "delta_school": 1.0, "base_school": 6.0, "delta_pharmacy": 1.0, "base_pharmacy": 17.0, "delta_university": null, "base_university": 0.0, "delta_mall": 0.0, "base_mall": 7.0, "net_delta": 2.0, "net_delta_n": 3 }, "geometry": { "type": "Polygon", "coordinates": [ [ [ 18.590175, 54.324144 ], [ 18.592373, 54.326399 ], [ 18.596813, 54.326414 ], [ 18.599055, 54.324173 ], [ 18.596857, 54.321919 ], [ 18.592417, 54.321904 ], [ 18.590175, 54.324144 ] ] ] } },
{ "type": "Feature", "properties": { "hex_id": 576, "pop_total": 531.19, "delta_school": 1.0, "base_school": 14.0, "delta_pharmacy": -2.0, "base_pharmacy": 24.0, "delta_university": null, "base_university": 0.0, "delta_mall": -1.0, "base_mall": 11.0, "net_delta": -2.0, "net_delta_n": 3 }, "geometry": { "type": "Polygon", "coordinates": [ [ [ 18.59022, 54.319649 ], [ 18.592417, 54.321904 ], [ 18.596857, 54.321919 ], [ 18.599098, 54.319678 ], [ 18.596901, 54.317424 ], [ 18.592462, 54.317409 ], [ 18.59022, 54.319649 ] ] ] } },
{ "type": "Feature", "properties": { "hex_id": 577, "pop_total": 812.97, "delta_school": 0.0, "base_school": 5.0, "delta_pharmacy": 0.0, "base_pharmacy": 10.0, "delta_university": null, "base_university": 0.0, "delta_mall": 1.0, "base_mall": 3.0, "net_delta": 1.0, "net_delta_n": 3 }, "geometry": { "type": "Polygon", "coordinates": [ [ [ 18.590264, 54.315154 ], [ 18.592462, 54.317409 ], [ 18.596901, 54.317424 ], [ 18.599142, 54.315184 ], [ 18.596945, 54.312929 ], [ 18.592506, 54.312914 ], [ 18.590264, 54.315154 ] ] ] } },
{ "type": "Feature", "properties": { "hex_id": 578, "pop_total": 774.66, "delta_school": -1.0, "base_school": 4.0, "delta_pharmacy": 0.0, "base_pharmacy": 4.0, "delta_university": null, "base_university": 0.0, "delta_mall": null, "base_mall": 0.0, "net_delta": -1.0, "net_delta_n": 2 }, "geometry": { "type": "Polygon", "coordinates": [ [ [ 18.590309, 54.310659 ], [ 18.592506, 54.312914 ], [ 18.596945, 54.312929 ], [ 18.599186, 54.310689 ], [ 18.596988, 54.308434 ], [ 18.59255, 54.308419 ], [ 18.590309, 54.310659 ] ] ] } },
{ "type": "Feature", "properties": { "hex_id": 579, "pop_total": 1546.97, "delta_school": 0.0, "base_school": 3.0, "delta_pharmacy": 0.0, "base_pharmacy": 4.0, "delta_university": null, "base_university": 0.0, "delta_mall": null, "base_mall": 0.0, "net_delta": 0.0, "net_delta_n": 2 }, "geometry": { "type": "Polygon", "coordinates": [ [ [ 18.590354, 54.306164 ], [ 18.59255, 54.308419 ], [ 18.596988, 54.308434 ], [ 18.599229, 54.306194 ], [ 18.597032, 54.303939 ], [ 18.592595, 54.303924 ], [ 18.590354, 54.306164 ] ] ] } },
{ "type": "Feature", "properties": { "hex_id": 580, "pop_total": 122.08, "delta_school": 1.0, "base_school": 12.0, "delta_pharmacy": 1.0, "base_pharmacy": 13.0, "delta_university": null, "base_university": 0.0, "delta_mall": 1.0, "base_mall": 1.0, "net_delta": 3.0, "net_delta_n": 3 }, "geometry": { "type": "Polygon", "coordinates": [ [ [ 18.595843, 54.425302 ], [ 18.598046, 54.427556 ], [ 18.602497, 54.427571 ], [ 18.604744, 54.425331 ], [ 18.60254, 54.423076 ], [ 18.59809, 54.423062 ], [ 18.595843, 54.425302 ] ] ] } },
{ "type": "Feature", "properties": { "hex_id": 581, "pop_total": 357.81, "delta_school": 1.0, "base_school": 11.0, "delta_pharmacy": 0.0, "base_pharmacy": 16.0, "delta_university": null, "base_university": 0.0, "delta_mall": 1.0, "base_mall": 2.0, "net_delta": 2.0, "net_delta_n": 3 }, "geometry": { "type": "Polygon", "coordinates": [ [ [ 18.595887, 54.420807 ], [ 18.59809, 54.423062 ], [ 18.60254, 54.423076 ], [ 18.604787, 54.420836 ], [ 18.602584, 54.418581 ], [ 18.598134, 54.418567 ], [ 18.595887, 54.420807 ] ] ] } },
{ "type": "Feature", "properties": { "hex_id": 582, "pop_total": 66.32, "delta_school": -1.0, "base_school": 14.0, "delta_pharmacy": 0.0, "base_pharmacy": 21.0, "delta_university": null, "base_university": 0.0, "delta_mall": 0.0, "base_mall": 3.0, "net_delta": -1.0, "net_delta_n": 3 }, "geometry": { "type": "Polygon", "coordinates": [ [ [ 18.595931, 54.416312 ], [ 18.598134, 54.418567 ], [ 18.602584, 54.418581 ], [ 18.60483, 54.416341 ], [ 18.602627, 54.414087 ], [ 18.598178, 54.414072 ], [ 18.595931, 54.416312 ] ] ] } },
{ "type": "Feature", "properties": { "hex_id": 583, "pop_total": 3000.54, "delta_school": 0.0, "base_school": 16.0, "delta_pharmacy": -3.0, "base_pharmacy": 28.0, "delta_university": null, "base_university": 0.0, "delta_mall": 0.0, "base_mall": 3.0, "net_delta": -3.0, "net_delta_n": 3 }, "geometry": { "type": "Polygon", "coordinates": [ [ [ 18.595975, 54.411817 ], [ 18.598178, 54.414072 ], [ 18.602627, 54.414087 ], [ 18.604874, 54.411846 ], [ 18.602671, 54.409592 ], [ 18.598222, 54.409577 ], [ 18.595975, 54.411817 ] ] ] } },
{ "type": "Feature", "properties": { "hex_id": 584, "pop_total": 3490.43, "delta_school": 1.0, "base_school": 20.0, "delta_pharmacy": -2.0, "base_pharmacy": 34.0, "delta_university": null, "base_university": 0.0, "delta_mall": -1.0, "base_mall": 6.0, "net_delta": -2.0, "net_delta_n": 3 }, "geometry": { "type": "Polygon", "coordinates": [ [ [ 18.596019, 54.407322 ], [ 18.598222, 54.409577 ], [ 18.602671, 54.409592 ], [ 18.604917, 54.407352 ], [ 18.602714, 54.405097 ], [ 18.598266, 54.405082 ], [ 18.596019, 54.407322 ] ] ] } },
{ "type": "Feature", "properties": { "hex_id": 585, "pop_total": 1908.47, "delta_school": 0.0, "base_school": 30.0, "delta_pharmacy": -1.0, "base_pharmacy": 39.0, "delta_university": null, "base_university": 0.0, "delta_mall": 0.0, "base_mall": 7.0, "net_delta": -1.0, "net_delta_n": 3 }, "geometry": { "type": "Polygon", "coordinates": [ [ [ 18.596064, 54.402827 ], [ 18.598266, 54.405082 ], [ 18.602714, 54.405097 ], [ 18.60496, 54.402857 ], [ 18.602758, 54.400602 ], [ 18.59831, 54.400587 ], [ 18.596064, 54.402827 ] ] ] } },
{ "type": "Feature", "properties": { "hex_id": 586, "pop_total": 727.29, "delta_school": 0.0, "base_school": 34.0, "delta_pharmacy": 2.0, "base_pharmacy": 43.0, "delta_university": null, "base_university": 0.0, "delta_mall": 0.0, "base_mall": 8.0, "net_delta": 2.0, "net_delta_n": 3 }, "geometry": { "type": "Polygon", "coordinates": [ [ [ 18.596108, 54.398332 ], [ 18.59831, 54.400587 ], [ 18.602758, 54.400602 ], [ 18.605003, 54.398362 ], [ 18.602801, 54.396107 ], [ 18.598354, 54.396092 ], [ 18.596108, 54.398332 ] ] ] } },
{ "type": "Feature", "properties": { "hex_id": 587, "pop_total": 1970.57, "delta_school": 1.0, "base_school": 38.0, "delta_pharmacy": 2.0, "base_pharmacy": 50.0, "delta_university": 5.0, "base_university": 1.0, "delta_mall": 1.0, "base_mall": 9.0, "net_delta": 9.0, "net_delta_n": 4 }, "geometry": { "type": "Polygon", "coordinates": [ [ [ 18.596152, 54.393837 ], [ 18.598354, 54.396092 ], [ 18.602801, 54.396107 ], [ 18.605046, 54.393867 ], [ 18.602844, 54.391612 ], [ 18.598397, 54.391597 ], [ 18.596152, 54.393837 ] ] ] } },
{ "type": "Feature", "properties": { "hex_id": 588, "pop_total": 3437.45, "delta_school": 1.0, "base_school": 35.0, "delta_pharmacy": 0.0, "base_pharmacy": 50.0, "delta_university": -1.0, "base_university": 2.0, "delta_mall": 0.0, "base_mall": 9.0, "net_delta": 0.0, "net_delta_n": 4 }, "geometry": { "type": "Polygon", "coordinates": [ [ [ 18.596196, 54.389342 ], [ 18.598397, 54.391597 ], [ 18.602844, 54.391612 ], [ 18.60509, 54.389372 ], [ 18.602888, 54.387117 ], [ 18.598441, 54.387102 ], [ 18.596196, 54.389342 ] ] ] } },
{ "type": "Feature", "properties": { "hex_id": 589, "pop_total": 96.49, "delta_school": 0.0, "base_school": 47.0, "delta_pharmacy": 1.0, "base_pharmacy": 64.0, "delta_university": 1.0, "base_university": 34.0, "delta_mall": 0.0, "base_mall": 11.0, "net_delta": 2.0, "net_delta_n": 4 }, "geometry": { "type": "Polygon", "coordinates": [ [ [ 18.59624, 54.384848 ], [ 18.598441, 54.387102 ], [ 18.602888, 54.387117 ], [ 18.605133, 54.384877 ], [ 18.602931, 54.382622 ], [ 18.598485, 54.382608 ], [ 18.59624, 54.384848 ] ] ] } },
{ "type": "Feature", "properties": { "hex_id": 590, "pop_total": 2952.49, "delta_school": 1.0, "base_school": 41.0, "delta_pharmacy": 0.0, "base_pharmacy": 57.0, "delta_university": 0.0, "base_university": 35.0, "delta_mall": -2.0, "base_mall": 11.0, "net_delta": -1.0, "net_delta_n": 4 }, "geometry": { "type": "Polygon", "coordinates": [ [ [ 18.596284, 54.380353 ], [ 18.598485, 54.382608 ], [ 18.602931, 54.382622 ], [ 18.605176, 54.380382 ], [ 18.602975, 54.378127 ], [ 18.598529, 54.378113 ], [ 18.596284, 54.380353 ] ] ] } },
{ "type": "Feature", "properties": { "hex_id": 591, "pop_total": 880.09, "delta_school": -1.0, "base_school": 28.0, "delta_pharmacy": 0.0, "base_pharmacy": 35.0, "delta_university": 0.0, "base_university": 33.0, "delta_mall": 0.0, "base_mall": 7.0, "net_delta": -1.0, "net_delta_n": 4 }, "geometry": { "type": "Polygon", "coordinates": [ [ [ 18.596328, 54.375858 ], [ 18.598529, 54.378113 ], [ 18.602975, 54.378127 ], [ 18.605219, 54.375887 ], [ 18.603018, 54.373632 ], [ 18.598573, 54.373618 ], [ 18.596328, 54.375858 ] ] ] } },
{ "type": "Feature", "properties": { "hex_id": 592, "pop_total": 330.31, "delta_school": -1.0, "base_school": 23.0, "delta_pharmacy": -1.0, "base_pharmacy": 29.0, "delta_university": 0.0, "base_university": 30.0, "delta_mall": 0.0, "base_mall": 7.0, "net_delta": -2.0, "net_delta_n": 4 }, "geometry": { "type": "Polygon", "coordinates": [ [ [ 18.596372, 54.371363 ], [ 18.598573, 54.373618 ], [ 18.603018, 54.373632 ], [ 18.605262, 54.371392 ], [ 18.603061, 54.369137 ], [ 18.598617, 54.369123 ], [ 18.596372, 54.371363 ] ] ] } },
{ "type": "Feature", "properties": { "hex_id": 593, "pop_total": 242.42, "delta_school": -1.0, "base_school": 14.0, "delta_pharmacy": -1.0, "base_pharmacy": 19.0, "delta_university": 0.0, "base_university": 28.0, "delta_mall": 0.0, "base_mall": 3.0, "net_delta": -2.0, "net_delta_n": 4 }, "geometry": { "type": "Polygon", "coordinates": [ [ [ 18.596417, 54.366868 ], [ 18.598617, 54.369123 ], [ 18.603061, 54.369137 ], [ 18.605305, 54.366897 ], [ 18.603105, 54.364643 ], [ 18.598661, 54.364628 ], [ 18.596417, 54.366868 ] ] ] } },
{ "type": "Feature", "properties": { "hex_id": 594, "pop_total": 940.02, "delta_school": 0.0, "base_school": 9.0, "delta_pharmacy": 3.0, "base_pharmacy": 13.0, "delta_university": 0.0, "base_university": 13.0, "delta_mall": 0.0, "base_mall": 3.0, "net_delta": 3.0, "net_delta_n": 4 }, "geometry": { "type": "Polygon", "coordinates": [ [ [ 18.596461, 54.362373 ], [ 18.598661, 54.364628 ], [ 18.603105, 54.364643 ], [ 18.605348, 54.362402 ], [ 18.603148, 54.360148 ], [ 18.598704, 54.360133 ], [ 18.596461, 54.362373 ] ] ] } },
{ "type": "Feature", "properties": { "hex_id": 595, "pop_total": 839.36, "delta_school": 2.0, "base_school": 22.0, "delta_pharmacy": 2.0, "base_pharmacy": 41.0, "delta_university": 0.0, "base_university": 31.0, "delta_mall": 1.0, "base_mall": 11.0, "net_delta": 5.0, "net_delta_n": 4 }, "geometry": { "type": "Polygon", "coordinates": [ [ [ 18.596505, 54.357878 ], [ 18.598704, 54.360133 ], [ 18.603148, 54.360148 ], [ 18.605391, 54.357907 ], [ 18.603191, 54.355653 ], [ 18.598748, 54.355638 ], [ 18.596505, 54.357878 ] ] ] } },
{ "type": "Feature", "properties": { "hex_id": 596, "pop_total": 1857.68, "delta_school": 0.0, "base_school": 18.0, "delta_pharmacy": 0.0, "base_pharmacy": 24.0, "delta_university": 0.0, "base_university": 20.0, "delta_mall": 0.0, "base_mall": 7.0, "net_delta": 0.0, "net_delta_n": 4 }, "geometry": { "type": "Polygon", "coordinates": [ [ [ 18.596549, 54.353383 ], [ 18.598748, 54.355638 ], [ 18.603191, 54.355653 ], [ 18.605434, 54.353413 ], [ 18.603235, 54.351158 ], [ 18.598792, 54.351143 ], [ 18.596549, 54.353383 ] ] ] } },
{ "type": "Feature", "properties": { "hex_id": 597, "pop_total": 485.18, "delta_school": -2.0, "base_school": 26.0, "delta_pharmacy": 4.0, "base_pharmacy": 45.0, "delta_university": -1.0, "base_university": 10.0, "delta_mall": 0.0, "base_mall": 13.0, "net_delta": 1.0, "net_delta_n": 4 }, "geometry": { "type": "Polygon", "coordinates": [ [ [ 18.596593, 54.348888 ], [ 18.598792, 54.351143 ], [ 18.603235, 54.351158 ], [ 18.605477, 54.348918 ], [ 18.603278, 54.346663 ], [ 18.598836, 54.346648 ], [ 18.596593, 54.348888 ] ] ] } },
{ "type": "Feature", "properties": { "hex_id": 598, "pop_total": 234.19, "delta_school": -2.0, "base_school": 12.0, "delta_pharmacy": -2.0, "base_pharmacy": 31.0, "delta_university": null, "base_university": 0.0, "delta_mall": 0.0, "base_mall": 6.0, "net_delta": -4.0, "net_delta_n": 3 }, "geometry": { "type": "Polygon", "coordinates": [ [ [ 18.596637, 54.344393 ], [ 18.598836, 54.346648 ], [ 18.603278, 54.346663 ], [ 18.605521, 54.344423 ], [ 18.603321, 54.342168 ], [ 18.59888, 54.342153 ], [ 18.596637, 54.344393 ] ] ] } },
{ "type": "Feature", "properties": { "hex_id": 599, "pop_total": 319.73, "delta_school": -1.0, "base_school": 22.0, "delta_pharmacy": 0.0, "base_pharmacy": 37.0, "delta_university": -1.0, "base_university": 1.0, "delta_mall": 0.0, "base_mall": 14.0, "net_delta": -2.0, "net_delta_n": 4 }, "geometry": { "type": "Polygon", "coordinates": [ [ [ 18.596681, 54.339898 ], [ 18.59888, 54.342153 ], [ 18.603321, 54.342168 ], [ 18.605564, 54.339928 ], [ 18.603364, 54.337673 ], [ 18.598923, 54.337658 ], [ 18.596681, 54.339898 ] ] ] } },
{ "type": "Feature", "properties": { "hex_id": 600, "pop_total": 1847.6, "delta_school": 1.0, "base_school": 20.0, "delta_pharmacy": -2.0, "base_pharmacy": 44.0, "delta_university": 0.0, "base_university": 1.0, "delta_mall": -1.0, "base_mall": 15.0, "net_delta": -2.0, "net_delta_n": 4 }, "geometry": { "type": "Polygon", "coordinates": [ [ [ 18.596725, 54.335403 ], [ 18.598923, 54.337658 ], [ 18.603364, 54.337673 ], [ 18.605607, 54.335433 ], [ 18.603408, 54.333178 ], [ 18.598967, 54.333163 ], [ 18.596725, 54.335403 ] ] ] } },
{ "type": "Feature", "properties": { "hex_id": 601, "pop_total": 3059.26, "delta_school": -1.0, "base_school": 16.0, "delta_pharmacy": -1.0, "base_pharmacy": 30.0, "delta_university": null, "base_university": 0.0, "delta_mall": 0.0, "base_mall": 13.0, "net_delta": -2.0, "net_delta_n": 3 }, "geometry": { "type": "Polygon", "coordinates": [ [ [ 18.596769, 54.330908 ], [ 18.598967, 54.333163 ], [ 18.603408, 54.333178 ], [ 18.60565, 54.330938 ], [ 18.603451, 54.328683 ], [ 18.599011, 54.328668 ], [ 18.596769, 54.330908 ] ] ] } },
{ "type": "Feature", "properties": { "hex_id": 602, "pop_total": 1656.78, "delta_school": 0.0, "base_school": 15.0, "delta_pharmacy": 1.0, "base_pharmacy": 26.0, "delta_university": null, "base_university": 0.0, "delta_mall": -1.0, "base_mall": 15.0, "net_delta": 0.0, "net_delta_n": 3 }, "geometry": { "type": "Polygon", "coordinates": [ [ [ 18.596813, 54.326414 ], [ 18.599011, 54.328668 ], [ 18.603451, 54.328683 ], [ 18.605693, 54.326443 ], [ 18.603494, 54.324188 ], [ 18.599055, 54.324173 ], [ 18.596813, 54.326414 ] ] ] } },
{ "type": "Feature", "properties": { "hex_id": 603, "pop_total": 451.98, "delta_school": -1.0, "base_school": 15.0, "delta_pharmacy": -2.0, "base_pharmacy": 22.0, "delta_university": null, "base_university": 0.0, "delta_mall": 0.0, "base_mall": 10.0, "net_delta": -3.0, "net_delta_n": 3 }, "geometry": { "type": "Polygon", "coordinates": [ [ [ 18.596857, 54.321919 ], [ 18.599055, 54.324173 ], [ 18.603494, 54.324188 ], [ 18.605736, 54.321948 ], [ 18.603537, 54.319693 ], [ 18.599098, 54.319678 ], [ 18.596857, 54.321919 ] ] ] } },
{ "type": "Feature", "properties": { "hex_id": 604, "pop_total": 794.5, "delta_school": 0.0, "base_school": 3.0, "delta_pharmacy": 0.0, "base_pharmacy": 6.0, "delta_university": null, "base_university": 0.0, "delta_mall": null, "base_mall": 0.0, "net_delta": 0.0, "net_delta_n": 2 }, "geometry": { "type": "Polygon", "coordinates": [ [ [ 18.596901, 54.317424 ], [ 18.599098, 54.319678 ], [ 18.603537, 54.319693 ], [ 18.605779, 54.317453 ], [ 18.603581, 54.315198 ], [ 18.599142, 54.315184 ], [ 18.596901, 54.317424 ] ] ] } },
{ "type": "Feature", "properties": { "hex_id": 605, "pop_total": 2379.06, "delta_school": 0.0, "base_school": 2.0, "delta_pharmacy": 0.0, "base_pharmacy": 3.0, "delta_university": null, "base_university": 0.0, "delta_mall": null, "base_mall": 0.0, "net_delta": 0.0, "net_delta_n": 2 }, "geometry": { "type": "Polygon", "coordinates": [ [ [ 18.596945, 54.312929 ], [ 18.599142, 54.315184 ], [ 18.603581, 54.315198 ], [ 18.605822, 54.312958 ], [ 18.603624, 54.310703 ], [ 18.599186, 54.310689 ], [ 18.596945, 54.312929 ] ] ] } },
{ "type": "Feature", "properties": { "hex_id": 606, "pop_total": 644.89, "delta_school": 0.0, "base_school": 3.0, "delta_pharmacy": 0.0, "base_pharmacy": 3.0, "delta_university": null, "base_university": 0.0, "delta_mall": null, "base_mall": 0.0, "net_delta": 0.0, "net_delta_n": 2 }, "geometry": { "type": "Polygon", "coordinates": [ [ [ 18.596988, 54.308434 ], [ 18.599186, 54.310689 ], [ 18.603624, 54.310703 ], [ 18.605864, 54.308463 ], [ 18.603667, 54.306208 ], [ 18.599229, 54.306194 ], [ 18.596988, 54.308434 ] ] ] } },
{ "type": "Feature", "properties": { "hex_id": 607, "pop_total": 56.56, "delta_school": 0.0, "base_school": 2.0, "delta_pharmacy": 0.0, "base_pharmacy": 2.0, "delta_university": null, "base_university": 0.0, "delta_mall": null, "base_mall": 0.0, "net_delta": 0.0, "net_delta_n": 2 }, "geometry": { "type": "Polygon", "coordinates": [ [ [ 18.597032, 54.303939 ], [ 18.599229, 54.306194 ], [ 18.603667, 54.306208 ], [ 18.605907, 54.303968 ], [ 18.60371, 54.301713 ], [ 18.599273, 54.301699 ], [ 18.597032, 54.303939 ] ] ] } },
{ "type": "Feature", "properties": { "hex_id": 608, "pop_total": 24.09, "delta_school": 0.0, "base_school": 1.0, "delta_pharmacy": 0.0, "base_pharmacy": 2.0, "delta_university": null, "base_university": 0.0, "delta_mall": null, "base_mall": 0.0, "net_delta": 0.0, "net_delta_n": 2 }, "geometry": { "type": "Polygon", "coordinates": [ [ [ 18.597076, 54.299444 ], [ 18.599273, 54.301699 ], [ 18.60371, 54.301713 ], [ 18.60595, 54.299473 ], [ 18.603753, 54.297218 ], [ 18.599317, 54.297204 ], [ 18.597076, 54.299444 ] ] ] } },
{ "type": "Feature", "properties": { "hex_id": 612, "pop_total": 5.87, "delta_school": 0.0, "base_school": 3.0, "delta_pharmacy": 0.0, "base_pharmacy": 6.0, "delta_university": null, "base_university": 0.0, "delta_mall": null, "base_mall": 0.0, "net_delta": 0.0, "net_delta_n": 2 }, "geometry": { "type": "Polygon", "coordinates": [ [ [ 18.60254, 54.423076 ], [ 18.604744, 54.425331 ], [ 18.609195, 54.425346 ], [ 18.611441, 54.423105 ], [ 18.609237, 54.420851 ], [ 18.604787, 54.420836 ], [ 18.60254, 54.423076 ] ] ] } },
{ "type": "Feature", "properties": { "hex_id": 613, "pop_total": 270.9, "delta_school": 0.0, "base_school": 9.0, "delta_pharmacy": 1.0, "base_pharmacy": 10.0, "delta_university": null, "base_university": 0.0, "delta_mall": 0.0, "base_mall": 2.0, "net_delta": 1.0, "net_delta_n": 3 }, "geometry": { "type": "Polygon", "coordinates": [ [ [ 18.602584, 54.418581 ], [ 18.604787, 54.420836 ], [ 18.609237, 54.420851 ], [ 18.611484, 54.41861 ], [ 18.60928, 54.416356 ], [ 18.60483, 54.416341 ], [ 18.602584, 54.418581 ] ] ] } },
{ "type": "Feature", "properties": { "hex_id": 615, "pop_total": 581.37, "delta_school": -2.0, "base_school": 26.0, "delta_pharmacy": 1.0, "base_pharmacy": 36.0, "delta_university": null, "base_university": 0.0, "delta_mall": 0.0, "base_mall": 4.0, "net_delta": -1.0, "net_delta_n": 3 }, "geometry": { "type": "Polygon", "coordinates": [ [ [ 18.602671, 54.409592 ], [ 18.604874, 54.411846 ], [ 18.609323, 54.411861 ], [ 18.611569, 54.409621 ], [ 18.609365, 54.407366 ], [ 18.604917, 54.407352 ], [ 18.602671, 54.409592 ] ] ] } },
{ "type": "Feature", "properties": { "hex_id": 616, "pop_total": 4008.98, "delta_school": 1.0, "base_school": 19.0, "delta_pharmacy": -1.0, "base_pharmacy": 28.0, "delta_university": null, "base_university": 0.0, "delta_mall": 0.0, "base_mall": 5.0, "net_delta": 0.0, "net_delta_n": 3 }, "geometry": { "type": "Polygon", "coordinates": [ [ [ 18.602714, 54.405097 ], [ 18.604917, 54.407352 ], [ 18.609365, 54.407366 ], [ 18.611611, 54.405126 ], [ 18.609408, 54.402871 ], [ 18.60496, 54.402857 ], [ 18.602714, 54.405097 ] ] ] } },
{ "type": "Feature", "properties": { "hex_id": 617, "pop_total": 2389.98, "delta_school": 0.0, "base_school": 28.0, "delta_pharmacy": 0.0, "base_pharmacy": 46.0, "delta_university": null, "base_university": 0.0, "delta_mall": 0.0, "base_mall": 8.0, "net_delta": 0.0, "net_delta_n": 3 }, "geometry": { "type": "Polygon", "coordinates": [ [ [ 18.602758, 54.400602 ], [ 18.60496, 54.402857 ], [ 18.609408, 54.402871 ], [ 18.611654, 54.400631 ], [ 18.609451, 54.398376 ], [ 18.605003, 54.398362 ], [ 18.602758, 54.400602 ] ] ] } },
{ "type": "Feature", "properties": { "hex_id": 618, "pop_total": 3429.51, "delta_school": 3.0, "base_school": 26.0, "delta_pharmacy": 4.0, "base_pharmacy": 43.0, "delta_university": null, "base_university": 0.0, "delta_mall": 0.0, "base_mall": 8.0, "net_delta": 7.0, "net_delta_n": 3 }, "geometry": { "type": "Polygon", "coordinates": [ [ [ 18.602801, 54.396107 ], [ 18.605003, 54.398362 ], [ 18.609451, 54.398376 ], [ 18.611696, 54.396136 ], [ 18.609494, 54.393881 ], [ 18.605046, 54.393867 ], [ 18.602801, 54.396107 ] ] ] } },
{ "type": "Feature", "properties": { "hex_id": 619, "pop_total": 2226.05, "delta_school": 0.0, "base_school": 36.0, "delta_pharmacy": 6.0, "base_pharmacy": 49.0, "delta_university": 6.0, "base_university": 6.0, "delta_mall": 1.0, "base_mall": 9.0, "net_delta": 13.0, "net_delta_n": 4 }, "geometry": { "type": "Polygon", "coordinates": [ [ [ 18.602844, 54.391612 ], [ 18.605046, 54.393867 ], [ 18.609494, 54.393881 ], [ 18.611738, 54.391641 ], [ 18.609536, 54.389386 ], [ 18.60509, 54.389372 ], [ 18.602844, 54.391612 ] ] ] } },
{ "type": "Feature", "properties": { "hex_id": 620, "pop_total": 2374.05, "delta_school": 4.0, "base_school": 38.0, "delta_pharmacy": 6.0, "base_pharmacy": 55.0, "delta_university": 10.0, "base_university": 14.0, "delta_mall": 0.0, "base_mall": 9.0, "net_delta": 20.0, "net_delta_n": 4 }, "geometry": { "type": "Polygon", "coordinates": [ [ [ 18.602888, 54.387117 ], [ 18.60509, 54.389372 ], [ 18.609536, 54.389386 ], [ 18.611781, 54.387146 ], [ 18.609579, 54.384891 ], [ 18.605133, 54.384877 ], [ 18.602888, 54.387117 ] ] ] } },
{ "type": "Feature", "properties": { "hex_id": 621, "pop_total": 2510.32, "delta_school": -3.0, "base_school": 40.0, "delta_pharmacy": -2.0, "base_pharmacy": 52.0, "delta_university": 1.0, "base_university": 34.0, "delta_mall": -1.0, "base_mall": 9.0, "net_delta": -5.0, "net_delta_n": 4 }, "geometry": { "type": "Polygon", "coordinates": [ [ [ 18.602931, 54.382622 ], [ 18.605133, 54.384877 ], [ 18.609579, 54.384891 ], [ 18.611823, 54.382651 ], [ 18.609622, 54.380397 ], [ 18.605176, 54.380382 ], [ 18.602931, 54.382622 ] ] ] } },
{ "type": "Feature", "properties": { "hex_id": 622, "pop_total": 2556.02, "delta_school": -1.0, "base_school": 63.0, "delta_pharmacy": 0.0, "base_pharmacy": 77.0, "delta_university": 0.0, "base_university": 36.0, "delta_mall": -1.0, "base_mall": 19.0, "net_delta": -2.0, "net_delta_n": 4 }, "geometry": { "type": "Polygon", "coordinates": [ [ [ 18.602975, 54.378127 ], [ 18.605176, 54.380382 ], [ 18.609622, 54.380397 ], [ 18.611866, 54.378156 ], [ 18.609664, 54.375902 ], [ 18.605219, 54.375887 ], [ 18.602975, 54.378127 ] ] ] } },
{ "type": "Feature", "properties": { "hex_id": 623, "pop_total": 1607.16, "delta_school": -1.0, "base_school": 22.0, "delta_pharmacy": -1.0, "base_pharmacy": 31.0, "delta_university": 0.0, "base_university": 30.0, "delta_mall": 1.0, "base_mall": 6.0, "net_delta": -1.0, "net_delta_n": 4 }, "geometry": { "type": "Polygon", "coordinates": [ [ [ 18.603018, 54.373632 ], [ 18.605219, 54.375887 ], [ 18.609664, 54.375902 ], [ 18.611908, 54.373661 ], [ 18.609707, 54.371407 ], [ 18.605262, 54.371392 ], [ 18.603018, 54.373632 ] ] ] } },
{ "type": "Feature", "properties": { "hex_id": 624, "pop_total": 260.94, "delta_school": 0.0, "base_school": 15.0, "delta_pharmacy": -3.0, "base_pharmacy": 26.0, "delta_university": 0.0, "base_university": 30.0, "delta_mall": 0.0, "base_mall": 5.0, "net_delta": -3.0, "net_delta_n": 4 }, "geometry": { "type": "Polygon", "coordinates": [ [ [ 18.603061, 54.369137 ], [ 18.605262, 54.371392 ], [ 18.609707, 54.371407 ], [ 18.61195, 54.369166 ], [ 18.609749, 54.366912 ], [ 18.605305, 54.366897 ], [ 18.603061, 54.369137 ] ] ] } },
{ "type": "Feature", "properties": { "hex_id": 625, "pop_total": 284.54, "delta_school": 0.0, "base_school": 16.0, "delta_pharmacy": 0.0, "base_pharmacy": 26.0, "delta_university": 0.0, "base_university": 31.0, "delta_mall": 2.0, "base_mall": 5.0, "net_delta": 2.0, "net_delta_n": 4 }, "geometry": { "type": "Polygon", "coordinates": [ [ [ 18.603105, 54.364643 ], [ 18.605305, 54.366897 ], [ 18.609749, 54.366912 ], [ 18.611993, 54.364671 ], [ 18.609792, 54.362417 ], [ 18.605348, 54.362402 ], [ 18.603105, 54.364643 ] ] ] } },
{ "type": "Feature", "properties": { "hex_id": 626, "pop_total": 459.57, "delta_school": 0.0, "base_school": 17.0, "delta_pharmacy": -1.0, "base_pharmacy": 38.0, "delta_university": 0.0, "base_university": 31.0, "delta_mall": -2.0, "base_mall": 11.0, "net_delta": -3.0, "net_delta_n": 4 }, "geometry": { "type": "Polygon", "coordinates": [ [ [ 18.603148, 54.360148 ], [ 18.605348, 54.362402 ], [ 18.609792, 54.362417 ], [ 18.612035, 54.360177 ], [ 18.609835, 54.357922 ], [ 18.605391, 54.357907 ], [ 18.603148, 54.360148 ] ] ] } },
{ "type": "Feature", "properties": { "hex_id": 627, "pop_total": 1898.28, "delta_school": 1.0, "base_school": 18.0, "delta_pharmacy": -1.0, "base_pharmacy": 34.0, "delta_university": -2.0, "base_university": 28.0, "delta_mall": 0.0, "base_mall": 9.0, "net_delta": -2.0, "net_delta_n": 4 }, "geometry": { "type": "Polygon", "coordinates": [ [ [ 18.603191, 54.355653 ], [ 18.605391, 54.357907 ], [ 18.609835, 54.357922 ], [ 18.612078, 54.355682 ], [ 18.609877, 54.353427 ], [ 18.605434, 54.353413 ], [ 18.603191, 54.355653 ] ] ] } },
{ "type": "Feature", "properties": { "hex_id": 628, "pop_total": 2186.37, "delta_school": -1.0, "base_school": 19.0, "delta_pharmacy": -1.0, "base_pharmacy": 32.0, "delta_university": 0.0, "base_university": 6.0, "delta_mall": -1.0, "base_mall": 9.0, "net_delta": -3.0, "net_delta_n": 4 }, "geometry": { "type": "Polygon", "coordinates": [ [ [ 18.603235, 54.351158 ], [ 18.605434, 54.353413 ], [ 18.609877, 54.353427 ], [ 18.61212, 54.351187 ], [ 18.60992, 54.348932 ], [ 18.605477, 54.348918 ], [ 18.603235, 54.351158 ] ] ] } },
{ "type": "Feature", "properties": { "hex_id": 629, "pop_total": 999.76, "delta_school": -3.0, "base_school": 22.0, "delta_pharmacy": -2.0, "base_pharmacy": 42.0, "delta_university": 0.0, "base_university": 3.0, "delta_mall": -1.0, "base_mall": 12.0, "net_delta": -6.0, "net_delta_n": 4 }, "geometry": { "type": "Polygon", "coordinates": [ [ [ 18.603278, 54.346663 ], [ 18.605477, 54.348918 ], [ 18.60992, 54.348932 ], [ 18.612162, 54.346692 ], [ 18.609962, 54.344437 ], [ 18.605521, 54.344423 ], [ 18.603278, 54.346663 ] ] ] } },
{ "type": "Feature", "properties": { "hex_id": 630, "pop_total": 1153.12, "delta_school": -1.0, "base_school": 13.0, "delta_pharmacy": 1.0, "base_pharmacy": 28.0, "delta_university": null, "base_university": 0.0, "delta_mall": -1.0, "base_mall": 11.0, "net_delta": -1.0, "net_delta_n": 3 }, "geometry": { "type": "Polygon", "coordinates": [ [ [ 18.603321, 54.342168 ], [ 18.605521, 54.344423 ], [ 18.609962, 54.344437 ], [ 18.612205, 54.342197 ], [ 18.610005, 54.339942 ], [ 18.605564, 54.339928 ], [ 18.603321, 54.342168 ] ] ] } },
{ "type": "Feature", "properties": { "hex_id": 631, "pop_total": 2792.44, "delta_school": -1.0, "base_school": 20.0, "delta_pharmacy": 2.0, "base_pharmacy": 40.0, "delta_university": 0.0, "base_university": 2.0, "delta_mall": 0.0, "base_mall": 15.0, "net_delta": 1.0, "net_delta_n": 4 }, "geometry": { "type": "Polygon", "coordinates": [ [ [ 18.603364, 54.337673 ], [ 18.605564, 54.339928 ], [ 18.610005, 54.339942 ], [ 18.612247, 54.337702 ], [ 18.610047, 54.335447 ], [ 18.605607, 54.335433 ], [ 18.603364, 54.337673 ] ] ] } },
{ "type": "Feature", "properties": { "hex_id": 632, "pop_total": 1528.04, "delta_school": -1.0, "base_school": 11.0, "delta_pharmacy": 1.0, "base_pharmacy": 21.0, "delta_university": null, "base_university": 0.0, "delta_mall": 1.0, "base_mall": 12.0, "net_delta": 1.0, "net_delta_n": 3 }, "geometry": { "type": "Polygon", "coordinates": [ [ [ 18.603408, 54.333178 ], [ 18.605607, 54.335433 ], [ 18.610047, 54.335447 ], [ 18.612289, 54.333207 ], [ 18.61009, 54.330952 ], [ 18.60565, 54.330938 ], [ 18.603408, 54.333178 ] ] ] } },
{ "type": "Feature", "properties": { "hex_id": 633, "pop_total": 2053.46, "delta_school": 1.0, "base_school": 8.0, "delta_pharmacy": 0.0, "base_pharmacy": 18.0, "delta_university": null, "base_university": 0.0, "delta_mall": 1.0, "base_mall": 6.0, "net_delta": 2.0, "net_delta_n": 3 }, "geometry": { "type": "Polygon", "coordinates": [ [ [ 18.603451, 54.328683 ], [ 18.60565, 54.330938 ], [ 18.61009, 54.330952 ], [ 18.612331, 54.328712 ], [ 18.610133, 54.326457 ], [ 18.605693, 54.326443 ], [ 18.603451, 54.328683 ] ] ] } },
{ "type": "Feature", "properties": { "hex_id": 634, "pop_total": 2479.95, "delta_school": 1.0, "base_school": 14.0, "delta_pharmacy": 0.0, "base_pharmacy": 25.0, "delta_university": null, "base_university": 0.0, "delta_mall": 0.0, "base_mall": 11.0, "net_delta": 1.0, "net_delta_n": 3 }, "geometry": { "type": "Polygon", "coordinates": [ [ [ 18.603494, 54.324188 ], [ 18.605693, 54.326443 ], [ 18.610133, 54.326457 ], [ 18.612374, 54.324217 ], [ 18.610175, 54.321962 ], [ 18.605736, 54.321948 ], [ 18.603494, 54.324188 ] ] ] } },
{ "type": "Feature", "properties": { "hex_id": 635, "pop_total": 555.72, "delta_school": -1.0, "base_school": 10.0, "delta_pharmacy": 0.0, "base_pharmacy": 18.0, "delta_university": null, "base_university": 0.0, "delta_mall": 2.0, "base_mall": 6.0, "net_delta": 1.0, "net_delta_n": 3 }, "geometry": { "type": "Polygon", "coordinates": [ [ [ 18.603537, 54.319693 ], [ 18.605736, 54.321948 ], [ 18.610175, 54.321962 ], [ 18.612416, 54.319722 ], [ 18.610218, 54.317467 ], [ 18.605779, 54.317453 ], [ 18.603537, 54.319693 ] ] ] } },
{ "type": "Feature", "properties": { "hex_id": 636, "pop_total": 721.13, "delta_school": 0.0, "base_school": 4.0, "delta_pharmacy": -1.0, "base_pharmacy": 7.0, "delta_university": null, "base_university": 0.0, "delta_mall": null, "base_mall": 0.0, "net_delta": -1.0, "net_delta_n": 2 }, "geometry": { "type": "Polygon", "coordinates": [ [ [ 18.603581, 54.315198 ], [ 18.605779, 54.317453 ], [ 18.610218, 54.317467 ], [ 18.612458, 54.315227 ], [ 18.61026, 54.312972 ], [ 18.605822, 54.312958 ], [ 18.603581, 54.315198 ] ] ] } },
{ "type": "Feature", "properties": { "hex_id": 637, "pop_total": 124.22, "delta_school": 0.0, "base_school": 3.0, "delta_pharmacy": 1.0, "base_pharmacy": 4.0, "delta_university": null, "base_university": 0.0, "delta_mall": null, "base_mall": 0.0, "net_delta": 1.0, "net_delta_n": 2 }, "geometry": { "type": "Polygon", "coordinates": [ [ [ 18.603624, 54.310703 ], [ 18.605822, 54.312958 ], [ 18.61026, 54.312972 ], [ 18.6125, 54.310732 ], [ 18.610302, 54.308477 ], [ 18.605864, 54.308463 ], [ 18.603624, 54.310703 ] ] ] } },
{ "type": "Feature", "properties": { "hex_id": 638, "pop_total": 90.08, "delta_school": 0.0, "base_school": 3.0, "delta_pharmacy": 0.0, "base_pharmacy": 3.0, "delta_university": null, "base_university": 0.0, "delta_mall": null, "base_mall": 0.0, "net_delta": 0.0, "net_delta_n": 2 }, "geometry": { "type": "Polygon", "coordinates": [ [ [ 18.603667, 54.306208 ], [ 18.605864, 54.308463 ], [ 18.610302, 54.308477 ], [ 18.612543, 54.306237 ], [ 18.610345, 54.303982 ], [ 18.605907, 54.303968 ], [ 18.603667, 54.306208 ] ] ] } },
{ "type": "Feature", "properties": { "hex_id": 639, "pop_total": 1199.24, "delta_school": -1.0, "base_school": 8.0, "delta_pharmacy": 0.0, "base_pharmacy": 4.0, "delta_university": null, "base_university": 0.0, "delta_mall": null, "base_mall": 0.0, "net_delta": -1.0, "net_delta_n": 2 }, "geometry": { "type": "Polygon", "coordinates": [ [ [ 18.60371, 54.301713 ], [ 18.605907, 54.303968 ], [ 18.610345, 54.303982 ], [ 18.612585, 54.301742 ], [ 18.610387, 54.299487 ], [ 18.60595, 54.299473 ], [ 18.60371, 54.301713 ] ] ] } },
{ "type": "Feature", "properties": { "hex_id": 640, "pop_total": 224.58, "delta_school": 0.0, "base_school": 2.0, "delta_pharmacy": -1.0, "base_pharmacy": 3.0, "delta_university": null, "base_university": 0.0, "delta_mall": null, "base_mall": 0.0, "net_delta": -1.0, "net_delta_n": 2 }, "geometry": { "type": "Polygon", "coordinates": [ [ [ 18.603753, 54.297218 ], [ 18.60595, 54.299473 ], [ 18.610387, 54.299487 ], [ 18.612627, 54.297247 ], [ 18.61043, 54.294992 ], [ 18.605993, 54.294978 ], [ 18.603753, 54.297218 ] ] ] } },
{ "type": "Feature", "properties": { "hex_id": 641, "pop_total": 23.64, "delta_school": 0.0, "base_school": 1.0, "delta_pharmacy": 0.0, "base_pharmacy": 1.0, "delta_university": null, "base_university": 0.0, "delta_mall": null, "base_mall": 0.0, "net_delta": 0.0, "net_delta_n": 2 }, "geometry": { "type": "Polygon", "coordinates": [ [ [ 18.603797, 54.292723 ], [ 18.605993, 54.294978 ], [ 18.61043, 54.294992 ], [ 18.612669, 54.292752 ], [ 18.610472, 54.290498 ], [ 18.606036, 54.290483 ], [ 18.603797, 54.292723 ] ] ] } },
{ "type": "Feature", "properties": { "hex_id": 648, "pop_total": 854.09, "delta_school": -2.0, "base_school": 40.0, "delta_pharmacy": 0.0, "base_pharmacy": 51.0, "delta_university": null, "base_university": 0.0, "delta_mall": -1.0, "base_mall": 8.0, "net_delta": -3.0, "net_delta_n": 3 }, "geometry": { "type": "Polygon", "coordinates": [ [ [ 18.609365, 54.407366 ], [ 18.611569, 54.409621 ], [ 18.616018, 54.409635 ], [ 18.618263, 54.407394 ], [ 18.61606, 54.40514 ], [ 18.611611, 54.405126 ], [ 18.609365, 54.407366 ] ] ] } },
{ "type": "Feature", "properties": { "hex_id": 649, "pop_total": 679.78, "delta_school": -2.0, "base_school": 17.0, "delta_pharmacy": -3.0, "base_pharmacy": 31.0, "delta_university": null, "base_university": 0.0, "delta_mall": -1.0, "base_mall": 5.0, "net_delta": -6.0, "net_delta_n": 3 }, "geometry": { "type": "Polygon", "coordinates": [ [ [ 18.609408, 54.402871 ], [ 18.611611, 54.405126 ], [ 18.61606, 54.40514 ], [ 18.618305, 54.4029 ], [ 18.616101, 54.400645 ], [ 18.611654, 54.400631 ], [ 18.609408, 54.402871 ] ] ] } },
{ "type": "Feature", "properties": { "hex_id": 650, "pop_total": 492.13, "delta_school": 0.0, "base_school": 17.0, "delta_pharmacy": -1.0, "base_pharmacy": 23.0, "delta_university": null, "base_university": 0.0, "delta_mall": 0.0, "base_mall": 4.0, "net_delta": -1.0, "net_delta_n": 3 }, "geometry": { "type": "Polygon", "coordinates": [ [ [ 18.609451, 54.398376 ], [ 18.611654, 54.400631 ], [ 18.616101, 54.400645 ], [ 18.618346, 54.398405 ], [ 18.616143, 54.39615 ], [ 18.611696, 54.396136 ], [ 18.609451, 54.398376 ] ] ] } },
{ "type": "Feature", "properties": { "hex_id": 651, "pop_total": 2779.04, "delta_school": 1.0, "base_school": 23.0, "delta_pharmacy": 1.0, "base_pharmacy": 31.0, "delta_university": null, "base_university": 0.0, "delta_mall": 0.0, "base_mall": 6.0, "net_delta": 2.0, "net_delta_n": 3 }, "geometry": { "type": "Polygon", "coordinates": [ [ [ 18.609494, 54.393881 ], [ 18.611696, 54.396136 ], [ 18.616143, 54.39615 ], [ 18.618388, 54.39391 ], [ 18.616185, 54.391655 ], [ 18.611738, 54.391641 ], [ 18.609494, 54.393881 ] ] ] } },
{ "type": "Feature", "properties": { "hex_id": 652, "pop_total": 2399.98, "delta_school": 1.0, "base_school": 25.0, "delta_pharmacy": 4.0, "base_pharmacy": 36.0, "delta_university": 3.0, "base_university": 4.0, "delta_mall": 1.0, "base_mall": 7.0, "net_delta": 9.0, "net_delta_n": 4 }, "geometry": { "type": "Polygon", "coordinates": [ [ [ 18.609536, 54.389386 ], [ 18.611738, 54.391641 ], [ 18.616185, 54.391655 ], [ 18.61843, 54.389415 ], [ 18.616227, 54.38716 ], [ 18.611781, 54.387146 ], [ 18.609536, 54.389386 ] ] ] } },
{ "type": "Feature", "properties": { "hex_id": 653, "pop_total": 2586.47, "delta_school": 2.0, "base_school": 35.0, "delta_pharmacy": 0.0, "base_pharmacy": 53.0, "delta_university": 0.0, "base_university": 24.0, "delta_mall": 0.0, "base_mall": 9.0, "net_delta": 2.0, "net_delta_n": 4 }, "geometry": { "type": "Polygon", "coordinates": [ [ [ 18.609579, 54.384891 ], [ 18.611781, 54.387146 ], [ 18.616227, 54.38716 ], [ 18.618471, 54.38492 ], [ 18.616269, 54.382665 ], [ 18.611823, 54.382651 ], [ 18.609579, 54.384891 ] ] ] } },
{ "type": "Feature", "properties": { "hex_id": 654, "pop_total": 2696.13, "delta_school": 1.0, "base_school": 31.0, "delta_pharmacy": 3.0, "base_pharmacy": 43.0, "delta_university": 0.0, "base_university": 30.0, "delta_mall": 0.0, "base_mall": 9.0, "net_delta": 4.0, "net_delta_n": 4 }, "geometry": { "type": "Polygon", "coordinates": [ [ [ 18.609622, 54.380397 ], [ 18.611823, 54.382651 ], [ 18.616269, 54.382665 ], [ 18.618513, 54.380425 ], [ 18.616311, 54.37817 ], [ 18.611866, 54.378156 ], [ 18.609622, 54.380397 ] ] ] } },
{ "type": "Feature", "properties": { "hex_id": 655, "pop_total": 2664.83, "delta_school": -7.0, "base_school": 61.0, "delta_pharmacy": -5.0, "base_pharmacy": 78.0, "delta_university": 0.0, "base_university": 36.0, "delta_mall": 0.0, "base_mall": 18.0, "net_delta": -12.0, "net_delta_n": 4 }, "geometry": { "type": "Polygon", "coordinates": [ [ [ 18.609664, 54.375902 ], [ 18.611866, 54.378156 ], [ 18.616311, 54.37817 ], [ 18.618555, 54.37593 ], [ 18.616353, 54.373676 ], [ 18.611908, 54.373661 ], [ 18.609664, 54.375902 ] ] ] } },
{ "type": "Feature", "properties": { "hex_id": 656, "pop_total": 271.81, "delta_school": 0.0, "base_school": 23.0, "delta_pharmacy": 0.0, "base_pharmacy": 37.0, "delta_university": -1.0, "base_university": 33.0, "delta_mall": 0.0, "base_mall": 5.0, "net_delta": -1.0, "net_delta_n": 4 }, "geometry": { "type": "Polygon", "coordinates": [ [ [ 18.609707, 54.371407 ], [ 18.611908, 54.373661 ], [ 18.616353, 54.373676 ], [ 18.618596, 54.371435 ], [ 18.616395, 54.369181 ], [ 18.61195, 54.369166 ], [ 18.609707, 54.371407 ] ] ] } },
{ "type": "Feature", "properties": { "hex_id": 657, "pop_total": 261.19, "delta_school": 1.0, "base_school": 20.0, "delta_pharmacy": -1.0, "base_pharmacy": 33.0, "delta_university": 0.0, "base_university": 31.0, "delta_mall": 2.0, "base_mall": 5.0, "net_delta": 2.0, "net_delta_n": 4 }, "geometry": { "type": "Polygon", "coordinates": [ [ [ 18.609749, 54.366912 ], [ 18.61195, 54.369166 ], [ 18.616395, 54.369181 ], [ 18.618638, 54.36694 ], [ 18.616437, 54.364686 ], [ 18.611993, 54.364671 ], [ 18.609749, 54.366912 ] ] ] } },
{ "type": "Feature", "properties": { "hex_id": 658, "pop_total": 334.6, "delta_school": 2.0, "base_school": 16.0, "delta_pharmacy": -1.0, "base_pharmacy": 38.0, "delta_university": -1.0, "base_university": 32.0, "delta_mall": 0.0, "base_mall": 12.0, "net_delta": 0.0, "net_delta_n": 4 }, "geometry": { "type": "Polygon", "coordinates": [ [ [ 18.609792, 54.362417 ], [ 18.611993, 54.364671 ], [ 18.616437, 54.364686 ], [ 18.61868, 54.362445 ], [ 18.616479, 54.360191 ], [ 18.612035, 54.360177 ], [ 18.609792, 54.362417 ] ] ] } },
{ "type": "Feature", "properties": { "hex_id": 659, "pop_total": 810.88, "delta_school": 0.0, "base_school": 14.0, "delta_pharmacy": -1.0, "base_pharmacy": 30.0, "delta_university": 2.0, "base_university": 11.0, "delta_mall": 0.0, "base_mall": 8.0, "net_delta": 1.0, "net_delta_n": 4 }, "geometry": { "type": "Polygon", "coordinates": [ [ [ 18.609835, 54.357922 ], [ 18.612035, 54.360177 ], [ 18.616479, 54.360191 ], [ 18.618721, 54.35795 ], [ 18.616521, 54.355696 ], [ 18.612078, 54.355682 ], [ 18.609835, 54.357922 ] ] ] } },
{ "type": "Feature", "properties": { "hex_id": 660, "pop_total": 2411.21, "delta_school": -1.0, "base_school": 22.0, "delta_pharmacy": 0.0, "base_pharmacy": 37.0, "delta_university": -5.0, "base_university": 28.0, "delta_mall": 0.0, "base_mall": 10.0, "net_delta": -6.0, "net_delta_n": 4 }, "geometry": { "type": "Polygon", "coordinates": [ [ [ 18.609877, 54.353427 ], [ 18.612078, 54.355682 ], [ 18.616521, 54.355696 ], [ 18.618763, 54.353455 ], [ 18.616562, 54.351201 ], [ 18.61212, 54.351187 ], [ 18.609877, 54.353427 ] ] ] } },
{ "type": "Feature", "properties": { "hex_id": 661, "pop_total": 2592.54, "delta_school": 0.0, "base_school": 29.0, "delta_pharmacy": 1.0, "base_pharmacy": 44.0, "delta_university": 2.0, "base_university": 11.0, "delta_mall": 0.0, "base_mall": 13.0, "net_delta": 3.0, "net_delta_n": 4 }, "geometry": { "type": "Polygon", "coordinates": [ [ [ 18.60992, 54.348932 ], [ 18.61212, 54.351187 ], [ 18.616562, 54.351201 ], [ 18.618805, 54.34896 ], [ 18.616604, 54.346706 ], [ 18.612162, 54.346692 ], [ 18.60992, 54.348932 ] ] ] } },
{ "type": "Feature", "properties": { "hex_id": 662, "pop_total": 645.21, "delta_school": 0.0, "base_school": 11.0, "delta_pharmacy": 0.0, "base_pharmacy": 23.0, "delta_university": null, "base_university": 0.0, "delta_mall": 0.0, "base_mall": 11.0, "net_delta": 0.0, "net_delta_n": 3 }, "geometry": { "type": "Polygon", "coordinates": [ [ [ 18.609962, 54.344437 ], [ 18.612162, 54.346692 ], [ 18.616604, 54.346706 ], [ 18.618846, 54.344465 ], [ 18.616646, 54.342211 ], [ 18.612205, 54.342197 ], [ 18.609962, 54.344437 ] ] ] } },
{ "type": "Feature", "properties": { "hex_id": 663, "pop_total": 2847.73, "delta_school": 0.0, "base_school": 16.0, "delta_pharmacy": -1.0, "base_pharmacy": 36.0, "delta_university": 0.0, "base_university": 2.0, "delta_mall": 0.0, "base_mall": 14.0, "net_delta": -1.0, "net_delta_n": 4 }, "geometry": { "type": "Polygon", "coordinates": [ [ [ 18.610005, 54.339942 ], [ 18.612205, 54.342197 ], [ 18.616646, 54.342211 ], [ 18.618888, 54.339971 ], [ 18.616688, 54.337716 ], [ 18.612247, 54.337702 ], [ 18.610005, 54.339942 ] ] ] } },
{ "type": "Feature", "properties": { "hex_id": 664, "pop_total": 2638.14, "delta_school": 0.0, "base_school": 12.0, "delta_pharmacy": 0.0, "base_pharmacy": 28.0, "delta_university": null, "base_university": 0.0, "delta_mall": 1.0, "base_mall": 13.0, "net_delta": 1.0, "net_delta_n": 3 }, "geometry": { "type": "Polygon", "coordinates": [ [ [ 18.610047, 54.335447 ], [ 18.612247, 54.337702 ], [ 18.616688, 54.337716 ], [ 18.618929, 54.335476 ], [ 18.61673, 54.333221 ], [ 18.612289, 54.333207 ], [ 18.610047, 54.335447 ] ] ] } },
{ "type": "Feature", "properties": { "hex_id": 665, "pop_total": 1988.64, "delta_school": 0.0, "base_school": 8.0, "delta_pharmacy": 0.0, "base_pharmacy": 16.0, "delta_university": null, "base_university": 0.0, "delta_mall": 0.0, "base_mall": 5.0, "net_delta": 0.0, "net_delta_n": 3 }, "geometry": { "type": "Polygon", "coordinates": [ [ [ 18.61009, 54.330952 ], [ 18.612289, 54.333207 ], [ 18.61673, 54.333221 ], [ 18.618971, 54.330981 ], [ 18.616772, 54.328726 ], [ 18.612331, 54.328712 ], [ 18.61009, 54.330952 ] ] ] } },
{ "type": "Feature", "properties": { "hex_id": 666, "pop_total": 1326.39, "delta_school": -1.0, "base_school": 7.0, "delta_pharmacy": 0.0, "base_pharmacy": 14.0, "delta_university": null, "base_university": 0.0, "delta_mall": 0.0, "base_mall": 5.0, "net_delta": -1.0, "net_delta_n": 3 }, "geometry": { "type": "Polygon", "coordinates": [ [ [ 18.610133, 54.326457 ], [ 18.612331, 54.328712 ], [ 18.616772, 54.328726 ], [ 18.619012, 54.326486 ], [ 18.616813, 54.324231 ], [ 18.612374, 54.324217 ], [ 18.610133, 54.326457 ] ] ] } },
{ "type": "Feature", "properties": { "hex_id": 667, "pop_total": 2076.31, "delta_school": 0.0, "base_school": 8.0, "delta_pharmacy": 0.0, "base_pharmacy": 14.0, "delta_university": null, "base_university": 0.0, "delta_mall": -1.0, "base_mall": 5.0, "net_delta": -1.0, "net_delta_n": 3 }, "geometry": { "type": "Polygon", "coordinates": [ [ [ 18.610175, 54.321962 ], [ 18.612374, 54.324217 ], [ 18.616813, 54.324231 ], [ 18.619054, 54.321991 ], [ 18.616855, 54.319736 ], [ 18.612416, 54.319722 ], [ 18.610175, 54.321962 ] ] ] } },
{ "type": "Feature", "properties": { "hex_id": 668, "pop_total": 60.0, "delta_school": 0.0, "base_school": 2.0, "delta_pharmacy": 0.0, "base_pharmacy": 3.0, "delta_university": null, "base_university": 0.0, "delta_mall": null, "base_mall": 0.0, "net_delta": 0.0, "net_delta_n": 2 }, "geometry": { "type": "Polygon", "coordinates": [ [ [ 18.610218, 54.317467 ], [ 18.612416, 54.319722 ], [ 18.616855, 54.319736 ], [ 18.619096, 54.317496 ], [ 18.616897, 54.315241 ], [ 18.612458, 54.315227 ], [ 18.610218, 54.317467 ] ] ] } },
{ "type": "Feature", "properties": { "hex_id": 669, "pop_total": 139.81, "delta_school": 0.0, "base_school": 1.0, "delta_pharmacy": 1.0, "base_pharmacy": 2.0, "delta_university": null, "base_university": 0.0, "delta_mall": null, "base_mall": 0.0, "net_delta": 1.0, "net_delta_n": 2 }, "geometry": { "type": "Polygon", "coordinates": [ [ [ 18.61026, 54.312972 ], [ 18.612458, 54.315227 ], [ 18.616897, 54.315241 ], [ 18.619137, 54.313001 ], [ 18.616939, 54.310746 ], [ 18.6125, 54.310732 ], [ 18.61026, 54.312972 ] ] ] } },
{ "type": "Feature", "properties": { "hex_id": 670, "pop_total": 37.48, "delta_school": -1.0, "base_school": 6.0, "delta_pharmacy": 0.0, "base_pharmacy": 4.0, "delta_university": null, "base_university": 0.0, "delta_mall": null, "base_mall": 0.0, "net_delta": -1.0, "net_delta_n": 2 }, "geometry": { "type": "Polygon", "coordinates": [ [ [ 18.610302, 54.308477 ], [ 18.6125, 54.310732 ], [ 18.616939, 54.310746 ], [ 18.619179, 54.308506 ], [ 18.61698, 54.306251 ], [ 18.612543, 54.306237 ], [ 18.610302, 54.308477 ] ] ] } },
{ "type": "Feature", "properties": { "hex_id": 671, "pop_total": 458.03, "delta_school": 1.0, "base_school": 4.0, "delta_pharmacy": 0.0, "base_pharmacy": 3.0, "delta_university": null, "base_university": 0.0, "delta_mall": null, "base_mall": 0.0, "net_delta": 1.0, "net_delta_n": 2 }, "geometry": { "type": "Polygon", "coordinates": [ [ [ 18.610345, 54.303982 ], [ 18.612543, 54.306237 ], [ 18.61698, 54.306251 ], [ 18.61922, 54.304011 ], [ 18.617022, 54.301756 ], [ 18.612585, 54.301742 ], [ 18.610345, 54.303982 ] ] ] } },
{ "type": "Feature", "properties": { "hex_id": 672, "pop_total": 871.53, "delta_school": -1.0, "base_school": 2.0, "delta_pharmacy": -1.0, "base_pharmacy": 3.0, "delta_university": null, "base_university": 0.0, "delta_mall": null, "base_mall": 0.0, "net_delta": -2.0, "net_delta_n": 2 }, "geometry": { "type": "Polygon", "coordinates": [ [ [ 18.610387, 54.299487 ], [ 18.612585, 54.301742 ], [ 18.617022, 54.301756 ], [ 18.619261, 54.299516 ], [ 18.617064, 54.297261 ], [ 18.612627, 54.297247 ], [ 18.610387, 54.299487 ] ] ] } },
{ "type": "Feature", "properties": { "hex_id": 673, "pop_total": 77.51, "delta_school": 0.0, "base_school": 1.0, "delta_pharmacy": 0.0, "base_pharmacy": 1.0, "delta_university": null, "base_university": 0.0, "delta_mall": null, "base_mall": 0.0, "net_delta": 0.0, "net_delta_n": 2 }, "geometry": { "type": "Polygon", "coordinates": [ [ [ 18.61043, 54.294992 ], [ 18.612627, 54.297247 ], [ 18.617064, 54.297261 ], [ 18.619303, 54.295021 ], [ 18.617106, 54.292766 ], [ 18.612669, 54.292752 ], [ 18.61043, 54.294992 ] ] ] } },
{ "type": "Feature", "properties": { "hex_id": 678, "pop_total": 12.98, "delta_school": 0.0, "base_school": 5.0, "delta_pharmacy": -2.0, "base_pharmacy": 10.0, "delta_university": null, "base_university": 0.0, "delta_mall": 0.0, "base_mall": 1.0, "net_delta": -2.0, "net_delta_n": 3 }, "geometry": { "type": "Polygon", "coordinates": [ [ [ 18.615976, 54.41413 ], [ 18.618179, 54.416384 ], [ 18.622629, 54.416398 ], [ 18.624874, 54.414158 ], [ 18.62267, 54.411903 ], [ 18.618221, 54.411889 ], [ 18.615976, 54.41413 ] ] ] } },
{ "type": "Feature", "properties": { "hex_id": 679, "pop_total": 259.37, "delta_school": -1.0, "base_school": 11.0, "delta_pharmacy": -3.0, "base_pharmacy": 18.0, "delta_university": null, "base_university": 0.0, "delta_mall": 0.0, "base_mall": 2.0, "net_delta": -4.0, "net_delta_n": 3 }, "geometry": { "type": "Polygon", "coordinates": [ [ [ 18.616018, 54.409635 ], [ 18.618221, 54.411889 ], [ 18.62267, 54.411903 ], [ 18.624915, 54.409663 ], [ 18.622712, 54.407408 ], [ 18.618263, 54.407394 ], [ 18.616018, 54.409635 ] ] ] } },
{ "type": "Feature", "properties": { "hex_id": 680, "pop_total": 393.04, "delta_school": -2.0, "base_school": 30.0, "delta_pharmacy": -6.0, "base_pharmacy": 31.0, "delta_university": -4.0, "base_university": 4.0, "delta_mall": -2.0, "base_mall": 5.0, "net_delta": -14.0, "net_delta_n": 4 }, "geometry": { "type": "Polygon", "coordinates": [ [ [ 18.61606, 54.40514 ], [ 18.618263, 54.407394 ], [ 18.622712, 54.407408 ], [ 18.624956, 54.405168 ], [ 18.622753, 54.402914 ], [ 18.618305, 54.4029 ], [ 18.61606, 54.40514 ] ] ] } },
{ "type": "Feature", "properties": { "hex_id": 681, "pop_total": 76.25, "delta_school": -2.0, "base_school": 27.0, "delta_pharmacy": -1.0, "base_pharmacy": 30.0, "delta_university": null, "base_university": 0.0, "delta_mall": 0.0, "base_mall": 5.0, "net_delta": -3.0, "net_delta_n": 3 }, "geometry": { "type": "Polygon", "coordinates": [ [ [ 18.616101, 54.400645 ], [ 18.618305, 54.4029 ], [ 18.622753, 54.402914 ], [ 18.624997, 54.400673 ], [ 18.622794, 54.398419 ], [ 18.618346, 54.398405 ], [ 18.616101, 54.400645 ] ] ] } },
{ "type": "Feature", "properties": { "hex_id": 682, "pop_total": 782.22, "delta_school": -2.0, "base_school": 21.0, "delta_pharmacy": 1.0, "base_pharmacy": 31.0, "delta_university": -1.0, "base_university": 19.0, "delta_mall": 0.0, "base_mall": 4.0, "net_delta": -2.0, "net_delta_n": 4 }, "geometry": { "type": "Polygon", "coordinates": [ [ [ 18.616143, 54.39615 ], [ 18.618346, 54.398405 ], [ 18.622794, 54.398419 ], [ 18.625038, 54.396178 ], [ 18.622835, 54.393924 ], [ 18.618388, 54.39391 ], [ 18.616143, 54.39615 ] ] ] } },
{ "type": "Feature", "properties": { "hex_id": 683, "pop_total": 921.81, "delta_school": 0.0, "base_school": 23.0, "delta_pharmacy": 3.0, "base_pharmacy": 31.0, "delta_university": 2.0, "base_university": 19.0, "delta_mall": 2.0, "base_mall": 5.0, "net_delta": 7.0, "net_delta_n": 4 }, "geometry": { "type": "Polygon", "coordinates": [ [ [ 18.616185, 54.391655 ], [ 18.618388, 54.39391 ], [ 18.622835, 54.393924 ], [ 18.625079, 54.391683 ], [ 18.622877, 54.389429 ], [ 18.61843, 54.389415 ], [ 18.616185, 54.391655 ] ] ] } },
{ "type": "Feature", "properties": { "hex_id": 684, "pop_total": 3003.04, "delta_school": -1.0, "base_school": 30.0, "delta_pharmacy": -1.0, "base_pharmacy": 44.0, "delta_university": 2.0, "base_university": 25.0, "delta_mall": 0.0, "base_mall": 9.0, "net_delta": 0.0, "net_delta_n": 4 }, "geometry": { "type": "Polygon", "coordinates": [ [ [ 18.616227, 54.38716 ], [ 18.61843, 54.389415 ], [ 18.622877, 54.389429 ], [ 18.62512, 54.387188 ], [ 18.622918, 54.384934 ], [ 18.618471, 54.38492 ], [ 18.616227, 54.38716 ] ] ] } },
{ "type": "Feature", "properties": { "hex_id": 685, "pop_total": 1424.99, "delta_school": 0.0, "base_school": 39.0, "delta_pharmacy": -4.0, "base_pharmacy": 65.0, "delta_university": 0.0, "base_university": 30.0, "delta_mall": 0.0, "base_mall": 15.0, "net_delta": -4.0, "net_delta_n": 4 }, "geometry": { "type": "Polygon", "coordinates": [ [ [ 18.616269, 54.382665 ], [ 18.618471, 54.38492 ], [ 18.622918, 54.384934 ], [ 18.625161, 54.382693 ], [ 18.622959, 54.380439 ], [ 18.618513, 54.380425 ], [ 18.616269, 54.382665 ] ] ] } },
{ "type": "Feature", "properties": { "hex_id": 686, "pop_total": 1314.11, "delta_school": 0.0, "base_school": 41.0, "delta_pharmacy": -1.0, "base_pharmacy": 65.0, "delta_university": 0.0, "base_university": 33.0, "delta_mall": 0.0, "base_mall": 15.0, "net_delta": -1.0, "net_delta_n": 4 }, "geometry": { "type": "Polygon", "coordinates": [ [ [ 18.616311, 54.37817 ], [ 18.618513, 54.380425 ], [ 18.622959, 54.380439 ], [ 18.625202, 54.378198 ], [ 18.623, 54.375944 ], [ 18.618555, 54.37593 ], [ 18.616311, 54.37817 ] ] ] } },
{ "type": "Feature", "properties": { "hex_id": 687, "pop_total": 781.47, "delta_school": -8.0, "base_school": 56.0, "delta_pharmacy": -4.0, "base_pharmacy": 73.0, "delta_university": 0.0, "base_university": 36.0, "delta_mall": 0.0, "base_mall": 16.0, "net_delta": -12.0, "net_delta_n": 4 }, "geometry": { "type": "Polygon", "coordinates": [ [ [ 18.616353, 54.373676 ], [ 18.618555, 54.37593 ], [ 18.623, 54.375944 ], [ 18.625243, 54.373703 ], [ 18.623041, 54.371449 ], [ 18.618596, 54.371435 ], [ 18.616353, 54.373676 ] ] ] } },
{ "type": "Feature", "properties": { "hex_id": 688, "pop_total": 127.12, "delta_school": 0.0, "base_school": 22.0, "delta_pharmacy": 1.0, "base_pharmacy": 36.0, "delta_university": 0.0, "base_university": 32.0, "delta_mall": -1.0, "base_mall": 11.0, "net_delta": 0.0, "net_delta_n": 4 }, "geometry": { "type": "Polygon", "coordinates": [ [ [ 18.616395, 54.369181 ], [ 18.618596, 54.371435 ], [ 18.623041, 54.371449 ], [ 18.625284, 54.369209 ], [ 18.623082, 54.366954 ], [ 18.618638, 54.36694 ], [ 18.616395, 54.369181 ] ] ] } },
{ "type": "Feature", "properties": { "hex_id": 689, "pop_total": 49.26, "delta_school": 1.0, "base_school": 13.0, "delta_pharmacy": -3.0, "base_pharmacy": 30.0, "delta_university": -1.0, "base_university": 32.0, "delta_mall": 1.0, "base_mall": 8.0, "net_delta": -2.0, "net_delta_n": 4 }, "geometry": { "type": "Polygon", "coordinates": [ [ [ 18.616437, 54.364686 ], [ 18.618638, 54.36694 ], [ 18.623082, 54.366954 ], [ 18.625325, 54.364714 ], [ 18.623124, 54.362459 ], [ 18.61868, 54.362445 ], [ 18.616437, 54.364686 ] ] ] } },
{ "type": "Feature", "properties": { "hex_id": 690, "pop_total": 317.32, "delta_school": 0.0, "base_school": 2.0, "delta_pharmacy": 0.0, "base_pharmacy": 6.0, "delta_university": 0.0, "base_university": 4.0, "delta_mall": null, "base_mall": 0.0, "net_delta": 0.0, "net_delta_n": 3 }, "geometry": { "type": "Polygon", "coordinates": [ [ [ 18.616479, 54.360191 ], [ 18.61868, 54.362445 ], [ 18.623124, 54.362459 ], [ 18.625366, 54.360219 ], [ 18.623165, 54.357964 ], [ 18.618721, 54.35795 ], [ 18.616479, 54.360191 ] ] ] } },
{ "type": "Feature", "properties": { "hex_id": 691, "pop_total": 1373.24, "delta_school": 1.0, "base_school": 18.0, "delta_pharmacy": 1.0, "base_pharmacy": 35.0, "delta_university": 3.0, "base_university": 17.0, "delta_mall": 0.0, "base_mall": 10.0, "net_delta": 5.0, "net_delta_n": 4 }, "geometry": { "type": "Polygon", "coordinates": [ [ [ 18.616521, 54.355696 ], [ 18.618721, 54.35795 ], [ 18.623165, 54.357964 ], [ 18.625407, 54.355724 ], [ 18.623206, 54.353469 ], [ 18.618763, 54.353455 ], [ 18.616521, 54.355696 ] ] ] } },
{ "type": "Feature", "properties": { "hex_id": 692, "pop_total": 1573.95, "delta_school": -2.0, "base_school": 21.0, "delta_pharmacy": 0.0, "base_pharmacy": 36.0, "delta_university": 0.0, "base_university": 2.0, "delta_mall": 0.0, "base_mall": 12.0, "net_delta": -2.0, "net_delta_n": 4 }, "geometry": { "type": "Polygon", "coordinates": [ [ [ 18.616562, 54.351201 ], [ 18.618763, 54.353455 ], [ 18.623206, 54.353469 ], [ 18.625448, 54.351229 ], [ 18.623247, 54.348974 ], [ 18.618805, 54.34896 ], [ 18.616562, 54.351201 ] ] ] } },
{ "type": "Feature", "properties": { "hex_id": 693, "pop_total": 1581.83, "delta_school": 0.0, "base_school": 13.0, "delta_pharmacy": 0.0, "base_pharmacy": 27.0, "delta_university": -1.0, "base_university": 2.0, "delta_mall": 0.0, "base_mall": 11.0, "net_delta": -1.0, "net_delta_n": 4 }, "geometry": { "type": "Polygon", "coordinates": [ [ [ 18.616604, 54.346706 ], [ 18.618805, 54.34896 ], [ 18.623247, 54.348974 ], [ 18.625489, 54.346734 ], [ 18.623288, 54.344479 ], [ 18.618846, 54.344465 ], [ 18.616604, 54.346706 ] ] ] } },
{ "type": "Feature", "properties": { "hex_id": 694, "pop_total": 3025.56, "delta_school": -1.0, "base_school": 16.0, "delta_pharmacy": -1.0, "base_pharmacy": 34.0, "delta_university": 0.0, "base_university": 2.0, "delta_mall": 0.0, "base_mall": 11.0, "net_delta": -2.0, "net_delta_n": 4 }, "geometry": { "type": "Polygon", "coordinates": [ [ [ 18.616646, 54.342211 ], [ 18.618846, 54.344465 ], [ 18.623288, 54.344479 ], [ 18.625529, 54.342239 ], [ 18.623329, 54.339984 ], [ 18.618888, 54.339971 ], [ 18.616646, 54.342211 ] ] ] } },
{ "type": "Feature", "properties": { "hex_id": 695, "pop_total": 1101.15, "delta_school": 1.0, "base_school": 19.0, "delta_pharmacy": 0.0, "base_pharmacy": 38.0, "delta_university": 0.0, "base_university": 2.0, "delta_mall": 0.0, "base_mall": 15.0, "net_delta": 1.0, "net_delta_n": 4 }, "geometry": { "type": "Polygon", "coordinates": [ [ [ 18.616688, 54.337716 ], [ 18.618888, 54.339971 ], [ 18.623329, 54.339984 ], [ 18.62557, 54.337744 ], [ 18.62337, 54.33549 ], [ 18.618929, 54.335476 ], [ 18.616688, 54.337716 ] ] ] } },
{ "type": "Feature", "properties": { "hex_id": 696, "pop_total": 1117.22, "delta_school": 1.0, "base_school": 10.0, "delta_pharmacy": -1.0, "base_pharmacy": 21.0, "delta_university": null, "base_university": 0.0, "delta_mall": 0.0, "base_mall": 10.0, "net_delta": 0.0, "net_delta_n": 3 }, "geometry": { "type": "Polygon", "coordinates": [ [ [ 18.61673, 54.333221 ], [ 18.618929, 54.335476 ], [ 18.62337, 54.33549 ], [ 18.625611, 54.333249 ], [ 18.623411, 54.330995 ], [ 18.618971, 54.330981 ], [ 18.61673, 54.333221 ] ] ] } },
{ "type": "Feature", "properties": { "hex_id": 697, "pop_total": 2554.15, "delta_school": 0.0, "base_school": 7.0, "delta_pharmacy": -1.0, "base_pharmacy": 16.0, "delta_university": null, "base_university": 0.0, "delta_mall": -1.0, "base_mall": 6.0, "net_delta": -2.0, "net_delta_n": 3 }, "geometry": { "type": "Polygon", "coordinates": [ [ [ 18.616772, 54.328726 ], [ 18.618971, 54.330981 ], [ 18.623411, 54.330995 ], [ 18.625652, 54.328754 ], [ 18.623452, 54.3265 ], [ 18.619012, 54.326486 ], [ 18.616772, 54.328726 ] ] ] } },
{ "type": "Feature", "properties": { "hex_id": 698, "pop_total": 2111.0, "delta_school": 0.0, "base_school": 7.0, "delta_pharmacy": 0.0, "base_pharmacy": 11.0, "delta_university": null, "base_university": 0.0, "delta_mall": 0.0, "base_mall": 2.0, "net_delta": 0.0, "net_delta_n": 3 }, "geometry": { "type": "Polygon", "coordinates": [ [ [ 18.616813, 54.324231 ], [ 18.619012, 54.326486 ], [ 18.623452, 54.3265 ], [ 18.625693, 54.324259 ], [ 18.623493, 54.322005 ], [ 18.619054, 54.321991 ], [ 18.616813, 54.324231 ] ] ] } },
{ "type": "Feature", "properties": { "hex_id": 699, "pop_total": 68.51, "delta_school": 0.0, "base_school": 4.0, "delta_pharmacy": 0.0, "base_pharmacy": 8.0, "delta_university": null, "base_university": 0.0, "delta_mall": 0.0, "base_mall": 2.0, "net_delta": 0.0, "net_delta_n": 3 }, "geometry": { "type": "Polygon", "coordinates": [ [ [ 18.616855, 54.319736 ], [ 18.619054, 54.321991 ], [ 18.623493, 54.322005 ], [ 18.625734, 54.319764 ], [ 18.623535, 54.31751 ], [ 18.619096, 54.317496 ], [ 18.616855, 54.319736 ] ] ] } },
{ "type": "Feature", "properties": { "hex_id": 700, "pop_total": 43.33, "delta_school": 0.0, "base_school": 2.0, "delta_pharmacy": 0.0, "base_pharmacy": 3.0, "delta_university": null, "base_university": 0.0, "delta_mall": null, "base_mall": 0.0, "net_delta": 0.0, "net_delta_n": 2 }, "geometry": { "type": "Polygon", "coordinates": [ [ [ 18.616897, 54.315241 ], [ 18.619096, 54.317496 ], [ 18.623535, 54.31751 ], [ 18.625774, 54.315269 ], [ 18.623576, 54.313015 ], [ 18.619137, 54.313001 ], [ 18.616897, 54.315241 ] ] ] } },
{ "type": "Feature", "properties": { "hex_id": 701, "pop_total": 144.22, "delta_school": null, "base_school": 0.0, "delta_pharmacy": 0.0, "base_pharmacy": 1.0, "delta_university": null, "base_university": 0.0, "delta_mall": null, "base_mall": 0.0, "net_delta": 0.0, "net_delta_n": 1 }, "geometry": { "type": "Polygon", "coordinates": [ [ [ 18.616939, 54.310746 ], [ 18.619137, 54.313001 ], [ 18.623576, 54.313015 ], [ 18.625815, 54.310774 ], [ 18.623617, 54.30852 ], [ 18.619179, 54.308506 ], [ 18.616939, 54.310746 ] ] ] } },
{ "type": "Feature", "properties": { "hex_id": 703, "pop_total": 19.49, "delta_school": null, "base_school": 0.0, "delta_pharmacy": 0.0, "base_pharmacy": 1.0, "delta_university": null, "base_university": 0.0, "delta_mall": null, "base_mall": 0.0, "net_delta": 0.0, "net_delta_n": 1 }, "geometry": { "type": "Polygon", "coordinates": [ [ [ 18.617022, 54.301756 ], [ 18.61922, 54.304011 ], [ 18.623658, 54.304025 ], [ 18.625897, 54.301784 ], [ 18.623699, 54.29953 ], [ 18.619261, 54.299516 ], [ 18.617022, 54.301756 ] ] ] } },
{ "type": "Feature", "properties": { "hex_id": 704, "pop_total": 47.32, "delta_school": null, "base_school": 0.0, "delta_pharmacy": 0.0, "base_pharmacy": 1.0, "delta_university": null, "base_university": 0.0, "delta_mall": null, "base_mall": 0.0, "net_delta": 0.0, "net_delta_n": 1 }, "geometry": { "type": "Polygon", "coordinates": [ [ [ 18.617064, 54.297261 ], [ 18.619261, 54.299516 ], [ 18.623699, 54.29953 ], [ 18.625937, 54.297289 ], [ 18.62374, 54.295035 ], [ 18.619303, 54.295021 ], [ 18.617064, 54.297261 ] ] ] } },
{ "type": "Feature", "properties": { "hex_id": 705, "pop_total": 11.23, "delta_school": null, "base_school": 0.0, "delta_pharmacy": null, "base_pharmacy": 0.0, "delta_university": null, "base_university": 0.0, "delta_mall": null, "base_mall": 0.0, "net_delta": null, "net_delta_n": 0 }, "geometry": { "type": "Polygon", "coordinates": [ [ [ 18.617106, 54.292766 ], [ 18.619303, 54.295021 ], [ 18.62374, 54.295035 ], [ 18.625978, 54.292794 ], [ 18.623781, 54.29054 ], [ 18.619344, 54.290526 ], [ 18.617106, 54.292766 ] ] ] } },
{ "type": "Feature", "properties": { "hex_id": 710, "pop_total": 42.41, "delta_school": -3.0, "base_school": 9.0, "delta_pharmacy": 0.0, "base_pharmacy": 7.0, "delta_university": null, "base_university": 0.0, "delta_mall": null, "base_mall": 0.0, "net_delta": -3.0, "net_delta_n": 2 }, "geometry": { "type": "Polygon", "coordinates": [ [ [ 18.62267, 54.411903 ], [ 18.624874, 54.414158 ], [ 18.629324, 54.414171 ], [ 18.631569, 54.411931 ], [ 18.629364, 54.409677 ], [ 18.624915, 54.409663 ], [ 18.62267, 54.411903 ] ] ] } },
{ "type": "Feature", "properties": { "hex_id": 711, "pop_total": 1746.74, "delta_school": 2.0, "base_school": 18.0, "delta_pharmacy": -1.0, "base_pharmacy": 17.0, "delta_university": null, "base_university": 0.0, "delta_mall": 0.0, "base_mall": 3.0, "net_delta": 1.0, "net_delta_n": 3 }, "geometry": { "type": "Polygon", "coordinates": [ [ [ 18.622712, 54.407408 ], [ 18.624915, 54.409663 ], [ 18.629364, 54.409677 ], [ 18.631609, 54.407436 ], [ 18.629405, 54.405182 ], [ 18.624956, 54.405168 ], [ 18.622712, 54.407408 ] ] ] } },
{ "type": "Feature", "properties": { "hex_id": 712, "pop_total": 1533.47, "delta_school": 1.0, "base_school": 22.0, "delta_pharmacy": -1.0, "base_pharmacy": 23.0, "delta_university": null, "base_university": 0.0, "delta_mall": 0.0, "base_mall": 3.0, "net_delta": 0.0, "net_delta_n": 3 }, "geometry": { "type": "Polygon", "coordinates": [ [ [ 18.622753, 54.402914 ], [ 18.624956, 54.405168 ], [ 18.629405, 54.405182 ], [ 18.631649, 54.402941 ], [ 18.629445, 54.400687 ], [ 18.624997, 54.400673 ], [ 18.622753, 54.402914 ] ] ] } },
{ "type": "Feature", "properties": { "hex_id": 713, "pop_total": 42.04, "delta_school": 0.0, "base_school": 19.0, "delta_pharmacy": 0.0, "base_pharmacy": 22.0, "delta_university": null, "base_university": 0.0, "delta_mall": 1.0, "base_mall": 2.0, "net_delta": 1.0, "net_delta_n": 3 }, "geometry": { "type": "Polygon", "coordinates": [ [ [ 18.622794, 54.398419 ], [ 18.624997, 54.400673 ], [ 18.629445, 54.400687 ], [ 18.63169, 54.398446 ], [ 18.629486, 54.396192 ], [ 18.625038, 54.396178 ], [ 18.622794, 54.398419 ] ] ] } },
{ "type": "Feature", "properties": { "hex_id": 714, "pop_total": 26.49, "delta_school": -1.0, "base_school": 7.0, "delta_pharmacy": 0.0, "base_pharmacy": 6.0, "delta_university": null, "base_university": 0.0, "delta_mall": 0.0, "base_mall": 3.0, "net_delta": -1.0, "net_delta_n": 3 }, "geometry": { "type": "Polygon", "coordinates": [ [ [ 18.622835, 54.393924 ], [ 18.625038, 54.396178 ], [ 18.629486, 54.396192 ], [ 18.63173, 54.393951 ], [ 18.629526, 54.391697 ], [ 18.625079, 54.391683 ], [ 18.622835, 54.393924 ] ] ] } },
{ "type": "Feature", "properties": { "hex_id": 715, "pop_total": 2110.23, "delta_school": 0.0, "base_school": 16.0, "delta_pharmacy": 1.0, "base_pharmacy": 15.0, "delta_university": 3.0, "base_university": 9.0, "delta_mall": 0.0, "base_mall": 4.0, "net_delta": 4.0, "net_delta_n": 4 }, "geometry": { "type": "Polygon", "coordinates": [ [ [ 18.622877, 54.389429 ], [ 18.625079, 54.391683 ], [ 18.629526, 54.391697 ], [ 18.63177, 54.389456 ], [ 18.629567, 54.387202 ], [ 18.62512, 54.387188 ], [ 18.622877, 54.389429 ] ] ] } },
{ "type": "Feature", "properties": { "hex_id": 716, "pop_total": 2800.22, "delta_school": -1.0, "base_school": 19.0, "delta_pharmacy": 5.0, "base_pharmacy": 24.0, "delta_university": 1.0, "base_university": 14.0, "delta_mall": 0.0, "base_mall": 5.0, "net_delta": 5.0, "net_delta_n": 4 }, "geometry": { "type": "Polygon", "coordinates": [ [ [ 18.622918, 54.384934 ], [ 18.62512, 54.387188 ], [ 18.629567, 54.387202 ], [ 18.63181, 54.384961 ], [ 18.629607, 54.382707 ], [ 18.625161, 54.382693 ], [ 18.622918, 54.384934 ] ] ] } },
{ "type": "Feature", "properties": { "hex_id": 717, "pop_total": 1966.08, "delta_school": 0.0, "base_school": 23.0, "delta_pharmacy": 2.0, "base_pharmacy": 33.0, "delta_university": 0.0, "base_university": 25.0, "delta_mall": 1.0, "base_mall": 6.0, "net_delta": 3.0, "net_delta_n": 4 }, "geometry": { "type": "Polygon", "coordinates": [ [ [ 18.622959, 54.380439 ], [ 18.625161, 54.382693 ], [ 18.629607, 54.382707 ], [ 18.63185, 54.380466 ], [ 18.629648, 54.378212 ], [ 18.625202, 54.378198 ], [ 18.622959, 54.380439 ] ] ] } },
{ "type": "Feature", "properties": { "hex_id": 718, "pop_total": 701.25, "delta_school": -4.0, "base_school": 43.0, "delta_pharmacy": -2.0, "base_pharmacy": 61.0, "delta_university": -1.0, "base_university": 33.0, "delta_mall": 0.0, "base_mall": 15.0, "net_delta": -7.0, "net_delta_n": 4 }, "geometry": { "type": "Polygon", "coordinates": [ [ [ 18.623, 54.375944 ], [ 18.625202, 54.378198 ], [ 18.629648, 54.378212 ], [ 18.631891, 54.375971 ], [ 18.629688, 54.373717 ], [ 18.625243, 54.373703 ], [ 18.623, 54.375944 ] ] ] } },
{ "type": "Feature", "properties": { "hex_id": 719, "pop_total": 41.36, "delta_school": -5.0, "base_school": 44.0, "delta_pharmacy": -5.0, "base_pharmacy": 59.0, "delta_university": 0.0, "base_university": 34.0, "delta_mall": 0.0, "base_mall": 13.0, "net_delta": -10.0, "net_delta_n": 4 }, "geometry": { "type": "Polygon", "coordinates": [ [ [ 18.623041, 54.371449 ], [ 18.625243, 54.373703 ], [ 18.629688, 54.373717 ], [ 18.631931, 54.371476 ], [ 18.629729, 54.369222 ], [ 18.625284, 54.369209 ], [ 18.623041, 54.371449 ] ] ] } },
{ "type": "Feature", "properties": { "hex_id": 720, "pop_total": 675.8, "delta_school": -2.0, "base_school": 40.0, "delta_pharmacy": -3.0, "base_pharmacy": 55.0, "delta_university": 0.0, "base_university": 32.0, "delta_mall": 0.0, "base_mall": 12.0, "net_delta": -5.0, "net_delta_n": 4 }, "geometry": { "type": "Polygon", "coordinates": [ [ [ 18.623082, 54.366954 ], [ 18.625284, 54.369209 ], [ 18.629729, 54.369222 ], [ 18.631971, 54.366982 ], [ 18.629769, 54.364727 ], [ 18.625325, 54.364714 ], [ 18.623082, 54.366954 ] ] ] } },
{ "type": "Feature", "properties": { "hex_id": 721, "pop_total": 368.01, "delta_school": 1.0, "base_school": 7.0, "delta_pharmacy": -1.0, "base_pharmacy": 25.0, "delta_university": -1.0, "base_university": 24.0, "delta_mall": -1.0, "base_mall": 8.0, "net_delta": -2.0, "net_delta_n": 4 }, "geometry": { "type": "Polygon", "coordinates": [ [ [ 18.623124, 54.362459 ], [ 18.625325, 54.364714 ], [ 18.629769, 54.364727 ], [ 18.632011, 54.362487 ], [ 18.62981, 54.360232 ], [ 18.625366, 54.360219 ], [ 18.623124, 54.362459 ] ] ] } },
{ "type": "Feature", "properties": { "hex_id": 722, "pop_total": 1306.67, "delta_school": 0.0, "base_school": 16.0, "delta_pharmacy": 0.0, "base_pharmacy": 34.0, "delta_university": 0.0, "base_university": 5.0, "delta_mall": 1.0, "base_mall": 8.0, "net_delta": 1.0, "net_delta_n": 4 }, "geometry": { "type": "Polygon", "coordinates": [ [ [ 18.623165, 54.357964 ], [ 18.625366, 54.360219 ], [ 18.62981, 54.360232 ], [ 18.632051, 54.357992 ], [ 18.62985, 54.355737 ], [ 18.625407, 54.355724 ], [ 18.623165, 54.357964 ] ] ] } },
{ "type": "Feature", "properties": { "hex_id": 723, "pop_total": 961.33, "delta_school": -1.0, "base_school": 18.0, "delta_pharmacy": 0.0, "base_pharmacy": 35.0, "delta_university": -1.0, "base_university": 4.0, "delta_mall": 0.0, "base_mall": 9.0, "net_delta": -2.0, "net_delta_n": 4 }, "geometry": { "type": "Polygon", "coordinates": [ [ [ 18.623206, 54.353469 ], [ 18.625407, 54.355724 ], [ 18.62985, 54.355737 ], [ 18.632092, 54.353497 ], [ 18.62989, 54.351242 ], [ 18.625448, 54.351229 ], [ 18.623206, 54.353469 ] ] ] } },
{ "type": "Feature", "properties": { "hex_id": 724, "pop_total": 2369.51, "delta_school": -1.0, "base_school": 27.0, "delta_pharmacy": 2.0, "base_pharmacy": 43.0, "delta_university": 2.0, "base_university": 10.0, "delta_mall": 0.0, "base_mall": 13.0, "net_delta": 3.0, "net_delta_n": 4 }, "geometry": { "type": "Polygon", "coordinates": [ [ [ 18.623247, 54.348974 ], [ 18.625448, 54.351229 ], [ 18.62989, 54.351242 ], [ 18.632132, 54.349002 ], [ 18.629931, 54.346748 ], [ 18.625489, 54.346734 ], [ 18.623247, 54.348974 ] ] ] } },
{ "type": "Feature", "properties": { "hex_id": 725, "pop_total": 1180.89, "delta_school": -1.0, "base_school": 16.0, "delta_pharmacy": 0.0, "base_pharmacy": 33.0, "delta_university": -1.0, "base_university": 6.0, "delta_mall": 1.0, "base_mall": 11.0, "net_delta": -1.0, "net_delta_n": 4 }, "geometry": { "type": "Polygon", "coordinates": [ [ [ 18.623288, 54.344479 ], [ 18.625489, 54.346734 ], [ 18.629931, 54.346748 ], [ 18.632172, 54.344507 ], [ 18.629971, 54.342253 ], [ 18.625529, 54.342239 ], [ 18.623288, 54.344479 ] ] ] } },
{ "type": "Feature", "properties": { "hex_id": 726, "pop_total": 2518.52, "delta_school": -2.0, "base_school": 16.0, "delta_pharmacy": -2.0, "base_pharmacy": 26.0, "delta_university": 0.0, "base_university": 2.0, "delta_mall": -1.0, "base_mall": 9.0, "net_delta": -5.0, "net_delta_n": 4 }, "geometry": { "type": "Polygon", "coordinates": [ [ [ 18.623329, 54.339984 ], [ 18.625529, 54.342239 ], [ 18.629971, 54.342253 ], [ 18.632212, 54.340012 ], [ 18.630012, 54.337758 ], [ 18.62557, 54.337744 ], [ 18.623329, 54.339984 ] ] ] } },
{ "type": "Feature", "properties": { "hex_id": 727, "pop_total": 2264.85, "delta_school": 1.0, "base_school": 12.0, "delta_pharmacy": -3.0, "base_pharmacy": 25.0, "delta_university": -1.0, "base_university": 1.0, "delta_mall": 0.0, "base_mall": 10.0, "net_delta": -3.0, "net_delta_n": 4 }, "geometry": { "type": "Polygon", "coordinates": [ [ [ 18.62337, 54.33549 ], [ 18.62557, 54.337744 ], [ 18.630012, 54.337758 ], [ 18.632252, 54.335517 ], [ 18.630052, 54.333263 ], [ 18.625611, 54.333249 ], [ 18.62337, 54.33549 ] ] ] } },
{ "type": "Feature", "properties": { "hex_id": 728, "pop_total": 2270.68, "delta_school": -1.0, "base_school": 12.0, "delta_pharmacy": -2.0, "base_pharmacy": 25.0, "delta_university": 0.0, "base_university": 1.0, "delta_mall": 0.0, "base_mall": 10.0, "net_delta": -3.0, "net_delta_n": 4 }, "geometry": { "type": "Polygon", "coordinates": [ [ [ 18.623411, 54.330995 ], [ 18.625611, 54.333249 ], [ 18.630052, 54.333263 ], [ 18.632292, 54.331022 ], [ 18.630092, 54.328768 ], [ 18.625652, 54.328754 ], [ 18.623411, 54.330995 ] ] ] } },
{ "type": "Feature", "properties": { "hex_id": 729, "pop_total": 1603.34, "delta_school": -1.0, "base_school": 9.0, "delta_pharmacy": 0.0, "base_pharmacy": 15.0, "delta_university": null, "base_university": 0.0, "delta_mall": 1.0, "base_mall": 6.0, "net_delta": 0.0, "net_delta_n": 3 }, "geometry": { "type": "Polygon", "coordinates": [ [ [ 18.623452, 54.3265 ], [ 18.625652, 54.328754 ], [ 18.630092, 54.328768 ], [ 18.632332, 54.326527 ], [ 18.630133, 54.324273 ], [ 18.625693, 54.324259 ], [ 18.623452, 54.3265 ] ] ] } },
{ "type": "Feature", "properties": { "hex_id": 730, "pop_total": 256.15, "delta_school": -1.0, "base_school": 10.0, "delta_pharmacy": 3.0, "base_pharmacy": 19.0, "delta_university": 0.0, "base_university": 1.0, "delta_mall": 0.0, "base_mall": 7.0, "net_delta": 2.0, "net_delta_n": 4 }, "geometry": { "type": "Polygon", "coordinates": [ [ [ 18.623493, 54.322005 ], [ 18.625693, 54.324259 ], [ 18.630133, 54.324273 ], [ 18.632372, 54.322032 ], [ 18.630173, 54.319778 ], [ 18.625734, 54.319764 ], [ 18.623493, 54.322005 ] ] ] } },
{ "type": "Feature", "properties": { "hex_id": 731, "pop_total": 618.09, "delta_school": 0.0, "base_school": 11.0, "delta_pharmacy": 2.0, "base_pharmacy": 18.0, "delta_university": 0.0, "base_university": 1.0, "delta_mall": 0.0, "base_mall": 5.0, "net_delta": 2.0, "net_delta_n": 4 }, "geometry": { "type": "Polygon", "coordinates": [ [ [ 18.623535, 54.31751 ], [ 18.625734, 54.319764 ], [ 18.630173, 54.319778 ], [ 18.632413, 54.317537 ], [ 18.630213, 54.315283 ], [ 18.625774, 54.315269 ], [ 18.623535, 54.31751 ] ] ] } },
{ "type": "Feature", "properties": { "hex_id": 732, "pop_total": 188.41, "delta_school": 2.0, "base_school": 5.0, "delta_pharmacy": 2.0, "base_pharmacy": 5.0, "delta_university": null, "base_university": 0.0, "delta_mall": null, "base_mall": 0.0, "net_delta": 4.0, "net_delta_n": 2 }, "geometry": { "type": "Polygon", "coordinates": [ [ [ 18.623576, 54.313015 ], [ 18.625774, 54.315269 ], [ 18.630213, 54.315283 ], [ 18.632453, 54.313042 ], [ 18.630253, 54.310788 ], [ 18.625815, 54.310774 ], [ 18.623576, 54.313015 ] ] ] } },
{ "type": "Feature", "properties": { "hex_id": 733, "pop_total": 134.11, "delta_school": 0.0, "base_school": 5.0, "delta_pharmacy": 0.0, "base_pharmacy": 5.0, "delta_university": null, "base_university": 0.0, "delta_mall": null, "base_mall": 0.0, "net_delta": 0.0, "net_delta_n": 2 }, "geometry": { "type": "Polygon", "coordinates": [ [ [ 18.623617, 54.30852 ], [ 18.625815, 54.310774 ], [ 18.630253, 54.310788 ], [ 18.632493, 54.308547 ], [ 18.630294, 54.306293 ], [ 18.625856, 54.306279 ], [ 18.623617, 54.30852 ] ] ] } },
{ "type": "Feature", "properties": { "hex_id": 734, "pop_total": 60.33, "delta_school": 0.0, "base_school": 3.0, "delta_pharmacy": -1.0, "base_pharmacy": 7.0, "delta_university": null, "base_university": 0.0, "delta_mall": null, "base_mall": 0.0, "net_delta": -1.0, "net_delta_n": 2 }, "geometry": { "type": "Polygon", "coordinates": [ [ [ 18.623658, 54.304025 ], [ 18.625856, 54.306279 ], [ 18.630294, 54.306293 ], [ 18.632533, 54.304052 ], [ 18.630334, 54.301798 ], [ 18.625897, 54.301784 ], [ 18.623658, 54.304025 ] ] ] } },
{ "type": "Feature", "properties": { "hex_id": 735, "pop_total": 40.22, "delta_school": null, "base_school": 0.0, "delta_pharmacy": 0.0, "base_pharmacy": 1.0, "delta_university": null, "base_university": 0.0, "delta_mall": null, "base_mall": 0.0, "net_delta": 0.0, "net_delta_n": 1 }, "geometry": { "type": "Polygon", "coordinates": [ [ [ 18.623699, 54.29953 ], [ 18.625897, 54.301784 ], [ 18.630334, 54.301798 ], [ 18.632573, 54.299557 ], [ 18.630374, 54.297303 ], [ 18.625937, 54.297289 ], [ 18.623699, 54.29953 ] ] ] } },
{ "type": "Feature", "properties": { "hex_id": 736, "pop_total": 7.48, "delta_school": null, "base_school": 0.0, "delta_pharmacy": 0.0, "base_pharmacy": 1.0, "delta_university": null, "base_university": 0.0, "delta_mall": null, "base_mall": 0.0, "net_delta": 0.0, "net_delta_n": 1 }, "geometry": { "type": "Polygon", "coordinates": [ [ [ 18.62374, 54.295035 ], [ 18.625937, 54.297289 ], [ 18.630374, 54.297303 ], [ 18.632613, 54.295062 ], [ 18.630415, 54.292808 ], [ 18.625978, 54.292794 ], [ 18.62374, 54.295035 ] ] ] } },
{ "type": "Feature", "properties": { "hex_id": 738, "pop_total": 20.26, "delta_school": 0.0, "base_school": 1.0, "delta_pharmacy": null, "base_pharmacy": 0.0, "delta_university": null, "base_university": 0.0, "delta_mall": null, "base_mall": 0.0, "net_delta": 0.0, "net_delta_n": 1 }, "geometry": { "type": "Polygon", "coordinates": [ [ [ 18.623821, 54.286045 ], [ 18.626019, 54.288299 ], [ 18.630455, 54.288313 ], [ 18.632693, 54.286072 ], [ 18.630495, 54.283818 ], [ 18.62606, 54.283804 ], [ 18.623821, 54.286045 ] ] ] } },
{ "type": "Feature", "properties": { "hex_id": 739, "pop_total": 90.22, "delta_school": 0.0, "base_school": 1.0, "delta_pharmacy": null, "base_pharmacy": 0.0, "delta_university": null, "base_university": 0.0, "delta_mall": null, "base_mall": 0.0, "net_delta": 0.0, "net_delta_n": 1 }, "geometry": { "type": "Polygon", "coordinates": [ [ [ 18.623862, 54.28155 ], [ 18.62606, 54.283804 ], [ 18.630495, 54.283818 ], [ 18.632733, 54.281577 ], [ 18.630535, 54.279323 ], [ 18.6261, 54.279309 ], [ 18.623862, 54.28155 ] ] ] } },
{ "type": "Feature", "properties": { "hex_id": 740, "pop_total": 28.05, "delta_school": 0.0, "base_school": 1.0, "delta_pharmacy": null, "base_pharmacy": 0.0, "delta_university": null, "base_university": 0.0, "delta_mall": null, "base_mall": 0.0, "net_delta": 0.0, "net_delta_n": 1 }, "geometry": { "type": "Polygon", "coordinates": [ [ [ 18.623903, 54.277055 ], [ 18.6261, 54.279309 ], [ 18.630535, 54.279323 ], [ 18.632773, 54.277082 ], [ 18.630575, 54.274828 ], [ 18.626141, 54.274814 ], [ 18.623903, 54.277055 ] ] ] } },
{ "type": "Feature", "properties": { "hex_id": 741, "pop_total": 1480.42, "delta_school": 0.0, "base_school": 13.0, "delta_pharmacy": 2.0, "base_pharmacy": 8.0, "delta_university": null, "base_university": 0.0, "delta_mall": null, "base_mall": 0.0, "net_delta": 2.0, "net_delta_n": 2 }, "geometry": { "type": "Polygon", "coordinates": [ [ [ 18.629364, 54.409677 ], [ 18.631569, 54.411931 ], [ 18.636018, 54.411944 ], [ 18.638262, 54.409703 ], [ 18.636058, 54.407449 ], [ 18.631609, 54.407436 ], [ 18.629364, 54.409677 ] ] ] } },
{ "type": "Feature", "properties": { "hex_id": 742, "pop_total": 2503.12, "delta_school": 0.0, "base_school": 17.0, "delta_pharmacy": 0.0, "base_pharmacy": 18.0, "delta_university": null, "base_university": 0.0, "delta_mall": 0.0, "base_mall": 2.0, "net_delta": 0.0, "net_delta_n": 3 }, "geometry": { "type": "Polygon", "coordinates": [ [ [ 18.629405, 54.405182 ], [ 18.631609, 54.407436 ], [ 18.636058, 54.407449 ], [ 18.638302, 54.405209 ], [ 18.636097, 54.402954 ], [ 18.631649, 54.402941 ], [ 18.629405, 54.405182 ] ] ] } },
{ "type": "Feature", "properties": { "hex_id": 743, "pop_total": 123.79, "delta_school": 0.0, "base_school": 8.0, "delta_pharmacy": 1.0, "base_pharmacy": 7.0, "delta_university": null, "base_university": 0.0, "delta_mall": null, "base_mall": 0.0, "net_delta": 1.0, "net_delta_n": 2 }, "geometry": { "type": "Polygon", "coordinates": [ [ [ 18.629445, 54.400687 ], [ 18.631649, 54.402941 ], [ 18.636097, 54.402954 ], [ 18.638341, 54.400714 ], [ 18.636137, 54.39846 ], [ 18.63169, 54.398446 ], [ 18.629445, 54.400687 ] ] ] } },
{ "type": "Feature", "properties": { "hex_id": 744, "pop_total": 29.18, "delta_school": 0.0, "base_school": 5.0, "delta_pharmacy": 0.0, "base_pharmacy": 7.0, "delta_university": null, "base_university": 0.0, "delta_mall": null, "base_mall": 0.0, "net_delta": 0.0, "net_delta_n": 2 }, "geometry": { "type": "Polygon", "coordinates": [ [ [ 18.629486, 54.396192 ], [ 18.63169, 54.398446 ], [ 18.636137, 54.39846 ], [ 18.638381, 54.396219 ], [ 18.636177, 54.393965 ], [ 18.63173, 54.393951 ], [ 18.629486, 54.396192 ] ] ] } },
{ "type": "Feature", "properties": { "hex_id": 745, "pop_total": 220.87, "delta_school": 0.0, "base_school": 5.0, "delta_pharmacy": -1.0, "base_pharmacy": 5.0, "delta_university": null, "base_university": 0.0, "delta_mall": 0.0, "base_mall": 1.0, "net_delta": -1.0, "net_delta_n": 3 }, "geometry": { "type": "Polygon", "coordinates": [ [ [ 18.629526, 54.391697 ], [ 18.63173, 54.393951 ], [ 18.636177, 54.393965 ], [ 18.63842, 54.391724 ], [ 18.636217, 54.38947 ], [ 18.63177, 54.389456 ], [ 18.629526, 54.391697 ] ] ] } },
{ "type": "Feature", "properties": { "hex_id": 746, "pop_total": 69.04, "delta_school": 0.0, "base_school": 3.0, "delta_pharmacy": 0.0, "base_pharmacy": 4.0, "delta_university": null, "base_university": 0.0, "delta_mall": null, "base_mall": 0.0, "net_delta": 0.0, "net_delta_n": 2 }, "geometry": { "type": "Polygon", "coordinates": [ [ [ 18.629567, 54.387202 ], [ 18.63177, 54.389456 ], [ 18.636217, 54.38947 ], [ 18.63846, 54.387229 ], [ 18.636257, 54.384975 ], [ 18.63181, 54.384961 ], [ 18.629567, 54.387202 ] ] ] } },
{ "type": "Feature", "properties": { "hex_id": 747, "pop_total": 10.17, "delta_school": -2.0, "base_school": 10.0, "delta_pharmacy": 0.0, "base_pharmacy": 8.0, "delta_university": 1.0, "base_university": 9.0, "delta_mall": -1.0, "base_mall": 1.0, "net_delta": -2.0, "net_delta_n": 4 }, "geometry": { "type": "Polygon", "coordinates": [ [ [ 18.629607, 54.382707 ], [ 18.63181, 54.384961 ], [ 18.636257, 54.384975 ], [ 18.638499, 54.382734 ], [ 18.636296, 54.38048 ], [ 18.63185, 54.380466 ], [ 18.629607, 54.382707 ] ] ] } },
{ "type": "Feature", "properties": { "hex_id": 748, "pop_total": 837.02, "delta_school": -4.0, "base_school": 25.0, "delta_pharmacy": -10.0, "base_pharmacy": 37.0, "delta_university": -2.0, "base_university": 26.0, "delta_mall": -6.0, "base_mall": 10.0, "net_delta": -22.0, "net_delta_n": 4 }, "geometry": { "type": "Polygon", "coordinates": [ [ [ 18.629648, 54.378212 ], [ 18.63185, 54.380466 ], [ 18.636296, 54.38048 ], [ 18.638539, 54.378239 ], [ 18.636336, 54.375985 ], [ 18.631891, 54.375971 ], [ 18.629648, 54.378212 ] ] ] } },
{ "type": "Feature", "properties": { "hex_id": 749, "pop_total": 665.31, "delta_school": -2.0, "base_school": 23.0, "delta_pharmacy": -6.0, "base_pharmacy": 37.0, "delta_university": 0.0, "base_university": 23.0, "delta_mall": -3.0, "base_mall": 10.0, "net_delta": -11.0, "net_delta_n": 4 }, "geometry": { "type": "Polygon", "coordinates": [ [ [ 18.629688, 54.373717 ], [ 18.631891, 54.375971 ], [ 18.636336, 54.375985 ], [ 18.638578, 54.373744 ], [ 18.636376, 54.37149 ], [ 18.631931, 54.371476 ], [ 18.629688, 54.373717 ] ] ] } },
{ "type": "Feature", "properties": { "hex_id": 750, "pop_total": 65.09, "delta_school": -1.0, "base_school": 38.0, "delta_pharmacy": 0.0, "base_pharmacy": 55.0, "delta_university": 0.0, "base_university": 33.0, "delta_mall": 3.0, "base_mall": 12.0, "net_delta": 2.0, "net_delta_n": 4 }, "geometry": { "type": "Polygon", "coordinates": [ [ [ 18.629729, 54.369222 ], [ 18.631931, 54.371476 ], [ 18.636376, 54.37149 ], [ 18.638618, 54.369249 ], [ 18.636415, 54.366995 ], [ 18.631971, 54.366982 ], [ 18.629729, 54.369222 ] ] ] } },
{ "type": "Feature", "properties": { "hex_id": 751, "pop_total": 984.2, "delta_school": 5.0, "base_school": 30.0, "delta_pharmacy": 2.0, "base_pharmacy": 47.0, "delta_university": 0.0, "base_university": 32.0, "delta_mall": 0.0, "base_mall": 11.0, "net_delta": 7.0, "net_delta_n": 4 }, "geometry": { "type": "Polygon", "coordinates": [ [ [ 18.629769, 54.364727 ], [ 18.631971, 54.366982 ], [ 18.636415, 54.366995 ], [ 18.638657, 54.364754 ], [ 18.636455, 54.3625 ], [ 18.632011, 54.362487 ], [ 18.629769, 54.364727 ] ] ] } },
{ "type": "Feature", "properties": { "hex_id": 752, "pop_total": 212.55, "delta_school": 0.0, "base_school": 17.0, "delta_pharmacy": 2.0, "base_pharmacy": 37.0, "delta_university": 3.0, "base_university": 20.0, "delta_mall": 1.0, "base_mall": 8.0, "net_delta": 6.0, "net_delta_n": 4 }, "geometry": { "type": "Polygon", "coordinates": [ [ [ 18.62981, 54.360232 ], [ 18.632011, 54.362487 ], [ 18.636455, 54.3625 ], [ 18.638697, 54.360259 ], [ 18.636495, 54.358005 ], [ 18.632051, 54.357992 ], [ 18.62981, 54.360232 ] ] ] } },
{ "type": "Feature", "properties": { "hex_id": 753, "pop_total": 1164.0, "delta_school": -1.0, "base_school": 19.0, "delta_pharmacy": -1.0, "base_pharmacy": 37.0, "delta_university": 0.0, "base_university": 4.0, "delta_mall": 0.0, "base_mall": 9.0, "net_delta": -2.0, "net_delta_n": 4 }, "geometry": { "type": "Polygon", "coordinates": [ [ [ 18.62985, 54.355737 ], [ 18.632051, 54.357992 ], [ 18.636495, 54.358005 ], [ 18.638736, 54.355764 ], [ 18.636535, 54.35351 ], [ 18.632092, 54.353497 ], [ 18.62985, 54.355737 ] ] ] } },
{ "type": "Feature", "properties": { "hex_id": 754, "pop_total": 1045.2, "delta_school": -1.0, "base_school": 33.0, "delta_pharmacy": 2.0, "base_pharmacy": 54.0, "delta_university": 3.0, "base_university": 19.0, "delta_mall": 1.0, "base_mall": 13.0, "net_delta": 5.0, "net_delta_n": 4 }, "geometry": { "type": "Polygon", "coordinates": [ [ [ 18.62989, 54.351242 ], [ 18.632092, 54.353497 ], [ 18.636535, 54.35351 ], [ 18.638776, 54.351269 ], [ 18.636574, 54.349015 ], [ 18.632132, 54.349002 ], [ 18.62989, 54.351242 ] ] ] } },
{ "type": "Feature", "properties": { "hex_id": 755, "pop_total": 471.34, "delta_school": -1.0, "base_school": 17.0, "delta_pharmacy": 1.0, "base_pharmacy": 35.0, "delta_university": 2.0, "base_university": 3.0, "delta_mall": 0.0, "base_mall": 12.0, "net_delta": 2.0, "net_delta_n": 4 }, "geometry": { "type": "Polygon", "coordinates": [ [ [ 18.629931, 54.346748 ], [ 18.632132, 54.349002 ], [ 18.636574, 54.349015 ], [ 18.638815, 54.346774 ], [ 18.636614, 54.34452 ], [ 18.632172, 54.344507 ], [ 18.629931, 54.346748 ] ] ] } },
{ "type": "Feature", "properties": { "hex_id": 756, "pop_total": 378.62, "delta_school": 0.0, "base_school": 15.0, "delta_pharmacy": 0.0, "base_pharmacy": 23.0, "delta_university": 0.0, "base_university": 1.0, "delta_mall": 0.0, "base_mall": 9.0, "net_delta": 0.0, "net_delta_n": 4 }, "geometry": { "type": "Polygon", "coordinates": [ [ [ 18.629971, 54.342253 ], [ 18.632172, 54.344507 ], [ 18.636614, 54.34452 ], [ 18.638854, 54.342279 ], [ 18.636653, 54.340025 ], [ 18.632212, 54.340012 ], [ 18.629971, 54.342253 ] ] ] } },
{ "type": "Feature", "properties": { "hex_id": 757, "pop_total": 451.87, "delta_school": -1.0, "base_school": 15.0, "delta_pharmacy": 0.0, "base_pharmacy": 27.0, "delta_university": 0.0, "base_university": 1.0, "delta_mall": 0.0, "base_mall": 11.0, "net_delta": -1.0, "net_delta_n": 4 }, "geometry": { "type": "Polygon", "coordinates": [ [ [ 18.630012, 54.337758 ], [ 18.632212, 54.340012 ], [ 18.636653, 54.340025 ], [ 18.638894, 54.337784 ], [ 18.636693, 54.33553 ], [ 18.632252, 54.335517 ], [ 18.630012, 54.337758 ] ] ] } },
{ "type": "Feature", "properties": { "hex_id": 758, "pop_total": 312.52, "delta_school": -1.0, "base_school": 17.0, "delta_pharmacy": -2.0, "base_pharmacy": 29.0, "delta_university": 0.0, "base_university": 1.0, "delta_mall": 0.0, "base_mall": 8.0, "net_delta": -3.0, "net_delta_n": 4 }, "geometry": { "type": "Polygon", "coordinates": [ [ [ 18.630052, 54.333263 ], [ 18.632252, 54.335517 ], [ 18.636693, 54.33553 ], [ 18.638933, 54.33329 ], [ 18.636733, 54.331035 ], [ 18.632292, 54.331022 ], [ 18.630052, 54.333263 ] ] ] } },
{ "type": "Feature", "properties": { "hex_id": 759, "pop_total": 1686.86, "delta_school": 2.0, "base_school": 16.0, "delta_pharmacy": 1.0, "base_pharmacy": 30.0, "delta_university": 0.0, "base_university": 1.0, "delta_mall": 0.0, "base_mall": 8.0, "net_delta": 3.0, "net_delta_n": 4 }, "geometry": { "type": "Polygon", "coordinates": [ [ [ 18.630092, 54.328768 ], [ 18.632292, 54.331022 ], [ 18.636733, 54.331035 ], [ 18.638973, 54.328795 ], [ 18.636772, 54.32654 ], [ 18.632332, 54.326527 ], [ 18.630092, 54.328768 ] ] ] } },
{ "type": "Feature", "properties": { "hex_id": 760, "pop_total": 1893.3, "delta_school": 1.0, "base_school": 9.0, "delta_pharmacy": 2.0, "base_pharmacy": 16.0, "delta_university": 0.0, "base_university": 1.0, "delta_mall": 2.0, "base_mall": 6.0, "net_delta": 5.0, "net_delta_n": 4 }, "geometry": { "type": "Polygon", "coordinates": [ [ [ 18.630133, 54.324273 ], [ 18.632332, 54.326527 ], [ 18.636772, 54.32654 ], [ 18.639012, 54.3243 ], [ 18.636812, 54.322045 ], [ 18.632372, 54.322032 ], [ 18.630133, 54.324273 ] ] ] } },
{ "type": "Feature", "properties": { "hex_id": 761, "pop_total": 927.28, "delta_school": -1.0, "base_school": 7.0, "delta_pharmacy": 1.0, "base_pharmacy": 6.0, "delta_university": null, "base_university": 0.0, "delta_mall": 0.0, "base_mall": 1.0, "net_delta": 0.0, "net_delta_n": 3 }, "geometry": { "type": "Polygon", "coordinates": [ [ [ 18.630173, 54.319778 ], [ 18.632372, 54.322032 ], [ 18.636812, 54.322045 ], [ 18.639051, 54.319805 ], [ 18.636852, 54.31755 ], [ 18.632413, 54.317537 ], [ 18.630173, 54.319778 ] ] ] } },
{ "type": "Feature", "properties": { "hex_id": 762, "pop_total": 280.61, "delta_school": -1.0, "base_school": 5.0, "delta_pharmacy": 0.0, "base_pharmacy": 2.0, "delta_university": null, "base_university": 0.0, "delta_mall": null, "base_mall": 0.0, "net_delta": -1.0, "net_delta_n": 2 }, "geometry": { "type": "Polygon", "coordinates": [ [ [ 18.630213, 54.315283 ], [ 18.632413, 54.317537 ], [ 18.636852, 54.31755 ], [ 18.639091, 54.31531 ], [ 18.636891, 54.313055 ], [ 18.632453, 54.313042 ], [ 18.630213, 54.315283 ] ] ] } },
{ "type": "Feature", "properties": { "hex_id": 763, "pop_total": 154.54, "delta_school": -1.0, "base_school": 3.0, "delta_pharmacy": 1.0, "base_pharmacy": 2.0, "delta_university": null, "base_university": 0.0, "delta_mall": null, "base_mall": 0.0, "net_delta": 0.0, "net_delta_n": 2 }, "geometry": { "type": "Polygon", "coordinates": [ [ [ 18.630253, 54.310788 ], [ 18.632453, 54.313042 ], [ 18.636891, 54.313055 ], [ 18.63913, 54.310815 ], [ 18.636931, 54.30856 ], [ 18.632493, 54.308547 ], [ 18.630253, 54.310788 ] ] ] } },
{ "type": "Feature", "properties": { "hex_id": 764, "pop_total": 161.85, "delta_school": 0.0, "base_school": 2.0, "delta_pharmacy": 0.0, "base_pharmacy": 2.0, "delta_university": null, "base_university": 0.0, "delta_mall": null, "base_mall": 0.0, "net_delta": 0.0, "net_delta_n": 2 }, "geometry": { "type": "Polygon", "coordinates": [ [ [ 18.630294, 54.306293 ], [ 18.632493, 54.308547 ], [ 18.636931, 54.30856 ], [ 18.639169, 54.30632 ], [ 18.63697, 54.304066 ], [ 18.632533, 54.304052 ], [ 18.630294, 54.306293 ] ] ] } },
{ "type": "Feature", "properties": { "hex_id": 765, "pop_total": 143.43, "delta_school": 0.0, "base_school": 2.0, "delta_pharmacy": 0.0, "base_pharmacy": 4.0, "delta_university": null, "base_university": 0.0, "delta_mall": null, "base_mall": 0.0, "net_delta": 0.0, "net_delta_n": 2 }, "geometry": { "type": "Polygon", "coordinates": [ [ [ 18.630334, 54.301798 ], [ 18.632533, 54.304052 ], [ 18.63697, 54.304066 ], [ 18.639209, 54.301825 ], [ 18.63701, 54.299571 ], [ 18.632573, 54.299557 ], [ 18.630334, 54.301798 ] ] ] } },
{ "type": "Feature", "properties": { "hex_id": 766, "pop_total": 30.79, "delta_school": 0.0, "base_school": 2.0, "delta_pharmacy": 0.0, "base_pharmacy": 1.0, "delta_university": null, "base_university": 0.0, "delta_mall": null, "base_mall": 0.0, "net_delta": 0.0, "net_delta_n": 2 }, "geometry": { "type": "Polygon", "coordinates": [ [ [ 18.630374, 54.297303 ], [ 18.632573, 54.299557 ], [ 18.63701, 54.299571 ], [ 18.639248, 54.29733 ], [ 18.637049, 54.295076 ], [ 18.632613, 54.295062 ], [ 18.630374, 54.297303 ] ] ] } },
{ "type": "Feature", "properties": { "hex_id": 767, "pop_total": 183.54, "delta_school": 0.0, "base_school": 3.0, "delta_pharmacy": 1.0, "base_pharmacy": 5.0, "delta_university": null, "base_university": 0.0, "delta_mall": null, "base_mall": 0.0, "net_delta": 1.0, "net_delta_n": 2 }, "geometry": { "type": "Polygon", "coordinates": [ [ [ 18.630415, 54.292808 ], [ 18.632613, 54.295062 ], [ 18.637049, 54.295076 ], [ 18.639287, 54.292835 ], [ 18.637089, 54.290581 ], [ 18.632653, 54.290567 ], [ 18.630415, 54.292808 ] ] ] } },
{ "type": "Feature", "properties": { "hex_id": 768, "pop_total": 93.03, "delta_school": 0.0, "base_school": 2.0, "delta_pharmacy": 0.0, "base_pharmacy": 5.0, "delta_university": null, "base_university": 0.0, "delta_mall": null, "base_mall": 0.0, "net_delta": 0.0, "net_delta_n": 2 }, "geometry": { "type": "Polygon", "coordinates": [ [ [ 18.630455, 54.288313 ], [ 18.632653, 54.290567 ], [ 18.637089, 54.290581 ], [ 18.639327, 54.28834 ], [ 18.637128, 54.286086 ], [ 18.632693, 54.286072 ], [ 18.630455, 54.288313 ] ] ] } },
{ "type": "Feature", "properties": { "hex_id": 769, "pop_total": 106.42, "delta_school": 0.0, "base_school": 2.0, "delta_pharmacy": 0.0, "base_pharmacy": 4.0, "delta_university": null, "base_university": 0.0, "delta_mall": null, "base_mall": 0.0, "net_delta": 0.0, "net_delta_n": 2 }, "geometry": { "type": "Polygon", "coordinates": [ [ [ 18.630495, 54.283818 ], [ 18.632693, 54.286072 ], [ 18.637128, 54.286086 ], [ 18.639366, 54.283845 ], [ 18.637168, 54.281591 ], [ 18.632733, 54.281577 ], [ 18.630495, 54.283818 ] ] ] } },
{ "type": "Feature", "properties": { "hex_id": 770, "pop_total": 227.4, "delta_school": 0.0, "base_school": 2.0, "delta_pharmacy": 0.0, "base_pharmacy": 5.0, "delta_university": null, "base_university": 0.0, "delta_mall": null, "base_mall": 0.0, "net_delta": 0.0, "net_delta_n": 2 }, "geometry": { "type": "Polygon", "coordinates": [ [ [ 18.630535, 54.279323 ], [ 18.632733, 54.281577 ], [ 18.637168, 54.281591 ], [ 18.639405, 54.27935 ], [ 18.637207, 54.277096 ], [ 18.632773, 54.277082 ], [ 18.630535, 54.279323 ] ] ] } },
{ "type": "Feature", "properties": { "hex_id": 771, "pop_total": 61.37, "delta_school": 0.0, "base_school": 2.0, "delta_pharmacy": 0.0, "base_pharmacy": 3.0, "delta_university": null, "base_university": 0.0, "delta_mall": null, "base_mall": 0.0, "net_delta": 0.0, "net_delta_n": 2 }, "geometry": { "type": "Polygon", "coordinates": [ [ [ 18.630575, 54.274828 ], [ 18.632773, 54.277082 ], [ 18.637207, 54.277096 ], [ 18.639444, 54.274855 ], [ 18.637247, 54.272601 ], [ 18.632813, 54.272587 ], [ 18.630575, 54.274828 ] ] ] } },
{ "type": "Feature", "properties": { "hex_id": 772, "pop_total": 658.12, "delta_school": 0.0, "base_school": 21.0, "delta_pharmacy": -2.0, "base_pharmacy": 19.0, "delta_university": null, "base_university": 0.0, "delta_mall": 0.0, "base_mall": 3.0, "net_delta": -2.0, "net_delta_n": 3 }, "geometry": { "type": "Polygon", "coordinates": [ [ [ 18.636058, 54.407449 ], [ 18.638262, 54.409703 ], [ 18.642711, 54.409717 ], [ 18.644955, 54.407476 ], [ 18.64275, 54.405222 ], [ 18.638302, 54.405209 ], [ 18.636058, 54.407449 ] ] ] } },
{ "type": "Feature", "properties": { "hex_id": 773, "pop_total": 2606.25, "delta_school": -1.0, "base_school": 8.0, "delta_pharmacy": 0.0, "base_pharmacy": 6.0, "delta_university": null, "base_university": 0.0, "delta_mall": null, "base_mall": 0.0, "net_delta": -1.0, "net_delta_n": 2 }, "geometry": { "type": "Polygon", "coordinates": [ [ [ 18.636097, 54.402954 ], [ 18.638302, 54.405209 ], [ 18.64275, 54.405222 ], [ 18.644994, 54.402981 ], [ 18.642789, 54.400727 ], [ 18.638341, 54.400714 ], [ 18.636097, 54.402954 ] ] ] } },
{ "type": "Feature", "properties": { "hex_id": 774, "pop_total": 16.45, "delta_school": 0.0, "base_school": 4.0, "delta_pharmacy": 0.0, "base_pharmacy": 5.0, "delta_university": null, "base_university": 0.0, "delta_mall": null, "base_mall": 0.0, "net_delta": 0.0, "net_delta_n": 2 }, "geometry": { "type": "Polygon", "coordinates": [ [ [ 18.636137, 54.39846 ], [ 18.638341, 54.400714 ], [ 18.642789, 54.400727 ], [ 18.645033, 54.398486 ], [ 18.642828, 54.396232 ], [ 18.638381, 54.396219 ], [ 18.636137, 54.39846 ] ] ] } },
{ "type": "Feature", "properties": { "hex_id": 775, "pop_total": 307.79, "delta_school": 1.0, "base_school": 2.0, "delta_pharmacy": 0.0, "base_pharmacy": 4.0, "delta_university": null, "base_university": 0.0, "delta_mall": null, "base_mall": 0.0, "net_delta": 1.0, "net_delta_n": 2 }, "geometry": { "type": "Polygon", "coordinates": [ [ [ 18.636177, 54.393965 ], [ 18.638381, 54.396219 ], [ 18.642828, 54.396232 ], [ 18.645072, 54.393991 ], [ 18.642867, 54.391737 ], [ 18.63842, 54.391724 ], [ 18.636177, 54.393965 ] ] ] } },
{ "type": "Feature", "properties": { "hex_id": 776, "pop_total": 2.65, "delta_school": 0.0, "base_school": 3.0, "delta_pharmacy": 0.0, "base_pharmacy": 4.0, "delta_university": null, "base_university": 0.0, "delta_mall": null, "base_mall": 0.0, "net_delta": 0.0, "net_delta_n": 2 }, "geometry": { "type": "Polygon", "coordinates": [ [ [ 18.636217, 54.38947 ], [ 18.63842, 54.391724 ], [ 18.642867, 54.391737 ], [ 18.64511, 54.389496 ], [ 18.642906, 54.387242 ], [ 18.63846, 54.387229 ], [ 18.636217, 54.38947 ] ] ] } },
{ "type": "Feature", "properties": { "hex_id": 777, "pop_total": 21.16, "delta_school": -1.0, "base_school": 8.0, "delta_pharmacy": 0.0, "base_pharmacy": 10.0, "delta_university": 0.0, "base_university": 8.0, "delta_mall": null, "base_mall": 0.0, "net_delta": -1.0, "net_delta_n": 3 }, "geometry": { "type": "Polygon", "coordinates": [ [ [ 18.636257, 54.384975 ], [ 18.63846, 54.387229 ], [ 18.642906, 54.387242 ], [ 18.645149, 54.385001 ], [ 18.642945, 54.382747 ], [ 18.638499, 54.382734 ], [ 18.636257, 54.384975 ] ] ] } },
{ "type": "Feature", "properties": { "hex_id": 778, "pop_total": 1.74, "delta_school": 1.0, "base_school": 2.0, "delta_pharmacy": null, "base_pharmacy": 0.0, "delta_university": null, "base_university": 0.0, "delta_mall": null, "base_mall": 0.0, "net_delta": 1.0, "net_delta_n": 1 }, "geometry": { "type": "Polygon", "coordinates": [ [ [ 18.636296, 54.38048 ], [ 18.638499, 54.382734 ], [ 18.642945, 54.382747 ], [ 18.645188, 54.380506 ], [ 18.642984, 54.378252 ], [ 18.638539, 54.378239 ], [ 18.636296, 54.38048 ] ] ] } },
{ "type": "Feature", "properties": { "hex_id": 779, "pop_total": 6.29, "delta_school": -1.0, "base_school": 7.0, "delta_pharmacy": -3.0, "base_pharmacy": 4.0, "delta_university": -3.0, "base_university": 8.0, "delta_mall": null, "base_mall": 0.0, "net_delta": -7.0, "net_delta_n": 3 }, "geometry": { "type": "Polygon", "coordinates": [ [ [ 18.636336, 54.375985 ], [ 18.638539, 54.378239 ], [ 18.642984, 54.378252 ], [ 18.645227, 54.376011 ], [ 18.643023, 54.373757 ], [ 18.638578, 54.373744 ], [ 18.636336, 54.375985 ] ] ] } },
{ "type": "Feature", "properties": { "hex_id": 780, "pop_total": 23.96, "delta_school": 0.0, "base_school": 9.0, "delta_pharmacy": 0.0, "base_pharmacy": 11.0, "delta_university": 0.0, "base_university": 2.0, "delta_mall": null, "base_mall": 0.0, "net_delta": 0.0, "net_delta_n": 3 }, "geometry": { "type": "Polygon", "coordinates": [ [ [ 18.636376, 54.37149 ], [ 18.638578, 54.373744 ], [ 18.643023, 54.373757 ], [ 18.645265, 54.371516 ], [ 18.643062, 54.369262 ], [ 18.638618, 54.369249 ], [ 18.636376, 54.37149 ] ] ] } },
{ "type": "Feature", "properties": { "hex_id": 781, "pop_total": 1.22, "delta_school": 0.0, "base_school": 16.0, "delta_pharmacy": 0.0, "base_pharmacy": 32.0, "delta_university": 0.0, "base_university": 18.0, "delta_mall": -1.0, "base_mall": 9.0, "net_delta": -1.0, "net_delta_n": 4 }, "geometry": { "type": "Polygon", "coordinates": [ [ [ 18.636415, 54.366995 ], [ 18.638618, 54.369249 ], [ 18.643062, 54.369262 ], [ 18.645304, 54.367021 ], [ 18.643101, 54.364767 ], [ 18.638657, 54.364754 ], [ 18.636415, 54.366995 ] ] ] } },
{ "type": "Feature", "properties": { "hex_id": 782, "pop_total": 187.8, "delta_school": 2.0, "base_school": 54.0, "delta_pharmacy": 2.0, "base_pharmacy": 71.0, "delta_university": 1.0, "base_university": 33.0, "delta_mall": 0.0, "base_mall": 18.0, "net_delta": 5.0, "net_delta_n": 4 }, "geometry": { "type": "Polygon", "coordinates": [ [ [ 18.636455, 54.3625 ], [ 18.638657, 54.364754 ], [ 18.643101, 54.364767 ], [ 18.645343, 54.362527 ], [ 18.64314, 54.360272 ], [ 18.638697, 54.360259 ], [ 18.636455, 54.3625 ] ] ] } },
{ "type": "Feature", "properties": { "hex_id": 783, "pop_total": 333.55, "delta_school": 4.0, "base_school": 27.0, "delta_pharmacy": 5.0, "base_pharmacy": 47.0, "delta_university": 3.0, "base_university": 24.0, "delta_mall": 0.0, "base_mall": 15.0, "net_delta": 12.0, "net_delta_n": 4 }, "geometry": { "type": "Polygon", "coordinates": [ [ [ 18.636495, 54.358005 ], [ 18.638697, 54.360259 ], [ 18.64314, 54.360272 ], [ 18.645382, 54.358032 ], [ 18.643179, 54.355778 ], [ 18.638736, 54.355764 ], [ 18.636495, 54.358005 ] ] ] } },
{ "type": "Feature", "properties": { "hex_id": 784, "pop_total": 218.48, "delta_school": -1.0, "base_school": 39.0, "delta_pharmacy": 3.0, "base_pharmacy": 56.0, "delta_university": 4.0, "base_university": 23.0, "delta_mall": 0.0, "base_mall": 15.0, "net_delta": 6.0, "net_delta_n": 4 }, "geometry": { "type": "Polygon", "coordinates": [ [ [ 18.636535, 54.35351 ], [ 18.638736, 54.355764 ], [ 18.643179, 54.355778 ], [ 18.64542, 54.353537 ], [ 18.643218, 54.351283 ], [ 18.638776, 54.351269 ], [ 18.636535, 54.35351 ] ] ] } },
{ "type": "Feature", "properties": { "hex_id": 785, "pop_total": 546.77, "delta_school": -4.0, "base_school": 39.0, "delta_pharmacy": 0.0, "base_pharmacy": 60.0, "delta_university": 3.0, "base_university": 22.0, "delta_mall": 1.0, "base_mall": 14.0, "net_delta": 0.0, "net_delta_n": 4 }, "geometry": { "type": "Polygon", "coordinates": [ [ [ 18.636574, 54.349015 ], [ 18.638776, 54.351269 ], [ 18.643218, 54.351283 ], [ 18.645459, 54.349042 ], [ 18.643257, 54.346788 ], [ 18.638815, 54.346774 ], [ 18.636574, 54.349015 ] ] ] } },
{ "type": "Feature", "properties": { "hex_id": 786, "pop_total": 1347.72, "delta_school": -1.0, "base_school": 20.0, "delta_pharmacy": 0.0, "base_pharmacy": 35.0, "delta_university": 2.0, "base_university": 2.0, "delta_mall": 1.0, "base_mall": 10.0, "net_delta": 2.0, "net_delta_n": 4 }, "geometry": { "type": "Polygon", "coordinates": [ [ [ 18.636614, 54.34452 ], [ 18.638815, 54.346774 ], [ 18.643257, 54.346788 ], [ 18.645498, 54.344547 ], [ 18.643296, 54.342293 ], [ 18.638854, 54.342279 ], [ 18.636614, 54.34452 ] ] ] } },
{ "type": "Feature", "properties": { "hex_id": 787, "pop_total": 232.93, "delta_school": -2.0, "base_school": 24.0, "delta_pharmacy": 0.0, "base_pharmacy": 38.0, "delta_university": 0.0, "base_university": 2.0, "delta_mall": -2.0, "base_mall": 11.0, "net_delta": -4.0, "net_delta_n": 4 }, "geometry": { "type": "Polygon", "coordinates": [ [ [ 18.636653, 54.340025 ], [ 18.638854, 54.342279 ], [ 18.643296, 54.342293 ], [ 18.645536, 54.340052 ], [ 18.643335, 54.337798 ], [ 18.638894, 54.337784 ], [ 18.636653, 54.340025 ] ] ] } },
{ "type": "Feature", "properties": { "hex_id": 788, "pop_total": 54.74, "delta_school": 0.0, "base_school": 6.0, "delta_pharmacy": 0.0, "base_pharmacy": 5.0, "delta_university": null, "base_university": 0.0, "delta_mall": null, "base_mall": 0.0, "net_delta": 0.0, "net_delta_n": 2 }, "geometry": { "type": "Polygon", "coordinates": [ [ [ 18.636693, 54.33553 ], [ 18.638894, 54.337784 ], [ 18.643335, 54.337798 ], [ 18.645575, 54.335557 ], [ 18.643374, 54.333303 ], [ 18.638933, 54.33329 ], [ 18.636693, 54.33553 ] ] ] } },
{ "type": "Feature", "properties": { "hex_id": 789, "pop_total": 123.41, "delta_school": 0.0, "base_school": 7.0, "delta_pharmacy": -1.0, "base_pharmacy": 6.0, "delta_university": null, "base_university": 0.0, "delta_mall": 1.0, "base_mall": 2.0, "net_delta": 0.0, "net_delta_n": 3 }, "geometry": { "type": "Polygon", "coordinates": [ [ [ 18.636733, 54.331035 ], [ 18.638933, 54.33329 ], [ 18.643374, 54.333303 ], [ 18.645614, 54.331062 ], [ 18.643413, 54.328808 ], [ 18.638973, 54.328795 ], [ 18.636733, 54.331035 ] ] ] } },
{ "type": "Feature", "properties": { "hex_id": 790, "pop_total": 1059.45, "delta_school": 0.0, "base_school": 7.0, "delta_pharmacy": 0.0, "base_pharmacy": 5.0, "delta_university": null, "base_university": 0.0, "delta_mall": 1.0, "base_mall": 2.0, "net_delta": 1.0, "net_delta_n": 3 }, "geometry": { "type": "Polygon", "coordinates": [ [ [ 18.636772, 54.32654 ], [ 18.638973, 54.328795 ], [ 18.643413, 54.328808 ], [ 18.645652, 54.326567 ], [ 18.643452, 54.324313 ], [ 18.639012, 54.3243 ], [ 18.636772, 54.32654 ] ] ] } },
{ "type": "Feature", "properties": { "hex_id": 791, "pop_total": 309.02, "delta_school": 0.0, "base_school": 1.0, "delta_pharmacy": null, "base_pharmacy": 0.0, "delta_university": null, "base_university": 0.0, "delta_mall": null, "base_mall": 0.0, "net_delta": 0.0, "net_delta_n": 1 }, "geometry": { "type": "Polygon", "coordinates": [ [ [ 18.636812, 54.322045 ], [ 18.639012, 54.3243 ], [ 18.643452, 54.324313 ], [ 18.645691, 54.322072 ], [ 18.643491, 54.319818 ], [ 18.639051, 54.319805 ], [ 18.636812, 54.322045 ] ] ] } },
{ "type": "Feature", "properties": { "hex_id": 792, "pop_total": 74.1, "delta_school": 0.0, "base_school": 2.0, "delta_pharmacy": 0.0, "base_pharmacy": 2.0, "delta_university": null, "base_university": 0.0, "delta_mall": null, "base_mall": 0.0, "net_delta": 0.0, "net_delta_n": 2 }, "geometry": { "type": "Polygon", "coordinates": [ [ [ 18.636852, 54.31755 ], [ 18.639051, 54.319805 ], [ 18.643491, 54.319818 ], [ 18.64573, 54.317577 ], [ 18.643529, 54.315323 ], [ 18.639091, 54.31531 ], [ 18.636852, 54.31755 ] ] ] } },
{ "type": "Feature", "properties": { "hex_id": 793, "pop_total": 9.67, "delta_school": 0.0, "base_school": 2.0, "delta_pharmacy": 0.0, "base_pharmacy": 1.0, "delta_university": null, "base_university": 0.0, "delta_mall": null, "base_mall": 0.0, "net_delta": 0.0, "net_delta_n": 2 }, "geometry": { "type": "Polygon", "coordinates": [ [ [ 18.636891, 54.313055 ], [ 18.639091, 54.31531 ], [ 18.643529, 54.315323 ], [ 18.645768, 54.313082 ], [ 18.643568, 54.310828 ], [ 18.63913, 54.310815 ], [ 18.636891, 54.313055 ] ] ] } },
{ "type": "Feature", "properties": { "hex_id": 794, "pop_total": 9.67, "delta_school": null, "base_school": 0.0, "delta_pharmacy": null, "base_pharmacy": 0.0, "delta_university": null, "base_university": 0.0, "delta_mall": null, "base_mall": 0.0, "net_delta": null, "net_delta_n": 0 }, "geometry": { "type": "Polygon", "coordinates": [ [ [ 18.636931, 54.30856 ], [ 18.63913, 54.310815 ], [ 18.643568, 54.310828 ], [ 18.645807, 54.308587 ], [ 18.643607, 54.306333 ], [ 18.639169, 54.30632 ], [ 18.636931, 54.30856 ] ] ] } },
{ "type": "Feature", "properties": { "hex_id": 795, "pop_total": 31.41, "delta_school": 0.0, "base_school": 2.0, "delta_pharmacy": 0.0, "base_pharmacy": 1.0, "delta_university": null, "base_university": 0.0, "delta_mall": null, "base_mall": 0.0, "net_delta": 0.0, "net_delta_n": 2 }, "geometry": { "type": "Polygon", "coordinates": [ [ [ 18.63697, 54.304066 ], [ 18.639169, 54.30632 ], [ 18.643607, 54.306333 ], [ 18.645845, 54.304092 ], [ 18.643646, 54.301838 ], [ 18.639209, 54.301825 ], [ 18.63697, 54.304066 ] ] ] } },
{ "type": "Feature", "properties": { "hex_id": 796, "pop_total": 40.87, "delta_school": null, "base_school": 0.0, "delta_pharmacy": null, "base_pharmacy": 0.0, "delta_university": null, "base_university": 0.0, "delta_mall": null, "base_mall": 0.0, "net_delta": null, "net_delta_n": 0 }, "geometry": { "type": "Polygon", "coordinates": [ [ [ 18.63701, 54.299571 ], [ 18.639209, 54.301825 ], [ 18.643646, 54.301838 ], [ 18.645884, 54.299597 ], [ 18.643685, 54.297343 ], [ 18.639248, 54.29733 ], [ 18.63701, 54.299571 ] ] ] } },
{ "type": "Feature", "properties": { "hex_id": 798, "pop_total": 1.96, "delta_school": null, "base_school": 0.0, "delta_pharmacy": null, "base_pharmacy": 0.0, "delta_university": null, "base_university": 0.0, "delta_mall": null, "base_mall": 0.0, "net_delta": null, "net_delta_n": 0 }, "geometry": { "type": "Polygon", "coordinates": [ [ [ 18.637089, 54.290581 ], [ 18.639287, 54.292835 ], [ 18.643724, 54.292848 ], [ 18.645961, 54.290607 ], [ 18.643762, 54.288353 ], [ 18.639327, 54.28834 ], [ 18.637089, 54.290581 ] ] ] } },
{ "type": "Feature", "properties": { "hex_id": 799, "pop_total": 76.11, "delta_school": 0.0, "base_school": 1.0, "delta_pharmacy": null, "base_pharmacy": 0.0, "delta_university": null, "base_university": 0.0, "delta_mall": null, "base_mall": 0.0, "net_delta": 0.0, "net_delta_n": 1 }, "geometry": { "type": "Polygon", "coordinates": [ [ [ 18.637128, 54.286086 ], [ 18.639327, 54.28834 ], [ 18.643762, 54.288353 ], [ 18.646, 54.286112 ], [ 18.643801, 54.283858 ], [ 18.639366, 54.283845 ], [ 18.637128, 54.286086 ] ] ] } },
{ "type": "Feature", "properties": { "hex_id": 800, "pop_total": 22.4, "delta_school": 0.0, "base_school": 2.0, "delta_pharmacy": 1.0, "base_pharmacy": 3.0, "delta_university": null, "base_university": 0.0, "delta_mall": null, "base_mall": 0.0, "net_delta": 1.0, "net_delta_n": 2 }, "geometry": { "type": "Polygon", "coordinates": [ [ [ 18.637168, 54.281591 ], [ 18.639366, 54.283845 ], [ 18.643801, 54.283858 ], [ 18.646038, 54.281617 ], [ 18.64384, 54.279363 ], [ 18.639405, 54.27935 ], [ 18.637168, 54.281591 ] ] ] } },
{ "type": "Feature", "properties": { "hex_id": 801, "pop_total": 24.83, "delta_school": 0.0, "base_school": 3.0, "delta_pharmacy": 0.0, "base_pharmacy": 5.0, "delta_university": null, "base_university": 0.0, "delta_mall": null, "base_mall": 0.0, "net_delta": 0.0, "net_delta_n": 2 }, "geometry": { "type": "Polygon", "coordinates": [ [ [ 18.637207, 54.277096 ], [ 18.639405, 54.27935 ], [ 18.64384, 54.279363 ], [ 18.646077, 54.277122 ], [ 18.643879, 54.274868 ], [ 18.639444, 54.274855 ], [ 18.637207, 54.277096 ] ] ] } },
{ "type": "Feature", "properties": { "hex_id": 803, "pop_total": 234.87, "delta_school": 0.0, "base_school": 11.0, "delta_pharmacy": 1.0, "base_pharmacy": 13.0, "delta_university": null, "base_university": 0.0, "delta_mall": 0.0, "base_mall": 2.0, "net_delta": 1.0, "net_delta_n": 3 }, "geometry": { "type": "Polygon", "coordinates": [ [ [ 18.64275, 54.405222 ], [ 18.644955, 54.407476 ], [ 18.649404, 54.407489 ], [ 18.651647, 54.405248 ], [ 18.649442, 54.402994 ], [ 18.644994, 54.402981 ], [ 18.64275, 54.405222 ] ] ] } },
{ "type": "Feature", "properties": { "hex_id": 804, "pop_total": 538.81, "delta_school": 0.0, "base_school": 6.0, "delta_pharmacy": 1.0, "base_pharmacy": 8.0, "delta_university": null, "base_university": 0.0, "delta_mall": null, "base_mall": 0.0, "net_delta": 1.0, "net_delta_n": 2 }, "geometry": { "type": "Polygon", "coordinates": [ [ [ 18.642789, 54.400727 ], [ 18.644994, 54.402981 ], [ 18.649442, 54.402994 ], [ 18.651685, 54.400753 ], [ 18.64948, 54.398499 ], [ 18.645033, 54.398486 ], [ 18.642789, 54.400727 ] ] ] } },
{ "type": "Feature", "properties": { "hex_id": 805, "pop_total": 763.14, "delta_school": 0.0, "base_school": 4.0, "delta_pharmacy": 0.0, "base_pharmacy": 7.0, "delta_university": null, "base_university": 0.0, "delta_mall": null, "base_mall": 0.0, "net_delta": 0.0, "net_delta_n": 2 }, "geometry": { "type": "Polygon", "coordinates": [ [ [ 18.642828, 54.396232 ], [ 18.645033, 54.398486 ], [ 18.64948, 54.398499 ], [ 18.651723, 54.396258 ], [ 18.649519, 54.394004 ], [ 18.645072, 54.393991 ], [ 18.642828, 54.396232 ] ] ] } },
{ "type": "Feature", "properties": { "hex_id": 806, "pop_total": 691.72, "delta_school": 1.0, "base_school": 3.0, "delta_pharmacy": 3.0, "base_pharmacy": 7.0, "delta_university": null, "base_university": 0.0, "delta_mall": null, "base_mall": 0.0, "net_delta": 4.0, "net_delta_n": 2 }, "geometry": { "type": "Polygon", "coordinates": [ [ [ 18.642867, 54.391737 ], [ 18.645072, 54.393991 ], [ 18.649519, 54.394004 ], [ 18.651761, 54.391763 ], [ 18.649557, 54.389509 ], [ 18.64511, 54.389496 ], [ 18.642867, 54.391737 ] ] ] } },
{ "type": "Feature", "properties": { "hex_id": 807, "pop_total": 43.07, "delta_school": -2.0, "base_school": 12.0, "delta_pharmacy": -2.0, "base_pharmacy": 23.0, "delta_university": -1.0, "base_university": 11.0, "delta_mall": -1.0, "base_mall": 1.0, "net_delta": -6.0, "net_delta_n": 4 }, "geometry": { "type": "Polygon", "coordinates": [ [ [ 18.642906, 54.387242 ], [ 18.64511, 54.389496 ], [ 18.649557, 54.389509 ], [ 18.6518, 54.387268 ], [ 18.649595, 54.385014 ], [ 18.645149, 54.385001 ], [ 18.642906, 54.387242 ] ] ] } },
{ "type": "Feature", "properties": { "hex_id": 808, "pop_total": 2.48, "delta_school": 0.0, "base_school": 3.0, "delta_pharmacy": null, "base_pharmacy": 0.0, "delta_university": null, "base_university": 0.0, "delta_mall": null, "base_mall": 0.0, "net_delta": 0.0, "net_delta_n": 1 }, "geometry": { "type": "Polygon", "coordinates": [ [ [ 18.642945, 54.382747 ], [ 18.645149, 54.385001 ], [ 18.649595, 54.385014 ], [ 18.651838, 54.382773 ], [ 18.649634, 54.380519 ], [ 18.645188, 54.380506 ], [ 18.642945, 54.382747 ] ] ] } },
{ "type": "Feature", "properties": { "hex_id": 812, "pop_total": 380.38, "delta_school": 0.0, "base_school": 12.0, "delta_pharmacy": -4.0, "base_pharmacy": 23.0, "delta_university": 0.0, "base_university": 11.0, "delta_mall": 0.0, "base_mall": 7.0, "net_delta": -4.0, "net_delta_n": 4 }, "geometry": { "type": "Polygon", "coordinates": [ [ [ 18.643101, 54.364767 ], [ 18.645304, 54.367021 ], [ 18.649748, 54.367034 ], [ 18.65199, 54.364793 ], [ 18.649787, 54.362539 ], [ 18.645343, 54.362527 ], [ 18.643101, 54.364767 ] ] ] } },
{ "type": "Feature", "properties": { "hex_id": 813, "pop_total": 726.35, "delta_school": -4.0, "base_school": 43.0, "delta_pharmacy": 3.0, "base_pharmacy": 56.0, "delta_university": 2.0, "base_university": 24.0, "delta_mall": 2.0, "base_mall": 11.0, "net_delta": 3.0, "net_delta_n": 4 }, "geometry": { "type": "Polygon", "coordinates": [ [ [ 18.64314, 54.360272 ], [ 18.645343, 54.362527 ], [ 18.649787, 54.362539 ], [ 18.652028, 54.360298 ], [ 18.649825, 54.358045 ], [ 18.645382, 54.358032 ], [ 18.64314, 54.360272 ] ] ] } },
{ "type": "Feature", "properties": { "hex_id": 814, "pop_total": 851.52, "delta_school": -1.0, "base_school": 36.0, "delta_pharmacy": 2.0, "base_pharmacy": 56.0, "delta_university": -1.0, "base_university": 27.0, "delta_mall": 1.0, "base_mall": 15.0, "net_delta": 1.0, "net_delta_n": 4 }, "geometry": { "type": "Polygon", "coordinates": [ [ [ 18.643179, 54.355778 ], [ 18.645382, 54.358032 ], [ 18.649825, 54.358045 ], [ 18.652066, 54.355803 ], [ 18.649863, 54.35355 ], [ 18.64542, 54.353537 ], [ 18.643179, 54.355778 ] ] ] } },
{ "type": "Feature", "properties": { "hex_id": 815, "pop_total": 1106.58, "delta_school": 0.0, "base_school": 31.0, "delta_pharmacy": 6.0, "base_pharmacy": 48.0, "delta_university": 1.0, "base_university": 12.0, "delta_mall": 1.0, "base_mall": 14.0, "net_delta": 8.0, "net_delta_n": 4 }, "geometry": { "type": "Polygon", "coordinates": [ [ [ 18.643218, 54.351283 ], [ 18.64542, 54.353537 ], [ 18.649863, 54.35355 ], [ 18.652104, 54.351309 ], [ 18.649901, 54.349055 ], [ 18.645459, 54.349042 ], [ 18.643218, 54.351283 ] ] ] } },
{ "type": "Feature", "properties": { "hex_id": 816, "pop_total": 1260.79, "delta_school": 0.0, "base_school": 30.0, "delta_pharmacy": -3.0, "base_pharmacy": 43.0, "delta_university": -1.0, "base_university": 6.0, "delta_mall": 1.0, "base_mall": 10.0, "net_delta": -3.0, "net_delta_n": 4 }, "geometry": { "type": "Polygon", "coordinates": [ [ [ 18.643257, 54.346788 ], [ 18.645459, 54.349042 ], [ 18.649901, 54.349055 ], [ 18.652142, 54.346814 ], [ 18.64994, 54.34456 ], [ 18.645498, 54.344547 ], [ 18.643257, 54.346788 ] ] ] } },
{ "type": "Feature", "properties": { "hex_id": 817, "pop_total": 948.28, "delta_school": 1.0, "base_school": 22.0, "delta_pharmacy": 3.0, "base_pharmacy": 28.0, "delta_university": 0.0, "base_university": 2.0, "delta_mall": 1.0, "base_mall": 7.0, "net_delta": 5.0, "net_delta_n": 4 }, "geometry": { "type": "Polygon", "coordinates": [ [ [ 18.643296, 54.342293 ], [ 18.645498, 54.344547 ], [ 18.64994, 54.34456 ], [ 18.65218, 54.342319 ], [ 18.649978, 54.340065 ], [ 18.645536, 54.340052 ], [ 18.643296, 54.342293 ] ] ] } },
{ "type": "Feature", "properties": { "hex_id": 818, "pop_total": 68.91, "delta_school": 2.0, "base_school": 6.0, "delta_pharmacy": 2.0, "base_pharmacy": 14.0, "delta_university": 0.0, "base_university": 1.0, "delta_mall": 0.0, "base_mall": 6.0, "net_delta": 4.0, "net_delta_n": 4 }, "geometry": { "type": "Polygon", "coordinates": [ [ [ 18.643335, 54.337798 ], [ 18.645536, 54.340052 ], [ 18.649978, 54.340065 ], [ 18.652217, 54.337824 ], [ 18.650016, 54.33557 ], [ 18.645575, 54.335557 ], [ 18.643335, 54.337798 ] ] ] } },
{ "type": "Feature", "properties": { "hex_id": 819, "pop_total": 183.11, "delta_school": 0.0, "base_school": 6.0, "delta_pharmacy": -3.0, "base_pharmacy": 8.0, "delta_university": null, "base_university": 0.0, "delta_mall": 0.0, "base_mall": 3.0, "net_delta": -3.0, "net_delta_n": 3 }, "geometry": { "type": "Polygon", "coordinates": [ [ [ 18.643374, 54.333303 ], [ 18.645575, 54.335557 ], [ 18.650016, 54.33557 ], [ 18.652255, 54.333329 ], [ 18.650054, 54.331075 ], [ 18.645614, 54.331062 ], [ 18.643374, 54.333303 ] ] ] } },
{ "type": "Feature", "properties": { "hex_id": 820, "pop_total": 81.43, "delta_school": 0.0, "base_school": 2.0, "delta_pharmacy": 0.0, "base_pharmacy": 2.0, "delta_university": null, "base_university": 0.0, "delta_mall": null, "base_mall": 0.0, "net_delta": 0.0, "net_delta_n": 2 }, "geometry": { "type": "Polygon", "coordinates": [ [ [ 18.643413, 54.328808 ], [ 18.645614, 54.331062 ], [ 18.650054, 54.331075 ], [ 18.652293, 54.328834 ], [ 18.650092, 54.32658 ], [ 18.645652, 54.326567 ], [ 18.643413, 54.328808 ] ] ] } },
{ "type": "Feature", "properties": { "hex_id": 821, "pop_total": 56.26, "delta_school": 0.0, "base_school": 2.0, "delta_pharmacy": 0.0, "base_pharmacy": 2.0, "delta_university": null, "base_university": 0.0, "delta_mall": null, "base_mall": 0.0, "net_delta": 0.0, "net_delta_n": 2 }, "geometry": { "type": "Polygon", "coordinates": [ [ [ 18.643452, 54.324313 ], [ 18.645652, 54.326567 ], [ 18.650092, 54.32658 ], [ 18.652331, 54.324339 ], [ 18.65013, 54.322085 ], [ 18.645691, 54.322072 ], [ 18.643452, 54.324313 ] ] ] } },
{ "type": "Feature", "properties": { "hex_id": 825, "pop_total": 32.78, "delta_school": null, "base_school": 0.0, "delta_pharmacy": null, "base_pharmacy": 0.0, "delta_university": null, "base_university": 0.0, "delta_mall": null, "base_mall": 0.0, "net_delta": null, "net_delta_n": 0 }, "geometry": { "type": "Polygon", "coordinates": [ [ [ 18.643607, 54.306333 ], [ 18.645807, 54.308587 ], [ 18.650245, 54.3086 ], [ 18.652483, 54.306359 ], [ 18.650283, 54.304105 ], [ 18.645845, 54.304092 ], [ 18.643607, 54.306333 ] ] ] } },
{ "type": "Feature", "properties": { "hex_id": 826, "pop_total": 18.52, "delta_school": null, "base_school": 0.0, "delta_pharmacy": null, "base_pharmacy": 0.0, "delta_university": null, "base_university": 0.0, "delta_mall": null, "base_mall": 0.0, "net_delta": null, "net_delta_n": 0 }, "geometry": { "type": "Polygon", "coordinates": [ [ [ 18.643646, 54.301838 ], [ 18.645845, 54.304092 ], [ 18.650283, 54.304105 ], [ 18.652521, 54.301864 ], [ 18.650321, 54.29961 ], [ 18.645884, 54.299597 ], [ 18.643646, 54.301838 ] ] ] } },
{ "type": "Feature", "properties": { "hex_id": 829, "pop_total": 25.14, "delta_school": 0.0, "base_school": 6.0, "delta_pharmacy": 0.0, "base_pharmacy": 5.0, "delta_university": null, "base_university": 0.0, "delta_mall": null, "base_mall": 0.0, "net_delta": 0.0, "net_delta_n": 2 }, "geometry": { "type": "Polygon", "coordinates": [ [ [ 18.649404, 54.407489 ], [ 18.651609, 54.409743 ], [ 18.656058, 54.409755 ], [ 18.658301, 54.407514 ], [ 18.656096, 54.405261 ], [ 18.651647, 54.405248 ], [ 18.649404, 54.407489 ] ] ] } },
{ "type": "Feature", "properties": { "hex_id": 830, "pop_total": 633.39, "delta_school": 1.0, "base_school": 10.0, "delta_pharmacy": 1.0, "base_pharmacy": 12.0, "delta_university": null, "base_university": 0.0, "delta_mall": 0.0, "base_mall": 2.0, "net_delta": 2.0, "net_delta_n": 3 }, "geometry": { "type": "Polygon", "coordinates": [ [ [ 18.649442, 54.402994 ], [ 18.651647, 54.405248 ], [ 18.656096, 54.405261 ], [ 18.658339, 54.403019 ], [ 18.656133, 54.400766 ], [ 18.651685, 54.400753 ], [ 18.649442, 54.402994 ] ] ] } },
{ "type": "Feature", "properties": { "hex_id": 832, "pop_total": 74.33, "delta_school": 0.0, "base_school": 6.0, "delta_pharmacy": 0.0, "base_pharmacy": 6.0, "delta_university": 1.0, "base_university": 1.0, "delta_mall": null, "base_mall": 0.0, "net_delta": 1.0, "net_delta_n": 3 }, "geometry": { "type": "Polygon", "coordinates": [ [ [ 18.649519, 54.394004 ], [ 18.651723, 54.396258 ], [ 18.656171, 54.396271 ], [ 18.658413, 54.39403 ], [ 18.656208, 54.391776 ], [ 18.651761, 54.391763 ], [ 18.649519, 54.394004 ] ] ] } },
{ "type": "Feature", "properties": { "hex_id": 833, "pop_total": 422.59, "delta_school": 0.0, "base_school": 6.0, "delta_pharmacy": 0.0, "base_pharmacy": 12.0, "delta_university": 1.0, "base_university": 1.0, "delta_mall": null, "base_mall": 0.0, "net_delta": 1.0, "net_delta_n": 3 }, "geometry": { "type": "Polygon", "coordinates": [ [ [ 18.649557, 54.389509 ], [ 18.651761, 54.391763 ], [ 18.656208, 54.391776 ], [ 18.658451, 54.389535 ], [ 18.656246, 54.387281 ], [ 18.6518, 54.387268 ], [ 18.649557, 54.389509 ] ] ] } },
{ "type": "Feature", "properties": { "hex_id": 834, "pop_total": 1.24, "delta_school": 0.0, "base_school": 3.0, "delta_pharmacy": 0.0, "base_pharmacy": 3.0, "delta_university": null, "base_university": 0.0, "delta_mall": null, "base_mall": 0.0, "net_delta": 0.0, "net_delta_n": 2 }, "geometry": { "type": "Polygon", "coordinates": [ [ [ 18.649595, 54.385014 ], [ 18.6518, 54.387268 ], [ 18.656246, 54.387281 ], [ 18.658488, 54.38504 ], [ 18.656284, 54.382786 ], [ 18.651838, 54.382773 ], [ 18.649595, 54.385014 ] ] ] } },
{ "type": "Feature", "properties": { "hex_id": 839, "pop_total": 33.04, "delta_school": 0.0, "base_school": 10.0, "delta_pharmacy": 1.0, "base_pharmacy": 21.0, "delta_university": 0.0, "base_university": 2.0, "delta_mall": 0.0, "base_mall": 6.0, "net_delta": 1.0, "net_delta_n": 4 }, "geometry": { "type": "Polygon", "coordinates": [ [ [ 18.649787, 54.362539 ], [ 18.65199, 54.364793 ], [ 18.656434, 54.364806 ], [ 18.658674, 54.362565 ], [ 18.656471, 54.360311 ], [ 18.652028, 54.360298 ], [ 18.649787, 54.362539 ] ] ] } },
{ "type": "Feature", "properties": { "hex_id": 840, "pop_total": 1468.62, "delta_school": 0.0, "base_school": 13.0, "delta_pharmacy": 1.0, "base_pharmacy": 27.0, "delta_university": 0.0, "base_university": 2.0, "delta_mall": 0.0, "base_mall": 6.0, "net_delta": 1.0, "net_delta_n": 4 }, "geometry": { "type": "Polygon", "coordinates": [ [ [ 18.649825, 54.358045 ], [ 18.652028, 54.360298 ], [ 18.656471, 54.360311 ], [ 18.658712, 54.35807 ], [ 18.656509, 54.355816 ], [ 18.652066, 54.355803 ], [ 18.649825, 54.358045 ] ] ] } },
{ "type": "Feature", "properties": { "hex_id": 841, "pop_total": 1604.8, "delta_school": 1.0, "base_school": 19.0, "delta_pharmacy": 1.0, "base_pharmacy": 30.0, "delta_university": 0.0, "base_university": 2.0, "delta_mall": 0.0, "base_mall": 6.0, "net_delta": 2.0, "net_delta_n": 4 }, "geometry": { "type": "Polygon", "coordinates": [ [ [ 18.649863, 54.35355 ], [ 18.652066, 54.355803 ], [ 18.656509, 54.355816 ], [ 18.658749, 54.353575 ], [ 18.656546, 54.351321 ], [ 18.652104, 54.351309 ], [ 18.649863, 54.35355 ] ] ] } },
{ "type": "Feature", "properties": { "hex_id": 842, "pop_total": 2113.55, "delta_school": 1.0, "base_school": 18.0, "delta_pharmacy": 0.0, "base_pharmacy": 25.0, "delta_university": 0.0, "base_university": 2.0, "delta_mall": 0.0, "base_mall": 6.0, "net_delta": 1.0, "net_delta_n": 4 }, "geometry": { "type": "Polygon", "coordinates": [ [ [ 18.649901, 54.349055 ], [ 18.652104, 54.351309 ], [ 18.656546, 54.351321 ], [ 18.658786, 54.34908 ], [ 18.656584, 54.346826 ], [ 18.652142, 54.346814 ], [ 18.649901, 54.349055 ] ] ] } },
{ "type": "Feature", "properties": { "hex_id": 843, "pop_total": 725.97, "delta_school": 2.0, "base_school": 18.0, "delta_pharmacy": 2.0, "base_pharmacy": 28.0, "delta_university": 0.0, "base_university": 1.0, "delta_mall": 0.0, "base_mall": 6.0, "net_delta": 4.0, "net_delta_n": 4 }, "geometry": { "type": "Polygon", "coordinates": [ [ [ 18.64994, 54.34456 ], [ 18.652142, 54.346814 ], [ 18.656584, 54.346826 ], [ 18.658823, 54.344585 ], [ 18.656621, 54.342331 ], [ 18.65218, 54.342319 ], [ 18.64994, 54.34456 ] ] ] } },
{ "type": "Feature", "properties": { "hex_id": 844, "pop_total": 2034.03, "delta_school": 2.0, "base_school": 12.0, "delta_pharmacy": -1.0, "base_pharmacy": 21.0, "delta_university": 0.0, "base_university": 1.0, "delta_mall": 0.0, "base_mall": 6.0, "net_delta": 1.0, "net_delta_n": 4 }, "geometry": { "type": "Polygon", "coordinates": [ [ [ 18.649978, 54.340065 ], [ 18.65218, 54.342319 ], [ 18.656621, 54.342331 ], [ 18.658861, 54.34009 ], [ 18.656659, 54.337836 ], [ 18.652217, 54.337824 ], [ 18.649978, 54.340065 ] ] ] } },
{ "type": "Feature", "properties": { "hex_id": 845, "pop_total": 267.45, "delta_school": 0.0, "base_school": 4.0, "delta_pharmacy": -3.0, "base_pharmacy": 13.0, "delta_university": 0.0, "base_university": 1.0, "delta_mall": 0.0, "base_mall": 5.0, "net_delta": -3.0, "net_delta_n": 4 }, "geometry": { "type": "Polygon", "coordinates": [ [ [ 18.650016, 54.33557 ], [ 18.652217, 54.337824 ], [ 18.656659, 54.337836 ], [ 18.658898, 54.335595 ], [ 18.656696, 54.333341 ], [ 18.652255, 54.333329 ], [ 18.650016, 54.33557 ] ] ] } },
{ "type": "Feature", "properties": { "hex_id": 846, "pop_total": 128.02, "delta_school": 0.0, "base_school": 2.0, "delta_pharmacy": 0.0, "base_pharmacy": 2.0, "delta_university": null, "base_university": 0.0, "delta_mall": null, "base_mall": 0.0, "net_delta": 0.0, "net_delta_n": 2 }, "geometry": { "type": "Polygon", "coordinates": [ [ [ 18.650054, 54.331075 ], [ 18.652255, 54.333329 ], [ 18.656696, 54.333341 ], [ 18.658935, 54.3311 ], [ 18.656734, 54.328846 ], [ 18.652293, 54.328834 ], [ 18.650054, 54.331075 ] ] ] } },
{ "type": "Feature", "properties": { "hex_id": 847, "pop_total": 66.05, "delta_school": 0.0, "base_school": 1.0, "delta_pharmacy": null, "base_pharmacy": 0.0, "delta_university": null, "base_university": 0.0, "delta_mall": null, "base_mall": 0.0, "net_delta": 0.0, "net_delta_n": 1 }, "geometry": { "type": "Polygon", "coordinates": [ [ [ 18.650092, 54.32658 ], [ 18.652293, 54.328834 ], [ 18.656734, 54.328846 ], [ 18.658972, 54.326605 ], [ 18.656771, 54.324351 ], [ 18.652331, 54.324339 ], [ 18.650092, 54.32658 ] ] ] } },
{ "type": "Feature", "properties": { "hex_id": 848, "pop_total": 70.59, "delta_school": null, "base_school": 0.0, "delta_pharmacy": null, "base_pharmacy": 0.0, "delta_university": null, "base_university": 0.0, "delta_mall": null, "base_mall": 0.0, "net_delta": null, "net_delta_n": 0 }, "geometry": { "type": "Polygon", "coordinates": [ [ [ 18.65013, 54.322085 ], [ 18.652331, 54.324339 ], [ 18.656771, 54.324351 ], [ 18.659009, 54.32211 ], [ 18.656808, 54.319856 ], [ 18.652369, 54.319844 ], [ 18.65013, 54.322085 ] ] ] } },
{ "type": "Feature", "properties": { "hex_id": 851, "pop_total": 4.1, "delta_school": null, "base_school": 0.0, "delta_pharmacy": null, "base_pharmacy": 0.0, "delta_university": null, "base_university": 0.0, "delta_mall": null, "base_mall": 0.0, "net_delta": null, "net_delta_n": 0 }, "geometry": { "type": "Polygon", "coordinates": [ [ [ 18.650245, 54.3086 ], [ 18.652445, 54.310854 ], [ 18.656883, 54.310866 ], [ 18.659121, 54.308625 ], [ 18.656921, 54.306371 ], [ 18.652483, 54.306359 ], [ 18.650245, 54.3086 ] ] ] } },
{ "type": "Feature", "properties": { "hex_id": 852, "pop_total": 24.85, "delta_school": null, "base_school": 0.0, "delta_pharmacy": null, "base_pharmacy": 0.0, "delta_university": null, "base_university": 0.0, "delta_mall": null, "base_mall": 0.0, "net_delta": null, "net_delta_n": 0 }, "geometry": { "type": "Polygon", "coordinates": [ [ [ 18.650283, 54.304105 ], [ 18.652483, 54.306359 ], [ 18.656921, 54.306371 ], [ 18.659158, 54.30413 ], [ 18.656958, 54.301876 ], [ 18.652521, 54.301864 ], [ 18.650283, 54.304105 ] ] ] } },
{ "type": "Feature", "properties": { "hex_id": 858, "pop_total": 240.01, "delta_school": 0.0, "base_school": 7.0, "delta_pharmacy": 0.0, "base_pharmacy": 6.0, "delta_university": null, "base_university": 0.0, "delta_mall": null, "base_mall": 0.0, "net_delta": 0.0, "net_delta_n": 2 }, "geometry": { "type": "Polygon", "coordinates": [ [ [ 18.656096, 54.405261 ], [ 18.658301, 54.407514 ], [ 18.66275, 54.407527 ], [ 18.664993, 54.405286 ], [ 18.662787, 54.403032 ], [ 18.658339, 54.403019 ], [ 18.656096, 54.405261 ] ] ] } },
{ "type": "Feature", "properties": { "hex_id": 859, "pop_total": 3416.0, "delta_school": 1.0, "base_school": 9.0, "delta_pharmacy": 1.0, "base_pharmacy": 8.0, "delta_university": null, "base_university": 0.0, "delta_mall": 0.0, "base_mall": 1.0, "net_delta": 2.0, "net_delta_n": 3 }, "geometry": { "type": "Polygon", "coordinates": [ [ [ 18.656133, 54.400766 ], [ 18.658339, 54.403019 ], [ 18.662787, 54.403032 ], [ 18.665029, 54.400791 ], [ 18.662824, 54.398537 ], [ 18.658376, 54.398524 ], [ 18.656133, 54.400766 ] ] ] } },
{ "type": "Feature", "properties": { "hex_id": 860, "pop_total": 27.16, "delta_school": 2.0, "base_school": 4.0, "delta_pharmacy": 0.0, "base_pharmacy": 5.0, "delta_university": null, "base_university": 0.0, "delta_mall": null, "base_mall": 0.0, "net_delta": 2.0, "net_delta_n": 2 }, "geometry": { "type": "Polygon", "coordinates": [ [ [ 18.656171, 54.396271 ], [ 18.658376, 54.398524 ], [ 18.662824, 54.398537 ], [ 18.665066, 54.396296 ], [ 18.662861, 54.394042 ], [ 18.658413, 54.39403 ], [ 18.656171, 54.396271 ] ] ] } },
{ "type": "Feature", "properties": { "hex_id": 861, "pop_total": 2.89, "delta_school": 1.0, "base_school": 6.0, "delta_pharmacy": 0.0, "base_pharmacy": 6.0, "delta_university": 0.0, "base_university": 3.0, "delta_mall": null, "base_mall": 0.0, "net_delta": 1.0, "net_delta_n": 3 }, "geometry": { "type": "Polygon", "coordinates": [ [ [ 18.656208, 54.391776 ], [ 18.658413, 54.39403 ], [ 18.662861, 54.394042 ], [ 18.665103, 54.391801 ], [ 18.662897, 54.389547 ], [ 18.658451, 54.389535 ], [ 18.656208, 54.391776 ] ] ] } },
{ "type": "Feature", "properties": { "hex_id": 862, "pop_total": 4.12, "delta_school": 1.0, "base_school": 1.0, "delta_pharmacy": 0.0, "base_pharmacy": 3.0, "delta_university": null, "base_university": 0.0, "delta_mall": null, "base_mall": 0.0, "net_delta": 1.0, "net_delta_n": 2 }, "geometry": { "type": "Polygon", "coordinates": [ [ [ 18.656246, 54.387281 ], [ 18.658451, 54.389535 ], [ 18.662897, 54.389547 ], [ 18.665139, 54.387306 ], [ 18.662934, 54.385052 ], [ 18.658488, 54.38504 ], [ 18.656246, 54.387281 ] ] ] } },
{ "type": "Feature", "properties": { "hex_id": 868, "pop_total": 28.13, "delta_school": 0.0, "base_school": 8.0, "delta_pharmacy": 0.0, "base_pharmacy": 11.0, "delta_university": 0.0, "base_university": 1.0, "delta_mall": 0.0, "base_mall": 4.0, "net_delta": 0.0, "net_delta_n": 4 }, "geometry": { "type": "Polygon", "coordinates": [ [ [ 18.656471, 54.360311 ], [ 18.658674, 54.362565 ], [ 18.663118, 54.362577 ], [ 18.665359, 54.360336 ], [ 18.663155, 54.358082 ], [ 18.658712, 54.35807 ], [ 18.656471, 54.360311 ] ] ] } },
{ "type": "Feature", "properties": { "hex_id": 869, "pop_total": 388.82, "delta_school": 0.0, "base_school": 12.0, "delta_pharmacy": 0.0, "base_pharmacy": 21.0, "delta_university": -1.0, "base_university": 2.0, "delta_mall": 0.0, "base_mall": 6.0, "net_delta": -1.0, "net_delta_n": 4 }, "geometry": { "type": "Polygon", "coordinates": [ [ [ 18.656509, 54.355816 ], [ 18.658712, 54.35807 ], [ 18.663155, 54.358082 ], [ 18.665395, 54.355841 ], [ 18.663192, 54.353588 ], [ 18.658749, 54.353575 ], [ 18.656509, 54.355816 ] ] ] } },
{ "type": "Feature", "properties": { "hex_id": 870, "pop_total": 980.16, "delta_school": 0.0, "base_school": 14.0, "delta_pharmacy": 0.0, "base_pharmacy": 19.0, "delta_university": 0.0, "base_university": 1.0, "delta_mall": 1.0, "base_mall": 5.0, "net_delta": 1.0, "net_delta_n": 4 }, "geometry": { "type": "Polygon", "coordinates": [ [ [ 18.656546, 54.351321 ], [ 18.658749, 54.353575 ], [ 18.663192, 54.353588 ], [ 18.665432, 54.351346 ], [ 18.663229, 54.349093 ], [ 18.658786, 54.34908 ], [ 18.656546, 54.351321 ] ] ] } },
{ "type": "Feature", "properties": { "hex_id": 871, "pop_total": 1259.79, "delta_school": 0.0, "base_school": 17.0, "delta_pharmacy": 1.0, "base_pharmacy": 25.0, "delta_university": 0.0, "base_university": 1.0, "delta_mall": 0.0, "base_mall": 6.0, "net_delta": 1.0, "net_delta_n": 4 }, "geometry": { "type": "Polygon", "coordinates": [ [ [ 18.656584, 54.346826 ], [ 18.658786, 54.34908 ], [ 18.663229, 54.349093 ], [ 18.665468, 54.346851 ], [ 18.663265, 54.344598 ], [ 18.658823, 54.344585 ], [ 18.656584, 54.346826 ] ] ] } },
{ "type": "Feature", "properties": { "hex_id": 872, "pop_total": 2836.89, "delta_school": 0.0, "base_school": 16.0, "delta_pharmacy": 0.0, "base_pharmacy": 25.0, "delta_university": 0.0, "base_university": 1.0, "delta_mall": 0.0, "base_mall": 6.0, "net_delta": 0.0, "net_delta_n": 4 }, "geometry": { "type": "Polygon", "coordinates": [ [ [ 18.656621, 54.342331 ], [ 18.658823, 54.344585 ], [ 18.663265, 54.344598 ], [ 18.665505, 54.342356 ], [ 18.663302, 54.340103 ], [ 18.658861, 54.34009 ], [ 18.656621, 54.342331 ] ] ] } },
{ "type": "Feature", "properties": { "hex_id": 873, "pop_total": 132.51, "delta_school": 0.0, "base_school": 5.0, "delta_pharmacy": -3.0, "base_pharmacy": 10.0, "delta_university": -1.0, "base_university": 1.0, "delta_mall": -2.0, "base_mall": 5.0, "net_delta": -6.0, "net_delta_n": 4 }, "geometry": { "type": "Polygon", "coordinates": [ [ [ 18.656659, 54.337836 ], [ 18.658861, 54.34009 ], [ 18.663302, 54.340103 ], [ 18.665541, 54.337861 ], [ 18.663339, 54.335608 ], [ 18.658898, 54.335595 ], [ 18.656659, 54.337836 ] ] ] } },
{ "type": "Feature", "properties": { "hex_id": 874, "pop_total": 162.65, "delta_school": 0.0, "base_school": 3.0, "delta_pharmacy": 0.0, "base_pharmacy": 3.0, "delta_university": null, "base_university": 0.0, "delta_mall": null, "base_mall": 0.0, "net_delta": 0.0, "net_delta_n": 2 }, "geometry": { "type": "Polygon", "coordinates": [ [ [ 18.656696, 54.333341 ], [ 18.658898, 54.335595 ], [ 18.663339, 54.335608 ], [ 18.665578, 54.333366 ], [ 18.663376, 54.331113 ], [ 18.658935, 54.3311 ], [ 18.656696, 54.333341 ] ] ] } },
{ "type": "Feature", "properties": { "hex_id": 875, "pop_total": 66.05, "delta_school": null, "base_school": 0.0, "delta_pharmacy": null, "base_pharmacy": 0.0, "delta_university": null, "base_university": 0.0, "delta_mall": null, "base_mall": 0.0, "net_delta": null, "net_delta_n": 0 }, "geometry": { "type": "Polygon", "coordinates": [ [ [ 18.656734, 54.328846 ], [ 18.658935, 54.3311 ], [ 18.663376, 54.331113 ], [ 18.665614, 54.328871 ], [ 18.663412, 54.326618 ], [ 18.658972, 54.326605 ], [ 18.656734, 54.328846 ] ] ] } },
{ "type": "Feature", "properties": { "hex_id": 876, "pop_total": 0.84, "delta_school": null, "base_school": 0.0, "delta_pharmacy": null, "base_pharmacy": 0.0, "delta_university": null, "base_university": 0.0, "delta_mall": null, "base_mall": 0.0, "net_delta": null, "net_delta_n": 0 }, "geometry": { "type": "Polygon", "coordinates": [ [ [ 18.656771, 54.324351 ], [ 18.658972, 54.326605 ], [ 18.663412, 54.326618 ], [ 18.66565, 54.324376 ], [ 18.663449, 54.322123 ], [ 18.659009, 54.32211 ], [ 18.656771, 54.324351 ] ] ] } },
{ "type": "Feature", "properties": { "hex_id": 877, "pop_total": 23.59, "delta_school": null, "base_school": 0.0, "delta_pharmacy": null, "base_pharmacy": 0.0, "delta_university": null, "base_university": 0.0, "delta_mall": null, "base_mall": 0.0, "net_delta": null, "net_delta_n": 0 }, "geometry": { "type": "Polygon", "coordinates": [ [ [ 18.656808, 54.319856 ], [ 18.659009, 54.32211 ], [ 18.663449, 54.322123 ], [ 18.665687, 54.319881 ], [ 18.663486, 54.317628 ], [ 18.659047, 54.317615 ], [ 18.656808, 54.319856 ] ] ] } },
{ "type": "Feature", "properties": { "hex_id": 878, "pop_total": 9.67, "delta_school": null, "base_school": 0.0, "delta_pharmacy": null, "base_pharmacy": 0.0, "delta_university": null, "base_university": 0.0, "delta_mall": null, "base_mall": 0.0, "net_delta": null, "net_delta_n": 0 }, "geometry": { "type": "Polygon", "coordinates": [ [ [ 18.656846, 54.315361 ], [ 18.659047, 54.317615 ], [ 18.663486, 54.317628 ], [ 18.665723, 54.315386 ], [ 18.663522, 54.313133 ], [ 18.659084, 54.31312 ], [ 18.656846, 54.315361 ] ] ] } },
{ "type": "Feature", "properties": { "hex_id": 880, "pop_total": 22.76, "delta_school": null, "base_school": 0.0, "delta_pharmacy": null, "base_pharmacy": 0.0, "delta_university": null, "base_university": 0.0, "delta_mall": null, "base_mall": 0.0, "net_delta": null, "net_delta_n": 0 }, "geometry": { "type": "Polygon", "coordinates": [ [ [ 18.656921, 54.306371 ], [ 18.659121, 54.308625 ], [ 18.663559, 54.308638 ], [ 18.665796, 54.306396 ], [ 18.663596, 54.304143 ], [ 18.659158, 54.30413 ], [ 18.656921, 54.306371 ] ] ] } },
{ "type": "Feature", "properties": { "hex_id": 886, "pop_total": 1093.85, "delta_school": 0.0, "base_school": 7.0, "delta_pharmacy": 0.0, "base_pharmacy": 6.0, "delta_university": null, "base_university": 0.0, "delta_mall": null, "base_mall": 0.0, "net_delta": 0.0, "net_delta_n": 2 }, "geometry": { "type": "Polygon", "coordinates": [ [ [ 18.662787, 54.403032 ], [ 18.664993, 54.405286 ], [ 18.669441, 54.405298 ], [ 18.671683, 54.403056 ], [ 18.669477, 54.400803 ], [ 18.665029, 54.400791 ], [ 18.662787, 54.403032 ] ] ] } },
{ "type": "Feature", "properties": { "hex_id": 887, "pop_total": 2034.06, "delta_school": 0.0, "base_school": 11.0, "delta_pharmacy": -3.0, "base_pharmacy": 9.0, "delta_university": -1.0, "base_university": 8.0, "delta_mall": null, "base_mall": 0.0, "net_delta": -4.0, "net_delta_n": 3 }, "geometry": { "type": "Polygon", "coordinates": [ [ [ 18.662824, 54.398537 ], [ 18.665029, 54.400791 ], [ 18.669477, 54.400803 ], [ 18.671719, 54.398561 ], [ 18.669513, 54.396308 ], [ 18.665066, 54.396296 ], [ 18.662824, 54.398537 ] ] ] } },
{ "type": "Feature", "properties": { "hex_id": 888, "pop_total": 19.39, "delta_school": 1.0, "base_school": 4.0, "delta_pharmacy": 0.0, "base_pharmacy": 5.0, "delta_university": null, "base_university": 0.0, "delta_mall": null, "base_mall": 0.0, "net_delta": 1.0, "net_delta_n": 2 }, "geometry": { "type": "Polygon", "coordinates": [ [ [ 18.662861, 54.394042 ], [ 18.665066, 54.396296 ], [ 18.669513, 54.396308 ], [ 18.671755, 54.394067 ], [ 18.66955, 54.391813 ], [ 18.665103, 54.391801 ], [ 18.662861, 54.394042 ] ] ] } },
{ "type": "Feature", "properties": { "hex_id": 892, "pop_total": 0.89, "delta_school": null, "base_school": 0.0, "delta_pharmacy": null, "base_pharmacy": 0.0, "delta_university": null, "base_university": 0.0, "delta_mall": null, "base_mall": 0.0, "net_delta": null, "net_delta_n": 0 }, "geometry": { "type": "Polygon", "coordinates": [ [ [ 18.663008, 54.376062 ], [ 18.665212, 54.378316 ], [ 18.669658, 54.378328 ], [ 18.671899, 54.376087 ], [ 18.669694, 54.373833 ], [ 18.665249, 54.373821 ], [ 18.663008, 54.376062 ] ] ] } },
{ "type": "Feature", "properties": { "hex_id": 896, "pop_total": 19.87, "delta_school": 0.0, "base_school": 7.0, "delta_pharmacy": 0.0, "base_pharmacy": 2.0, "delta_university": null, "base_university": 0.0, "delta_mall": null, "base_mall": 0.0, "net_delta": 0.0, "net_delta_n": 2 }, "geometry": { "type": "Polygon", "coordinates": [ [ [ 18.663155, 54.358082 ], [ 18.665359, 54.360336 ], [ 18.669802, 54.360348 ], [ 18.672042, 54.358107 ], [ 18.669838, 54.355853 ], [ 18.665395, 54.355841 ], [ 18.663155, 54.358082 ] ] ] } },
{ "type": "Feature", "properties": { "hex_id": 897, "pop_total": 68.85, "delta_school": 0.0, "base_school": 16.0, "delta_pharmacy": 0.0, "base_pharmacy": 25.0, "delta_university": 0.0, "base_university": 1.0, "delta_mall": 0.0, "base_mall": 6.0, "net_delta": 0.0, "net_delta_n": 4 }, "geometry": { "type": "Polygon", "coordinates": [ [ [ 18.663192, 54.353588 ], [ 18.665395, 54.355841 ], [ 18.669838, 54.355853 ], [ 18.672078, 54.353612 ], [ 18.669874, 54.351358 ], [ 18.665432, 54.351346 ], [ 18.663192, 54.353588 ] ] ] } },
{ "type": "Feature", "properties": { "hex_id": 898, "pop_total": 2279.92, "delta_school": -1.0, "base_school": 19.0, "delta_pharmacy": 1.0, "base_pharmacy": 26.0, "delta_university": 0.0, "base_university": 1.0, "delta_mall": 0.0, "base_mall": 6.0, "net_delta": 0.0, "net_delta_n": 4 }, "geometry": { "type": "Polygon", "coordinates": [ [ [ 18.663229, 54.349093 ], [ 18.665432, 54.351346 ], [ 18.669874, 54.351358 ], [ 18.672113, 54.349117 ], [ 18.66991, 54.346863 ], [ 18.665468, 54.346851 ], [ 18.663229, 54.349093 ] ] ] } },
{ "type": "Feature", "properties": { "hex_id": 899, "pop_total": 481.1, "delta_school": 2.0, "base_school": 13.0, "delta_pharmacy": 0.0, "base_pharmacy": 24.0, "delta_university": 0.0, "base_university": 1.0, "delta_mall": 0.0, "base_mall": 6.0, "net_delta": 2.0, "net_delta_n": 4 }, "geometry": { "type": "Polygon", "coordinates": [ [ [ 18.663265, 54.344598 ], [ 18.665468, 54.346851 ], [ 18.66991, 54.346863 ], [ 18.672149, 54.344622 ], [ 18.669946, 54.342368 ], [ 18.665505, 54.342356 ], [ 18.663265, 54.344598 ] ] ] } },
{ "type": "Feature", "properties": { "hex_id": 900, "pop_total": 100.96, "delta_school": 0.0, "base_school": 7.0, "delta_pharmacy": 1.0, "base_pharmacy": 7.0, "delta_university": null, "base_university": 0.0, "delta_mall": 1.0, "base_mall": 2.0, "net_delta": 2.0, "net_delta_n": 3 }, "geometry": { "type": "Polygon", "coordinates": [ [ [ 18.663302, 54.340103 ], [ 18.665505, 54.342356 ], [ 18.669946, 54.342368 ], [ 18.672185, 54.340127 ], [ 18.669982, 54.337874 ], [ 18.665541, 54.337861 ], [ 18.663302, 54.340103 ] ] ] } },
{ "type": "Feature", "properties": { "hex_id": 901, "pop_total": 431.86, "delta_school": 0.0, "base_school": 2.0, "delta_pharmacy": 0.0, "base_pharmacy": 1.0, "delta_university": null, "base_university": 0.0, "delta_mall": null, "base_mall": 0.0, "net_delta": 0.0, "net_delta_n": 2 }, "geometry": { "type": "Polygon", "coordinates": [ [ [ 18.663339, 54.335608 ], [ 18.665541, 54.337861 ], [ 18.669982, 54.337874 ], [ 18.672221, 54.335632 ], [ 18.670018, 54.333379 ], [ 18.665578, 54.333366 ], [ 18.663339, 54.335608 ] ] ] } },
{ "type": "Feature", "properties": { "hex_id": 902, "pop_total": 99.09, "delta_school": 0.0, "base_school": 1.0, "delta_pharmacy": 0.0, "base_pharmacy": 1.0, "delta_university": null, "base_university": 0.0, "delta_mall": null, "base_mall": 0.0, "net_delta": 0.0, "net_delta_n": 2 }, "geometry": { "type": "Polygon", "coordinates": [ [ [ 18.663376, 54.331113 ], [ 18.665578, 54.333366 ], [ 18.670018, 54.333379 ], [ 18.672257, 54.331137 ], [ 18.670054, 54.328884 ], [ 18.665614, 54.328871 ], [ 18.663376, 54.331113 ] ] ] } },
{ "type": "Feature", "properties": { "hex_id": 903, "pop_total": 21.15, "delta_school": null, "base_school": 0.0, "delta_pharmacy": null, "base_pharmacy": 0.0, "delta_university": null, "base_university": 0.0, "delta_mall": null, "base_mall": 0.0, "net_delta": null, "net_delta_n": 0 }, "geometry": { "type": "Polygon", "coordinates": [ [ [ 18.663412, 54.326618 ], [ 18.665614, 54.328871 ], [ 18.670054, 54.328884 ], [ 18.672292, 54.326642 ], [ 18.67009, 54.324389 ], [ 18.66565, 54.324376 ], [ 18.663412, 54.326618 ] ] ] } },
{ "type": "Feature", "properties": { "hex_id": 904, "pop_total": 1.68, "delta_school": null, "base_school": 0.0, "delta_pharmacy": null, "base_pharmacy": 0.0, "delta_university": null, "base_university": 0.0, "delta_mall": null, "base_mall": 0.0, "net_delta": null, "net_delta_n": 0 }, "geometry": { "type": "Polygon", "coordinates": [ [ [ 18.663449, 54.322123 ], [ 18.66565, 54.324376 ], [ 18.67009, 54.324389 ], [ 18.672328, 54.322147 ], [ 18.670126, 54.319894 ], [ 18.665687, 54.319881 ], [ 18.663449, 54.322123 ] ] ] } },
{ "type": "Feature", "properties": { "hex_id": 906, "pop_total": 1.57, "delta_school": null, "base_school": 0.0, "delta_pharmacy": null, "base_pharmacy": 0.0, "delta_university": null, "base_university": 0.0, "delta_mall": null, "base_mall": 0.0, "net_delta": null, "net_delta_n": 0 }, "geometry": { "type": "Polygon", "coordinates": [ [ [ 18.663522, 54.313133 ], [ 18.665723, 54.315386 ], [ 18.670162, 54.315399 ], [ 18.672399, 54.313157 ], [ 18.670198, 54.310904 ], [ 18.66576, 54.310891 ], [ 18.663522, 54.313133 ] ] ] } },
{ "type": "Feature", "properties": { "hex_id": 907, "pop_total": 4.72, "delta_school": null, "base_school": 0.0, "delta_pharmacy": null, "base_pharmacy": 0.0, "delta_university": null, "base_university": 0.0, "delta_mall": null, "base_mall": 0.0, "net_delta": null, "net_delta_n": 0 }, "geometry": { "type": "Polygon", "coordinates": [ [ [ 18.663559, 54.308638 ], [ 18.66576, 54.310891 ], [ 18.670198, 54.310904 ], [ 18.672435, 54.308662 ], [ 18.670234, 54.306409 ], [ 18.665796, 54.306396 ], [ 18.663559, 54.308638 ] ] ] } },
{ "type": "Feature", "properties": { "hex_id": 908, "pop_total": 24.3, "delta_school": null, "base_school": 0.0, "delta_pharmacy": null, "base_pharmacy": 0.0, "delta_university": null, "base_university": 0.0, "delta_mall": null, "base_mall": 0.0, "net_delta": null, "net_delta_n": 0 }, "geometry": { "type": "Polygon", "coordinates": [ [ [ 18.663596, 54.304143 ], [ 18.665796, 54.306396 ], [ 18.670234, 54.306409 ], [ 18.672471, 54.304167 ], [ 18.67027, 54.301914 ], [ 18.665833, 54.301901 ], [ 18.663596, 54.304143 ] ] ] } },
{ "type": "Feature", "properties": { "hex_id": 913, "pop_total": 1321.28, "delta_school": 0.0, "base_school": 9.0, "delta_pharmacy": 0.0, "base_pharmacy": 6.0, "delta_university": null, "base_university": 0.0, "delta_mall": null, "base_mall": 0.0, "net_delta": 0.0, "net_delta_n": 2 }, "geometry": { "type": "Polygon", "coordinates": [ [ [ 18.669477, 54.400803 ], [ 18.671683, 54.403056 ], [ 18.676132, 54.403068 ], [ 18.678373, 54.400827 ], [ 18.676167, 54.398574 ], [ 18.671719, 54.398561 ], [ 18.669477, 54.400803 ] ] ] } },
{ "type": "Feature", "properties": { "hex_id": 914, "pop_total": 576.44, "delta_school": 0.0, "base_school": 8.0, "delta_pharmacy": 0.0, "base_pharmacy": 6.0, "delta_university": null, "base_university": 0.0, "delta_mall": null, "base_mall": 0.0, "net_delta": 0.0, "net_delta_n": 2 }, "geometry": { "type": "Polygon", "coordinates": [ [ [ 18.669513, 54.396308 ], [ 18.671719, 54.398561 ], [ 18.676167, 54.398574 ], [ 18.678409, 54.396332 ], [ 18.676202, 54.394079 ], [ 18.671755, 54.394067 ], [ 18.669513, 54.396308 ] ] ] } },
{ "type": "Feature", "properties": { "hex_id": 919, "pop_total": 6.86, "delta_school": null, "base_school": 0.0, "delta_pharmacy": null, "base_pharmacy": 0.0, "delta_university": null, "base_university": 0.0, "delta_mall": null, "base_mall": 0.0, "net_delta": null, "net_delta_n": 0 }, "geometry": { "type": "Polygon", "coordinates": [ [ [ 18.669694, 54.373833 ], [ 18.671899, 54.376087 ], [ 18.676344, 54.376099 ], [ 18.678584, 54.373857 ], [ 18.676379, 54.371604 ], [ 18.671934, 54.371592 ], [ 18.669694, 54.373833 ] ] ] } },
{ "type": "Feature", "properties": { "hex_id": 921, "pop_total": 8.02, "delta_school": null, "base_school": 0.0, "delta_pharmacy": 0.0, "base_pharmacy": 1.0, "delta_university": null, "base_university": 0.0, "delta_mall": null, "base_mall": 0.0, "net_delta": 0.0, "net_delta_n": 1 }, "geometry": { "type": "Polygon", "coordinates": [ [ [ 18.669766, 54.364843 ], [ 18.67197, 54.367097 ], [ 18.676415, 54.367109 ], [ 18.678654, 54.364867 ], [ 18.67645, 54.362614 ], [ 18.672006, 54.362602 ], [ 18.669766, 54.364843 ] ] ] } },
{ "type": "Feature", "properties": { "hex_id": 922, "pop_total": 135.52, "delta_school": -1.0, "base_school": 7.0, "delta_pharmacy": -1.0, "base_pharmacy": 9.0, "delta_university": null, "base_university": 0.0, "delta_mall": null, "base_mall": 0.0, "net_delta": -2.0, "net_delta_n": 2 }, "geometry": { "type": "Polygon", "coordinates": [ [ [ 18.669802, 54.360348 ], [ 18.672006, 54.362602 ], [ 18.67645, 54.362614 ], [ 18.678689, 54.360372 ], [ 18.676485, 54.358119 ], [ 18.672042, 54.358107 ], [ 18.669802, 54.360348 ] ] ] } },
{ "type": "Feature", "properties": { "hex_id": 923, "pop_total": 74.83, "delta_school": 0.0, "base_school": 8.0, "delta_pharmacy": 2.0, "base_pharmacy": 17.0, "delta_university": null, "base_university": 0.0, "delta_mall": 2.0, "base_mall": 3.0, "net_delta": 4.0, "net_delta_n": 3 }, "geometry": { "type": "Polygon", "coordinates": [ [ [ 18.669838, 54.355853 ], [ 18.672042, 54.358107 ], [ 18.676485, 54.358119 ], [ 18.678725, 54.355877 ], [ 18.676521, 54.353624 ], [ 18.672078, 54.353612 ], [ 18.669838, 54.355853 ] ] ] } },
{ "type": "Feature", "properties": { "hex_id": 924, "pop_total": 1267.49, "delta_school": 0.0, "base_school": 18.0, "delta_pharmacy": 0.0, "base_pharmacy": 24.0, "delta_university": 0.0, "base_university": 1.0, "delta_mall": 0.0, "base_mall": 6.0, "net_delta": 0.0, "net_delta_n": 4 }, "geometry": { "type": "Polygon", "coordinates": [ [ [ 18.669874, 54.351358 ], [ 18.672078, 54.353612 ], [ 18.676521, 54.353624 ], [ 18.67876, 54.351382 ], [ 18.676556, 54.349129 ], [ 18.672113, 54.349117 ], [ 18.669874, 54.351358 ] ] ] } },
{ "type": "Feature", "properties": { "hex_id": 925, "pop_total": 178.52, "delta_school": 0.0, "base_school": 7.0, "delta_pharmacy": 3.0, "base_pharmacy": 7.0, "delta_university": null, "base_university": 0.0, "delta_mall": 2.0, "base_mall": 2.0, "net_delta": 5.0, "net_delta_n": 3 }, "geometry": { "type": "Polygon", "coordinates": [ [ [ 18.66991, 54.346863 ], [ 18.672113, 54.349117 ], [ 18.676556, 54.349129 ], [ 18.678795, 54.346887 ], [ 18.676591, 54.344634 ], [ 18.672149, 54.344622 ], [ 18.66991, 54.346863 ] ] ] } },
{ "type": "Feature", "properties": { "hex_id": 926, "pop_total": 213.71, "delta_school": 0.0, "base_school": 7.0, "delta_pharmacy": 0.0, "base_pharmacy": 6.0, "delta_university": null, "base_university": 0.0, "delta_mall": null, "base_mall": 0.0, "net_delta": 0.0, "net_delta_n": 2 }, "geometry": { "type": "Polygon", "coordinates": [ [ [ 18.669946, 54.342368 ], [ 18.672149, 54.344622 ], [ 18.676591, 54.344634 ], [ 18.67883, 54.342392 ], [ 18.676626, 54.340139 ], [ 18.672185, 54.340127 ], [ 18.669946, 54.342368 ] ] ] } },
{ "type": "Feature", "properties": { "hex_id": 927, "pop_total": 301.48, "delta_school": 0.0, "base_school": 4.0, "delta_pharmacy": 0.0, "base_pharmacy": 3.0, "delta_university": null, "base_university": 0.0, "delta_mall": null, "base_mall": 0.0, "net_delta": 0.0, "net_delta_n": 2 }, "geometry": { "type": "Polygon", "coordinates": [ [ [ 18.669982, 54.337874 ], [ 18.672185, 54.340127 ], [ 18.676626, 54.340139 ], [ 18.678865, 54.337897 ], [ 18.676662, 54.335644 ], [ 18.672221, 54.335632 ], [ 18.669982, 54.337874 ] ] ] } },
{ "type": "Feature", "properties": { "hex_id": 928, "pop_total": 34.0, "delta_school": 0.0, "base_school": 1.0, "delta_pharmacy": null, "base_pharmacy": 0.0, "delta_university": null, "base_university": 0.0, "delta_mall": null, "base_mall": 0.0, "net_delta": 0.0, "net_delta_n": 1 }, "geometry": { "type": "Polygon", "coordinates": [ [ [ 18.670018, 54.333379 ], [ 18.672221, 54.335632 ], [ 18.676662, 54.335644 ], [ 18.6789, 54.333402 ], [ 18.676697, 54.331149 ], [ 18.672257, 54.331137 ], [ 18.670018, 54.333379 ] ] ] } },
{ "type": "Feature", "properties": { "hex_id": 929, "pop_total": 43.06, "delta_school": null, "base_school": 0.0, "delta_pharmacy": null, "base_pharmacy": 0.0, "delta_university": null, "base_university": 0.0, "delta_mall": null, "base_mall": 0.0, "net_delta": null, "net_delta_n": 0 }, "geometry": { "type": "Polygon", "coordinates": [ [ [ 18.670054, 54.328884 ], [ 18.672257, 54.331137 ], [ 18.676697, 54.331149 ], [ 18.678935, 54.328908 ], [ 18.676732, 54.326654 ], [ 18.672292, 54.326642 ], [ 18.670054, 54.328884 ] ] ] } },
{ "type": "Feature", "properties": { "hex_id": 930, "pop_total": 116.18, "delta_school": null, "base_school": 0.0, "delta_pharmacy": null, "base_pharmacy": 0.0, "delta_university": null, "base_university": 0.0, "delta_mall": null, "base_mall": 0.0, "net_delta": null, "net_delta_n": 0 }, "geometry": { "type": "Polygon", "coordinates": [ [ [ 18.67009, 54.324389 ], [ 18.672292, 54.326642 ], [ 18.676732, 54.326654 ], [ 18.67897, 54.324413 ], [ 18.676768, 54.322159 ], [ 18.672328, 54.322147 ], [ 18.67009, 54.324389 ] ] ] } },
{ "type": "Feature", "properties": { "hex_id": 931, "pop_total": 20.84, "delta_school": null, "base_school": 0.0, "delta_pharmacy": null, "base_pharmacy": 0.0, "delta_university": null, "base_university": 0.0, "delta_mall": null, "base_mall": 0.0, "net_delta": null, "net_delta_n": 0 }, "geometry": { "type": "Polygon", "coordinates": [ [ [ 18.670126, 54.319894 ], [ 18.672328, 54.322147 ], [ 18.676768, 54.322159 ], [ 18.679005, 54.319918 ], [ 18.676803, 54.317664 ], [ 18.672364, 54.317652 ], [ 18.670126, 54.319894 ] ] ] } },
{ "type": "Feature", "properties": { "hex_id": 933, "pop_total": 3.15, "delta_school": null, "base_school": 0.0, "delta_pharmacy": null, "base_pharmacy": 0.0, "delta_university": null, "base_university": 0.0, "delta_mall": null, "base_mall": 0.0, "net_delta": null, "net_delta_n": 0 }, "geometry": { "type": "Polygon", "coordinates": [ [ [ 18.670198, 54.310904 ], [ 18.672399, 54.313157 ], [ 18.676838, 54.313169 ], [ 18.679075, 54.310928 ], [ 18.676873, 54.308674 ], [ 18.672435, 54.308662 ], [ 18.670198, 54.310904 ] ] ] } },
{ "type": "Feature", "properties": { "hex_id": 934, "pop_total": 7.72, "delta_school": null, "base_school": 0.0, "delta_pharmacy": null, "base_pharmacy": 0.0, "delta_university": null, "base_university": 0.0, "delta_mall": null, "base_mall": 0.0, "net_delta": null, "net_delta_n": 0 }, "geometry": { "type": "Polygon", "coordinates": [ [ [ 18.670234, 54.306409 ], [ 18.672435, 54.308662 ], [ 18.676873, 54.308674 ], [ 18.67911, 54.306433 ], [ 18.676908, 54.304179 ], [ 18.672471, 54.304167 ], [ 18.670234, 54.306409 ] ] ] } },
{ "type": "Feature", "properties": { "hex_id": 938, "pop_total": 1.8, "delta_school": null, "base_school": 0.0, "delta_pharmacy": null, "base_pharmacy": 0.0, "delta_university": null, "base_university": 0.0, "delta_mall": null, "base_mall": 0.0, "net_delta": null, "net_delta_n": 0 }, "geometry": { "type": "Polygon", "coordinates": [ [ [ 18.676132, 54.403068 ], [ 18.678338, 54.405322 ], [ 18.682787, 54.405334 ], [ 18.685028, 54.403092 ], [ 18.682821, 54.400839 ], [ 18.678373, 54.400827 ], [ 18.676132, 54.403068 ] ] ] } },
{ "type": "Feature", "properties": { "hex_id": 939, "pop_total": 91.63, "delta_school": 0.0, "base_school": 5.0, "delta_pharmacy": 0.0, "base_pharmacy": 6.0, "delta_university": null, "base_university": 0.0, "delta_mall": null, "base_mall": 0.0, "net_delta": 0.0, "net_delta_n": 2 }, "geometry": { "type": "Polygon", "coordinates": [ [ [ 18.676167, 54.398574 ], [ 18.678373, 54.400827 ], [ 18.682821, 54.400839 ], [ 18.685063, 54.398597 ], [ 18.682856, 54.396344 ], [ 18.678409, 54.396332 ], [ 18.676167, 54.398574 ] ] ] } },
{ "type": "Feature", "properties": { "hex_id": 947, "pop_total": 6.08, "delta_school": 0.0, "base_school": 2.0, "delta_pharmacy": 0.0, "base_pharmacy": 7.0, "delta_university": null, "base_university": 0.0, "delta_mall": null, "base_mall": 0.0, "net_delta": 0.0, "net_delta_n": 2 }, "geometry": { "type": "Polygon", "coordinates": [ [ [ 18.67645, 54.362614 ], [ 18.678654, 54.364867 ], [ 18.683099, 54.364879 ], [ 18.685338, 54.362637 ], [ 18.683133, 54.360384 ], [ 18.678689, 54.360372 ], [ 18.67645, 54.362614 ] ] ] } },
{ "type": "Feature", "properties": { "hex_id": 948, "pop_total": 866.59, "delta_school": 0.0, "base_school": 8.0, "delta_pharmacy": 0.0, "base_pharmacy": 10.0, "delta_university": null, "base_university": 0.0, "delta_mall": null, "base_mall": 0.0, "net_delta": 0.0, "net_delta_n": 2 }, "geometry": { "type": "Polygon", "coordinates": [ [ [ 18.676485, 54.358119 ], [ 18.678689, 54.360372 ], [ 18.683133, 54.360384 ], [ 18.685372, 54.358142 ], [ 18.683168, 54.355889 ], [ 18.678725, 54.355877 ], [ 18.676485, 54.358119 ] ] ] } },
{ "type": "Feature", "properties": { "hex_id": 949, "pop_total": 459.77, "delta_school": 0.0, "base_school": 1.0, "delta_pharmacy": null, "base_pharmacy": 0.0, "delta_university": null, "base_university": 0.0, "delta_mall": null, "base_mall": 0.0, "net_delta": 0.0, "net_delta_n": 1 }, "geometry": { "type": "Polygon", "coordinates": [ [ [ 18.676521, 54.353624 ], [ 18.678725, 54.355877 ], [ 18.683168, 54.355889 ], [ 18.685406, 54.353647 ], [ 18.683202, 54.351394 ], [ 18.67876, 54.351382 ], [ 18.676521, 54.353624 ] ] ] } },
{ "type": "Feature", "properties": { "hex_id": 950, "pop_total": 53.9, "delta_school": 0.0, "base_school": 18.0, "delta_pharmacy": 1.0, "base_pharmacy": 25.0, "delta_university": 0.0, "base_university": 1.0, "delta_mall": 0.0, "base_mall": 6.0, "net_delta": 1.0, "net_delta_n": 4 }, "geometry": { "type": "Polygon", "coordinates": [ [ [ 18.676556, 54.349129 ], [ 18.67876, 54.351382 ], [ 18.683202, 54.351394 ], [ 18.685441, 54.349152 ], [ 18.683237, 54.346899 ], [ 18.678795, 54.346887 ], [ 18.676556, 54.349129 ] ] ] } },
{ "type": "Feature", "properties": { "hex_id": 951, "pop_total": 409.2, "delta_school": 0.0, "base_school": 9.0, "delta_pharmacy": 0.0, "base_pharmacy": 13.0, "delta_university": null, "base_university": 0.0, "delta_mall": null, "base_mall": 0.0, "net_delta": 0.0, "net_delta_n": 2 }, "geometry": { "type": "Polygon", "coordinates": [ [ [ 18.676591, 54.344634 ], [ 18.678795, 54.346887 ], [ 18.683237, 54.346899 ], [ 18.685475, 54.344657 ], [ 18.683271, 54.342404 ], [ 18.67883, 54.342392 ], [ 18.676591, 54.344634 ] ] ] } },
{ "type": "Feature", "properties": { "hex_id": 952, "pop_total": 87.04, "delta_school": 0.0, "base_school": 1.0, "delta_pharmacy": null, "base_pharmacy": 0.0, "delta_university": null, "base_university": 0.0, "delta_mall": null, "base_mall": 0.0, "net_delta": 0.0, "net_delta_n": 1 }, "geometry": { "type": "Polygon", "coordinates": [ [ [ 18.676626, 54.340139 ], [ 18.67883, 54.342392 ], [ 18.683271, 54.342404 ], [ 18.685509, 54.340163 ], [ 18.683306, 54.337909 ], [ 18.678865, 54.337897 ], [ 18.676626, 54.340139 ] ] ] } },
{ "type": "Feature", "properties": { "hex_id": 953, "pop_total": 137.27, "delta_school": 0.0, "base_school": 1.0, "delta_pharmacy": null, "base_pharmacy": 0.0, "delta_university": null, "base_university": 0.0, "delta_mall": null, "base_mall": 0.0, "net_delta": 0.0, "net_delta_n": 1 }, "geometry": { "type": "Polygon", "coordinates": [ [ [ 18.676662, 54.335644 ], [ 18.678865, 54.337897 ], [ 18.683306, 54.337909 ], [ 18.685544, 54.335668 ], [ 18.68334, 54.333414 ], [ 18.6789, 54.333402 ], [ 18.676662, 54.335644 ] ] ] } },
{ "type": "Feature", "properties": { "hex_id": 954, "pop_total": 100.01, "delta_school": 0.0, "base_school": 1.0, "delta_pharmacy": null, "base_pharmacy": 0.0, "delta_university": null, "base_university": 0.0, "delta_mall": null, "base_mall": 0.0, "net_delta": 0.0, "net_delta_n": 1 }, "geometry": { "type": "Polygon", "coordinates": [ [ [ 18.676697, 54.331149 ], [ 18.6789, 54.333402 ], [ 18.68334, 54.333414 ], [ 18.685578, 54.331173 ], [ 18.683375, 54.328919 ], [ 18.678935, 54.328908 ], [ 18.676697, 54.331149 ] ] ] } },
{ "type": "Feature", "properties": { "hex_id": 955, "pop_total": 13.41, "delta_school": null, "base_school": 0.0, "delta_pharmacy": null, "base_pharmacy": 0.0, "delta_university": null, "base_university": 0.0, "delta_mall": null, "base_mall": 0.0, "net_delta": null, "net_delta_n": 0 }, "geometry": { "type": "Polygon", "coordinates": [ [ [ 18.676732, 54.326654 ], [ 18.678935, 54.328908 ], [ 18.683375, 54.328919 ], [ 18.685612, 54.326678 ], [ 18.68341, 54.324424 ], [ 18.67897, 54.324413 ], [ 18.676732, 54.326654 ] ] ] } },
{ "type": "Feature", "properties": { "hex_id": 956, "pop_total": 30.76, "delta_school": null, "base_school": 0.0, "delta_pharmacy": null, "base_pharmacy": 0.0, "delta_university": null, "base_university": 0.0, "delta_mall": null, "base_mall": 0.0, "net_delta": null, "net_delta_n": 0 }, "geometry": { "type": "Polygon", "coordinates": [ [ [ 18.676768, 54.322159 ], [ 18.67897, 54.324413 ], [ 18.68341, 54.324424 ], [ 18.685647, 54.322183 ], [ 18.683444, 54.319929 ], [ 18.679005, 54.319918 ], [ 18.676768, 54.322159 ] ] ] } },
{ "type": "Feature", "properties": { "hex_id": 957, "pop_total": 50.53, "delta_school": null, "base_school": 0.0, "delta_pharmacy": null, "base_pharmacy": 0.0, "delta_university": null, "base_university": 0.0, "delta_mall": null, "base_mall": 0.0, "net_delta": null, "net_delta_n": 0 }, "geometry": { "type": "Polygon", "coordinates": [ [ [ 18.676803, 54.317664 ], [ 18.679005, 54.319918 ], [ 18.683444, 54.319929 ], [ 18.685681, 54.317688 ], [ 18.683479, 54.315434 ], [ 18.67904, 54.315423 ], [ 18.676803, 54.317664 ] ] ] } },
{ "type": "Feature", "properties": { "hex_id": 958, "pop_total": 11.02, "delta_school": null, "base_school": 0.0, "delta_pharmacy": null, "base_pharmacy": 0.0, "delta_university": null, "base_university": 0.0, "delta_mall": null, "base_mall": 0.0, "net_delta": null, "net_delta_n": 0 }, "geometry": { "type": "Polygon", "coordinates": [ [ [ 18.676838, 54.313169 ], [ 18.67904, 54.315423 ], [ 18.683479, 54.315434 ], [ 18.685715, 54.313193 ], [ 18.683513, 54.310939 ], [ 18.679075, 54.310928 ], [ 18.676838, 54.313169 ] ] ] } },
{ "type": "Feature", "properties": { "hex_id": 963, "pop_total": 0.91, "delta_school": null, "base_school": 0.0, "delta_pharmacy": null, "base_pharmacy": 0.0, "delta_university": null, "base_university": 0.0, "delta_mall": null, "base_mall": 0.0, "net_delta": null, "net_delta_n": 0 }, "geometry": { "type": "Polygon", "coordinates": [ [ [ 18.682821, 54.400839 ], [ 18.685028, 54.403092 ], [ 18.689476, 54.403103 ], [ 18.691717, 54.400862 ], [ 18.68951, 54.398609 ], [ 18.685063, 54.398597 ], [ 18.682821, 54.400839 ] ] ] } },
{ "type": "Feature", "properties": { "hex_id": 972, "pop_total": 216.81, "delta_school": 0.0, "base_school": 9.0, "delta_pharmacy": 0.0, "base_pharmacy": 13.0, "delta_university": null, "base_university": 0.0, "delta_mall": 0.0, "base_mall": 1.0, "net_delta": 0.0, "net_delta_n": 3 }, "geometry": { "type": "Polygon", "coordinates": [ [ [ 18.683133, 54.360384 ], [ 18.685338, 54.362637 ], [ 18.689782, 54.362649 ], [ 18.69202, 54.360407 ], [ 18.689816, 54.358154 ], [ 18.685372, 54.358142 ], [ 18.683133, 54.360384 ] ] ] } },
{ "type": "Feature", "properties": { "hex_id": 973, "pop_total": 2210.31, "delta_school": 0.0, "base_school": 10.0, "delta_pharmacy": -1.0, "base_pharmacy": 13.0, "delta_university": null, "base_university": 0.0, "delta_mall": null, "base_mall": 0.0, "net_delta": -1.0, "net_delta_n": 2 }, "geometry": { "type": "Polygon", "coordinates": [ [ [ 18.683168, 54.355889 ], [ 18.685372, 54.358142 ], [ 18.689816, 54.358154 ], [ 18.692054, 54.355912 ], [ 18.689849, 54.353659 ], [ 18.685406, 54.353647 ], [ 18.683168, 54.355889 ] ] ] } },
{ "type": "Feature", "properties": { "hex_id": 974, "pop_total": 19.16, "delta_school": 0.0, "base_school": 1.0, "delta_pharmacy": null, "base_pharmacy": 0.0, "delta_university": null, "base_university": 0.0, "delta_mall": null, "base_mall": 0.0, "net_delta": 0.0, "net_delta_n": 1 }, "geometry": { "type": "Polygon", "coordinates": [ [ [ 18.683202, 54.351394 ], [ 18.685406, 54.353647 ], [ 18.689849, 54.353659 ], [ 18.692088, 54.351417 ], [ 18.689883, 54.349164 ], [ 18.685441, 54.349152 ], [ 18.683202, 54.351394 ] ] ] } },
{ "type": "Feature", "properties": { "hex_id": 975, "pop_total": 51.02, "delta_school": -1.0, "base_school": 4.0, "delta_pharmacy": -3.0, "base_pharmacy": 5.0, "delta_university": null, "base_university": 0.0, "delta_mall": null, "base_mall": 0.0, "net_delta": -4.0, "net_delta_n": 2 }, "geometry": { "type": "Polygon", "coordinates": [ [ [ 18.683237, 54.346899 ], [ 18.685441, 54.349152 ], [ 18.689883, 54.349164 ], [ 18.692121, 54.346922 ], [ 18.689917, 54.344669 ], [ 18.685475, 54.344657 ], [ 18.683237, 54.346899 ] ] ] } },
{ "type": "Feature", "properties": { "hex_id": 976, "pop_total": 8.13, "delta_school": null, "base_school": 0.0, "delta_pharmacy": null, "base_pharmacy": 0.0, "delta_university": null, "base_university": 0.0, "delta_mall": null, "base_mall": 0.0, "net_delta": null, "net_delta_n": 0 }, "geometry": { "type": "Polygon", "coordinates": [ [ [ 18.683271, 54.342404 ], [ 18.685475, 54.344657 ], [ 18.689917, 54.344669 ], [ 18.692155, 54.342427 ], [ 18.689951, 54.340174 ], [ 18.685509, 54.340163 ], [ 18.683271, 54.342404 ] ] ] } },
{ "type": "Feature", "properties": { "hex_id": 977, "pop_total": 10.47, "delta_school": null, "base_school": 0.0, "delta_pharmacy": null, "base_pharmacy": 0.0, "delta_university": null, "base_university": 0.0, "delta_mall": null, "base_mall": 0.0, "net_delta": null, "net_delta_n": 0 }, "geometry": { "type": "Polygon", "coordinates": [ [ [ 18.683306, 54.337909 ], [ 18.685509, 54.340163 ], [ 18.689951, 54.340174 ], [ 18.692188, 54.337932 ], [ 18.689985, 54.335679 ], [ 18.685544, 54.335668 ], [ 18.683306, 54.337909 ] ] ] } },
{ "type": "Feature", "properties": { "hex_id": 978, "pop_total": 27.96, "delta_school": null, "base_school": 0.0, "delta_pharmacy": null, "base_pharmacy": 0.0, "delta_university": null, "base_university": 0.0, "delta_mall": null, "base_mall": 0.0, "net_delta": null, "net_delta_n": 0 }, "geometry": { "type": "Polygon", "coordinates": [ [ [ 18.68334, 54.333414 ], [ 18.685544, 54.335668 ], [ 18.689985, 54.335679 ], [ 18.692222, 54.333437 ], [ 18.690019, 54.331184 ], [ 18.685578, 54.331173 ], [ 18.68334, 54.333414 ] ] ] } },
{ "type": "Feature", "properties": { "hex_id": 979, "pop_total": 53.91, "delta_school": null, "base_school": 0.0, "delta_pharmacy": null, "base_pharmacy": 0.0, "delta_university": null, "base_university": 0.0, "delta_mall": null, "base_mall": 0.0, "net_delta": null, "net_delta_n": 0 }, "geometry": { "type": "Polygon", "coordinates": [ [ [ 18.683375, 54.328919 ], [ 18.685578, 54.331173 ], [ 18.690019, 54.331184 ], [ 18.692256, 54.328942 ], [ 18.690052, 54.326689 ], [ 18.685612, 54.326678 ], [ 18.683375, 54.328919 ] ] ] } },
{ "type": "Feature", "properties": { "hex_id": 980, "pop_total": 50.35, "delta_school": null, "base_school": 0.0, "delta_pharmacy": null, "base_pharmacy": 0.0, "delta_university": null, "base_university": 0.0, "delta_mall": null, "base_mall": 0.0, "net_delta": null, "net_delta_n": 0 }, "geometry": { "type": "Polygon", "coordinates": [ [ [ 18.68341, 54.324424 ], [ 18.685612, 54.326678 ], [ 18.690052, 54.326689 ], [ 18.692289, 54.324447 ], [ 18.690086, 54.322194 ], [ 18.685647, 54.322183 ], [ 18.68341, 54.324424 ] ] ] } },
{ "type": "Feature", "properties": { "hex_id": 981, "pop_total": 1.32, "delta_school": null, "base_school": 0.0, "delta_pharmacy": null, "base_pharmacy": 0.0, "delta_university": null, "base_university": 0.0, "delta_mall": null, "base_mall": 0.0, "net_delta": null, "net_delta_n": 0 }, "geometry": { "type": "Polygon", "coordinates": [ [ [ 18.683444, 54.319929 ], [ 18.685647, 54.322183 ], [ 18.690086, 54.322194 ], [ 18.692323, 54.319952 ], [ 18.69012, 54.317699 ], [ 18.685681, 54.317688 ], [ 18.683444, 54.319929 ] ] ] } },
{ "type": "Feature", "properties": { "hex_id": 982, "pop_total": 23.59, "delta_school": null, "base_school": 0.0, "delta_pharmacy": null, "base_pharmacy": 0.0, "delta_university": null, "base_university": 0.0, "delta_mall": null, "base_mall": 0.0, "net_delta": null, "net_delta_n": 0 }, "geometry": { "type": "Polygon", "coordinates": [ [ [ 18.683479, 54.315434 ], [ 18.685681, 54.317688 ], [ 18.69012, 54.317699 ], [ 18.692356, 54.315457 ], [ 18.690154, 54.313204 ], [ 18.685715, 54.313193 ], [ 18.683479, 54.315434 ] ] ] } },
{ "type": "Feature", "properties": { "hex_id": 996, "pop_total": 9.39, "delta_school": 0.0, "base_school": 10.0, "delta_pharmacy": 0.0, "base_pharmacy": 14.0, "delta_university": null, "base_university": 0.0, "delta_mall": 1.0, "base_mall": 2.0, "net_delta": 1.0, "net_delta_n": 3 }, "geometry": { "type": "Polygon", "coordinates": [ [ [ 18.689816, 54.358154 ], [ 18.69202, 54.360407 ], [ 18.696464, 54.360418 ], [ 18.698702, 54.358176 ], [ 18.696497, 54.355923 ], [ 18.692054, 54.355912 ], [ 18.689816, 54.358154 ] ] ] } },
{ "type": "Feature", "properties": { "hex_id": 998, "pop_total": 37.07, "delta_school": -1.0, "base_school": 12.0, "delta_pharmacy": 0.0, "base_pharmacy": 22.0, "delta_university": 0.0, "base_university": 1.0, "delta_mall": 0.0, "base_mall": 6.0, "net_delta": -1.0, "net_delta_n": 4 }, "geometry": { "type": "Polygon", "coordinates": [ [ [ 18.689883, 54.349164 ], [ 18.692088, 54.351417 ], [ 18.69653, 54.351428 ], [ 18.698768, 54.349186 ], [ 18.696563, 54.346933 ], [ 18.692121, 54.346922 ], [ 18.689883, 54.349164 ] ] ] } },
{ "type": "Feature", "properties": { "hex_id": 999, "pop_total": 18.43, "delta_school": 0.0, "base_school": 1.0, "delta_pharmacy": null, "base_pharmacy": 0.0, "delta_university": null, "base_university": 0.0, "delta_mall": null, "base_mall": 0.0, "net_delta": 0.0, "net_delta_n": 1 }, "geometry": { "type": "Polygon", "coordinates": [ [ [ 18.689917, 54.344669 ], [ 18.692121, 54.346922 ], [ 18.696563, 54.346933 ], [ 18.698801, 54.344691 ], [ 18.696597, 54.342438 ], [ 18.692155, 54.342427 ], [ 18.689917, 54.344669 ] ] ] } },
{ "type": "Feature", "properties": { "hex_id": 1000, "pop_total": 3.77, "delta_school": null, "base_school": 0.0, "delta_pharmacy": null, "base_pharmacy": 0.0, "delta_university": null, "base_university": 0.0, "delta_mall": null, "base_mall": 0.0, "net_delta": null, "net_delta_n": 0 }, "geometry": { "type": "Polygon", "coordinates": [ [ [ 18.689951, 54.340174 ], [ 18.692155, 54.342427 ], [ 18.696597, 54.342438 ], [ 18.698834, 54.340196 ], [ 18.69663, 54.337943 ], [ 18.692188, 54.337932 ], [ 18.689951, 54.340174 ] ] ] } },
{ "type": "Feature", "properties": { "hex_id": 1001, "pop_total": 16.01, "delta_school": null, "base_school": 0.0, "delta_pharmacy": null, "base_pharmacy": 0.0, "delta_university": null, "base_university": 0.0, "delta_mall": null, "base_mall": 0.0, "net_delta": null, "net_delta_n": 0 }, "geometry": { "type": "Polygon", "coordinates": [ [ [ 18.689985, 54.335679 ], [ 18.692188, 54.337932 ], [ 18.69663, 54.337943 ], [ 18.698867, 54.335702 ], [ 18.696663, 54.333448 ], [ 18.692222, 54.333437 ], [ 18.689985, 54.335679 ] ] ] } },
{ "type": "Feature", "properties": { "hex_id": 1002, "pop_total": 44.63, "delta_school": null, "base_school": 0.0, "delta_pharmacy": null, "base_pharmacy": 0.0, "delta_university": null, "base_university": 0.0, "delta_mall": null, "base_mall": 0.0, "net_delta": null, "net_delta_n": 0 }, "geometry": { "type": "Polygon", "coordinates": [ [ [ 18.690019, 54.331184 ], [ 18.692222, 54.333437 ], [ 18.696663, 54.333448 ], [ 18.6989, 54.331207 ], [ 18.696696, 54.328953 ], [ 18.692256, 54.328942 ], [ 18.690019, 54.331184 ] ] ] } },
{ "type": "Feature", "properties": { "hex_id": 1003, "pop_total": 5.08, "delta_school": null, "base_school": 0.0, "delta_pharmacy": null, "base_pharmacy": 0.0, "delta_university": null, "base_university": 0.0, "delta_mall": null, "base_mall": 0.0, "net_delta": null, "net_delta_n": 0 }, "geometry": { "type": "Polygon", "coordinates": [ [ [ 18.690052, 54.326689 ], [ 18.692256, 54.328942 ], [ 18.696696, 54.328953 ], [ 18.698932, 54.326712 ], [ 18.696729, 54.324458 ], [ 18.692289, 54.324447 ], [ 18.690052, 54.326689 ] ] ] } },
{ "type": "Feature", "properties": { "hex_id": 1004, "pop_total": 69.47, "delta_school": null, "base_school": 0.0, "delta_pharmacy": null, "base_pharmacy": 0.0, "delta_university": null, "base_university": 0.0, "delta_mall": null, "base_mall": 0.0, "net_delta": null, "net_delta_n": 0 }, "geometry": { "type": "Polygon", "coordinates": [ [ [ 18.690086, 54.322194 ], [ 18.692289, 54.324447 ], [ 18.696729, 54.324458 ], [ 18.698965, 54.322217 ], [ 18.696762, 54.319963 ], [ 18.692323, 54.319952 ], [ 18.690086, 54.322194 ] ] ] } },
{ "type": "Feature", "properties": { "hex_id": 1005, "pop_total": 3.97, "delta_school": null, "base_school": 0.0, "delta_pharmacy": null, "base_pharmacy": 0.0, "delta_university": null, "base_university": 0.0, "delta_mall": null, "base_mall": 0.0, "net_delta": null, "net_delta_n": 0 }, "geometry": { "type": "Polygon", "coordinates": [ [ [ 18.69012, 54.317699 ], [ 18.692323, 54.319952 ], [ 18.696762, 54.319963 ], [ 18.698998, 54.317722 ], [ 18.696795, 54.315468 ], [ 18.692356, 54.315457 ], [ 18.69012, 54.317699 ] ] ] } },
{ "type": "Feature", "properties": { "hex_id": 1009, "pop_total": 7.01, "delta_school": null, "base_school": 0.0, "delta_pharmacy": null, "base_pharmacy": 0.0, "delta_university": null, "base_university": 0.0, "delta_mall": null, "base_mall": 0.0, "net_delta": null, "net_delta_n": 0 }, "geometry": { "type": "Polygon", "coordinates": [ [ [ 18.696232, 54.391883 ], [ 18.698439, 54.394136 ], [ 18.702886, 54.394147 ], [ 18.705126, 54.391905 ], [ 18.702919, 54.389652 ], [ 18.698472, 54.389641 ], [ 18.696232, 54.391883 ] ] ] } },
{ "type": "Feature", "properties": { "hex_id": 1015, "pop_total": 11.55, "delta_school": 1.0, "base_school": 8.0, "delta_pharmacy": 0.0, "base_pharmacy": 13.0, "delta_university": null, "base_university": 0.0, "delta_mall": 0.0, "base_mall": 1.0, "net_delta": 1.0, "net_delta_n": 3 }, "geometry": { "type": "Polygon", "coordinates": [ [ [ 18.696431, 54.364913 ], [ 18.698637, 54.367166 ], [ 18.703081, 54.367177 ], [ 18.705319, 54.364935 ], [ 18.703113, 54.362682 ], [ 18.698669, 54.362671 ], [ 18.696431, 54.364913 ] ] ] } },
{ "type": "Feature", "properties": { "hex_id": 1016, "pop_total": 223.75, "delta_school": 0.0, "base_school": 6.0, "delta_pharmacy": 0.0, "base_pharmacy": 7.0, "delta_university": null, "base_university": 0.0, "delta_mall": null, "base_mall": 0.0, "net_delta": 0.0, "net_delta_n": 2 }, "geometry": { "type": "Polygon", "coordinates": [ [ [ 18.696464, 54.360418 ], [ 18.698669, 54.362671 ], [ 18.703113, 54.362682 ], [ 18.705351, 54.36044 ], [ 18.703146, 54.358187 ], [ 18.698702, 54.358176 ], [ 18.696464, 54.360418 ] ] ] } },
{ "type": "Feature", "properties": { "hex_id": 1017, "pop_total": 0.87, "delta_school": 0.0, "base_school": 1.0, "delta_pharmacy": null, "base_pharmacy": 0.0, "delta_university": null, "base_university": 0.0, "delta_mall": null, "base_mall": 0.0, "net_delta": 0.0, "net_delta_n": 1 }, "geometry": { "type": "Polygon", "coordinates": [ [ [ 18.696497, 54.355923 ], [ 18.698702, 54.358176 ], [ 18.703146, 54.358187 ], [ 18.705384, 54.355945 ], [ 18.703178, 54.353692 ], [ 18.698735, 54.353681 ], [ 18.696497, 54.355923 ] ] ] } },
{ "type": "Feature", "properties": { "hex_id": 1018, "pop_total": 51.94, "delta_school": 0.0, "base_school": 5.0, "delta_pharmacy": -2.0, "base_pharmacy": 7.0, "delta_university": null, "base_university": 0.0, "delta_mall": 0.0, "base_mall": 1.0, "net_delta": -2.0, "net_delta_n": 3 }, "geometry": { "type": "Polygon", "coordinates": [ [ [ 18.69653, 54.351428 ], [ 18.698735, 54.353681 ], [ 18.703178, 54.353692 ], [ 18.705416, 54.35145 ], [ 18.703211, 54.349197 ], [ 18.698768, 54.349186 ], [ 18.69653, 54.351428 ] ] ] } },
{ "type": "Feature", "properties": { "hex_id": 1019, "pop_total": 183.74, "delta_school": -1.0, "base_school": 3.0, "delta_pharmacy": 0.0, "base_pharmacy": 1.0, "delta_university": null, "base_university": 0.0, "delta_mall": null, "base_mall": 0.0, "net_delta": -1.0, "net_delta_n": 2 }, "geometry": { "type": "Polygon", "coordinates": [ [ [ 18.696563, 54.346933 ], [ 18.698768, 54.349186 ], [ 18.703211, 54.349197 ], [ 18.705448, 54.346955 ], [ 18.703243, 54.344702 ], [ 18.698801, 54.344691 ], [ 18.696563, 54.346933 ] ] ] } },
{ "type": "Feature", "properties": { "hex_id": 1020, "pop_total": 38.88, "delta_school": 0.0, "base_school": 1.0, "delta_pharmacy": null, "base_pharmacy": 0.0, "delta_university": null, "base_university": 0.0, "delta_mall": null, "base_mall": 0.0, "net_delta": 0.0, "net_delta_n": 1 }, "geometry": { "type": "Polygon", "coordinates": [ [ [ 18.696597, 54.342438 ], [ 18.698801, 54.344691 ], [ 18.703243, 54.344702 ], [ 18.70548, 54.34246 ], [ 18.703275, 54.340207 ], [ 18.698834, 54.340196 ], [ 18.696597, 54.342438 ] ] ] } },
{ "type": "Feature", "properties": { "hex_id": 1023, "pop_total": 2.36, "delta_school": null, "base_school": 0.0, "delta_pharmacy": null, "base_pharmacy": 0.0, "delta_university": null, "base_university": 0.0, "delta_mall": null, "base_mall": 0.0, "net_delta": null, "net_delta_n": 0 }, "geometry": { "type": "Polygon", "coordinates": [ [ [ 18.696696, 54.328953 ], [ 18.6989, 54.331207 ], [ 18.70334, 54.331218 ], [ 18.705576, 54.328975 ], [ 18.703372, 54.326723 ], [ 18.698932, 54.326712 ], [ 18.696696, 54.328953 ] ] ] } },
{ "type": "Feature", "properties": { "hex_id": 1025, "pop_total": 10.27, "delta_school": null, "base_school": 0.0, "delta_pharmacy": null, "base_pharmacy": 0.0, "delta_university": null, "base_university": 0.0, "delta_mall": null, "base_mall": 0.0, "net_delta": null, "net_delta_n": 0 }, "geometry": { "type": "Polygon", "coordinates": [ [ [ 18.696762, 54.319963 ], [ 18.698965, 54.322217 ], [ 18.703405, 54.322228 ], [ 18.705641, 54.319985 ], [ 18.703437, 54.317732 ], [ 18.698998, 54.317722 ], [ 18.696762, 54.319963 ] ] ] } },
{ "type": "Feature", "properties": { "hex_id": 1037, "pop_total": 460.24, "delta_school": 0.0, "base_school": 3.0, "delta_pharmacy": 1.0, "base_pharmacy": 6.0, "delta_university": null, "base_university": 0.0, "delta_mall": null, "base_mall": 0.0, "net_delta": 1.0, "net_delta_n": 2 }, "geometry": { "type": "Polygon", "coordinates": [ [ [ 18.703081, 54.367177 ], [ 18.705287, 54.36943 ], [ 18.709732, 54.369441 ], [ 18.71197, 54.367199 ], [ 18.709763, 54.364946 ], [ 18.705319, 54.364935 ], [ 18.703081, 54.367177 ] ] ] } },
{ "type": "Feature", "properties": { "hex_id": 1038, "pop_total": 2352.8, "delta_school": 0.0, "base_school": 9.0, "delta_pharmacy": 1.0, "base_pharmacy": 13.0, "delta_university": null, "base_university": 0.0, "delta_mall": 1.0, "base_mall": 1.0, "net_delta": 2.0, "net_delta_n": 3 }, "geometry": { "type": "Polygon", "coordinates": [ [ [ 18.703113, 54.362682 ], [ 18.705319, 54.364935 ], [ 18.709763, 54.364946 ], [ 18.712001, 54.362704 ], [ 18.709795, 54.360451 ], [ 18.705351, 54.36044 ], [ 18.703113, 54.362682 ] ] ] } },
{ "type": "Feature", "properties": { "hex_id": 1039, "pop_total": 2252.38, "delta_school": 0.0, "base_school": 6.0, "delta_pharmacy": 0.0, "base_pharmacy": 7.0, "delta_university": null, "base_university": 0.0, "delta_mall": null, "base_mall": 0.0, "net_delta": 0.0, "net_delta_n": 2 }, "geometry": { "type": "Polygon", "coordinates": [ [ [ 18.703146, 54.358187 ], [ 18.705351, 54.36044 ], [ 18.709795, 54.360451 ], [ 18.712033, 54.358209 ], [ 18.709827, 54.355956 ], [ 18.705384, 54.355945 ], [ 18.703146, 54.358187 ] ] ] } },
{ "type": "Feature", "properties": { "hex_id": 1040, "pop_total": 54.51, "delta_school": 0.0, "base_school": 5.0, "delta_pharmacy": -1.0, "base_pharmacy": 6.0, "delta_university": null, "base_university": 0.0, "delta_mall": null, "base_mall": 0.0, "net_delta": -1.0, "net_delta_n": 2 }, "geometry": { "type": "Polygon", "coordinates": [ [ [ 18.703178, 54.353692 ], [ 18.705384, 54.355945 ], [ 18.709827, 54.355956 ], [ 18.712064, 54.353714 ], [ 18.709858, 54.351461 ], [ 18.705416, 54.35145 ], [ 18.703178, 54.353692 ] ] ] } },
{ "type": "Feature", "properties": { "hex_id": 1041, "pop_total": 137.46, "delta_school": -1.0, "base_school": 4.0, "delta_pharmacy": -1.0, "base_pharmacy": 1.0, "delta_university": null, "base_university": 0.0, "delta_mall": null, "base_mall": 0.0, "net_delta": -2.0, "net_delta_n": 2 }, "geometry": { "type": "Polygon", "coordinates": [ [ [ 18.703211, 54.349197 ], [ 18.705416, 54.35145 ], [ 18.709858, 54.351461 ], [ 18.712095, 54.349219 ], [ 18.70989, 54.346966 ], [ 18.705448, 54.346955 ], [ 18.703211, 54.349197 ] ] ] } },
{ "type": "Feature", "properties": { "hex_id": 1042, "pop_total": 147.35, "delta_school": 0.0, "base_school": 1.0, "delta_pharmacy": null, "base_pharmacy": 0.0, "delta_university": null, "base_university": 0.0, "delta_mall": null, "base_mall": 0.0, "net_delta": 0.0, "net_delta_n": 1 }, "geometry": { "type": "Polygon", "coordinates": [ [ [ 18.703243, 54.344702 ], [ 18.705448, 54.346955 ], [ 18.70989, 54.346966 ], [ 18.712127, 54.344724 ], [ 18.709922, 54.342471 ], [ 18.70548, 54.34246 ], [ 18.703243, 54.344702 ] ] ] } },
{ "type": "Feature", "properties": { "hex_id": 1060, "pop_total": 1071.12, "delta_school": 0.0, "base_school": 6.0, "delta_pharmacy": 0.0, "base_pharmacy": 7.0, "delta_university": null, "base_university": 0.0, "delta_mall": null, "base_mall": 0.0, "net_delta": 0.0, "net_delta_n": 2 }, "geometry": { "type": "Polygon", "coordinates": [ [ [ 18.709763, 54.364946 ], [ 18.71197, 54.367199 ], [ 18.716414, 54.367209 ], [ 18.718652, 54.364967 ], [ 18.716445, 54.362714 ], [ 18.712001, 54.362704 ], [ 18.709763, 54.364946 ] ] ] } },
{ "type": "Feature", "properties": { "hex_id": 1061, "pop_total": 3604.23, "delta_school": 0.0, "base_school": 8.0, "delta_pharmacy": 0.0, "base_pharmacy": 8.0, "delta_university": null, "base_university": 0.0, "delta_mall": null, "base_mall": 0.0, "net_delta": 0.0, "net_delta_n": 2 }, "geometry": { "type": "Polygon", "coordinates": [ [ [ 18.709795, 54.360451 ], [ 18.712001, 54.362704 ], [ 18.716445, 54.362714 ], [ 18.718682, 54.360472 ], [ 18.716476, 54.358219 ], [ 18.712033, 54.358209 ], [ 18.709795, 54.360451 ] ] ] } },
{ "type": "Feature", "properties": { "hex_id": 1062, "pop_total": 11.55, "delta_school": null, "base_school": 0.0, "delta_pharmacy": null, "base_pharmacy": 0.0, "delta_university": null, "base_university": 0.0, "delta_mall": null, "base_mall": 0.0, "net_delta": null, "net_delta_n": 0 }, "geometry": { "type": "Polygon", "coordinates": [ [ [ 18.709827, 54.355956 ], [ 18.712033, 54.358209 ], [ 18.716476, 54.358219 ], [ 18.718713, 54.355977 ], [ 18.716507, 54.353725 ], [ 18.712064, 54.353714 ], [ 18.709827, 54.355956 ] ] ] } },
{ "type": "Feature", "properties": { "hex_id": 1063, "pop_total": 11.06, "delta_school": 0.0, "base_school": 2.0, "delta_pharmacy": null, "base_pharmacy": 0.0, "delta_university": null, "base_university": 0.0, "delta_mall": null, "base_mall": 0.0, "net_delta": 0.0, "net_delta_n": 1 }, "geometry": { "type": "Polygon", "coordinates": [ [ [ 18.709858, 54.351461 ], [ 18.712064, 54.353714 ], [ 18.716507, 54.353725 ], [ 18.718744, 54.351482 ], [ 18.716538, 54.34923 ], [ 18.712095, 54.349219 ], [ 18.709858, 54.351461 ] ] ] } },
{ "type": "Feature", "properties": { "hex_id": 1064, "pop_total": 72.18, "delta_school": 1.0, "base_school": 3.0, "delta_pharmacy": null, "base_pharmacy": 0.0, "delta_university": null, "base_university": 0.0, "delta_mall": null, "base_mall": 0.0, "net_delta": 1.0, "net_delta_n": 1 }, "geometry": { "type": "Polygon", "coordinates": [ [ [ 18.70989, 54.346966 ], [ 18.712095, 54.349219 ], [ 18.716538, 54.34923 ], [ 18.718774, 54.346987 ], [ 18.716569, 54.344735 ], [ 18.712127, 54.344724 ], [ 18.70989, 54.346966 ] ] ] } },
{ "type": "Feature", "properties": { "hex_id": 1065, "pop_total": 9.68, "delta_school": null, "base_school": 0.0, "delta_pharmacy": null, "base_pharmacy": 0.0, "delta_university": null, "base_university": 0.0, "delta_mall": null, "base_mall": 0.0, "net_delta": null, "net_delta_n": 0 }, "geometry": { "type": "Polygon", "coordinates": [ [ [ 18.709922, 54.342471 ], [ 18.712127, 54.344724 ], [ 18.716569, 54.344735 ], [ 18.718805, 54.342492 ], [ 18.7166, 54.34024 ], [ 18.712158, 54.340229 ], [ 18.709922, 54.342471 ] ] ] } },
{ "type": "Feature", "properties": { "hex_id": 1066, "pop_total": 13.27, "delta_school": null, "base_school": 0.0, "delta_pharmacy": null, "base_pharmacy": 0.0, "delta_university": null, "base_university": 0.0, "delta_mall": null, "base_mall": 0.0, "net_delta": null, "net_delta_n": 0 }, "geometry": { "type": "Polygon", "coordinates": [ [ [ 18.709953, 54.337976 ], [ 18.712158, 54.340229 ], [ 18.7166, 54.34024 ], [ 18.718836, 54.337997 ], [ 18.716631, 54.335745 ], [ 18.71219, 54.335734 ], [ 18.709953, 54.337976 ] ] ] } },
{ "type": "Feature", "properties": { "hex_id": 1067, "pop_total": 8.11, "delta_school": null, "base_school": 0.0, "delta_pharmacy": null, "base_pharmacy": 0.0, "delta_university": null, "base_university": 0.0, "delta_mall": null, "base_mall": 0.0, "net_delta": null, "net_delta_n": 0 }, "geometry": { "type": "Polygon", "coordinates": [ [ [ 18.709985, 54.333481 ], [ 18.71219, 54.335734 ], [ 18.716631, 54.335745 ], [ 18.718866, 54.333502 ], [ 18.716662, 54.33125 ], [ 18.712221, 54.331239 ], [ 18.709985, 54.333481 ] ] ] } },
{ "type": "Feature", "properties": { "hex_id": 1081, "pop_total": 466.13, "delta_school": 0.0, "base_school": 6.0, "delta_pharmacy": 0.0, "base_pharmacy": 7.0, "delta_university": null, "base_university": 0.0, "delta_mall": null, "base_mall": 0.0, "net_delta": 0.0, "net_delta_n": 2 }, "geometry": { "type": "Polygon", "coordinates": [ [ [ 18.716445, 54.362714 ], [ 18.718652, 54.364967 ], [ 18.723096, 54.364977 ], [ 18.725333, 54.362735 ], [ 18.723126, 54.360482 ], [ 18.718682, 54.360472 ], [ 18.716445, 54.362714 ] ] ] } },
{ "type": "Feature", "properties": { "hex_id": 1082, "pop_total": 367.82, "delta_school": 0.0, "base_school": 4.0, "delta_pharmacy": 1.0, "base_pharmacy": 6.0, "delta_university": null, "base_university": 0.0, "delta_mall": null, "base_mall": 0.0, "net_delta": 1.0, "net_delta_n": 2 }, "geometry": { "type": "Polygon", "coordinates": [ [ [ 18.716476, 54.358219 ], [ 18.718682, 54.360472 ], [ 18.723126, 54.360482 ], [ 18.725363, 54.35824 ], [ 18.723156, 54.355987 ], [ 18.718713, 54.355977 ], [ 18.716476, 54.358219 ] ] ] } },
{ "type": "Feature", "properties": { "hex_id": 1083, "pop_total": 23.81, "delta_school": null, "base_school": 0.0, "delta_pharmacy": null, "base_pharmacy": 0.0, "delta_university": null, "base_university": 0.0, "delta_mall": null, "base_mall": 0.0, "net_delta": null, "net_delta_n": 0 }, "geometry": { "type": "Polygon", "coordinates": [ [ [ 18.716507, 54.353725 ], [ 18.718713, 54.355977 ], [ 18.723156, 54.355987 ], [ 18.725393, 54.353745 ], [ 18.723186, 54.351492 ], [ 18.718744, 54.351482 ], [ 18.716507, 54.353725 ] ] ] } },
{ "type": "Feature", "properties": { "hex_id": 1084, "pop_total": 22.47, "delta_school": 0.0, "base_school": 2.0, "delta_pharmacy": null, "base_pharmacy": 0.0, "delta_university": null, "base_university": 0.0, "delta_mall": null, "base_mall": 0.0, "net_delta": 0.0, "net_delta_n": 1 }, "geometry": { "type": "Polygon", "coordinates": [ [ [ 18.716538, 54.34923 ], [ 18.718744, 54.351482 ], [ 18.723186, 54.351492 ], [ 18.725423, 54.34925 ], [ 18.723217, 54.346997 ], [ 18.718774, 54.346987 ], [ 18.716538, 54.34923 ] ] ] } },
{ "type": "Feature", "properties": { "hex_id": 1085, "pop_total": 3.68, "delta_school": 0.0, "base_school": 3.0, "delta_pharmacy": null, "base_pharmacy": 0.0, "delta_university": null, "base_university": 0.0, "delta_mall": null, "base_mall": 0.0, "net_delta": 0.0, "net_delta_n": 1 }, "geometry": { "type": "Polygon", "coordinates": [ [ [ 18.716569, 54.344735 ], [ 18.718774, 54.346987 ], [ 18.723217, 54.346997 ], [ 18.725453, 54.344755 ], [ 18.723247, 54.342502 ], [ 18.718805, 54.342492 ], [ 18.716569, 54.344735 ] ] ] } },
{ "type": "Feature", "properties": { "hex_id": 1086, "pop_total": 7.0, "delta_school": null, "base_school": 0.0, "delta_pharmacy": null, "base_pharmacy": 0.0, "delta_university": null, "base_university": 0.0, "delta_mall": null, "base_mall": 0.0, "net_delta": null, "net_delta_n": 0 }, "geometry": { "type": "Polygon", "coordinates": [ [ [ 18.7166, 54.34024 ], [ 18.718805, 54.342492 ], [ 18.723247, 54.342502 ], [ 18.725483, 54.34026 ], [ 18.723277, 54.338007 ], [ 18.718836, 54.337997 ], [ 18.7166, 54.34024 ] ] ] } },
{ "type": "Feature", "properties": { "hex_id": 1098, "pop_total": 436.25, "delta_school": 0.0, "base_school": 4.0, "delta_pharmacy": 0.0, "base_pharmacy": 7.0, "delta_university": null, "base_university": 0.0, "delta_mall": null, "base_mall": 0.0, "net_delta": 0.0, "net_delta_n": 2 }, "geometry": { "type": "Polygon", "coordinates": [ [ [ 18.723126, 54.360482 ], [ 18.725333, 54.362735 ], [ 18.729777, 54.362745 ], [ 18.732013, 54.360503 ], [ 18.729806, 54.35825 ], [ 18.725363, 54.35824 ], [ 18.723126, 54.360482 ] ] ] } },
{ "type": "Feature", "properties": { "hex_id": 1100, "pop_total": 10.82, "delta_school": null, "base_school": 0.0, "delta_pharmacy": null, "base_pharmacy": 0.0, "delta_university": null, "base_university": 0.0, "delta_mall": null, "base_mall": 0.0, "net_delta": null, "net_delta_n": 0 }, "geometry": { "type": "Polygon", "coordinates": [ [ [ 18.723186, 54.351492 ], [ 18.725393, 54.353745 ], [ 18.729836, 54.353755 ], [ 18.732072, 54.351513 ], [ 18.729865, 54.34926 ], [ 18.725423, 54.34925 ], [ 18.723186, 54.351492 ] ] ] } },
{ "type": "Feature", "properties": { "hex_id": 1101, "pop_total": 5.28, "delta_school": null, "base_school": 0.0, "delta_pharmacy": null, "base_pharmacy": 0.0, "delta_university": null, "base_university": 0.0, "delta_mall": null, "base_mall": 0.0, "net_delta": null, "net_delta_n": 0 }, "geometry": { "type": "Polygon", "coordinates": [ [ [ 18.723217, 54.346997 ], [ 18.725423, 54.34925 ], [ 18.729865, 54.34926 ], [ 18.732101, 54.347018 ], [ 18.729895, 54.344765 ], [ 18.725453, 54.344755 ], [ 18.723217, 54.346997 ] ] ] } },
{ "type": "Feature", "properties": { "hex_id": 1102, "pop_total": 1.82, "delta_school": null, "base_school": 0.0, "delta_pharmacy": null, "base_pharmacy": 0.0, "delta_university": null, "base_university": 0.0, "delta_mall": null, "base_mall": 0.0, "net_delta": null, "net_delta_n": 0 }, "geometry": { "type": "Polygon", "coordinates": [ [ [ 18.723247, 54.342502 ], [ 18.725453, 54.344755 ], [ 18.729895, 54.344765 ], [ 18.73213, 54.342523 ], [ 18.729924, 54.34027 ], [ 18.725483, 54.34026 ], [ 18.723247, 54.342502 ] ] ] } },
{ "type": "Feature", "properties": { "hex_id": 1109, "pop_total": 117.46, "delta_school": 1.0, "base_school": 3.0, "delta_pharmacy": 1.0, "base_pharmacy": 6.0, "delta_university": null, "base_university": 0.0, "delta_mall": null, "base_mall": 0.0, "net_delta": 2.0, "net_delta_n": 2 }, "geometry": { "type": "Polygon", "coordinates": [ [ [ 18.729777, 54.362745 ], [ 18.731984, 54.364997 ], [ 18.736428, 54.365007 ], [ 18.738665, 54.362765 ], [ 18.736457, 54.360512 ], [ 18.732013, 54.360503 ], [ 18.729777, 54.362745 ] ] ] } },
{ "type": "Feature", "properties": { "hex_id": 1110, "pop_total": 116.82, "delta_school": 0.0, "base_school": 3.0, "delta_pharmacy": 0.0, "base_pharmacy": 4.0, "delta_university": null, "base_university": 0.0, "delta_mall": null, "base_mall": 0.0, "net_delta": 0.0, "net_delta_n": 2 }, "geometry": { "type": "Polygon", "coordinates": [ [ [ 18.729806, 54.35825 ], [ 18.732013, 54.360503 ], [ 18.736457, 54.360512 ], [ 18.738693, 54.35827 ], [ 18.736486, 54.356017 ], [ 18.732043, 54.356008 ], [ 18.729806, 54.35825 ] ] ] } },
{ "type": "Feature", "properties": { "hex_id": 1111, "pop_total": 10.38, "delta_school": 0.0, "base_school": 1.0, "delta_pharmacy": null, "base_pharmacy": 0.0, "delta_university": null, "base_university": 0.0, "delta_mall": null, "base_mall": 0.0, "net_delta": 0.0, "net_delta_n": 1 }, "geometry": { "type": "Polygon", "coordinates": [ [ [ 18.729836, 54.353755 ], [ 18.732043, 54.356008 ], [ 18.736486, 54.356017 ], [ 18.738722, 54.353775 ], [ 18.736515, 54.351522 ], [ 18.732072, 54.351513 ], [ 18.729836, 54.353755 ] ] ] } },
{ "type": "Feature", "properties": { "hex_id": 1112, "pop_total": 4.26, "delta_school": null, "base_school": 0.0, "delta_pharmacy": null, "base_pharmacy": 0.0, "delta_university": null, "base_university": 0.0, "delta_mall": null, "base_mall": 0.0, "net_delta": null, "net_delta_n": 0 }, "geometry": { "type": "Polygon", "coordinates": [ [ [ 18.729865, 54.34926 ], [ 18.732072, 54.351513 ], [ 18.736515, 54.351522 ], [ 18.73875, 54.34928 ], [ 18.736543, 54.347027 ], [ 18.732101, 54.347018 ], [ 18.729865, 54.34926 ] ] ] } },
{ "type": "Feature", "properties": { "hex_id": 1113, "pop_total": 1.99, "delta_school": null, "base_school": 0.0, "delta_pharmacy": null, "base_pharmacy": 0.0, "delta_university": null, "base_university": 0.0, "delta_mall": null, "base_mall": 0.0, "net_delta": null, "net_delta_n": 0 }, "geometry": { "type": "Polygon", "coordinates": [ [ [ 18.729895, 54.344765 ], [ 18.732101, 54.347018 ], [ 18.736543, 54.347027 ], [ 18.738779, 54.344785 ], [ 18.736572, 54.342532 ], [ 18.73213, 54.342523 ], [ 18.729895, 54.344765 ] ] ] } },
{ "type": "Feature", "properties": { "hex_id": 1114, "pop_total": 1.37, "delta_school": -1.0, "base_school": 5.0, "delta_pharmacy": -1.0, "base_pharmacy": 4.0, "delta_university": null, "base_university": 0.0, "delta_mall": null, "base_mall": 0.0, "net_delta": -2.0, "net_delta_n": 2 }, "geometry": { "type": "Polygon", "coordinates": [ [ [ 18.729924, 54.34027 ], [ 18.73213, 54.342523 ], [ 18.736572, 54.342532 ], [ 18.738807, 54.34029 ], [ 18.736601, 54.338037 ], [ 18.73216, 54.338028 ], [ 18.729924, 54.34027 ] ] ] } },
{ "type": "Feature", "properties": { "hex_id": 1118, "pop_total": 141.38, "delta_school": 0.0, "base_school": 4.0, "delta_pharmacy": 0.0, "base_pharmacy": 7.0, "delta_university": null, "base_university": 0.0, "delta_mall": null, "base_mall": 0.0, "net_delta": 0.0, "net_delta_n": 2 }, "geometry": { "type": "Polygon", "coordinates": [ [ [ 18.736457, 54.360512 ], [ 18.738665, 54.362765 ], [ 18.743109, 54.362774 ], [ 18.745344, 54.360531 ], [ 18.743137, 54.358279 ], [ 18.738693, 54.35827 ], [ 18.736457, 54.360512 ] ] ] } },
{ "type": "Feature", "properties": { "hex_id": 1119, "pop_total": 70.69, "delta_school": 0.0, "base_school": 3.0, "delta_pharmacy": 0.0, "base_pharmacy": 5.0, "delta_university": null, "base_university": 0.0, "delta_mall": null, "base_mall": 0.0, "net_delta": 0.0, "net_delta_n": 2 }, "geometry": { "type": "Polygon", "coordinates": [ [ [ 18.736486, 54.356017 ], [ 18.738693, 54.35827 ], [ 18.743137, 54.358279 ], [ 18.745372, 54.356036 ], [ 18.743165, 54.353784 ], [ 18.738722, 54.353775 ], [ 18.736486, 54.356017 ] ] ] } },
{ "type": "Feature", "properties": { "hex_id": 1121, "pop_total": 6.32, "delta_school": null, "base_school": 0.0, "delta_pharmacy": null, "base_pharmacy": 0.0, "delta_university": null, "base_university": 0.0, "delta_mall": null, "base_mall": 0.0, "net_delta": null, "net_delta_n": 0 }, "geometry": { "type": "Polygon", "coordinates": [ [ [ 18.736543, 54.347027 ], [ 18.73875, 54.34928 ], [ 18.743193, 54.349289 ], [ 18.745428, 54.347046 ], [ 18.743221, 54.344794 ], [ 18.738779, 54.344785 ], [ 18.736543, 54.347027 ] ] ] } },
{ "type": "Feature", "properties": { "hex_id": 1122, "pop_total": 2.05, "delta_school": null, "base_school": 0.0, "delta_pharmacy": null, "base_pharmacy": 0.0, "delta_university": null, "base_university": 0.0, "delta_mall": null, "base_mall": 0.0, "net_delta": null, "net_delta_n": 0 }, "geometry": { "type": "Polygon", "coordinates": [ [ [ 18.736572, 54.342532 ], [ 18.738779, 54.344785 ], [ 18.743221, 54.344794 ], [ 18.745456, 54.342551 ], [ 18.743249, 54.340299 ], [ 18.738807, 54.34029 ], [ 18.736572, 54.342532 ] ] ] } },
{ "type": "Feature", "properties": { "hex_id": 1126, "pop_total": 37.36, "delta_school": 0.0, "base_school": 4.0, "delta_pharmacy": 0.0, "base_pharmacy": 7.0, "delta_university": null, "base_university": 0.0, "delta_mall": null, "base_mall": 0.0, "net_delta": 0.0, "net_delta_n": 2 }, "geometry": { "type": "Polygon", "coordinates": [ [ [ 18.743137, 54.358279 ], [ 18.745344, 54.360531 ], [ 18.749788, 54.360541 ], [ 18.752024, 54.358298 ], [ 18.749815, 54.356046 ], [ 18.745372, 54.356036 ], [ 18.743137, 54.358279 ] ] ] } },
{ "type": "Feature", "properties": { "hex_id": 1127, "pop_total": 10.99, "delta_school": 0.0, "base_school": 4.0, "delta_pharmacy": 1.0, "base_pharmacy": 6.0, "delta_university": null, "base_university": 0.0, "delta_mall": null, "base_mall": 0.0, "net_delta": 1.0, "net_delta_n": 2 }, "geometry": { "type": "Polygon", "coordinates": [ [ [ 18.743165, 54.353784 ], [ 18.745372, 54.356036 ], [ 18.749815, 54.356046 ], [ 18.752051, 54.353803 ], [ 18.749843, 54.351551 ], [ 18.7454, 54.351541 ], [ 18.743165, 54.353784 ] ] ] } },
{ "type": "Feature", "properties": { "hex_id": 1128, "pop_total": 2.2, "delta_school": 0.0, "base_school": 1.0, "delta_pharmacy": null, "base_pharmacy": 0.0, "delta_university": null, "base_university": 0.0, "delta_mall": null, "base_mall": 0.0, "net_delta": 0.0, "net_delta_n": 1 }, "geometry": { "type": "Polygon", "coordinates": [ [ [ 18.743193, 54.349289 ], [ 18.7454, 54.351541 ], [ 18.749843, 54.351551 ], [ 18.752078, 54.349308 ], [ 18.74987, 54.347056 ], [ 18.745428, 54.347046 ], [ 18.743193, 54.349289 ] ] ] } },
{ "type": "Feature", "properties": { "hex_id": 1129, "pop_total": 2.93, "delta_school": null, "base_school": 0.0, "delta_pharmacy": null, "base_pharmacy": 0.0, "delta_university": null, "base_university": 0.0, "delta_mall": null, "base_mall": 0.0, "net_delta": null, "net_delta_n": 0 }, "geometry": { "type": "Polygon", "coordinates": [ [ [ 18.743221, 54.344794 ], [ 18.745428, 54.347046 ], [ 18.74987, 54.347056 ], [ 18.752105, 54.344813 ], [ 18.749897, 54.342561 ], [ 18.745456, 54.342551 ], [ 18.743221, 54.344794 ] ] ] } },
{ "type": "Feature", "properties": { "hex_id": 1130, "pop_total": 1.39, "delta_school": null, "base_school": 0.0, "delta_pharmacy": null, "base_pharmacy": 0.0, "delta_university": null, "base_university": 0.0, "delta_mall": null, "base_mall": 0.0, "net_delta": null, "net_delta_n": 0 }, "geometry": { "type": "Polygon", "coordinates": [ [ [ 18.743249, 54.340299 ], [ 18.745456, 54.342551 ], [ 18.749897, 54.342561 ], [ 18.752132, 54.340318 ], [ 18.749925, 54.338066 ], [ 18.745483, 54.338056 ], [ 18.743249, 54.340299 ] ] ] } },
{ "type": "Feature", "properties": { "hex_id": 1136, "pop_total": 43.75, "delta_school": -1.0, "base_school": 2.0, "delta_pharmacy": -2.0, "base_pharmacy": 3.0, "delta_university": null, "base_university": 0.0, "delta_mall": null, "base_mall": 0.0, "net_delta": -3.0, "net_delta_n": 2 }, "geometry": { "type": "Polygon", "coordinates": [ [ [ 18.749815, 54.356046 ], [ 18.752024, 54.358298 ], [ 18.756467, 54.358307 ], [ 18.758702, 54.356064 ], [ 18.756494, 54.353812 ], [ 18.752051, 54.353803 ], [ 18.749815, 54.356046 ] ] ] } },
{ "type": "Feature", "properties": { "hex_id": 1137, "pop_total": 17.62, "delta_school": 0.0, "base_school": 3.0, "delta_pharmacy": 0.0, "base_pharmacy": 4.0, "delta_university": null, "base_university": 0.0, "delta_mall": null, "base_mall": 0.0, "net_delta": 0.0, "net_delta_n": 2 }, "geometry": { "type": "Polygon", "coordinates": [ [ [ 18.749843, 54.351551 ], [ 18.752051, 54.353803 ], [ 18.756494, 54.353812 ], [ 18.758728, 54.351569 ], [ 18.75652, 54.349317 ], [ 18.752078, 54.349308 ], [ 18.749843, 54.351551 ] ] ] } },
{ "type": "Feature", "properties": { "hex_id": 1138, "pop_total": 2.12, "delta_school": null, "base_school": 0.0, "delta_pharmacy": null, "base_pharmacy": 0.0, "delta_university": null, "base_university": 0.0, "delta_mall": null, "base_mall": 0.0, "net_delta": null, "net_delta_n": 0 }, "geometry": { "type": "Polygon", "coordinates": [ [ [ 18.74987, 54.347056 ], [ 18.752078, 54.349308 ], [ 18.75652, 54.349317 ], [ 18.758755, 54.347074 ], [ 18.756547, 54.344822 ], [ 18.752105, 54.344813 ], [ 18.74987, 54.347056 ] ] ] } },
{ "type": "Feature", "properties": { "hex_id": 1139, "pop_total": 1.43, "delta_school": null, "base_school": 0.0, "delta_pharmacy": null, "base_pharmacy": 0.0, "delta_university": null, "base_university": 0.0, "delta_mall": null, "base_mall": 0.0, "net_delta": null, "net_delta_n": 0 }, "geometry": { "type": "Polygon", "coordinates": [ [ [ 18.749897, 54.342561 ], [ 18.752105, 54.344813 ], [ 18.756547, 54.344822 ], [ 18.758781, 54.342579 ], [ 18.756573, 54.340327 ], [ 18.752132, 54.340318 ], [ 18.749897, 54.342561 ] ] ] } },
{ "type": "Feature", "properties": { "hex_id": 1140, "pop_total": 1.19, "delta_school": null, "base_school": 0.0, "delta_pharmacy": null, "base_pharmacy": 0.0, "delta_university": null, "base_university": 0.0, "delta_mall": null, "base_mall": 0.0, "net_delta": null, "net_delta_n": 0 }, "geometry": { "type": "Polygon", "coordinates": [ [ [ 18.749925, 54.338066 ], [ 18.752132, 54.340318 ], [ 18.756573, 54.340327 ], [ 18.758807, 54.338084 ], [ 18.7566, 54.335832 ], [ 18.752159, 54.335823 ], [ 18.749925, 54.338066 ] ] ] } },
{ "type": "Feature", "properties": { "hex_id": 1146, "pop_total": 222.24, "delta_school": 0.0, "base_school": 3.0, "delta_pharmacy": 1.0, "base_pharmacy": 5.0, "delta_university": null, "base_university": 0.0, "delta_mall": null, "base_mall": 0.0, "net_delta": 1.0, "net_delta_n": 2 }, "geometry": { "type": "Polygon", "coordinates": [ [ [ 18.756494, 54.353812 ], [ 18.758702, 54.356064 ], [ 18.763145, 54.356073 ], [ 18.765379, 54.353829 ], [ 18.763171, 54.351578 ], [ 18.758728, 54.351569 ], [ 18.756494, 54.353812 ] ] ] } },
{ "type": "Feature", "properties": { "hex_id": 1147, "pop_total": 4.16, "delta_school": null, "base_school": 0.0, "delta_pharmacy": null, "base_pharmacy": 0.0, "delta_university": null, "base_university": 0.0, "delta_mall": null, "base_mall": 0.0, "net_delta": null, "net_delta_n": 0 }, "geometry": { "type": "Polygon", "coordinates": [ [ [ 18.75652, 54.349317 ], [ 18.758728, 54.351569 ], [ 18.763171, 54.351578 ], [ 18.765405, 54.349334 ], [ 18.763197, 54.347083 ], [ 18.758755, 54.347074 ], [ 18.75652, 54.349317 ] ] ] } },
{ "type": "Feature", "properties": { "hex_id": 1148, "pop_total": 0.52, "delta_school": null, "base_school": 0.0, "delta_pharmacy": null, "base_pharmacy": 0.0, "delta_university": null, "base_university": 0.0, "delta_mall": null, "base_mall": 0.0, "net_delta": null, "net_delta_n": 0 }, "geometry": { "type": "Polygon", "coordinates": [ [ [ 18.756547, 54.344822 ], [ 18.758755, 54.347074 ], [ 18.763197, 54.347083 ], [ 18.765431, 54.344839 ], [ 18.763223, 54.342588 ], [ 18.758781, 54.342579 ], [ 18.756547, 54.344822 ] ] ] } },
{ "type": "Feature", "properties": { "hex_id": 1149, "pop_total": 1.56, "delta_school": null, "base_school": 0.0, "delta_pharmacy": null, "base_pharmacy": 0.0, "delta_university": null, "base_university": 0.0, "delta_mall": null, "base_mall": 0.0, "net_delta": null, "net_delta_n": 0 }, "geometry": { "type": "Polygon", "coordinates": [ [ [ 18.756573, 54.340327 ], [ 18.758781, 54.342579 ], [ 18.763223, 54.342588 ], [ 18.765456, 54.340344 ], [ 18.763248, 54.338093 ], [ 18.758807, 54.338084 ], [ 18.756573, 54.340327 ] ] ] } },
{ "type": "Feature", "properties": { "hex_id": 1155, "pop_total": 256.89, "delta_school": 0.0, "base_school": 3.0, "delta_pharmacy": 0.0, "base_pharmacy": 5.0, "delta_university": null, "base_university": 0.0, "delta_mall": null, "base_mall": 0.0, "net_delta": 0.0, "net_delta_n": 2 }, "geometry": { "type": "Polygon", "coordinates": [ [ [ 18.763145, 54.356073 ], [ 18.765354, 54.358324 ], [ 18.769797, 54.358333 ], [ 18.772031, 54.35609 ], [ 18.769822, 54.353838 ], [ 18.765379, 54.353829 ], [ 18.763145, 54.356073 ] ] ] } },
{ "type": "Feature", "properties": { "hex_id": 1156, "pop_total": 38.78, "delta_school": null, "base_school": 0.0, "delta_pharmacy": null, "base_pharmacy": 0.0, "delta_university": null, "base_university": 0.0, "delta_mall": null, "base_mall": 0.0, "net_delta": null, "net_delta_n": 0 }, "geometry": { "type": "Polygon", "coordinates": [ [ [ 18.763171, 54.351578 ], [ 18.765379, 54.353829 ], [ 18.769822, 54.353838 ], [ 18.772056, 54.351595 ], [ 18.769848, 54.349343 ], [ 18.765405, 54.349334 ], [ 18.763171, 54.351578 ] ] ] } },
{ "type": "Feature", "properties": { "hex_id": 1158, "pop_total": 0.74, "delta_school": null, "base_school": 0.0, "delta_pharmacy": null, "base_pharmacy": 0.0, "delta_university": null, "base_university": 0.0, "delta_mall": null, "base_mall": 0.0, "net_delta": null, "net_delta_n": 0 }, "geometry": { "type": "Polygon", "coordinates": [ [ [ 18.763223, 54.342588 ], [ 18.765431, 54.344839 ], [ 18.769873, 54.344848 ], [ 18.772106, 54.342605 ], [ 18.769898, 54.340353 ], [ 18.765456, 54.340344 ], [ 18.763223, 54.342588 ] ] ] } },
{ "type": "Feature", "properties": { "hex_id": 1159, "pop_total": 1.71, "delta_school": null, "base_school": 0.0, "delta_pharmacy": null, "base_pharmacy": 0.0, "delta_university": null, "base_university": 0.0, "delta_mall": null, "base_mall": 0.0, "net_delta": null, "net_delta_n": 0 }, "geometry": { "type": "Polygon", "coordinates": [ [ [ 18.763248, 54.338093 ], [ 18.765456, 54.340344 ], [ 18.769898, 54.340353 ], [ 18.772131, 54.33811 ], [ 18.769923, 54.335858 ], [ 18.765482, 54.335849 ], [ 18.763248, 54.338093 ] ] ] } },
{ "type": "Feature", "properties": { "hex_id": 1165, "pop_total": 82.78, "delta_school": null, "base_school": 0.0, "delta_pharmacy": null, "base_pharmacy": 0.0, "delta_university": null, "base_university": 0.0, "delta_mall": null, "base_mall": 0.0, "net_delta": null, "net_delta_n": 0 }, "geometry": { "type": "Polygon", "coordinates": [ [ [ 18.769822, 54.353838 ], [ 18.772031, 54.35609 ], [ 18.776475, 54.356098 ], [ 18.778708, 54.353855 ], [ 18.776499, 54.351603 ], [ 18.772056, 54.351595 ], [ 18.769822, 54.353838 ] ] ] } },
{ "type": "Feature", "properties": { "hex_id": 1166, "pop_total": 49.82, "delta_school": null, "base_school": 0.0, "delta_pharmacy": null, "base_pharmacy": 0.0, "delta_university": null, "base_university": 0.0, "delta_mall": null, "base_mall": 0.0, "net_delta": null, "net_delta_n": 0 }, "geometry": { "type": "Polygon", "coordinates": [ [ [ 18.769848, 54.349343 ], [ 18.772056, 54.351595 ], [ 18.776499, 54.351603 ], [ 18.778733, 54.34936 ], [ 18.776523, 54.347108 ], [ 18.772081, 54.3471 ], [ 18.769848, 54.349343 ] ] ] } },
{ "type": "Feature", "properties": { "hex_id": 1167, "pop_total": 2.35, "delta_school": null, "base_school": 0.0, "delta_pharmacy": null, "base_pharmacy": 0.0, "delta_university": null, "base_university": 0.0, "delta_mall": null, "base_mall": 0.0, "net_delta": null, "net_delta_n": 0 }, "geometry": { "type": "Polygon", "coordinates": [ [ [ 18.769873, 54.344848 ], [ 18.772081, 54.3471 ], [ 18.776523, 54.347108 ], [ 18.778757, 54.344865 ], [ 18.776548, 54.342613 ], [ 18.772106, 54.342605 ], [ 18.769873, 54.344848 ] ] ] } },
{ "type": "Feature", "properties": { "hex_id": 1174, "pop_total": 4.85, "delta_school": 0.0, "base_school": 3.0, "delta_pharmacy": 0.0, "base_pharmacy": 4.0, "delta_university": null, "base_university": 0.0, "delta_mall": null, "base_mall": 0.0, "net_delta": 0.0, "net_delta_n": 2 }, "geometry": { "type": "Polygon", "coordinates": [ [ [ 18.776475, 54.356098 ], [ 18.778684, 54.35835 ], [ 18.783128, 54.358358 ], [ 18.785361, 54.356114 ], [ 18.783151, 54.353863 ], [ 18.778708, 54.353855 ], [ 18.776475, 54.356098 ] ] ] } },
{ "type": "Feature", "properties": { "hex_id": 1175, "pop_total": 64.03, "delta_school": 0.0, "base_school": 1.0, "delta_pharmacy": null, "base_pharmacy": 0.0, "delta_university": null, "base_university": 0.0, "delta_mall": null, "base_mall": 0.0, "net_delta": 0.0, "net_delta_n": 1 }, "geometry": { "type": "Polygon", "coordinates": [ [ [ 18.776499, 54.351603 ], [ 18.778708, 54.353855 ], [ 18.783151, 54.353863 ], [ 18.785385, 54.351619 ], [ 18.783175, 54.349368 ], [ 18.778733, 54.34936 ], [ 18.776499, 54.351603 ] ] ] } },
{ "type": "Feature", "properties": { "hex_id": 1176, "pop_total": 13.24, "delta_school": null, "base_school": 0.0, "delta_pharmacy": null, "base_pharmacy": 0.0, "delta_university": null, "base_university": 0.0, "delta_mall": null, "base_mall": 0.0, "net_delta": null, "net_delta_n": 0 }, "geometry": { "type": "Polygon", "coordinates": [ [ [ 18.776523, 54.347108 ], [ 18.778733, 54.34936 ], [ 18.783175, 54.349368 ], [ 18.785408, 54.347124 ], [ 18.783199, 54.344873 ], [ 18.778757, 54.344865 ], [ 18.776523, 54.347108 ] ] ] } },
{ "type": "Feature", "properties": { "hex_id": 1183, "pop_total": 14.85, "delta_school": null, "base_school": 0.0, "delta_pharmacy": null, "base_pharmacy": 0.0, "delta_university": null, "base_university": 0.0, "delta_mall": null, "base_mall": 0.0, "net_delta": null, "net_delta_n": 0 }, "geometry": { "type": "Polygon", "coordinates": [ [ [ 18.783175, 54.349368 ], [ 18.785385, 54.351619 ], [ 18.789827, 54.351627 ], [ 18.79206, 54.349383 ], [ 18.78985, 54.347132 ], [ 18.785408, 54.347124 ], [ 18.783175, 54.349368 ] ] ] } },
{ "type": "Feature", "properties": { "hex_id": 1184, "pop_total": 6.23, "delta_school": null, "base_school": 0.0, "delta_pharmacy": null, "base_pharmacy": 0.0, "delta_university": null, "base_university": 0.0, "delta_mall": null, "base_mall": 0.0, "net_delta": null, "net_delta_n": 0 }, "geometry": { "type": "Polygon", "coordinates": [ [ [ 18.783199, 54.344873 ], [ 18.785408, 54.347124 ], [ 18.78985, 54.347132 ], [ 18.792083, 54.344888 ], [ 18.789873, 54.342637 ], [ 18.785431, 54.342629 ], [ 18.783199, 54.344873 ] ] ] } },
{ "type": "Feature", "properties": { "hex_id": 1189, "pop_total": 76.82, "delta_school": null, "base_school": 0.0, "delta_pharmacy": null, "base_pharmacy": 0.0, "delta_university": 0.0, "base_university": 1.0, "delta_mall": null, "base_mall": 0.0, "net_delta": 0.0, "net_delta_n": 1 }, "geometry": { "type": "Polygon", "coordinates": [ [ [ 18.789827, 54.351627 ], [ 18.792037, 54.353878 ], [ 18.79648, 54.353886 ], [ 18.798713, 54.351642 ], [ 18.796503, 54.349391 ], [ 18.79206, 54.349383 ], [ 18.789827, 54.351627 ] ] ] } },
{ "type": "Feature", "properties": { "hex_id": 1190, "pop_total": 38.66, "delta_school": null, "base_school": 0.0, "delta_pharmacy": null, "base_pharmacy": 0.0, "delta_university": 0.0, "base_university": 1.0, "delta_mall": null, "base_mall": 0.0, "net_delta": 0.0, "net_delta_n": 1 }, "geometry": { "type": "Polygon", "coordinates": [ [ [ 18.78985, 54.347132 ], [ 18.79206, 54.349383 ], [ 18.796503, 54.349391 ], [ 18.798735, 54.347147 ], [ 18.796525, 54.344896 ], [ 18.792083, 54.344888 ], [ 18.78985, 54.347132 ] ] ] } },
{ "type": "Feature", "properties": { "hex_id": 1195, "pop_total": 55.16, "delta_school": 0.0, "base_school": 2.0, "delta_pharmacy": 0.0, "base_pharmacy": 1.0, "delta_university": 0.0, "base_university": 1.0, "delta_mall": null, "base_mall": 0.0, "net_delta": 0.0, "net_delta_n": 3 }, "geometry": { "type": "Polygon", "coordinates": [ [ [ 18.796503, 54.349391 ], [ 18.798713, 54.351642 ], [ 18.803156, 54.351649 ], [ 18.805388, 54.349405 ], [ 18.803177, 54.347154 ], [ 18.798735, 54.347147 ], [ 18.796503, 54.349391 ] ] ] } },
{ "type": "Feature", "properties": { "hex_id": 1201, "pop_total": 34.41, "delta_school": 0.0, "base_school": 1.0, "delta_pharmacy": null, "base_pharmacy": 0.0, "delta_university": 0.0, "base_university": 1.0, "delta_mall": null, "base_mall": 0.0, "net_delta": 0.0, "net_delta_n": 2 }, "geometry": { "type": "Polygon", "coordinates": [ [ [ 18.803177, 54.347154 ], [ 18.805388, 54.349405 ], [ 18.80983, 54.349413 ], [ 18.812062, 54.347169 ], [ 18.809851, 54.344918 ], [ 18.805409, 54.34491 ], [ 18.803177, 54.347154 ] ] ] } },
{ "type": "Feature", "properties": { "hex_id": 1205, "pop_total": 77.06, "delta_school": 0.0, "base_school": 2.0, "delta_pharmacy": 0.0, "base_pharmacy": 1.0, "delta_university": 0.0, "base_university": 1.0, "delta_mall": null, "base_mall": 0.0, "net_delta": 0.0, "net_delta_n": 3 }, "geometry": { "type": "Polygon", "coordinates": [ [ [ 18.80983, 54.349413 ], [ 18.812041, 54.351664 ], [ 18.816484, 54.35167 ], [ 18.818715, 54.349426 ], [ 18.816504, 54.347175 ], [ 18.812062, 54.347169 ], [ 18.80983, 54.349413 ] ] ] } },
{ "type": "Feature", "properties": { "hex_id": 1206, "pop_total": 28.4, "delta_school": 0.0, "base_school": 2.0, "delta_pharmacy": 0.0, "base_pharmacy": 1.0, "delta_university": 0.0, "base_university": 1.0, "delta_mall": null, "base_mall": 0.0, "net_delta": 0.0, "net_delta_n": 3 }, "geometry": { "type": "Polygon", "coordinates": [ [ [ 18.809851, 54.344918 ], [ 18.812062, 54.347169 ], [ 18.816504, 54.347175 ], [ 18.818735, 54.344931 ], [ 18.816524, 54.34268 ], [ 18.812082, 54.342673 ], [ 18.809851, 54.344918 ] ] ] } },
{ "type": "Feature", "properties": { "hex_id": 1210, "pop_total": 210.51, "delta_school": 0.0, "base_school": 2.0, "delta_pharmacy": 0.0, "base_pharmacy": 1.0, "delta_university": null, "base_university": 0.0, "delta_mall": null, "base_mall": 0.0, "net_delta": 0.0, "net_delta_n": 2 }, "geometry": { "type": "Polygon", "coordinates": [ [ [ 18.816504, 54.347175 ], [ 18.818715, 54.349426 ], [ 18.823158, 54.349433 ], [ 18.825388, 54.347189 ], [ 18.823177, 54.344938 ], [ 18.818735, 54.344931 ], [ 18.816504, 54.347175 ] ] ] } },
{ "type": "Feature", "properties": { "hex_id": 1211, "pop_total": 3.34, "delta_school": 0.0, "base_school": 1.0, "delta_pharmacy": 0.0, "base_pharmacy": 1.0, "delta_university": null, "base_university": 0.0, "delta_mall": null, "base_mall": 0.0, "net_delta": 0.0, "net_delta_n": 2 }, "geometry": { "type": "Polygon", "coordinates": [ [ [ 18.816524, 54.34268 ], [ 18.818735, 54.344931 ], [ 18.823177, 54.344938 ], [ 18.825407, 54.342694 ], [ 18.823196, 54.340443 ], [ 18.818755, 54.340436 ], [ 18.816524, 54.34268 ] ] ] } },
{ "type": "Feature", "properties": { "hex_id": 1215, "pop_total": 207.46, "delta_school": 0.0, "base_school": 2.0, "delta_pharmacy": 0.0, "base_pharmacy": 1.0, "delta_university": null, "base_university": 0.0, "delta_mall": null, "base_mall": 0.0, "net_delta": 0.0, "net_delta_n": 2 }, "geometry": { "type": "Polygon", "coordinates": [ [ [ 18.823177, 54.344938 ], [ 18.825388, 54.347189 ], [ 18.829831, 54.347195 ], [ 18.832061, 54.34495 ], [ 18.829849, 54.3427 ], [ 18.825407, 54.342694 ], [ 18.823177, 54.344938 ] ] ] } },
{ "type": "Feature", "properties": { "hex_id": 1216, "pop_total": 4.85, "delta_school": 0.0, "base_school": 2.0, "delta_pharmacy": 0.0, "base_pharmacy": 1.0, "delta_university": null, "base_university": 0.0, "delta_mall": null, "base_mall": 0.0, "net_delta": 0.0, "net_delta_n": 2 }, "geometry": { "type": "Polygon", "coordinates": [ [ [ 18.823196, 54.340443 ], [ 18.825407, 54.342694 ], [ 18.829849, 54.3427 ], [ 18.832079, 54.340455 ], [ 18.829868, 54.338205 ], [ 18.825426, 54.338198 ], [ 18.823196, 54.340443 ] ] ] } },
{ "type": "Feature", "properties": { "hex_id": 1218, "pop_total": 2.51, "delta_school": 0.0, "base_school": 2.0, "delta_pharmacy": 0.0, "base_pharmacy": 1.0, "delta_university": null, "base_university": 0.0, "delta_mall": null, "base_mall": 0.0, "net_delta": 0.0, "net_delta_n": 2 }, "geometry": { "type": "Polygon", "coordinates": [ [ [ 18.829812, 54.35169 ], [ 18.832024, 54.353941 ], [ 18.836467, 54.353947 ], [ 18.838698, 54.351702 ], [ 18.836485, 54.349452 ], [ 18.832043, 54.349446 ], [ 18.829812, 54.35169 ] ] ] } },
{ "type": "Feature", "properties": { "hex_id": 1219, "pop_total": 81.63, "delta_school": 0.0, "base_school": 2.0, "delta_pharmacy": 0.0, "base_pharmacy": 1.0, "delta_university": null, "base_university": 0.0, "delta_mall": null, "base_mall": 0.0, "net_delta": 0.0, "net_delta_n": 2 }, "geometry": { "type": "Polygon", "coordinates": [ [ [ 18.829831, 54.347195 ], [ 18.832043, 54.349446 ], [ 18.836485, 54.349452 ], [ 18.838715, 54.347207 ], [ 18.836503, 54.344957 ], [ 18.832061, 54.34495 ], [ 18.829831, 54.347195 ] ] ] } },
{ "type": "Feature", "properties": { "hex_id": 1220, "pop_total": 155.42, "delta_school": 0.0, "base_school": 2.0, "delta_pharmacy": 0.0, "base_pharmacy": 1.0, "delta_university": null, "base_university": 0.0, "delta_mall": null, "base_mall": 0.0, "net_delta": 0.0, "net_delta_n": 2 }, "geometry": { "type": "Polygon", "coordinates": [ [ [ 18.829849, 54.3427 ], [ 18.832061, 54.34495 ], [ 18.836503, 54.344957 ], [ 18.838733, 54.342712 ], [ 18.836521, 54.340462 ], [ 18.832079, 54.340455 ], [ 18.829849, 54.3427 ] ] ] } },
{ "type": "Feature", "properties": { "hex_id": 1221, "pop_total": 3.07, "delta_school": 0.0, "base_school": 1.0, "delta_pharmacy": 0.0, "base_pharmacy": 1.0, "delta_university": null, "base_university": 0.0, "delta_mall": null, "base_mall": 0.0, "net_delta": 0.0, "net_delta_n": 2 }, "geometry": { "type": "Polygon", "coordinates": [ [ [ 18.829868, 54.338205 ], [ 18.832079, 54.340455 ], [ 18.836521, 54.340462 ], [ 18.83875, 54.338217 ], [ 18.836539, 54.335967 ], [ 18.832098, 54.33596 ], [ 18.829868, 54.338205 ] ] ] } },
{ "type": "Feature", "properties": { "hex_id": 1226, "pop_total": 53.15, "delta_school": 0.0, "base_school": 1.0, "delta_pharmacy": 0.0, "base_pharmacy": 1.0, "delta_university": null, "base_university": 0.0, "delta_mall": null, "base_mall": 0.0, "net_delta": 0.0, "net_delta_n": 2 }, "geometry": { "type": "Polygon", "coordinates": [ [ [ 18.836521, 54.340462 ], [ 18.838733, 54.342712 ], [ 18.843175, 54.342718 ], [ 18.845404, 54.340473 ], [ 18.843192, 54.338223 ], [ 18.83875, 54.338217 ], [ 18.836521, 54.340462 ] ] ] } },
{ "type": "Feature", "properties": { "hex_id": 1227, "pop_total": 30.66, "delta_school": 0.0, "base_school": 1.0, "delta_pharmacy": 0.0, "base_pharmacy": 1.0, "delta_university": null, "base_university": 0.0, "delta_mall": null, "base_mall": 0.0, "net_delta": 0.0, "net_delta_n": 2 }, "geometry": { "type": "Polygon", "coordinates": [ [ [ 18.836539, 54.335967 ], [ 18.83875, 54.338217 ], [ 18.843192, 54.338223 ], [ 18.845421, 54.335978 ], [ 18.843209, 54.333728 ], [ 18.838768, 54.333722 ], [ 18.836539, 54.335967 ] ] ] } },
{ "type": "Feature", "properties": { "hex_id": 1228, "pop_total": 7.15, "delta_school": null, "base_school": 0.0, "delta_pharmacy": null, "base_pharmacy": 0.0, "delta_university": null, "base_university": 0.0, "delta_mall": null, "base_mall": 0.0, "net_delta": null, "net_delta_n": 0 }, "geometry": { "type": "Polygon", "coordinates": [ [ [ 18.836556, 54.331471 ], [ 18.838768, 54.333722 ], [ 18.843209, 54.333728 ], [ 18.845438, 54.331483 ], [ 18.843226, 54.329233 ], [ 18.838786, 54.329227 ], [ 18.836556, 54.331471 ] ] ] } },
{ "type": "Feature", "properties": { "hex_id": 1232, "pop_total": 32.7, "delta_school": 0.0, "base_school": 1.0, "delta_pharmacy": 0.0, "base_pharmacy": 1.0, "delta_university": null, "base_university": 0.0, "delta_mall": null, "base_mall": 0.0, "net_delta": 0.0, "net_delta_n": 2 }, "geometry": { "type": "Polygon", "coordinates": [ [ [ 18.843175, 54.342718 ], [ 18.845387, 54.344968 ], [ 18.849829, 54.344974 ], [ 18.852058, 54.342729 ], [ 18.849845, 54.340479 ], [ 18.845404, 54.340473 ], [ 18.843175, 54.342718 ] ] ] } },
{ "type": "Feature", "properties": { "hex_id": 1235, "pop_total": 15.55, "delta_school": null, "base_school": 0.0, "delta_pharmacy": null, "base_pharmacy": 0.0, "delta_university": null, "base_university": 0.0, "delta_mall": null, "base_mall": 0.0, "net_delta": null, "net_delta_n": 0 }, "geometry": { "type": "Polygon", "coordinates": [ [ [ 18.843226, 54.329233 ], [ 18.845438, 54.331483 ], [ 18.849878, 54.331489 ], [ 18.852107, 54.329244 ], [ 18.849895, 54.326994 ], [ 18.845454, 54.326988 ], [ 18.843226, 54.329233 ] ] ] } },
{ "type": "Feature", "properties": { "hex_id": 1240, "pop_total": 14.31, "delta_school": -1.0, "base_school": 1.0, "delta_pharmacy": -1.0, "base_pharmacy": 1.0, "delta_university": null, "base_university": 0.0, "delta_mall": null, "base_mall": 0.0, "net_delta": -2.0, "net_delta_n": 2 }, "geometry": { "type": "Polygon", "coordinates": [ [ [ 18.849845, 54.340479 ], [ 18.852058, 54.342729 ], [ 18.8565, 54.342734 ], [ 18.858729, 54.34049 ], [ 18.856516, 54.338239 ], [ 18.852074, 54.338234 ], [ 18.849845, 54.340479 ] ] ] } },
{ "type": "Feature", "properties": { "hex_id": 1243, "pop_total": 38.13, "delta_school": null, "base_school": 0.0, "delta_pharmacy": null, "base_pharmacy": 0.0, "delta_university": null, "base_university": 0.0, "delta_mall": null, "base_mall": 0.0, "net_delta": null, "net_delta_n": 0 }, "geometry": { "type": "Polygon", "coordinates": [ [ [ 18.849895, 54.326994 ], [ 18.852107, 54.329244 ], [ 18.856547, 54.329249 ], [ 18.858775, 54.327004 ], [ 18.856563, 54.324754 ], [ 18.852123, 54.324749 ], [ 18.849895, 54.326994 ] ] ] } },
{ "type": "Feature", "properties": { "hex_id": 1247, "pop_total": 35.77, "delta_school": null, "base_school": 0.0, "delta_pharmacy": null, "base_pharmacy": 0.0, "delta_university": null, "base_university": 0.0, "delta_mall": null, "base_mall": 0.0, "net_delta": null, "net_delta_n": 0 }, "geometry": { "type": "Polygon", "coordinates": [ [ [ 18.8565, 54.342734 ], [ 18.858713, 54.344985 ], [ 18.863155, 54.34499 ], [ 18.865384, 54.342745 ], [ 18.86317, 54.340495 ], [ 18.858729, 54.34049 ], [ 18.8565, 54.342734 ] ] ] } },
{ "type": "Feature", "properties": { "hex_id": 1251, "pop_total": 28.6, "delta_school": null, "base_school": 0.0, "delta_pharmacy": null, "base_pharmacy": 0.0, "delta_university": null, "base_university": 0.0, "delta_mall": null, "base_mall": 0.0, "net_delta": null, "net_delta_n": 0 }, "geometry": { "type": "Polygon", "coordinates": [ [ [ 18.856563, 54.324754 ], [ 18.858775, 54.327004 ], [ 18.863215, 54.32701 ], [ 18.865442, 54.324765 ], [ 18.86323, 54.322515 ], [ 18.85879, 54.322509 ], [ 18.856563, 54.324754 ] ] ] } },
{ "type": "Feature", "properties": { "hex_id": 1252, "pop_total": 22.25, "delta_school": null, "base_school": 0.0, "delta_pharmacy": null, "base_pharmacy": 0.0, "delta_university": null, "base_university": 0.0, "delta_mall": null, "base_mall": 0.0, "net_delta": null, "net_delta_n": 0 }, "geometry": { "type": "Polygon", "coordinates": [ [ [ 18.856578, 54.320259 ], [ 18.85879, 54.322509 ], [ 18.86323, 54.322515 ], [ 18.865457, 54.320269 ], [ 18.863245, 54.318019 ], [ 18.858806, 54.318014 ], [ 18.856578, 54.320259 ] ] ] } },
{ "type": "Feature", "properties": { "hex_id": 1256, "pop_total": 74.47, "delta_school": -1.0, "base_school": 1.0, "delta_pharmacy": -1.0, "base_pharmacy": 1.0, "delta_university": null, "base_university": 0.0, "delta_mall": null, "base_mall": 0.0, "net_delta": -2.0, "net_delta_n": 2 }, "geometry": { "type": "Polygon", "coordinates": [ [ [ 18.86317, 54.340495 ], [ 18.865384, 54.342745 ], [ 18.869825, 54.34275 ], [ 18.872053, 54.340504 ], [ 18.86984, 54.338255 ], [ 18.865398, 54.33825 ], [ 18.86317, 54.340495 ] ] ] } },
{ "type": "Feature", "properties": { "hex_id": 1261, "pop_total": 20.66, "delta_school": null, "base_school": 0.0, "delta_pharmacy": null, "base_pharmacy": 0.0, "delta_university": null, "base_university": 0.0, "delta_mall": null, "base_mall": 0.0, "net_delta": null, "net_delta_n": 0 }, "geometry": { "type": "Polygon", "coordinates": [ [ [ 18.863245, 54.318019 ], [ 18.865457, 54.320269 ], [ 18.869896, 54.320274 ], [ 18.872123, 54.318029 ], [ 18.86991, 54.315779 ], [ 18.865472, 54.315774 ], [ 18.863245, 54.318019 ] ] ] } },
{ "type": "Feature", "properties": { "hex_id": 1262, "pop_total": 3.18, "delta_school": null, "base_school": 0.0, "delta_pharmacy": null, "base_pharmacy": 0.0, "delta_university": null, "base_university": 0.0, "delta_mall": null, "base_mall": 0.0, "net_delta": null, "net_delta_n": 0 }, "geometry": { "type": "Polygon", "coordinates": [ [ [ 18.86326, 54.313524 ], [ 18.865472, 54.315774 ], [ 18.86991, 54.315779 ], [ 18.872137, 54.313534 ], [ 18.869925, 54.311284 ], [ 18.865486, 54.311279 ], [ 18.86326, 54.313524 ] ] ] } },
{ "type": "Feature", "properties": { "hex_id": 1263, "pop_total": 29.26, "delta_school": null, "base_school": 0.0, "delta_pharmacy": null, "base_pharmacy": 0.0, "delta_university": null, "base_university": 0.0, "delta_mall": null, "base_mall": 0.0, "net_delta": null, "net_delta_n": 0 }, "geometry": { "type": "Polygon", "coordinates": [ [ [ 18.869811, 54.347245 ], [ 18.872025, 54.349495 ], [ 18.876468, 54.349499 ], [ 18.878696, 54.347254 ], [ 18.876481, 54.345004 ], [ 18.872039, 54.344999 ], [ 18.869811, 54.347245 ] ] ] } },
{ "type": "Feature", "properties": { "hex_id": 1264, "pop_total": 37.63, "delta_school": -1.0, "base_school": 2.0, "delta_pharmacy": -1.0, "base_pharmacy": 1.0, "delta_university": null, "base_university": 0.0, "delta_mall": null, "base_mall": 0.0, "net_delta": -2.0, "net_delta_n": 2 }, "geometry": { "type": "Polygon", "coordinates": [ [ [ 18.869825, 54.34275 ], [ 18.872039, 54.344999 ], [ 18.876481, 54.345004 ], [ 18.878709, 54.342759 ], [ 18.876495, 54.340509 ], [ 18.872053, 54.340504 ], [ 18.869825, 54.34275 ] ] ] } },
{ "type": "Feature", "properties": { "hex_id": 1265, "pop_total": 34.96, "delta_school": null, "base_school": 0.0, "delta_pharmacy": null, "base_pharmacy": 0.0, "delta_university": null, "base_university": 0.0, "delta_mall": null, "base_mall": 0.0, "net_delta": null, "net_delta_n": 0 }, "geometry": { "type": "Polygon", "coordinates": [ [ [ 18.86984, 54.338255 ], [ 18.872053, 54.340504 ], [ 18.876495, 54.340509 ], [ 18.878722, 54.338264 ], [ 18.876508, 54.336014 ], [ 18.872067, 54.336009 ], [ 18.86984, 54.338255 ] ] ] } },
{ "type": "Feature", "properties": { "hex_id": 1270, "pop_total": 6.36, "delta_school": null, "base_school": 0.0, "delta_pharmacy": null, "base_pharmacy": 0.0, "delta_university": null, "base_university": 0.0, "delta_mall": null, "base_mall": 0.0, "net_delta": null, "net_delta_n": 0 }, "geometry": { "type": "Polygon", "coordinates": [ [ [ 18.86991, 54.315779 ], [ 18.872123, 54.318029 ], [ 18.876562, 54.318034 ], [ 18.878788, 54.315789 ], [ 18.876576, 54.313539 ], [ 18.872137, 54.313534 ], [ 18.86991, 54.315779 ] ] ] } },
{ "type": "Feature", "properties": { "hex_id": 1271, "pop_total": 9.53, "delta_school": null, "base_school": 0.0, "delta_pharmacy": null, "base_pharmacy": 0.0, "delta_university": null, "base_university": 0.0, "delta_mall": null, "base_mall": 0.0, "net_delta": null, "net_delta_n": 0 }, "geometry": { "type": "Polygon", "coordinates": [ [ [ 18.869925, 54.311284 ], [ 18.872137, 54.313534 ], [ 18.876576, 54.313539 ], [ 18.878801, 54.311293 ], [ 18.876589, 54.309044 ], [ 18.872151, 54.309039 ], [ 18.869925, 54.311284 ] ] ] } },
{ "type": "Feature", "properties": { "hex_id": 1274, "pop_total": 9.62, "delta_school": 0.0, "base_school": 1.0, "delta_pharmacy": null, "base_pharmacy": 0.0, "delta_university": null, "base_university": 0.0, "delta_mall": null, "base_mall": 0.0, "net_delta": 0.0, "net_delta_n": 1 }, "geometry": { "type": "Polygon", "coordinates": [ [ [ 18.876495, 54.340509 ], [ 18.878709, 54.342759 ], [ 18.883151, 54.342763 ], [ 18.885378, 54.340518 ], [ 18.883164, 54.338268 ], [ 18.878722, 54.338264 ], [ 18.876495, 54.340509 ] ] ] } },
{ "type": "Feature", "properties": { "hex_id": 1283, "pop_total": 43.09, "delta_school": null, "base_school": 0.0, "delta_pharmacy": null, "base_pharmacy": 0.0, "delta_university": null, "base_university": 0.0, "delta_mall": null, "base_mall": 0.0, "net_delta": null, "net_delta_n": 0 }, "geometry": { "type": "Polygon", "coordinates": [ [ [ 18.883151, 54.342763 ], [ 18.885365, 54.345013 ], [ 18.889807, 54.345017 ], [ 18.892034, 54.342772 ], [ 18.889819, 54.340522 ], [ 18.885378, 54.340518 ], [ 18.883151, 54.342763 ] ] ] } },
{ "type": "Feature", "properties": { "hex_id": 1284, "pop_total": 103.26, "delta_school": 0.0, "base_school": 1.0, "delta_pharmacy": null, "base_pharmacy": 0.0, "delta_university": null, "base_university": 0.0, "delta_mall": null, "base_mall": 0.0, "net_delta": 0.0, "net_delta_n": 1 }, "geometry": { "type": "Polygon", "coordinates": [ [ [ 18.883164, 54.338268 ], [ 18.885378, 54.340518 ], [ 18.889819, 54.340522 ], [ 18.892046, 54.338276 ], [ 18.889831, 54.336027 ], [ 18.88539, 54.336023 ], [ 18.883164, 54.338268 ] ] ] } },
{ "type": "Feature", "properties": { "hex_id": 1285, "pop_total": 10.24, "delta_school": null, "base_school": 0.0, "delta_pharmacy": null, "base_pharmacy": 0.0, "delta_university": null, "base_university": 0.0, "delta_mall": null, "base_mall": 0.0, "net_delta": null, "net_delta_n": 0 }, "geometry": { "type": "Polygon", "coordinates": [ [ [ 18.883176, 54.333773 ], [ 18.88539, 54.336023 ], [ 18.889831, 54.336027 ], [ 18.892058, 54.333781 ], [ 18.889844, 54.331532 ], [ 18.885403, 54.331528 ], [ 18.883176, 54.333773 ] ] ] } },
{ "type": "Feature", "properties": { "hex_id": 1289, "pop_total": 1.27, "delta_school": null, "base_school": 0.0, "delta_pharmacy": null, "base_pharmacy": 0.0, "delta_university": null, "base_university": 0.0, "delta_mall": null, "base_mall": 0.0, "net_delta": null, "net_delta_n": 0 }, "geometry": { "type": "Polygon", "coordinates": [ [ [ 18.883227, 54.315793 ], [ 18.88544, 54.318043 ], [ 18.88988, 54.318047 ], [ 18.892105, 54.315801 ], [ 18.889892, 54.313552 ], [ 18.885453, 54.313548 ], [ 18.883227, 54.315793 ] ] ] } },
{ "type": "Feature", "properties": { "hex_id": 1292, "pop_total": 113.68, "delta_school": 0.0, "base_school": 1.0, "delta_pharmacy": null, "base_pharmacy": 0.0, "delta_university": null, "base_university": 0.0, "delta_mall": null, "base_mall": 0.0, "net_delta": 0.0, "net_delta_n": 1 }, "geometry": { "type": "Polygon", "coordinates": [ [ [ 18.889819, 54.340522 ], [ 18.892034, 54.342772 ], [ 18.896476, 54.342775 ], [ 18.898703, 54.34053 ], [ 18.896487, 54.33828 ], [ 18.892046, 54.338276 ], [ 18.889819, 54.340522 ] ] ] } },
{ "type": "Feature", "properties": { "hex_id": 1293, "pop_total": 115.38, "delta_school": 0.0, "base_school": 1.0, "delta_pharmacy": null, "base_pharmacy": 0.0, "delta_university": null, "base_university": 0.0, "delta_mall": null, "base_mall": 0.0, "net_delta": 0.0, "net_delta_n": 1 }, "geometry": { "type": "Polygon", "coordinates": [ [ [ 18.889831, 54.336027 ], [ 18.892046, 54.338276 ], [ 18.896487, 54.33828 ], [ 18.898714, 54.336035 ], [ 18.896499, 54.333785 ], [ 18.892058, 54.333781 ], [ 18.889831, 54.336027 ] ] ] } },
{ "type": "Feature", "properties": { "hex_id": 1294, "pop_total": 11.67, "delta_school": 0.0, "base_school": 1.0, "delta_pharmacy": null, "base_pharmacy": 0.0, "delta_university": null, "base_university": 0.0, "delta_mall": null, "base_mall": 0.0, "net_delta": 0.0, "net_delta_n": 1 }, "geometry": { "type": "Polygon", "coordinates": [ [ [ 18.889844, 54.331532 ], [ 18.892058, 54.333781 ], [ 18.896499, 54.333785 ], [ 18.898725, 54.33154 ], [ 18.89651, 54.32929 ], [ 18.89207, 54.329286 ], [ 18.889844, 54.331532 ] ] ] } },
{ "type": "Feature", "properties": { "hex_id": 1297, "pop_total": 15.28, "delta_school": null, "base_school": 0.0, "delta_pharmacy": null, "base_pharmacy": 0.0, "delta_university": null, "base_university": 0.0, "delta_mall": null, "base_mall": 0.0, "net_delta": null, "net_delta_n": 0 }, "geometry": { "type": "Polygon", "coordinates": [ [ [ 18.88988, 54.318047 ], [ 18.892093, 54.320296 ], [ 18.896533, 54.3203 ], [ 18.898758, 54.318054 ], [ 18.896544, 54.315805 ], [ 18.892105, 54.315801 ], [ 18.88988, 54.318047 ] ] ] } },
{ "type": "Feature", "properties": { "hex_id": 1301, "pop_total": 51.15, "delta_school": 0.0, "base_school": 1.0, "delta_pharmacy": null, "base_pharmacy": 0.0, "delta_university": null, "base_university": 0.0, "delta_mall": null, "base_mall": 0.0, "net_delta": 0.0, "net_delta_n": 1 }, "geometry": { "type": "Polygon", "coordinates": [ [ [ 18.896487, 54.33828 ], [ 18.898703, 54.34053 ], [ 18.903144, 54.340533 ], [ 18.90537, 54.338288 ], [ 18.903155, 54.336038 ], [ 18.898714, 54.336035 ], [ 18.896487, 54.33828 ] ] ] } },
{ "type": "Feature", "properties": { "hex_id": 1302, "pop_total": 64.16, "delta_school": null, "base_school": 0.0, "delta_pharmacy": null, "base_pharmacy": 0.0, "delta_university": null, "base_university": 0.0, "delta_mall": null, "base_mall": 0.0, "net_delta": null, "net_delta_n": 0 }, "geometry": { "type": "Polygon", "coordinates": [ [ [ 18.896499, 54.333785 ], [ 18.898714, 54.336035 ], [ 18.903155, 54.336038 ], [ 18.90538, 54.333793 ], [ 18.903165, 54.331543 ], [ 18.898725, 54.33154 ], [ 18.896499, 54.333785 ] ] ] } },
{ "type": "Feature", "properties": { "hex_id": 1305, "pop_total": 5.09, "delta_school": null, "base_school": 0.0, "delta_pharmacy": null, "base_pharmacy": 0.0, "delta_university": null, "base_university": 0.0, "delta_mall": null, "base_mall": 0.0, "net_delta": null, "net_delta_n": 0 }, "geometry": { "type": "Polygon", "coordinates": [ [ [ 18.896533, 54.3203 ], [ 18.898747, 54.32255 ], [ 18.903186, 54.322553 ], [ 18.905411, 54.320307 ], [ 18.903197, 54.318058 ], [ 18.898758, 54.318054 ], [ 18.896533, 54.3203 ] ] ] } },
{ "type": "Feature", "properties": { "hex_id": 1306, "pop_total": 36.99, "delta_school": null, "base_school": 0.0, "delta_pharmacy": null, "base_pharmacy": 0.0, "delta_university": null, "base_university": 0.0, "delta_mall": null, "base_mall": 0.0, "net_delta": null, "net_delta_n": 0 }, "geometry": { "type": "Polygon", "coordinates": [ [ [ 18.896544, 54.315805 ], [ 18.898758, 54.318054 ], [ 18.903197, 54.318058 ], [ 18.905422, 54.315812 ], [ 18.903208, 54.313563 ], [ 18.898769, 54.313559 ], [ 18.896544, 54.315805 ] ] ] } },
{ "type": "Feature", "properties": { "hex_id": 1308, "pop_total": 39.48, "delta_school": 0.0, "base_school": 1.0, "delta_pharmacy": null, "base_pharmacy": 0.0, "delta_university": null, "base_university": 0.0, "delta_mall": null, "base_mall": 0.0, "net_delta": 0.0, "net_delta_n": 1 }, "geometry": { "type": "Polygon", "coordinates": [ [ [ 18.903144, 54.340533 ], [ 18.90536, 54.342783 ], [ 18.909802, 54.342786 ], [ 18.912027, 54.34054 ], [ 18.909811, 54.338291 ], [ 18.90537, 54.338288 ], [ 18.903144, 54.340533 ] ] ] } },
{ "type": "Feature", "properties": { "hex_id": 1309, "pop_total": 68.78, "delta_school": 0.0, "base_school": 1.0, "delta_pharmacy": null, "base_pharmacy": 0.0, "delta_university": null, "base_university": 0.0, "delta_mall": null, "base_mall": 0.0, "net_delta": 0.0, "net_delta_n": 1 }, "geometry": { "type": "Polygon", "coordinates": [ [ [ 18.903155, 54.336038 ], [ 18.90537, 54.338288 ], [ 18.909811, 54.338291 ], [ 18.912037, 54.336045 ], [ 18.909821, 54.333796 ], [ 18.90538, 54.333793 ], [ 18.903155, 54.336038 ] ] ] } },
{ "type": "Feature", "properties": { "hex_id": 1313, "pop_total": 1.49, "delta_school": null, "base_school": 0.0, "delta_pharmacy": null, "base_pharmacy": 0.0, "delta_university": null, "base_university": 0.0, "delta_mall": null, "base_mall": 0.0, "net_delta": null, "net_delta_n": 0 }, "geometry": { "type": "Polygon", "coordinates": [ [ [ 18.903197, 54.318058 ], [ 18.905411, 54.320307 ], [ 18.909851, 54.320311 ], [ 18.912075, 54.318065 ], [ 18.909861, 54.315816 ], [ 18.905422, 54.315812 ], [ 18.903197, 54.318058 ] ] ] } },
{ "type": "Feature", "properties": { "hex_id": 1314, "pop_total": 17.93, "delta_school": null, "base_school": 0.0, "delta_pharmacy": null, "base_pharmacy": 0.0, "delta_university": null, "base_university": 0.0, "delta_mall": null, "base_mall": 0.0, "net_delta": null, "net_delta_n": 0 }, "geometry": { "type": "Polygon", "coordinates": [ [ [ 18.903208, 54.313563 ], [ 18.905422, 54.315812 ], [ 18.909861, 54.315816 ], [ 18.912085, 54.31357 ], [ 18.90987, 54.311321 ], [ 18.905432, 54.311317 ], [ 18.903208, 54.313563 ] ] ] } },
{ "type": "Feature", "properties": { "hex_id": 1317, "pop_total": 133.62, "delta_school": 0.0, "base_school": 1.0, "delta_pharmacy": null, "base_pharmacy": 0.0, "delta_university": null, "base_university": 0.0, "delta_mall": null, "base_mall": 0.0, "net_delta": 0.0, "net_delta_n": 1 }, "geometry": { "type": "Polygon", "coordinates": [ [ [ 18.909811, 54.338291 ], [ 18.912027, 54.34054 ], [ 18.916469, 54.340543 ], [ 18.918694, 54.338297 ], [ 18.916478, 54.336048 ], [ 18.912037, 54.336045 ], [ 18.909811, 54.338291 ] ] ] } },
{ "type": "Feature", "properties": { "hex_id": 1318, "pop_total": 26.75, "delta_school": 0.0, "base_school": 1.0, "delta_pharmacy": null, "base_pharmacy": 0.0, "delta_university": null, "base_university": 0.0, "delta_mall": null, "base_mall": 0.0, "net_delta": 0.0, "net_delta_n": 1 }, "geometry": { "type": "Polygon", "coordinates": [ [ [ 18.909821, 54.333796 ], [ 18.912037, 54.336045 ], [ 18.916478, 54.336048 ], [ 18.918703, 54.333802 ], [ 18.916487, 54.331553 ], [ 18.912046, 54.33155 ], [ 18.909821, 54.333796 ] ] ] } },
{ "type": "Feature", "properties": { "hex_id": 1321, "pop_total": 4.48, "delta_school": null, "base_school": 0.0, "delta_pharmacy": null, "base_pharmacy": 0.0, "delta_university": null, "base_university": 0.0, "delta_mall": null, "base_mall": 0.0, "net_delta": null, "net_delta_n": 0 }, "geometry": { "type": "Polygon", "coordinates": [ [ [ 18.909851, 54.320311 ], [ 18.912066, 54.32256 ], [ 18.916505, 54.322563 ], [ 18.91873, 54.320317 ], [ 18.916514, 54.318068 ], [ 18.912075, 54.318065 ], [ 18.909851, 54.320311 ] ] ] } },
{ "type": "Feature", "properties": { "hex_id": 1322, "pop_total": 44.82, "delta_school": null, "base_school": 0.0, "delta_pharmacy": null, "base_pharmacy": 0.0, "delta_university": null, "base_university": 0.0, "delta_mall": null, "base_mall": 0.0, "net_delta": null, "net_delta_n": 0 }, "geometry": { "type": "Polygon", "coordinates": [ [ [ 18.909861, 54.315816 ], [ 18.912075, 54.318065 ], [ 18.916514, 54.318068 ], [ 18.918738, 54.315822 ], [ 18.916524, 54.313573 ], [ 18.912085, 54.31357 ], [ 18.909861, 54.315816 ] ] ] } },
{ "type": "Feature", "properties": { "hex_id": 1323, "pop_total": 35.86, "delta_school": null, "base_school": 0.0, "delta_pharmacy": null, "base_pharmacy": 0.0, "delta_university": null, "base_university": 0.0, "delta_mall": null, "base_mall": 0.0, "net_delta": null, "net_delta_n": 0 }, "geometry": { "type": "Polygon", "coordinates": [ [ [ 18.90987, 54.311321 ], [ 18.912085, 54.31357 ], [ 18.916524, 54.313573 ], [ 18.918747, 54.311327 ], [ 18.916533, 54.309078 ], [ 18.912094, 54.309075 ], [ 18.90987, 54.311321 ] ] ] } },
{ "type": "Feature", "properties": { "hex_id": 1328, "pop_total": 129.8, "delta_school": 0.0, "base_school": 1.0, "delta_pharmacy": null, "base_pharmacy": 0.0, "delta_university": null, "base_university": 0.0, "delta_mall": null, "base_mall": 0.0, "net_delta": 0.0, "net_delta_n": 1 }, "geometry": { "type": "Polygon", "coordinates": [ [ [ 18.916478, 54.336048 ], [ 18.918694, 54.338297 ], [ 18.923135, 54.3383 ], [ 18.92536, 54.336054 ], [ 18.923144, 54.333805 ], [ 18.918703, 54.333802 ], [ 18.916478, 54.336048 ] ] ] } },
{ "type": "Feature", "properties": { "hex_id": 1332, "pop_total": 10.34, "delta_school": null, "base_school": 0.0, "delta_pharmacy": null, "base_pharmacy": 0.0, "delta_university": null, "base_university": 0.0, "delta_mall": null, "base_mall": 0.0, "net_delta": null, "net_delta_n": 0 }, "geometry": { "type": "Polygon", "coordinates": [ [ [ 18.916514, 54.318068 ], [ 18.91873, 54.320317 ], [ 18.923169, 54.32032 ], [ 18.925393, 54.318074 ], [ 18.923177, 54.315825 ], [ 18.918738, 54.315822 ], [ 18.916514, 54.318068 ] ] ] } },
{ "type": "Feature", "properties": { "hex_id": 1333, "pop_total": 36.72, "delta_school": null, "base_school": 0.0, "delta_pharmacy": null, "base_pharmacy": 0.0, "delta_university": null, "base_university": 0.0, "delta_mall": null, "base_mall": 0.0, "net_delta": null, "net_delta_n": 0 }, "geometry": { "type": "Polygon", "coordinates": [ [ [ 18.916524, 54.313573 ], [ 18.918738, 54.315822 ], [ 18.923177, 54.315825 ], [ 18.925401, 54.313579 ], [ 18.923186, 54.31133 ], [ 18.918747, 54.311327 ], [ 18.916524, 54.313573 ] ] ] } },
{ "type": "Feature", "properties": { "hex_id": 1334, "pop_total": 100.86, "delta_school": null, "base_school": 0.0, "delta_pharmacy": null, "base_pharmacy": 0.0, "delta_university": null, "base_university": 0.0, "delta_mall": null, "base_mall": 0.0, "net_delta": null, "net_delta_n": 0 }, "geometry": { "type": "Polygon", "coordinates": [ [ [ 18.916533, 54.309078 ], [ 18.918747, 54.311327 ], [ 18.923186, 54.31133 ], [ 18.925409, 54.309084 ], [ 18.923194, 54.306835 ], [ 18.918756, 54.306832 ], [ 18.916533, 54.309078 ] ] ] } },
{ "type": "Feature", "properties": { "hex_id": 1335, "pop_total": 51.72, "delta_school": null, "base_school": 0.0, "delta_pharmacy": null, "base_pharmacy": 0.0, "delta_university": null, "base_university": 0.0, "delta_mall": null, "base_mall": 0.0, "net_delta": null, "net_delta_n": 0 }, "geometry": { "type": "Polygon", "coordinates": [ [ [ 18.916542, 54.304583 ], [ 18.918756, 54.306832 ], [ 18.923194, 54.306835 ], [ 18.925417, 54.304589 ], [ 18.923202, 54.30234 ], [ 18.918765, 54.302337 ], [ 18.916542, 54.304583 ] ] ] } },
{ "type": "Feature", "properties": { "hex_id": 1336, "pop_total": 25.86, "delta_school": null, "base_school": 0.0, "delta_pharmacy": null, "base_pharmacy": 0.0, "delta_university": null, "base_university": 0.0, "delta_mall": null, "base_mall": 0.0, "net_delta": null, "net_delta_n": 0 }, "geometry": { "type": "Polygon", "coordinates": [ [ [ 18.916551, 54.300088 ], [ 18.918765, 54.302337 ], [ 18.923202, 54.30234 ], [ 18.925425, 54.300094 ], [ 18.923211, 54.297845 ], [ 18.918774, 54.297842 ], [ 18.916551, 54.300088 ] ] ] } },
{ "type": "Feature", "properties": { "hex_id": 1342, "pop_total": 168.59, "delta_school": 0.0, "base_school": 1.0, "delta_pharmacy": null, "base_pharmacy": 0.0, "delta_university": null, "base_university": 0.0, "delta_mall": null, "base_mall": 0.0, "net_delta": 0.0, "net_delta_n": 1 }, "geometry": { "type": "Polygon", "coordinates": [ [ [ 18.923135, 54.3383 ], [ 18.925352, 54.340549 ], [ 18.929794, 54.340552 ], [ 18.932018, 54.338306 ], [ 18.929801, 54.336057 ], [ 18.92536, 54.336054 ], [ 18.923135, 54.3383 ] ] ] } },
{ "type": "Feature", "properties": { "hex_id": 1343, "pop_total": 37.16, "delta_school": 0.0, "base_school": 1.0, "delta_pharmacy": null, "base_pharmacy": 0.0, "delta_university": null, "base_university": 0.0, "delta_mall": null, "base_mall": 0.0, "net_delta": 0.0, "net_delta_n": 1 }, "geometry": { "type": "Polygon", "coordinates": [ [ [ 18.923144, 54.333805 ], [ 18.92536, 54.336054 ], [ 18.929801, 54.336057 ], [ 18.932026, 54.333811 ], [ 18.929809, 54.331562 ], [ 18.925368, 54.331559 ], [ 18.923144, 54.333805 ] ] ] } },
{ "type": "Feature", "properties": { "hex_id": 1345, "pop_total": 16.0, "delta_school": null, "base_school": 0.0, "delta_pharmacy": null, "base_pharmacy": 0.0, "delta_university": null, "base_university": 0.0, "delta_mall": null, "base_mall": 0.0, "net_delta": null, "net_delta_n": 0 }, "geometry": { "type": "Polygon", "coordinates": [ [ [ 18.923161, 54.324815 ], [ 18.925376, 54.327064 ], [ 18.929817, 54.327067 ], [ 18.93204, 54.32482 ], [ 18.929824, 54.322572 ], [ 18.925385, 54.322569 ], [ 18.923161, 54.324815 ] ] ] } },
{ "type": "Feature", "properties": { "hex_id": 1346, "pop_total": 34.0, "delta_school": null, "base_school": 0.0, "delta_pharmacy": null, "base_pharmacy": 0.0, "delta_university": null, "base_university": 0.0, "delta_mall": null, "base_mall": 0.0, "net_delta": null, "net_delta_n": 0 }, "geometry": { "type": "Polygon", "coordinates": [ [ [ 18.923169, 54.32032 ], [ 18.925385, 54.322569 ], [ 18.929824, 54.322572 ], [ 18.932048, 54.320325 ], [ 18.929832, 54.318077 ], [ 18.925393, 54.318074 ], [ 18.923169, 54.32032 ] ] ] } },
{ "type": "Feature", "properties": { "hex_id": 1347, "pop_total": 33.62, "delta_school": null, "base_school": 0.0, "delta_pharmacy": null, "base_pharmacy": 0.0, "delta_university": null, "base_university": 0.0, "delta_mall": null, "base_mall": 0.0, "net_delta": null, "net_delta_n": 0 }, "geometry": { "type": "Polygon", "coordinates": [ [ [ 18.923177, 54.315825 ], [ 18.925393, 54.318074 ], [ 18.929832, 54.318077 ], [ 18.932055, 54.31583 ], [ 18.92984, 54.313581 ], [ 18.925401, 54.313579 ], [ 18.923177, 54.315825 ] ] ] } },
{ "type": "Feature", "properties": { "hex_id": 1348, "pop_total": 43.97, "delta_school": null, "base_school": 0.0, "delta_pharmacy": null, "base_pharmacy": 0.0, "delta_university": null, "base_university": 0.0, "delta_mall": null, "base_mall": 0.0, "net_delta": null, "net_delta_n": 0 }, "geometry": { "type": "Polygon", "coordinates": [ [ [ 18.923186, 54.31133 ], [ 18.925401, 54.313579 ], [ 18.92984, 54.313581 ], [ 18.932063, 54.311335 ], [ 18.929847, 54.309086 ], [ 18.925409, 54.309084 ], [ 18.923186, 54.31133 ] ] ] } },
{ "type": "Feature", "properties": { "hex_id": 1349, "pop_total": 10.34, "delta_school": null, "base_school": 0.0, "delta_pharmacy": null, "base_pharmacy": 0.0, "delta_university": null, "base_university": 0.0, "delta_mall": null, "base_mall": 0.0, "net_delta": null, "net_delta_n": 0 }, "geometry": { "type": "Polygon", "coordinates": [ [ [ 18.923194, 54.306835 ], [ 18.925409, 54.309084 ], [ 18.929847, 54.309086 ], [ 18.93207, 54.30684 ], [ 18.929855, 54.304591 ], [ 18.925417, 54.304589 ], [ 18.923194, 54.306835 ] ] ] } },
{ "type": "Feature", "properties": { "hex_id": 1359, "pop_total": 176.18, "delta_school": 0.0, "base_school": 1.0, "delta_pharmacy": null, "base_pharmacy": 0.0, "delta_university": null, "base_university": 0.0, "delta_mall": null, "base_mall": 0.0, "net_delta": 0.0, "net_delta_n": 1 }, "geometry": { "type": "Polygon", "coordinates": [ [ [ 18.929801, 54.336057 ], [ 18.932018, 54.338306 ], [ 18.936459, 54.338308 ], [ 18.938683, 54.336062 ], [ 18.936466, 54.333813 ], [ 18.932026, 54.333811 ], [ 18.929801, 54.336057 ] ] ] } },
{ "type": "Feature", "properties": { "hex_id": 1360, "pop_total": 73.49, "delta_school": 0.0, "base_school": 1.0, "delta_pharmacy": null, "base_pharmacy": 0.0, "delta_university": null, "base_university": 0.0, "delta_mall": null, "base_mall": 0.0, "net_delta": 0.0, "net_delta_n": 1 }, "geometry": { "type": "Polygon", "coordinates": [ [ [ 18.929809, 54.331562 ], [ 18.932026, 54.333811 ], [ 18.936466, 54.333813 ], [ 18.93869, 54.331567 ], [ 18.936473, 54.329318 ], [ 18.932033, 54.329315 ], [ 18.929809, 54.331562 ] ] ] } },
{ "type": "Feature", "properties": { "hex_id": 1361, "pop_total": 56.0, "delta_school": null, "base_school": 0.0, "delta_pharmacy": null, "base_pharmacy": 0.0, "delta_university": null, "base_university": 0.0, "delta_mall": null, "base_mall": 0.0, "net_delta": null, "net_delta_n": 0 }, "geometry": { "type": "Polygon", "coordinates": [ [ [ 18.929817, 54.327067 ], [ 18.932033, 54.329315 ], [ 18.936473, 54.329318 ], [ 18.938697, 54.327072 ], [ 18.93648, 54.324823 ], [ 18.93204, 54.32482 ], [ 18.929817, 54.327067 ] ] ] } },
{ "type": "Feature", "properties": { "hex_id": 1362, "pop_total": 30.0, "delta_school": 0.0, "base_school": 1.0, "delta_pharmacy": null, "base_pharmacy": 0.0, "delta_university": null, "base_university": 0.0, "delta_mall": null, "base_mall": 0.0, "net_delta": 0.0, "net_delta_n": 1 }, "geometry": { "type": "Polygon", "coordinates": [ [ [ 18.929824, 54.322572 ], [ 18.93204, 54.32482 ], [ 18.93648, 54.324823 ], [ 18.938703, 54.322576 ], [ 18.936487, 54.320328 ], [ 18.932048, 54.320325 ], [ 18.929824, 54.322572 ] ] ] } },
{ "type": "Feature", "properties": { "hex_id": 1363, "pop_total": 20.0, "delta_school": null, "base_school": 0.0, "delta_pharmacy": null, "base_pharmacy": 0.0, "delta_university": null, "base_university": 0.0, "delta_mall": null, "base_mall": 0.0, "net_delta": null, "net_delta_n": 0 }, "geometry": { "type": "Polygon", "coordinates": [ [ [ 18.929832, 54.318077 ], [ 18.932048, 54.320325 ], [ 18.936487, 54.320328 ], [ 18.93871, 54.318081 ], [ 18.936494, 54.315833 ], [ 18.932055, 54.31583 ], [ 18.929832, 54.318077 ] ] ] } }
]
}
