{
"type": "FeatureCollection",
"name": "hex_szczecin_500",
"crs": { "type": "name", "properties": { "name": "urn:ogc:def:crs:OGC:1.3:CRS84" } },
"xy_coordinate_resolution": 1e-06,
"features": [
{ "type": "Feature", "properties": { "hex_id": 16, "pop_total": 8.47, "delta_school": null, "base_school": 0.0, "delta_pharmacy": null, "base_pharmacy": 0.0, "delta_university": null, "base_university": 0.0, "delta_mall": null, "base_mall": 0.0, "net_delta": null, "net_delta_n": 0 }, "geometry": { "type": "Polygon", "coordinates": [ [ [ 14.454426, 53.486067 ], [ 14.456355, 53.488391 ], [ 14.460694, 53.488556 ], [ 14.463103, 53.486398 ], [ 14.461173, 53.484074 ], [ 14.456835, 53.483909 ], [ 14.454426, 53.486067 ] ] ] } },
{ "type": "Feature", "properties": { "hex_id": 21, "pop_total": 326.47, "delta_school": 3.0, "base_school": 6.0, "delta_pharmacy": 0.0, "base_pharmacy": 5.0, "delta_university": 3.0, "base_university": 2.0, "delta_mall": 0.0, "base_mall": 1.0, "net_delta": 6.0, "net_delta_n": 4 }, "geometry": { "type": "Polygon", "coordinates": [ [ [ 14.457305, 53.459178 ], [ 14.459233, 53.461501 ], [ 14.463568, 53.461666 ], [ 14.465975, 53.459508 ], [ 14.464047, 53.457185 ], [ 14.459712, 53.45702 ], [ 14.457305, 53.459178 ] ] ] } },
{ "type": "Feature", "properties": { "hex_id": 22, "pop_total": 36.74, "delta_school": 0.0, "base_school": 9.0, "delta_pharmacy": 0.0, "base_pharmacy": 6.0, "delta_university": 2.0, "base_university": 5.0, "delta_mall": 0.0, "base_mall": 1.0, "net_delta": 2.0, "net_delta_n": 4 }, "geometry": { "type": "Polygon", "coordinates": [ [ [ 14.457784, 53.454696 ], [ 14.459712, 53.45702 ], [ 14.464047, 53.457185 ], [ 14.466454, 53.455026 ], [ 14.464526, 53.452703 ], [ 14.460191, 53.452538 ], [ 14.457784, 53.454696 ] ] ] } },
{ "type": "Feature", "properties": { "hex_id": 24, "pop_total": 70.26, "delta_school": 0.0, "base_school": 1.0, "delta_pharmacy": 0.0, "base_pharmacy": 2.0, "delta_university": null, "base_university": 0.0, "delta_mall": null, "base_mall": 0.0, "net_delta": 0.0, "net_delta_n": 2 }, "geometry": { "type": "Polygon", "coordinates": [ [ [ 14.458742, 53.445733 ], [ 14.46067, 53.448057 ], [ 14.465004, 53.448222 ], [ 14.46741, 53.446063 ], [ 14.465482, 53.44374 ], [ 14.461148, 53.443575 ], [ 14.458742, 53.445733 ] ] ] } },
{ "type": "Feature", "properties": { "hex_id": 25, "pop_total": 119.45, "delta_school": null, "base_school": 0.0, "delta_pharmacy": 0.0, "base_pharmacy": 4.0, "delta_university": null, "base_university": 0.0, "delta_mall": null, "base_mall": 0.0, "net_delta": 0.0, "net_delta_n": 1 }, "geometry": { "type": "Polygon", "coordinates": [ [ [ 14.459221, 53.441252 ], [ 14.461148, 53.443575 ], [ 14.465482, 53.44374 ], [ 14.467888, 53.441581 ], [ 14.46596, 53.439258 ], [ 14.461627, 53.439093 ], [ 14.459221, 53.441252 ] ] ] } },
{ "type": "Feature", "properties": { "hex_id": 35, "pop_total": 80.13, "delta_school": 0.0, "base_school": 1.0, "delta_pharmacy": 0.0, "base_pharmacy": 2.0, "delta_university": null, "base_university": 0.0, "delta_mall": null, "base_mall": 0.0, "net_delta": 0.0, "net_delta_n": 2 }, "geometry": { "type": "Polygon", "coordinates": [ [ [ 14.463568, 53.461666 ], [ 14.465497, 53.46399 ], [ 14.469833, 53.464154 ], [ 14.47224, 53.461996 ], [ 14.470311, 53.459673 ], [ 14.465975, 53.459508 ], [ 14.463568, 53.461666 ] ] ] } },
{ "type": "Feature", "properties": { "hex_id": 36, "pop_total": 705.71, "delta_school": 0.0, "base_school": 10.0, "delta_pharmacy": 1.0, "base_pharmacy": 7.0, "delta_university": 0.0, "base_university": 7.0, "delta_mall": 0.0, "base_mall": 1.0, "net_delta": 1.0, "net_delta_n": 4 }, "geometry": { "type": "Polygon", "coordinates": [ [ [ 14.464047, 53.457185 ], [ 14.465975, 53.459508 ], [ 14.470311, 53.459673 ], [ 14.472718, 53.457514 ], [ 14.470789, 53.455191 ], [ 14.466454, 53.455026 ], [ 14.464047, 53.457185 ] ] ] } },
{ "type": "Feature", "properties": { "hex_id": 37, "pop_total": 288.28, "delta_school": 1.0, "base_school": 5.0, "delta_pharmacy": 0.0, "base_pharmacy": 3.0, "delta_university": 3.0, "base_university": 1.0, "delta_mall": 0.0, "base_mall": 1.0, "net_delta": 4.0, "net_delta_n": 4 }, "geometry": { "type": "Polygon", "coordinates": [ [ [ 14.464526, 53.452703 ], [ 14.466454, 53.455026 ], [ 14.470789, 53.455191 ], [ 14.473195, 53.453033 ], [ 14.471267, 53.450709 ], [ 14.466932, 53.450545 ], [ 14.464526, 53.452703 ] ] ] } },
{ "type": "Feature", "properties": { "hex_id": 38, "pop_total": 2.84, "delta_school": 0.0, "base_school": 2.0, "delta_pharmacy": 0.0, "base_pharmacy": 1.0, "delta_university": null, "base_university": 0.0, "delta_mall": 0.0, "base_mall": 1.0, "net_delta": 0.0, "net_delta_n": 3 }, "geometry": { "type": "Polygon", "coordinates": [ [ [ 14.465004, 53.448222 ], [ 14.466932, 53.450545 ], [ 14.471267, 53.450709 ], [ 14.473673, 53.448551 ], [ 14.471744, 53.446228 ], [ 14.46741, 53.446063 ], [ 14.465004, 53.448222 ] ] ] } },
{ "type": "Feature", "properties": { "hex_id": 39, "pop_total": 70.29, "delta_school": null, "base_school": 0.0, "delta_pharmacy": 0.0, "base_pharmacy": 3.0, "delta_university": null, "base_university": 0.0, "delta_mall": 0.0, "base_mall": 1.0, "net_delta": 0.0, "net_delta_n": 2 }, "geometry": { "type": "Polygon", "coordinates": [ [ [ 14.465482, 53.44374 ], [ 14.46741, 53.446063 ], [ 14.471744, 53.446228 ], [ 14.47415, 53.444069 ], [ 14.472222, 53.441746 ], [ 14.467888, 53.441581 ], [ 14.465482, 53.44374 ] ] ] } },
{ "type": "Feature", "properties": { "hex_id": 41, "pop_total": 3.63, "delta_school": 0.0, "base_school": 3.0, "delta_pharmacy": 0.0, "base_pharmacy": 6.0, "delta_university": null, "base_university": 0.0, "delta_mall": 0.0, "base_mall": 1.0, "net_delta": 0.0, "net_delta_n": 3 }, "geometry": { "type": "Polygon", "coordinates": [ [ [ 14.467394, 53.425813 ], [ 14.469321, 53.428136 ], [ 14.473654, 53.428301 ], [ 14.476058, 53.426142 ], [ 14.474131, 53.423819 ], [ 14.469799, 53.423655 ], [ 14.467394, 53.425813 ] ] ] } },
{ "type": "Feature", "properties": { "hex_id": 42, "pop_total": 317.52, "delta_school": 0.0, "base_school": 3.0, "delta_pharmacy": 0.0, "base_pharmacy": 6.0, "delta_university": null, "base_university": 0.0, "delta_mall": 0.0, "base_mall": 1.0, "net_delta": 0.0, "net_delta_n": 3 }, "geometry": { "type": "Polygon", "coordinates": [ [ [ 14.467872, 53.421332 ], [ 14.469799, 53.423655 ], [ 14.474131, 53.423819 ], [ 14.476535, 53.421661 ], [ 14.474608, 53.419338 ], [ 14.470276, 53.419173 ], [ 14.467872, 53.421332 ] ] ] } },
{ "type": "Feature", "properties": { "hex_id": 43, "pop_total": 154.97, "delta_school": 0.0, "base_school": 2.0, "delta_pharmacy": 0.0, "base_pharmacy": 4.0, "delta_university": null, "base_university": 0.0, "delta_mall": null, "base_mall": 0.0, "net_delta": 0.0, "net_delta_n": 2 }, "geometry": { "type": "Polygon", "coordinates": [ [ [ 14.468349, 53.41685 ], [ 14.470276, 53.419173 ], [ 14.474608, 53.419338 ], [ 14.477012, 53.417179 ], [ 14.475084, 53.414856 ], [ 14.470753, 53.414691 ], [ 14.468349, 53.41685 ] ] ] } },
{ "type": "Feature", "properties": { "hex_id": 50, "pop_total": 9.49, "delta_school": 0.0, "base_school": 2.0, "delta_pharmacy": null, "base_pharmacy": 0.0, "delta_university": null, "base_university": 0.0, "delta_mall": null, "base_mall": 0.0, "net_delta": 0.0, "net_delta_n": 1 }, "geometry": { "type": "Polygon", "coordinates": [ [ [ 14.467919, 53.482081 ], [ 14.469849, 53.484404 ], [ 14.474187, 53.484569 ], [ 14.476595, 53.48241 ], [ 14.474665, 53.480087 ], [ 14.470328, 53.479923 ], [ 14.467919, 53.482081 ] ] ] } },
{ "type": "Feature", "properties": { "hex_id": 56, "pop_total": 487.67, "delta_school": 0.0, "base_school": 13.0, "delta_pharmacy": -1.0, "base_pharmacy": 13.0, "delta_university": 0.0, "base_university": 11.0, "delta_mall": 0.0, "base_mall": 1.0, "net_delta": -1.0, "net_delta_n": 4 }, "geometry": { "type": "Polygon", "coordinates": [ [ [ 14.470789, 53.455191 ], [ 14.472718, 53.457514 ], [ 14.477053, 53.457679 ], [ 14.479459, 53.45552 ], [ 14.47753, 53.453197 ], [ 14.473195, 53.453033 ], [ 14.470789, 53.455191 ] ] ] } },
{ "type": "Feature", "properties": { "hex_id": 57, "pop_total": 357.31, "delta_school": 0.0, "base_school": 10.0, "delta_pharmacy": 0.0, "base_pharmacy": 9.0, "delta_university": 0.0, "base_university": 7.0, "delta_mall": 0.0, "base_mall": 1.0, "net_delta": 0.0, "net_delta_n": 4 }, "geometry": { "type": "Polygon", "coordinates": [ [ [ 14.471267, 53.450709 ], [ 14.473195, 53.453033 ], [ 14.47753, 53.453197 ], [ 14.479936, 53.451038 ], [ 14.478007, 53.448715 ], [ 14.473673, 53.448551 ], [ 14.471267, 53.450709 ] ] ] } },
{ "type": "Feature", "properties": { "hex_id": 58, "pop_total": 493.62, "delta_school": 0.0, "base_school": 2.0, "delta_pharmacy": 0.0, "base_pharmacy": 3.0, "delta_university": null, "base_university": 0.0, "delta_mall": 0.0, "base_mall": 1.0, "net_delta": 0.0, "net_delta_n": 3 }, "geometry": { "type": "Polygon", "coordinates": [ [ [ 14.471744, 53.446228 ], [ 14.473673, 53.448551 ], [ 14.478007, 53.448715 ], [ 14.480413, 53.446557 ], [ 14.478484, 53.444234 ], [ 14.47415, 53.444069 ], [ 14.471744, 53.446228 ] ] ] } },
{ "type": "Feature", "properties": { "hex_id": 59, "pop_total": 138.52, "delta_school": 0.0, "base_school": 7.0, "delta_pharmacy": 0.0, "base_pharmacy": 6.0, "delta_university": 2.0, "base_university": 3.0, "delta_mall": 0.0, "base_mall": 1.0, "net_delta": 2.0, "net_delta_n": 4 }, "geometry": { "type": "Polygon", "coordinates": [ [ [ 14.472222, 53.441746 ], [ 14.47415, 53.444069 ], [ 14.478484, 53.444234 ], [ 14.480889, 53.442075 ], [ 14.478961, 53.439752 ], [ 14.474627, 53.439588 ], [ 14.472222, 53.441746 ] ] ] } },
{ "type": "Feature", "properties": { "hex_id": 63, "pop_total": 457.25, "delta_school": 0.0, "base_school": 4.0, "delta_pharmacy": 0.0, "base_pharmacy": 7.0, "delta_university": null, "base_university": 0.0, "delta_mall": 0.0, "base_mall": 1.0, "net_delta": 0.0, "net_delta_n": 3 }, "geometry": { "type": "Polygon", "coordinates": [ [ [ 14.474131, 53.423819 ], [ 14.476058, 53.426142 ], [ 14.48039, 53.426307 ], [ 14.482795, 53.424148 ], [ 14.480867, 53.421825 ], [ 14.476535, 53.421661 ], [ 14.474131, 53.423819 ] ] ] } },
{ "type": "Feature", "properties": { "hex_id": 64, "pop_total": 1201.36, "delta_school": 0.0, "base_school": 3.0, "delta_pharmacy": 1.0, "base_pharmacy": 11.0, "delta_university": null, "base_university": 0.0, "delta_mall": 0.0, "base_mall": 1.0, "net_delta": 1.0, "net_delta_n": 3 }, "geometry": { "type": "Polygon", "coordinates": [ [ [ 14.474608, 53.419338 ], [ 14.476535, 53.421661 ], [ 14.480867, 53.421825 ], [ 14.483271, 53.419666 ], [ 14.481343, 53.417343 ], [ 14.477012, 53.417179 ], [ 14.474608, 53.419338 ] ] ] } },
{ "type": "Feature", "properties": { "hex_id": 65, "pop_total": 148.76, "delta_school": 0.0, "base_school": 2.0, "delta_pharmacy": 0.0, "base_pharmacy": 3.0, "delta_university": null, "base_university": 0.0, "delta_mall": null, "base_mall": 0.0, "net_delta": 0.0, "net_delta_n": 2 }, "geometry": { "type": "Polygon", "coordinates": [ [ [ 14.475084, 53.414856 ], [ 14.477012, 53.417179 ], [ 14.481343, 53.417343 ], [ 14.483746, 53.415184 ], [ 14.481819, 53.412861 ], [ 14.477488, 53.412697 ], [ 14.475084, 53.414856 ] ] ] } },
{ "type": "Feature", "properties": { "hex_id": 69, "pop_total": 156.99, "delta_school": 0.0, "base_school": 4.0, "delta_pharmacy": 0.0, "base_pharmacy": 5.0, "delta_university": 0.0, "base_university": 4.0, "delta_mall": 0.0, "base_mall": 4.0, "net_delta": 0.0, "net_delta_n": 4 }, "geometry": { "type": "Polygon", "coordinates": [ [ [ 14.477466, 53.392447 ], [ 14.479393, 53.39477 ], [ 14.483722, 53.394934 ], [ 14.486124, 53.392775 ], [ 14.484197, 53.390453 ], [ 14.479869, 53.390288 ], [ 14.477466, 53.392447 ] ] ] } },
{ "type": "Feature", "properties": { "hex_id": 70, "pop_total": 192.17, "delta_school": 0.0, "base_school": 1.0, "delta_pharmacy": null, "base_pharmacy": 0.0, "delta_university": null, "base_university": 0.0, "delta_mall": null, "base_mall": 0.0, "net_delta": 0.0, "net_delta_n": 1 }, "geometry": { "type": "Polygon", "coordinates": [ [ [ 14.473231, 53.493532 ], [ 14.475161, 53.495855 ], [ 14.479501, 53.49602 ], [ 14.481909, 53.493861 ], [ 14.479978, 53.491538 ], [ 14.475639, 53.491374 ], [ 14.473231, 53.493532 ] ] ] } },
{ "type": "Feature", "properties": { "hex_id": 71, "pop_total": 38.63, "delta_school": 0.0, "base_school": 3.0, "delta_pharmacy": null, "base_pharmacy": 0.0, "delta_university": null, "base_university": 0.0, "delta_mall": null, "base_mall": 0.0, "net_delta": 0.0, "net_delta_n": 1 }, "geometry": { "type": "Polygon", "coordinates": [ [ [ 14.473709, 53.489051 ], [ 14.475639, 53.491374 ], [ 14.479978, 53.491538 ], [ 14.482386, 53.48938 ], [ 14.480456, 53.487057 ], [ 14.476117, 53.486892 ], [ 14.473709, 53.489051 ] ] ] } },
{ "type": "Feature", "properties": { "hex_id": 72, "pop_total": 38.87, "delta_school": 0.0, "base_school": 2.0, "delta_pharmacy": null, "base_pharmacy": 0.0, "delta_university": null, "base_university": 0.0, "delta_mall": null, "base_mall": 0.0, "net_delta": 0.0, "net_delta_n": 1 }, "geometry": { "type": "Polygon", "coordinates": [ [ [ 14.474187, 53.484569 ], [ 14.476117, 53.486892 ], [ 14.480456, 53.487057 ], [ 14.482864, 53.484898 ], [ 14.480933, 53.482575 ], [ 14.476595, 53.48241 ], [ 14.474187, 53.484569 ] ] ] } },
{ "type": "Feature", "properties": { "hex_id": 73, "pop_total": 296.99, "delta_school": 0.0, "base_school": 2.0, "delta_pharmacy": null, "base_pharmacy": 0.0, "delta_university": null, "base_university": 0.0, "delta_mall": null, "base_mall": 0.0, "net_delta": 0.0, "net_delta_n": 1 }, "geometry": { "type": "Polygon", "coordinates": [ [ [ 14.474665, 53.480087 ], [ 14.476595, 53.48241 ], [ 14.480933, 53.482575 ], [ 14.483341, 53.480416 ], [ 14.48141, 53.478093 ], [ 14.477073, 53.477929 ], [ 14.474665, 53.480087 ] ] ] } },
{ "type": "Feature", "properties": { "hex_id": 74, "pop_total": 221.29, "delta_school": 0.0, "base_school": 3.0, "delta_pharmacy": 0.0, "base_pharmacy": 2.0, "delta_university": null, "base_university": 0.0, "delta_mall": null, "base_mall": 0.0, "net_delta": 0.0, "net_delta_n": 2 }, "geometry": { "type": "Polygon", "coordinates": [ [ [ 14.475143, 53.475606 ], [ 14.477073, 53.477929 ], [ 14.48141, 53.478093 ], [ 14.483817, 53.475934 ], [ 14.481887, 53.473611 ], [ 14.47755, 53.473447 ], [ 14.475143, 53.475606 ] ] ] } },
{ "type": "Feature", "properties": { "hex_id": 79, "pop_total": 238.59, "delta_school": 2.0, "base_school": 22.0, "delta_pharmacy": 2.0, "base_pharmacy": 22.0, "delta_university": 0.0, "base_university": 20.0, "delta_mall": 1.0, "base_mall": 1.0, "net_delta": 5.0, "net_delta_n": 4 }, "geometry": { "type": "Polygon", "coordinates": [ [ [ 14.47753, 53.453197 ], [ 14.479459, 53.45552 ], [ 14.483794, 53.455684 ], [ 14.4862, 53.453526 ], [ 14.484271, 53.451203 ], [ 14.479936, 53.451038 ], [ 14.47753, 53.453197 ] ] ] } },
{ "type": "Feature", "properties": { "hex_id": 80, "pop_total": 400.91, "delta_school": -1.0, "base_school": 29.0, "delta_pharmacy": 0.0, "base_pharmacy": 25.0, "delta_university": 0.0, "base_university": 21.0, "delta_mall": 1.0, "base_mall": 1.0, "net_delta": 0.0, "net_delta_n": 4 }, "geometry": { "type": "Polygon", "coordinates": [ [ [ 14.478007, 53.448715 ], [ 14.479936, 53.451038 ], [ 14.484271, 53.451203 ], [ 14.486676, 53.449044 ], [ 14.484747, 53.446721 ], [ 14.480413, 53.446557 ], [ 14.478007, 53.448715 ] ] ] } },
{ "type": "Feature", "properties": { "hex_id": 81, "pop_total": 1047.4, "delta_school": -1.0, "base_school": 26.0, "delta_pharmacy": 0.0, "base_pharmacy": 23.0, "delta_university": 0.0, "base_university": 18.0, "delta_mall": -1.0, "base_mall": 3.0, "net_delta": -2.0, "net_delta_n": 4 }, "geometry": { "type": "Polygon", "coordinates": [ [ [ 14.478484, 53.444234 ], [ 14.480413, 53.446557 ], [ 14.484747, 53.446721 ], [ 14.487152, 53.444562 ], [ 14.485223, 53.442239 ], [ 14.480889, 53.442075 ], [ 14.478484, 53.444234 ] ] ] } },
{ "type": "Feature", "properties": { "hex_id": 82, "pop_total": 723.29, "delta_school": 0.0, "base_school": 22.0, "delta_pharmacy": 2.0, "base_pharmacy": 22.0, "delta_university": 0.0, "base_university": 12.0, "delta_mall": 0.0, "base_mall": 2.0, "net_delta": 2.0, "net_delta_n": 4 }, "geometry": { "type": "Polygon", "coordinates": [ [ [ 14.478961, 53.439752 ], [ 14.480889, 53.442075 ], [ 14.485223, 53.442239 ], [ 14.487628, 53.44008 ], [ 14.485699, 53.437757 ], [ 14.481366, 53.437593 ], [ 14.478961, 53.439752 ] ] ] } },
{ "type": "Feature", "properties": { "hex_id": 83, "pop_total": 654.01, "delta_school": 0.0, "base_school": 2.0, "delta_pharmacy": 0.0, "base_pharmacy": 6.0, "delta_university": null, "base_university": 0.0, "delta_mall": 0.0, "base_mall": 1.0, "net_delta": 0.0, "net_delta_n": 3 }, "geometry": { "type": "Polygon", "coordinates": [ [ [ 14.479438, 53.43527 ], [ 14.481366, 53.437593 ], [ 14.485699, 53.437757 ], [ 14.488104, 53.435599 ], [ 14.486175, 53.433276 ], [ 14.481842, 53.433111 ], [ 14.479438, 53.43527 ] ] ] } },
{ "type": "Feature", "properties": { "hex_id": 84, "pop_total": 2712.2, "delta_school": 0.0, "base_school": 3.0, "delta_pharmacy": 0.0, "base_pharmacy": 9.0, "delta_university": null, "base_university": 0.0, "delta_mall": 0.0, "base_mall": 1.0, "net_delta": 0.0, "net_delta_n": 3 }, "geometry": { "type": "Polygon", "coordinates": [ [ [ 14.479914, 53.430788 ], [ 14.481842, 53.433111 ], [ 14.486175, 53.433276 ], [ 14.488579, 53.431117 ], [ 14.486651, 53.428794 ], [ 14.482318, 53.42863 ], [ 14.479914, 53.430788 ] ] ] } },
{ "type": "Feature", "properties": { "hex_id": 85, "pop_total": 1846.6, "delta_school": 1.0, "base_school": 6.0, "delta_pharmacy": 1.0, "base_pharmacy": 15.0, "delta_university": 1.0, "base_university": 2.0, "delta_mall": 0.0, "base_mall": 1.0, "net_delta": 3.0, "net_delta_n": 4 }, "geometry": { "type": "Polygon", "coordinates": [ [ [ 14.48039, 53.426307 ], [ 14.482318, 53.42863 ], [ 14.486651, 53.428794 ], [ 14.489055, 53.426635 ], [ 14.487127, 53.424312 ], [ 14.482795, 53.424148 ], [ 14.48039, 53.426307 ] ] ] } },
{ "type": "Feature", "properties": { "hex_id": 86, "pop_total": 1286.72, "delta_school": 1.0, "base_school": 6.0, "delta_pharmacy": -1.0, "base_pharmacy": 17.0, "delta_university": 0.0, "base_university": 4.0, "delta_mall": 0.0, "base_mall": 1.0, "net_delta": 0.0, "net_delta_n": 4 }, "geometry": { "type": "Polygon", "coordinates": [ [ [ 14.480867, 53.421825 ], [ 14.482795, 53.424148 ], [ 14.487127, 53.424312 ], [ 14.48953, 53.422153 ], [ 14.487602, 53.41983 ], [ 14.483271, 53.419666 ], [ 14.480867, 53.421825 ] ] ] } },
{ "type": "Feature", "properties": { "hex_id": 87, "pop_total": 845.06, "delta_school": 0.0, "base_school": 5.0, "delta_pharmacy": 0.0, "base_pharmacy": 12.0, "delta_university": 0.0, "base_university": 2.0, "delta_mall": 0.0, "base_mall": 1.0, "net_delta": 0.0, "net_delta_n": 4 }, "geometry": { "type": "Polygon", "coordinates": [ [ [ 14.481343, 53.417343 ], [ 14.483271, 53.419666 ], [ 14.487602, 53.41983 ], [ 14.490006, 53.417671 ], [ 14.488078, 53.415348 ], [ 14.483746, 53.415184 ], [ 14.481343, 53.417343 ] ] ] } },
{ "type": "Feature", "properties": { "hex_id": 88, "pop_total": 268.36, "delta_school": 0.0, "base_school": 3.0, "delta_pharmacy": 0.0, "base_pharmacy": 4.0, "delta_university": 0.0, "base_university": 1.0, "delta_mall": null, "base_mall": 0.0, "net_delta": 0.0, "net_delta_n": 3 }, "geometry": { "type": "Polygon", "coordinates": [ [ [ 14.481819, 53.412861 ], [ 14.483746, 53.415184 ], [ 14.488078, 53.415348 ], [ 14.490481, 53.41319 ], [ 14.488553, 53.410867 ], [ 14.484222, 53.410703 ], [ 14.481819, 53.412861 ] ] ] } },
{ "type": "Feature", "properties": { "hex_id": 89, "pop_total": 268.84, "delta_school": 0.0, "base_school": 1.0, "delta_pharmacy": 0.0, "base_pharmacy": 2.0, "delta_university": 0.0, "base_university": 2.0, "delta_mall": null, "base_mall": 0.0, "net_delta": 0.0, "net_delta_n": 3 }, "geometry": { "type": "Polygon", "coordinates": [ [ [ 14.482295, 53.40838 ], [ 14.484222, 53.410703 ], [ 14.488553, 53.410867 ], [ 14.490956, 53.408708 ], [ 14.489028, 53.406385 ], [ 14.484698, 53.406221 ], [ 14.482295, 53.40838 ] ] ] } },
{ "type": "Feature", "properties": { "hex_id": 91, "pop_total": 16.88, "delta_school": 0.0, "base_school": 1.0, "delta_pharmacy": 0.0, "base_pharmacy": 5.0, "delta_university": 0.0, "base_university": 5.0, "delta_mall": 0.0, "base_mall": 4.0, "net_delta": 0.0, "net_delta_n": 4 }, "geometry": { "type": "Polygon", "coordinates": [ [ [ 14.483246, 53.399416 ], [ 14.485173, 53.401739 ], [ 14.489503, 53.401903 ], [ 14.491905, 53.399744 ], [ 14.489978, 53.397421 ], [ 14.485649, 53.397257 ], [ 14.483246, 53.399416 ] ] ] } },
{ "type": "Feature", "properties": { "hex_id": 92, "pop_total": 319.94, "delta_school": 0.0, "base_school": 5.0, "delta_pharmacy": 2.0, "base_pharmacy": 10.0, "delta_university": 0.0, "base_university": 17.0, "delta_mall": 0.0, "base_mall": 6.0, "net_delta": 2.0, "net_delta_n": 4 }, "geometry": { "type": "Polygon", "coordinates": [ [ [ 14.483722, 53.394934 ], [ 14.485649, 53.397257 ], [ 14.489978, 53.397421 ], [ 14.49238, 53.395262 ], [ 14.490453, 53.392939 ], [ 14.486124, 53.392775 ], [ 14.483722, 53.394934 ] ] ] } },
{ "type": "Feature", "properties": { "hex_id": 93, "pop_total": 22.24, "delta_school": 0.0, "base_school": 4.0, "delta_pharmacy": -1.0, "base_pharmacy": 6.0, "delta_university": -1.0, "base_university": 4.0, "delta_mall": 0.0, "base_mall": 4.0, "net_delta": -2.0, "net_delta_n": 4 }, "geometry": { "type": "Polygon", "coordinates": [ [ [ 14.484197, 53.390453 ], [ 14.486124, 53.392775 ], [ 14.490453, 53.392939 ], [ 14.492854, 53.39078 ], [ 14.490927, 53.388458 ], [ 14.486599, 53.388294 ], [ 14.484197, 53.390453 ] ] ] } },
{ "type": "Feature", "properties": { "hex_id": 95, "pop_total": 11.2, "delta_school": 0.0, "base_school": 3.0, "delta_pharmacy": null, "base_pharmacy": 0.0, "delta_university": null, "base_university": 0.0, "delta_mall": null, "base_mall": 0.0, "net_delta": 0.0, "net_delta_n": 1 }, "geometry": { "type": "Polygon", "coordinates": [ [ [ 14.479978, 53.491538 ], [ 14.481909, 53.493861 ], [ 14.486248, 53.494026 ], [ 14.488656, 53.491867 ], [ 14.486725, 53.489544 ], [ 14.482386, 53.48938 ], [ 14.479978, 53.491538 ] ] ] } },
{ "type": "Feature", "properties": { "hex_id": 98, "pop_total": 225.88, "delta_school": 0.0, "base_school": 3.0, "delta_pharmacy": 1.0, "base_pharmacy": 1.0, "delta_university": null, "base_university": 0.0, "delta_mall": null, "base_mall": 0.0, "net_delta": 1.0, "net_delta_n": 2 }, "geometry": { "type": "Polygon", "coordinates": [ [ [ 14.48141, 53.478093 ], [ 14.483341, 53.480416 ], [ 14.487678, 53.48058 ], [ 14.490085, 53.478421 ], [ 14.488155, 53.476099 ], [ 14.483817, 53.475934 ], [ 14.48141, 53.478093 ] ] ] } },
{ "type": "Feature", "properties": { "hex_id": 99, "pop_total": 106.0, "delta_school": 0.0, "base_school": 18.0, "delta_pharmacy": 1.0, "base_pharmacy": 10.0, "delta_university": 4.0, "base_university": 11.0, "delta_mall": 0.0, "base_mall": 1.0, "net_delta": 5.0, "net_delta_n": 4 }, "geometry": { "type": "Polygon", "coordinates": [ [ [ 14.481887, 53.473611 ], [ 14.483817, 53.475934 ], [ 14.488155, 53.476099 ], [ 14.490561, 53.47394 ], [ 14.488631, 53.471617 ], [ 14.484294, 53.471453 ], [ 14.481887, 53.473611 ] ] ] } },
{ "type": "Feature", "properties": { "hex_id": 103, "pop_total": 1883.96, "delta_school": 4.0, "base_school": 31.0, "delta_pharmacy": 0.0, "base_pharmacy": 26.0, "delta_university": 0.0, "base_university": 22.0, "delta_mall": 0.0, "base_mall": 3.0, "net_delta": 4.0, "net_delta_n": 4 }, "geometry": { "type": "Polygon", "coordinates": [ [ [ 14.483794, 53.455684 ], [ 14.485724, 53.458007 ], [ 14.490059, 53.458171 ], [ 14.492465, 53.456013 ], [ 14.490535, 53.45369 ], [ 14.4862, 53.453526 ], [ 14.483794, 53.455684 ] ] ] } },
{ "type": "Feature", "properties": { "hex_id": 104, "pop_total": 1197.27, "delta_school": -1.0, "base_school": 29.0, "delta_pharmacy": 0.0, "base_pharmacy": 24.0, "delta_university": 0.0, "base_university": 21.0, "delta_mall": -1.0, "base_mall": 3.0, "net_delta": -2.0, "net_delta_n": 4 }, "geometry": { "type": "Polygon", "coordinates": [ [ [ 14.484271, 53.451203 ], [ 14.4862, 53.453526 ], [ 14.490535, 53.45369 ], [ 14.49294, 53.451531 ], [ 14.491011, 53.449208 ], [ 14.486676, 53.449044 ], [ 14.484271, 53.451203 ] ] ] } },
{ "type": "Feature", "properties": { "hex_id": 105, "pop_total": 194.12, "delta_school": 1.0, "base_school": 29.0, "delta_pharmacy": 2.0, "base_pharmacy": 24.0, "delta_university": 0.0, "base_university": 21.0, "delta_mall": -1.0, "base_mall": 3.0, "net_delta": 2.0, "net_delta_n": 4 }, "geometry": { "type": "Polygon", "coordinates": [ [ [ 14.484747, 53.446721 ], [ 14.486676, 53.449044 ], [ 14.491011, 53.449208 ], [ 14.493416, 53.447049 ], [ 14.491486, 53.444726 ], [ 14.487152, 53.444562 ], [ 14.484747, 53.446721 ] ] ] } },
{ "type": "Feature", "properties": { "hex_id": 106, "pop_total": 2019.68, "delta_school": 1.0, "base_school": 28.0, "delta_pharmacy": 2.0, "base_pharmacy": 30.0, "delta_university": -2.0, "base_university": 20.0, "delta_mall": 0.0, "base_mall": 2.0, "net_delta": 1.0, "net_delta_n": 4 }, "geometry": { "type": "Polygon", "coordinates": [ [ [ 14.485223, 53.442239 ], [ 14.487152, 53.444562 ], [ 14.491486, 53.444726 ], [ 14.493891, 53.442567 ], [ 14.491962, 53.440244 ], [ 14.487628, 53.44008 ], [ 14.485223, 53.442239 ] ] ] } },
{ "type": "Feature", "properties": { "hex_id": 107, "pop_total": 640.03, "delta_school": 0.0, "base_school": 21.0, "delta_pharmacy": 4.0, "base_pharmacy": 20.0, "delta_university": 0.0, "base_university": 12.0, "delta_mall": 1.0, "base_mall": 1.0, "net_delta": 5.0, "net_delta_n": 4 }, "geometry": { "type": "Polygon", "coordinates": [ [ [ 14.485699, 53.437757 ], [ 14.487628, 53.44008 ], [ 14.491962, 53.440244 ], [ 14.494366, 53.438085 ], [ 14.492437, 53.435762 ], [ 14.488104, 53.435599 ], [ 14.485699, 53.437757 ] ] ] } },
{ "type": "Feature", "properties": { "hex_id": 108, "pop_total": 122.44, "delta_school": 1.0, "base_school": 20.0, "delta_pharmacy": -1.0, "base_pharmacy": 18.0, "delta_university": 2.0, "base_university": 7.0, "delta_mall": 0.0, "base_mall": 2.0, "net_delta": 2.0, "net_delta_n": 4 }, "geometry": { "type": "Polygon", "coordinates": [ [ [ 14.486175, 53.433276 ], [ 14.488104, 53.435599 ], [ 14.492437, 53.435762 ], [ 14.494841, 53.433603 ], [ 14.492912, 53.431281 ], [ 14.488579, 53.431117 ], [ 14.486175, 53.433276 ] ] ] } },
{ "type": "Feature", "properties": { "hex_id": 109, "pop_total": 773.47, "delta_school": 0.0, "base_school": 5.0, "delta_pharmacy": 0.0, "base_pharmacy": 7.0, "delta_university": null, "base_university": 0.0, "delta_mall": 0.0, "base_mall": 1.0, "net_delta": 0.0, "net_delta_n": 3 }, "geometry": { "type": "Polygon", "coordinates": [ [ [ 14.486651, 53.428794 ], [ 14.488579, 53.431117 ], [ 14.492912, 53.431281 ], [ 14.495316, 53.429122 ], [ 14.493387, 53.426799 ], [ 14.489055, 53.426635 ], [ 14.486651, 53.428794 ] ] ] } },
{ "type": "Feature", "properties": { "hex_id": 110, "pop_total": 1664.91, "delta_school": -1.0, "base_school": 12.0, "delta_pharmacy": 1.0, "base_pharmacy": 30.0, "delta_university": -3.0, "base_university": 16.0, "delta_mall": 0.0, "base_mall": 5.0, "net_delta": -3.0, "net_delta_n": 4 }, "geometry": { "type": "Polygon", "coordinates": [ [ [ 14.487127, 53.424312 ], [ 14.489055, 53.426635 ], [ 14.493387, 53.426799 ], [ 14.495791, 53.42464 ], [ 14.493862, 53.422317 ], [ 14.48953, 53.422153 ], [ 14.487127, 53.424312 ] ] ] } },
{ "type": "Feature", "properties": { "hex_id": 111, "pop_total": 933.89, "delta_school": 7.0, "base_school": 14.0, "delta_pharmacy": -1.0, "base_pharmacy": 38.0, "delta_university": 3.0, "base_university": 20.0, "delta_mall": 0.0, "base_mall": 7.0, "net_delta": 9.0, "net_delta_n": 4 }, "geometry": { "type": "Polygon", "coordinates": [ [ [ 14.487602, 53.41983 ], [ 14.48953, 53.422153 ], [ 14.493862, 53.422317 ], [ 14.496265, 53.420158 ], [ 14.494337, 53.417835 ], [ 14.490006, 53.417671 ], [ 14.487602, 53.41983 ] ] ] } },
{ "type": "Feature", "properties": { "hex_id": 112, "pop_total": 817.1, "delta_school": 1.0, "base_school": 7.0, "delta_pharmacy": 2.0, "base_pharmacy": 16.0, "delta_university": 1.0, "base_university": 3.0, "delta_mall": 0.0, "base_mall": 4.0, "net_delta": 4.0, "net_delta_n": 4 }, "geometry": { "type": "Polygon", "coordinates": [ [ [ 14.488078, 53.415348 ], [ 14.490006, 53.417671 ], [ 14.494337, 53.417835 ], [ 14.49674, 53.415676 ], [ 14.494812, 53.413353 ], [ 14.490481, 53.41319 ], [ 14.488078, 53.415348 ] ] ] } },
{ "type": "Feature", "properties": { "hex_id": 113, "pop_total": 1018.71, "delta_school": 0.0, "base_school": 4.0, "delta_pharmacy": 0.0, "base_pharmacy": 5.0, "delta_university": 0.0, "base_university": 2.0, "delta_mall": null, "base_mall": 0.0, "net_delta": 0.0, "net_delta_n": 3 }, "geometry": { "type": "Polygon", "coordinates": [ [ [ 14.488553, 53.410867 ], [ 14.490481, 53.41319 ], [ 14.494812, 53.413353 ], [ 14.497214, 53.411194 ], [ 14.495286, 53.408871 ], [ 14.490956, 53.408708 ], [ 14.488553, 53.410867 ] ] ] } },
{ "type": "Feature", "properties": { "hex_id": 114, "pop_total": 1082.5, "delta_school": 0.0, "base_school": 5.0, "delta_pharmacy": 0.0, "base_pharmacy": 11.0, "delta_university": -1.0, "base_university": 13.0, "delta_mall": -1.0, "base_mall": 6.0, "net_delta": -2.0, "net_delta_n": 4 }, "geometry": { "type": "Polygon", "coordinates": [ [ [ 14.489028, 53.406385 ], [ 14.490956, 53.408708 ], [ 14.495286, 53.408871 ], [ 14.497688, 53.406712 ], [ 14.495761, 53.40439 ], [ 14.491431, 53.404226 ], [ 14.489028, 53.406385 ] ] ] } },
{ "type": "Feature", "properties": { "hex_id": 115, "pop_total": 74.28, "delta_school": 0.0, "base_school": 1.0, "delta_pharmacy": 0.0, "base_pharmacy": 6.0, "delta_university": -3.0, "base_university": 9.0, "delta_mall": 0.0, "base_mall": 5.0, "net_delta": -3.0, "net_delta_n": 4 }, "geometry": { "type": "Polygon", "coordinates": [ [ [ 14.489503, 53.401903 ], [ 14.491431, 53.404226 ], [ 14.495761, 53.40439 ], [ 14.498163, 53.40223 ], [ 14.496235, 53.399908 ], [ 14.491905, 53.399744 ], [ 14.489503, 53.401903 ] ] ] } },
{ "type": "Feature", "properties": { "hex_id": 116, "pop_total": 975.48, "delta_school": 1.0, "base_school": 19.0, "delta_pharmacy": 2.0, "base_pharmacy": 27.0, "delta_university": 0.0, "base_university": 22.0, "delta_mall": 0.0, "base_mall": 8.0, "net_delta": 3.0, "net_delta_n": 4 }, "geometry": { "type": "Polygon", "coordinates": [ [ [ 14.489978, 53.397421 ], [ 14.491905, 53.399744 ], [ 14.496235, 53.399908 ], [ 14.498637, 53.397749 ], [ 14.496709, 53.395426 ], [ 14.49238, 53.395262 ], [ 14.489978, 53.397421 ] ] ] } },
{ "type": "Feature", "properties": { "hex_id": 117, "pop_total": 683.8, "delta_school": 0.0, "base_school": 5.0, "delta_pharmacy": -1.0, "base_pharmacy": 13.0, "delta_university": -1.0, "base_university": 18.0, "delta_mall": 0.0, "base_mall": 7.0, "net_delta": -2.0, "net_delta_n": 4 }, "geometry": { "type": "Polygon", "coordinates": [ [ [ 14.490453, 53.392939 ], [ 14.49238, 53.395262 ], [ 14.496709, 53.395426 ], [ 14.49911, 53.393267 ], [ 14.497183, 53.390944 ], [ 14.492854, 53.39078 ], [ 14.490453, 53.392939 ] ] ] } },
{ "type": "Feature", "properties": { "hex_id": 118, "pop_total": 0.64, "delta_school": 0.0, "base_school": 1.0, "delta_pharmacy": null, "base_pharmacy": 0.0, "delta_university": null, "base_university": 0.0, "delta_mall": null, "base_mall": 0.0, "net_delta": 0.0, "net_delta_n": 1 }, "geometry": { "type": "Polygon", "coordinates": [ [ [ 14.486248, 53.494026 ], [ 14.488179, 53.496348 ], [ 14.492519, 53.496513 ], [ 14.494926, 53.494354 ], [ 14.492995, 53.492031 ], [ 14.488656, 53.491867 ], [ 14.486248, 53.494026 ] ] ] } },
{ "type": "Feature", "properties": { "hex_id": 121, "pop_total": 8.9, "delta_school": 0.0, "base_school": 2.0, "delta_pharmacy": null, "base_pharmacy": 0.0, "delta_university": null, "base_university": 0.0, "delta_mall": null, "base_mall": 0.0, "net_delta": 0.0, "net_delta_n": 1 }, "geometry": { "type": "Polygon", "coordinates": [ [ [ 14.487678, 53.48058 ], [ 14.489609, 53.482903 ], [ 14.493947, 53.483067 ], [ 14.496354, 53.480908 ], [ 14.494423, 53.478585 ], [ 14.490085, 53.478421 ], [ 14.487678, 53.48058 ] ] ] } },
{ "type": "Feature", "properties": { "hex_id": 123, "pop_total": 4.45, "delta_school": 0.0, "base_school": 2.0, "delta_pharmacy": 0.0, "base_pharmacy": 3.0, "delta_university": null, "base_university": 0.0, "delta_mall": null, "base_mall": 0.0, "net_delta": 0.0, "net_delta_n": 2 }, "geometry": { "type": "Polygon", "coordinates": [ [ [ 14.488631, 53.471617 ], [ 14.490561, 53.47394 ], [ 14.494899, 53.474104 ], [ 14.497305, 53.471945 ], [ 14.495374, 53.469622 ], [ 14.491037, 53.469458 ], [ 14.488631, 53.471617 ] ] ] } },
{ "type": "Feature", "properties": { "hex_id": 126, "pop_total": 809.52, "delta_school": 2.0, "base_school": 32.0, "delta_pharmacy": 1.0, "base_pharmacy": 28.0, "delta_university": 0.0, "base_university": 22.0, "delta_mall": 0.0, "base_mall": 3.0, "net_delta": 3.0, "net_delta_n": 4 }, "geometry": { "type": "Polygon", "coordinates": [ [ [ 14.490059, 53.458171 ], [ 14.491989, 53.460494 ], [ 14.496325, 53.460658 ], [ 14.49873, 53.458499 ], [ 14.4968, 53.456176 ], [ 14.492465, 53.456013 ], [ 14.490059, 53.458171 ] ] ] } },
{ "type": "Feature", "properties": { "hex_id": 127, "pop_total": 4433.82, "delta_school": 1.0, "base_school": 24.0, "delta_pharmacy": 0.0, "base_pharmacy": 24.0, "delta_university": 4.0, "base_university": 16.0, "delta_mall": 0.0, "base_mall": 3.0, "net_delta": 5.0, "net_delta_n": 4 }, "geometry": { "type": "Polygon", "coordinates": [ [ [ 14.490535, 53.45369 ], [ 14.492465, 53.456013 ], [ 14.4968, 53.456176 ], [ 14.499205, 53.454017 ], [ 14.497275, 53.451695 ], [ 14.49294, 53.451531 ], [ 14.490535, 53.45369 ] ] ] } },
{ "type": "Feature", "properties": { "hex_id": 128, "pop_total": 471.09, "delta_school": 3.0, "base_school": 38.0, "delta_pharmacy": 4.0, "base_pharmacy": 42.0, "delta_university": 0.0, "base_university": 24.0, "delta_mall": 0.0, "base_mall": 5.0, "net_delta": 7.0, "net_delta_n": 4 }, "geometry": { "type": "Polygon", "coordinates": [ [ [ 14.491011, 53.449208 ], [ 14.49294, 53.451531 ], [ 14.497275, 53.451695 ], [ 14.49968, 53.449535 ], [ 14.49775, 53.447213 ], [ 14.493416, 53.447049 ], [ 14.491011, 53.449208 ] ] ] } },
{ "type": "Feature", "properties": { "hex_id": 129, "pop_total": 558.15, "delta_school": -1.0, "base_school": 44.0, "delta_pharmacy": -2.0, "base_pharmacy": 59.0, "delta_university": 0.0, "base_university": 34.0, "delta_mall": 0.0, "base_mall": 7.0, "net_delta": -3.0, "net_delta_n": 4 }, "geometry": { "type": "Polygon", "coordinates": [ [ [ 14.491486, 53.444726 ], [ 14.493416, 53.447049 ], [ 14.49775, 53.447213 ], [ 14.500155, 53.445054 ], [ 14.498225, 53.442731 ], [ 14.493891, 53.442567 ], [ 14.491486, 53.444726 ] ] ] } },
{ "type": "Feature", "properties": { "hex_id": 130, "pop_total": 2678.65, "delta_school": 0.0, "base_school": 34.0, "delta_pharmacy": 5.0, "base_pharmacy": 40.0, "delta_university": 2.0, "base_university": 22.0, "delta_mall": 1.0, "base_mall": 5.0, "net_delta": 8.0, "net_delta_n": 4 }, "geometry": { "type": "Polygon", "coordinates": [ [ [ 14.491962, 53.440244 ], [ 14.493891, 53.442567 ], [ 14.498225, 53.442731 ], [ 14.500629, 53.440572 ], [ 14.4987, 53.438249 ], [ 14.494366, 53.438085 ], [ 14.491962, 53.440244 ] ] ] } },
{ "type": "Feature", "properties": { "hex_id": 131, "pop_total": 1461.75, "delta_school": 4.0, "base_school": 41.0, "delta_pharmacy": -1.0, "base_pharmacy": 63.0, "delta_university": 1.0, "base_university": 35.0, "delta_mall": 1.0, "base_mall": 7.0, "net_delta": 5.0, "net_delta_n": 4 }, "geometry": { "type": "Polygon", "coordinates": [ [ [ 14.492437, 53.435762 ], [ 14.494366, 53.438085 ], [ 14.4987, 53.438249 ], [ 14.501104, 53.43609 ], [ 14.499174, 53.433767 ], [ 14.494841, 53.433603 ], [ 14.492437, 53.435762 ] ] ] } },
{ "type": "Feature", "properties": { "hex_id": 133, "pop_total": 679.95, "delta_school": -1.0, "base_school": 25.0, "delta_pharmacy": 1.0, "base_pharmacy": 32.0, "delta_university": -2.0, "base_university": 22.0, "delta_mall": -1.0, "base_mall": 5.0, "net_delta": -3.0, "net_delta_n": 4 }, "geometry": { "type": "Polygon", "coordinates": [ [ [ 14.493387, 53.426799 ], [ 14.495316, 53.429122 ], [ 14.499649, 53.429285 ], [ 14.502052, 53.427126 ], [ 14.500123, 53.424803 ], [ 14.495791, 53.42464 ], [ 14.493387, 53.426799 ] ] ] } },
{ "type": "Feature", "properties": { "hex_id": 134, "pop_total": 597.19, "delta_school": 3.0, "base_school": 26.0, "delta_pharmacy": 0.0, "base_pharmacy": 51.0, "delta_university": 1.0, "base_university": 32.0, "delta_mall": 1.0, "base_mall": 9.0, "net_delta": 5.0, "net_delta_n": 4 }, "geometry": { "type": "Polygon", "coordinates": [ [ [ 14.493862, 53.422317 ], [ 14.495791, 53.42464 ], [ 14.500123, 53.424803 ], [ 14.502526, 53.422644 ], [ 14.500597, 53.420322 ], [ 14.496265, 53.420158 ], [ 14.493862, 53.422317 ] ] ] } },
{ "type": "Feature", "properties": { "hex_id": 135, "pop_total": 537.45, "delta_school": 2.0, "base_school": 18.0, "delta_pharmacy": 1.0, "base_pharmacy": 34.0, "delta_university": 4.0, "base_university": 16.0, "delta_mall": 2.0, "base_mall": 5.0, "net_delta": 9.0, "net_delta_n": 4 }, "geometry": { "type": "Polygon", "coordinates": [ [ [ 14.494337, 53.417835 ], [ 14.496265, 53.420158 ], [ 14.500597, 53.420322 ], [ 14.503, 53.418162 ], [ 14.501071, 53.41584 ], [ 14.49674, 53.415676 ], [ 14.494337, 53.417835 ] ] ] } },
{ "type": "Feature", "properties": { "hex_id": 136, "pop_total": 819.81, "delta_school": 4.0, "base_school": 17.0, "delta_pharmacy": 5.0, "base_pharmacy": 22.0, "delta_university": 0.0, "base_university": 15.0, "delta_mall": 0.0, "base_mall": 4.0, "net_delta": 9.0, "net_delta_n": 4 }, "geometry": { "type": "Polygon", "coordinates": [ [ [ 14.494812, 53.413353 ], [ 14.49674, 53.415676 ], [ 14.501071, 53.41584 ], [ 14.503474, 53.41368 ], [ 14.501545, 53.411358 ], [ 14.497214, 53.411194 ], [ 14.494812, 53.413353 ] ] ] } },
{ "type": "Feature", "properties": { "hex_id": 137, "pop_total": 1088.06, "delta_school": -1.0, "base_school": 9.0, "delta_pharmacy": 0.0, "base_pharmacy": 16.0, "delta_university": 2.0, "base_university": 14.0, "delta_mall": -3.0, "base_mall": 7.0, "net_delta": -2.0, "net_delta_n": 4 }, "geometry": { "type": "Polygon", "coordinates": [ [ [ 14.495286, 53.408871 ], [ 14.497214, 53.411194 ], [ 14.501545, 53.411358 ], [ 14.503947, 53.409199 ], [ 14.502019, 53.406876 ], [ 14.497688, 53.406712 ], [ 14.495286, 53.408871 ] ] ] } },
{ "type": "Feature", "properties": { "hex_id": 138, "pop_total": 2371.57, "delta_school": -2.0, "base_school": 22.0, "delta_pharmacy": -2.0, "base_pharmacy": 31.0, "delta_university": 0.0, "base_university": 22.0, "delta_mall": -1.0, "base_mall": 9.0, "net_delta": -5.0, "net_delta_n": 4 }, "geometry": { "type": "Polygon", "coordinates": [ [ [ 14.495761, 53.40439 ], [ 14.497688, 53.406712 ], [ 14.502019, 53.406876 ], [ 14.504421, 53.404717 ], [ 14.502492, 53.402394 ], [ 14.498163, 53.40223 ], [ 14.495761, 53.40439 ] ] ] } },
{ "type": "Feature", "properties": { "hex_id": 139, "pop_total": 704.75, "delta_school": 0.0, "base_school": 1.0, "delta_pharmacy": 0.0, "base_pharmacy": 7.0, "delta_university": 0.0, "base_university": 5.0, "delta_mall": -2.0, "base_mall": 5.0, "net_delta": -2.0, "net_delta_n": 4 }, "geometry": { "type": "Polygon", "coordinates": [ [ [ 14.496235, 53.399908 ], [ 14.498163, 53.40223 ], [ 14.502492, 53.402394 ], [ 14.504894, 53.400235 ], [ 14.502966, 53.397912 ], [ 14.498637, 53.397749 ], [ 14.496235, 53.399908 ] ] ] } },
{ "type": "Feature", "properties": { "hex_id": 150, "pop_total": 804.85, "delta_school": 2.0, "base_school": 35.0, "delta_pharmacy": 0.0, "base_pharmacy": 31.0, "delta_university": 0.0, "base_university": 22.0, "delta_mall": 0.0, "base_mall": 3.0, "net_delta": 2.0, "net_delta_n": 4 }, "geometry": { "type": "Polygon", "coordinates": [ [ [ 14.4968, 53.456176 ], [ 14.49873, 53.458499 ], [ 14.503066, 53.458663 ], [ 14.505471, 53.456503 ], [ 14.50354, 53.454181 ], [ 14.499205, 53.454017 ], [ 14.4968, 53.456176 ] ] ] } },
{ "type": "Feature", "properties": { "hex_id": 151, "pop_total": 2642.65, "delta_school": -4.0, "base_school": 42.0, "delta_pharmacy": -2.0, "base_pharmacy": 43.0, "delta_university": 0.0, "base_university": 24.0, "delta_mall": 0.0, "base_mall": 4.0, "net_delta": -6.0, "net_delta_n": 4 }, "geometry": { "type": "Polygon", "coordinates": [ [ [ 14.497275, 53.451695 ], [ 14.499205, 53.454017 ], [ 14.50354, 53.454181 ], [ 14.505945, 53.452022 ], [ 14.504015, 53.449699 ], [ 14.49968, 53.449535 ], [ 14.497275, 53.451695 ] ] ] } },
{ "type": "Feature", "properties": { "hex_id": 152, "pop_total": 1927.57, "delta_school": 0.0, "base_school": 25.0, "delta_pharmacy": -1.0, "base_pharmacy": 17.0, "delta_university": 0.0, "base_university": 21.0, "delta_mall": null, "base_mall": 0.0, "net_delta": -1.0, "net_delta_n": 3 }, "geometry": { "type": "Polygon", "coordinates": [ [ [ 14.49775, 53.447213 ], [ 14.49968, 53.449535 ], [ 14.504015, 53.449699 ], [ 14.506419, 53.44754 ], [ 14.504489, 53.445217 ], [ 14.500155, 53.445054 ], [ 14.49775, 53.447213 ] ] ] } },
{ "type": "Feature", "properties": { "hex_id": 153, "pop_total": 1855.69, "delta_school": -2.0, "base_school": 44.0, "delta_pharmacy": 1.0, "base_pharmacy": 52.0, "delta_university": 1.0, "base_university": 35.0, "delta_mall": 0.0, "base_mall": 6.0, "net_delta": 0.0, "net_delta_n": 4 }, "geometry": { "type": "Polygon", "coordinates": [ [ [ 14.498225, 53.442731 ], [ 14.500155, 53.445054 ], [ 14.504489, 53.445217 ], [ 14.506893, 53.443058 ], [ 14.504963, 53.440735 ], [ 14.500629, 53.440572 ], [ 14.498225, 53.442731 ] ] ] } },
{ "type": "Feature", "properties": { "hex_id": 154, "pop_total": 1541.76, "delta_school": 0.0, "base_school": 29.0, "delta_pharmacy": 2.0, "base_pharmacy": 31.0, "delta_university": 1.0, "base_university": 21.0, "delta_mall": 1.0, "base_mall": 3.0, "net_delta": 4.0, "net_delta_n": 4 }, "geometry": { "type": "Polygon", "coordinates": [ [ [ 14.4987, 53.438249 ], [ 14.500629, 53.440572 ], [ 14.504963, 53.440735 ], [ 14.507367, 53.438576 ], [ 14.505437, 53.436253 ], [ 14.501104, 53.43609 ], [ 14.4987, 53.438249 ] ] ] } },
{ "type": "Feature", "properties": { "hex_id": 155, "pop_total": 2631.99, "delta_school": 0.0, "base_school": 48.0, "delta_pharmacy": 0.0, "base_pharmacy": 65.0, "delta_university": 4.0, "base_university": 37.0, "delta_mall": 1.0, "base_mall": 10.0, "net_delta": 5.0, "net_delta_n": 4 }, "geometry": { "type": "Polygon", "coordinates": [ [ [ 14.499174, 53.433767 ], [ 14.501104, 53.43609 ], [ 14.505437, 53.436253 ], [ 14.50784, 53.434094 ], [ 14.505911, 53.431771 ], [ 14.501578, 53.431608 ], [ 14.499174, 53.433767 ] ] ] } },
{ "type": "Feature", "properties": { "hex_id": 156, "pop_total": 3529.31, "delta_school": 1.0, "base_school": 30.0, "delta_pharmacy": -2.0, "base_pharmacy": 47.0, "delta_university": -1.0, "base_university": 25.0, "delta_mall": 0.0, "base_mall": 5.0, "net_delta": -2.0, "net_delta_n": 4 }, "geometry": { "type": "Polygon", "coordinates": [ [ [ 14.499649, 53.429285 ], [ 14.501578, 53.431608 ], [ 14.505911, 53.431771 ], [ 14.508314, 53.429612 ], [ 14.506384, 53.427289 ], [ 14.502052, 53.427126 ], [ 14.499649, 53.429285 ] ] ] } },
{ "type": "Feature", "properties": { "hex_id": 157, "pop_total": 299.26, "delta_school": 1.0, "base_school": 13.0, "delta_pharmacy": -2.0, "base_pharmacy": 25.0, "delta_university": 2.0, "base_university": 5.0, "delta_mall": 0.0, "base_mall": 1.0, "net_delta": 1.0, "net_delta_n": 4 }, "geometry": { "type": "Polygon", "coordinates": [ [ [ 14.500123, 53.424803 ], [ 14.502052, 53.427126 ], [ 14.506384, 53.427289 ], [ 14.508787, 53.42513 ], [ 14.506858, 53.422808 ], [ 14.502526, 53.422644 ], [ 14.500123, 53.424803 ] ] ] } },
{ "type": "Feature", "properties": { "hex_id": 158, "pop_total": 85.08, "delta_school": 2.0, "base_school": 18.0, "delta_pharmacy": -2.0, "base_pharmacy": 37.0, "delta_university": 0.0, "base_university": 21.0, "delta_mall": -1.0, "base_mall": 7.0, "net_delta": -1.0, "net_delta_n": 4 }, "geometry": { "type": "Polygon", "coordinates": [ [ [ 14.500597, 53.420322 ], [ 14.502526, 53.422644 ], [ 14.506858, 53.422808 ], [ 14.509261, 53.420648 ], [ 14.507331, 53.418326 ], [ 14.503, 53.418162 ], [ 14.500597, 53.420322 ] ] ] } },
{ "type": "Feature", "properties": { "hex_id": 160, "pop_total": 143.71, "delta_school": 1.0, "base_school": 13.0, "delta_pharmacy": 0.0, "base_pharmacy": 18.0, "delta_university": 1.0, "base_university": 18.0, "delta_mall": 0.0, "base_mall": 5.0, "net_delta": 2.0, "net_delta_n": 4 }, "geometry": { "type": "Polygon", "coordinates": [ [ [ 14.501545, 53.411358 ], [ 14.503474, 53.41368 ], [ 14.507805, 53.413844 ], [ 14.510207, 53.411684 ], [ 14.508278, 53.409362 ], [ 14.503947, 53.409199 ], [ 14.501545, 53.411358 ] ] ] } },
{ "type": "Feature", "properties": { "hex_id": 161, "pop_total": 531.17, "delta_school": 2.0, "base_school": 34.0, "delta_pharmacy": 1.0, "base_pharmacy": 55.0, "delta_university": 0.0, "base_university": 27.0, "delta_mall": 0.0, "base_mall": 12.0, "net_delta": 3.0, "net_delta_n": 4 }, "geometry": { "type": "Polygon", "coordinates": [ [ [ 14.502019, 53.406876 ], [ 14.503947, 53.409199 ], [ 14.508278, 53.409362 ], [ 14.51068, 53.407202 ], [ 14.508751, 53.40488 ], [ 14.504421, 53.404717 ], [ 14.502019, 53.406876 ] ] ] } },
{ "type": "Feature", "properties": { "hex_id": 162, "pop_total": 228.09, "delta_school": 0.0, "base_school": 1.0, "delta_pharmacy": 0.0, "base_pharmacy": 6.0, "delta_university": -4.0, "base_university": 9.0, "delta_mall": 0.0, "base_mall": 3.0, "net_delta": -4.0, "net_delta_n": 4 }, "geometry": { "type": "Polygon", "coordinates": [ [ [ 14.502492, 53.402394 ], [ 14.504421, 53.404717 ], [ 14.508751, 53.40488 ], [ 14.511152, 53.40272 ], [ 14.509224, 53.400398 ], [ 14.504894, 53.400235 ], [ 14.502492, 53.402394 ] ] ] } },
{ "type": "Feature", "properties": { "hex_id": 173, "pop_total": 50.38, "delta_school": 1.0, "base_school": 25.0, "delta_pharmacy": 5.0, "base_pharmacy": 13.0, "delta_university": 3.0, "base_university": 15.0, "delta_mall": null, "base_mall": 0.0, "net_delta": 9.0, "net_delta_n": 3 }, "geometry": { "type": "Polygon", "coordinates": [ [ [ 14.503066, 53.458663 ], [ 14.504997, 53.460985 ], [ 14.509332, 53.461149 ], [ 14.511737, 53.458989 ], [ 14.509806, 53.456667 ], [ 14.505471, 53.456503 ], [ 14.503066, 53.458663 ] ] ] } },
{ "type": "Feature", "properties": { "hex_id": 174, "pop_total": 167.31, "delta_school": 0.0, "base_school": 39.0, "delta_pharmacy": 7.0, "base_pharmacy": 36.0, "delta_university": 1.0, "base_university": 23.0, "delta_mall": 1.0, "base_mall": 1.0, "net_delta": 9.0, "net_delta_n": 4 }, "geometry": { "type": "Polygon", "coordinates": [ [ [ 14.50354, 53.454181 ], [ 14.505471, 53.456503 ], [ 14.509806, 53.456667 ], [ 14.512211, 53.454507 ], [ 14.51028, 53.452185 ], [ 14.505945, 53.452022 ], [ 14.50354, 53.454181 ] ] ] } },
{ "type": "Feature", "properties": { "hex_id": 175, "pop_total": 487.55, "delta_school": -1.0, "base_school": 35.0, "delta_pharmacy": 1.0, "base_pharmacy": 31.0, "delta_university": -1.0, "base_university": 22.0, "delta_mall": 1.0, "base_mall": 2.0, "net_delta": 0.0, "net_delta_n": 4 }, "geometry": { "type": "Polygon", "coordinates": [ [ [ 14.504015, 53.449699 ], [ 14.505945, 53.452022 ], [ 14.51028, 53.452185 ], [ 14.512684, 53.450026 ], [ 14.510754, 53.447703 ], [ 14.506419, 53.44754 ], [ 14.504015, 53.449699 ] ] ] } },
{ "type": "Feature", "properties": { "hex_id": 176, "pop_total": 880.95, "delta_school": -3.0, "base_school": 33.0, "delta_pharmacy": -1.0, "base_pharmacy": 29.0, "delta_university": 0.0, "base_university": 20.0, "delta_mall": 1.0, "base_mall": 2.0, "net_delta": -3.0, "net_delta_n": 4 }, "geometry": { "type": "Polygon", "coordinates": [ [ [ 14.504489, 53.445217 ], [ 14.506419, 53.44754 ], [ 14.510754, 53.447703 ], [ 14.513157, 53.445544 ], [ 14.511227, 53.443221 ], [ 14.506893, 53.443058 ], [ 14.504489, 53.445217 ] ] ] } },
{ "type": "Feature", "properties": { "hex_id": 177, "pop_total": 1506.33, "delta_school": 1.0, "base_school": 38.0, "delta_pharmacy": 2.0, "base_pharmacy": 42.0, "delta_university": 4.0, "base_university": 27.0, "delta_mall": 2.0, "base_mall": 4.0, "net_delta": 9.0, "net_delta_n": 4 }, "geometry": { "type": "Polygon", "coordinates": [ [ [ 14.504963, 53.440735 ], [ 14.506893, 53.443058 ], [ 14.511227, 53.443221 ], [ 14.513631, 53.441062 ], [ 14.5117, 53.438739 ], [ 14.507367, 53.438576 ], [ 14.504963, 53.440735 ] ] ] } },
{ "type": "Feature", "properties": { "hex_id": 178, "pop_total": 1465.88, "delta_school": -2.0, "base_school": 31.0, "delta_pharmacy": 0.0, "base_pharmacy": 30.0, "delta_university": 1.0, "base_university": 19.0, "delta_mall": 0.0, "base_mall": 2.0, "net_delta": -1.0, "net_delta_n": 4 }, "geometry": { "type": "Polygon", "coordinates": [ [ [ 14.505437, 53.436253 ], [ 14.507367, 53.438576 ], [ 14.5117, 53.438739 ], [ 14.514104, 53.43658 ], [ 14.512174, 53.434257 ], [ 14.50784, 53.434094 ], [ 14.505437, 53.436253 ] ] ] } },
{ "type": "Feature", "properties": { "hex_id": 179, "pop_total": 2992.85, "delta_school": 3.0, "base_school": 47.0, "delta_pharmacy": 1.0, "base_pharmacy": 58.0, "delta_university": 1.0, "base_university": 42.0, "delta_mall": 1.0, "base_mall": 7.0, "net_delta": 6.0, "net_delta_n": 4 }, "geometry": { "type": "Polygon", "coordinates": [ [ [ 14.505911, 53.431771 ], [ 14.50784, 53.434094 ], [ 14.512174, 53.434257 ], [ 14.514577, 53.432098 ], [ 14.512647, 53.429775 ], [ 14.508314, 53.429612 ], [ 14.505911, 53.431771 ] ] ] } },
{ "type": "Feature", "properties": { "hex_id": 180, "pop_total": 382.66, "delta_school": -5.0, "base_school": 22.0, "delta_pharmacy": -4.0, "base_pharmacy": 36.0, "delta_university": -2.0, "base_university": 18.0, "delta_mall": 0.0, "base_mall": 4.0, "net_delta": -11.0, "net_delta_n": 4 }, "geometry": { "type": "Polygon", "coordinates": [ [ [ 14.506384, 53.427289 ], [ 14.508314, 53.429612 ], [ 14.512647, 53.429775 ], [ 14.515049, 53.427616 ], [ 14.51312, 53.425293 ], [ 14.508787, 53.42513 ], [ 14.506384, 53.427289 ] ] ] } },
{ "type": "Feature", "properties": { "hex_id": 181, "pop_total": 991.57, "delta_school": 2.0, "base_school": 23.0, "delta_pharmacy": 2.0, "base_pharmacy": 38.0, "delta_university": 3.0, "base_university": 29.0, "delta_mall": 0.0, "base_mall": 7.0, "net_delta": 7.0, "net_delta_n": 4 }, "geometry": { "type": "Polygon", "coordinates": [ [ [ 14.506858, 53.422808 ], [ 14.508787, 53.42513 ], [ 14.51312, 53.425293 ], [ 14.515522, 53.423134 ], [ 14.513592, 53.420811 ], [ 14.509261, 53.420648 ], [ 14.506858, 53.422808 ] ] ] } },
{ "type": "Feature", "properties": { "hex_id": 184, "pop_total": 13.23, "delta_school": 2.0, "base_school": 24.0, "delta_pharmacy": 2.0, "base_pharmacy": 44.0, "delta_university": 2.0, "base_university": 23.0, "delta_mall": 0.0, "base_mall": 11.0, "net_delta": 6.0, "net_delta_n": 4 }, "geometry": { "type": "Polygon", "coordinates": [ [ [ 14.508278, 53.409362 ], [ 14.510207, 53.411684 ], [ 14.514538, 53.411847 ], [ 14.516939, 53.409688 ], [ 14.51501, 53.407365 ], [ 14.51068, 53.407202 ], [ 14.508278, 53.409362 ] ] ] } },
{ "type": "Feature", "properties": { "hex_id": 185, "pop_total": 55.46, "delta_school": -3.0, "base_school": 13.0, "delta_pharmacy": -1.0, "base_pharmacy": 16.0, "delta_university": 0.0, "base_university": 22.0, "delta_mall": -1.0, "base_mall": 7.0, "net_delta": -5.0, "net_delta_n": 4 }, "geometry": { "type": "Polygon", "coordinates": [ [ [ 14.508751, 53.40488 ], [ 14.51068, 53.407202 ], [ 14.51501, 53.407365 ], [ 14.517411, 53.405206 ], [ 14.515482, 53.402883 ], [ 14.511152, 53.40272 ], [ 14.508751, 53.40488 ] ] ] } },
{ "type": "Feature", "properties": { "hex_id": 187, "pop_total": 186.77, "delta_school": 0.0, "base_school": 2.0, "delta_pharmacy": -2.0, "base_pharmacy": 4.0, "delta_university": null, "base_university": 0.0, "delta_mall": 0.0, "base_mall": 1.0, "net_delta": -2.0, "net_delta_n": 3 }, "geometry": { "type": "Polygon", "coordinates": [ [ [ 14.509697, 53.395916 ], [ 14.511625, 53.398239 ], [ 14.515955, 53.398401 ], [ 14.518355, 53.396242 ], [ 14.516427, 53.39392 ], [ 14.512097, 53.393757 ], [ 14.509697, 53.395916 ] ] ] } },
{ "type": "Feature", "properties": { "hex_id": 188, "pop_total": 162.22, "delta_school": 0.0, "base_school": 2.0, "delta_pharmacy": 0.0, "base_pharmacy": 2.0, "delta_university": null, "base_university": 0.0, "delta_mall": 0.0, "base_mall": 1.0, "net_delta": 0.0, "net_delta_n": 3 }, "geometry": { "type": "Polygon", "coordinates": [ [ [ 14.510169, 53.391434 ], [ 14.512097, 53.393757 ], [ 14.516427, 53.39392 ], [ 14.518827, 53.39176 ], [ 14.516899, 53.389438 ], [ 14.51257, 53.389275 ], [ 14.510169, 53.391434 ] ] ] } },
{ "type": "Feature", "properties": { "hex_id": 189, "pop_total": 165.38, "delta_school": 0.0, "base_school": 4.0, "delta_pharmacy": 0.0, "base_pharmacy": 7.0, "delta_university": 0.0, "base_university": 5.0, "delta_mall": 0.0, "base_mall": 4.0, "net_delta": 0.0, "net_delta_n": 4 }, "geometry": { "type": "Polygon", "coordinates": [ [ [ 14.510642, 53.386952 ], [ 14.51257, 53.389275 ], [ 14.516899, 53.389438 ], [ 14.519299, 53.387278 ], [ 14.51737, 53.384955 ], [ 14.513042, 53.384793 ], [ 14.510642, 53.386952 ] ] ] } },
{ "type": "Feature", "properties": { "hex_id": 193, "pop_total": 3.24, "delta_school": null, "base_school": 0.0, "delta_pharmacy": null, "base_pharmacy": 0.0, "delta_university": null, "base_university": 0.0, "delta_mall": null, "base_mall": 0.0, "net_delta": null, "net_delta_n": 0 }, "geometry": { "type": "Polygon", "coordinates": [ [ [ 14.506961, 53.483558 ], [ 14.508893, 53.485881 ], [ 14.513232, 53.486044 ], [ 14.515638, 53.483885 ], [ 14.513706, 53.481562 ], [ 14.509368, 53.481399 ], [ 14.506961, 53.483558 ] ] ] } },
{ "type": "Feature", "properties": { "hex_id": 194, "pop_total": 310.58, "delta_school": -1.0, "base_school": 2.0, "delta_pharmacy": -1.0, "base_pharmacy": 4.0, "delta_university": null, "base_university": 0.0, "delta_mall": 0.0, "base_mall": 1.0, "net_delta": -2.0, "net_delta_n": 3 }, "geometry": { "type": "Polygon", "coordinates": [ [ [ 14.507436, 53.479076 ], [ 14.509368, 53.481399 ], [ 14.513706, 53.481562 ], [ 14.516111, 53.479403 ], [ 14.514179, 53.47708 ], [ 14.509842, 53.476917 ], [ 14.507436, 53.479076 ] ] ] } },
{ "type": "Feature", "properties": { "hex_id": 195, "pop_total": 575.67, "delta_school": null, "base_school": 0.0, "delta_pharmacy": 0.0, "base_pharmacy": 1.0, "delta_university": null, "base_university": 0.0, "delta_mall": null, "base_mall": 0.0, "net_delta": 0.0, "net_delta_n": 1 }, "geometry": { "type": "Polygon", "coordinates": [ [ [ 14.50791, 53.474594 ], [ 14.509842, 53.476917 ], [ 14.514179, 53.47708 ], [ 14.516585, 53.474921 ], [ 14.514653, 53.472598 ], [ 14.510316, 53.472435 ], [ 14.50791, 53.474594 ] ] ] } },
{ "type": "Feature", "properties": { "hex_id": 200, "pop_total": 465.36, "delta_school": 5.0, "base_school": 46.0, "delta_pharmacy": 1.0, "base_pharmacy": 53.0, "delta_university": 0.0, "base_university": 25.0, "delta_mall": 2.0, "base_mall": 3.0, "net_delta": 8.0, "net_delta_n": 4 }, "geometry": { "type": "Polygon", "coordinates": [ [ [ 14.51028, 53.452185 ], [ 14.512211, 53.454507 ], [ 14.516546, 53.454671 ], [ 14.51895, 53.452511 ], [ 14.517019, 53.450189 ], [ 14.512684, 53.450026 ], [ 14.51028, 53.452185 ] ] ] } },
{ "type": "Feature", "properties": { "hex_id": 201, "pop_total": 763.52, "delta_school": -1.0, "base_school": 41.0, "delta_pharmacy": 2.0, "base_pharmacy": 31.0, "delta_university": 0.0, "base_university": 24.0, "delta_mall": 0.0, "base_mall": 2.0, "net_delta": 1.0, "net_delta_n": 4 }, "geometry": { "type": "Polygon", "coordinates": [ [ [ 14.510754, 53.447703 ], [ 14.512684, 53.450026 ], [ 14.517019, 53.450189 ], [ 14.519423, 53.448029 ], [ 14.517492, 53.445707 ], [ 14.513157, 53.445544 ], [ 14.510754, 53.447703 ] ] ] } },
{ "type": "Feature", "properties": { "hex_id": 202, "pop_total": 1290.34, "delta_school": 0.0, "base_school": 46.0, "delta_pharmacy": -3.0, "base_pharmacy": 61.0, "delta_university": 0.0, "base_university": 34.0, "delta_mall": -1.0, "base_mall": 6.0, "net_delta": -4.0, "net_delta_n": 4 }, "geometry": { "type": "Polygon", "coordinates": [ [ [ 14.511227, 53.443221 ], [ 14.513157, 53.445544 ], [ 14.517492, 53.445707 ], [ 14.519895, 53.443547 ], [ 14.517965, 53.441225 ], [ 14.513631, 53.441062 ], [ 14.511227, 53.443221 ] ] ] } },
{ "type": "Feature", "properties": { "hex_id": 203, "pop_total": 1192.46, "delta_school": 0.0, "base_school": 37.0, "delta_pharmacy": -2.0, "base_pharmacy": 43.0, "delta_university": -1.0, "base_university": 31.0, "delta_mall": -1.0, "base_mall": 4.0, "net_delta": -4.0, "net_delta_n": 4 }, "geometry": { "type": "Polygon", "coordinates": [ [ [ 14.5117, 53.438739 ], [ 14.513631, 53.441062 ], [ 14.517965, 53.441225 ], [ 14.520368, 53.439065 ], [ 14.518437, 53.436743 ], [ 14.514104, 53.43658 ], [ 14.5117, 53.438739 ] ] ] } },
{ "type": "Feature", "properties": { "hex_id": 204, "pop_total": 492.64, "delta_school": 3.0, "base_school": 45.0, "delta_pharmacy": 4.0, "base_pharmacy": 57.0, "delta_university": 4.0, "base_university": 38.0, "delta_mall": 0.0, "base_mall": 7.0, "net_delta": 11.0, "net_delta_n": 4 }, "geometry": { "type": "Polygon", "coordinates": [ [ [ 14.512174, 53.434257 ], [ 14.514104, 53.43658 ], [ 14.518437, 53.436743 ], [ 14.52084, 53.434583 ], [ 14.51891, 53.432261 ], [ 14.514577, 53.432098 ], [ 14.512174, 53.434257 ] ] ] } },
{ "type": "Feature", "properties": { "hex_id": 205, "pop_total": 4088.89, "delta_school": 3.0, "base_school": 44.0, "delta_pharmacy": 1.0, "base_pharmacy": 55.0, "delta_university": 1.0, "base_university": 41.0, "delta_mall": 0.0, "base_mall": 9.0, "net_delta": 5.0, "net_delta_n": 4 }, "geometry": { "type": "Polygon", "coordinates": [ [ [ 14.512647, 53.429775 ], [ 14.514577, 53.432098 ], [ 14.51891, 53.432261 ], [ 14.521312, 53.430101 ], [ 14.519382, 53.427779 ], [ 14.515049, 53.427616 ], [ 14.512647, 53.429775 ] ] ] } },
{ "type": "Feature", "properties": { "hex_id": 206, "pop_total": 125.08, "delta_school": -4.0, "base_school": 15.0, "delta_pharmacy": 0.0, "base_pharmacy": 29.0, "delta_university": -1.0, "base_university": 17.0, "delta_mall": 0.0, "base_mall": 5.0, "net_delta": -5.0, "net_delta_n": 4 }, "geometry": { "type": "Polygon", "coordinates": [ [ [ 14.51312, 53.425293 ], [ 14.515049, 53.427616 ], [ 14.519382, 53.427779 ], [ 14.521784, 53.425619 ], [ 14.519854, 53.423297 ], [ 14.515522, 53.423134 ], [ 14.51312, 53.425293 ] ] ] } },
{ "type": "Feature", "properties": { "hex_id": 207, "pop_total": 2166.67, "delta_school": 1.0, "base_school": 27.0, "delta_pharmacy": 0.0, "base_pharmacy": 47.0, "delta_university": -1.0, "base_university": 25.0, "delta_mall": -1.0, "base_mall": 10.0, "net_delta": -1.0, "net_delta_n": 4 }, "geometry": { "type": "Polygon", "coordinates": [ [ [ 14.513592, 53.420811 ], [ 14.515522, 53.423134 ], [ 14.519854, 53.423297 ], [ 14.522256, 53.421137 ], [ 14.520326, 53.418815 ], [ 14.515995, 53.418652 ], [ 14.513592, 53.420811 ] ] ] } },
{ "type": "Feature", "properties": { "hex_id": 209, "pop_total": 6.62, "delta_school": 2.0, "base_school": 20.0, "delta_pharmacy": 0.0, "base_pharmacy": 42.0, "delta_university": 1.0, "base_university": 23.0, "delta_mall": -2.0, "base_mall": 11.0, "net_delta": 1.0, "net_delta_n": 4 }, "geometry": { "type": "Polygon", "coordinates": [ [ [ 14.514538, 53.411847 ], [ 14.516467, 53.41417 ], [ 14.520798, 53.414333 ], [ 14.5232, 53.412173 ], [ 14.52127, 53.409851 ], [ 14.516939, 53.409688 ], [ 14.514538, 53.411847 ] ] ] } },
{ "type": "Feature", "properties": { "hex_id": 210, "pop_total": 23.15, "delta_school": 3.0, "base_school": 18.0, "delta_pharmacy": 6.0, "base_pharmacy": 29.0, "delta_university": 2.0, "base_university": 23.0, "delta_mall": 0.0, "base_mall": 9.0, "net_delta": 11.0, "net_delta_n": 4 }, "geometry": { "type": "Polygon", "coordinates": [ [ [ 14.51501, 53.407365 ], [ 14.516939, 53.409688 ], [ 14.52127, 53.409851 ], [ 14.523671, 53.407691 ], [ 14.521742, 53.405369 ], [ 14.517411, 53.405206 ], [ 14.51501, 53.407365 ] ] ] } },
{ "type": "Feature", "properties": { "hex_id": 211, "pop_total": 2746.33, "delta_school": 0.0, "base_school": 6.0, "delta_pharmacy": 0.0, "base_pharmacy": 9.0, "delta_university": -1.0, "base_university": 8.0, "delta_mall": 0.0, "base_mall": 4.0, "net_delta": -1.0, "net_delta_n": 4 }, "geometry": { "type": "Polygon", "coordinates": [ [ [ 14.515482, 53.402883 ], [ 14.517411, 53.405206 ], [ 14.521742, 53.405369 ], [ 14.524142, 53.403209 ], [ 14.522213, 53.400887 ], [ 14.517883, 53.400724 ], [ 14.515482, 53.402883 ] ] ] } },
{ "type": "Feature", "properties": { "hex_id": 212, "pop_total": 414.42, "delta_school": 0.0, "base_school": 6.0, "delta_pharmacy": 0.0, "base_pharmacy": 9.0, "delta_university": -2.0, "base_university": 12.0, "delta_mall": -1.0, "base_mall": 5.0, "net_delta": -3.0, "net_delta_n": 4 }, "geometry": { "type": "Polygon", "coordinates": [ [ [ 14.515955, 53.398401 ], [ 14.517883, 53.400724 ], [ 14.522213, 53.400887 ], [ 14.524614, 53.398727 ], [ 14.522685, 53.396405 ], [ 14.518355, 53.396242 ], [ 14.515955, 53.398401 ] ] ] } },
{ "type": "Feature", "properties": { "hex_id": 213, "pop_total": 1377.91, "delta_school": 0.0, "base_school": 6.0, "delta_pharmacy": -1.0, "base_pharmacy": 10.0, "delta_university": -1.0, "base_university": 9.0, "delta_mall": 0.0, "base_mall": 4.0, "net_delta": -2.0, "net_delta_n": 4 }, "geometry": { "type": "Polygon", "coordinates": [ [ [ 14.516427, 53.39392 ], [ 14.518355, 53.396242 ], [ 14.522685, 53.396405 ], [ 14.525085, 53.394245 ], [ 14.523156, 53.391923 ], [ 14.518827, 53.39176 ], [ 14.516427, 53.39392 ] ] ] } },
{ "type": "Feature", "properties": { "hex_id": 214, "pop_total": 54.86, "delta_school": 0.0, "base_school": 2.0, "delta_pharmacy": 0.0, "base_pharmacy": 2.0, "delta_university": null, "base_university": 0.0, "delta_mall": 0.0, "base_mall": 1.0, "net_delta": 0.0, "net_delta_n": 3 }, "geometry": { "type": "Polygon", "coordinates": [ [ [ 14.516899, 53.389438 ], [ 14.518827, 53.39176 ], [ 14.523156, 53.391923 ], [ 14.525556, 53.389763 ], [ 14.523627, 53.387441 ], [ 14.519299, 53.387278 ], [ 14.516899, 53.389438 ] ] ] } },
{ "type": "Feature", "properties": { "hex_id": 218, "pop_total": 2.62, "delta_school": null, "base_school": 0.0, "delta_pharmacy": null, "base_pharmacy": 0.0, "delta_university": null, "base_university": 0.0, "delta_mall": null, "base_mall": 0.0, "net_delta": null, "net_delta_n": 0 }, "geometry": { "type": "Polygon", "coordinates": [ [ [ 14.513232, 53.486044 ], [ 14.515164, 53.488367 ], [ 14.519503, 53.48853 ], [ 14.521909, 53.48637 ], [ 14.519976, 53.484048 ], [ 14.515638, 53.483885 ], [ 14.513232, 53.486044 ] ] ] } },
{ "type": "Feature", "properties": { "hex_id": 219, "pop_total": 269.81, "delta_school": -1.0, "base_school": 1.0, "delta_pharmacy": 0.0, "base_pharmacy": 2.0, "delta_university": null, "base_university": 0.0, "delta_mall": 0.0, "base_mall": 1.0, "net_delta": -1.0, "net_delta_n": 3 }, "geometry": { "type": "Polygon", "coordinates": [ [ [ 14.513706, 53.481562 ], [ 14.515638, 53.483885 ], [ 14.519976, 53.484048 ], [ 14.522382, 53.481888 ], [ 14.520449, 53.479566 ], [ 14.516111, 53.479403 ], [ 14.513706, 53.481562 ] ] ] } },
{ "type": "Feature", "properties": { "hex_id": 220, "pop_total": 650.43, "delta_school": 0.0, "base_school": 5.0, "delta_pharmacy": 0.0, "base_pharmacy": 5.0, "delta_university": null, "base_university": 0.0, "delta_mall": 0.0, "base_mall": 1.0, "net_delta": 0.0, "net_delta_n": 3 }, "geometry": { "type": "Polygon", "coordinates": [ [ [ 14.514179, 53.47708 ], [ 14.516111, 53.479403 ], [ 14.520449, 53.479566 ], [ 14.522855, 53.477406 ], [ 14.520922, 53.475084 ], [ 14.516585, 53.474921 ], [ 14.514179, 53.47708 ] ] ] } },
{ "type": "Feature", "properties": { "hex_id": 221, "pop_total": 661.78, "delta_school": 0.0, "base_school": 8.0, "delta_pharmacy": 0.0, "base_pharmacy": 8.0, "delta_university": null, "base_university": 0.0, "delta_mall": -1.0, "base_mall": 2.0, "net_delta": -1.0, "net_delta_n": 3 }, "geometry": { "type": "Polygon", "coordinates": [ [ [ 14.514653, 53.472598 ], [ 14.516585, 53.474921 ], [ 14.520922, 53.475084 ], [ 14.523327, 53.472924 ], [ 14.521395, 53.470602 ], [ 14.517058, 53.470439 ], [ 14.514653, 53.472598 ] ] ] } },
{ "type": "Feature", "properties": { "hex_id": 224, "pop_total": 285.46, "delta_school": 1.0, "base_school": 22.0, "delta_pharmacy": 4.0, "base_pharmacy": 24.0, "delta_university": 0.0, "base_university": 15.0, "delta_mall": 1.0, "base_mall": 3.0, "net_delta": 6.0, "net_delta_n": 4 }, "geometry": { "type": "Polygon", "coordinates": [ [ [ 14.516073, 53.459153 ], [ 14.518004, 53.461475 ], [ 14.52234, 53.461638 ], [ 14.524745, 53.459478 ], [ 14.522813, 53.457156 ], [ 14.518477, 53.456993 ], [ 14.516073, 53.459153 ] ] ] } },
{ "type": "Feature", "properties": { "hex_id": 225, "pop_total": 1104.08, "delta_school": 2.0, "base_school": 38.0, "delta_pharmacy": 0.0, "base_pharmacy": 44.0, "delta_university": 1.0, "base_university": 19.0, "delta_mall": 1.0, "base_mall": 5.0, "net_delta": 4.0, "net_delta_n": 4 }, "geometry": { "type": "Polygon", "coordinates": [ [ [ 14.516546, 53.454671 ], [ 14.518477, 53.456993 ], [ 14.522813, 53.457156 ], [ 14.525217, 53.454996 ], [ 14.523285, 53.452674 ], [ 14.51895, 53.452511 ], [ 14.516546, 53.454671 ] ] ] } },
{ "type": "Feature", "properties": { "hex_id": 226, "pop_total": 203.75, "delta_school": 2.0, "base_school": 37.0, "delta_pharmacy": 4.0, "base_pharmacy": 38.0, "delta_university": 0.0, "base_university": 23.0, "delta_mall": 1.0, "base_mall": 4.0, "net_delta": 7.0, "net_delta_n": 4 }, "geometry": { "type": "Polygon", "coordinates": [ [ [ 14.517019, 53.450189 ], [ 14.51895, 53.452511 ], [ 14.523285, 53.452674 ], [ 14.525689, 53.450514 ], [ 14.523757, 53.448192 ], [ 14.519423, 53.448029 ], [ 14.517019, 53.450189 ] ] ] } },
{ "type": "Feature", "properties": { "hex_id": 227, "pop_total": 563.86, "delta_school": 1.0, "base_school": 66.0, "delta_pharmacy": 1.0, "base_pharmacy": 80.0, "delta_university": 3.0, "base_university": 32.0, "delta_mall": 1.0, "base_mall": 10.0, "net_delta": 6.0, "net_delta_n": 4 }, "geometry": { "type": "Polygon", "coordinates": [ [ [ 14.517492, 53.445707 ], [ 14.519423, 53.448029 ], [ 14.523757, 53.448192 ], [ 14.526161, 53.446032 ], [ 14.524229, 53.44371 ], [ 14.519895, 53.443547 ], [ 14.517492, 53.445707 ] ] ] } },
{ "type": "Feature", "properties": { "hex_id": 228, "pop_total": 944.42, "delta_school": 2.0, "base_school": 36.0, "delta_pharmacy": 2.0, "base_pharmacy": 42.0, "delta_university": 0.0, "base_university": 32.0, "delta_mall": 0.0, "base_mall": 3.0, "net_delta": 4.0, "net_delta_n": 4 }, "geometry": { "type": "Polygon", "coordinates": [ [ [ 14.517965, 53.441225 ], [ 14.519895, 53.443547 ], [ 14.524229, 53.44371 ], [ 14.526632, 53.44155 ], [ 14.524701, 53.439228 ], [ 14.520368, 53.439065 ], [ 14.517965, 53.441225 ] ] ] } },
{ "type": "Feature", "properties": { "hex_id": 229, "pop_total": 24.28, "delta_school": 0.0, "base_school": 41.0, "delta_pharmacy": 0.0, "base_pharmacy": 46.0, "delta_university": 3.0, "base_university": 34.0, "delta_mall": 0.0, "base_mall": 6.0, "net_delta": 3.0, "net_delta_n": 4 }, "geometry": { "type": "Polygon", "coordinates": [ [ [ 14.518437, 53.436743 ], [ 14.520368, 53.439065 ], [ 14.524701, 53.439228 ], [ 14.527104, 53.437068 ], [ 14.525173, 53.434746 ], [ 14.52084, 53.434583 ], [ 14.518437, 53.436743 ] ] ] } },
{ "type": "Feature", "properties": { "hex_id": 230, "pop_total": 143.47, "delta_school": 5.0, "base_school": 26.0, "delta_pharmacy": 2.0, "base_pharmacy": 41.0, "delta_university": 3.0, "base_university": 25.0, "delta_mall": 1.0, "base_mall": 5.0, "net_delta": 11.0, "net_delta_n": 4 }, "geometry": { "type": "Polygon", "coordinates": [ [ [ 14.51891, 53.432261 ], [ 14.52084, 53.434583 ], [ 14.525173, 53.434746 ], [ 14.527576, 53.432586 ], [ 14.525645, 53.430264 ], [ 14.521312, 53.430101 ], [ 14.51891, 53.432261 ] ] ] } },
{ "type": "Feature", "properties": { "hex_id": 231, "pop_total": 20.65, "delta_school": -1.0, "base_school": 37.0, "delta_pharmacy": -1.0, "base_pharmacy": 51.0, "delta_university": 0.0, "base_university": 34.0, "delta_mall": 0.0, "base_mall": 8.0, "net_delta": -2.0, "net_delta_n": 4 }, "geometry": { "type": "Polygon", "coordinates": [ [ [ 14.519382, 53.427779 ], [ 14.521312, 53.430101 ], [ 14.525645, 53.430264 ], [ 14.528047, 53.428104 ], [ 14.526117, 53.425782 ], [ 14.521784, 53.425619 ], [ 14.519382, 53.427779 ] ] ] } },
{ "type": "Feature", "properties": { "hex_id": 232, "pop_total": 753.53, "delta_school": 2.0, "base_school": 19.0, "delta_pharmacy": 6.0, "base_pharmacy": 34.0, "delta_university": 1.0, "base_university": 24.0, "delta_mall": 1.0, "base_mall": 8.0, "net_delta": 10.0, "net_delta_n": 4 }, "geometry": { "type": "Polygon", "coordinates": [ [ [ 14.519854, 53.423297 ], [ 14.521784, 53.425619 ], [ 14.526117, 53.425782 ], [ 14.528518, 53.423622 ], [ 14.526588, 53.4213 ], [ 14.522256, 53.421137 ], [ 14.519854, 53.423297 ] ] ] } },
{ "type": "Feature", "properties": { "hex_id": 234, "pop_total": 184.28, "delta_school": 0.0, "base_school": 32.0, "delta_pharmacy": 0.0, "base_pharmacy": 50.0, "delta_university": 1.0, "base_university": 27.0, "delta_mall": 0.0, "base_mall": 12.0, "net_delta": 1.0, "net_delta_n": 4 }, "geometry": { "type": "Polygon", "coordinates": [ [ [ 14.520798, 53.414333 ], [ 14.522728, 53.416655 ], [ 14.527059, 53.416818 ], [ 14.529461, 53.414658 ], [ 14.527531, 53.412336 ], [ 14.5232, 53.412173 ], [ 14.520798, 53.414333 ] ] ] } },
{ "type": "Feature", "properties": { "hex_id": 235, "pop_total": 2745.78, "delta_school": 1.0, "base_school": 17.0, "delta_pharmacy": 6.0, "base_pharmacy": 25.0, "delta_university": 3.0, "base_university": 21.0, "delta_mall": 1.0, "base_mall": 7.0, "net_delta": 11.0, "net_delta_n": 4 }, "geometry": { "type": "Polygon", "coordinates": [ [ [ 14.52127, 53.409851 ], [ 14.5232, 53.412173 ], [ 14.527531, 53.412336 ], [ 14.529932, 53.410176 ], [ 14.528002, 53.407854 ], [ 14.523671, 53.407691 ], [ 14.52127, 53.409851 ] ] ] } },
{ "type": "Feature", "properties": { "hex_id": 236, "pop_total": 3456.03, "delta_school": 3.0, "base_school": 14.0, "delta_pharmacy": 5.0, "base_pharmacy": 21.0, "delta_university": 0.0, "base_university": 21.0, "delta_mall": 1.0, "base_mall": 6.0, "net_delta": 9.0, "net_delta_n": 4 }, "geometry": { "type": "Polygon", "coordinates": [ [ [ 14.521742, 53.405369 ], [ 14.523671, 53.407691 ], [ 14.528002, 53.407854 ], [ 14.530402, 53.405694 ], [ 14.528473, 53.403372 ], [ 14.524142, 53.403209 ], [ 14.521742, 53.405369 ] ] ] } },
{ "type": "Feature", "properties": { "hex_id": 237, "pop_total": 2246.86, "delta_school": -1.0, "base_school": 23.0, "delta_pharmacy": 2.0, "base_pharmacy": 39.0, "delta_university": 0.0, "base_university": 23.0, "delta_mall": -1.0, "base_mall": 8.0, "net_delta": 0.0, "net_delta_n": 4 }, "geometry": { "type": "Polygon", "coordinates": [ [ [ 14.522213, 53.400887 ], [ 14.524142, 53.403209 ], [ 14.528473, 53.403372 ], [ 14.530873, 53.401212 ], [ 14.528943, 53.39889 ], [ 14.524614, 53.398727 ], [ 14.522213, 53.400887 ] ] ] } },
{ "type": "Feature", "properties": { "hex_id": 238, "pop_total": 2813.8, "delta_school": 0.0, "base_school": 12.0, "delta_pharmacy": 3.0, "base_pharmacy": 14.0, "delta_university": 0.0, "base_university": 20.0, "delta_mall": 0.0, "base_mall": 5.0, "net_delta": 3.0, "net_delta_n": 4 }, "geometry": { "type": "Polygon", "coordinates": [ [ [ 14.522685, 53.396405 ], [ 14.524614, 53.398727 ], [ 14.528943, 53.39889 ], [ 14.531344, 53.39673 ], [ 14.529414, 53.394407 ], [ 14.525085, 53.394245 ], [ 14.522685, 53.396405 ] ] ] } },
{ "type": "Feature", "properties": { "hex_id": 239, "pop_total": 49.64, "delta_school": 0.0, "base_school": 3.0, "delta_pharmacy": -1.0, "base_pharmacy": 5.0, "delta_university": null, "base_university": 0.0, "delta_mall": 0.0, "base_mall": 1.0, "net_delta": -1.0, "net_delta_n": 3 }, "geometry": { "type": "Polygon", "coordinates": [ [ [ 14.523156, 53.391923 ], [ 14.525085, 53.394245 ], [ 14.529414, 53.394407 ], [ 14.531814, 53.392248 ], [ 14.529885, 53.389925 ], [ 14.525556, 53.389763 ], [ 14.523156, 53.391923 ] ] ] } },
{ "type": "Feature", "properties": { "hex_id": 248, "pop_total": 300.4, "delta_school": -1.0, "base_school": 1.0, "delta_pharmacy": 0.0, "base_pharmacy": 3.0, "delta_university": null, "base_university": 0.0, "delta_mall": 0.0, "base_mall": 1.0, "net_delta": -1.0, "net_delta_n": 3 }, "geometry": { "type": "Polygon", "coordinates": [ [ [ 14.519976, 53.484048 ], [ 14.521909, 53.48637 ], [ 14.526247, 53.486533 ], [ 14.528653, 53.484373 ], [ 14.52672, 53.482051 ], [ 14.522382, 53.481888 ], [ 14.519976, 53.484048 ] ] ] } },
{ "type": "Feature", "properties": { "hex_id": 249, "pop_total": 176.08, "delta_school": null, "base_school": 0.0, "delta_pharmacy": null, "base_pharmacy": 0.0, "delta_university": null, "base_university": 0.0, "delta_mall": null, "base_mall": 0.0, "net_delta": null, "net_delta_n": 0 }, "geometry": { "type": "Polygon", "coordinates": [ [ [ 14.520449, 53.479566 ], [ 14.522382, 53.481888 ], [ 14.52672, 53.482051 ], [ 14.529125, 53.479891 ], [ 14.527192, 53.477569 ], [ 14.522855, 53.477406 ], [ 14.520449, 53.479566 ] ] ] } },
{ "type": "Feature", "properties": { "hex_id": 250, "pop_total": 293.99, "delta_school": null, "base_school": 0.0, "delta_pharmacy": null, "base_pharmacy": 0.0, "delta_university": null, "base_university": 0.0, "delta_mall": 0.0, "base_mall": 1.0, "net_delta": 0.0, "net_delta_n": 1 }, "geometry": { "type": "Polygon", "coordinates": [ [ [ 14.520922, 53.475084 ], [ 14.522855, 53.477406 ], [ 14.527192, 53.477569 ], [ 14.529597, 53.475409 ], [ 14.527664, 53.473087 ], [ 14.523327, 53.472924 ], [ 14.520922, 53.475084 ] ] ] } },
{ "type": "Feature", "properties": { "hex_id": 252, "pop_total": 206.83, "delta_school": 0.0, "base_school": 9.0, "delta_pharmacy": 1.0, "base_pharmacy": 8.0, "delta_university": null, "base_university": 0.0, "delta_mall": -1.0, "base_mall": 2.0, "net_delta": 0.0, "net_delta_n": 3 }, "geometry": { "type": "Polygon", "coordinates": [ [ [ 14.521868, 53.46612 ], [ 14.5238, 53.468442 ], [ 14.528137, 53.468605 ], [ 14.530541, 53.466445 ], [ 14.528609, 53.464123 ], [ 14.524272, 53.46396 ], [ 14.521868, 53.46612 ] ] ] } },
{ "type": "Feature", "properties": { "hex_id": 253, "pop_total": 520.03, "delta_school": 0.0, "base_school": 14.0, "delta_pharmacy": 2.0, "base_pharmacy": 21.0, "delta_university": 1.0, "base_university": 2.0, "delta_mall": 1.0, "base_mall": 4.0, "net_delta": 4.0, "net_delta_n": 4 }, "geometry": { "type": "Polygon", "coordinates": [ [ [ 14.52234, 53.461638 ], [ 14.524272, 53.46396 ], [ 14.528609, 53.464123 ], [ 14.531013, 53.461963 ], [ 14.52908, 53.459641 ], [ 14.524745, 53.459478 ], [ 14.52234, 53.461638 ] ] ] } },
{ "type": "Feature", "properties": { "hex_id": 254, "pop_total": 620.97, "delta_school": 1.0, "base_school": 12.0, "delta_pharmacy": 1.0, "base_pharmacy": 22.0, "delta_university": 0.0, "base_university": 4.0, "delta_mall": 0.0, "base_mall": 4.0, "net_delta": 2.0, "net_delta_n": 4 }, "geometry": { "type": "Polygon", "coordinates": [ [ [ 14.522813, 53.457156 ], [ 14.524745, 53.459478 ], [ 14.52908, 53.459641 ], [ 14.531484, 53.457481 ], [ 14.529552, 53.455159 ], [ 14.525217, 53.454996 ], [ 14.522813, 53.457156 ] ] ] } },
{ "type": "Feature", "properties": { "hex_id": 255, "pop_total": 594.03, "delta_school": 0.0, "base_school": 30.0, "delta_pharmacy": 7.0, "base_pharmacy": 34.0, "delta_university": 1.0, "base_university": 17.0, "delta_mall": 0.0, "base_mall": 5.0, "net_delta": 8.0, "net_delta_n": 4 }, "geometry": { "type": "Polygon", "coordinates": [ [ [ 14.523285, 53.452674 ], [ 14.525217, 53.454996 ], [ 14.529552, 53.455159 ], [ 14.531956, 53.452999 ], [ 14.530024, 53.450677 ], [ 14.525689, 53.450514 ], [ 14.523285, 53.452674 ] ] ] } },
{ "type": "Feature", "properties": { "hex_id": 256, "pop_total": 37.0, "delta_school": 3.0, "base_school": 45.0, "delta_pharmacy": 2.0, "base_pharmacy": 55.0, "delta_university": 1.0, "base_university": 24.0, "delta_mall": 0.0, "base_mall": 5.0, "net_delta": 6.0, "net_delta_n": 4 }, "geometry": { "type": "Polygon", "coordinates": [ [ [ 14.523757, 53.448192 ], [ 14.525689, 53.450514 ], [ 14.530024, 53.450677 ], [ 14.532427, 53.448517 ], [ 14.530495, 53.446195 ], [ 14.526161, 53.446032 ], [ 14.523757, 53.448192 ] ] ] } },
{ "type": "Feature", "properties": { "hex_id": 257, "pop_total": 993.21, "delta_school": 3.0, "base_school": 52.0, "delta_pharmacy": -1.0, "base_pharmacy": 73.0, "delta_university": 1.0, "base_university": 33.0, "delta_mall": 1.0, "base_mall": 8.0, "net_delta": 4.0, "net_delta_n": 4 }, "geometry": { "type": "Polygon", "coordinates": [ [ [ 14.524229, 53.44371 ], [ 14.526161, 53.446032 ], [ 14.530495, 53.446195 ], [ 14.532898, 53.444035 ], [ 14.530967, 53.441713 ], [ 14.526632, 53.44155 ], [ 14.524229, 53.44371 ] ] ] } },
{ "type": "Feature", "properties": { "hex_id": 258, "pop_total": 1968.77, "delta_school": 0.0, "base_school": 56.0, "delta_pharmacy": 3.0, "base_pharmacy": 64.0, "delta_university": 3.0, "base_university": 40.0, "delta_mall": 2.0, "base_mall": 7.0, "net_delta": 8.0, "net_delta_n": 4 }, "geometry": { "type": "Polygon", "coordinates": [ [ [ 14.524701, 53.439228 ], [ 14.526632, 53.44155 ], [ 14.530967, 53.441713 ], [ 14.533369, 53.439553 ], [ 14.531438, 53.437231 ], [ 14.527104, 53.437068 ], [ 14.524701, 53.439228 ] ] ] } },
{ "type": "Feature", "properties": { "hex_id": 259, "pop_total": 3832.05, "delta_school": 2.0, "base_school": 50.0, "delta_pharmacy": 3.0, "base_pharmacy": 59.0, "delta_university": 2.0, "base_university": 43.0, "delta_mall": 2.0, "base_mall": 10.0, "net_delta": 9.0, "net_delta_n": 4 }, "geometry": { "type": "Polygon", "coordinates": [ [ [ 14.525173, 53.434746 ], [ 14.527104, 53.437068 ], [ 14.531438, 53.437231 ], [ 14.53384, 53.435071 ], [ 14.531909, 53.432749 ], [ 14.527576, 53.432586 ], [ 14.525173, 53.434746 ] ] ] } },
{ "type": "Feature", "properties": { "hex_id": 260, "pop_total": 2238.0, "delta_school": 1.0, "base_school": 47.0, "delta_pharmacy": -2.0, "base_pharmacy": 58.0, "delta_university": 0.0, "base_university": 39.0, "delta_mall": 0.0, "base_mall": 12.0, "net_delta": -1.0, "net_delta_n": 4 }, "geometry": { "type": "Polygon", "coordinates": [ [ [ 14.525645, 53.430264 ], [ 14.527576, 53.432586 ], [ 14.531909, 53.432749 ], [ 14.534311, 53.430589 ], [ 14.53238, 53.428267 ], [ 14.528047, 53.428104 ], [ 14.525645, 53.430264 ] ] ] } },
{ "type": "Feature", "properties": { "hex_id": 261, "pop_total": 1583.91, "delta_school": 0.0, "base_school": 49.0, "delta_pharmacy": 0.0, "base_pharmacy": 62.0, "delta_university": -1.0, "base_university": 40.0, "delta_mall": -1.0, "base_mall": 12.0, "net_delta": -2.0, "net_delta_n": 4 }, "geometry": { "type": "Polygon", "coordinates": [ [ [ 14.526117, 53.425782 ], [ 14.528047, 53.428104 ], [ 14.53238, 53.428267 ], [ 14.534781, 53.426107 ], [ 14.532851, 53.423785 ], [ 14.528518, 53.423622 ], [ 14.526117, 53.425782 ] ] ] } },
{ "type": "Feature", "properties": { "hex_id": 262, "pop_total": 1567.61, "delta_school": 4.0, "base_school": 47.0, "delta_pharmacy": 3.0, "base_pharmacy": 60.0, "delta_university": 2.0, "base_university": 34.0, "delta_mall": 1.0, "base_mall": 12.0, "net_delta": 10.0, "net_delta_n": 4 }, "geometry": { "type": "Polygon", "coordinates": [ [ [ 14.526588, 53.4213 ], [ 14.528518, 53.423622 ], [ 14.532851, 53.423785 ], [ 14.535252, 53.421625 ], [ 14.533321, 53.419302 ], [ 14.52899, 53.41914 ], [ 14.526588, 53.4213 ] ] ] } },
{ "type": "Feature", "properties": { "hex_id": 263, "pop_total": 1288.1, "delta_school": 5.0, "base_school": 38.0, "delta_pharmacy": 2.0, "base_pharmacy": 54.0, "delta_university": 4.0, "base_university": 30.0, "delta_mall": 1.0, "base_mall": 12.0, "net_delta": 12.0, "net_delta_n": 4 }, "geometry": { "type": "Polygon", "coordinates": [ [ [ 14.527059, 53.416818 ], [ 14.52899, 53.41914 ], [ 14.533321, 53.419302 ], [ 14.535722, 53.417143 ], [ 14.533792, 53.41482 ], [ 14.529461, 53.414658 ], [ 14.527059, 53.416818 ] ] ] } },
{ "type": "Feature", "properties": { "hex_id": 264, "pop_total": 1879.44, "delta_school": 4.0, "base_school": 19.0, "delta_pharmacy": 3.0, "base_pharmacy": 41.0, "delta_university": 0.0, "base_university": 27.0, "delta_mall": 0.0, "base_mall": 9.0, "net_delta": 7.0, "net_delta_n": 4 }, "geometry": { "type": "Polygon", "coordinates": [ [ [ 14.527531, 53.412336 ], [ 14.529461, 53.414658 ], [ 14.533792, 53.41482 ], [ 14.536193, 53.41266 ], [ 14.534262, 53.410338 ], [ 14.529932, 53.410176 ], [ 14.527531, 53.412336 ] ] ] } },
{ "type": "Feature", "properties": { "hex_id": 265, "pop_total": 1363.44, "delta_school": 2.0, "base_school": 12.0, "delta_pharmacy": 2.0, "base_pharmacy": 22.0, "delta_university": 1.0, "base_university": 21.0, "delta_mall": 1.0, "base_mall": 5.0, "net_delta": 6.0, "net_delta_n": 4 }, "geometry": { "type": "Polygon", "coordinates": [ [ [ 14.528002, 53.407854 ], [ 14.529932, 53.410176 ], [ 14.534262, 53.410338 ], [ 14.536663, 53.408178 ], [ 14.534733, 53.405856 ], [ 14.530402, 53.405694 ], [ 14.528002, 53.407854 ] ] ] } },
{ "type": "Feature", "properties": { "hex_id": 266, "pop_total": 549.14, "delta_school": 0.0, "base_school": 15.0, "delta_pharmacy": 0.0, "base_pharmacy": 27.0, "delta_university": -2.0, "base_university": 14.0, "delta_mall": -1.0, "base_mall": 7.0, "net_delta": -3.0, "net_delta_n": 4 }, "geometry": { "type": "Polygon", "coordinates": [ [ [ 14.528473, 53.403372 ], [ 14.530402, 53.405694 ], [ 14.534733, 53.405856 ], [ 14.537133, 53.403696 ], [ 14.535203, 53.401374 ], [ 14.530873, 53.401212 ], [ 14.528473, 53.403372 ] ] ] } },
{ "type": "Feature", "properties": { "hex_id": 267, "pop_total": 246.8, "delta_school": 0.0, "base_school": 4.0, "delta_pharmacy": 0.0, "base_pharmacy": 6.0, "delta_university": null, "base_university": 0.0, "delta_mall": 0.0, "base_mall": 2.0, "net_delta": 0.0, "net_delta_n": 3 }, "geometry": { "type": "Polygon", "coordinates": [ [ [ 14.528943, 53.39889 ], [ 14.530873, 53.401212 ], [ 14.535203, 53.401374 ], [ 14.537603, 53.399214 ], [ 14.535673, 53.396892 ], [ 14.531344, 53.39673 ], [ 14.528943, 53.39889 ] ] ] } },
{ "type": "Feature", "properties": { "hex_id": 268, "pop_total": 11.95, "delta_school": 0.0, "base_school": 5.0, "delta_pharmacy": 0.0, "base_pharmacy": 8.0, "delta_university": 0.0, "base_university": 2.0, "delta_mall": 0.0, "base_mall": 4.0, "net_delta": 0.0, "net_delta_n": 4 }, "geometry": { "type": "Polygon", "coordinates": [ [ [ 14.529414, 53.394407 ], [ 14.531344, 53.39673 ], [ 14.535673, 53.396892 ], [ 14.538073, 53.394732 ], [ 14.536143, 53.39241 ], [ 14.531814, 53.392248 ], [ 14.529414, 53.394407 ] ] ] } },
{ "type": "Feature", "properties": { "hex_id": 280, "pop_total": 79.74, "delta_school": null, "base_school": 0.0, "delta_pharmacy": 0.0, "base_pharmacy": 1.0, "delta_university": null, "base_university": 0.0, "delta_mall": null, "base_mall": 0.0, "net_delta": 0.0, "net_delta_n": 1 }, "geometry": { "type": "Polygon", "coordinates": [ [ [ 14.526247, 53.486533 ], [ 14.52818, 53.488855 ], [ 14.532519, 53.489018 ], [ 14.534925, 53.486858 ], [ 14.532991, 53.484536 ], [ 14.528653, 53.484373 ], [ 14.526247, 53.486533 ] ] ] } },
{ "type": "Feature", "properties": { "hex_id": 281, "pop_total": 570.05, "delta_school": null, "base_school": 0.0, "delta_pharmacy": 0.0, "base_pharmacy": 1.0, "delta_university": null, "base_university": 0.0, "delta_mall": null, "base_mall": 0.0, "net_delta": 0.0, "net_delta_n": 1 }, "geometry": { "type": "Polygon", "coordinates": [ [ [ 14.52672, 53.482051 ], [ 14.528653, 53.484373 ], [ 14.532991, 53.484536 ], [ 14.535396, 53.482376 ], [ 14.533463, 53.480054 ], [ 14.529125, 53.479891 ], [ 14.52672, 53.482051 ] ] ] } },
{ "type": "Feature", "properties": { "hex_id": 282, "pop_total": 236.63, "delta_school": 0.0, "base_school": 1.0, "delta_pharmacy": 0.0, "base_pharmacy": 2.0, "delta_university": null, "base_university": 0.0, "delta_mall": 0.0, "base_mall": 1.0, "net_delta": 0.0, "net_delta_n": 3 }, "geometry": { "type": "Polygon", "coordinates": [ [ [ 14.527192, 53.477569 ], [ 14.529125, 53.479891 ], [ 14.533463, 53.480054 ], [ 14.535868, 53.477894 ], [ 14.533935, 53.475572 ], [ 14.529597, 53.475409 ], [ 14.527192, 53.477569 ] ] ] } },
{ "type": "Feature", "properties": { "hex_id": 283, "pop_total": 250.96, "delta_school": null, "base_school": 0.0, "delta_pharmacy": 0.0, "base_pharmacy": 1.0, "delta_university": null, "base_university": 0.0, "delta_mall": 0.0, "base_mall": 1.0, "net_delta": 0.0, "net_delta_n": 2 }, "geometry": { "type": "Polygon", "coordinates": [ [ [ 14.527664, 53.473087 ], [ 14.529597, 53.475409 ], [ 14.533935, 53.475572 ], [ 14.536339, 53.473412 ], [ 14.534406, 53.47109 ], [ 14.530069, 53.470927 ], [ 14.527664, 53.473087 ] ] ] } },
{ "type": "Feature", "properties": { "hex_id": 284, "pop_total": 192.26, "delta_school": 0.0, "base_school": 5.0, "delta_pharmacy": 1.0, "base_pharmacy": 3.0, "delta_university": null, "base_university": 0.0, "delta_mall": 0.0, "base_mall": 1.0, "net_delta": 1.0, "net_delta_n": 3 }, "geometry": { "type": "Polygon", "coordinates": [ [ [ 14.528137, 53.468605 ], [ 14.530069, 53.470927 ], [ 14.534406, 53.47109 ], [ 14.53681, 53.46893 ], [ 14.534877, 53.466608 ], [ 14.530541, 53.466445 ], [ 14.528137, 53.468605 ] ] ] } },
{ "type": "Feature", "properties": { "hex_id": 285, "pop_total": 337.32, "delta_school": -1.0, "base_school": 10.0, "delta_pharmacy": 0.0, "base_pharmacy": 11.0, "delta_university": null, "base_university": 0.0, "delta_mall": 0.0, "base_mall": 3.0, "net_delta": -1.0, "net_delta_n": 3 }, "geometry": { "type": "Polygon", "coordinates": [ [ [ 14.528609, 53.464123 ], [ 14.530541, 53.466445 ], [ 14.534877, 53.466608 ], [ 14.537281, 53.464448 ], [ 14.535349, 53.462126 ], [ 14.531013, 53.461963 ], [ 14.528609, 53.464123 ] ] ] } },
{ "type": "Feature", "properties": { "hex_id": 286, "pop_total": 2066.73, "delta_school": 0.0, "base_school": 15.0, "delta_pharmacy": 0.0, "base_pharmacy": 22.0, "delta_university": 0.0, "base_university": 3.0, "delta_mall": 0.0, "base_mall": 5.0, "net_delta": 0.0, "net_delta_n": 4 }, "geometry": { "type": "Polygon", "coordinates": [ [ [ 14.52908, 53.459641 ], [ 14.531013, 53.461963 ], [ 14.535349, 53.462126 ], [ 14.537752, 53.459966 ], [ 14.53582, 53.457644 ], [ 14.531484, 53.457481 ], [ 14.52908, 53.459641 ] ] ] } },
{ "type": "Feature", "properties": { "hex_id": 287, "pop_total": 647.21, "delta_school": -1.0, "base_school": 27.0, "delta_pharmacy": -2.0, "base_pharmacy": 40.0, "delta_university": 0.0, "base_university": 5.0, "delta_mall": 0.0, "base_mall": 6.0, "net_delta": -3.0, "net_delta_n": 4 }, "geometry": { "type": "Polygon", "coordinates": [ [ [ 14.529552, 53.455159 ], [ 14.531484, 53.457481 ], [ 14.53582, 53.457644 ], [ 14.538223, 53.455484 ], [ 14.536291, 53.453161 ], [ 14.531956, 53.452999 ], [ 14.529552, 53.455159 ] ] ] } },
{ "type": "Feature", "properties": { "hex_id": 288, "pop_total": 305.3, "delta_school": 3.0, "base_school": 24.0, "delta_pharmacy": 1.0, "base_pharmacy": 41.0, "delta_university": 0.0, "base_university": 5.0, "delta_mall": 0.0, "base_mall": 7.0, "net_delta": 4.0, "net_delta_n": 4 }, "geometry": { "type": "Polygon", "coordinates": [ [ [ 14.530024, 53.450677 ], [ 14.531956, 53.452999 ], [ 14.536291, 53.453161 ], [ 14.538694, 53.451002 ], [ 14.536762, 53.448679 ], [ 14.532427, 53.448517 ], [ 14.530024, 53.450677 ] ] ] } },
{ "type": "Feature", "properties": { "hex_id": 289, "pop_total": 73.07, "delta_school": 0.0, "base_school": 42.0, "delta_pharmacy": -1.0, "base_pharmacy": 46.0, "delta_university": 3.0, "base_university": 23.0, "delta_mall": 0.0, "base_mall": 5.0, "net_delta": 2.0, "net_delta_n": 4 }, "geometry": { "type": "Polygon", "coordinates": [ [ [ 14.530495, 53.446195 ], [ 14.532427, 53.448517 ], [ 14.536762, 53.448679 ], [ 14.539164, 53.446519 ], [ 14.537232, 53.444197 ], [ 14.532898, 53.444035 ], [ 14.530495, 53.446195 ] ] ] } },
{ "type": "Feature", "properties": { "hex_id": 290, "pop_total": 514.11, "delta_school": 1.0, "base_school": 45.0, "delta_pharmacy": 0.0, "base_pharmacy": 68.0, "delta_university": 0.0, "base_university": 23.0, "delta_mall": 0.0, "base_mall": 7.0, "net_delta": 1.0, "net_delta_n": 4 }, "geometry": { "type": "Polygon", "coordinates": [ [ [ 14.530967, 53.441713 ], [ 14.532898, 53.444035 ], [ 14.537232, 53.444197 ], [ 14.539635, 53.442037 ], [ 14.537703, 53.439715 ], [ 14.533369, 53.439553 ], [ 14.530967, 53.441713 ] ] ] } },
{ "type": "Feature", "properties": { "hex_id": 291, "pop_total": 613.28, "delta_school": -2.0, "base_school": 52.0, "delta_pharmacy": -1.0, "base_pharmacy": 66.0, "delta_university": 0.0, "base_university": 40.0, "delta_mall": 0.0, "base_mall": 10.0, "net_delta": -3.0, "net_delta_n": 4 }, "geometry": { "type": "Polygon", "coordinates": [ [ [ 14.531438, 53.437231 ], [ 14.533369, 53.439553 ], [ 14.537703, 53.439715 ], [ 14.540105, 53.437555 ], [ 14.538173, 53.435233 ], [ 14.53384, 53.435071 ], [ 14.531438, 53.437231 ] ] ] } },
{ "type": "Feature", "properties": { "hex_id": 292, "pop_total": 5553.07, "delta_school": -2.0, "base_school": 66.0, "delta_pharmacy": -1.0, "base_pharmacy": 76.0, "delta_university": -1.0, "base_university": 47.0, "delta_mall": -1.0, "base_mall": 14.0, "net_delta": -5.0, "net_delta_n": 4 }, "geometry": { "type": "Polygon", "coordinates": [ [ [ 14.531909, 53.432749 ], [ 14.53384, 53.435071 ], [ 14.538173, 53.435233 ], [ 14.540575, 53.433073 ], [ 14.538644, 53.430751 ], [ 14.534311, 53.430589 ], [ 14.531909, 53.432749 ] ] ] } },
{ "type": "Feature", "properties": { "hex_id": 293, "pop_total": 6220.27, "delta_school": 0.0, "base_school": 65.0, "delta_pharmacy": 0.0, "base_pharmacy": 77.0, "delta_university": 0.0, "base_university": 44.0, "delta_mall": 0.0, "base_mall": 14.0, "net_delta": 0.0, "net_delta_n": 4 }, "geometry": { "type": "Polygon", "coordinates": [ [ [ 14.53238, 53.428267 ], [ 14.534311, 53.430589 ], [ 14.538644, 53.430751 ], [ 14.541045, 53.428591 ], [ 14.539114, 53.426269 ], [ 14.534781, 53.426107 ], [ 14.53238, 53.428267 ] ] ] } },
{ "type": "Feature", "properties": { "hex_id": 294, "pop_total": 3306.27, "delta_school": -1.0, "base_school": 55.0, "delta_pharmacy": 2.0, "base_pharmacy": 66.0, "delta_university": 0.0, "base_university": 37.0, "delta_mall": 1.0, "base_mall": 13.0, "net_delta": 2.0, "net_delta_n": 4 }, "geometry": { "type": "Polygon", "coordinates": [ [ [ 14.532851, 53.423785 ], [ 14.534781, 53.426107 ], [ 14.539114, 53.426269 ], [ 14.541515, 53.424109 ], [ 14.539584, 53.421787 ], [ 14.535252, 53.421625 ], [ 14.532851, 53.423785 ] ] ] } },
{ "type": "Feature", "properties": { "hex_id": 295, "pop_total": 1294.16, "delta_school": 3.0, "base_school": 34.0, "delta_pharmacy": 0.0, "base_pharmacy": 50.0, "delta_university": 3.0, "base_university": 30.0, "delta_mall": 0.0, "base_mall": 10.0, "net_delta": 6.0, "net_delta_n": 4 }, "geometry": { "type": "Polygon", "coordinates": [ [ [ 14.533321, 53.419302 ], [ 14.535252, 53.421625 ], [ 14.539584, 53.421787 ], [ 14.541985, 53.419627 ], [ 14.540054, 53.417305 ], [ 14.535722, 53.417143 ], [ 14.533321, 53.419302 ] ] ] } },
{ "type": "Feature", "properties": { "hex_id": 296, "pop_total": 3116.34, "delta_school": 0.0, "base_school": 22.0, "delta_pharmacy": 3.0, "base_pharmacy": 40.0, "delta_university": 0.0, "base_university": 25.0, "delta_mall": 0.0, "base_mall": 10.0, "net_delta": 3.0, "net_delta_n": 4 }, "geometry": { "type": "Polygon", "coordinates": [ [ [ 14.533792, 53.41482 ], [ 14.535722, 53.417143 ], [ 14.540054, 53.417305 ], [ 14.542455, 53.415145 ], [ 14.540524, 53.412823 ], [ 14.536193, 53.41266 ], [ 14.533792, 53.41482 ] ] ] } },
{ "type": "Feature", "properties": { "hex_id": 297, "pop_total": 267.22, "delta_school": 1.0, "base_school": 16.0, "delta_pharmacy": 5.0, "base_pharmacy": 25.0, "delta_university": 0.0, "base_university": 15.0, "delta_mall": 1.0, "base_mall": 6.0, "net_delta": 7.0, "net_delta_n": 4 }, "geometry": { "type": "Polygon", "coordinates": [ [ [ 14.534262, 53.410338 ], [ 14.536193, 53.41266 ], [ 14.540524, 53.412823 ], [ 14.542924, 53.410663 ], [ 14.540994, 53.40834 ], [ 14.536663, 53.408178 ], [ 14.534262, 53.410338 ] ] ] } },
{ "type": "Feature", "properties": { "hex_id": 308, "pop_total": 6.44, "delta_school": 0.0, "base_school": 1.0, "delta_pharmacy": 0.0, "base_pharmacy": 1.0, "delta_university": null, "base_university": 0.0, "delta_mall": null, "base_mall": 0.0, "net_delta": 0.0, "net_delta_n": 2 }, "geometry": { "type": "Polygon", "coordinates": [ [ [ 14.541773, 53.338624 ], [ 14.5437, 53.340946 ], [ 14.548024, 53.341108 ], [ 14.55042, 53.338947 ], [ 14.548492, 53.336625 ], [ 14.544169, 53.336464 ], [ 14.541773, 53.338624 ] ] ] } },
{ "type": "Feature", "properties": { "hex_id": 309, "pop_total": 12.0, "delta_school": 0.0, "base_school": 2.0, "delta_pharmacy": 0.0, "base_pharmacy": 1.0, "delta_university": null, "base_university": 0.0, "delta_mall": null, "base_mall": 0.0, "net_delta": 0.0, "net_delta_n": 2 }, "geometry": { "type": "Polygon", "coordinates": [ [ [ 14.542241, 53.334142 ], [ 14.544169, 53.336464 ], [ 14.548492, 53.336625 ], [ 14.550887, 53.334465 ], [ 14.54896, 53.332143 ], [ 14.544637, 53.331982 ], [ 14.542241, 53.334142 ] ] ] } },
{ "type": "Feature", "properties": { "hex_id": 314, "pop_total": 588.04, "delta_school": 0.0, "base_school": 2.0, "delta_pharmacy": 0.0, "base_pharmacy": 6.0, "delta_university": null, "base_university": 0.0, "delta_mall": 0.0, "base_mall": 2.0, "net_delta": 0.0, "net_delta_n": 3 }, "geometry": { "type": "Polygon", "coordinates": [ [ [ 14.532991, 53.484536 ], [ 14.534925, 53.486858 ], [ 14.539263, 53.48702 ], [ 14.541668, 53.48486 ], [ 14.539734, 53.482538 ], [ 14.535396, 53.482376 ], [ 14.532991, 53.484536 ] ] ] } },
{ "type": "Feature", "properties": { "hex_id": 315, "pop_total": 1508.75, "delta_school": 0.0, "base_school": 2.0, "delta_pharmacy": 1.0, "base_pharmacy": 3.0, "delta_university": null, "base_university": 0.0, "delta_mall": 0.0, "base_mall": 1.0, "net_delta": 1.0, "net_delta_n": 3 }, "geometry": { "type": "Polygon", "coordinates": [ [ [ 14.533463, 53.480054 ], [ 14.535396, 53.482376 ], [ 14.539734, 53.482538 ], [ 14.542139, 53.480378 ], [ 14.540205, 53.478056 ], [ 14.535868, 53.477894 ], [ 14.533463, 53.480054 ] ] ] } },
{ "type": "Feature", "properties": { "hex_id": 316, "pop_total": 602.85, "delta_school": 0.0, "base_school": 2.0, "delta_pharmacy": 2.0, "base_pharmacy": 3.0, "delta_university": null, "base_university": 0.0, "delta_mall": 0.0, "base_mall": 1.0, "net_delta": 2.0, "net_delta_n": 3 }, "geometry": { "type": "Polygon", "coordinates": [ [ [ 14.533935, 53.475572 ], [ 14.535868, 53.477894 ], [ 14.540205, 53.478056 ], [ 14.54261, 53.475896 ], [ 14.540676, 53.473574 ], [ 14.536339, 53.473412 ], [ 14.533935, 53.475572 ] ] ] } },
{ "type": "Feature", "properties": { "hex_id": 317, "pop_total": 422.08, "delta_school": -1.0, "base_school": 6.0, "delta_pharmacy": 7.0, "base_pharmacy": 17.0, "delta_university": null, "base_university": 0.0, "delta_mall": 0.0, "base_mall": 4.0, "net_delta": 6.0, "net_delta_n": 3 }, "geometry": { "type": "Polygon", "coordinates": [ [ [ 14.534406, 53.47109 ], [ 14.536339, 53.473412 ], [ 14.540676, 53.473574 ], [ 14.54308, 53.471414 ], [ 14.541147, 53.469092 ], [ 14.53681, 53.46893 ], [ 14.534406, 53.47109 ] ] ] } },
{ "type": "Feature", "properties": { "hex_id": 318, "pop_total": 1349.64, "delta_school": -1.0, "base_school": 8.0, "delta_pharmacy": 3.0, "base_pharmacy": 20.0, "delta_university": null, "base_university": 0.0, "delta_mall": 0.0, "base_mall": 4.0, "net_delta": 2.0, "net_delta_n": 3 }, "geometry": { "type": "Polygon", "coordinates": [ [ [ 14.534877, 53.466608 ], [ 14.53681, 53.46893 ], [ 14.541147, 53.469092 ], [ 14.543551, 53.466932 ], [ 14.541618, 53.46461 ], [ 14.537281, 53.464448 ], [ 14.534877, 53.466608 ] ] ] } },
{ "type": "Feature", "properties": { "hex_id": 319, "pop_total": 1376.03, "delta_school": 1.0, "base_school": 15.0, "delta_pharmacy": 3.0, "base_pharmacy": 22.0, "delta_university": 0.0, "base_university": 1.0, "delta_mall": 1.0, "base_mall": 4.0, "net_delta": 5.0, "net_delta_n": 4 }, "geometry": { "type": "Polygon", "coordinates": [ [ [ 14.535349, 53.462126 ], [ 14.537281, 53.464448 ], [ 14.541618, 53.46461 ], [ 14.544021, 53.46245 ], [ 14.542088, 53.460128 ], [ 14.537752, 53.459966 ], [ 14.535349, 53.462126 ] ] ] } },
{ "type": "Feature", "properties": { "hex_id": 320, "pop_total": 3337.86, "delta_school": 2.0, "base_school": 10.0, "delta_pharmacy": 1.0, "base_pharmacy": 19.0, "delta_university": 1.0, "base_university": 2.0, "delta_mall": 0.0, "base_mall": 4.0, "net_delta": 4.0, "net_delta_n": 4 }, "geometry": { "type": "Polygon", "coordinates": [ [ [ 14.53582, 53.457644 ], [ 14.537752, 53.459966 ], [ 14.542088, 53.460128 ], [ 14.544491, 53.457968 ], [ 14.542559, 53.455646 ], [ 14.538223, 53.455484 ], [ 14.53582, 53.457644 ] ] ] } },
{ "type": "Feature", "properties": { "hex_id": 321, "pop_total": 2743.86, "delta_school": 6.0, "base_school": 23.0, "delta_pharmacy": 4.0, "base_pharmacy": 33.0, "delta_university": 2.0, "base_university": 4.0, "delta_mall": 1.0, "base_mall": 5.0, "net_delta": 13.0, "net_delta_n": 4 }, "geometry": { "type": "Polygon", "coordinates": [ [ [ 14.536291, 53.453161 ], [ 14.538223, 53.455484 ], [ 14.542559, 53.455646 ], [ 14.544961, 53.453486 ], [ 14.543029, 53.451164 ], [ 14.538694, 53.451002 ], [ 14.536291, 53.453161 ] ] ] } },
{ "type": "Feature", "properties": { "hex_id": 322, "pop_total": 2212.9, "delta_school": 1.0, "base_school": 34.0, "delta_pharmacy": 2.0, "base_pharmacy": 46.0, "delta_university": 1.0, "base_university": 8.0, "delta_mall": 0.0, "base_mall": 7.0, "net_delta": 4.0, "net_delta_n": 4 }, "geometry": { "type": "Polygon", "coordinates": [ [ [ 14.536762, 53.448679 ], [ 14.538694, 53.451002 ], [ 14.543029, 53.451164 ], [ 14.545431, 53.449004 ], [ 14.543499, 53.446682 ], [ 14.539164, 53.446519 ], [ 14.536762, 53.448679 ] ] ] } },
{ "type": "Feature", "properties": { "hex_id": 323, "pop_total": 3608.66, "delta_school": 2.0, "base_school": 55.0, "delta_pharmacy": 1.0, "base_pharmacy": 64.0, "delta_university": 1.0, "base_university": 27.0, "delta_mall": 0.0, "base_mall": 8.0, "net_delta": 4.0, "net_delta_n": 4 }, "geometry": { "type": "Polygon", "coordinates": [ [ [ 14.537232, 53.444197 ], [ 14.539164, 53.446519 ], [ 14.543499, 53.446682 ], [ 14.545901, 53.444521 ], [ 14.543969, 53.442199 ], [ 14.539635, 53.442037 ], [ 14.537232, 53.444197 ] ] ] } },
{ "type": "Feature", "properties": { "hex_id": 324, "pop_total": 1447.53, "delta_school": 6.0, "base_school": 42.0, "delta_pharmacy": 4.0, "base_pharmacy": 64.0, "delta_university": 5.0, "base_university": 24.0, "delta_mall": 2.0, "base_mall": 8.0, "net_delta": 17.0, "net_delta_n": 4 }, "geometry": { "type": "Polygon", "coordinates": [ [ [ 14.537703, 53.439715 ], [ 14.539635, 53.442037 ], [ 14.543969, 53.442199 ], [ 14.546371, 53.440039 ], [ 14.544439, 53.437717 ], [ 14.540105, 53.437555 ], [ 14.537703, 53.439715 ] ] ] } },
{ "type": "Feature", "properties": { "hex_id": 325, "pop_total": 3299.16, "delta_school": 1.0, "base_school": 51.0, "delta_pharmacy": 1.0, "base_pharmacy": 68.0, "delta_university": 0.0, "base_university": 36.0, "delta_mall": 0.0, "base_mall": 13.0, "net_delta": 2.0, "net_delta_n": 4 }, "geometry": { "type": "Polygon", "coordinates": [ [ [ 14.538173, 53.435233 ], [ 14.540105, 53.437555 ], [ 14.544439, 53.437717 ], [ 14.54684, 53.435557 ], [ 14.544908, 53.433235 ], [ 14.540575, 53.433073 ], [ 14.538173, 53.435233 ] ] ] } },
{ "type": "Feature", "properties": { "hex_id": 326, "pop_total": 5018.58, "delta_school": 1.0, "base_school": 56.0, "delta_pharmacy": 0.0, "base_pharmacy": 74.0, "delta_university": -2.0, "base_university": 39.0, "delta_mall": 0.0, "base_mall": 13.0, "net_delta": -1.0, "net_delta_n": 4 }, "geometry": { "type": "Polygon", "coordinates": [ [ [ 14.538644, 53.430751 ], [ 14.540575, 53.433073 ], [ 14.544908, 53.433235 ], [ 14.54731, 53.431075 ], [ 14.545378, 53.428753 ], [ 14.541045, 53.428591 ], [ 14.538644, 53.430751 ] ] ] } },
{ "type": "Feature", "properties": { "hex_id": 327, "pop_total": 5620.36, "delta_school": -3.0, "base_school": 60.0, "delta_pharmacy": 1.0, "base_pharmacy": 72.0, "delta_university": -1.0, "base_university": 41.0, "delta_mall": 0.0, "base_mall": 13.0, "net_delta": -3.0, "net_delta_n": 4 }, "geometry": { "type": "Polygon", "coordinates": [ [ [ 14.539114, 53.426269 ], [ 14.541045, 53.428591 ], [ 14.545378, 53.428753 ], [ 14.547779, 53.426593 ], [ 14.545848, 53.424271 ], [ 14.541515, 53.424109 ], [ 14.539114, 53.426269 ] ] ] } },
{ "type": "Feature", "properties": { "hex_id": 328, "pop_total": 1486.89, "delta_school": 1.0, "base_school": 39.0, "delta_pharmacy": -2.0, "base_pharmacy": 58.0, "delta_university": 1.0, "base_university": 32.0, "delta_mall": 0.0, "base_mall": 12.0, "net_delta": 0.0, "net_delta_n": 4 }, "geometry": { "type": "Polygon", "coordinates": [ [ [ 14.539584, 53.421787 ], [ 14.541515, 53.424109 ], [ 14.545848, 53.424271 ], [ 14.548248, 53.422111 ], [ 14.546317, 53.419789 ], [ 14.541985, 53.419627 ], [ 14.539584, 53.421787 ] ] ] } },
{ "type": "Feature", "properties": { "hex_id": 329, "pop_total": 1226.49, "delta_school": -2.0, "base_school": 40.0, "delta_pharmacy": 4.0, "base_pharmacy": 49.0, "delta_university": 1.0, "base_university": 32.0, "delta_mall": 1.0, "base_mall": 11.0, "net_delta": 4.0, "net_delta_n": 4 }, "geometry": { "type": "Polygon", "coordinates": [ [ [ 14.540054, 53.417305 ], [ 14.541985, 53.419627 ], [ 14.546317, 53.419789 ], [ 14.548717, 53.417629 ], [ 14.546786, 53.415307 ], [ 14.542455, 53.415145 ], [ 14.540054, 53.417305 ] ] ] } },
{ "type": "Feature", "properties": { "hex_id": 330, "pop_total": 1096.3, "delta_school": 5.0, "base_school": 26.0, "delta_pharmacy": 6.0, "base_pharmacy": 38.0, "delta_university": 4.0, "base_university": 15.0, "delta_mall": 0.0, "base_mall": 8.0, "net_delta": 15.0, "net_delta_n": 4 }, "geometry": { "type": "Polygon", "coordinates": [ [ [ 14.540524, 53.412823 ], [ 14.542455, 53.415145 ], [ 14.546786, 53.415307 ], [ 14.549186, 53.413146 ], [ 14.547255, 53.410824 ], [ 14.542924, 53.410663 ], [ 14.540524, 53.412823 ] ] ] } },
{ "type": "Feature", "properties": { "hex_id": 331, "pop_total": 76.8, "delta_school": -2.0, "base_school": 3.0, "delta_pharmacy": null, "base_pharmacy": 0.0, "delta_university": null, "base_university": 0.0, "delta_mall": null, "base_mall": 0.0, "net_delta": -2.0, "net_delta_n": 1 }, "geometry": { "type": "Polygon", "coordinates": [ [ [ 14.540994, 53.40834 ], [ 14.542924, 53.410663 ], [ 14.547255, 53.410824 ], [ 14.549655, 53.408664 ], [ 14.547724, 53.406342 ], [ 14.543394, 53.40618 ], [ 14.540994, 53.40834 ] ] ] } },
{ "type": "Feature", "properties": { "hex_id": 332, "pop_total": 41.82, "delta_school": -1.0, "base_school": 3.0, "delta_pharmacy": null, "base_pharmacy": 0.0, "delta_university": null, "base_university": 0.0, "delta_mall": null, "base_mall": 0.0, "net_delta": -1.0, "net_delta_n": 1 }, "geometry": { "type": "Polygon", "coordinates": [ [ [ 14.541463, 53.403858 ], [ 14.543394, 53.40618 ], [ 14.547724, 53.406342 ], [ 14.550124, 53.404182 ], [ 14.548193, 53.40186 ], [ 14.543863, 53.401698 ], [ 14.541463, 53.403858 ] ] ] } },
{ "type": "Feature", "properties": { "hex_id": 343, "pop_total": 115.78, "delta_school": 0.0, "base_school": 3.0, "delta_pharmacy": 0.0, "base_pharmacy": 3.0, "delta_university": null, "base_university": 0.0, "delta_mall": null, "base_mall": 0.0, "net_delta": 0.0, "net_delta_n": 2 }, "geometry": { "type": "Polygon", "coordinates": [ [ [ 14.548024, 53.341108 ], [ 14.549953, 53.34343 ], [ 14.554277, 53.343591 ], [ 14.556672, 53.341431 ], [ 14.554744, 53.339109 ], [ 14.55042, 53.338947 ], [ 14.548024, 53.341108 ] ] ] } },
{ "type": "Feature", "properties": { "hex_id": 344, "pop_total": 48.32, "delta_school": 0.0, "base_school": 1.0, "delta_pharmacy": 0.0, "base_pharmacy": 1.0, "delta_university": null, "base_university": 0.0, "delta_mall": null, "base_mall": 0.0, "net_delta": 0.0, "net_delta_n": 2 }, "geometry": { "type": "Polygon", "coordinates": [ [ [ 14.548492, 53.336625 ], [ 14.55042, 53.338947 ], [ 14.554744, 53.339109 ], [ 14.557139, 53.336948 ], [ 14.555211, 53.334627 ], [ 14.550887, 53.334465 ], [ 14.548492, 53.336625 ] ] ] } },
{ "type": "Feature", "properties": { "hex_id": 345, "pop_total": 15.74, "delta_school": null, "base_school": 0.0, "delta_pharmacy": null, "base_pharmacy": 0.0, "delta_university": null, "base_university": 0.0, "delta_mall": null, "base_mall": 0.0, "net_delta": null, "net_delta_n": 0 }, "geometry": { "type": "Polygon", "coordinates": [ [ [ 14.54896, 53.332143 ], [ 14.550887, 53.334465 ], [ 14.555211, 53.334627 ], [ 14.557606, 53.332466 ], [ 14.555678, 53.330144 ], [ 14.551355, 53.329983 ], [ 14.54896, 53.332143 ] ] ] } },
{ "type": "Feature", "properties": { "hex_id": 349, "pop_total": 143.07, "delta_school": null, "base_school": 0.0, "delta_pharmacy": 0.0, "base_pharmacy": 1.0, "delta_university": null, "base_university": 0.0, "delta_mall": null, "base_mall": 0.0, "net_delta": 0.0, "net_delta_n": 1 }, "geometry": { "type": "Polygon", "coordinates": [ [ [ 14.539263, 53.48702 ], [ 14.541197, 53.489343 ], [ 14.545536, 53.489505 ], [ 14.547941, 53.487345 ], [ 14.546007, 53.485023 ], [ 14.541668, 53.48486 ], [ 14.539263, 53.48702 ] ] ] } },
{ "type": "Feature", "properties": { "hex_id": 350, "pop_total": 1006.01, "delta_school": 0.0, "base_school": 2.0, "delta_pharmacy": 0.0, "base_pharmacy": 6.0, "delta_university": null, "base_university": 0.0, "delta_mall": 0.0, "base_mall": 2.0, "net_delta": 0.0, "net_delta_n": 3 }, "geometry": { "type": "Polygon", "coordinates": [ [ [ 14.539734, 53.482538 ], [ 14.541668, 53.48486 ], [ 14.546007, 53.485023 ], [ 14.548411, 53.482862 ], [ 14.546477, 53.48054 ], [ 14.542139, 53.480378 ], [ 14.539734, 53.482538 ] ] ] } },
{ "type": "Feature", "properties": { "hex_id": 351, "pop_total": 1360.83, "delta_school": 1.0, "base_school": 4.0, "delta_pharmacy": 1.0, "base_pharmacy": 16.0, "delta_university": null, "base_university": 0.0, "delta_mall": 0.0, "base_mall": 4.0, "net_delta": 2.0, "net_delta_n": 3 }, "geometry": { "type": "Polygon", "coordinates": [ [ [ 14.540205, 53.478056 ], [ 14.542139, 53.480378 ], [ 14.546477, 53.48054 ], [ 14.548881, 53.47838 ], [ 14.546947, 53.476058 ], [ 14.54261, 53.475896 ], [ 14.540205, 53.478056 ] ] ] } },
{ "type": "Feature", "properties": { "hex_id": 352, "pop_total": 583.84, "delta_school": 3.0, "base_school": 9.0, "delta_pharmacy": 2.0, "base_pharmacy": 24.0, "delta_university": null, "base_university": 0.0, "delta_mall": 0.0, "base_mall": 4.0, "net_delta": 5.0, "net_delta_n": 3 }, "geometry": { "type": "Polygon", "coordinates": [ [ [ 14.540676, 53.473574 ], [ 14.54261, 53.475896 ], [ 14.546947, 53.476058 ], [ 14.549351, 53.473898 ], [ 14.547417, 53.471576 ], [ 14.54308, 53.471414 ], [ 14.540676, 53.473574 ] ] ] } },
{ "type": "Feature", "properties": { "hex_id": 353, "pop_total": 1121.68, "delta_school": 2.0, "base_school": 9.0, "delta_pharmacy": 2.0, "base_pharmacy": 24.0, "delta_university": null, "base_university": 0.0, "delta_mall": 0.0, "base_mall": 4.0, "net_delta": 4.0, "net_delta_n": 3 }, "geometry": { "type": "Polygon", "coordinates": [ [ [ 14.541147, 53.469092 ], [ 14.54308, 53.471414 ], [ 14.547417, 53.471576 ], [ 14.549821, 53.469416 ], [ 14.547887, 53.467094 ], [ 14.543551, 53.466932 ], [ 14.541147, 53.469092 ] ] ] } },
{ "type": "Feature", "properties": { "hex_id": 354, "pop_total": 944.01, "delta_school": 2.0, "base_school": 8.0, "delta_pharmacy": 1.0, "base_pharmacy": 24.0, "delta_university": null, "base_university": 0.0, "delta_mall": 0.0, "base_mall": 4.0, "net_delta": 3.0, "net_delta_n": 3 }, "geometry": { "type": "Polygon", "coordinates": [ [ [ 14.541618, 53.46461 ], [ 14.543551, 53.466932 ], [ 14.547887, 53.467094 ], [ 14.550291, 53.464934 ], [ 14.548357, 53.462612 ], [ 14.544021, 53.46245 ], [ 14.541618, 53.46461 ] ] ] } },
{ "type": "Feature", "properties": { "hex_id": 355, "pop_total": 982.18, "delta_school": 0.0, "base_school": 15.0, "delta_pharmacy": 3.0, "base_pharmacy": 26.0, "delta_university": 0.0, "base_university": 1.0, "delta_mall": 1.0, "base_mall": 4.0, "net_delta": 4.0, "net_delta_n": 4 }, "geometry": { "type": "Polygon", "coordinates": [ [ [ 14.542088, 53.460128 ], [ 14.544021, 53.46245 ], [ 14.548357, 53.462612 ], [ 14.55076, 53.460452 ], [ 14.548827, 53.45813 ], [ 14.544491, 53.457968 ], [ 14.542088, 53.460128 ] ] ] } },
{ "type": "Feature", "properties": { "hex_id": 356, "pop_total": 1063.95, "delta_school": 1.0, "base_school": 16.0, "delta_pharmacy": 1.0, "base_pharmacy": 28.0, "delta_university": 0.0, "base_university": 1.0, "delta_mall": 1.0, "base_mall": 4.0, "net_delta": 3.0, "net_delta_n": 4 }, "geometry": { "type": "Polygon", "coordinates": [ [ [ 14.542559, 53.455646 ], [ 14.544491, 53.457968 ], [ 14.548827, 53.45813 ], [ 14.55123, 53.45597 ], [ 14.549297, 53.453648 ], [ 14.544961, 53.453486 ], [ 14.542559, 53.455646 ] ] ] } },
{ "type": "Feature", "properties": { "hex_id": 357, "pop_total": 3197.17, "delta_school": 0.0, "base_school": 31.0, "delta_pharmacy": 3.0, "base_pharmacy": 43.0, "delta_university": 2.0, "base_university": 6.0, "delta_mall": 0.0, "base_mall": 6.0, "net_delta": 5.0, "net_delta_n": 4 }, "geometry": { "type": "Polygon", "coordinates": [ [ [ 14.543029, 53.451164 ], [ 14.544961, 53.453486 ], [ 14.549297, 53.453648 ], [ 14.551699, 53.451487 ], [ 14.549766, 53.449165 ], [ 14.545431, 53.449004 ], [ 14.543029, 53.451164 ] ] ] } },
{ "type": "Feature", "properties": { "hex_id": 358, "pop_total": 5117.34, "delta_school": 2.0, "base_school": 49.0, "delta_pharmacy": 1.0, "base_pharmacy": 62.0, "delta_university": 0.0, "base_university": 15.0, "delta_mall": 0.0, "base_mall": 8.0, "net_delta": 3.0, "net_delta_n": 4 }, "geometry": { "type": "Polygon", "coordinates": [ [ [ 14.543499, 53.446682 ], [ 14.545431, 53.449004 ], [ 14.549766, 53.449165 ], [ 14.552168, 53.447005 ], [ 14.550236, 53.444683 ], [ 14.545901, 53.444521 ], [ 14.543499, 53.446682 ] ] ] } },
{ "type": "Feature", "properties": { "hex_id": 359, "pop_total": 2286.24, "delta_school": 0.0, "base_school": 73.0, "delta_pharmacy": 1.0, "base_pharmacy": 82.0, "delta_university": 3.0, "base_university": 32.0, "delta_mall": 1.0, "base_mall": 9.0, "net_delta": 5.0, "net_delta_n": 4 }, "geometry": { "type": "Polygon", "coordinates": [ [ [ 14.543969, 53.442199 ], [ 14.545901, 53.444521 ], [ 14.550236, 53.444683 ], [ 14.552637, 53.442523 ], [ 14.550705, 53.440201 ], [ 14.546371, 53.440039 ], [ 14.543969, 53.442199 ] ] ] } },
{ "type": "Feature", "properties": { "hex_id": 360, "pop_total": 3066.88, "delta_school": 3.0, "base_school": 53.0, "delta_pharmacy": 4.0, "base_pharmacy": 61.0, "delta_university": 3.0, "base_university": 31.0, "delta_mall": 1.0, "base_mall": 9.0, "net_delta": 11.0, "net_delta_n": 4 }, "geometry": { "type": "Polygon", "coordinates": [ [ [ 14.544439, 53.437717 ], [ 14.546371, 53.440039 ], [ 14.550705, 53.440201 ], [ 14.553106, 53.438041 ], [ 14.551174, 53.435719 ], [ 14.54684, 53.435557 ], [ 14.544439, 53.437717 ] ] ] } },
{ "type": "Feature", "properties": { "hex_id": 361, "pop_total": 4957.43, "delta_school": 1.0, "base_school": 66.0, "delta_pharmacy": 4.0, "base_pharmacy": 83.0, "delta_university": 0.0, "base_university": 40.0, "delta_mall": 0.0, "base_mall": 15.0, "net_delta": 5.0, "net_delta_n": 4 }, "geometry": { "type": "Polygon", "coordinates": [ [ [ 14.544908, 53.433235 ], [ 14.54684, 53.435557 ], [ 14.551174, 53.435719 ], [ 14.553575, 53.433559 ], [ 14.551643, 53.431237 ], [ 14.54731, 53.431075 ], [ 14.544908, 53.433235 ] ] ] } },
{ "type": "Feature", "properties": { "hex_id": 362, "pop_total": 2903.4, "delta_school": 3.0, "base_school": 65.0, "delta_pharmacy": 1.0, "base_pharmacy": 83.0, "delta_university": 1.0, "base_university": 38.0, "delta_mall": 2.0, "base_mall": 13.0, "net_delta": 7.0, "net_delta_n": 4 }, "geometry": { "type": "Polygon", "coordinates": [ [ [ 14.545378, 53.428753 ], [ 14.54731, 53.431075 ], [ 14.551643, 53.431237 ], [ 14.554044, 53.429077 ], [ 14.552112, 53.426755 ], [ 14.547779, 53.426593 ], [ 14.545378, 53.428753 ] ] ] } },
{ "type": "Feature", "properties": { "hex_id": 363, "pop_total": 1710.29, "delta_school": -2.0, "base_school": 74.0, "delta_pharmacy": -5.0, "base_pharmacy": 97.0, "delta_university": 3.0, "base_university": 39.0, "delta_mall": -1.0, "base_mall": 17.0, "net_delta": -5.0, "net_delta_n": 4 }, "geometry": { "type": "Polygon", "coordinates": [ [ [ 14.545848, 53.424271 ], [ 14.547779, 53.426593 ], [ 14.552112, 53.426755 ], [ 14.554512, 53.424594 ], [ 14.552581, 53.422272 ], [ 14.548248, 53.422111 ], [ 14.545848, 53.424271 ] ] ] } },
{ "type": "Feature", "properties": { "hex_id": 364, "pop_total": 1553.17, "delta_school": 0.0, "base_school": 54.0, "delta_pharmacy": 1.0, "base_pharmacy": 66.0, "delta_university": 0.0, "base_university": 33.0, "delta_mall": 0.0, "base_mall": 13.0, "net_delta": 1.0, "net_delta_n": 4 }, "geometry": { "type": "Polygon", "coordinates": [ [ [ 14.546317, 53.419789 ], [ 14.548248, 53.422111 ], [ 14.552581, 53.422272 ], [ 14.554981, 53.420112 ], [ 14.553049, 53.41779 ], [ 14.548717, 53.417629 ], [ 14.546317, 53.419789 ] ] ] } },
{ "type": "Feature", "properties": { "hex_id": 365, "pop_total": 395.8, "delta_school": 0.0, "base_school": 1.0, "delta_pharmacy": 0.0, "base_pharmacy": 4.0, "delta_university": null, "base_university": 0.0, "delta_mall": null, "base_mall": 0.0, "net_delta": 0.0, "net_delta_n": 2 }, "geometry": { "type": "Polygon", "coordinates": [ [ [ 14.546786, 53.415307 ], [ 14.548717, 53.417629 ], [ 14.553049, 53.41779 ], [ 14.555449, 53.41563 ], [ 14.553518, 53.413308 ], [ 14.549186, 53.413146 ], [ 14.546786, 53.415307 ] ] ] } },
{ "type": "Feature", "properties": { "hex_id": 366, "pop_total": 0.67, "delta_school": null, "base_school": 0.0, "delta_pharmacy": 0.0, "base_pharmacy": 1.0, "delta_university": null, "base_university": 0.0, "delta_mall": null, "base_mall": 0.0, "net_delta": 0.0, "net_delta_n": 1 }, "geometry": { "type": "Polygon", "coordinates": [ [ [ 14.547255, 53.410824 ], [ 14.549186, 53.413146 ], [ 14.553518, 53.413308 ], [ 14.555917, 53.411148 ], [ 14.553986, 53.408826 ], [ 14.549655, 53.408664 ], [ 14.547255, 53.410824 ] ] ] } },
{ "type": "Feature", "properties": { "hex_id": 367, "pop_total": 0.59, "delta_school": null, "base_school": 0.0, "delta_pharmacy": null, "base_pharmacy": 0.0, "delta_university": null, "base_university": 0.0, "delta_mall": null, "base_mall": 0.0, "net_delta": null, "net_delta_n": 0 }, "geometry": { "type": "Polygon", "coordinates": [ [ [ 14.547724, 53.406342 ], [ 14.549655, 53.408664 ], [ 14.553986, 53.408826 ], [ 14.556385, 53.406665 ], [ 14.554454, 53.404344 ], [ 14.550124, 53.404182 ], [ 14.547724, 53.406342 ] ] ] } },
{ "type": "Feature", "properties": { "hex_id": 368, "pop_total": 0.62, "delta_school": null, "base_school": 0.0, "delta_pharmacy": null, "base_pharmacy": 0.0, "delta_university": null, "base_university": 0.0, "delta_mall": null, "base_mall": 0.0, "net_delta": null, "net_delta_n": 0 }, "geometry": { "type": "Polygon", "coordinates": [ [ [ 14.548193, 53.40186 ], [ 14.550124, 53.404182 ], [ 14.554454, 53.404344 ], [ 14.556853, 53.402183 ], [ 14.554922, 53.399861 ], [ 14.550592, 53.3997 ], [ 14.548193, 53.40186 ] ] ] } },
{ "type": "Feature", "properties": { "hex_id": 369, "pop_total": 0.86, "delta_school": null, "base_school": 0.0, "delta_pharmacy": null, "base_pharmacy": 0.0, "delta_university": null, "base_university": 0.0, "delta_mall": null, "base_mall": 0.0, "net_delta": null, "net_delta_n": 0 }, "geometry": { "type": "Polygon", "coordinates": [ [ [ 14.548662, 53.397378 ], [ 14.550592, 53.3997 ], [ 14.554922, 53.399861 ], [ 14.557321, 53.397701 ], [ 14.55539, 53.395379 ], [ 14.551061, 53.395218 ], [ 14.548662, 53.397378 ] ] ] } },
{ "type": "Feature", "properties": { "hex_id": 379, "pop_total": 203.05, "delta_school": 0.0, "base_school": 4.0, "delta_pharmacy": 0.0, "base_pharmacy": 3.0, "delta_university": null, "base_university": 0.0, "delta_mall": null, "base_mall": 0.0, "net_delta": 0.0, "net_delta_n": 2 }, "geometry": { "type": "Polygon", "coordinates": [ [ [ 14.554277, 53.343591 ], [ 14.556205, 53.345913 ], [ 14.56053, 53.346074 ], [ 14.562925, 53.343914 ], [ 14.560996, 53.341592 ], [ 14.556672, 53.341431 ], [ 14.554277, 53.343591 ] ] ] } },
{ "type": "Feature", "properties": { "hex_id": 382, "pop_total": 8.0, "delta_school": null, "base_school": 0.0, "delta_pharmacy": null, "base_pharmacy": 0.0, "delta_university": null, "base_university": 0.0, "delta_mall": null, "base_mall": 0.0, "net_delta": null, "net_delta_n": 0 }, "geometry": { "type": "Polygon", "coordinates": [ [ [ 14.555678, 53.330144 ], [ 14.557606, 53.332466 ], [ 14.561929, 53.332627 ], [ 14.564324, 53.330467 ], [ 14.562395, 53.328145 ], [ 14.558072, 53.327984 ], [ 14.555678, 53.330144 ] ] ] } },
{ "type": "Feature", "properties": { "hex_id": 385, "pop_total": 168.06, "delta_school": 0.0, "base_school": 1.0, "delta_pharmacy": 0.0, "base_pharmacy": 1.0, "delta_university": null, "base_university": 0.0, "delta_mall": 0.0, "base_mall": 1.0, "net_delta": 0.0, "net_delta_n": 3 }, "geometry": { "type": "Polygon", "coordinates": [ [ [ 14.546007, 53.485023 ], [ 14.547941, 53.487345 ], [ 14.55228, 53.487506 ], [ 14.554684, 53.485346 ], [ 14.552749, 53.483024 ], [ 14.548411, 53.482862 ], [ 14.546007, 53.485023 ] ] ] } },
{ "type": "Feature", "properties": { "hex_id": 386, "pop_total": 386.53, "delta_school": 0.0, "base_school": 2.0, "delta_pharmacy": 1.0, "base_pharmacy": 3.0, "delta_university": null, "base_university": 0.0, "delta_mall": 0.0, "base_mall": 1.0, "net_delta": 1.0, "net_delta_n": 3 }, "geometry": { "type": "Polygon", "coordinates": [ [ [ 14.546477, 53.48054 ], [ 14.548411, 53.482862 ], [ 14.552749, 53.483024 ], [ 14.555153, 53.480864 ], [ 14.553219, 53.478542 ], [ 14.548881, 53.47838 ], [ 14.546477, 53.48054 ] ] ] } },
{ "type": "Feature", "properties": { "hex_id": 387, "pop_total": 174.53, "delta_school": -1.0, "base_school": 3.0, "delta_pharmacy": 2.0, "base_pharmacy": 12.0, "delta_university": null, "base_university": 0.0, "delta_mall": 0.0, "base_mall": 2.0, "net_delta": 1.0, "net_delta_n": 3 }, "geometry": { "type": "Polygon", "coordinates": [ [ [ 14.546947, 53.476058 ], [ 14.548881, 53.47838 ], [ 14.553219, 53.478542 ], [ 14.555623, 53.476382 ], [ 14.553689, 53.47406 ], [ 14.549351, 53.473898 ], [ 14.546947, 53.476058 ] ] ] } },
{ "type": "Feature", "properties": { "hex_id": 388, "pop_total": 177.02, "delta_school": 3.0, "base_school": 9.0, "delta_pharmacy": 0.0, "base_pharmacy": 24.0, "delta_university": null, "base_university": 0.0, "delta_mall": 0.0, "base_mall": 4.0, "net_delta": 3.0, "net_delta_n": 3 }, "geometry": { "type": "Polygon", "coordinates": [ [ [ 14.547417, 53.471576 ], [ 14.549351, 53.473898 ], [ 14.553689, 53.47406 ], [ 14.556092, 53.4719 ], [ 14.554158, 53.469578 ], [ 14.549821, 53.469416 ], [ 14.547417, 53.471576 ] ] ] } },
{ "type": "Feature", "properties": { "hex_id": 389, "pop_total": 309.46, "delta_school": -1.0, "base_school": 8.0, "delta_pharmacy": 0.0, "base_pharmacy": 22.0, "delta_university": 0.0, "base_university": 1.0, "delta_mall": 0.0, "base_mall": 4.0, "net_delta": -1.0, "net_delta_n": 4 }, "geometry": { "type": "Polygon", "coordinates": [ [ [ 14.547887, 53.467094 ], [ 14.549821, 53.469416 ], [ 14.554158, 53.469578 ], [ 14.556561, 53.467418 ], [ 14.554627, 53.465096 ], [ 14.550291, 53.464934 ], [ 14.547887, 53.467094 ] ] ] } },
{ "type": "Feature", "properties": { "hex_id": 390, "pop_total": 521.41, "delta_school": 3.0, "base_school": 12.0, "delta_pharmacy": 7.0, "base_pharmacy": 25.0, "delta_university": 0.0, "base_university": 1.0, "delta_mall": 1.0, "base_mall": 4.0, "net_delta": 11.0, "net_delta_n": 4 }, "geometry": { "type": "Polygon", "coordinates": [ [ [ 14.548357, 53.462612 ], [ 14.550291, 53.464934 ], [ 14.554627, 53.465096 ], [ 14.55703, 53.462935 ], [ 14.555096, 53.460613 ], [ 14.55076, 53.460452 ], [ 14.548357, 53.462612 ] ] ] } },
{ "type": "Feature", "properties": { "hex_id": 391, "pop_total": 683.2, "delta_school": 3.0, "base_school": 15.0, "delta_pharmacy": 6.0, "base_pharmacy": 27.0, "delta_university": 0.0, "base_university": 2.0, "delta_mall": 1.0, "base_mall": 4.0, "net_delta": 10.0, "net_delta_n": 4 }, "geometry": { "type": "Polygon", "coordinates": [ [ [ 14.548827, 53.45813 ], [ 14.55076, 53.460452 ], [ 14.555096, 53.460613 ], [ 14.557499, 53.458453 ], [ 14.555565, 53.456131 ], [ 14.55123, 53.45597 ], [ 14.548827, 53.45813 ] ] ] } },
{ "type": "Feature", "properties": { "hex_id": 392, "pop_total": 3071.26, "delta_school": 1.0, "base_school": 27.0, "delta_pharmacy": 0.0, "base_pharmacy": 39.0, "delta_university": 0.0, "base_university": 5.0, "delta_mall": 0.0, "base_mall": 6.0, "net_delta": 1.0, "net_delta_n": 4 }, "geometry": { "type": "Polygon", "coordinates": [ [ [ 14.549297, 53.453648 ], [ 14.55123, 53.45597 ], [ 14.555565, 53.456131 ], [ 14.557968, 53.453971 ], [ 14.556034, 53.451649 ], [ 14.551699, 53.451487 ], [ 14.549297, 53.453648 ] ] ] } },
{ "type": "Feature", "properties": { "hex_id": 393, "pop_total": 2243.45, "delta_school": -1.0, "base_school": 31.0, "delta_pharmacy": 0.0, "base_pharmacy": 45.0, "delta_university": -1.0, "base_university": 4.0, "delta_mall": 0.0, "base_mall": 6.0, "net_delta": -2.0, "net_delta_n": 4 }, "geometry": { "type": "Polygon", "coordinates": [ [ [ 14.549766, 53.449165 ], [ 14.551699, 53.451487 ], [ 14.556034, 53.451649 ], [ 14.558436, 53.449489 ], [ 14.556503, 53.447167 ], [ 14.552168, 53.447005 ], [ 14.549766, 53.449165 ] ] ] } },
{ "type": "Feature", "properties": { "hex_id": 394, "pop_total": 4912.42, "delta_school": 1.0, "base_school": 43.0, "delta_pharmacy": 0.0, "base_pharmacy": 54.0, "delta_university": 0.0, "base_university": 11.0, "delta_mall": 0.0, "base_mall": 7.0, "net_delta": 1.0, "net_delta_n": 4 }, "geometry": { "type": "Polygon", "coordinates": [ [ [ 14.550236, 53.444683 ], [ 14.552168, 53.447005 ], [ 14.556503, 53.447167 ], [ 14.558905, 53.445007 ], [ 14.556972, 53.442685 ], [ 14.552637, 53.442523 ], [ 14.550236, 53.444683 ] ] ] } },
{ "type": "Feature", "properties": { "hex_id": 395, "pop_total": 1882.94, "delta_school": 2.0, "base_school": 51.0, "delta_pharmacy": 1.0, "base_pharmacy": 63.0, "delta_university": 5.0, "base_university": 16.0, "delta_mall": 0.0, "base_mall": 7.0, "net_delta": 8.0, "net_delta_n": 4 }, "geometry": { "type": "Polygon", "coordinates": [ [ [ 14.550705, 53.440201 ], [ 14.552637, 53.442523 ], [ 14.556972, 53.442685 ], [ 14.559373, 53.440524 ], [ 14.55744, 53.438202 ], [ 14.553106, 53.438041 ], [ 14.550705, 53.440201 ] ] ] } },
{ "type": "Feature", "properties": { "hex_id": 396, "pop_total": 3047.09, "delta_school": 1.0, "base_school": 58.0, "delta_pharmacy": -3.0, "base_pharmacy": 73.0, "delta_university": 4.0, "base_university": 28.0, "delta_mall": 0.0, "base_mall": 10.0, "net_delta": 2.0, "net_delta_n": 4 }, "geometry": { "type": "Polygon", "coordinates": [ [ [ 14.551174, 53.435719 ], [ 14.553106, 53.438041 ], [ 14.55744, 53.438202 ], [ 14.559841, 53.436042 ], [ 14.557909, 53.43372 ], [ 14.553575, 53.433559 ], [ 14.551174, 53.435719 ] ] ] } },
{ "type": "Feature", "properties": { "hex_id": 397, "pop_total": 1896.77, "delta_school": 2.0, "base_school": 69.0, "delta_pharmacy": 2.0, "base_pharmacy": 89.0, "delta_university": 0.0, "base_university": 37.0, "delta_mall": -1.0, "base_mall": 16.0, "net_delta": 3.0, "net_delta_n": 4 }, "geometry": { "type": "Polygon", "coordinates": [ [ [ 14.551643, 53.431237 ], [ 14.553575, 53.433559 ], [ 14.557909, 53.43372 ], [ 14.560309, 53.43156 ], [ 14.558377, 53.429238 ], [ 14.554044, 53.429077 ], [ 14.551643, 53.431237 ] ] ] } },
{ "type": "Feature", "properties": { "hex_id": 398, "pop_total": 1468.39, "delta_school": 0.0, "base_school": 57.0, "delta_pharmacy": 3.0, "base_pharmacy": 69.0, "delta_university": 0.0, "base_university": 32.0, "delta_mall": 1.0, "base_mall": 10.0, "net_delta": 4.0, "net_delta_n": 4 }, "geometry": { "type": "Polygon", "coordinates": [ [ [ 14.552112, 53.426755 ], [ 14.554044, 53.429077 ], [ 14.558377, 53.429238 ], [ 14.560777, 53.427078 ], [ 14.558845, 53.424756 ], [ 14.554512, 53.424594 ], [ 14.552112, 53.426755 ] ] ] } },
{ "type": "Feature", "properties": { "hex_id": 399, "pop_total": 1047.94, "delta_school": 5.0, "base_school": 59.0, "delta_pharmacy": -7.0, "base_pharmacy": 90.0, "delta_university": 0.0, "base_university": 32.0, "delta_mall": 0.0, "base_mall": 16.0, "net_delta": -2.0, "net_delta_n": 4 }, "geometry": { "type": "Polygon", "coordinates": [ [ [ 14.552581, 53.422272 ], [ 14.554512, 53.424594 ], [ 14.558845, 53.424756 ], [ 14.561245, 53.422595 ], [ 14.559313, 53.420274 ], [ 14.554981, 53.420112 ], [ 14.552581, 53.422272 ] ] ] } },
{ "type": "Feature", "properties": { "hex_id": 400, "pop_total": 17.54, "delta_school": 2.0, "base_school": 15.0, "delta_pharmacy": 3.0, "base_pharmacy": 25.0, "delta_university": 2.0, "base_university": 7.0, "delta_mall": 0.0, "base_mall": 4.0, "net_delta": 7.0, "net_delta_n": 4 }, "geometry": { "type": "Polygon", "coordinates": [ [ [ 14.553049, 53.41779 ], [ 14.554981, 53.420112 ], [ 14.559313, 53.420274 ], [ 14.561713, 53.418113 ], [ 14.559781, 53.415791 ], [ 14.555449, 53.41563 ], [ 14.553049, 53.41779 ] ] ] } },
{ "type": "Feature", "properties": { "hex_id": 401, "pop_total": 73.74, "delta_school": -1.0, "base_school": 1.0, "delta_pharmacy": -3.0, "base_pharmacy": 4.0, "delta_university": null, "base_university": 0.0, "delta_mall": null, "base_mall": 0.0, "net_delta": -4.0, "net_delta_n": 2 }, "geometry": { "type": "Polygon", "coordinates": [ [ [ 14.553518, 53.413308 ], [ 14.555449, 53.41563 ], [ 14.559781, 53.415791 ], [ 14.56218, 53.413631 ], [ 14.560248, 53.411309 ], [ 14.555917, 53.411148 ], [ 14.553518, 53.413308 ] ] ] } },
{ "type": "Feature", "properties": { "hex_id": 402, "pop_total": 97.94, "delta_school": 0.0, "base_school": 1.0, "delta_pharmacy": -3.0, "base_pharmacy": 4.0, "delta_university": null, "base_university": 0.0, "delta_mall": null, "base_mall": 0.0, "net_delta": -3.0, "net_delta_n": 2 }, "geometry": { "type": "Polygon", "coordinates": [ [ [ 14.553986, 53.408826 ], [ 14.555917, 53.411148 ], [ 14.560248, 53.411309 ], [ 14.562648, 53.409149 ], [ 14.560716, 53.406827 ], [ 14.556385, 53.406665 ], [ 14.553986, 53.408826 ] ] ] } },
{ "type": "Feature", "properties": { "hex_id": 403, "pop_total": 29.92, "delta_school": null, "base_school": 0.0, "delta_pharmacy": null, "base_pharmacy": 0.0, "delta_university": null, "base_university": 0.0, "delta_mall": null, "base_mall": 0.0, "net_delta": null, "net_delta_n": 0 }, "geometry": { "type": "Polygon", "coordinates": [ [ [ 14.554454, 53.404344 ], [ 14.556385, 53.406665 ], [ 14.560716, 53.406827 ], [ 14.563115, 53.404666 ], [ 14.561184, 53.402345 ], [ 14.556853, 53.402183 ], [ 14.554454, 53.404344 ] ] ] } },
{ "type": "Feature", "properties": { "hex_id": 404, "pop_total": 6.64, "delta_school": null, "base_school": 0.0, "delta_pharmacy": 0.0, "base_pharmacy": 1.0, "delta_university": null, "base_university": 0.0, "delta_mall": null, "base_mall": 0.0, "net_delta": 0.0, "net_delta_n": 1 }, "geometry": { "type": "Polygon", "coordinates": [ [ [ 14.554922, 53.399861 ], [ 14.556853, 53.402183 ], [ 14.561184, 53.402345 ], [ 14.563582, 53.400184 ], [ 14.561651, 53.397862 ], [ 14.557321, 53.397701 ], [ 14.554922, 53.399861 ] ] ] } },
{ "type": "Feature", "properties": { "hex_id": 405, "pop_total": 1.5, "delta_school": null, "base_school": 0.0, "delta_pharmacy": 0.0, "base_pharmacy": 1.0, "delta_university": null, "base_university": 0.0, "delta_mall": null, "base_mall": 0.0, "net_delta": 0.0, "net_delta_n": 1 }, "geometry": { "type": "Polygon", "coordinates": [ [ [ 14.55539, 53.395379 ], [ 14.557321, 53.397701 ], [ 14.561651, 53.397862 ], [ 14.564049, 53.395702 ], [ 14.562118, 53.39338 ], [ 14.557789, 53.393219 ], [ 14.55539, 53.395379 ] ] ] } },
{ "type": "Feature", "properties": { "hex_id": 413, "pop_total": 6.98, "delta_school": 0.0, "base_school": 1.0, "delta_pharmacy": 0.0, "base_pharmacy": 1.0, "delta_university": null, "base_university": 0.0, "delta_mall": null, "base_mall": 0.0, "net_delta": 0.0, "net_delta_n": 2 }, "geometry": { "type": "Polygon", "coordinates": [ [ [ 14.560063, 53.350556 ], [ 14.561993, 53.352878 ], [ 14.566318, 53.353039 ], [ 14.568713, 53.350879 ], [ 14.566784, 53.348557 ], [ 14.562459, 53.348396 ], [ 14.560063, 53.350556 ] ] ] } },
{ "type": "Feature", "properties": { "hex_id": 414, "pop_total": 310.81, "delta_school": 0.0, "base_school": 4.0, "delta_pharmacy": 0.0, "base_pharmacy": 3.0, "delta_university": null, "base_university": 0.0, "delta_mall": null, "base_mall": 0.0, "net_delta": 0.0, "net_delta_n": 2 }, "geometry": { "type": "Polygon", "coordinates": [ [ [ 14.56053, 53.346074 ], [ 14.562459, 53.348396 ], [ 14.566784, 53.348557 ], [ 14.569179, 53.346396 ], [ 14.56725, 53.344075 ], [ 14.562925, 53.343914 ], [ 14.56053, 53.346074 ] ] ] } },
{ "type": "Feature", "properties": { "hex_id": 415, "pop_total": 43.47, "delta_school": 0.0, "base_school": 1.0, "delta_pharmacy": 0.0, "base_pharmacy": 1.0, "delta_university": null, "base_university": 0.0, "delta_mall": null, "base_mall": 0.0, "net_delta": 0.0, "net_delta_n": 2 }, "geometry": { "type": "Polygon", "coordinates": [ [ [ 14.560996, 53.341592 ], [ 14.562925, 53.343914 ], [ 14.56725, 53.344075 ], [ 14.569645, 53.341914 ], [ 14.567715, 53.339592 ], [ 14.563392, 53.339431 ], [ 14.560996, 53.341592 ] ] ] } },
{ "type": "Feature", "properties": { "hex_id": 426, "pop_total": 33.76, "delta_school": 0.0, "base_school": 1.0, "delta_pharmacy": 0.0, "base_pharmacy": 1.0, "delta_university": null, "base_university": 0.0, "delta_mall": null, "base_mall": 0.0, "net_delta": 0.0, "net_delta_n": 2 }, "geometry": { "type": "Polygon", "coordinates": [ [ [ 14.552749, 53.483024 ], [ 14.554684, 53.485346 ], [ 14.559023, 53.485508 ], [ 14.561426, 53.483347 ], [ 14.559492, 53.481026 ], [ 14.555153, 53.480864 ], [ 14.552749, 53.483024 ] ] ] } },
{ "type": "Feature", "properties": { "hex_id": 427, "pop_total": 169.61, "delta_school": null, "base_school": 0.0, "delta_pharmacy": null, "base_pharmacy": 0.0, "delta_university": null, "base_university": 0.0, "delta_mall": null, "base_mall": 0.0, "net_delta": null, "net_delta_n": 0 }, "geometry": { "type": "Polygon", "coordinates": [ [ [ 14.553219, 53.478542 ], [ 14.555153, 53.480864 ], [ 14.559492, 53.481026 ], [ 14.561895, 53.478865 ], [ 14.55996, 53.476543 ], [ 14.555623, 53.476382 ], [ 14.553219, 53.478542 ] ] ] } },
{ "type": "Feature", "properties": { "hex_id": 428, "pop_total": 5.34, "delta_school": 0.0, "base_school": 1.0, "delta_pharmacy": 0.0, "base_pharmacy": 3.0, "delta_university": null, "base_university": 0.0, "delta_mall": 0.0, "base_mall": 1.0, "net_delta": 0.0, "net_delta_n": 3 }, "geometry": { "type": "Polygon", "coordinates": [ [ [ 14.553689, 53.47406 ], [ 14.555623, 53.476382 ], [ 14.55996, 53.476543 ], [ 14.562364, 53.474383 ], [ 14.560429, 53.472061 ], [ 14.556092, 53.4719 ], [ 14.553689, 53.47406 ] ] ] } },
{ "type": "Feature", "properties": { "hex_id": 429, "pop_total": 608.09, "delta_school": 0.0, "base_school": 7.0, "delta_pharmacy": 0.0, "base_pharmacy": 16.0, "delta_university": null, "base_university": 0.0, "delta_mall": 0.0, "base_mall": 3.0, "net_delta": 0.0, "net_delta_n": 3 }, "geometry": { "type": "Polygon", "coordinates": [ [ [ 14.554158, 53.469578 ], [ 14.556092, 53.4719 ], [ 14.560429, 53.472061 ], [ 14.562832, 53.469901 ], [ 14.560898, 53.467579 ], [ 14.556561, 53.467418 ], [ 14.554158, 53.469578 ] ] ] } },
{ "type": "Feature", "properties": { "hex_id": 430, "pop_total": 1154.97, "delta_school": 0.0, "base_school": 6.0, "delta_pharmacy": 0.0, "base_pharmacy": 20.0, "delta_university": null, "base_university": 0.0, "delta_mall": 1.0, "base_mall": 3.0, "net_delta": 1.0, "net_delta_n": 3 }, "geometry": { "type": "Polygon", "coordinates": [ [ [ 14.554627, 53.465096 ], [ 14.556561, 53.467418 ], [ 14.560898, 53.467579 ], [ 14.5633, 53.465419 ], [ 14.561366, 53.463097 ], [ 14.55703, 53.462935 ], [ 14.554627, 53.465096 ] ] ] } },
{ "type": "Feature", "properties": { "hex_id": 431, "pop_total": 1545.4, "delta_school": 0.0, "base_school": 10.0, "delta_pharmacy": 0.0, "base_pharmacy": 20.0, "delta_university": 0.0, "base_university": 1.0, "delta_mall": 0.0, "base_mall": 3.0, "net_delta": 0.0, "net_delta_n": 4 }, "geometry": { "type": "Polygon", "coordinates": [ [ [ 14.555096, 53.460613 ], [ 14.55703, 53.462935 ], [ 14.561366, 53.463097 ], [ 14.563769, 53.460936 ], [ 14.561835, 53.458615 ], [ 14.557499, 53.458453 ], [ 14.555096, 53.460613 ] ] ] } },
{ "type": "Feature", "properties": { "hex_id": 432, "pop_total": 3648.06, "delta_school": 0.0, "base_school": 26.0, "delta_pharmacy": 1.0, "base_pharmacy": 47.0, "delta_university": -1.0, "base_university": 2.0, "delta_mall": 0.0, "base_mall": 6.0, "net_delta": 0.0, "net_delta_n": 4 }, "geometry": { "type": "Polygon", "coordinates": [ [ [ 14.555565, 53.456131 ], [ 14.557499, 53.458453 ], [ 14.561835, 53.458615 ], [ 14.564237, 53.456454 ], [ 14.562303, 53.454132 ], [ 14.557968, 53.453971 ], [ 14.555565, 53.456131 ] ] ] } },
{ "type": "Feature", "properties": { "hex_id": 433, "pop_total": 3554.78, "delta_school": 0.0, "base_school": 30.0, "delta_pharmacy": 0.0, "base_pharmacy": 54.0, "delta_university": 0.0, "base_university": 3.0, "delta_mall": 0.0, "base_mall": 8.0, "net_delta": 0.0, "net_delta_n": 4 }, "geometry": { "type": "Polygon", "coordinates": [ [ [ 14.556034, 53.451649 ], [ 14.557968, 53.453971 ], [ 14.562303, 53.454132 ], [ 14.564705, 53.451972 ], [ 14.562771, 53.44965 ], [ 14.558436, 53.449489 ], [ 14.556034, 53.451649 ] ] ] } },
{ "type": "Feature", "properties": { "hex_id": 434, "pop_total": 3254.86, "delta_school": 0.0, "base_school": 25.0, "delta_pharmacy": 0.0, "base_pharmacy": 42.0, "delta_university": 0.0, "base_university": 3.0, "delta_mall": 0.0, "base_mall": 5.0, "net_delta": 0.0, "net_delta_n": 4 }, "geometry": { "type": "Polygon", "coordinates": [ [ [ 14.556503, 53.447167 ], [ 14.558436, 53.449489 ], [ 14.562771, 53.44965 ], [ 14.565173, 53.44749 ], [ 14.563239, 53.445168 ], [ 14.558905, 53.445007 ], [ 14.556503, 53.447167 ] ] ] } },
{ "type": "Feature", "properties": { "hex_id": 435, "pop_total": 1615.47, "delta_school": 0.0, "base_school": 43.0, "delta_pharmacy": 0.0, "base_pharmacy": 58.0, "delta_university": 2.0, "base_university": 9.0, "delta_mall": 0.0, "base_mall": 7.0, "net_delta": 2.0, "net_delta_n": 4 }, "geometry": { "type": "Polygon", "coordinates": [ [ [ 14.556972, 53.442685 ], [ 14.558905, 53.445007 ], [ 14.563239, 53.445168 ], [ 14.56564, 53.443007 ], [ 14.563707, 53.440686 ], [ 14.559373, 53.440524 ], [ 14.556972, 53.442685 ] ] ] } },
{ "type": "Feature", "properties": { "hex_id": 436, "pop_total": 2508.34, "delta_school": -1.0, "base_school": 48.0, "delta_pharmacy": 2.0, "base_pharmacy": 59.0, "delta_university": -2.0, "base_university": 15.0, "delta_mall": 0.0, "base_mall": 7.0, "net_delta": -1.0, "net_delta_n": 4 }, "geometry": { "type": "Polygon", "coordinates": [ [ [ 14.55744, 53.438202 ], [ 14.559373, 53.440524 ], [ 14.563707, 53.440686 ], [ 14.566108, 53.438525 ], [ 14.564175, 53.436203 ], [ 14.559841, 53.436042 ], [ 14.55744, 53.438202 ] ] ] } },
{ "type": "Feature", "properties": { "hex_id": 437, "pop_total": 991.48, "delta_school": 1.0, "base_school": 50.0, "delta_pharmacy": 2.0, "base_pharmacy": 63.0, "delta_university": 4.0, "base_university": 17.0, "delta_mall": 1.0, "base_mall": 7.0, "net_delta": 8.0, "net_delta_n": 4 }, "geometry": { "type": "Polygon", "coordinates": [ [ [ 14.557909, 53.43372 ], [ 14.559841, 53.436042 ], [ 14.564175, 53.436203 ], [ 14.566575, 53.434043 ], [ 14.564642, 53.431721 ], [ 14.560309, 53.43156 ], [ 14.557909, 53.43372 ] ] ] } },
{ "type": "Feature", "properties": { "hex_id": 438, "pop_total": 816.25, "delta_school": 1.0, "base_school": 39.0, "delta_pharmacy": 0.0, "base_pharmacy": 52.0, "delta_university": 7.0, "base_university": 9.0, "delta_mall": 0.0, "base_mall": 6.0, "net_delta": 8.0, "net_delta_n": 4 }, "geometry": { "type": "Polygon", "coordinates": [ [ [ 14.558377, 53.429238 ], [ 14.560309, 53.43156 ], [ 14.564642, 53.431721 ], [ 14.567043, 53.429561 ], [ 14.56511, 53.427239 ], [ 14.560777, 53.427078 ], [ 14.558377, 53.429238 ] ] ] } },
{ "type": "Feature", "properties": { "hex_id": 439, "pop_total": 311.21, "delta_school": 8.0, "base_school": 41.0, "delta_pharmacy": 6.0, "base_pharmacy": 56.0, "delta_university": 6.0, "base_university": 25.0, "delta_mall": 0.0, "base_mall": 10.0, "net_delta": 20.0, "net_delta_n": 4 }, "geometry": { "type": "Polygon", "coordinates": [ [ [ 14.558845, 53.424756 ], [ 14.560777, 53.427078 ], [ 14.56511, 53.427239 ], [ 14.56751, 53.425078 ], [ 14.565577, 53.422757 ], [ 14.561245, 53.422595 ], [ 14.558845, 53.424756 ] ] ] } },
{ "type": "Feature", "properties": { "hex_id": 440, "pop_total": 5.92, "delta_school": 1.0, "base_school": 50.0, "delta_pharmacy": 6.0, "base_pharmacy": 59.0, "delta_university": 3.0, "base_university": 28.0, "delta_mall": 0.0, "base_mall": 10.0, "net_delta": 10.0, "net_delta_n": 4 }, "geometry": { "type": "Polygon", "coordinates": [ [ [ 14.559313, 53.420274 ], [ 14.561245, 53.422595 ], [ 14.565577, 53.422757 ], [ 14.567977, 53.420596 ], [ 14.566045, 53.418274 ], [ 14.561713, 53.418113 ], [ 14.559313, 53.420274 ] ] ] } },
{ "type": "Feature", "properties": { "hex_id": 441, "pop_total": 20.44, "delta_school": -1.0, "base_school": 8.0, "delta_pharmacy": 2.0, "base_pharmacy": 18.0, "delta_university": 1.0, "base_university": 2.0, "delta_mall": 1.0, "base_mall": 2.0, "net_delta": 3.0, "net_delta_n": 4 }, "geometry": { "type": "Polygon", "coordinates": [ [ [ 14.559781, 53.415791 ], [ 14.561713, 53.418113 ], [ 14.566045, 53.418274 ], [ 14.568444, 53.416114 ], [ 14.566512, 53.413792 ], [ 14.56218, 53.413631 ], [ 14.559781, 53.415791 ] ] ] } },
{ "type": "Feature", "properties": { "hex_id": 442, "pop_total": 22.63, "delta_school": -1.0, "base_school": 7.0, "delta_pharmacy": 1.0, "base_pharmacy": 13.0, "delta_university": 0.0, "base_university": 2.0, "delta_mall": 0.0, "base_mall": 2.0, "net_delta": 0.0, "net_delta_n": 4 }, "geometry": { "type": "Polygon", "coordinates": [ [ [ 14.560248, 53.411309 ], [ 14.56218, 53.413631 ], [ 14.566512, 53.413792 ], [ 14.568911, 53.411631 ], [ 14.566979, 53.40931 ], [ 14.562648, 53.409149 ], [ 14.560248, 53.411309 ] ] ] } },
{ "type": "Feature", "properties": { "hex_id": 443, "pop_total": 103.47, "delta_school": -1.0, "base_school": 1.0, "delta_pharmacy": -3.0, "base_pharmacy": 4.0, "delta_university": null, "base_university": 0.0, "delta_mall": null, "base_mall": 0.0, "net_delta": -4.0, "net_delta_n": 2 }, "geometry": { "type": "Polygon", "coordinates": [ [ [ 14.560716, 53.406827 ], [ 14.562648, 53.409149 ], [ 14.566979, 53.40931 ], [ 14.569378, 53.407149 ], [ 14.567446, 53.404827 ], [ 14.563115, 53.404666 ], [ 14.560716, 53.406827 ] ] ] } },
{ "type": "Feature", "properties": { "hex_id": 445, "pop_total": 1.72, "delta_school": null, "base_school": 0.0, "delta_pharmacy": null, "base_pharmacy": 0.0, "delta_university": null, "base_university": 0.0, "delta_mall": null, "base_mall": 0.0, "net_delta": null, "net_delta_n": 0 }, "geometry": { "type": "Polygon", "coordinates": [ [ [ 14.561651, 53.397862 ], [ 14.563582, 53.400184 ], [ 14.567912, 53.400345 ], [ 14.570311, 53.398185 ], [ 14.568379, 53.395863 ], [ 14.564049, 53.395702 ], [ 14.561651, 53.397862 ] ] ] } },
{ "type": "Feature", "properties": { "hex_id": 454, "pop_total": 27.78, "delta_school": null, "base_school": 0.0, "delta_pharmacy": 0.0, "base_pharmacy": 1.0, "delta_university": null, "base_university": 0.0, "delta_mall": null, "base_mall": 0.0, "net_delta": 0.0, "net_delta_n": 1 }, "geometry": { "type": "Polygon", "coordinates": [ [ [ 14.566318, 53.353039 ], [ 14.568247, 53.355361 ], [ 14.572573, 53.355522 ], [ 14.574968, 53.353361 ], [ 14.573038, 53.351039 ], [ 14.568713, 53.350879 ], [ 14.566318, 53.353039 ] ] ] } },
{ "type": "Feature", "properties": { "hex_id": 455, "pop_total": 561.25, "delta_school": 0.0, "base_school": 1.0, "delta_pharmacy": -1.0, "base_pharmacy": 2.0, "delta_university": null, "base_university": 0.0, "delta_mall": null, "base_mall": 0.0, "net_delta": -1.0, "net_delta_n": 2 }, "geometry": { "type": "Polygon", "coordinates": [ [ [ 14.566784, 53.348557 ], [ 14.568713, 53.350879 ], [ 14.573038, 53.351039 ], [ 14.575433, 53.348879 ], [ 14.573504, 53.346557 ], [ 14.569179, 53.346396 ], [ 14.566784, 53.348557 ] ] ] } },
{ "type": "Feature", "properties": { "hex_id": 456, "pop_total": 82.2, "delta_school": 0.0, "base_school": 1.0, "delta_pharmacy": 0.0, "base_pharmacy": 1.0, "delta_university": null, "base_university": 0.0, "delta_mall": null, "base_mall": 0.0, "net_delta": 0.0, "net_delta_n": 2 }, "geometry": { "type": "Polygon", "coordinates": [ [ [ 14.56725, 53.344075 ], [ 14.569179, 53.346396 ], [ 14.573504, 53.346557 ], [ 14.575898, 53.344396 ], [ 14.573969, 53.342075 ], [ 14.569645, 53.341914 ], [ 14.56725, 53.344075 ] ] ] } },
{ "type": "Feature", "properties": { "hex_id": 467, "pop_total": 3.71, "delta_school": null, "base_school": 0.0, "delta_pharmacy": null, "base_pharmacy": 0.0, "delta_university": null, "base_university": 0.0, "delta_mall": null, "base_mall": 0.0, "net_delta": null, "net_delta_n": 0 }, "geometry": { "type": "Polygon", "coordinates": [ [ [ 14.558084, 53.494472 ], [ 14.560019, 53.496794 ], [ 14.564359, 53.496956 ], [ 14.566763, 53.494795 ], [ 14.564828, 53.492473 ], [ 14.560489, 53.492312 ], [ 14.558084, 53.494472 ] ] ] } },
{ "type": "Feature", "properties": { "hex_id": 471, "pop_total": 13.88, "delta_school": null, "base_school": 0.0, "delta_pharmacy": 2.0, "base_pharmacy": 2.0, "delta_university": null, "base_university": 0.0, "delta_mall": null, "base_mall": 0.0, "net_delta": 2.0, "net_delta_n": 1 }, "geometry": { "type": "Polygon", "coordinates": [ [ [ 14.55996, 53.476543 ], [ 14.561895, 53.478865 ], [ 14.566233, 53.479027 ], [ 14.568636, 53.476866 ], [ 14.566701, 53.474544 ], [ 14.562364, 53.474383 ], [ 14.55996, 53.476543 ] ] ] } },
{ "type": "Feature", "properties": { "hex_id": 472, "pop_total": 358.99, "delta_school": 1.0, "base_school": 10.0, "delta_pharmacy": 3.0, "base_pharmacy": 22.0, "delta_university": null, "base_university": 0.0, "delta_mall": 0.0, "base_mall": 4.0, "net_delta": 4.0, "net_delta_n": 3 }, "geometry": { "type": "Polygon", "coordinates": [ [ [ 14.560429, 53.472061 ], [ 14.562364, 53.474383 ], [ 14.566701, 53.474544 ], [ 14.569104, 53.472384 ], [ 14.567169, 53.470062 ], [ 14.562832, 53.469901 ], [ 14.560429, 53.472061 ] ] ] } },
{ "type": "Feature", "properties": { "hex_id": 473, "pop_total": 1363.92, "delta_school": 0.0, "base_school": 7.0, "delta_pharmacy": 0.0, "base_pharmacy": 13.0, "delta_university": null, "base_university": 0.0, "delta_mall": 0.0, "base_mall": 2.0, "net_delta": 0.0, "net_delta_n": 3 }, "geometry": { "type": "Polygon", "coordinates": [ [ [ 14.560898, 53.467579 ], [ 14.562832, 53.469901 ], [ 14.567169, 53.470062 ], [ 14.569572, 53.467902 ], [ 14.567637, 53.46558 ], [ 14.5633, 53.465419 ], [ 14.560898, 53.467579 ] ] ] } },
{ "type": "Feature", "properties": { "hex_id": 474, "pop_total": 944.36, "delta_school": -2.0, "base_school": 10.0, "delta_pharmacy": -1.0, "base_pharmacy": 13.0, "delta_university": 0.0, "base_university": 1.0, "delta_mall": 0.0, "base_mall": 1.0, "net_delta": -3.0, "net_delta_n": 4 }, "geometry": { "type": "Polygon", "coordinates": [ [ [ 14.561366, 53.463097 ], [ 14.5633, 53.465419 ], [ 14.567637, 53.46558 ], [ 14.570039, 53.463419 ], [ 14.568105, 53.461098 ], [ 14.563769, 53.460936 ], [ 14.561366, 53.463097 ] ] ] } },
{ "type": "Feature", "properties": { "hex_id": 475, "pop_total": 449.8, "delta_school": 0.0, "base_school": 13.0, "delta_pharmacy": 0.0, "base_pharmacy": 22.0, "delta_university": 0.0, "base_university": 1.0, "delta_mall": 0.0, "base_mall": 2.0, "net_delta": 0.0, "net_delta_n": 4 }, "geometry": { "type": "Polygon", "coordinates": [ [ [ 14.561835, 53.458615 ], [ 14.563769, 53.460936 ], [ 14.568105, 53.461098 ], [ 14.570507, 53.458937 ], [ 14.568573, 53.456615 ], [ 14.564237, 53.456454 ], [ 14.561835, 53.458615 ] ] ] } },
{ "type": "Feature", "properties": { "hex_id": 476, "pop_total": 2036.5, "delta_school": -1.0, "base_school": 32.0, "delta_pharmacy": 0.0, "base_pharmacy": 54.0, "delta_university": 0.0, "base_university": 3.0, "delta_mall": 0.0, "base_mall": 8.0, "net_delta": -1.0, "net_delta_n": 4 }, "geometry": { "type": "Polygon", "coordinates": [ [ [ 14.562303, 53.454132 ], [ 14.564237, 53.456454 ], [ 14.568573, 53.456615 ], [ 14.570974, 53.454455 ], [ 14.56904, 53.452133 ], [ 14.564705, 53.451972 ], [ 14.562303, 53.454132 ] ] ] } },
{ "type": "Feature", "properties": { "hex_id": 477, "pop_total": 1771.41, "delta_school": -2.0, "base_school": 23.0, "delta_pharmacy": -2.0, "base_pharmacy": 44.0, "delta_university": 0.0, "base_university": 1.0, "delta_mall": -1.0, "base_mall": 5.0, "net_delta": -5.0, "net_delta_n": 4 }, "geometry": { "type": "Polygon", "coordinates": [ [ [ 14.562771, 53.44965 ], [ 14.564705, 53.451972 ], [ 14.56904, 53.452133 ], [ 14.571441, 53.449972 ], [ 14.569507, 53.447651 ], [ 14.565173, 53.44749 ], [ 14.562771, 53.44965 ] ] ] } },
{ "type": "Feature", "properties": { "hex_id": 478, "pop_total": 333.01, "delta_school": -1.0, "base_school": 16.0, "delta_pharmacy": 0.0, "base_pharmacy": 30.0, "delta_university": 0.0, "base_university": 2.0, "delta_mall": 0.0, "base_mall": 3.0, "net_delta": -1.0, "net_delta_n": 4 }, "geometry": { "type": "Polygon", "coordinates": [ [ [ 14.563239, 53.445168 ], [ 14.565173, 53.44749 ], [ 14.569507, 53.447651 ], [ 14.571908, 53.44549 ], [ 14.569975, 53.443169 ], [ 14.56564, 53.443007 ], [ 14.563239, 53.445168 ] ] ] } },
{ "type": "Feature", "properties": { "hex_id": 479, "pop_total": 4234.66, "delta_school": 0.0, "base_school": 43.0, "delta_pharmacy": 2.0, "base_pharmacy": 55.0, "delta_university": 0.0, "base_university": 13.0, "delta_mall": 0.0, "base_mall": 6.0, "net_delta": 2.0, "net_delta_n": 4 }, "geometry": { "type": "Polygon", "coordinates": [ [ [ 14.563707, 53.440686 ], [ 14.56564, 53.443007 ], [ 14.569975, 53.443169 ], [ 14.572375, 53.441008 ], [ 14.570442, 53.438686 ], [ 14.566108, 53.438525 ], [ 14.563707, 53.440686 ] ] ] } },
{ "type": "Feature", "properties": { "hex_id": 480, "pop_total": 4286.67, "delta_school": 2.0, "base_school": 54.0, "delta_pharmacy": 2.0, "base_pharmacy": 62.0, "delta_university": 0.0, "base_university": 30.0, "delta_mall": 1.0, "base_mall": 8.0, "net_delta": 5.0, "net_delta_n": 4 }, "geometry": { "type": "Polygon", "coordinates": [ [ [ 14.564175, 53.436203 ], [ 14.566108, 53.438525 ], [ 14.570442, 53.438686 ], [ 14.572842, 53.436526 ], [ 14.570909, 53.434204 ], [ 14.566575, 53.434043 ], [ 14.564175, 53.436203 ] ] ] } },
{ "type": "Feature", "properties": { "hex_id": 481, "pop_total": 993.1, "delta_school": 1.0, "base_school": 31.0, "delta_pharmacy": 1.0, "base_pharmacy": 43.0, "delta_university": 0.0, "base_university": 6.0, "delta_mall": 1.0, "base_mall": 5.0, "net_delta": 3.0, "net_delta_n": 4 }, "geometry": { "type": "Polygon", "coordinates": [ [ [ 14.564642, 53.431721 ], [ 14.566575, 53.434043 ], [ 14.570909, 53.434204 ], [ 14.573309, 53.432043 ], [ 14.571376, 53.429722 ], [ 14.567043, 53.429561 ], [ 14.564642, 53.431721 ] ] ] } },
{ "type": "Feature", "properties": { "hex_id": 485, "pop_total": 30.41, "delta_school": 6.0, "base_school": 19.0, "delta_pharmacy": 10.0, "base_pharmacy": 34.0, "delta_university": 2.0, "base_university": 10.0, "delta_mall": 1.0, "base_mall": 7.0, "net_delta": 19.0, "net_delta_n": 4 }, "geometry": { "type": "Polygon", "coordinates": [ [ [ 14.566512, 53.413792 ], [ 14.568444, 53.416114 ], [ 14.572776, 53.416275 ], [ 14.575175, 53.414114 ], [ 14.573242, 53.411792 ], [ 14.568911, 53.411631 ], [ 14.566512, 53.413792 ] ] ] } },
{ "type": "Feature", "properties": { "hex_id": 487, "pop_total": 4.71, "delta_school": null, "base_school": 0.0, "delta_pharmacy": null, "base_pharmacy": 0.0, "delta_university": null, "base_university": 0.0, "delta_mall": null, "base_mall": 0.0, "net_delta": null, "net_delta_n": 0 }, "geometry": { "type": "Polygon", "coordinates": [ [ [ 14.567446, 53.404827 ], [ 14.569378, 53.407149 ], [ 14.573708, 53.40731 ], [ 14.576107, 53.405149 ], [ 14.574174, 53.402828 ], [ 14.569844, 53.402667 ], [ 14.567446, 53.404827 ] ] ] } },
{ "type": "Feature", "properties": { "hex_id": 497, "pop_total": 53.93, "delta_school": 0.0, "base_school": 1.0, "delta_pharmacy": 0.0, "base_pharmacy": 2.0, "delta_university": null, "base_university": 0.0, "delta_mall": null, "base_mall": 0.0, "net_delta": 0.0, "net_delta_n": 2 }, "geometry": { "type": "Polygon", "coordinates": [ [ [ 14.572573, 53.355522 ], [ 14.574503, 53.357843 ], [ 14.578829, 53.358004 ], [ 14.581224, 53.355843 ], [ 14.579294, 53.353522 ], [ 14.574968, 53.353361 ], [ 14.572573, 53.355522 ] ] ] } },
{ "type": "Feature", "properties": { "hex_id": 498, "pop_total": 358.48, "delta_school": 0.0, "base_school": 4.0, "delta_pharmacy": 0.0, "base_pharmacy": 3.0, "delta_university": null, "base_university": 0.0, "delta_mall": null, "base_mall": 0.0, "net_delta": 0.0, "net_delta_n": 2 }, "geometry": { "type": "Polygon", "coordinates": [ [ [ 14.573038, 53.351039 ], [ 14.574968, 53.353361 ], [ 14.579294, 53.353522 ], [ 14.581689, 53.351361 ], [ 14.579758, 53.349039 ], [ 14.575433, 53.348879 ], [ 14.573038, 53.351039 ] ] ] } },
{ "type": "Feature", "properties": { "hex_id": 499, "pop_total": 132.13, "delta_school": 0.0, "base_school": 2.0, "delta_pharmacy": 0.0, "base_pharmacy": 1.0, "delta_university": null, "base_university": 0.0, "delta_mall": null, "base_mall": 0.0, "net_delta": 0.0, "net_delta_n": 2 }, "geometry": { "type": "Polygon", "coordinates": [ [ [ 14.573504, 53.346557 ], [ 14.575433, 53.348879 ], [ 14.579758, 53.349039 ], [ 14.582153, 53.346878 ], [ 14.580223, 53.344557 ], [ 14.575898, 53.344396 ], [ 14.573504, 53.346557 ] ] ] } },
{ "type": "Feature", "properties": { "hex_id": 500, "pop_total": 85.34, "delta_school": 0.0, "base_school": 1.0, "delta_pharmacy": 0.0, "base_pharmacy": 1.0, "delta_university": null, "base_university": 0.0, "delta_mall": null, "base_mall": 0.0, "net_delta": 0.0, "net_delta_n": 2 }, "geometry": { "type": "Polygon", "coordinates": [ [ [ 14.573969, 53.342075 ], [ 14.575898, 53.344396 ], [ 14.580223, 53.344557 ], [ 14.582617, 53.342396 ], [ 14.580687, 53.340074 ], [ 14.576363, 53.339914 ], [ 14.573969, 53.342075 ] ] ] } },
{ "type": "Feature", "properties": { "hex_id": 511, "pop_total": 0.9, "delta_school": null, "base_school": 0.0, "delta_pharmacy": 0.0, "base_pharmacy": 1.0, "delta_university": null, "base_university": 0.0, "delta_mall": null, "base_mall": 0.0, "net_delta": 0.0, "net_delta_n": 1 }, "geometry": { "type": "Polygon", "coordinates": [ [ [ 14.564828, 53.492473 ], [ 14.566763, 53.494795 ], [ 14.571103, 53.494956 ], [ 14.573507, 53.492796 ], [ 14.571571, 53.490474 ], [ 14.567232, 53.490313 ], [ 14.564828, 53.492473 ] ] ] } },
{ "type": "Feature", "properties": { "hex_id": 512, "pop_total": 189.94, "delta_school": null, "base_school": 0.0, "delta_pharmacy": 0.0, "base_pharmacy": 2.0, "delta_university": null, "base_university": 0.0, "delta_mall": null, "base_mall": 0.0, "net_delta": 0.0, "net_delta_n": 1 }, "geometry": { "type": "Polygon", "coordinates": [ [ [ 14.565296, 53.487991 ], [ 14.567232, 53.490313 ], [ 14.571571, 53.490474 ], [ 14.573974, 53.488313 ], [ 14.572039, 53.485992 ], [ 14.5677, 53.485831 ], [ 14.565296, 53.487991 ] ] ] } },
{ "type": "Feature", "properties": { "hex_id": 515, "pop_total": 40.98, "delta_school": null, "base_school": 0.0, "delta_pharmacy": 0.0, "base_pharmacy": 2.0, "delta_university": null, "base_university": 0.0, "delta_mall": null, "base_mall": 0.0, "net_delta": 0.0, "net_delta_n": 1 }, "geometry": { "type": "Polygon", "coordinates": [ [ [ 14.566701, 53.474544 ], [ 14.568636, 53.476866 ], [ 14.572974, 53.477027 ], [ 14.575377, 53.474867 ], [ 14.573441, 53.472545 ], [ 14.569104, 53.472384 ], [ 14.566701, 53.474544 ] ] ] } },
{ "type": "Feature", "properties": { "hex_id": 516, "pop_total": 426.95, "delta_school": -1.0, "base_school": 6.0, "delta_pharmacy": 1.0, "base_pharmacy": 8.0, "delta_university": null, "base_university": 0.0, "delta_mall": 0.0, "base_mall": 1.0, "net_delta": 0.0, "net_delta_n": 3 }, "geometry": { "type": "Polygon", "coordinates": [ [ [ 14.567169, 53.470062 ], [ 14.569104, 53.472384 ], [ 14.573441, 53.472545 ], [ 14.575844, 53.470384 ], [ 14.573909, 53.468063 ], [ 14.569572, 53.467902 ], [ 14.567169, 53.470062 ] ] ] } },
{ "type": "Feature", "properties": { "hex_id": 517, "pop_total": 99.15, "delta_school": -1.0, "base_school": 15.0, "delta_pharmacy": -1.0, "base_pharmacy": 24.0, "delta_university": 0.0, "base_university": 1.0, "delta_mall": -1.0, "base_mall": 4.0, "net_delta": -3.0, "net_delta_n": 4 }, "geometry": { "type": "Polygon", "coordinates": [ [ [ 14.567637, 53.46558 ], [ 14.569572, 53.467902 ], [ 14.573909, 53.468063 ], [ 14.576311, 53.465902 ], [ 14.574376, 53.46358 ], [ 14.570039, 53.463419 ], [ 14.567637, 53.46558 ] ] ] } },
{ "type": "Feature", "properties": { "hex_id": 518, "pop_total": 864.81, "delta_school": 0.0, "base_school": 20.0, "delta_pharmacy": 0.0, "base_pharmacy": 35.0, "delta_university": 0.0, "base_university": 1.0, "delta_mall": -1.0, "base_mall": 6.0, "net_delta": -1.0, "net_delta_n": 4 }, "geometry": { "type": "Polygon", "coordinates": [ [ [ 14.568105, 53.461098 ], [ 14.570039, 53.463419 ], [ 14.574376, 53.46358 ], [ 14.576778, 53.46142 ], [ 14.574843, 53.459098 ], [ 14.570507, 53.458937 ], [ 14.568105, 53.461098 ] ] ] } },
{ "type": "Feature", "properties": { "hex_id": 519, "pop_total": 81.5, "delta_school": -1.0, "base_school": 12.0, "delta_pharmacy": -3.0, "base_pharmacy": 24.0, "delta_university": 0.0, "base_university": 1.0, "delta_mall": -1.0, "base_mall": 3.0, "net_delta": -5.0, "net_delta_n": 4 }, "geometry": { "type": "Polygon", "coordinates": [ [ [ 14.568573, 53.456615 ], [ 14.570507, 53.458937 ], [ 14.574843, 53.459098 ], [ 14.577244, 53.456937 ], [ 14.57531, 53.454616 ], [ 14.570974, 53.454455 ], [ 14.568573, 53.456615 ] ] ] } },
{ "type": "Feature", "properties": { "hex_id": 520, "pop_total": 1100.07, "delta_school": null, "base_school": 0.0, "delta_pharmacy": null, "base_pharmacy": 0.0, "delta_university": null, "base_university": 0.0, "delta_mall": null, "base_mall": 0.0, "net_delta": null, "net_delta_n": 0 }, "geometry": { "type": "Polygon", "coordinates": [ [ [ 14.56904, 53.452133 ], [ 14.570974, 53.454455 ], [ 14.57531, 53.454616 ], [ 14.577711, 53.452455 ], [ 14.575777, 53.450133 ], [ 14.571441, 53.449972 ], [ 14.56904, 53.452133 ] ] ] } },
{ "type": "Feature", "properties": { "hex_id": 521, "pop_total": 1776.73, "delta_school": 1.0, "base_school": 30.0, "delta_pharmacy": 5.0, "base_pharmacy": 39.0, "delta_university": 0.0, "base_university": 4.0, "delta_mall": 0.0, "base_mall": 4.0, "net_delta": 6.0, "net_delta_n": 4 }, "geometry": { "type": "Polygon", "coordinates": [ [ [ 14.569507, 53.447651 ], [ 14.571441, 53.449972 ], [ 14.575777, 53.450133 ], [ 14.578177, 53.447973 ], [ 14.576243, 53.445651 ], [ 14.571908, 53.44549 ], [ 14.569507, 53.447651 ] ] ] } },
{ "type": "Feature", "properties": { "hex_id": 522, "pop_total": 206.75, "delta_school": 1.0, "base_school": 28.0, "delta_pharmacy": 2.0, "base_pharmacy": 41.0, "delta_university": -2.0, "base_university": 7.0, "delta_mall": 1.0, "base_mall": 3.0, "net_delta": 2.0, "net_delta_n": 4 }, "geometry": { "type": "Polygon", "coordinates": [ [ [ 14.569975, 53.443169 ], [ 14.571908, 53.44549 ], [ 14.576243, 53.445651 ], [ 14.578644, 53.44349 ], [ 14.57671, 53.441169 ], [ 14.572375, 53.441008 ], [ 14.569975, 53.443169 ] ] ] } },
{ "type": "Feature", "properties": { "hex_id": 523, "pop_total": 1990.3, "delta_school": 3.0, "base_school": 43.0, "delta_pharmacy": 5.0, "base_pharmacy": 53.0, "delta_university": 2.0, "base_university": 14.0, "delta_mall": 1.0, "base_mall": 5.0, "net_delta": 11.0, "net_delta_n": 4 }, "geometry": { "type": "Polygon", "coordinates": [ [ [ 14.570442, 53.438686 ], [ 14.572375, 53.441008 ], [ 14.57671, 53.441169 ], [ 14.57911, 53.439008 ], [ 14.577176, 53.436686 ], [ 14.572842, 53.436526 ], [ 14.570442, 53.438686 ] ] ] } },
{ "type": "Feature", "properties": { "hex_id": 524, "pop_total": 499.01, "delta_school": 0.0, "base_school": 22.0, "delta_pharmacy": 1.0, "base_pharmacy": 29.0, "delta_university": 0.0, "base_university": 2.0, "delta_mall": 0.0, "base_mall": 3.0, "net_delta": 1.0, "net_delta_n": 4 }, "geometry": { "type": "Polygon", "coordinates": [ [ [ 14.570909, 53.434204 ], [ 14.572842, 53.436526 ], [ 14.577176, 53.436686 ], [ 14.579576, 53.434526 ], [ 14.577642, 53.432204 ], [ 14.573309, 53.432043 ], [ 14.570909, 53.434204 ] ] ] } },
{ "type": "Feature", "properties": { "hex_id": 527, "pop_total": 5.68, "delta_school": -1.0, "base_school": 1.0, "delta_pharmacy": 0.0, "base_pharmacy": 4.0, "delta_university": null, "base_university": 0.0, "delta_mall": null, "base_mall": 0.0, "net_delta": -1.0, "net_delta_n": 2 }, "geometry": { "type": "Polygon", "coordinates": [ [ [ 14.572309, 53.420757 ], [ 14.574242, 53.423079 ], [ 14.578575, 53.423239 ], [ 14.580974, 53.421079 ], [ 14.57904, 53.418757 ], [ 14.574708, 53.418596 ], [ 14.572309, 53.420757 ] ] ] } },
{ "type": "Feature", "properties": { "hex_id": 528, "pop_total": 45.43, "delta_school": 0.0, "base_school": 7.0, "delta_pharmacy": 2.0, "base_pharmacy": 12.0, "delta_university": 0.0, "base_university": 2.0, "delta_mall": 0.0, "base_mall": 2.0, "net_delta": 2.0, "net_delta_n": 4 }, "geometry": { "type": "Polygon", "coordinates": [ [ [ 14.572776, 53.416275 ], [ 14.574708, 53.418596 ], [ 14.57904, 53.418757 ], [ 14.581439, 53.416596 ], [ 14.579506, 53.414275 ], [ 14.575175, 53.414114 ], [ 14.572776, 53.416275 ] ] ] } },
{ "type": "Feature", "properties": { "hex_id": 529, "pop_total": 178.03, "delta_school": 2.0, "base_school": 13.0, "delta_pharmacy": 2.0, "base_pharmacy": 26.0, "delta_university": 5.0, "base_university": 3.0, "delta_mall": 0.0, "base_mall": 4.0, "net_delta": 9.0, "net_delta_n": 4 }, "geometry": { "type": "Polygon", "coordinates": [ [ [ 14.573242, 53.411792 ], [ 14.575175, 53.414114 ], [ 14.579506, 53.414275 ], [ 14.581905, 53.412114 ], [ 14.579972, 53.409792 ], [ 14.575641, 53.409632 ], [ 14.573242, 53.411792 ] ] ] } },
{ "type": "Feature", "properties": { "hex_id": 531, "pop_total": 5.35, "delta_school": null, "base_school": 0.0, "delta_pharmacy": null, "base_pharmacy": 0.0, "delta_university": null, "base_university": 0.0, "delta_mall": null, "base_mall": 0.0, "net_delta": null, "net_delta_n": 0 }, "geometry": { "type": "Polygon", "coordinates": [ [ [ 14.574174, 53.402828 ], [ 14.576107, 53.405149 ], [ 14.580437, 53.40531 ], [ 14.582835, 53.403149 ], [ 14.580903, 53.400828 ], [ 14.576573, 53.400667 ], [ 14.574174, 53.402828 ] ] ] } },
{ "type": "Feature", "properties": { "hex_id": 541, "pop_total": 192.52, "delta_school": -1.0, "base_school": 5.0, "delta_pharmacy": 0.0, "base_pharmacy": 6.0, "delta_university": null, "base_university": 0.0, "delta_mall": null, "base_mall": 0.0, "net_delta": -1.0, "net_delta_n": 2 }, "geometry": { "type": "Polygon", "coordinates": [ [ [ 14.578829, 53.358004 ], [ 14.58076, 53.360325 ], [ 14.585086, 53.360486 ], [ 14.587481, 53.358325 ], [ 14.58555, 53.356003 ], [ 14.581224, 53.355843 ], [ 14.578829, 53.358004 ] ] ] } },
{ "type": "Feature", "properties": { "hex_id": 542, "pop_total": 69.07, "delta_school": 0.0, "base_school": 3.0, "delta_pharmacy": 0.0, "base_pharmacy": 3.0, "delta_university": null, "base_university": 0.0, "delta_mall": null, "base_mall": 0.0, "net_delta": 0.0, "net_delta_n": 2 }, "geometry": { "type": "Polygon", "coordinates": [ [ [ 14.579294, 53.353522 ], [ 14.581224, 53.355843 ], [ 14.58555, 53.356003 ], [ 14.587945, 53.353842 ], [ 14.586014, 53.351521 ], [ 14.581689, 53.351361 ], [ 14.579294, 53.353522 ] ] ] } },
{ "type": "Feature", "properties": { "hex_id": 544, "pop_total": 18.42, "delta_school": 0.0, "base_school": 1.0, "delta_pharmacy": 0.0, "base_pharmacy": 1.0, "delta_university": null, "base_university": 0.0, "delta_mall": null, "base_mall": 0.0, "net_delta": 0.0, "net_delta_n": 2 }, "geometry": { "type": "Polygon", "coordinates": [ [ [ 14.580223, 53.344557 ], [ 14.582153, 53.346878 ], [ 14.586478, 53.347039 ], [ 14.588872, 53.344877 ], [ 14.586942, 53.342556 ], [ 14.582617, 53.342396 ], [ 14.580223, 53.344557 ] ] ] } },
{ "type": "Feature", "properties": { "hex_id": 556, "pop_total": 463.61, "delta_school": 2.0, "base_school": 4.0, "delta_pharmacy": 0.0, "base_pharmacy": 2.0, "delta_university": null, "base_university": 0.0, "delta_mall": 0.0, "base_mall": 1.0, "net_delta": 2.0, "net_delta_n": 3 }, "geometry": { "type": "Polygon", "coordinates": [ [ [ 14.571571, 53.490474 ], [ 14.573507, 53.492796 ], [ 14.577846, 53.492957 ], [ 14.58025, 53.490796 ], [ 14.578314, 53.488474 ], [ 14.573974, 53.488313 ], [ 14.571571, 53.490474 ] ] ] } },
{ "type": "Feature", "properties": { "hex_id": 557, "pop_total": 1065.59, "delta_school": 1.0, "base_school": 2.0, "delta_pharmacy": 0.0, "base_pharmacy": 2.0, "delta_university": null, "base_university": 0.0, "delta_mall": 0.0, "base_mall": 1.0, "net_delta": 1.0, "net_delta_n": 3 }, "geometry": { "type": "Polygon", "coordinates": [ [ [ 14.572039, 53.485992 ], [ 14.573974, 53.488313 ], [ 14.578314, 53.488474 ], [ 14.580717, 53.486314 ], [ 14.578781, 53.483992 ], [ 14.574442, 53.483831 ], [ 14.572039, 53.485992 ] ] ] } },
{ "type": "Feature", "properties": { "hex_id": 558, "pop_total": 48.92, "delta_school": null, "base_school": 0.0, "delta_pharmacy": 0.0, "base_pharmacy": 1.0, "delta_university": null, "base_university": 0.0, "delta_mall": null, "base_mall": 0.0, "net_delta": 0.0, "net_delta_n": 1 }, "geometry": { "type": "Polygon", "coordinates": [ [ [ 14.572506, 53.481509 ], [ 14.574442, 53.483831 ], [ 14.578781, 53.483992 ], [ 14.581183, 53.481831 ], [ 14.579248, 53.47951 ], [ 14.574909, 53.479349 ], [ 14.572506, 53.481509 ] ] ] } },
{ "type": "Feature", "properties": { "hex_id": 560, "pop_total": 99.18, "delta_school": 0.0, "base_school": 3.0, "delta_pharmacy": 0.0, "base_pharmacy": 5.0, "delta_university": null, "base_university": 0.0, "delta_mall": null, "base_mall": 0.0, "net_delta": 0.0, "net_delta_n": 2 }, "geometry": { "type": "Polygon", "coordinates": [ [ [ 14.573441, 53.472545 ], [ 14.575377, 53.474867 ], [ 14.579714, 53.475027 ], [ 14.582116, 53.472867 ], [ 14.580181, 53.470545 ], [ 14.575844, 53.470384 ], [ 14.573441, 53.472545 ] ] ] } },
{ "type": "Feature", "properties": { "hex_id": 561, "pop_total": 209.79, "delta_school": -1.0, "base_school": 23.0, "delta_pharmacy": 0.0, "base_pharmacy": 36.0, "delta_university": 0.0, "base_university": 1.0, "delta_mall": 0.0, "base_mall": 5.0, "net_delta": -1.0, "net_delta_n": 4 }, "geometry": { "type": "Polygon", "coordinates": [ [ [ 14.573909, 53.468063 ], [ 14.575844, 53.470384 ], [ 14.580181, 53.470545 ], [ 14.582583, 53.468384 ], [ 14.580647, 53.466063 ], [ 14.576311, 53.465902 ], [ 14.573909, 53.468063 ] ] ] } },
{ "type": "Feature", "properties": { "hex_id": 562, "pop_total": 837.11, "delta_school": -1.0, "base_school": 27.0, "delta_pharmacy": -1.0, "base_pharmacy": 39.0, "delta_university": 0.0, "base_university": 1.0, "delta_mall": 0.0, "base_mall": 6.0, "net_delta": -2.0, "net_delta_n": 4 }, "geometry": { "type": "Polygon", "coordinates": [ [ [ 14.574376, 53.46358 ], [ 14.576311, 53.465902 ], [ 14.580647, 53.466063 ], [ 14.583049, 53.463902 ], [ 14.581114, 53.46158 ], [ 14.576778, 53.46142 ], [ 14.574376, 53.46358 ] ] ] } },
{ "type": "Feature", "properties": { "hex_id": 563, "pop_total": 2029.62, "delta_school": 2.0, "base_school": 14.0, "delta_pharmacy": 2.0, "base_pharmacy": 23.0, "delta_university": 0.0, "base_university": 1.0, "delta_mall": 1.0, "base_mall": 2.0, "net_delta": 5.0, "net_delta_n": 4 }, "geometry": { "type": "Polygon", "coordinates": [ [ [ 14.574843, 53.459098 ], [ 14.576778, 53.46142 ], [ 14.581114, 53.46158 ], [ 14.583515, 53.45942 ], [ 14.58158, 53.457098 ], [ 14.577244, 53.456937 ], [ 14.574843, 53.459098 ] ] ] } },
{ "type": "Feature", "properties": { "hex_id": 564, "pop_total": 806.51, "delta_school": 0.0, "base_school": 5.0, "delta_pharmacy": 2.0, "base_pharmacy": 6.0, "delta_university": null, "base_university": 0.0, "delta_mall": null, "base_mall": 0.0, "net_delta": 2.0, "net_delta_n": 2 }, "geometry": { "type": "Polygon", "coordinates": [ [ [ 14.57531, 53.454616 ], [ 14.577244, 53.456937 ], [ 14.58158, 53.457098 ], [ 14.583981, 53.454937 ], [ 14.582046, 53.452616 ], [ 14.577711, 53.452455 ], [ 14.57531, 53.454616 ] ] ] } },
{ "type": "Feature", "properties": { "hex_id": 565, "pop_total": 55.44, "delta_school": 1.0, "base_school": 14.0, "delta_pharmacy": 1.0, "base_pharmacy": 21.0, "delta_university": 0.0, "base_university": 1.0, "delta_mall": 1.0, "base_mall": 2.0, "net_delta": 3.0, "net_delta_n": 4 }, "geometry": { "type": "Polygon", "coordinates": [ [ [ 14.575777, 53.450133 ], [ 14.577711, 53.452455 ], [ 14.582046, 53.452616 ], [ 14.584447, 53.450455 ], [ 14.582512, 53.448133 ], [ 14.578177, 53.447973 ], [ 14.575777, 53.450133 ] ] ] } },
{ "type": "Feature", "properties": { "hex_id": 568, "pop_total": 62.46, "delta_school": null, "base_school": 0.0, "delta_pharmacy": null, "base_pharmacy": 0.0, "delta_university": null, "base_university": 0.0, "delta_mall": null, "base_mall": 0.0, "net_delta": null, "net_delta_n": 0 }, "geometry": { "type": "Polygon", "coordinates": [ [ [ 14.577176, 53.436686 ], [ 14.57911, 53.439008 ], [ 14.583444, 53.439169 ], [ 14.585844, 53.437008 ], [ 14.58391, 53.434686 ], [ 14.579576, 53.434526 ], [ 14.577176, 53.436686 ] ] ] } },
{ "type": "Feature", "properties": { "hex_id": 571, "pop_total": 5.68, "delta_school": null, "base_school": 0.0, "delta_pharmacy": 0.0, "base_pharmacy": 1.0, "delta_university": null, "base_university": 0.0, "delta_mall": null, "base_mall": 0.0, "net_delta": 0.0, "net_delta_n": 1 }, "geometry": { "type": "Polygon", "coordinates": [ [ [ 14.578575, 53.423239 ], [ 14.580508, 53.425561 ], [ 14.584841, 53.425721 ], [ 14.58724, 53.42356 ], [ 14.585306, 53.421239 ], [ 14.580974, 53.421079 ], [ 14.578575, 53.423239 ] ] ] } },
{ "type": "Feature", "properties": { "hex_id": 573, "pop_total": 11.36, "delta_school": null, "base_school": 0.0, "delta_pharmacy": 0.0, "base_pharmacy": 4.0, "delta_university": null, "base_university": 0.0, "delta_mall": null, "base_mall": 0.0, "net_delta": 0.0, "net_delta_n": 1 }, "geometry": { "type": "Polygon", "coordinates": [ [ [ 14.579506, 53.414275 ], [ 14.581439, 53.416596 ], [ 14.585771, 53.416757 ], [ 14.588169, 53.414596 ], [ 14.586236, 53.412274 ], [ 14.581905, 53.412114 ], [ 14.579506, 53.414275 ] ] ] } },
{ "type": "Feature", "properties": { "hex_id": 575, "pop_total": 7.59, "delta_school": null, "base_school": 0.0, "delta_pharmacy": 0.0, "base_pharmacy": 1.0, "delta_university": null, "base_university": 0.0, "delta_mall": null, "base_mall": 0.0, "net_delta": 0.0, "net_delta_n": 1 }, "geometry": { "type": "Polygon", "coordinates": [ [ [ 14.580437, 53.40531 ], [ 14.58237, 53.407631 ], [ 14.586701, 53.407792 ], [ 14.589099, 53.405631 ], [ 14.587166, 53.403309 ], [ 14.582835, 53.403149 ], [ 14.580437, 53.40531 ] ] ] } },
{ "type": "Feature", "properties": { "hex_id": 584, "pop_total": 57.96, "delta_school": 1.0, "base_school": 3.0, "delta_pharmacy": 2.0, "base_pharmacy": 4.0, "delta_university": null, "base_university": 0.0, "delta_mall": null, "base_mall": 0.0, "net_delta": 3.0, "net_delta_n": 2 }, "geometry": { "type": "Polygon", "coordinates": [ [ [ 14.584621, 53.364968 ], [ 14.586553, 53.36729 ], [ 14.59088, 53.36745 ], [ 14.593275, 53.365289 ], [ 14.591343, 53.362967 ], [ 14.587017, 53.362807 ], [ 14.584621, 53.364968 ] ] ] } },
{ "type": "Feature", "properties": { "hex_id": 585, "pop_total": 209.65, "delta_school": 0.0, "base_school": 8.0, "delta_pharmacy": 0.0, "base_pharmacy": 7.0, "delta_university": null, "base_university": 0.0, "delta_mall": 0.0, "base_mall": 1.0, "net_delta": 0.0, "net_delta_n": 3 }, "geometry": { "type": "Polygon", "coordinates": [ [ [ 14.585086, 53.360486 ], [ 14.587017, 53.362807 ], [ 14.591343, 53.362967 ], [ 14.593738, 53.360806 ], [ 14.591807, 53.358485 ], [ 14.587481, 53.358325 ], [ 14.585086, 53.360486 ] ] ] } },
{ "type": "Feature", "properties": { "hex_id": 586, "pop_total": 102.94, "delta_school": 0.0, "base_school": 3.0, "delta_pharmacy": 0.0, "base_pharmacy": 3.0, "delta_university": null, "base_university": 0.0, "delta_mall": null, "base_mall": 0.0, "net_delta": 0.0, "net_delta_n": 2 }, "geometry": { "type": "Polygon", "coordinates": [ [ [ 14.58555, 53.356003 ], [ 14.587481, 53.358325 ], [ 14.591807, 53.358485 ], [ 14.594201, 53.356324 ], [ 14.59227, 53.354002 ], [ 14.587945, 53.353842 ], [ 14.58555, 53.356003 ] ] ] } },
{ "type": "Feature", "properties": { "hex_id": 587, "pop_total": 48.43, "delta_school": 0.0, "base_school": 1.0, "delta_pharmacy": 0.0, "base_pharmacy": 1.0, "delta_university": null, "base_university": 0.0, "delta_mall": null, "base_mall": 0.0, "net_delta": 0.0, "net_delta_n": 2 }, "geometry": { "type": "Polygon", "coordinates": [ [ [ 14.586014, 53.351521 ], [ 14.587945, 53.353842 ], [ 14.59227, 53.354002 ], [ 14.594664, 53.351841 ], [ 14.592733, 53.34952 ], [ 14.588408, 53.34936 ], [ 14.586014, 53.351521 ] ] ] } },
{ "type": "Feature", "properties": { "hex_id": 588, "pop_total": 31.9, "delta_school": 0.0, "base_school": 1.0, "delta_pharmacy": 0.0, "base_pharmacy": 1.0, "delta_university": null, "base_university": 0.0, "delta_mall": null, "base_mall": 0.0, "net_delta": 0.0, "net_delta_n": 2 }, "geometry": { "type": "Polygon", "coordinates": [ [ [ 14.586478, 53.347039 ], [ 14.588408, 53.34936 ], [ 14.592733, 53.34952 ], [ 14.595127, 53.347359 ], [ 14.593197, 53.345037 ], [ 14.588872, 53.344877 ], [ 14.586478, 53.347039 ] ] ] } },
{ "type": "Feature", "properties": { "hex_id": 600, "pop_total": 605.82, "delta_school": -1.0, "base_school": 16.0, "delta_pharmacy": 0.0, "base_pharmacy": 14.0, "delta_university": null, "base_university": 0.0, "delta_mall": 0.0, "base_mall": 2.0, "net_delta": -1.0, "net_delta_n": 3 }, "geometry": { "type": "Polygon", "coordinates": [ [ [ 14.577846, 53.492957 ], [ 14.579783, 53.495278 ], [ 14.584123, 53.495439 ], [ 14.586526, 53.493278 ], [ 14.584589, 53.490957 ], [ 14.58025, 53.490796 ], [ 14.577846, 53.492957 ] ] ] } },
{ "type": "Feature", "properties": { "hex_id": 601, "pop_total": 659.72, "delta_school": 1.0, "base_school": 8.0, "delta_pharmacy": 0.0, "base_pharmacy": 8.0, "delta_university": null, "base_university": 0.0, "delta_mall": 0.0, "base_mall": 1.0, "net_delta": 1.0, "net_delta_n": 3 }, "geometry": { "type": "Polygon", "coordinates": [ [ [ 14.578314, 53.488474 ], [ 14.58025, 53.490796 ], [ 14.584589, 53.490957 ], [ 14.586992, 53.488796 ], [ 14.585055, 53.486474 ], [ 14.580717, 53.486314 ], [ 14.578314, 53.488474 ] ] ] } },
{ "type": "Feature", "properties": { "hex_id": 602, "pop_total": 699.05, "delta_school": 0.0, "base_school": 7.0, "delta_pharmacy": 0.0, "base_pharmacy": 7.0, "delta_university": null, "base_university": 0.0, "delta_mall": 0.0, "base_mall": 1.0, "net_delta": 0.0, "net_delta_n": 3 }, "geometry": { "type": "Polygon", "coordinates": [ [ [ 14.578781, 53.483992 ], [ 14.580717, 53.486314 ], [ 14.585055, 53.486474 ], [ 14.587458, 53.484313 ], [ 14.585522, 53.481992 ], [ 14.581183, 53.481831 ], [ 14.578781, 53.483992 ] ] ] } },
{ "type": "Feature", "properties": { "hex_id": 603, "pop_total": 164.02, "delta_school": 2.0, "base_school": 15.0, "delta_pharmacy": 4.0, "base_pharmacy": 9.0, "delta_university": 0.0, "base_university": 1.0, "delta_mall": 0.0, "base_mall": 1.0, "net_delta": 6.0, "net_delta_n": 4 }, "geometry": { "type": "Polygon", "coordinates": [ [ [ 14.579248, 53.47951 ], [ 14.581183, 53.481831 ], [ 14.585522, 53.481992 ], [ 14.587924, 53.479831 ], [ 14.585988, 53.47751 ], [ 14.58165, 53.477349 ], [ 14.579248, 53.47951 ] ] ] } },
{ "type": "Feature", "properties": { "hex_id": 604, "pop_total": 584.89, "delta_school": 0.0, "base_school": 7.0, "delta_pharmacy": 0.0, "base_pharmacy": 7.0, "delta_university": null, "base_university": 0.0, "delta_mall": 0.0, "base_mall": 1.0, "net_delta": 0.0, "net_delta_n": 3 }, "geometry": { "type": "Polygon", "coordinates": [ [ [ 14.579714, 53.475027 ], [ 14.58165, 53.477349 ], [ 14.585988, 53.47751 ], [ 14.58839, 53.475349 ], [ 14.586454, 53.473027 ], [ 14.582116, 53.472867 ], [ 14.579714, 53.475027 ] ] ] } },
{ "type": "Feature", "properties": { "hex_id": 607, "pop_total": 382.6, "delta_school": 0.0, "base_school": 8.0, "delta_pharmacy": 1.0, "base_pharmacy": 7.0, "delta_university": null, "base_university": 0.0, "delta_mall": null, "base_mall": 0.0, "net_delta": 1.0, "net_delta_n": 2 }, "geometry": { "type": "Polygon", "coordinates": [ [ [ 14.581114, 53.46158 ], [ 14.583049, 53.463902 ], [ 14.587386, 53.464062 ], [ 14.589787, 53.461901 ], [ 14.587851, 53.45958 ], [ 14.583515, 53.45942 ], [ 14.581114, 53.46158 ] ] ] } },
{ "type": "Feature", "properties": { "hex_id": 608, "pop_total": 723.56, "delta_school": 0.0, "base_school": 13.0, "delta_pharmacy": 1.0, "base_pharmacy": 11.0, "delta_university": 0.0, "base_university": 1.0, "delta_mall": -1.0, "base_mall": 1.0, "net_delta": 0.0, "net_delta_n": 4 }, "geometry": { "type": "Polygon", "coordinates": [ [ [ 14.58158, 53.457098 ], [ 14.583515, 53.45942 ], [ 14.587851, 53.45958 ], [ 14.590252, 53.457419 ], [ 14.588317, 53.455098 ], [ 14.583981, 53.454937 ], [ 14.58158, 53.457098 ] ] ] } },
{ "type": "Feature", "properties": { "hex_id": 609, "pop_total": 37.93, "delta_school": 0.0, "base_school": 17.0, "delta_pharmacy": 3.0, "base_pharmacy": 22.0, "delta_university": 0.0, "base_university": 1.0, "delta_mall": 1.0, "base_mall": 1.0, "net_delta": 4.0, "net_delta_n": 4 }, "geometry": { "type": "Polygon", "coordinates": [ [ [ 14.582046, 53.452616 ], [ 14.583981, 53.454937 ], [ 14.588317, 53.455098 ], [ 14.590717, 53.452937 ], [ 14.588782, 53.450615 ], [ 14.584447, 53.450455 ], [ 14.582046, 53.452616 ] ] ] } },
{ "type": "Feature", "properties": { "hex_id": 618, "pop_total": 9.0, "delta_school": null, "base_school": 0.0, "delta_pharmacy": -1.0, "base_pharmacy": 1.0, "delta_university": null, "base_university": 0.0, "delta_mall": null, "base_mall": 0.0, "net_delta": -1.0, "net_delta_n": 1 }, "geometry": { "type": "Polygon", "coordinates": [ [ [ 14.586236, 53.412274 ], [ 14.588169, 53.414596 ], [ 14.592501, 53.414756 ], [ 14.594899, 53.412595 ], [ 14.592965, 53.410273 ], [ 14.588634, 53.410113 ], [ 14.586236, 53.412274 ] ] ] } },
{ "type": "Feature", "properties": { "hex_id": 620, "pop_total": 3.03, "delta_school": null, "base_school": 0.0, "delta_pharmacy": null, "base_pharmacy": 0.0, "delta_university": null, "base_university": 0.0, "delta_mall": null, "base_mall": 0.0, "net_delta": null, "net_delta_n": 0 }, "geometry": { "type": "Polygon", "coordinates": [ [ [ 14.587166, 53.403309 ], [ 14.589099, 53.405631 ], [ 14.59343, 53.405791 ], [ 14.595827, 53.40363 ], [ 14.593894, 53.401309 ], [ 14.589563, 53.401148 ], [ 14.587166, 53.403309 ] ] ] } },
{ "type": "Feature", "properties": { "hex_id": 628, "pop_total": 1690.75, "delta_school": 0.0, "base_school": 8.0, "delta_pharmacy": 5.0, "base_pharmacy": 10.0, "delta_university": -1.0, "base_university": 1.0, "delta_mall": 4.0, "base_mall": 2.0, "net_delta": 8.0, "net_delta_n": 4 }, "geometry": { "type": "Polygon", "coordinates": [ [ [ 14.59088, 53.36745 ], [ 14.592811, 53.369771 ], [ 14.597138, 53.369931 ], [ 14.599533, 53.36777 ], [ 14.597601, 53.365449 ], [ 14.593275, 53.365289 ], [ 14.59088, 53.36745 ] ] ] } },
{ "type": "Feature", "properties": { "hex_id": 629, "pop_total": 1802.32, "delta_school": 0.0, "base_school": 7.0, "delta_pharmacy": 0.0, "base_pharmacy": 7.0, "delta_university": null, "base_university": 0.0, "delta_mall": 0.0, "base_mall": 1.0, "net_delta": 0.0, "net_delta_n": 3 }, "geometry": { "type": "Polygon", "coordinates": [ [ [ 14.591343, 53.362967 ], [ 14.593275, 53.365289 ], [ 14.597601, 53.365449 ], [ 14.599996, 53.363287 ], [ 14.598064, 53.360966 ], [ 14.593738, 53.360806 ], [ 14.591343, 53.362967 ] ] ] } },
{ "type": "Feature", "properties": { "hex_id": 630, "pop_total": 778.52, "delta_school": 0.0, "base_school": 3.0, "delta_pharmacy": 0.0, "base_pharmacy": 3.0, "delta_university": null, "base_university": 0.0, "delta_mall": null, "base_mall": 0.0, "net_delta": 0.0, "net_delta_n": 2 }, "geometry": { "type": "Polygon", "coordinates": [ [ [ 14.591807, 53.358485 ], [ 14.593738, 53.360806 ], [ 14.598064, 53.360966 ], [ 14.600459, 53.358805 ], [ 14.598527, 53.356484 ], [ 14.594201, 53.356324 ], [ 14.591807, 53.358485 ] ] ] } },
{ "type": "Feature", "properties": { "hex_id": 635, "pop_total": 63.85, "delta_school": 0.0, "base_school": 1.0, "delta_pharmacy": 0.0, "base_pharmacy": 1.0, "delta_university": null, "base_university": 0.0, "delta_mall": null, "base_mall": 0.0, "net_delta": 0.0, "net_delta_n": 2 }, "geometry": { "type": "Polygon", "coordinates": [ [ [ 14.580386, 53.531297 ], [ 14.582324, 53.533619 ], [ 14.586667, 53.53378 ], [ 14.589073, 53.531619 ], [ 14.587134, 53.529297 ], [ 14.582791, 53.529137 ], [ 14.580386, 53.531297 ] ] ] } },
{ "type": "Feature", "properties": { "hex_id": 636, "pop_total": 72.66, "delta_school": 0.0, "base_school": 1.0, "delta_pharmacy": null, "base_pharmacy": 0.0, "delta_university": null, "base_university": 0.0, "delta_mall": null, "base_mall": 0.0, "net_delta": 0.0, "net_delta_n": 1 }, "geometry": { "type": "Polygon", "coordinates": [ [ [ 14.580853, 53.526815 ], [ 14.582791, 53.529137 ], [ 14.587134, 53.529297 ], [ 14.589539, 53.527136 ], [ 14.587601, 53.524815 ], [ 14.583258, 53.524654 ], [ 14.580853, 53.526815 ] ] ] } },
{ "type": "Feature", "properties": { "hex_id": 637, "pop_total": 154.68, "delta_school": 0.0, "base_school": 1.0, "delta_pharmacy": null, "base_pharmacy": 0.0, "delta_university": null, "base_university": 0.0, "delta_mall": null, "base_mall": 0.0, "net_delta": 0.0, "net_delta_n": 1 }, "geometry": { "type": "Polygon", "coordinates": [ [ [ 14.581321, 53.522333 ], [ 14.583258, 53.524654 ], [ 14.587601, 53.524815 ], [ 14.590006, 53.522654 ], [ 14.588068, 53.520333 ], [ 14.583725, 53.520172 ], [ 14.581321, 53.522333 ] ] ] } },
{ "type": "Feature", "properties": { "hex_id": 638, "pop_total": 6.43, "delta_school": null, "base_school": 0.0, "delta_pharmacy": null, "base_pharmacy": 0.0, "delta_university": null, "base_university": 0.0, "delta_mall": null, "base_mall": 0.0, "net_delta": null, "net_delta_n": 0 }, "geometry": { "type": "Polygon", "coordinates": [ [ [ 14.581788, 53.51785 ], [ 14.583725, 53.520172 ], [ 14.588068, 53.520333 ], [ 14.590472, 53.518172 ], [ 14.588534, 53.51585 ], [ 14.584192, 53.51569 ], [ 14.581788, 53.51785 ] ] ] } },
{ "type": "Feature", "properties": { "hex_id": 643, "pop_total": 667.84, "delta_school": 3.0, "base_school": 9.0, "delta_pharmacy": 2.0, "base_pharmacy": 6.0, "delta_university": null, "base_university": 0.0, "delta_mall": 0.0, "base_mall": 1.0, "net_delta": 5.0, "net_delta_n": 3 }, "geometry": { "type": "Polygon", "coordinates": [ [ [ 14.584123, 53.495439 ], [ 14.586059, 53.49776 ], [ 14.590399, 53.497921 ], [ 14.592802, 53.49576 ], [ 14.590865, 53.493438 ], [ 14.586526, 53.493278 ], [ 14.584123, 53.495439 ] ] ] } },
{ "type": "Feature", "properties": { "hex_id": 644, "pop_total": 461.26, "delta_school": null, "base_school": 0.0, "delta_pharmacy": null, "base_pharmacy": 0.0, "delta_university": null, "base_university": 0.0, "delta_mall": null, "base_mall": 0.0, "net_delta": null, "net_delta_n": 0 }, "geometry": { "type": "Polygon", "coordinates": [ [ [ 14.584589, 53.490957 ], [ 14.586526, 53.493278 ], [ 14.590865, 53.493438 ], [ 14.593268, 53.491277 ], [ 14.591331, 53.488956 ], [ 14.586992, 53.488796 ], [ 14.584589, 53.490957 ] ] ] } },
{ "type": "Feature", "properties": { "hex_id": 645, "pop_total": 307.81, "delta_school": 0.0, "base_school": 7.0, "delta_pharmacy": 0.0, "base_pharmacy": 7.0, "delta_university": null, "base_university": 0.0, "delta_mall": 0.0, "base_mall": 1.0, "net_delta": 0.0, "net_delta_n": 3 }, "geometry": { "type": "Polygon", "coordinates": [ [ [ 14.585055, 53.486474 ], [ 14.586992, 53.488796 ], [ 14.591331, 53.488956 ], [ 14.593733, 53.486795 ], [ 14.591797, 53.484474 ], [ 14.587458, 53.484313 ], [ 14.585055, 53.486474 ] ] ] } },
{ "type": "Feature", "properties": { "hex_id": 646, "pop_total": 287.96, "delta_school": 2.0, "base_school": 15.0, "delta_pharmacy": 2.0, "base_pharmacy": 9.0, "delta_university": 0.0, "base_university": 1.0, "delta_mall": 0.0, "base_mall": 1.0, "net_delta": 4.0, "net_delta_n": 4 }, "geometry": { "type": "Polygon", "coordinates": [ [ [ 14.585522, 53.481992 ], [ 14.587458, 53.484313 ], [ 14.591797, 53.484474 ], [ 14.594199, 53.482313 ], [ 14.592262, 53.479991 ], [ 14.587924, 53.479831 ], [ 14.585522, 53.481992 ] ] ] } },
{ "type": "Feature", "properties": { "hex_id": 647, "pop_total": 426.24, "delta_school": 0.0, "base_school": 18.0, "delta_pharmacy": 1.0, "base_pharmacy": 19.0, "delta_university": 0.0, "base_university": 1.0, "delta_mall": 0.0, "base_mall": 2.0, "net_delta": 1.0, "net_delta_n": 4 }, "geometry": { "type": "Polygon", "coordinates": [ [ [ 14.585988, 53.47751 ], [ 14.587924, 53.479831 ], [ 14.592262, 53.479991 ], [ 14.594664, 53.47783 ], [ 14.592728, 53.475509 ], [ 14.58839, 53.475349 ], [ 14.585988, 53.47751 ] ] ] } },
{ "type": "Feature", "properties": { "hex_id": 648, "pop_total": 219.29, "delta_school": 1.0, "base_school": 15.0, "delta_pharmacy": 2.0, "base_pharmacy": 9.0, "delta_university": 0.0, "base_university": 1.0, "delta_mall": 0.0, "base_mall": 1.0, "net_delta": 3.0, "net_delta_n": 4 }, "geometry": { "type": "Polygon", "coordinates": [ [ [ 14.586454, 53.473027 ], [ 14.58839, 53.475349 ], [ 14.592728, 53.475509 ], [ 14.595129, 53.473348 ], [ 14.593193, 53.471027 ], [ 14.588856, 53.470866 ], [ 14.586454, 53.473027 ] ] ] } },
{ "type": "Feature", "properties": { "hex_id": 649, "pop_total": 406.7, "delta_school": 1.0, "base_school": 7.0, "delta_pharmacy": 0.0, "base_pharmacy": 7.0, "delta_university": null, "base_university": 0.0, "delta_mall": 0.0, "base_mall": 1.0, "net_delta": 1.0, "net_delta_n": 3 }, "geometry": { "type": "Polygon", "coordinates": [ [ [ 14.58692, 53.468545 ], [ 14.588856, 53.470866 ], [ 14.593193, 53.471027 ], [ 14.595594, 53.468865 ], [ 14.593658, 53.466544 ], [ 14.589321, 53.466384 ], [ 14.58692, 53.468545 ] ] ] } },
{ "type": "Feature", "properties": { "hex_id": 650, "pop_total": 547.68, "delta_school": 0.0, "base_school": 6.0, "delta_pharmacy": 2.0, "base_pharmacy": 5.0, "delta_university": null, "base_university": 0.0, "delta_mall": null, "base_mall": 0.0, "net_delta": 2.0, "net_delta_n": 2 }, "geometry": { "type": "Polygon", "coordinates": [ [ [ 14.587386, 53.464062 ], [ 14.589321, 53.466384 ], [ 14.593658, 53.466544 ], [ 14.596059, 53.464383 ], [ 14.594123, 53.462062 ], [ 14.589787, 53.461901 ], [ 14.587386, 53.464062 ] ] ] } },
{ "type": "Feature", "properties": { "hex_id": 651, "pop_total": 794.92, "delta_school": -1.0, "base_school": 19.0, "delta_pharmacy": -1.0, "base_pharmacy": 24.0, "delta_university": 0.0, "base_university": 1.0, "delta_mall": 0.0, "base_mall": 4.0, "net_delta": -2.0, "net_delta_n": 4 }, "geometry": { "type": "Polygon", "coordinates": [ [ [ 14.587851, 53.45958 ], [ 14.589787, 53.461901 ], [ 14.594123, 53.462062 ], [ 14.596524, 53.459901 ], [ 14.594588, 53.457579 ], [ 14.590252, 53.457419 ], [ 14.587851, 53.45958 ] ] ] } },
{ "type": "Feature", "properties": { "hex_id": 652, "pop_total": 13.1, "delta_school": 0.0, "base_school": 8.0, "delta_pharmacy": 0.0, "base_pharmacy": 7.0, "delta_university": null, "base_university": 0.0, "delta_mall": null, "base_mall": 0.0, "net_delta": 0.0, "net_delta_n": 2 }, "geometry": { "type": "Polygon", "coordinates": [ [ [ 14.588317, 53.455098 ], [ 14.590252, 53.457419 ], [ 14.594588, 53.457579 ], [ 14.596988, 53.455418 ], [ 14.595053, 53.453097 ], [ 14.590717, 53.452937 ], [ 14.588317, 53.455098 ] ] ] } },
{ "type": "Feature", "properties": { "hex_id": 662, "pop_total": 28.39, "delta_school": null, "base_school": 0.0, "delta_pharmacy": null, "base_pharmacy": 0.0, "delta_university": null, "base_university": 0.0, "delta_mall": null, "base_mall": 0.0, "net_delta": null, "net_delta_n": 0 }, "geometry": { "type": "Polygon", "coordinates": [ [ [ 14.592965, 53.410273 ], [ 14.594899, 53.412595 ], [ 14.59923, 53.412755 ], [ 14.601628, 53.410593 ], [ 14.599694, 53.408272 ], [ 14.595363, 53.408112 ], [ 14.592965, 53.410273 ] ] ] } },
{ "type": "Feature", "properties": { "hex_id": 663, "pop_total": 6.33, "delta_school": 0.0, "base_school": 7.0, "delta_pharmacy": 1.0, "base_pharmacy": 17.0, "delta_university": -2.0, "base_university": 2.0, "delta_mall": 1.0, "base_mall": 1.0, "net_delta": 0.0, "net_delta_n": 4 }, "geometry": { "type": "Polygon", "coordinates": [ [ [ 14.59343, 53.405791 ], [ 14.595363, 53.408112 ], [ 14.599694, 53.408272 ], [ 14.602091, 53.406111 ], [ 14.600157, 53.40379 ], [ 14.595827, 53.40363 ], [ 14.59343, 53.405791 ] ] ] } },
{ "type": "Feature", "properties": { "hex_id": 664, "pop_total": 12.67, "delta_school": 2.0, "base_school": 26.0, "delta_pharmacy": -2.0, "base_pharmacy": 50.0, "delta_university": 2.0, "base_university": 3.0, "delta_mall": -1.0, "base_mall": 14.0, "net_delta": 1.0, "net_delta_n": 4 }, "geometry": { "type": "Polygon", "coordinates": [ [ [ 14.593894, 53.401309 ], [ 14.595827, 53.40363 ], [ 14.600157, 53.40379 ], [ 14.602554, 53.401628 ], [ 14.600621, 53.399307 ], [ 14.596291, 53.399147 ], [ 14.593894, 53.401309 ] ] ] } },
{ "type": "Feature", "properties": { "hex_id": 671, "pop_total": 463.4, "delta_school": 1.0, "base_school": 9.0, "delta_pharmacy": 2.0, "base_pharmacy": 16.0, "delta_university": 0.0, "base_university": 1.0, "delta_mall": 1.0, "base_mall": 7.0, "net_delta": 4.0, "net_delta_n": 4 }, "geometry": { "type": "Polygon", "coordinates": [ [ [ 14.597138, 53.369931 ], [ 14.59907, 53.372252 ], [ 14.603398, 53.372412 ], [ 14.605793, 53.370251 ], [ 14.60386, 53.36793 ], [ 14.599533, 53.36777 ], [ 14.597138, 53.369931 ] ] ] } },
{ "type": "Feature", "properties": { "hex_id": 672, "pop_total": 714.97, "delta_school": 1.0, "base_school": 4.0, "delta_pharmacy": 1.0, "base_pharmacy": 6.0, "delta_university": null, "base_university": 0.0, "delta_mall": null, "base_mall": 0.0, "net_delta": 2.0, "net_delta_n": 2 }, "geometry": { "type": "Polygon", "coordinates": [ [ [ 14.597601, 53.365449 ], [ 14.599533, 53.36777 ], [ 14.60386, 53.36793 ], [ 14.606255, 53.365768 ], [ 14.604323, 53.363447 ], [ 14.599996, 53.363287 ], [ 14.597601, 53.365449 ] ] ] } },
{ "type": "Feature", "properties": { "hex_id": 673, "pop_total": 701.96, "delta_school": 0.0, "base_school": 3.0, "delta_pharmacy": 0.0, "base_pharmacy": 2.0, "delta_university": null, "base_university": 0.0, "delta_mall": null, "base_mall": 0.0, "net_delta": 0.0, "net_delta_n": 2 }, "geometry": { "type": "Polygon", "coordinates": [ [ [ 14.598064, 53.360966 ], [ 14.599996, 53.363287 ], [ 14.604323, 53.363447 ], [ 14.606717, 53.361286 ], [ 14.604785, 53.358964 ], [ 14.600459, 53.358805 ], [ 14.598064, 53.360966 ] ] ] } },
{ "type": "Feature", "properties": { "hex_id": 674, "pop_total": 550.75, "delta_school": 0.0, "base_school": 2.0, "delta_pharmacy": 0.0, "base_pharmacy": 2.0, "delta_university": null, "base_university": 0.0, "delta_mall": null, "base_mall": 0.0, "net_delta": 0.0, "net_delta_n": 2 }, "geometry": { "type": "Polygon", "coordinates": [ [ [ 14.598527, 53.356484 ], [ 14.600459, 53.358805 ], [ 14.604785, 53.358964 ], [ 14.607179, 53.356803 ], [ 14.605247, 53.354482 ], [ 14.600921, 53.354322 ], [ 14.598527, 53.356484 ] ] ] } },
{ "type": "Feature", "properties": { "hex_id": 677, "pop_total": 67.5, "delta_school": -1.0, "base_school": 6.0, "delta_pharmacy": 1.0, "base_pharmacy": 7.0, "delta_university": null, "base_university": 0.0, "delta_mall": -1.0, "base_mall": 2.0, "net_delta": -1.0, "net_delta_n": 3 }, "geometry": { "type": "Polygon", "coordinates": [ [ [ 14.586667, 53.53378 ], [ 14.588606, 53.536101 ], [ 14.59295, 53.536262 ], [ 14.595355, 53.534101 ], [ 14.593416, 53.531779 ], [ 14.589073, 53.531619 ], [ 14.586667, 53.53378 ] ] ] } },
{ "type": "Feature", "properties": { "hex_id": 678, "pop_total": 259.92, "delta_school": 0.0, "base_school": 3.0, "delta_pharmacy": null, "base_pharmacy": 0.0, "delta_university": null, "base_university": 0.0, "delta_mall": null, "base_mall": 0.0, "net_delta": 0.0, "net_delta_n": 1 }, "geometry": { "type": "Polygon", "coordinates": [ [ [ 14.587134, 53.529297 ], [ 14.589073, 53.531619 ], [ 14.593416, 53.531779 ], [ 14.595821, 53.529618 ], [ 14.593883, 53.527297 ], [ 14.589539, 53.527136 ], [ 14.587134, 53.529297 ] ] ] } },
{ "type": "Feature", "properties": { "hex_id": 679, "pop_total": 221.7, "delta_school": 0.0, "base_school": 2.0, "delta_pharmacy": null, "base_pharmacy": 0.0, "delta_university": null, "base_university": 0.0, "delta_mall": null, "base_mall": 0.0, "net_delta": 0.0, "net_delta_n": 1 }, "geometry": { "type": "Polygon", "coordinates": [ [ [ 14.587601, 53.524815 ], [ 14.589539, 53.527136 ], [ 14.593883, 53.527297 ], [ 14.596287, 53.525136 ], [ 14.594349, 53.522814 ], [ 14.590006, 53.522654 ], [ 14.587601, 53.524815 ] ] ] } },
{ "type": "Feature", "properties": { "hex_id": 680, "pop_total": 148.27, "delta_school": 0.0, "base_school": 2.0, "delta_pharmacy": null, "base_pharmacy": 0.0, "delta_university": null, "base_university": 0.0, "delta_mall": null, "base_mall": 0.0, "net_delta": 0.0, "net_delta_n": 1 }, "geometry": { "type": "Polygon", "coordinates": [ [ [ 14.588068, 53.520333 ], [ 14.590006, 53.522654 ], [ 14.594349, 53.522814 ], [ 14.596753, 53.520653 ], [ 14.594814, 53.518332 ], [ 14.590472, 53.518172 ], [ 14.588068, 53.520333 ] ] ] } },
{ "type": "Feature", "properties": { "hex_id": 681, "pop_total": 69.76, "delta_school": 0.0, "base_school": 1.0, "delta_pharmacy": null, "base_pharmacy": 0.0, "delta_university": null, "base_university": 0.0, "delta_mall": null, "base_mall": 0.0, "net_delta": 0.0, "net_delta_n": 1 }, "geometry": { "type": "Polygon", "coordinates": [ [ [ 14.588534, 53.51585 ], [ 14.590472, 53.518172 ], [ 14.594814, 53.518332 ], [ 14.597218, 53.516171 ], [ 14.59528, 53.51385 ], [ 14.590939, 53.513689 ], [ 14.588534, 53.51585 ] ] ] } },
{ "type": "Feature", "properties": { "hex_id": 685, "pop_total": 53.57, "delta_school": 0.0, "base_school": 4.0, "delta_pharmacy": 0.0, "base_pharmacy": 3.0, "delta_university": null, "base_university": 0.0, "delta_mall": 0.0, "base_mall": 1.0, "net_delta": 0.0, "net_delta_n": 3 }, "geometry": { "type": "Polygon", "coordinates": [ [ [ 14.590399, 53.497921 ], [ 14.592337, 53.500242 ], [ 14.596677, 53.500402 ], [ 14.59908, 53.498241 ], [ 14.597142, 53.49592 ], [ 14.592802, 53.49576 ], [ 14.590399, 53.497921 ] ] ] } },
{ "type": "Feature", "properties": { "hex_id": 686, "pop_total": 295.48, "delta_school": 0.0, "base_school": 2.0, "delta_pharmacy": 0.0, "base_pharmacy": 2.0, "delta_university": null, "base_university": 0.0, "delta_mall": 0.0, "base_mall": 1.0, "net_delta": 0.0, "net_delta_n": 3 }, "geometry": { "type": "Polygon", "coordinates": [ [ [ 14.590865, 53.493438 ], [ 14.592802, 53.49576 ], [ 14.597142, 53.49592 ], [ 14.599545, 53.493759 ], [ 14.597607, 53.491438 ], [ 14.593268, 53.491277 ], [ 14.590865, 53.493438 ] ] ] } },
{ "type": "Feature", "properties": { "hex_id": 687, "pop_total": 59.95, "delta_school": 1.0, "base_school": 2.0, "delta_pharmacy": 0.0, "base_pharmacy": 3.0, "delta_university": null, "base_university": 0.0, "delta_mall": 0.0, "base_mall": 1.0, "net_delta": 1.0, "net_delta_n": 3 }, "geometry": { "type": "Polygon", "coordinates": [ [ [ 14.591331, 53.488956 ], [ 14.593268, 53.491277 ], [ 14.597607, 53.491438 ], [ 14.60001, 53.489277 ], [ 14.598072, 53.486955 ], [ 14.593733, 53.486795 ], [ 14.591331, 53.488956 ] ] ] } },
{ "type": "Feature", "properties": { "hex_id": 688, "pop_total": 82.76, "delta_school": 1.0, "base_school": 2.0, "delta_pharmacy": 0.0, "base_pharmacy": 3.0, "delta_university": null, "base_university": 0.0, "delta_mall": 0.0, "base_mall": 1.0, "net_delta": 1.0, "net_delta_n": 3 }, "geometry": { "type": "Polygon", "coordinates": [ [ [ 14.591797, 53.484474 ], [ 14.593733, 53.486795 ], [ 14.598072, 53.486955 ], [ 14.600474, 53.484794 ], [ 14.598537, 53.482473 ], [ 14.594199, 53.482313 ], [ 14.591797, 53.484474 ] ] ] } },
{ "type": "Feature", "properties": { "hex_id": 690, "pop_total": 13.29, "delta_school": 0.0, "base_school": 1.0, "delta_pharmacy": 0.0, "base_pharmacy": 2.0, "delta_university": null, "base_university": 0.0, "delta_mall": null, "base_mall": 0.0, "net_delta": 0.0, "net_delta_n": 2 }, "geometry": { "type": "Polygon", "coordinates": [ [ [ 14.592728, 53.475509 ], [ 14.594664, 53.47783 ], [ 14.599002, 53.47799 ], [ 14.601404, 53.475829 ], [ 14.599467, 53.473508 ], [ 14.595129, 53.473348 ], [ 14.592728, 53.475509 ] ] ] } },
{ "type": "Feature", "properties": { "hex_id": 691, "pop_total": 451.56, "delta_school": 0.0, "base_school": 3.0, "delta_pharmacy": 0.0, "base_pharmacy": 4.0, "delta_university": null, "base_university": 0.0, "delta_mall": null, "base_mall": 0.0, "net_delta": 0.0, "net_delta_n": 2 }, "geometry": { "type": "Polygon", "coordinates": [ [ [ 14.593193, 53.471027 ], [ 14.595129, 53.473348 ], [ 14.599467, 53.473508 ], [ 14.601868, 53.471347 ], [ 14.599931, 53.469026 ], [ 14.595594, 53.468865 ], [ 14.593193, 53.471027 ] ] ] } },
{ "type": "Feature", "properties": { "hex_id": 692, "pop_total": 202.29, "delta_school": 2.0, "base_school": 5.0, "delta_pharmacy": 2.0, "base_pharmacy": 4.0, "delta_university": null, "base_university": 0.0, "delta_mall": null, "base_mall": 0.0, "net_delta": 4.0, "net_delta_n": 2 }, "geometry": { "type": "Polygon", "coordinates": [ [ [ 14.593658, 53.466544 ], [ 14.595594, 53.468865 ], [ 14.599931, 53.469026 ], [ 14.602332, 53.466864 ], [ 14.600396, 53.464543 ], [ 14.596059, 53.464383 ], [ 14.593658, 53.466544 ] ] ] } },
{ "type": "Feature", "properties": { "hex_id": 693, "pop_total": 67.48, "delta_school": 1.0, "base_school": 6.0, "delta_pharmacy": 0.0, "base_pharmacy": 8.0, "delta_university": null, "base_university": 0.0, "delta_mall": null, "base_mall": 0.0, "net_delta": 1.0, "net_delta_n": 2 }, "geometry": { "type": "Polygon", "coordinates": [ [ [ 14.594123, 53.462062 ], [ 14.596059, 53.464383 ], [ 14.600396, 53.464543 ], [ 14.602796, 53.462382 ], [ 14.60086, 53.460061 ], [ 14.596524, 53.459901 ], [ 14.594123, 53.462062 ] ] ] } },
{ "type": "Feature", "properties": { "hex_id": 712, "pop_total": 7.66, "delta_school": null, "base_school": 0.0, "delta_pharmacy": null, "base_pharmacy": 0.0, "delta_university": null, "base_university": 0.0, "delta_mall": null, "base_mall": 0.0, "net_delta": null, "net_delta_n": 0 }, "geometry": { "type": "Polygon", "coordinates": [ [ [ 14.602935, 53.376895 ], [ 14.604868, 53.379216 ], [ 14.609196, 53.379375 ], [ 14.611591, 53.377214 ], [ 14.609658, 53.374893 ], [ 14.60533, 53.374733 ], [ 14.602935, 53.376895 ] ] ] } },
{ "type": "Feature", "properties": { "hex_id": 713, "pop_total": 419.67, "delta_school": 1.0, "base_school": 11.0, "delta_pharmacy": 3.0, "base_pharmacy": 20.0, "delta_university": null, "base_university": 0.0, "delta_mall": 2.0, "base_mall": 9.0, "net_delta": 6.0, "net_delta_n": 3 }, "geometry": { "type": "Polygon", "coordinates": [ [ [ 14.603398, 53.372412 ], [ 14.60533, 53.374733 ], [ 14.609658, 53.374893 ], [ 14.612053, 53.372731 ], [ 14.61012, 53.37041 ], [ 14.605793, 53.370251 ], [ 14.603398, 53.372412 ] ] ] } },
{ "type": "Feature", "properties": { "hex_id": 714, "pop_total": 114.79, "delta_school": 0.0, "base_school": 2.0, "delta_pharmacy": 3.0, "base_pharmacy": 2.0, "delta_university": null, "base_university": 0.0, "delta_mall": null, "base_mall": 0.0, "net_delta": 3.0, "net_delta_n": 2 }, "geometry": { "type": "Polygon", "coordinates": [ [ [ 14.60386, 53.36793 ], [ 14.605793, 53.370251 ], [ 14.61012, 53.37041 ], [ 14.612514, 53.368249 ], [ 14.610582, 53.365928 ], [ 14.606255, 53.365768 ], [ 14.60386, 53.36793 ] ] ] } },
{ "type": "Feature", "properties": { "hex_id": 715, "pop_total": 507.77, "delta_school": 0.0, "base_school": 3.0, "delta_pharmacy": 0.0, "base_pharmacy": 2.0, "delta_university": null, "base_university": 0.0, "delta_mall": null, "base_mall": 0.0, "net_delta": 0.0, "net_delta_n": 2 }, "geometry": { "type": "Polygon", "coordinates": [ [ [ 14.604323, 53.363447 ], [ 14.606255, 53.365768 ], [ 14.610582, 53.365928 ], [ 14.612976, 53.363766 ], [ 14.611043, 53.361445 ], [ 14.606717, 53.361286 ], [ 14.604323, 53.363447 ] ] ] } },
{ "type": "Feature", "properties": { "hex_id": 719, "pop_total": 289.58, "delta_school": 0.0, "base_school": 2.0, "delta_pharmacy": null, "base_pharmacy": 0.0, "delta_university": null, "base_university": 0.0, "delta_mall": null, "base_mall": 0.0, "net_delta": 0.0, "net_delta_n": 1 }, "geometry": { "type": "Polygon", "coordinates": [ [ [ 14.593883, 53.527297 ], [ 14.595821, 53.529618 ], [ 14.600165, 53.529778 ], [ 14.602569, 53.527617 ], [ 14.60063, 53.525296 ], [ 14.596287, 53.525136 ], [ 14.593883, 53.527297 ] ] ] } },
{ "type": "Feature", "properties": { "hex_id": 720, "pop_total": 61.22, "delta_school": 0.0, "base_school": 2.0, "delta_pharmacy": null, "base_pharmacy": 0.0, "delta_university": null, "base_university": 0.0, "delta_mall": null, "base_mall": 0.0, "net_delta": 0.0, "net_delta_n": 1 }, "geometry": { "type": "Polygon", "coordinates": [ [ [ 14.594349, 53.522814 ], [ 14.596287, 53.525136 ], [ 14.60063, 53.525296 ], [ 14.603034, 53.523135 ], [ 14.601095, 53.520814 ], [ 14.596753, 53.520653 ], [ 14.594349, 53.522814 ] ] ] } },
{ "type": "Feature", "properties": { "hex_id": 721, "pop_total": 77.3, "delta_school": null, "base_school": 0.0, "delta_pharmacy": null, "base_pharmacy": 0.0, "delta_university": null, "base_university": 0.0, "delta_mall": null, "base_mall": 0.0, "net_delta": null, "net_delta_n": 0 }, "geometry": { "type": "Polygon", "coordinates": [ [ [ 14.594814, 53.518332 ], [ 14.596753, 53.520653 ], [ 14.601095, 53.520814 ], [ 14.603499, 53.518652 ], [ 14.60156, 53.516331 ], [ 14.597218, 53.516171 ], [ 14.594814, 53.518332 ] ] ] } },
{ "type": "Feature", "properties": { "hex_id": 724, "pop_total": 5.2, "delta_school": 0.0, "base_school": 1.0, "delta_pharmacy": null, "base_pharmacy": 0.0, "delta_university": null, "base_university": 0.0, "delta_mall": null, "base_mall": 0.0, "net_delta": 0.0, "net_delta_n": 1 }, "geometry": { "type": "Polygon", "coordinates": [ [ [ 14.596212, 53.504885 ], [ 14.598149, 53.507206 ], [ 14.60249, 53.507366 ], [ 14.604893, 53.505205 ], [ 14.602955, 53.502884 ], [ 14.598615, 53.502724 ], [ 14.596212, 53.504885 ] ] ] } },
{ "type": "Feature", "properties": { "hex_id": 725, "pop_total": 49.44, "delta_school": 0.0, "base_school": 2.0, "delta_pharmacy": 0.0, "base_pharmacy": 2.0, "delta_university": null, "base_university": 0.0, "delta_mall": 0.0, "base_mall": 1.0, "net_delta": 0.0, "net_delta_n": 3 }, "geometry": { "type": "Polygon", "coordinates": [ [ [ 14.596677, 53.500402 ], [ 14.598615, 53.502724 ], [ 14.602955, 53.502884 ], [ 14.605358, 53.500723 ], [ 14.60342, 53.498401 ], [ 14.59908, 53.498241 ], [ 14.596677, 53.500402 ] ] ] } },
{ "type": "Feature", "properties": { "hex_id": 726, "pop_total": 407.34, "delta_school": 0.0, "base_school": 2.0, "delta_pharmacy": 0.0, "base_pharmacy": 2.0, "delta_university": null, "base_university": 0.0, "delta_mall": 0.0, "base_mall": 1.0, "net_delta": 0.0, "net_delta_n": 3 }, "geometry": { "type": "Polygon", "coordinates": [ [ [ 14.597142, 53.49592 ], [ 14.59908, 53.498241 ], [ 14.60342, 53.498401 ], [ 14.605822, 53.49624 ], [ 14.603885, 53.493919 ], [ 14.599545, 53.493759 ], [ 14.597142, 53.49592 ] ] ] } },
{ "type": "Feature", "properties": { "hex_id": 727, "pop_total": 245.3, "delta_school": 2.0, "base_school": 2.0, "delta_pharmacy": 0.0, "base_pharmacy": 3.0, "delta_university": null, "base_university": 0.0, "delta_mall": 0.0, "base_mall": 1.0, "net_delta": 2.0, "net_delta_n": 3 }, "geometry": { "type": "Polygon", "coordinates": [ [ [ 14.597607, 53.491438 ], [ 14.599545, 53.493759 ], [ 14.603885, 53.493919 ], [ 14.606287, 53.491758 ], [ 14.604349, 53.489436 ], [ 14.60001, 53.489277 ], [ 14.597607, 53.491438 ] ] ] } },
{ "type": "Feature", "properties": { "hex_id": 728, "pop_total": 16.08, "delta_school": 0.0, "base_school": 2.0, "delta_pharmacy": 0.0, "base_pharmacy": 2.0, "delta_university": null, "base_university": 0.0, "delta_mall": 0.0, "base_mall": 1.0, "net_delta": 0.0, "net_delta_n": 3 }, "geometry": { "type": "Polygon", "coordinates": [ [ [ 14.598072, 53.486955 ], [ 14.60001, 53.489277 ], [ 14.604349, 53.489436 ], [ 14.606751, 53.487275 ], [ 14.604813, 53.484954 ], [ 14.600474, 53.484794 ], [ 14.598072, 53.486955 ] ] ] } },
{ "type": "Feature", "properties": { "hex_id": 729, "pop_total": 154.19, "delta_school": 0.0, "base_school": 1.0, "delta_pharmacy": null, "base_pharmacy": 0.0, "delta_university": null, "base_university": 0.0, "delta_mall": null, "base_mall": 0.0, "net_delta": 0.0, "net_delta_n": 1 }, "geometry": { "type": "Polygon", "coordinates": [ [ [ 14.598537, 53.482473 ], [ 14.600474, 53.484794 ], [ 14.604813, 53.484954 ], [ 14.607215, 53.482793 ], [ 14.605277, 53.480472 ], [ 14.600939, 53.480312 ], [ 14.598537, 53.482473 ] ] ] } },
{ "type": "Feature", "properties": { "hex_id": 730, "pop_total": 236.38, "delta_school": 0.0, "base_school": 2.0, "delta_pharmacy": 2.0, "base_pharmacy": 1.0, "delta_university": null, "base_university": 0.0, "delta_mall": null, "base_mall": 0.0, "net_delta": 2.0, "net_delta_n": 2 }, "geometry": { "type": "Polygon", "coordinates": [ [ [ 14.599002, 53.47799 ], [ 14.600939, 53.480312 ], [ 14.605277, 53.480472 ], [ 14.607679, 53.47831 ], [ 14.605741, 53.475989 ], [ 14.601404, 53.475829 ], [ 14.599002, 53.47799 ] ] ] } },
{ "type": "Feature", "properties": { "hex_id": 731, "pop_total": 386.26, "delta_school": 1.0, "base_school": 4.0, "delta_pharmacy": 1.0, "base_pharmacy": 3.0, "delta_university": null, "base_university": 0.0, "delta_mall": null, "base_mall": 0.0, "net_delta": 2.0, "net_delta_n": 2 }, "geometry": { "type": "Polygon", "coordinates": [ [ [ 14.599467, 53.473508 ], [ 14.601404, 53.475829 ], [ 14.605741, 53.475989 ], [ 14.608142, 53.473828 ], [ 14.606205, 53.471507 ], [ 14.601868, 53.471347 ], [ 14.599467, 53.473508 ] ] ] } },
{ "type": "Feature", "properties": { "hex_id": 752, "pop_total": 48.33, "delta_school": 0.0, "base_school": 6.0, "delta_pharmacy": 0.0, "base_pharmacy": 6.0, "delta_university": null, "base_university": 0.0, "delta_mall": 0.0, "base_mall": 1.0, "net_delta": 0.0, "net_delta_n": 3 }, "geometry": { "type": "Polygon", "coordinates": [ [ [ 14.609196, 53.379375 ], [ 14.611129, 53.381696 ], [ 14.615458, 53.381856 ], [ 14.617853, 53.379694 ], [ 14.615919, 53.377373 ], [ 14.611591, 53.377214 ], [ 14.609196, 53.379375 ] ] ] } },
{ "type": "Feature", "properties": { "hex_id": 753, "pop_total": 165.72, "delta_school": 2.0, "base_school": 4.0, "delta_pharmacy": 0.0, "base_pharmacy": 6.0, "delta_university": null, "base_university": 0.0, "delta_mall": 0.0, "base_mall": 1.0, "net_delta": 2.0, "net_delta_n": 3 }, "geometry": { "type": "Polygon", "coordinates": [ [ [ 14.609658, 53.374893 ], [ 14.611591, 53.377214 ], [ 14.615919, 53.377373 ], [ 14.618314, 53.375211 ], [ 14.61638, 53.37289 ], [ 14.612053, 53.372731 ], [ 14.609658, 53.374893 ] ] ] } },
{ "type": "Feature", "properties": { "hex_id": 754, "pop_total": 2.61, "delta_school": 0.0, "base_school": 2.0, "delta_pharmacy": 1.0, "base_pharmacy": 5.0, "delta_university": null, "base_university": 0.0, "delta_mall": null, "base_mall": 0.0, "net_delta": 1.0, "net_delta_n": 2 }, "geometry": { "type": "Polygon", "coordinates": [ [ [ 14.61012, 53.37041 ], [ 14.612053, 53.372731 ], [ 14.61638, 53.37289 ], [ 14.618775, 53.370729 ], [ 14.616841, 53.368408 ], [ 14.612514, 53.368249 ], [ 14.61012, 53.37041 ] ] ] } },
{ "type": "Feature", "properties": { "hex_id": 755, "pop_total": 69.88, "delta_school": 0.0, "base_school": 1.0, "delta_pharmacy": 0.0, "base_pharmacy": 2.0, "delta_university": null, "base_university": 0.0, "delta_mall": null, "base_mall": 0.0, "net_delta": 0.0, "net_delta_n": 2 }, "geometry": { "type": "Polygon", "coordinates": [ [ [ 14.610582, 53.365928 ], [ 14.612514, 53.368249 ], [ 14.616841, 53.368408 ], [ 14.619235, 53.366246 ], [ 14.617302, 53.363925 ], [ 14.612976, 53.363766 ], [ 14.610582, 53.365928 ] ] ] } },
{ "type": "Feature", "properties": { "hex_id": 756, "pop_total": 90.74, "delta_school": 0.0, "base_school": 1.0, "delta_pharmacy": 0.0, "base_pharmacy": 2.0, "delta_university": null, "base_university": 0.0, "delta_mall": null, "base_mall": 0.0, "net_delta": 0.0, "net_delta_n": 2 }, "geometry": { "type": "Polygon", "coordinates": [ [ [ 14.611043, 53.361445 ], [ 14.612976, 53.363766 ], [ 14.617302, 53.363925 ], [ 14.619696, 53.361763 ], [ 14.617763, 53.359443 ], [ 14.613437, 53.359283 ], [ 14.611043, 53.361445 ] ] ] } },
{ "type": "Feature", "properties": { "hex_id": 761, "pop_total": 126.88, "delta_school": 0.0, "base_school": 2.0, "delta_pharmacy": null, "base_pharmacy": 0.0, "delta_university": null, "base_university": 0.0, "delta_mall": null, "base_mall": 0.0, "net_delta": 0.0, "net_delta_n": 1 }, "geometry": { "type": "Polygon", "coordinates": [ [ [ 14.60063, 53.525296 ], [ 14.602569, 53.527617 ], [ 14.606912, 53.527777 ], [ 14.609316, 53.525616 ], [ 14.607377, 53.523295 ], [ 14.603034, 53.523135 ], [ 14.60063, 53.525296 ] ] ] } },
{ "type": "Feature", "properties": { "hex_id": 762, "pop_total": 273.44, "delta_school": 0.0, "base_school": 2.0, "delta_pharmacy": null, "base_pharmacy": 0.0, "delta_university": null, "base_university": 0.0, "delta_mall": null, "base_mall": 0.0, "net_delta": 0.0, "net_delta_n": 1 }, "geometry": { "type": "Polygon", "coordinates": [ [ [ 14.601095, 53.520814 ], [ 14.603034, 53.523135 ], [ 14.607377, 53.523295 ], [ 14.60978, 53.521133 ], [ 14.607841, 53.518812 ], [ 14.603499, 53.518652 ], [ 14.601095, 53.520814 ] ] ] } },
{ "type": "Feature", "properties": { "hex_id": 763, "pop_total": 2.25, "delta_school": 0.0, "base_school": 2.0, "delta_pharmacy": null, "base_pharmacy": 0.0, "delta_university": null, "base_university": 0.0, "delta_mall": null, "base_mall": 0.0, "net_delta": 0.0, "net_delta_n": 1 }, "geometry": { "type": "Polygon", "coordinates": [ [ [ 14.60156, 53.516331 ], [ 14.603499, 53.518652 ], [ 14.607841, 53.518812 ], [ 14.610245, 53.516651 ], [ 14.608306, 53.51433 ], [ 14.603964, 53.51417 ], [ 14.60156, 53.516331 ] ] ] } },
{ "type": "Feature", "properties": { "hex_id": 766, "pop_total": 20.82, "delta_school": 0.0, "base_school": 1.0, "delta_pharmacy": null, "base_pharmacy": 0.0, "delta_university": null, "base_university": 0.0, "delta_mall": null, "base_mall": 0.0, "net_delta": 0.0, "net_delta_n": 1 }, "geometry": { "type": "Polygon", "coordinates": [ [ [ 14.602955, 53.502884 ], [ 14.604893, 53.505205 ], [ 14.609234, 53.505365 ], [ 14.611637, 53.503203 ], [ 14.609698, 53.500882 ], [ 14.605358, 53.500723 ], [ 14.602955, 53.502884 ] ] ] } },
{ "type": "Feature", "properties": { "hex_id": 767, "pop_total": 124.12, "delta_school": 0.0, "base_school": 2.0, "delta_pharmacy": -1.0, "base_pharmacy": 1.0, "delta_university": null, "base_university": 0.0, "delta_mall": null, "base_mall": 0.0, "net_delta": -1.0, "net_delta_n": 2 }, "geometry": { "type": "Polygon", "coordinates": [ [ [ 14.60342, 53.498401 ], [ 14.605358, 53.500723 ], [ 14.609698, 53.500882 ], [ 14.612101, 53.498721 ], [ 14.610162, 53.4964 ], [ 14.605822, 53.49624 ], [ 14.60342, 53.498401 ] ] ] } },
{ "type": "Feature", "properties": { "hex_id": 768, "pop_total": 811.01, "delta_school": 1.0, "base_school": 4.0, "delta_pharmacy": -1.0, "base_pharmacy": 3.0, "delta_university": null, "base_university": 0.0, "delta_mall": 0.0, "base_mall": 1.0, "net_delta": 0.0, "net_delta_n": 3 }, "geometry": { "type": "Polygon", "coordinates": [ [ [ 14.603885, 53.493919 ], [ 14.605822, 53.49624 ], [ 14.610162, 53.4964 ], [ 14.612564, 53.494238 ], [ 14.610626, 53.491917 ], [ 14.606287, 53.491758 ], [ 14.603885, 53.493919 ] ] ] } },
{ "type": "Feature", "properties": { "hex_id": 769, "pop_total": 329.58, "delta_school": 0.0, "base_school": 2.0, "delta_pharmacy": 0.0, "base_pharmacy": 2.0, "delta_university": null, "base_university": 0.0, "delta_mall": 0.0, "base_mall": 1.0, "net_delta": 0.0, "net_delta_n": 3 }, "geometry": { "type": "Polygon", "coordinates": [ [ [ 14.604349, 53.489436 ], [ 14.606287, 53.491758 ], [ 14.610626, 53.491917 ], [ 14.613028, 53.489756 ], [ 14.61109, 53.487435 ], [ 14.606751, 53.487275 ], [ 14.604349, 53.489436 ] ] ] } },
{ "type": "Feature", "properties": { "hex_id": 770, "pop_total": 307.82, "delta_school": 0.0, "base_school": 2.0, "delta_pharmacy": -1.0, "base_pharmacy": 2.0, "delta_university": null, "base_university": 0.0, "delta_mall": 0.0, "base_mall": 1.0, "net_delta": -1.0, "net_delta_n": 3 }, "geometry": { "type": "Polygon", "coordinates": [ [ [ 14.604813, 53.484954 ], [ 14.606751, 53.487275 ], [ 14.61109, 53.487435 ], [ 14.613491, 53.485273 ], [ 14.611553, 53.482952 ], [ 14.607215, 53.482793 ], [ 14.604813, 53.484954 ] ] ] } },
{ "type": "Feature", "properties": { "hex_id": 771, "pop_total": 100.02, "delta_school": 0.0, "base_school": 2.0, "delta_pharmacy": null, "base_pharmacy": 0.0, "delta_university": null, "base_university": 0.0, "delta_mall": null, "base_mall": 0.0, "net_delta": 0.0, "net_delta_n": 1 }, "geometry": { "type": "Polygon", "coordinates": [ [ [ 14.605277, 53.480472 ], [ 14.607215, 53.482793 ], [ 14.611553, 53.482952 ], [ 14.613954, 53.480791 ], [ 14.612017, 53.47847 ], [ 14.607679, 53.47831 ], [ 14.605277, 53.480472 ] ] ] } },
{ "type": "Feature", "properties": { "hex_id": 794, "pop_total": 497.81, "delta_school": -2.0, "base_school": 13.0, "delta_pharmacy": -1.0, "base_pharmacy": 24.0, "delta_university": null, "base_university": 0.0, "delta_mall": 0.0, "base_mall": 11.0, "net_delta": -3.0, "net_delta_n": 3 }, "geometry": { "type": "Polygon", "coordinates": [ [ [ 14.615919, 53.377373 ], [ 14.617853, 53.379694 ], [ 14.622181, 53.379853 ], [ 14.624575, 53.377691 ], [ 14.622642, 53.37537 ], [ 14.618314, 53.375211 ], [ 14.615919, 53.377373 ] ] ] } },
{ "type": "Feature", "properties": { "hex_id": 795, "pop_total": 5.96, "delta_school": 1.0, "base_school": 3.0, "delta_pharmacy": 1.0, "base_pharmacy": 5.0, "delta_university": null, "base_university": 0.0, "delta_mall": 0.0, "base_mall": 1.0, "net_delta": 2.0, "net_delta_n": 3 }, "geometry": { "type": "Polygon", "coordinates": [ [ [ 14.61638, 53.37289 ], [ 14.618314, 53.375211 ], [ 14.622642, 53.37537 ], [ 14.625036, 53.373209 ], [ 14.623102, 53.370888 ], [ 14.618775, 53.370729 ], [ 14.61638, 53.37289 ] ] ] } },
{ "type": "Feature", "properties": { "hex_id": 803, "pop_total": 206.7, "delta_school": 0.0, "base_school": 2.0, "delta_pharmacy": null, "base_pharmacy": 0.0, "delta_university": null, "base_university": 0.0, "delta_mall": null, "base_mall": 0.0, "net_delta": 0.0, "net_delta_n": 1 }, "geometry": { "type": "Polygon", "coordinates": [ [ [ 14.607377, 53.523295 ], [ 14.609316, 53.525616 ], [ 14.613659, 53.525776 ], [ 14.616063, 53.523614 ], [ 14.614123, 53.521293 ], [ 14.60978, 53.521133 ], [ 14.607377, 53.523295 ] ] ] } },
{ "type": "Feature", "properties": { "hex_id": 804, "pop_total": 316.59, "delta_school": 0.0, "base_school": 2.0, "delta_pharmacy": null, "base_pharmacy": 0.0, "delta_university": null, "base_university": 0.0, "delta_mall": null, "base_mall": 0.0, "net_delta": 0.0, "net_delta_n": 1 }, "geometry": { "type": "Polygon", "coordinates": [ [ [ 14.607841, 53.518812 ], [ 14.60978, 53.521133 ], [ 14.614123, 53.521293 ], [ 14.616526, 53.519132 ], [ 14.614587, 53.516811 ], [ 14.610245, 53.516651 ], [ 14.607841, 53.518812 ] ] ] } },
{ "type": "Feature", "properties": { "hex_id": 805, "pop_total": 626.44, "delta_school": 0.0, "base_school": 2.0, "delta_pharmacy": null, "base_pharmacy": 0.0, "delta_university": null, "base_university": 0.0, "delta_mall": null, "base_mall": 0.0, "net_delta": 0.0, "net_delta_n": 1 }, "geometry": { "type": "Polygon", "coordinates": [ [ [ 14.608306, 53.51433 ], [ 14.610245, 53.516651 ], [ 14.614587, 53.516811 ], [ 14.61699, 53.514649 ], [ 14.615051, 53.512328 ], [ 14.610709, 53.512168 ], [ 14.608306, 53.51433 ] ] ] } },
{ "type": "Feature", "properties": { "hex_id": 806, "pop_total": 27.27, "delta_school": 0.0, "base_school": 2.0, "delta_pharmacy": null, "base_pharmacy": 0.0, "delta_university": null, "base_university": 0.0, "delta_mall": null, "base_mall": 0.0, "net_delta": 0.0, "net_delta_n": 1 }, "geometry": { "type": "Polygon", "coordinates": [ [ [ 14.60877, 53.509847 ], [ 14.610709, 53.512168 ], [ 14.615051, 53.512328 ], [ 14.617453, 53.510167 ], [ 14.615514, 53.507846 ], [ 14.611173, 53.507686 ], [ 14.60877, 53.509847 ] ] ] } },
{ "type": "Feature", "properties": { "hex_id": 807, "pop_total": 113.67, "delta_school": 0.0, "base_school": 4.0, "delta_pharmacy": 0.0, "base_pharmacy": 2.0, "delta_university": null, "base_university": 0.0, "delta_mall": 0.0, "base_mall": 1.0, "net_delta": 0.0, "net_delta_n": 3 }, "geometry": { "type": "Polygon", "coordinates": [ [ [ 14.609234, 53.505365 ], [ 14.611173, 53.507686 ], [ 14.615514, 53.507846 ], [ 14.617916, 53.505684 ], [ 14.615978, 53.503363 ], [ 14.611637, 53.503203 ], [ 14.609234, 53.505365 ] ] ] } },
{ "type": "Feature", "properties": { "hex_id": 808, "pop_total": 4.73, "delta_school": 0.0, "base_school": 3.0, "delta_pharmacy": 0.0, "base_pharmacy": 2.0, "delta_university": null, "base_university": 0.0, "delta_mall": 0.0, "base_mall": 1.0, "net_delta": 0.0, "net_delta_n": 3 }, "geometry": { "type": "Polygon", "coordinates": [ [ [ 14.609698, 53.500882 ], [ 14.611637, 53.503203 ], [ 14.615978, 53.503363 ], [ 14.61838, 53.501202 ], [ 14.616441, 53.498881 ], [ 14.612101, 53.498721 ], [ 14.609698, 53.500882 ] ] ] } },
{ "type": "Feature", "properties": { "hex_id": 809, "pop_total": 327.55, "delta_school": 0.0, "base_school": 2.0, "delta_pharmacy": 0.0, "base_pharmacy": 2.0, "delta_university": null, "base_university": 0.0, "delta_mall": 0.0, "base_mall": 1.0, "net_delta": 0.0, "net_delta_n": 3 }, "geometry": { "type": "Polygon", "coordinates": [ [ [ 14.610162, 53.4964 ], [ 14.612101, 53.498721 ], [ 14.616441, 53.498881 ], [ 14.618843, 53.496719 ], [ 14.616904, 53.494398 ], [ 14.612564, 53.494238 ], [ 14.610162, 53.4964 ] ] ] } },
{ "type": "Feature", "properties": { "hex_id": 810, "pop_total": 288.96, "delta_school": 0.0, "base_school": 2.0, "delta_pharmacy": 0.0, "base_pharmacy": 2.0, "delta_university": null, "base_university": 0.0, "delta_mall": 0.0, "base_mall": 1.0, "net_delta": 0.0, "net_delta_n": 3 }, "geometry": { "type": "Polygon", "coordinates": [ [ [ 14.610626, 53.491917 ], [ 14.612564, 53.494238 ], [ 14.616904, 53.494398 ], [ 14.619306, 53.492236 ], [ 14.617367, 53.489915 ], [ 14.613028, 53.489756 ], [ 14.610626, 53.491917 ] ] ] } },
{ "type": "Feature", "properties": { "hex_id": 811, "pop_total": 55.19, "delta_school": 0.0, "base_school": 1.0, "delta_pharmacy": null, "base_pharmacy": 0.0, "delta_university": null, "base_university": 0.0, "delta_mall": null, "base_mall": 0.0, "net_delta": 0.0, "net_delta_n": 1 }, "geometry": { "type": "Polygon", "coordinates": [ [ [ 14.61109, 53.487435 ], [ 14.613028, 53.489756 ], [ 14.617367, 53.489915 ], [ 14.619768, 53.487754 ], [ 14.61783, 53.485433 ], [ 14.613491, 53.485273 ], [ 14.61109, 53.487435 ] ] ] } },
{ "type": "Feature", "properties": { "hex_id": 812, "pop_total": 4.12, "delta_school": 0.0, "base_school": 2.0, "delta_pharmacy": null, "base_pharmacy": 0.0, "delta_university": null, "base_university": 0.0, "delta_mall": null, "base_mall": 0.0, "net_delta": 0.0, "net_delta_n": 1 }, "geometry": { "type": "Polygon", "coordinates": [ [ [ 14.611553, 53.482952 ], [ 14.613491, 53.485273 ], [ 14.61783, 53.485433 ], [ 14.620231, 53.483271 ], [ 14.618293, 53.48095 ], [ 14.613954, 53.480791 ], [ 14.611553, 53.482952 ] ] ] } },
{ "type": "Feature", "properties": { "hex_id": 831, "pop_total": 36.07, "delta_school": -2.0, "base_school": 9.0, "delta_pharmacy": -1.0, "base_pharmacy": 10.0, "delta_university": null, "base_university": 0.0, "delta_mall": 0.0, "base_mall": 2.0, "net_delta": -3.0, "net_delta_n": 3 }, "geometry": { "type": "Polygon", "coordinates": [ [ [ 14.620337, 53.397784 ], [ 14.622272, 53.400105 ], [ 14.626602, 53.400264 ], [ 14.628998, 53.398102 ], [ 14.627063, 53.395781 ], [ 14.622733, 53.395622 ], [ 14.620337, 53.397784 ] ] ] } },
{ "type": "Feature", "properties": { "hex_id": 833, "pop_total": 7.0, "delta_school": 0.0, "base_school": 2.0, "delta_pharmacy": 0.0, "base_pharmacy": 5.0, "delta_university": null, "base_university": 0.0, "delta_mall": 0.0, "base_mall": 2.0, "net_delta": 0.0, "net_delta_n": 3 }, "geometry": { "type": "Polygon", "coordinates": [ [ [ 14.621259, 53.388818 ], [ 14.623194, 53.391139 ], [ 14.627523, 53.391298 ], [ 14.629918, 53.389136 ], [ 14.627983, 53.386816 ], [ 14.623654, 53.386657 ], [ 14.621259, 53.388818 ] ] ] } },
{ "type": "Feature", "properties": { "hex_id": 834, "pop_total": 305.86, "delta_school": 0.0, "base_school": 5.0, "delta_pharmacy": 1.0, "base_pharmacy": 12.0, "delta_university": null, "base_university": 0.0, "delta_mall": 1.0, "base_mall": 5.0, "net_delta": 2.0, "net_delta_n": 3 }, "geometry": { "type": "Polygon", "coordinates": [ [ [ 14.62172, 53.384336 ], [ 14.623654, 53.386657 ], [ 14.627983, 53.386816 ], [ 14.630378, 53.384654 ], [ 14.628443, 53.382333 ], [ 14.624115, 53.382174 ], [ 14.62172, 53.384336 ] ] ] } },
{ "type": "Feature", "properties": { "hex_id": 835, "pop_total": 540.87, "delta_school": 2.0, "base_school": 13.0, "delta_pharmacy": 0.0, "base_pharmacy": 25.0, "delta_university": null, "base_university": 0.0, "delta_mall": 0.0, "base_mall": 11.0, "net_delta": 2.0, "net_delta_n": 3 }, "geometry": { "type": "Polygon", "coordinates": [ [ [ 14.622181, 53.379853 ], [ 14.624115, 53.382174 ], [ 14.628443, 53.382333 ], [ 14.630838, 53.380171 ], [ 14.628903, 53.37785 ], [ 14.624575, 53.377691 ], [ 14.622181, 53.379853 ] ] ] } },
{ "type": "Feature", "properties": { "hex_id": 836, "pop_total": 33.86, "delta_school": 0.0, "base_school": 5.0, "delta_pharmacy": 1.0, "base_pharmacy": 9.0, "delta_university": null, "base_university": 0.0, "delta_mall": 0.0, "base_mall": 2.0, "net_delta": 1.0, "net_delta_n": 3 }, "geometry": { "type": "Polygon", "coordinates": [ [ [ 14.622642, 53.37537 ], [ 14.624575, 53.377691 ], [ 14.628903, 53.37785 ], [ 14.631297, 53.375688 ], [ 14.629363, 53.373367 ], [ 14.625036, 53.373209 ], [ 14.622642, 53.37537 ] ] ] } },
{ "type": "Feature", "properties": { "hex_id": 843, "pop_total": 25.73, "delta_school": -1.0, "base_school": 2.0, "delta_pharmacy": null, "base_pharmacy": 0.0, "delta_university": null, "base_university": 0.0, "delta_mall": null, "base_mall": 0.0, "net_delta": -1.0, "net_delta_n": 1 }, "geometry": { "type": "Polygon", "coordinates": [ [ [ 14.614587, 53.516811 ], [ 14.616526, 53.519132 ], [ 14.620869, 53.519291 ], [ 14.623271, 53.517129 ], [ 14.621332, 53.514808 ], [ 14.61699, 53.514649 ], [ 14.614587, 53.516811 ] ] ] } },
{ "type": "Feature", "properties": { "hex_id": 870, "pop_total": 22.0, "delta_school": 0.0, "base_school": 7.0, "delta_pharmacy": -1.0, "base_pharmacy": 10.0, "delta_university": null, "base_university": 0.0, "delta_mall": 0.0, "base_mall": 2.0, "net_delta": -1.0, "net_delta_n": 3 }, "geometry": { "type": "Polygon", "coordinates": [ [ [ 14.627063, 53.395781 ], [ 14.628998, 53.398102 ], [ 14.633328, 53.39826 ], [ 14.635723, 53.396098 ], [ 14.633788, 53.393778 ], [ 14.629458, 53.393619 ], [ 14.627063, 53.395781 ] ] ] } },
{ "type": "Feature", "properties": { "hex_id": 872, "pop_total": 156.94, "delta_school": 0.0, "base_school": 2.0, "delta_pharmacy": 0.0, "base_pharmacy": 7.0, "delta_university": null, "base_university": 0.0, "delta_mall": 0.0, "base_mall": 1.0, "net_delta": 0.0, "net_delta_n": 3 }, "geometry": { "type": "Polygon", "coordinates": [ [ [ 14.627983, 53.386816 ], [ 14.629918, 53.389136 ], [ 14.634247, 53.389295 ], [ 14.636642, 53.387133 ], [ 14.634707, 53.384812 ], [ 14.630378, 53.384654 ], [ 14.627983, 53.386816 ] ] ] } },
{ "type": "Feature", "properties": { "hex_id": 873, "pop_total": 2864.07, "delta_school": -1.0, "base_school": 23.0, "delta_pharmacy": -2.0, "base_pharmacy": 37.0, "delta_university": null, "base_university": 0.0, "delta_mall": 0.0, "base_mall": 12.0, "net_delta": -3.0, "net_delta_n": 3 }, "geometry": { "type": "Polygon", "coordinates": [ [ [ 14.628443, 53.382333 ], [ 14.630378, 53.384654 ], [ 14.634707, 53.384812 ], [ 14.637101, 53.38265 ], [ 14.635166, 53.380329 ], [ 14.630838, 53.380171 ], [ 14.628443, 53.382333 ] ] ] } },
{ "type": "Feature", "properties": { "hex_id": 874, "pop_total": 850.07, "delta_school": 3.0, "base_school": 9.0, "delta_pharmacy": 0.0, "base_pharmacy": 23.0, "delta_university": null, "base_university": 0.0, "delta_mall": 0.0, "base_mall": 8.0, "net_delta": 3.0, "net_delta_n": 3 }, "geometry": { "type": "Polygon", "coordinates": [ [ [ 14.628903, 53.37785 ], [ 14.630838, 53.380171 ], [ 14.635166, 53.380329 ], [ 14.63756, 53.378167 ], [ 14.635625, 53.375847 ], [ 14.631297, 53.375688 ], [ 14.628903, 53.37785 ] ] ] } },
{ "type": "Feature", "properties": { "hex_id": 875, "pop_total": 112.12, "delta_school": 0.0, "base_school": 4.0, "delta_pharmacy": 0.0, "base_pharmacy": 6.0, "delta_university": null, "base_university": 0.0, "delta_mall": 0.0, "base_mall": 1.0, "net_delta": 0.0, "net_delta_n": 3 }, "geometry": { "type": "Polygon", "coordinates": [ [ [ 14.629363, 53.373367 ], [ 14.631297, 53.375688 ], [ 14.635625, 53.375847 ], [ 14.638019, 53.373685 ], [ 14.636084, 53.371364 ], [ 14.631757, 53.371205 ], [ 14.629363, 53.373367 ] ] ] } },
{ "type": "Feature", "properties": { "hex_id": 911, "pop_total": 541.02, "delta_school": -1.0, "base_school": 24.0, "delta_pharmacy": -1.0, "base_pharmacy": 36.0, "delta_university": null, "base_university": 0.0, "delta_mall": 0.0, "base_mall": 12.0, "net_delta": -2.0, "net_delta_n": 3 }, "geometry": { "type": "Polygon", "coordinates": [ [ [ 14.634707, 53.384812 ], [ 14.636642, 53.387133 ], [ 14.640971, 53.387291 ], [ 14.643365, 53.385129 ], [ 14.641429, 53.382809 ], [ 14.637101, 53.38265 ], [ 14.634707, 53.384812 ] ] ] } },
{ "type": "Feature", "properties": { "hex_id": 912, "pop_total": 1306.16, "delta_school": 0.0, "base_school": 15.0, "delta_pharmacy": 0.0, "base_pharmacy": 27.0, "delta_university": null, "base_university": 0.0, "delta_mall": 0.0, "base_mall": 11.0, "net_delta": 0.0, "net_delta_n": 3 }, "geometry": { "type": "Polygon", "coordinates": [ [ [ 14.635166, 53.380329 ], [ 14.637101, 53.38265 ], [ 14.641429, 53.382809 ], [ 14.643823, 53.380646 ], [ 14.641888, 53.378326 ], [ 14.63756, 53.378167 ], [ 14.635166, 53.380329 ] ] ] } },
{ "type": "Feature", "properties": { "hex_id": 913, "pop_total": 135.35, "delta_school": 0.0, "base_school": 13.0, "delta_pharmacy": 0.0, "base_pharmacy": 21.0, "delta_university": null, "base_university": 0.0, "delta_mall": 0.0, "base_mall": 8.0, "net_delta": 0.0, "net_delta_n": 3 }, "geometry": { "type": "Polygon", "coordinates": [ [ [ 14.635625, 53.375847 ], [ 14.63756, 53.378167 ], [ 14.641888, 53.378326 ], [ 14.644281, 53.376163 ], [ 14.642347, 53.373843 ], [ 14.638019, 53.373685 ], [ 14.635625, 53.375847 ] ] ] } },
{ "type": "Feature", "properties": { "hex_id": 914, "pop_total": 203.0, "delta_school": 1.0, "base_school": 8.0, "delta_pharmacy": 0.0, "base_pharmacy": 20.0, "delta_university": null, "base_university": 0.0, "delta_mall": 0.0, "base_mall": 6.0, "net_delta": 1.0, "net_delta_n": 3 }, "geometry": { "type": "Polygon", "coordinates": [ [ [ 14.636084, 53.371364 ], [ 14.638019, 53.373685 ], [ 14.642347, 53.373843 ], [ 14.64474, 53.371681 ], [ 14.642805, 53.36936 ], [ 14.638478, 53.369202 ], [ 14.636084, 53.371364 ] ] ] } },
{ "type": "Feature", "properties": { "hex_id": 915, "pop_total": 689.64, "delta_school": 0.0, "base_school": 7.0, "delta_pharmacy": -3.0, "base_pharmacy": 19.0, "delta_university": null, "base_university": 0.0, "delta_mall": -1.0, "base_mall": 5.0, "net_delta": -4.0, "net_delta_n": 3 }, "geometry": { "type": "Polygon", "coordinates": [ [ [ 14.636543, 53.366881 ], [ 14.638478, 53.369202 ], [ 14.642805, 53.36936 ], [ 14.645198, 53.367198 ], [ 14.643263, 53.364877 ], [ 14.638936, 53.364719 ], [ 14.636543, 53.366881 ] ] ] } },
{ "type": "Feature", "properties": { "hex_id": 948, "pop_total": 4.4, "delta_school": 0.0, "base_school": 7.0, "delta_pharmacy": -1.0, "base_pharmacy": 5.0, "delta_university": null, "base_university": 0.0, "delta_mall": 0.0, "base_mall": 2.0, "net_delta": -1.0, "net_delta_n": 3 }, "geometry": { "type": "Polygon", "coordinates": [ [ [ 14.640053, 53.396257 ], [ 14.641989, 53.398577 ], [ 14.646319, 53.398736 ], [ 14.648713, 53.396573 ], [ 14.646777, 53.394253 ], [ 14.642447, 53.394095 ], [ 14.640053, 53.396257 ] ] ] } },
{ "type": "Feature", "properties": { "hex_id": 950, "pop_total": 10.92, "delta_school": -1.0, "base_school": 17.0, "delta_pharmacy": 1.0, "base_pharmacy": 24.0, "delta_university": null, "base_university": 0.0, "delta_mall": 0.0, "base_mall": 11.0, "net_delta": 0.0, "net_delta_n": 3 }, "geometry": { "type": "Polygon", "coordinates": [ [ [ 14.640971, 53.387291 ], [ 14.642906, 53.389612 ], [ 14.647235, 53.38977 ], [ 14.649629, 53.387608 ], [ 14.647694, 53.385287 ], [ 14.643365, 53.385129 ], [ 14.640971, 53.387291 ] ] ] } },
{ "type": "Feature", "properties": { "hex_id": 951, "pop_total": 341.76, "delta_school": 1.0, "base_school": 16.0, "delta_pharmacy": 0.0, "base_pharmacy": 26.0, "delta_university": null, "base_university": 0.0, "delta_mall": 0.0, "base_mall": 12.0, "net_delta": 1.0, "net_delta_n": 3 }, "geometry": { "type": "Polygon", "coordinates": [ [ [ 14.641429, 53.382809 ], [ 14.643365, 53.385129 ], [ 14.647694, 53.385287 ], [ 14.650087, 53.383125 ], [ 14.648152, 53.380804 ], [ 14.643823, 53.380646 ], [ 14.641429, 53.382809 ] ] ] } },
{ "type": "Feature", "properties": { "hex_id": 952, "pop_total": 2648.9, "delta_school": 1.0, "base_school": 14.0, "delta_pharmacy": 0.0, "base_pharmacy": 25.0, "delta_university": null, "base_university": 0.0, "delta_mall": 0.0, "base_mall": 10.0, "net_delta": 1.0, "net_delta_n": 3 }, "geometry": { "type": "Polygon", "coordinates": [ [ [ 14.641888, 53.378326 ], [ 14.643823, 53.380646 ], [ 14.648152, 53.380804 ], [ 14.650545, 53.378642 ], [ 14.648609, 53.376322 ], [ 14.644281, 53.376163 ], [ 14.641888, 53.378326 ] ] ] } },
{ "type": "Feature", "properties": { "hex_id": 953, "pop_total": 459.11, "delta_school": 1.0, "base_school": 13.0, "delta_pharmacy": 2.0, "base_pharmacy": 22.0, "delta_university": null, "base_university": 0.0, "delta_mall": 0.0, "base_mall": 10.0, "net_delta": 3.0, "net_delta_n": 3 }, "geometry": { "type": "Polygon", "coordinates": [ [ [ 14.642347, 53.373843 ], [ 14.644281, 53.376163 ], [ 14.648609, 53.376322 ], [ 14.651002, 53.374159 ], [ 14.649067, 53.371839 ], [ 14.64474, 53.371681 ], [ 14.642347, 53.373843 ] ] ] } },
{ "type": "Feature", "properties": { "hex_id": 954, "pop_total": 937.51, "delta_school": 0.0, "base_school": 11.0, "delta_pharmacy": 0.0, "base_pharmacy": 22.0, "delta_university": null, "base_university": 0.0, "delta_mall": 0.0, "base_mall": 7.0, "net_delta": 0.0, "net_delta_n": 3 }, "geometry": { "type": "Polygon", "coordinates": [ [ [ 14.642805, 53.36936 ], [ 14.64474, 53.371681 ], [ 14.649067, 53.371839 ], [ 14.65146, 53.369676 ], [ 14.649525, 53.367356 ], [ 14.645198, 53.367198 ], [ 14.642805, 53.36936 ] ] ] } },
{ "type": "Feature", "properties": { "hex_id": 955, "pop_total": 1776.16, "delta_school": 0.0, "base_school": 11.0, "delta_pharmacy": 1.0, "base_pharmacy": 22.0, "delta_university": null, "base_university": 0.0, "delta_mall": -1.0, "base_mall": 7.0, "net_delta": 0.0, "net_delta_n": 3 }, "geometry": { "type": "Polygon", "coordinates": [ [ [ 14.643263, 53.364877 ], [ 14.645198, 53.367198 ], [ 14.649525, 53.367356 ], [ 14.651917, 53.365194 ], [ 14.649982, 53.362873 ], [ 14.645656, 53.362715 ], [ 14.643263, 53.364877 ] ] ] } },
{ "type": "Feature", "properties": { "hex_id": 987, "pop_total": 13.2, "delta_school": 0.0, "base_school": 7.0, "delta_pharmacy": -1.0, "base_pharmacy": 5.0, "delta_university": null, "base_university": 0.0, "delta_mall": 0.0, "base_mall": 2.0, "net_delta": -1.0, "net_delta_n": 3 }, "geometry": { "type": "Polygon", "coordinates": [ [ [ 14.646777, 53.394253 ], [ 14.648713, 53.396573 ], [ 14.653043, 53.396731 ], [ 14.655437, 53.394569 ], [ 14.653501, 53.392248 ], [ 14.649171, 53.39209 ], [ 14.646777, 53.394253 ] ] ] } },
{ "type": "Feature", "properties": { "hex_id": 988, "pop_total": 46.17, "delta_school": -1.0, "base_school": 9.0, "delta_pharmacy": -3.0, "base_pharmacy": 17.0, "delta_university": null, "base_university": 0.0, "delta_mall": 0.0, "base_mall": 10.0, "net_delta": -4.0, "net_delta_n": 3 }, "geometry": { "type": "Polygon", "coordinates": [ [ [ 14.647235, 53.38977 ], [ 14.649171, 53.39209 ], [ 14.653501, 53.392248 ], [ 14.655894, 53.390086 ], [ 14.653958, 53.387766 ], [ 14.649629, 53.387608 ], [ 14.647235, 53.38977 ] ] ] } },
{ "type": "Feature", "properties": { "hex_id": 989, "pop_total": 52.72, "delta_school": 0.0, "base_school": 20.0, "delta_pharmacy": 0.0, "base_pharmacy": 27.0, "delta_university": null, "base_university": 0.0, "delta_mall": 0.0, "base_mall": 12.0, "net_delta": 0.0, "net_delta_n": 3 }, "geometry": { "type": "Polygon", "coordinates": [ [ [ 14.647694, 53.385287 ], [ 14.649629, 53.387608 ], [ 14.653958, 53.387766 ], [ 14.656352, 53.385603 ], [ 14.654416, 53.383283 ], [ 14.650087, 53.383125 ], [ 14.647694, 53.385287 ] ] ] } },
{ "type": "Feature", "properties": { "hex_id": 990, "pop_total": 1862.78, "delta_school": 1.0, "base_school": 16.0, "delta_pharmacy": 3.0, "base_pharmacy": 25.0, "delta_university": null, "base_university": 0.0, "delta_mall": 0.0, "base_mall": 12.0, "net_delta": 4.0, "net_delta_n": 3 }, "geometry": { "type": "Polygon", "coordinates": [ [ [ 14.648152, 53.380804 ], [ 14.650087, 53.383125 ], [ 14.654416, 53.383283 ], [ 14.656809, 53.38112 ], [ 14.654873, 53.3788 ], [ 14.650545, 53.378642 ], [ 14.648152, 53.380804 ] ] ] } },
{ "type": "Feature", "properties": { "hex_id": 991, "pop_total": 2894.99, "delta_school": 2.0, "base_school": 11.0, "delta_pharmacy": 1.0, "base_pharmacy": 23.0, "delta_university": null, "base_university": 0.0, "delta_mall": 0.0, "base_mall": 10.0, "net_delta": 3.0, "net_delta_n": 3 }, "geometry": { "type": "Polygon", "coordinates": [ [ [ 14.648609, 53.376322 ], [ 14.650545, 53.378642 ], [ 14.654873, 53.3788 ], [ 14.657266, 53.376637 ], [ 14.65533, 53.374317 ], [ 14.651002, 53.374159 ], [ 14.648609, 53.376322 ] ] ] } },
{ "type": "Feature", "properties": { "hex_id": 992, "pop_total": 118.75, "delta_school": 0.0, "base_school": 11.0, "delta_pharmacy": 1.0, "base_pharmacy": 22.0, "delta_university": null, "base_university": 0.0, "delta_mall": 0.0, "base_mall": 10.0, "net_delta": 1.0, "net_delta_n": 3 }, "geometry": { "type": "Polygon", "coordinates": [ [ [ 14.649067, 53.371839 ], [ 14.651002, 53.374159 ], [ 14.65533, 53.374317 ], [ 14.657723, 53.372155 ], [ 14.655787, 53.369834 ], [ 14.65146, 53.369676 ], [ 14.649067, 53.371839 ] ] ] } },
{ "type": "Feature", "properties": { "hex_id": 993, "pop_total": 4172.07, "delta_school": 2.0, "base_school": 12.0, "delta_pharmacy": 0.0, "base_pharmacy": 25.0, "delta_university": null, "base_university": 0.0, "delta_mall": 0.0, "base_mall": 12.0, "net_delta": 2.0, "net_delta_n": 3 }, "geometry": { "type": "Polygon", "coordinates": [ [ [ 14.649525, 53.367356 ], [ 14.65146, 53.369676 ], [ 14.655787, 53.369834 ], [ 14.658179, 53.367672 ], [ 14.656244, 53.365351 ], [ 14.651917, 53.365194 ], [ 14.649525, 53.367356 ] ] ] } },
{ "type": "Feature", "properties": { "hex_id": 994, "pop_total": 873.9, "delta_school": 0.0, "base_school": 9.0, "delta_pharmacy": 0.0, "base_pharmacy": 22.0, "delta_university": null, "base_university": 0.0, "delta_mall": 0.0, "base_mall": 6.0, "net_delta": 0.0, "net_delta_n": 3 }, "geometry": { "type": "Polygon", "coordinates": [ [ [ 14.649982, 53.362873 ], [ 14.651917, 53.365194 ], [ 14.656244, 53.365351 ], [ 14.658636, 53.363189 ], [ 14.656701, 53.360869 ], [ 14.652374, 53.360711 ], [ 14.649982, 53.362873 ] ] ] } },
{ "type": "Feature", "properties": { "hex_id": 1024, "pop_total": 40.65, "delta_school": 0.0, "base_school": 7.0, "delta_pharmacy": 0.0, "base_pharmacy": 7.0, "delta_university": null, "base_university": 0.0, "delta_mall": -1.0, "base_mall": 3.0, "net_delta": -1.0, "net_delta_n": 3 }, "geometry": { "type": "Polygon", "coordinates": [ [ [ 14.653043, 53.396731 ], [ 14.65498, 53.399052 ], [ 14.65931, 53.399209 ], [ 14.661704, 53.397047 ], [ 14.659767, 53.394727 ], [ 14.655437, 53.394569 ], [ 14.653043, 53.396731 ] ] ] } },
{ "type": "Feature", "properties": { "hex_id": 1025, "pop_total": 275.07, "delta_school": 0.0, "base_school": 15.0, "delta_pharmacy": 0.0, "base_pharmacy": 22.0, "delta_university": null, "base_university": 0.0, "delta_mall": 0.0, "base_mall": 11.0, "net_delta": 0.0, "net_delta_n": 3 }, "geometry": { "type": "Polygon", "coordinates": [ [ [ 14.653501, 53.392248 ], [ 14.655437, 53.394569 ], [ 14.659767, 53.394727 ], [ 14.66216, 53.392564 ], [ 14.660224, 53.390244 ], [ 14.655894, 53.390086 ], [ 14.653501, 53.392248 ] ] ] } },
{ "type": "Feature", "properties": { "hex_id": 1026, "pop_total": 64.68, "delta_school": 1.0, "base_school": 10.0, "delta_pharmacy": 0.0, "base_pharmacy": 21.0, "delta_university": null, "base_university": 0.0, "delta_mall": 0.0, "base_mall": 11.0, "net_delta": 1.0, "net_delta_n": 3 }, "geometry": { "type": "Polygon", "coordinates": [ [ [ 14.653958, 53.387766 ], [ 14.655894, 53.390086 ], [ 14.660224, 53.390244 ], [ 14.662617, 53.388081 ], [ 14.660681, 53.385761 ], [ 14.656352, 53.385603 ], [ 14.653958, 53.387766 ] ] ] } },
{ "type": "Feature", "properties": { "hex_id": 1027, "pop_total": 512.21, "delta_school": 2.0, "base_school": 5.0, "delta_pharmacy": 2.0, "base_pharmacy": 18.0, "delta_university": null, "base_university": 0.0, "delta_mall": 0.0, "base_mall": 10.0, "net_delta": 4.0, "net_delta_n": 3 }, "geometry": { "type": "Polygon", "coordinates": [ [ [ 14.654416, 53.383283 ], [ 14.656352, 53.385603 ], [ 14.660681, 53.385761 ], [ 14.663074, 53.383598 ], [ 14.661137, 53.381278 ], [ 14.656809, 53.38112 ], [ 14.654416, 53.383283 ] ] ] } },
{ "type": "Feature", "properties": { "hex_id": 1028, "pop_total": 3238.42, "delta_school": 2.0, "base_school": 14.0, "delta_pharmacy": 1.0, "base_pharmacy": 25.0, "delta_university": null, "base_university": 0.0, "delta_mall": 0.0, "base_mall": 12.0, "net_delta": 3.0, "net_delta_n": 3 }, "geometry": { "type": "Polygon", "coordinates": [ [ [ 14.654873, 53.3788 ], [ 14.656809, 53.38112 ], [ 14.661137, 53.381278 ], [ 14.66353, 53.379115 ], [ 14.661594, 53.376795 ], [ 14.657266, 53.376637 ], [ 14.654873, 53.3788 ] ] ] } },
{ "type": "Feature", "properties": { "hex_id": 1029, "pop_total": 3181.48, "delta_school": 2.0, "base_school": 15.0, "delta_pharmacy": 2.0, "base_pharmacy": 25.0, "delta_university": null, "base_university": 0.0, "delta_mall": 0.0, "base_mall": 12.0, "net_delta": 4.0, "net_delta_n": 3 }, "geometry": { "type": "Polygon", "coordinates": [ [ [ 14.65533, 53.374317 ], [ 14.657266, 53.376637 ], [ 14.661594, 53.376795 ], [ 14.663986, 53.374632 ], [ 14.66205, 53.372312 ], [ 14.657723, 53.372155 ], [ 14.65533, 53.374317 ] ] ] } },
{ "type": "Feature", "properties": { "hex_id": 1030, "pop_total": 313.9, "delta_school": 3.0, "base_school": 12.0, "delta_pharmacy": 0.0, "base_pharmacy": 25.0, "delta_university": null, "base_university": 0.0, "delta_mall": 0.0, "base_mall": 12.0, "net_delta": 3.0, "net_delta_n": 3 }, "geometry": { "type": "Polygon", "coordinates": [ [ [ 14.655787, 53.369834 ], [ 14.657723, 53.372155 ], [ 14.66205, 53.372312 ], [ 14.664442, 53.37015 ], [ 14.662507, 53.367829 ], [ 14.658179, 53.367672 ], [ 14.655787, 53.369834 ] ] ] } },
{ "type": "Feature", "properties": { "hex_id": 1031, "pop_total": 2797.23, "delta_school": 1.0, "base_school": 11.0, "delta_pharmacy": 2.0, "base_pharmacy": 22.0, "delta_university": null, "base_university": 0.0, "delta_mall": 1.0, "base_mall": 7.0, "net_delta": 4.0, "net_delta_n": 3 }, "geometry": { "type": "Polygon", "coordinates": [ [ [ 14.656244, 53.365351 ], [ 14.658179, 53.367672 ], [ 14.662507, 53.367829 ], [ 14.664898, 53.365667 ], [ 14.662963, 53.363346 ], [ 14.658636, 53.363189 ], [ 14.656244, 53.365351 ] ] ] } },
{ "type": "Feature", "properties": { "hex_id": 1032, "pop_total": 148.92, "delta_school": 0.0, "base_school": 4.0, "delta_pharmacy": 0.0, "base_pharmacy": 7.0, "delta_university": null, "base_university": 0.0, "delta_mall": null, "base_mall": 0.0, "net_delta": 0.0, "net_delta_n": 2 }, "geometry": { "type": "Polygon", "coordinates": [ [ [ 14.656701, 53.360869 ], [ 14.658636, 53.363189 ], [ 14.662963, 53.363346 ], [ 14.665354, 53.361184 ], [ 14.663419, 53.358864 ], [ 14.659092, 53.358706 ], [ 14.656701, 53.360869 ] ] ] } },
{ "type": "Feature", "properties": { "hex_id": 1033, "pop_total": 65.37, "delta_school": 0.0, "base_school": 1.0, "delta_pharmacy": 0.0, "base_pharmacy": 2.0, "delta_university": null, "base_university": 0.0, "delta_mall": null, "base_mall": 0.0, "net_delta": 0.0, "net_delta_n": 2 }, "geometry": { "type": "Polygon", "coordinates": [ [ [ 14.657157, 53.356386 ], [ 14.659092, 53.358706 ], [ 14.663419, 53.358864 ], [ 14.66581, 53.356701 ], [ 14.663875, 53.354381 ], [ 14.659549, 53.354223 ], [ 14.657157, 53.356386 ] ] ] } },
{ "type": "Feature", "properties": { "hex_id": 1062, "pop_total": 3.64, "delta_school": 0.0, "base_school": 6.0, "delta_pharmacy": 0.0, "base_pharmacy": 3.0, "delta_university": null, "base_university": 0.0, "delta_mall": 0.0, "base_mall": 1.0, "net_delta": 0.0, "net_delta_n": 3 }, "geometry": { "type": "Polygon", "coordinates": [ [ [ 14.658853, 53.403692 ], [ 14.66079, 53.406013 ], [ 14.665121, 53.40617 ], [ 14.667515, 53.404007 ], [ 14.665578, 53.401687 ], [ 14.661247, 53.40153 ], [ 14.658853, 53.403692 ] ] ] } },
{ "type": "Feature", "properties": { "hex_id": 1063, "pop_total": 974.57, "delta_school": 0.0, "base_school": 7.0, "delta_pharmacy": -1.0, "base_pharmacy": 7.0, "delta_university": null, "base_university": 0.0, "delta_mall": 0.0, "base_mall": 2.0, "net_delta": -1.0, "net_delta_n": 3 }, "geometry": { "type": "Polygon", "coordinates": [ [ [ 14.65931, 53.399209 ], [ 14.661247, 53.40153 ], [ 14.665578, 53.401687 ], [ 14.667971, 53.399525 ], [ 14.666034, 53.397204 ], [ 14.661704, 53.397047 ], [ 14.65931, 53.399209 ] ] ] } },
{ "type": "Feature", "properties": { "hex_id": 1064, "pop_total": 1942.51, "delta_school": 0.0, "base_school": 18.0, "delta_pharmacy": -1.0, "base_pharmacy": 24.0, "delta_university": null, "base_university": 0.0, "delta_mall": 0.0, "base_mall": 11.0, "net_delta": -1.0, "net_delta_n": 3 }, "geometry": { "type": "Polygon", "coordinates": [ [ [ 14.659767, 53.394727 ], [ 14.661704, 53.397047 ], [ 14.666034, 53.397204 ], [ 14.668427, 53.395042 ], [ 14.66649, 53.392722 ], [ 14.66216, 53.392564 ], [ 14.659767, 53.394727 ] ] ] } },
{ "type": "Feature", "properties": { "hex_id": 1065, "pop_total": 135.64, "delta_school": 0.0, "base_school": 11.0, "delta_pharmacy": 0.0, "base_pharmacy": 16.0, "delta_university": null, "base_university": 0.0, "delta_mall": 0.0, "base_mall": 11.0, "net_delta": 0.0, "net_delta_n": 3 }, "geometry": { "type": "Polygon", "coordinates": [ [ [ 14.660224, 53.390244 ], [ 14.66216, 53.392564 ], [ 14.66649, 53.392722 ], [ 14.668883, 53.390559 ], [ 14.666946, 53.388239 ], [ 14.662617, 53.388081 ], [ 14.660224, 53.390244 ] ] ] } },
{ "type": "Feature", "properties": { "hex_id": 1066, "pop_total": 1.0, "delta_school": 0.0, "base_school": 8.0, "delta_pharmacy": 0.0, "base_pharmacy": 21.0, "delta_university": null, "base_university": 0.0, "delta_mall": 0.0, "base_mall": 12.0, "net_delta": 0.0, "net_delta_n": 3 }, "geometry": { "type": "Polygon", "coordinates": [ [ [ 14.660681, 53.385761 ], [ 14.662617, 53.388081 ], [ 14.666946, 53.388239 ], [ 14.669339, 53.386076 ], [ 14.667403, 53.383756 ], [ 14.663074, 53.383598 ], [ 14.660681, 53.385761 ] ] ] } },
{ "type": "Feature", "properties": { "hex_id": 1067, "pop_total": 2247.43, "delta_school": 0.0, "base_school": 11.0, "delta_pharmacy": 2.0, "base_pharmacy": 24.0, "delta_university": null, "base_university": 0.0, "delta_mall": 1.0, "base_mall": 11.0, "net_delta": 3.0, "net_delta_n": 3 }, "geometry": { "type": "Polygon", "coordinates": [ [ [ 14.661137, 53.381278 ], [ 14.663074, 53.383598 ], [ 14.667403, 53.383756 ], [ 14.669795, 53.381593 ], [ 14.667858, 53.379273 ], [ 14.66353, 53.379115 ], [ 14.661137, 53.381278 ] ] ] } },
{ "type": "Feature", "properties": { "hex_id": 1068, "pop_total": 2439.16, "delta_school": 2.0, "base_school": 13.0, "delta_pharmacy": 1.0, "base_pharmacy": 25.0, "delta_university": null, "base_university": 0.0, "delta_mall": 0.0, "base_mall": 12.0, "net_delta": 3.0, "net_delta_n": 3 }, "geometry": { "type": "Polygon", "coordinates": [ [ [ 14.661594, 53.376795 ], [ 14.66353, 53.379115 ], [ 14.667858, 53.379273 ], [ 14.67025, 53.37711 ], [ 14.668314, 53.37479 ], [ 14.663986, 53.374632 ], [ 14.661594, 53.376795 ] ] ] } },
{ "type": "Feature", "properties": { "hex_id": 1069, "pop_total": 1408.37, "delta_school": 1.0, "base_school": 11.0, "delta_pharmacy": 0.0, "base_pharmacy": 24.0, "delta_university": null, "base_university": 0.0, "delta_mall": 1.0, "base_mall": 11.0, "net_delta": 2.0, "net_delta_n": 3 }, "geometry": { "type": "Polygon", "coordinates": [ [ [ 14.66205, 53.372312 ], [ 14.663986, 53.374632 ], [ 14.668314, 53.37479 ], [ 14.670706, 53.372627 ], [ 14.66877, 53.370307 ], [ 14.664442, 53.37015 ], [ 14.66205, 53.372312 ] ] ] } },
{ "type": "Feature", "properties": { "hex_id": 1070, "pop_total": 2457.3, "delta_school": 0.0, "base_school": 8.0, "delta_pharmacy": 1.0, "base_pharmacy": 20.0, "delta_university": null, "base_university": 0.0, "delta_mall": 1.0, "base_mall": 5.0, "net_delta": 2.0, "net_delta_n": 3 }, "geometry": { "type": "Polygon", "coordinates": [ [ [ 14.662507, 53.367829 ], [ 14.664442, 53.37015 ], [ 14.66877, 53.370307 ], [ 14.671161, 53.368144 ], [ 14.669225, 53.365824 ], [ 14.664898, 53.365667 ], [ 14.662507, 53.367829 ] ] ] } },
{ "type": "Feature", "properties": { "hex_id": 1071, "pop_total": 314.4, "delta_school": 1.0, "base_school": 3.0, "delta_pharmacy": 1.0, "base_pharmacy": 7.0, "delta_university": null, "base_university": 0.0, "delta_mall": null, "base_mall": 0.0, "net_delta": 2.0, "net_delta_n": 2 }, "geometry": { "type": "Polygon", "coordinates": [ [ [ 14.662963, 53.363346 ], [ 14.664898, 53.365667 ], [ 14.669225, 53.365824 ], [ 14.671617, 53.363661 ], [ 14.669681, 53.361341 ], [ 14.665354, 53.361184 ], [ 14.662963, 53.363346 ] ] ] } },
{ "type": "Feature", "properties": { "hex_id": 1104, "pop_total": 496.31, "delta_school": 0.0, "base_school": 7.0, "delta_pharmacy": 0.0, "base_pharmacy": 3.0, "delta_university": null, "base_university": 0.0, "delta_mall": 0.0, "base_mall": 1.0, "net_delta": 0.0, "net_delta_n": 3 }, "geometry": { "type": "Polygon", "coordinates": [ [ [ 14.665578, 53.401687 ], [ 14.667515, 53.404007 ], [ 14.671846, 53.404165 ], [ 14.674239, 53.402002 ], [ 14.672302, 53.399682 ], [ 14.667971, 53.399525 ], [ 14.665578, 53.401687 ] ] ] } },
{ "type": "Feature", "properties": { "hex_id": 1105, "pop_total": 1929.49, "delta_school": 0.0, "base_school": 7.0, "delta_pharmacy": -3.0, "base_pharmacy": 11.0, "delta_university": null, "base_university": 0.0, "delta_mall": -2.0, "base_mall": 4.0, "net_delta": -5.0, "net_delta_n": 3 }, "geometry": { "type": "Polygon", "coordinates": [ [ [ 14.666034, 53.397204 ], [ 14.667971, 53.399525 ], [ 14.672302, 53.399682 ], [ 14.674695, 53.397519 ], [ 14.672757, 53.395199 ], [ 14.668427, 53.395042 ], [ 14.666034, 53.397204 ] ] ] } },
{ "type": "Feature", "properties": { "hex_id": 1106, "pop_total": 331.98, "delta_school": 0.0, "base_school": 7.0, "delta_pharmacy": 1.0, "base_pharmacy": 13.0, "delta_university": null, "base_university": 0.0, "delta_mall": 0.0, "base_mall": 10.0, "net_delta": 1.0, "net_delta_n": 3 }, "geometry": { "type": "Polygon", "coordinates": [ [ [ 14.66649, 53.392722 ], [ 14.668427, 53.395042 ], [ 14.672757, 53.395199 ], [ 14.67515, 53.393036 ], [ 14.673213, 53.390716 ], [ 14.668883, 53.390559 ], [ 14.66649, 53.392722 ] ] ] } },
{ "type": "Feature", "properties": { "hex_id": 1107, "pop_total": 3.0, "delta_school": 1.0, "base_school": 5.0, "delta_pharmacy": 0.0, "base_pharmacy": 3.0, "delta_university": null, "base_university": 0.0, "delta_mall": 0.0, "base_mall": 1.0, "net_delta": 1.0, "net_delta_n": 3 }, "geometry": { "type": "Polygon", "coordinates": [ [ [ 14.666946, 53.388239 ], [ 14.668883, 53.390559 ], [ 14.673213, 53.390716 ], [ 14.675605, 53.388553 ], [ 14.673668, 53.386233 ], [ 14.669339, 53.386076 ], [ 14.666946, 53.388239 ] ] ] } },
{ "type": "Feature", "properties": { "hex_id": 1109, "pop_total": 18.29, "delta_school": -1.0, "base_school": 7.0, "delta_pharmacy": 1.0, "base_pharmacy": 19.0, "delta_university": null, "base_university": 0.0, "delta_mall": -1.0, "base_mall": 11.0, "net_delta": -1.0, "net_delta_n": 3 }, "geometry": { "type": "Polygon", "coordinates": [ [ [ 14.667858, 53.379273 ], [ 14.669795, 53.381593 ], [ 14.674124, 53.38175 ], [ 14.676516, 53.379587 ], [ 14.674579, 53.377267 ], [ 14.67025, 53.37711 ], [ 14.667858, 53.379273 ] ] ] } },
{ "type": "Feature", "properties": { "hex_id": 1110, "pop_total": 48.45, "delta_school": 0.0, "base_school": 7.0, "delta_pharmacy": -1.0, "base_pharmacy": 20.0, "delta_university": null, "base_university": 0.0, "delta_mall": 0.0, "base_mall": 8.0, "net_delta": -1.0, "net_delta_n": 3 }, "geometry": { "type": "Polygon", "coordinates": [ [ [ 14.668314, 53.37479 ], [ 14.67025, 53.37711 ], [ 14.674579, 53.377267 ], [ 14.67697, 53.375104 ], [ 14.675034, 53.372784 ], [ 14.670706, 53.372627 ], [ 14.668314, 53.37479 ] ] ] } },
{ "type": "Feature", "properties": { "hex_id": 1111, "pop_total": 191.7, "delta_school": 0.0, "base_school": 5.0, "delta_pharmacy": -1.0, "base_pharmacy": 13.0, "delta_university": null, "base_university": 0.0, "delta_mall": 0.0, "base_mall": 1.0, "net_delta": -1.0, "net_delta_n": 3 }, "geometry": { "type": "Polygon", "coordinates": [ [ [ 14.66877, 53.370307 ], [ 14.670706, 53.372627 ], [ 14.675034, 53.372784 ], [ 14.677425, 53.370621 ], [ 14.675489, 53.368301 ], [ 14.671161, 53.368144 ], [ 14.66877, 53.370307 ] ] ] } },
{ "type": "Feature", "properties": { "hex_id": 1113, "pop_total": 13.36, "delta_school": 0.0, "base_school": 2.0, "delta_pharmacy": 0.0, "base_pharmacy": 2.0, "delta_university": null, "base_university": 0.0, "delta_mall": null, "base_mall": 0.0, "net_delta": 0.0, "net_delta_n": 2 }, "geometry": { "type": "Polygon", "coordinates": [ [ [ 14.669681, 53.361341 ], [ 14.671617, 53.363661 ], [ 14.675944, 53.363818 ], [ 14.678334, 53.361655 ], [ 14.676398, 53.359335 ], [ 14.672072, 53.359178 ], [ 14.669681, 53.361341 ] ] ] } },
{ "type": "Feature", "properties": { "hex_id": 1114, "pop_total": 44.29, "delta_school": null, "base_school": 0.0, "delta_pharmacy": null, "base_pharmacy": 0.0, "delta_university": null, "base_university": 0.0, "delta_mall": null, "base_mall": 0.0, "net_delta": null, "net_delta_n": 0 }, "geometry": { "type": "Polygon", "coordinates": [ [ [ 14.670136, 53.356858 ], [ 14.672072, 53.359178 ], [ 14.676398, 53.359335 ], [ 14.678789, 53.357172 ], [ 14.676853, 53.354852 ], [ 14.672527, 53.354695 ], [ 14.670136, 53.356858 ] ] ] } },
{ "type": "Feature", "properties": { "hex_id": 1145, "pop_total": 481.28, "delta_school": 0.0, "base_school": 7.0, "delta_pharmacy": 0.0, "base_pharmacy": 3.0, "delta_university": null, "base_university": 0.0, "delta_mall": 0.0, "base_mall": 1.0, "net_delta": 0.0, "net_delta_n": 3 }, "geometry": { "type": "Polygon", "coordinates": [ [ [ 14.671846, 53.404165 ], [ 14.673784, 53.406485 ], [ 14.678115, 53.406642 ], [ 14.680508, 53.404479 ], [ 14.67857, 53.402159 ], [ 14.674239, 53.402002 ], [ 14.671846, 53.404165 ] ] ] } },
{ "type": "Feature", "properties": { "hex_id": 1146, "pop_total": 1175.79, "delta_school": 0.0, "base_school": 7.0, "delta_pharmacy": 0.0, "base_pharmacy": 4.0, "delta_university": null, "base_university": 0.0, "delta_mall": 0.0, "base_mall": 1.0, "net_delta": 0.0, "net_delta_n": 3 }, "geometry": { "type": "Polygon", "coordinates": [ [ [ 14.672302, 53.399682 ], [ 14.674239, 53.402002 ], [ 14.67857, 53.402159 ], [ 14.680963, 53.399996 ], [ 14.679025, 53.397676 ], [ 14.674695, 53.397519 ], [ 14.672302, 53.399682 ] ] ] } },
{ "type": "Feature", "properties": { "hex_id": 1147, "pop_total": 1148.77, "delta_school": 0.0, "base_school": 7.0, "delta_pharmacy": -1.0, "base_pharmacy": 7.0, "delta_university": null, "base_university": 0.0, "delta_mall": 1.0, "base_mall": 1.0, "net_delta": 0.0, "net_delta_n": 3 }, "geometry": { "type": "Polygon", "coordinates": [ [ [ 14.672757, 53.395199 ], [ 14.674695, 53.397519 ], [ 14.679025, 53.397676 ], [ 14.681418, 53.395513 ], [ 14.67948, 53.393193 ], [ 14.67515, 53.393036 ], [ 14.672757, 53.395199 ] ] ] } },
{ "type": "Feature", "properties": { "hex_id": 1148, "pop_total": 54.0, "delta_school": 0.0, "base_school": 7.0, "delta_pharmacy": 0.0, "base_pharmacy": 3.0, "delta_university": null, "base_university": 0.0, "delta_mall": 0.0, "base_mall": 1.0, "net_delta": 0.0, "net_delta_n": 3 }, "geometry": { "type": "Polygon", "coordinates": [ [ [ 14.673213, 53.390716 ], [ 14.67515, 53.393036 ], [ 14.67948, 53.393193 ], [ 14.681872, 53.39103 ], [ 14.679935, 53.38871 ], [ 14.675605, 53.388553 ], [ 14.673213, 53.390716 ] ] ] } },
{ "type": "Feature", "properties": { "hex_id": 1149, "pop_total": 210.09, "delta_school": 2.0, "base_school": 7.0, "delta_pharmacy": 2.0, "base_pharmacy": 17.0, "delta_university": null, "base_university": 0.0, "delta_mall": -1.0, "base_mall": 10.0, "net_delta": 3.0, "net_delta_n": 3 }, "geometry": { "type": "Polygon", "coordinates": [ [ [ 14.673668, 53.386233 ], [ 14.675605, 53.388553 ], [ 14.679935, 53.38871 ], [ 14.682327, 53.386547 ], [ 14.68039, 53.384227 ], [ 14.676061, 53.38407 ], [ 14.673668, 53.386233 ] ] ] } },
{ "type": "Feature", "properties": { "hex_id": 1150, "pop_total": 0.59, "delta_school": -1.0, "base_school": 3.0, "delta_pharmacy": 0.0, "base_pharmacy": 13.0, "delta_university": null, "base_university": 0.0, "delta_mall": 0.0, "base_mall": 10.0, "net_delta": -1.0, "net_delta_n": 3 }, "geometry": { "type": "Polygon", "coordinates": [ [ [ 14.674124, 53.38175 ], [ 14.676061, 53.38407 ], [ 14.68039, 53.384227 ], [ 14.682781, 53.382064 ], [ 14.680844, 53.379744 ], [ 14.676516, 53.379587 ], [ 14.674124, 53.38175 ] ] ] } },
{ "type": "Feature", "properties": { "hex_id": 1152, "pop_total": 50.34, "delta_school": 1.0, "base_school": 8.0, "delta_pharmacy": 0.0, "base_pharmacy": 21.0, "delta_university": null, "base_university": 0.0, "delta_mall": 2.0, "base_mall": 5.0, "net_delta": 3.0, "net_delta_n": 3 }, "geometry": { "type": "Polygon", "coordinates": [ [ [ 14.675034, 53.372784 ], [ 14.67697, 53.375104 ], [ 14.681299, 53.375261 ], [ 14.68369, 53.373098 ], [ 14.681753, 53.370778 ], [ 14.677425, 53.370621 ], [ 14.675034, 53.372784 ] ] ] } },
{ "type": "Feature", "properties": { "hex_id": 1154, "pop_total": 34.2, "delta_school": 0.0, "base_school": 1.0, "delta_pharmacy": 0.0, "base_pharmacy": 2.0, "delta_university": null, "base_university": 0.0, "delta_mall": null, "base_mall": 0.0, "net_delta": 0.0, "net_delta_n": 2 }, "geometry": { "type": "Polygon", "coordinates": [ [ [ 14.675944, 53.363818 ], [ 14.67788, 53.366138 ], [ 14.682207, 53.366295 ], [ 14.684598, 53.364132 ], [ 14.682661, 53.361812 ], [ 14.678334, 53.361655 ], [ 14.675944, 53.363818 ] ] ] } },
{ "type": "Feature", "properties": { "hex_id": 1155, "pop_total": 39.11, "delta_school": null, "base_school": 0.0, "delta_pharmacy": null, "base_pharmacy": 0.0, "delta_university": null, "base_university": 0.0, "delta_mall": null, "base_mall": 0.0, "net_delta": null, "net_delta_n": 0 }, "geometry": { "type": "Polygon", "coordinates": [ [ [ 14.676398, 53.359335 ], [ 14.678334, 53.361655 ], [ 14.682661, 53.361812 ], [ 14.685051, 53.359649 ], [ 14.683115, 53.357329 ], [ 14.678789, 53.357172 ], [ 14.676398, 53.359335 ] ] ] } },
{ "type": "Feature", "properties": { "hex_id": 1156, "pop_total": 0.63, "delta_school": null, "base_school": 0.0, "delta_pharmacy": null, "base_pharmacy": 0.0, "delta_university": null, "base_university": 0.0, "delta_mall": null, "base_mall": 0.0, "net_delta": null, "net_delta_n": 0 }, "geometry": { "type": "Polygon", "coordinates": [ [ [ 14.676853, 53.354852 ], [ 14.678789, 53.357172 ], [ 14.683115, 53.357329 ], [ 14.685505, 53.355166 ], [ 14.683569, 53.352846 ], [ 14.679243, 53.352689 ], [ 14.676853, 53.354852 ] ] ] } },
{ "type": "Feature", "properties": { "hex_id": 1185, "pop_total": 30.86, "delta_school": 0.0, "base_school": 1.0, "delta_pharmacy": null, "base_pharmacy": 0.0, "delta_university": null, "base_university": 0.0, "delta_mall": null, "base_mall": 0.0, "net_delta": 0.0, "net_delta_n": 1 }, "geometry": { "type": "Polygon", "coordinates": [ [ [ 14.67766, 53.411125 ], [ 14.679598, 53.413445 ], [ 14.68393, 53.413602 ], [ 14.686323, 53.411439 ], [ 14.684385, 53.409119 ], [ 14.680053, 53.408962 ], [ 14.67766, 53.411125 ] ] ] } },
{ "type": "Feature", "properties": { "hex_id": 1186, "pop_total": 308.8, "delta_school": 0.0, "base_school": 5.0, "delta_pharmacy": 0.0, "base_pharmacy": 3.0, "delta_university": null, "base_university": 0.0, "delta_mall": null, "base_mall": 0.0, "net_delta": 0.0, "net_delta_n": 2 }, "geometry": { "type": "Polygon", "coordinates": [ [ [ 14.678115, 53.406642 ], [ 14.680053, 53.408962 ], [ 14.684385, 53.409119 ], [ 14.686778, 53.406956 ], [ 14.684839, 53.404636 ], [ 14.680508, 53.404479 ], [ 14.678115, 53.406642 ] ] ] } },
{ "type": "Feature", "properties": { "hex_id": 1187, "pop_total": 721.82, "delta_school": 0.0, "base_school": 7.0, "delta_pharmacy": 0.0, "base_pharmacy": 4.0, "delta_university": null, "base_university": 0.0, "delta_mall": 0.0, "base_mall": 1.0, "net_delta": 0.0, "net_delta_n": 3 }, "geometry": { "type": "Polygon", "coordinates": [ [ [ 14.67857, 53.402159 ], [ 14.680508, 53.404479 ], [ 14.684839, 53.404636 ], [ 14.687232, 53.402473 ], [ 14.685294, 53.400153 ], [ 14.680963, 53.399996 ], [ 14.67857, 53.402159 ] ] ] } },
{ "type": "Feature", "properties": { "hex_id": 1188, "pop_total": 643.53, "delta_school": 0.0, "base_school": 7.0, "delta_pharmacy": -1.0, "base_pharmacy": 4.0, "delta_university": null, "base_university": 0.0, "delta_mall": 0.0, "base_mall": 1.0, "net_delta": -1.0, "net_delta_n": 3 }, "geometry": { "type": "Polygon", "coordinates": [ [ [ 14.679025, 53.397676 ], [ 14.680963, 53.399996 ], [ 14.685294, 53.400153 ], [ 14.687686, 53.39799 ], [ 14.685748, 53.39567 ], [ 14.681418, 53.395513 ], [ 14.679025, 53.397676 ] ] ] } },
{ "type": "Feature", "properties": { "hex_id": 1189, "pop_total": 180.21, "delta_school": 0.0, "base_school": 7.0, "delta_pharmacy": 0.0, "base_pharmacy": 3.0, "delta_university": null, "base_university": 0.0, "delta_mall": 0.0, "base_mall": 1.0, "net_delta": 0.0, "net_delta_n": 3 }, "geometry": { "type": "Polygon", "coordinates": [ [ [ 14.67948, 53.393193 ], [ 14.681418, 53.395513 ], [ 14.685748, 53.39567 ], [ 14.68814, 53.393507 ], [ 14.686202, 53.391187 ], [ 14.681872, 53.39103 ], [ 14.67948, 53.393193 ] ] ] } },
{ "type": "Feature", "properties": { "hex_id": 1191, "pop_total": 91.91, "delta_school": 1.0, "base_school": 2.0, "delta_pharmacy": 4.0, "base_pharmacy": 14.0, "delta_university": null, "base_university": 0.0, "delta_mall": 0.0, "base_mall": 10.0, "net_delta": 5.0, "net_delta_n": 3 }, "geometry": { "type": "Polygon", "coordinates": [ [ [ 14.68039, 53.384227 ], [ 14.682327, 53.386547 ], [ 14.686656, 53.386704 ], [ 14.689048, 53.384541 ], [ 14.68711, 53.382221 ], [ 14.682781, 53.382064 ], [ 14.68039, 53.384227 ] ] ] } },
{ "type": "Feature", "properties": { "hex_id": 1192, "pop_total": 23.87, "delta_school": 0.0, "base_school": 4.0, "delta_pharmacy": 2.0, "base_pharmacy": 18.0, "delta_university": null, "base_university": 0.0, "delta_mall": 0.0, "base_mall": 10.0, "net_delta": 2.0, "net_delta_n": 3 }, "geometry": { "type": "Polygon", "coordinates": [ [ [ 14.680844, 53.379744 ], [ 14.682781, 53.382064 ], [ 14.68711, 53.382221 ], [ 14.689501, 53.380058 ], [ 14.687564, 53.377738 ], [ 14.683236, 53.377581 ], [ 14.680844, 53.379744 ] ] ] } },
{ "type": "Feature", "properties": { "hex_id": 1193, "pop_total": 2384.35, "delta_school": 1.0, "base_school": 4.0, "delta_pharmacy": 4.0, "base_pharmacy": 12.0, "delta_university": null, "base_university": 0.0, "delta_mall": 0.0, "base_mall": 3.0, "net_delta": 5.0, "net_delta_n": 3 }, "geometry": { "type": "Polygon", "coordinates": [ [ [ 14.681299, 53.375261 ], [ 14.683236, 53.377581 ], [ 14.687564, 53.377738 ], [ 14.689955, 53.375575 ], [ 14.688018, 53.373255 ], [ 14.68369, 53.373098 ], [ 14.681299, 53.375261 ] ] ] } },
{ "type": "Feature", "properties": { "hex_id": 1194, "pop_total": 163.92, "delta_school": 1.0, "base_school": 2.0, "delta_pharmacy": 0.0, "base_pharmacy": 7.0, "delta_university": null, "base_university": 0.0, "delta_mall": null, "base_mall": 0.0, "net_delta": 1.0, "net_delta_n": 2 }, "geometry": { "type": "Polygon", "coordinates": [ [ [ 14.681753, 53.370778 ], [ 14.68369, 53.373098 ], [ 14.688018, 53.373255 ], [ 14.690408, 53.371092 ], [ 14.688471, 53.368772 ], [ 14.684144, 53.368615 ], [ 14.681753, 53.370778 ] ] ] } },
{ "type": "Feature", "properties": { "hex_id": 1196, "pop_total": 48.6, "delta_school": null, "base_school": 0.0, "delta_pharmacy": null, "base_pharmacy": 0.0, "delta_university": null, "base_university": 0.0, "delta_mall": null, "base_mall": 0.0, "net_delta": null, "net_delta_n": 0 }, "geometry": { "type": "Polygon", "coordinates": [ [ [ 14.682661, 53.361812 ], [ 14.684598, 53.364132 ], [ 14.688925, 53.364289 ], [ 14.691315, 53.362125 ], [ 14.689378, 53.359806 ], [ 14.685051, 53.359649 ], [ 14.682661, 53.361812 ] ] ] } },
{ "type": "Feature", "properties": { "hex_id": 1226, "pop_total": 225.86, "delta_school": 0.0, "base_school": 2.0, "delta_pharmacy": 0.0, "base_pharmacy": 3.0, "delta_university": null, "base_university": 0.0, "delta_mall": 0.0, "base_mall": 1.0, "net_delta": 0.0, "net_delta_n": 3 }, "geometry": { "type": "Polygon", "coordinates": [ [ [ 14.684385, 53.409119 ], [ 14.686323, 53.411439 ], [ 14.690655, 53.411596 ], [ 14.693048, 53.409432 ], [ 14.691109, 53.407112 ], [ 14.686778, 53.406956 ], [ 14.684385, 53.409119 ] ] ] } },
{ "type": "Feature", "properties": { "hex_id": 1227, "pop_total": 878.57, "delta_school": 0.0, "base_school": 8.0, "delta_pharmacy": 0.0, "base_pharmacy": 5.0, "delta_university": null, "base_university": 0.0, "delta_mall": 0.0, "base_mall": 1.0, "net_delta": 0.0, "net_delta_n": 3 }, "geometry": { "type": "Polygon", "coordinates": [ [ [ 14.684839, 53.404636 ], [ 14.686778, 53.406956 ], [ 14.691109, 53.407112 ], [ 14.693502, 53.404949 ], [ 14.691563, 53.402629 ], [ 14.687232, 53.402473 ], [ 14.684839, 53.404636 ] ] ] } },
{ "type": "Feature", "properties": { "hex_id": 1228, "pop_total": 682.39, "delta_school": 0.0, "base_school": 8.0, "delta_pharmacy": 0.0, "base_pharmacy": 4.0, "delta_university": null, "base_university": 0.0, "delta_mall": 0.0, "base_mall": 1.0, "net_delta": 0.0, "net_delta_n": 3 }, "geometry": { "type": "Polygon", "coordinates": [ [ [ 14.685294, 53.400153 ], [ 14.687232, 53.402473 ], [ 14.691563, 53.402629 ], [ 14.693955, 53.400466 ], [ 14.692017, 53.398146 ], [ 14.687686, 53.39799 ], [ 14.685294, 53.400153 ] ] ] } },
{ "type": "Feature", "properties": { "hex_id": 1229, "pop_total": 137.37, "delta_school": 0.0, "base_school": 6.0, "delta_pharmacy": 0.0, "base_pharmacy": 3.0, "delta_university": null, "base_university": 0.0, "delta_mall": 0.0, "base_mall": 1.0, "net_delta": 0.0, "net_delta_n": 3 }, "geometry": { "type": "Polygon", "coordinates": [ [ [ 14.685748, 53.39567 ], [ 14.687686, 53.39799 ], [ 14.692017, 53.398146 ], [ 14.694409, 53.395983 ], [ 14.69247, 53.393663 ], [ 14.68814, 53.393507 ], [ 14.685748, 53.39567 ] ] ] } },
{ "type": "Feature", "properties": { "hex_id": 1233, "pop_total": 388.95, "delta_school": 1.0, "base_school": 6.0, "delta_pharmacy": 2.0, "base_pharmacy": 24.0, "delta_university": null, "base_university": 0.0, "delta_mall": 0.0, "base_mall": 11.0, "net_delta": 3.0, "net_delta_n": 3 }, "geometry": { "type": "Polygon", "coordinates": [ [ [ 14.687564, 53.377738 ], [ 14.689501, 53.380058 ], [ 14.69383, 53.380214 ], [ 14.696221, 53.378051 ], [ 14.694283, 53.375731 ], [ 14.689955, 53.375575 ], [ 14.687564, 53.377738 ] ] ] } },
{ "type": "Feature", "properties": { "hex_id": 1234, "pop_total": 240.68, "delta_school": 1.0, "base_school": 2.0, "delta_pharmacy": 1.0, "base_pharmacy": 9.0, "delta_university": null, "base_university": 0.0, "delta_mall": null, "base_mall": 0.0, "net_delta": 2.0, "net_delta_n": 2 }, "geometry": { "type": "Polygon", "coordinates": [ [ [ 14.688018, 53.373255 ], [ 14.689955, 53.375575 ], [ 14.694283, 53.375731 ], [ 14.696674, 53.373568 ], [ 14.694736, 53.371248 ], [ 14.690408, 53.371092 ], [ 14.688018, 53.373255 ] ] ] } },
{ "type": "Feature", "properties": { "hex_id": 1235, "pop_total": 66.29, "delta_school": 0.0, "base_school": 1.0, "delta_pharmacy": 0.0, "base_pharmacy": 2.0, "delta_university": null, "base_university": 0.0, "delta_mall": null, "base_mall": 0.0, "net_delta": 0.0, "net_delta_n": 2 }, "geometry": { "type": "Polygon", "coordinates": [ [ [ 14.688471, 53.368772 ], [ 14.690408, 53.371092 ], [ 14.694736, 53.371248 ], [ 14.697126, 53.369085 ], [ 14.695189, 53.366765 ], [ 14.690862, 53.366608 ], [ 14.688471, 53.368772 ] ] ] } },
{ "type": "Feature", "properties": { "hex_id": 1237, "pop_total": 1.8, "delta_school": null, "base_school": 0.0, "delta_pharmacy": null, "base_pharmacy": 0.0, "delta_university": null, "base_university": 0.0, "delta_mall": null, "base_mall": 0.0, "net_delta": null, "net_delta_n": 0 }, "geometry": { "type": "Polygon", "coordinates": [ [ [ 14.689378, 53.359806 ], [ 14.691315, 53.362125 ], [ 14.695642, 53.362282 ], [ 14.698031, 53.360118 ], [ 14.696094, 53.357799 ], [ 14.691768, 53.357642 ], [ 14.689378, 53.359806 ] ] ] } },
{ "type": "Feature", "properties": { "hex_id": 1265, "pop_total": 77.18, "delta_school": 0.0, "base_school": 6.0, "delta_pharmacy": 0.0, "base_pharmacy": 4.0, "delta_university": null, "base_university": 0.0, "delta_mall": 0.0, "base_mall": 1.0, "net_delta": 0.0, "net_delta_n": 3 }, "geometry": { "type": "Polygon", "coordinates": [ [ [ 14.691109, 53.407112 ], [ 14.693048, 53.409432 ], [ 14.69738, 53.409589 ], [ 14.699772, 53.407425 ], [ 14.697833, 53.405106 ], [ 14.693502, 53.404949 ], [ 14.691109, 53.407112 ] ] ] } },
{ "type": "Feature", "properties": { "hex_id": 1266, "pop_total": 58.71, "delta_school": null, "base_school": 0.0, "delta_pharmacy": null, "base_pharmacy": 0.0, "delta_university": null, "base_university": 0.0, "delta_mall": null, "base_mall": 0.0, "net_delta": null, "net_delta_n": 0 }, "geometry": { "type": "Polygon", "coordinates": [ [ [ 14.691563, 53.402629 ], [ 14.693502, 53.404949 ], [ 14.697833, 53.405106 ], [ 14.700225, 53.402942 ], [ 14.698286, 53.400623 ], [ 14.693955, 53.400466 ], [ 14.691563, 53.402629 ] ] ] } },
{ "type": "Feature", "properties": { "hex_id": 1267, "pop_total": 151.36, "delta_school": null, "base_school": 0.0, "delta_pharmacy": 0.0, "base_pharmacy": 1.0, "delta_university": null, "base_university": 0.0, "delta_mall": null, "base_mall": 0.0, "net_delta": 0.0, "net_delta_n": 1 }, "geometry": { "type": "Polygon", "coordinates": [ [ [ 14.692017, 53.398146 ], [ 14.693955, 53.400466 ], [ 14.698286, 53.400623 ], [ 14.700678, 53.398459 ], [ 14.698739, 53.396139 ], [ 14.694409, 53.395983 ], [ 14.692017, 53.398146 ] ] ] } },
{ "type": "Feature", "properties": { "hex_id": 1271, "pop_total": 243.69, "delta_school": 0.0, "base_school": 1.0, "delta_pharmacy": 0.0, "base_pharmacy": 2.0, "delta_university": null, "base_university": 0.0, "delta_mall": null, "base_mall": 0.0, "net_delta": 0.0, "net_delta_n": 2 }, "geometry": { "type": "Polygon", "coordinates": [ [ [ 14.69383, 53.380214 ], [ 14.695768, 53.382534 ], [ 14.700097, 53.38269 ], [ 14.702488, 53.380527 ], [ 14.70055, 53.378207 ], [ 14.696221, 53.378051 ], [ 14.69383, 53.380214 ] ] ] } },
{ "type": "Feature", "properties": { "hex_id": 1272, "pop_total": 66.64, "delta_school": 0.0, "base_school": 1.0, "delta_pharmacy": 1.0, "base_pharmacy": 5.0, "delta_university": null, "base_university": 0.0, "delta_mall": 0.0, "base_mall": 2.0, "net_delta": 1.0, "net_delta_n": 3 }, "geometry": { "type": "Polygon", "coordinates": [ [ [ 14.694283, 53.375731 ], [ 14.696221, 53.378051 ], [ 14.70055, 53.378207 ], [ 14.70294, 53.376044 ], [ 14.701002, 53.373724 ], [ 14.696674, 53.373568 ], [ 14.694283, 53.375731 ] ] ] } },
{ "type": "Feature", "properties": { "hex_id": 1332, "pop_total": 8.0, "delta_school": 0.0, "base_school": 7.0, "delta_pharmacy": 0.0, "base_pharmacy": 5.0, "delta_university": null, "base_university": 0.0, "delta_mall": 0.0, "base_mall": 1.0, "net_delta": 0.0, "net_delta_n": 3 }, "geometry": { "type": "Polygon", "coordinates": [ [ [ 14.703651, 53.412065 ], [ 14.705591, 53.414384 ], [ 14.709923, 53.41454 ], [ 14.712315, 53.412377 ], [ 14.710375, 53.410057 ], [ 14.706044, 53.409901 ], [ 14.703651, 53.412065 ] ] ] } },
{ "type": "Feature", "properties": { "hex_id": 1333, "pop_total": 42.65, "delta_school": null, "base_school": 0.0, "delta_pharmacy": null, "base_pharmacy": 0.0, "delta_university": null, "base_university": 0.0, "delta_mall": null, "base_mall": 0.0, "net_delta": null, "net_delta_n": 0 }, "geometry": { "type": "Polygon", "coordinates": [ [ [ 14.704104, 53.407582 ], [ 14.706044, 53.409901 ], [ 14.710375, 53.410057 ], [ 14.712767, 53.407893 ], [ 14.710827, 53.405574 ], [ 14.706496, 53.405418 ], [ 14.704104, 53.407582 ] ] ] } },
{ "type": "Feature", "properties": { "hex_id": 1336, "pop_total": 0.6, "delta_school": 0.0, "base_school": 4.0, "delta_pharmacy": 0.0, "base_pharmacy": 4.0, "delta_university": null, "base_university": 0.0, "delta_mall": 0.0, "base_mall": 1.0, "net_delta": 0.0, "net_delta_n": 3 }, "geometry": { "type": "Polygon", "coordinates": [ [ [ 14.705461, 53.394132 ], [ 14.7074, 53.396452 ], [ 14.71173, 53.396608 ], [ 14.714121, 53.394444 ], [ 14.712182, 53.392124 ], [ 14.707852, 53.391969 ], [ 14.705461, 53.394132 ] ] ] } },
{ "type": "Feature", "properties": { "hex_id": 1337, "pop_total": 1.2, "delta_school": null, "base_school": 0.0, "delta_pharmacy": null, "base_pharmacy": 0.0, "delta_university": null, "base_university": 0.0, "delta_mall": null, "base_mall": 0.0, "net_delta": null, "net_delta_n": 0 }, "geometry": { "type": "Polygon", "coordinates": [ [ [ 14.705913, 53.389649 ], [ 14.707852, 53.391969 ], [ 14.712182, 53.392124 ], [ 14.714573, 53.389961 ], [ 14.712633, 53.387641 ], [ 14.708304, 53.387485 ], [ 14.705913, 53.389649 ] ] ] } },
{ "type": "Feature", "properties": { "hex_id": 1344, "pop_total": 6.48, "delta_school": null, "base_school": 0.0, "delta_pharmacy": null, "base_pharmacy": 0.0, "delta_university": null, "base_university": 0.0, "delta_mall": null, "base_mall": 0.0, "net_delta": null, "net_delta_n": 0 }, "geometry": { "type": "Polygon", "coordinates": [ [ [ 14.709525, 53.353784 ], [ 14.711463, 53.356103 ], [ 14.715789, 53.356259 ], [ 14.718178, 53.354095 ], [ 14.71624, 53.351776 ], [ 14.711914, 53.35162 ], [ 14.709525, 53.353784 ] ] ] } },
{ "type": "Feature", "properties": { "hex_id": 1345, "pop_total": 17.28, "delta_school": null, "base_school": 0.0, "delta_pharmacy": null, "base_pharmacy": 0.0, "delta_university": null, "base_university": 0.0, "delta_mall": null, "base_mall": 0.0, "net_delta": null, "net_delta_n": 0 }, "geometry": { "type": "Polygon", "coordinates": [ [ [ 14.709976, 53.349301 ], [ 14.711914, 53.35162 ], [ 14.71624, 53.351776 ], [ 14.718628, 53.349612 ], [ 14.71669, 53.347292 ], [ 14.712364, 53.347137 ], [ 14.709976, 53.349301 ] ] ] } },
{ "type": "Feature", "properties": { "hex_id": 1346, "pop_total": 19.44, "delta_school": null, "base_school": 0.0, "delta_pharmacy": null, "base_pharmacy": 0.0, "delta_university": null, "base_university": 0.0, "delta_mall": null, "base_mall": 0.0, "net_delta": null, "net_delta_n": 0 }, "geometry": { "type": "Polygon", "coordinates": [ [ [ 14.710427, 53.344817 ], [ 14.712364, 53.347137 ], [ 14.71669, 53.347292 ], [ 14.719078, 53.345129 ], [ 14.71714, 53.342809 ], [ 14.712815, 53.342654 ], [ 14.710427, 53.344817 ] ] ] } },
{ "type": "Feature", "properties": { "hex_id": 1354, "pop_total": 183.0, "delta_school": 0.0, "base_school": 1.0, "delta_pharmacy": -1.0, "base_pharmacy": 4.0, "delta_university": null, "base_university": 0.0, "delta_mall": null, "base_mall": 0.0, "net_delta": -1.0, "net_delta_n": 2 }, "geometry": { "type": "Polygon", "coordinates": [ [ [ 14.708567, 53.42799 ], [ 14.710508, 53.430309 ], [ 14.714842, 53.430465 ], [ 14.717234, 53.428301 ], [ 14.715293, 53.425982 ], [ 14.71096, 53.425826 ], [ 14.708567, 53.42799 ] ] ] } },
{ "type": "Feature", "properties": { "hex_id": 1358, "pop_total": 31.99, "delta_school": 0.0, "base_school": 7.0, "delta_pharmacy": 0.0, "base_pharmacy": 5.0, "delta_university": null, "base_university": 0.0, "delta_mall": 0.0, "base_mall": 1.0, "net_delta": 0.0, "net_delta_n": 3 }, "geometry": { "type": "Polygon", "coordinates": [ [ [ 14.710375, 53.410057 ], [ 14.712315, 53.412377 ], [ 14.716648, 53.412532 ], [ 14.719039, 53.410369 ], [ 14.717099, 53.408049 ], [ 14.712767, 53.407893 ], [ 14.710375, 53.410057 ] ] ] } },
{ "type": "Feature", "properties": { "hex_id": 1369, "pop_total": 1.37, "delta_school": null, "base_school": 0.0, "delta_pharmacy": null, "base_pharmacy": 0.0, "delta_university": null, "base_university": 0.0, "delta_mall": null, "base_mall": 0.0, "net_delta": null, "net_delta_n": 0 }, "geometry": { "type": "Polygon", "coordinates": [ [ [ 14.715339, 53.360742 ], [ 14.717277, 53.363061 ], [ 14.721604, 53.363217 ], [ 14.723993, 53.361053 ], [ 14.722054, 53.358734 ], [ 14.717727, 53.358578 ], [ 14.715339, 53.360742 ] ] ] } },
{ "type": "Feature", "properties": { "hex_id": 1370, "pop_total": 27.67, "delta_school": null, "base_school": 0.0, "delta_pharmacy": null, "base_pharmacy": 0.0, "delta_university": null, "base_university": 0.0, "delta_mall": null, "base_mall": 0.0, "net_delta": null, "net_delta_n": 0 }, "geometry": { "type": "Polygon", "coordinates": [ [ [ 14.715789, 53.356259 ], [ 14.717727, 53.358578 ], [ 14.722054, 53.358734 ], [ 14.724442, 53.35657 ], [ 14.722504, 53.35425 ], [ 14.718178, 53.354095 ], [ 14.715789, 53.356259 ] ] ] } },
{ "type": "Feature", "properties": { "hex_id": 1371, "pop_total": 4.32, "delta_school": null, "base_school": 0.0, "delta_pharmacy": null, "base_pharmacy": 0.0, "delta_university": null, "base_university": 0.0, "delta_mall": null, "base_mall": 0.0, "net_delta": null, "net_delta_n": 0 }, "geometry": { "type": "Polygon", "coordinates": [ [ [ 14.71624, 53.351776 ], [ 14.718178, 53.354095 ], [ 14.722504, 53.35425 ], [ 14.724892, 53.352086 ], [ 14.722953, 53.349767 ], [ 14.718628, 53.349612 ], [ 14.71624, 53.351776 ] ] ] } },
{ "type": "Feature", "properties": { "hex_id": 1372, "pop_total": 36.72, "delta_school": null, "base_school": 0.0, "delta_pharmacy": null, "base_pharmacy": 0.0, "delta_university": null, "base_university": 0.0, "delta_mall": null, "base_mall": 0.0, "net_delta": null, "net_delta_n": 0 }, "geometry": { "type": "Polygon", "coordinates": [ [ [ 14.71669, 53.347292 ], [ 14.718628, 53.349612 ], [ 14.722953, 53.349767 ], [ 14.725341, 53.347603 ], [ 14.723403, 53.345284 ], [ 14.719078, 53.345129 ], [ 14.71669, 53.347292 ] ] ] } },
{ "type": "Feature", "properties": { "hex_id": 1378, "pop_total": 5.35, "delta_school": 0.0, "base_school": 2.0, "delta_pharmacy": 0.0, "base_pharmacy": 4.0, "delta_university": null, "base_university": 0.0, "delta_mall": null, "base_mall": 0.0, "net_delta": 0.0, "net_delta_n": 2 }, "geometry": { "type": "Polygon", "coordinates": [ [ [ 14.716648, 53.412532 ], [ 14.718588, 53.414852 ], [ 14.722921, 53.415007 ], [ 14.725312, 53.412843 ], [ 14.723371, 53.410524 ], [ 14.719039, 53.410369 ], [ 14.716648, 53.412532 ] ] ] } },
{ "type": "Feature", "properties": { "hex_id": 1385, "pop_total": 10.16, "delta_school": null, "base_school": 0.0, "delta_pharmacy": null, "base_pharmacy": 0.0, "delta_university": null, "base_university": 0.0, "delta_mall": null, "base_mall": 0.0, "net_delta": null, "net_delta_n": 0 }, "geometry": { "type": "Polygon", "coordinates": [ [ [ 14.719803, 53.38115 ], [ 14.721743, 53.383469 ], [ 14.726072, 53.383625 ], [ 14.728462, 53.381461 ], [ 14.726522, 53.379141 ], [ 14.722193, 53.378986 ], [ 14.719803, 53.38115 ] ] ] } },
{ "type": "Feature", "properties": { "hex_id": 1387, "pop_total": 4.1, "delta_school": null, "base_school": 0.0, "delta_pharmacy": null, "base_pharmacy": 0.0, "delta_university": null, "base_university": 0.0, "delta_mall": null, "base_mall": 0.0, "net_delta": null, "net_delta_n": 0 }, "geometry": { "type": "Polygon", "coordinates": [ [ [ 14.720704, 53.372183 ], [ 14.722643, 53.374503 ], [ 14.726971, 53.374658 ], [ 14.72936, 53.372494 ], [ 14.727421, 53.370175 ], [ 14.723093, 53.370019 ], [ 14.720704, 53.372183 ] ] ] } },
{ "type": "Feature", "properties": { "hex_id": 1390, "pop_total": 17.82, "delta_school": null, "base_school": 0.0, "delta_pharmacy": 0.0, "base_pharmacy": 1.0, "delta_university": null, "base_university": 0.0, "delta_mall": null, "base_mall": 0.0, "net_delta": 0.0, "net_delta_n": 1 }, "geometry": { "type": "Polygon", "coordinates": [ [ [ 14.722054, 53.358734 ], [ 14.723993, 53.361053 ], [ 14.72832, 53.361208 ], [ 14.730708, 53.359044 ], [ 14.728769, 53.356725 ], [ 14.724442, 53.35657 ], [ 14.722054, 53.358734 ] ] ] } },
{ "type": "Feature", "properties": { "hex_id": 1391, "pop_total": 161.05, "delta_school": null, "base_school": 0.0, "delta_pharmacy": 0.0, "base_pharmacy": 1.0, "delta_university": null, "base_university": 0.0, "delta_mall": null, "base_mall": 0.0, "net_delta": 0.0, "net_delta_n": 1 }, "geometry": { "type": "Polygon", "coordinates": [ [ [ 14.722504, 53.35425 ], [ 14.724442, 53.35657 ], [ 14.728769, 53.356725 ], [ 14.731156, 53.354561 ], [ 14.729218, 53.352242 ], [ 14.724892, 53.352086 ], [ 14.722504, 53.35425 ] ] ] } },
{ "type": "Feature", "properties": { "hex_id": 1392, "pop_total": 71.29, "delta_school": null, "base_school": 0.0, "delta_pharmacy": 0.0, "base_pharmacy": 1.0, "delta_university": null, "base_university": 0.0, "delta_mall": null, "base_mall": 0.0, "net_delta": 0.0, "net_delta_n": 1 }, "geometry": { "type": "Polygon", "coordinates": [ [ [ 14.722953, 53.349767 ], [ 14.724892, 53.352086 ], [ 14.729218, 53.352242 ], [ 14.731605, 53.350077 ], [ 14.729667, 53.347758 ], [ 14.725341, 53.347603 ], [ 14.722953, 53.349767 ] ] ] } },
{ "type": "Feature", "properties": { "hex_id": 1407, "pop_total": 17.38, "delta_school": null, "base_school": 0.0, "delta_pharmacy": null, "base_pharmacy": 0.0, "delta_university": null, "base_university": 0.0, "delta_mall": null, "base_mall": 0.0, "net_delta": null, "net_delta_n": 0 }, "geometry": { "type": "Polygon", "coordinates": [ [ [ 14.726522, 53.379141 ], [ 14.728462, 53.381461 ], [ 14.732791, 53.381616 ], [ 14.73518, 53.379451 ], [ 14.73324, 53.377132 ], [ 14.728911, 53.376977 ], [ 14.726522, 53.379141 ] ] ] } },
{ "type": "Feature", "properties": { "hex_id": 1411, "pop_total": 97.72, "delta_school": null, "base_school": 0.0, "delta_pharmacy": 0.0, "base_pharmacy": 1.0, "delta_university": null, "base_university": 0.0, "delta_mall": null, "base_mall": 0.0, "net_delta": 0.0, "net_delta_n": 1 }, "geometry": { "type": "Polygon", "coordinates": [ [ [ 14.72832, 53.361208 ], [ 14.730259, 53.363527 ], [ 14.734586, 53.363682 ], [ 14.736974, 53.361518 ], [ 14.735034, 53.359199 ], [ 14.730708, 53.359044 ], [ 14.72832, 53.361208 ] ] ] } },
{ "type": "Feature", "properties": { "hex_id": 1412, "pop_total": 148.4, "delta_school": null, "base_school": 0.0, "delta_pharmacy": 0.0, "base_pharmacy": 1.0, "delta_university": null, "base_university": 0.0, "delta_mall": null, "base_mall": 0.0, "net_delta": 0.0, "net_delta_n": 1 }, "geometry": { "type": "Polygon", "coordinates": [ [ [ 14.728769, 53.356725 ], [ 14.730708, 53.359044 ], [ 14.735034, 53.359199 ], [ 14.737422, 53.357035 ], [ 14.735483, 53.354716 ], [ 14.731156, 53.354561 ], [ 14.728769, 53.356725 ] ] ] } },
{ "type": "Feature", "properties": { "hex_id": 1413, "pop_total": 149.17, "delta_school": null, "base_school": 0.0, "delta_pharmacy": 0.0, "base_pharmacy": 1.0, "delta_university": null, "base_university": 0.0, "delta_mall": null, "base_mall": 0.0, "net_delta": 0.0, "net_delta_n": 1 }, "geometry": { "type": "Polygon", "coordinates": [ [ [ 14.729218, 53.352242 ], [ 14.731156, 53.354561 ], [ 14.735483, 53.354716 ], [ 14.73787, 53.352551 ], [ 14.735931, 53.350232 ], [ 14.731605, 53.350077 ], [ 14.729218, 53.352242 ] ] ] } },
{ "type": "Feature", "properties": { "hex_id": 1414, "pop_total": 28.71, "delta_school": null, "base_school": 0.0, "delta_pharmacy": 0.0, "base_pharmacy": 1.0, "delta_university": null, "base_university": 0.0, "delta_mall": null, "base_mall": 0.0, "net_delta": 0.0, "net_delta_n": 1 }, "geometry": { "type": "Polygon", "coordinates": [ [ [ 14.729667, 53.347758 ], [ 14.731605, 53.350077 ], [ 14.735931, 53.350232 ], [ 14.738318, 53.348068 ], [ 14.736379, 53.345749 ], [ 14.732054, 53.345594 ], [ 14.729667, 53.347758 ] ] ] } },
{ "type": "Feature", "properties": { "hex_id": 1415, "pop_total": 1.26, "delta_school": null, "base_school": 0.0, "delta_pharmacy": null, "base_pharmacy": 0.0, "delta_university": null, "base_university": 0.0, "delta_mall": null, "base_mall": 0.0, "net_delta": null, "net_delta_n": 0 }, "geometry": { "type": "Polygon", "coordinates": [ [ [ 14.730115, 53.343275 ], [ 14.732054, 53.345594 ], [ 14.736379, 53.345749 ], [ 14.738766, 53.343585 ], [ 14.736827, 53.341266 ], [ 14.732502, 53.341111 ], [ 14.730115, 53.343275 ] ] ] } },
{ "type": "Feature", "properties": { "hex_id": 1427, "pop_total": 4.34, "delta_school": null, "base_school": 0.0, "delta_pharmacy": null, "base_pharmacy": 0.0, "delta_university": null, "base_university": 0.0, "delta_mall": null, "base_mall": 0.0, "net_delta": null, "net_delta_n": 0 }, "geometry": { "type": "Polygon", "coordinates": [ [ [ 14.732342, 53.386099 ], [ 14.734282, 53.388418 ], [ 14.738612, 53.388573 ], [ 14.741001, 53.386409 ], [ 14.73906, 53.38409 ], [ 14.734731, 53.383935 ], [ 14.732342, 53.386099 ] ] ] } },
{ "type": "Feature", "properties": { "hex_id": 1428, "pop_total": 25.5, "delta_school": null, "base_school": 0.0, "delta_pharmacy": null, "base_pharmacy": 0.0, "delta_university": null, "base_university": 0.0, "delta_mall": null, "base_mall": 0.0, "net_delta": null, "net_delta_n": 0 }, "geometry": { "type": "Polygon", "coordinates": [ [ [ 14.732791, 53.381616 ], [ 14.734731, 53.383935 ], [ 14.73906, 53.38409 ], [ 14.741449, 53.381925 ], [ 14.739509, 53.379606 ], [ 14.73518, 53.379451 ], [ 14.732791, 53.381616 ] ] ] } },
{ "type": "Feature", "properties": { "hex_id": 1429, "pop_total": 132.0, "delta_school": null, "base_school": 0.0, "delta_pharmacy": null, "base_pharmacy": 0.0, "delta_university": null, "base_university": 0.0, "delta_mall": null, "base_mall": 0.0, "net_delta": null, "net_delta_n": 0 }, "geometry": { "type": "Polygon", "coordinates": [ [ [ 14.73324, 53.377132 ], [ 14.73518, 53.379451 ], [ 14.739509, 53.379606 ], [ 14.741897, 53.377442 ], [ 14.739957, 53.375123 ], [ 14.735628, 53.374968 ], [ 14.73324, 53.377132 ] ] ] } },
{ "type": "Feature", "properties": { "hex_id": 1431, "pop_total": 5.94, "delta_school": null, "base_school": 0.0, "delta_pharmacy": null, "base_pharmacy": 0.0, "delta_university": null, "base_university": 0.0, "delta_mall": null, "base_mall": 0.0, "net_delta": null, "net_delta_n": 0 }, "geometry": { "type": "Polygon", "coordinates": [ [ [ 14.734137, 53.368166 ], [ 14.736077, 53.370485 ], [ 14.740405, 53.37064 ], [ 14.742793, 53.368475 ], [ 14.740853, 53.366156 ], [ 14.736525, 53.366001 ], [ 14.734137, 53.368166 ] ] ] } },
{ "type": "Feature", "properties": { "hex_id": 1432, "pop_total": 29.82, "delta_school": null, "base_school": 0.0, "delta_pharmacy": 0.0, "base_pharmacy": 4.0, "delta_university": null, "base_university": 0.0, "delta_mall": 0.0, "base_mall": 2.0, "net_delta": 0.0, "net_delta_n": 2 }, "geometry": { "type": "Polygon", "coordinates": [ [ [ 14.734586, 53.363682 ], [ 14.736525, 53.366001 ], [ 14.740853, 53.366156 ], [ 14.743241, 53.363992 ], [ 14.741301, 53.361673 ], [ 14.736974, 53.361518 ], [ 14.734586, 53.363682 ] ] ] } },
{ "type": "Feature", "properties": { "hex_id": 1433, "pop_total": 149.95, "delta_school": null, "base_school": 0.0, "delta_pharmacy": 0.0, "base_pharmacy": 1.0, "delta_university": null, "base_university": 0.0, "delta_mall": null, "base_mall": 0.0, "net_delta": 0.0, "net_delta_n": 1 }, "geometry": { "type": "Polygon", "coordinates": [ [ [ 14.735034, 53.359199 ], [ 14.736974, 53.361518 ], [ 14.741301, 53.361673 ], [ 14.743688, 53.359509 ], [ 14.741749, 53.35719 ], [ 14.737422, 53.357035 ], [ 14.735034, 53.359199 ] ] ] } },
{ "type": "Feature", "properties": { "hex_id": 1434, "pop_total": 115.29, "delta_school": null, "base_school": 0.0, "delta_pharmacy": 0.0, "base_pharmacy": 1.0, "delta_university": null, "base_university": 0.0, "delta_mall": null, "base_mall": 0.0, "net_delta": 0.0, "net_delta_n": 1 }, "geometry": { "type": "Polygon", "coordinates": [ [ [ 14.735483, 53.354716 ], [ 14.737422, 53.357035 ], [ 14.741749, 53.35719 ], [ 14.744136, 53.355025 ], [ 14.742196, 53.352706 ], [ 14.73787, 53.352551 ], [ 14.735483, 53.354716 ] ] ] } },
{ "type": "Feature", "properties": { "hex_id": 1435, "pop_total": 18.35, "delta_school": null, "base_school": 0.0, "delta_pharmacy": 0.0, "base_pharmacy": 1.0, "delta_university": null, "base_university": 0.0, "delta_mall": null, "base_mall": 0.0, "net_delta": 0.0, "net_delta_n": 1 }, "geometry": { "type": "Polygon", "coordinates": [ [ [ 14.735931, 53.350232 ], [ 14.73787, 53.352551 ], [ 14.742196, 53.352706 ], [ 14.744583, 53.350542 ], [ 14.742644, 53.348223 ], [ 14.738318, 53.348068 ], [ 14.735931, 53.350232 ] ] ] } },
{ "type": "Feature", "properties": { "hex_id": 1436, "pop_total": 38.15, "delta_school": null, "base_school": 0.0, "delta_pharmacy": null, "base_pharmacy": 0.0, "delta_university": null, "base_university": 0.0, "delta_mall": null, "base_mall": 0.0, "net_delta": null, "net_delta_n": 0 }, "geometry": { "type": "Polygon", "coordinates": [ [ [ 14.736379, 53.345749 ], [ 14.738318, 53.348068 ], [ 14.742644, 53.348223 ], [ 14.74503, 53.346058 ], [ 14.743091, 53.343739 ], [ 14.738766, 53.343585 ], [ 14.736379, 53.345749 ] ] ] } },
{ "type": "Feature", "properties": { "hex_id": 1437, "pop_total": 6.71, "delta_school": null, "base_school": 0.0, "delta_pharmacy": null, "base_pharmacy": 0.0, "delta_university": null, "base_university": 0.0, "delta_mall": null, "base_mall": 0.0, "net_delta": null, "net_delta_n": 0 }, "geometry": { "type": "Polygon", "coordinates": [ [ [ 14.736827, 53.341266 ], [ 14.738766, 53.343585 ], [ 14.743091, 53.343739 ], [ 14.745477, 53.341575 ], [ 14.743539, 53.339256 ], [ 14.739214, 53.339101 ], [ 14.736827, 53.341266 ] ] ] } },
{ "type": "Feature", "properties": { "hex_id": 1440, "pop_total": 14.71, "delta_school": 0.0, "base_school": 1.0, "delta_pharmacy": 0.0, "base_pharmacy": 3.0, "delta_university": null, "base_university": 0.0, "delta_mall": null, "base_mall": 0.0, "net_delta": 0.0, "net_delta_n": 2 }, "geometry": { "type": "Polygon", "coordinates": [ [ [ 14.73367, 53.437889 ], [ 14.735613, 53.440208 ], [ 14.739948, 53.440363 ], [ 14.74234, 53.438199 ], [ 14.740397, 53.43588 ], [ 14.736062, 53.435725 ], [ 14.73367, 53.437889 ] ] ] } },
{ "type": "Feature", "properties": { "hex_id": 1442, "pop_total": 507.0, "delta_school": 0.0, "base_school": 1.0, "delta_pharmacy": 1.0, "base_pharmacy": 4.0, "delta_university": null, "base_university": 0.0, "delta_mall": null, "base_mall": 0.0, "net_delta": 1.0, "net_delta_n": 2 }, "geometry": { "type": "Polygon", "coordinates": [ [ [ 14.73457, 53.428923 ], [ 14.736512, 53.431242 ], [ 14.740846, 53.431397 ], [ 14.743238, 53.429232 ], [ 14.741295, 53.426913 ], [ 14.736961, 53.426759 ], [ 14.73457, 53.428923 ] ] ] } },
{ "type": "Feature", "properties": { "hex_id": 1445, "pop_total": 20.77, "delta_school": null, "base_school": 0.0, "delta_pharmacy": null, "base_pharmacy": 0.0, "delta_university": null, "base_university": 0.0, "delta_mall": null, "base_mall": 0.0, "net_delta": null, "net_delta_n": 0 }, "geometry": { "type": "Polygon", "coordinates": [ [ [ 14.736816, 53.406506 ], [ 14.738758, 53.408825 ], [ 14.74309, 53.40898 ], [ 14.74548, 53.406816 ], [ 14.743538, 53.404497 ], [ 14.739207, 53.404342 ], [ 14.736816, 53.406506 ] ] ] } },
{ "type": "Feature", "properties": { "hex_id": 1446, "pop_total": 61.23, "delta_school": null, "base_school": 0.0, "delta_pharmacy": null, "base_pharmacy": 0.0, "delta_university": null, "base_university": 0.0, "delta_mall": null, "base_mall": 0.0, "net_delta": null, "net_delta_n": 0 }, "geometry": { "type": "Polygon", "coordinates": [ [ [ 14.737265, 53.402023 ], [ 14.739207, 53.404342 ], [ 14.743538, 53.404497 ], [ 14.745928, 53.402332 ], [ 14.743986, 53.400013 ], [ 14.739655, 53.399859 ], [ 14.737265, 53.402023 ] ] ] } },
{ "type": "Feature", "properties": { "hex_id": 1450, "pop_total": 135.91, "delta_school": null, "base_school": 0.0, "delta_pharmacy": null, "base_pharmacy": 0.0, "delta_university": null, "base_university": 0.0, "delta_mall": null, "base_mall": 0.0, "net_delta": null, "net_delta_n": 0 }, "geometry": { "type": "Polygon", "coordinates": [ [ [ 14.73906, 53.38409 ], [ 14.741001, 53.386409 ], [ 14.74533, 53.386563 ], [ 14.747719, 53.384399 ], [ 14.745778, 53.38208 ], [ 14.741449, 53.381925 ], [ 14.73906, 53.38409 ] ] ] } },
{ "type": "Feature", "properties": { "hex_id": 1451, "pop_total": 155.37, "delta_school": null, "base_school": 0.0, "delta_pharmacy": null, "base_pharmacy": 0.0, "delta_university": null, "base_university": 0.0, "delta_mall": null, "base_mall": 0.0, "net_delta": null, "net_delta_n": 0 }, "geometry": { "type": "Polygon", "coordinates": [ [ [ 14.739509, 53.379606 ], [ 14.741449, 53.381925 ], [ 14.745778, 53.38208 ], [ 14.748167, 53.379916 ], [ 14.746226, 53.377597 ], [ 14.741897, 53.377442 ], [ 14.739509, 53.379606 ] ] ] } },
{ "type": "Feature", "properties": { "hex_id": 1452, "pop_total": 11.52, "delta_school": null, "base_school": 0.0, "delta_pharmacy": null, "base_pharmacy": 0.0, "delta_university": null, "base_university": 0.0, "delta_mall": null, "base_mall": 0.0, "net_delta": null, "net_delta_n": 0 }, "geometry": { "type": "Polygon", "coordinates": [ [ [ 14.739957, 53.375123 ], [ 14.741897, 53.377442 ], [ 14.746226, 53.377597 ], [ 14.748614, 53.375432 ], [ 14.746673, 53.373113 ], [ 14.742345, 53.372959 ], [ 14.739957, 53.375123 ] ] ] } },
{ "type": "Feature", "properties": { "hex_id": 1454, "pop_total": 290.9, "delta_school": null, "base_school": 0.0, "delta_pharmacy": 0.0, "base_pharmacy": 4.0, "delta_university": null, "base_university": 0.0, "delta_mall": null, "base_mall": 0.0, "net_delta": 0.0, "net_delta_n": 1 }, "geometry": { "type": "Polygon", "coordinates": [ [ [ 14.741301, 53.361673 ], [ 14.743241, 53.363992 ], [ 14.747568, 53.364146 ], [ 14.749955, 53.361982 ], [ 14.748015, 53.359663 ], [ 14.743688, 53.359509 ], [ 14.741301, 53.361673 ] ] ] } },
{ "type": "Feature", "properties": { "hex_id": 1455, "pop_total": 1105.75, "delta_school": null, "base_school": 0.0, "delta_pharmacy": -1.0, "base_pharmacy": 2.0, "delta_university": null, "base_university": 0.0, "delta_mall": null, "base_mall": 0.0, "net_delta": -1.0, "net_delta_n": 1 }, "geometry": { "type": "Polygon", "coordinates": [ [ [ 14.741749, 53.35719 ], [ 14.743688, 53.359509 ], [ 14.748015, 53.359663 ], [ 14.750402, 53.357499 ], [ 14.748462, 53.35518 ], [ 14.744136, 53.355025 ], [ 14.741749, 53.35719 ] ] ] } },
{ "type": "Feature", "properties": { "hex_id": 1456, "pop_total": 97.88, "delta_school": null, "base_school": 0.0, "delta_pharmacy": 0.0, "base_pharmacy": 1.0, "delta_university": null, "base_university": 0.0, "delta_mall": null, "base_mall": 0.0, "net_delta": 0.0, "net_delta_n": 1 }, "geometry": { "type": "Polygon", "coordinates": [ [ [ 14.742196, 53.352706 ], [ 14.744136, 53.355025 ], [ 14.748462, 53.35518 ], [ 14.750849, 53.353015 ], [ 14.748909, 53.350696 ], [ 14.744583, 53.350542 ], [ 14.742196, 53.352706 ] ] ] } },
{ "type": "Feature", "properties": { "hex_id": 1457, "pop_total": 177.81, "delta_school": null, "base_school": 0.0, "delta_pharmacy": 0.0, "base_pharmacy": 1.0, "delta_university": null, "base_university": 0.0, "delta_mall": null, "base_mall": 0.0, "net_delta": 0.0, "net_delta_n": 1 }, "geometry": { "type": "Polygon", "coordinates": [ [ [ 14.742644, 53.348223 ], [ 14.744583, 53.350542 ], [ 14.748909, 53.350696 ], [ 14.751295, 53.348532 ], [ 14.749356, 53.346213 ], [ 14.74503, 53.346058 ], [ 14.742644, 53.348223 ] ] ] } },
{ "type": "Feature", "properties": { "hex_id": 1458, "pop_total": 58.98, "delta_school": null, "base_school": 0.0, "delta_pharmacy": 0.0, "base_pharmacy": 1.0, "delta_university": null, "base_university": 0.0, "delta_mall": null, "base_mall": 0.0, "net_delta": 0.0, "net_delta_n": 1 }, "geometry": { "type": "Polygon", "coordinates": [ [ [ 14.743091, 53.343739 ], [ 14.74503, 53.346058 ], [ 14.749356, 53.346213 ], [ 14.751742, 53.344048 ], [ 14.749803, 53.341729 ], [ 14.745477, 53.341575 ], [ 14.743091, 53.343739 ] ] ] } },
{ "type": "Feature", "properties": { "hex_id": 1459, "pop_total": 91.88, "delta_school": null, "base_school": 0.0, "delta_pharmacy": null, "base_pharmacy": 0.0, "delta_university": null, "base_university": 0.0, "delta_mall": null, "base_mall": 0.0, "net_delta": null, "net_delta_n": 0 }, "geometry": { "type": "Polygon", "coordinates": [ [ [ 14.743539, 53.339256 ], [ 14.745477, 53.341575 ], [ 14.749803, 53.341729 ], [ 14.752188, 53.339565 ], [ 14.750249, 53.337246 ], [ 14.745924, 53.337092 ], [ 14.743539, 53.339256 ] ] ] } },
{ "type": "Feature", "properties": { "hex_id": 1460, "pop_total": 59.83, "delta_school": null, "base_school": 0.0, "delta_pharmacy": null, "base_pharmacy": 0.0, "delta_university": null, "base_university": 0.0, "delta_mall": null, "base_mall": 0.0, "net_delta": null, "net_delta_n": 0 }, "geometry": { "type": "Polygon", "coordinates": [ [ [ 14.743986, 53.334773 ], [ 14.745924, 53.337092 ], [ 14.750249, 53.337246 ], [ 14.752635, 53.335081 ], [ 14.750696, 53.332762 ], [ 14.746371, 53.332608 ], [ 14.743986, 53.334773 ] ] ] } },
{ "type": "Feature", "properties": { "hex_id": 1461, "pop_total": 4.68, "delta_school": null, "base_school": 0.0, "delta_pharmacy": null, "base_pharmacy": 0.0, "delta_university": null, "base_university": 0.0, "delta_mall": null, "base_mall": 0.0, "net_delta": null, "net_delta_n": 0 }, "geometry": { "type": "Polygon", "coordinates": [ [ [ 14.744433, 53.330289 ], [ 14.746371, 53.332608 ], [ 14.750696, 53.332762 ], [ 14.753081, 53.330598 ], [ 14.751142, 53.328279 ], [ 14.746818, 53.328125 ], [ 14.744433, 53.330289 ] ] ] } },
{ "type": "Feature", "properties": { "hex_id": 1463, "pop_total": 383.43, "delta_school": 0.0, "base_school": 1.0, "delta_pharmacy": 0.0, "base_pharmacy": 3.0, "delta_university": null, "base_university": 0.0, "delta_mall": null, "base_mall": 0.0, "net_delta": 0.0, "net_delta_n": 2 }, "geometry": { "type": "Polygon", "coordinates": [ [ [ 14.739948, 53.440363 ], [ 14.741891, 53.442682 ], [ 14.746226, 53.442837 ], [ 14.748618, 53.440673 ], [ 14.746675, 53.438354 ], [ 14.74234, 53.438199 ], [ 14.739948, 53.440363 ] ] ] } },
{ "type": "Feature", "properties": { "hex_id": 1464, "pop_total": 1343.08, "delta_school": 0.0, "base_school": 1.0, "delta_pharmacy": 0.0, "base_pharmacy": 3.0, "delta_university": null, "base_university": 0.0, "delta_mall": null, "base_mall": 0.0, "net_delta": 0.0, "net_delta_n": 2 }, "geometry": { "type": "Polygon", "coordinates": [ [ [ 14.740397, 53.43588 ], [ 14.74234, 53.438199 ], [ 14.746675, 53.438354 ], [ 14.749067, 53.436189 ], [ 14.747123, 53.433871 ], [ 14.742789, 53.433716 ], [ 14.740397, 53.43588 ] ] ] } },
{ "type": "Feature", "properties": { "hex_id": 1470, "pop_total": 1.94, "delta_school": 0.0, "base_school": 1.0, "delta_pharmacy": 0.0, "base_pharmacy": 1.0, "delta_university": null, "base_university": 0.0, "delta_mall": null, "base_mall": 0.0, "net_delta": 0.0, "net_delta_n": 2 }, "geometry": { "type": "Polygon", "coordinates": [ [ [ 14.744435, 53.39553 ], [ 14.746376, 53.397849 ], [ 14.750707, 53.398004 ], [ 14.753096, 53.395839 ], [ 14.751154, 53.39352 ], [ 14.746824, 53.393366 ], [ 14.744435, 53.39553 ] ] ] } },
{ "type": "Feature", "properties": { "hex_id": 1472, "pop_total": 4.75, "delta_school": 0.0, "base_school": 1.0, "delta_pharmacy": 0.0, "base_pharmacy": 1.0, "delta_university": null, "base_university": 0.0, "delta_mall": null, "base_mall": 0.0, "net_delta": 0.0, "net_delta_n": 2 }, "geometry": { "type": "Polygon", "coordinates": [ [ [ 14.74533, 53.386563 ], [ 14.747271, 53.388882 ], [ 14.751601, 53.389037 ], [ 14.75399, 53.386872 ], [ 14.752049, 53.384553 ], [ 14.747719, 53.384399 ], [ 14.74533, 53.386563 ] ] ] } },
{ "type": "Feature", "properties": { "hex_id": 1473, "pop_total": 148.25, "delta_school": 0.0, "base_school": 1.0, "delta_pharmacy": null, "base_pharmacy": 0.0, "delta_university": null, "base_university": 0.0, "delta_mall": null, "base_mall": 0.0, "net_delta": 0.0, "net_delta_n": 1 }, "geometry": { "type": "Polygon", "coordinates": [ [ [ 14.745778, 53.38208 ], [ 14.747719, 53.384399 ], [ 14.752049, 53.384553 ], [ 14.754437, 53.382389 ], [ 14.752496, 53.38007 ], [ 14.748167, 53.379916 ], [ 14.745778, 53.38208 ] ] ] } },
{ "type": "Feature", "properties": { "hex_id": 1475, "pop_total": 15.04, "delta_school": null, "base_school": 0.0, "delta_pharmacy": 0.0, "base_pharmacy": 1.0, "delta_university": null, "base_university": 0.0, "delta_mall": null, "base_mall": 0.0, "net_delta": 0.0, "net_delta_n": 1 }, "geometry": { "type": "Polygon", "coordinates": [ [ [ 14.747568, 53.364146 ], [ 14.749508, 53.366465 ], [ 14.753836, 53.36662 ], [ 14.756223, 53.364455 ], [ 14.754282, 53.362136 ], [ 14.749955, 53.361982 ], [ 14.747568, 53.364146 ] ] ] } },
{ "type": "Feature", "properties": { "hex_id": 1476, "pop_total": 150.44, "delta_school": null, "base_school": 0.0, "delta_pharmacy": 0.0, "base_pharmacy": 1.0, "delta_university": null, "base_university": 0.0, "delta_mall": null, "base_mall": 0.0, "net_delta": 0.0, "net_delta_n": 1 }, "geometry": { "type": "Polygon", "coordinates": [ [ [ 14.748015, 53.359663 ], [ 14.749955, 53.361982 ], [ 14.754282, 53.362136 ], [ 14.756669, 53.359972 ], [ 14.754729, 53.357653 ], [ 14.750402, 53.357499 ], [ 14.748015, 53.359663 ] ] ] } },
{ "type": "Feature", "properties": { "hex_id": 1477, "pop_total": 54.49, "delta_school": null, "base_school": 0.0, "delta_pharmacy": 0.0, "base_pharmacy": 1.0, "delta_university": null, "base_university": 0.0, "delta_mall": null, "base_mall": 0.0, "net_delta": 0.0, "net_delta_n": 1 }, "geometry": { "type": "Polygon", "coordinates": [ [ [ 14.748462, 53.35518 ], [ 14.750402, 53.357499 ], [ 14.754729, 53.357653 ], [ 14.757115, 53.355488 ], [ 14.755175, 53.353169 ], [ 14.750849, 53.353015 ], [ 14.748462, 53.35518 ] ] ] } },
{ "type": "Feature", "properties": { "hex_id": 1478, "pop_total": 18.5, "delta_school": null, "base_school": 0.0, "delta_pharmacy": null, "base_pharmacy": 0.0, "delta_university": null, "base_university": 0.0, "delta_mall": null, "base_mall": 0.0, "net_delta": null, "net_delta_n": 0 }, "geometry": { "type": "Polygon", "coordinates": [ [ [ 14.748909, 53.350696 ], [ 14.750849, 53.353015 ], [ 14.755175, 53.353169 ], [ 14.757561, 53.351005 ], [ 14.755621, 53.348686 ], [ 14.751295, 53.348532 ], [ 14.748909, 53.350696 ] ] ] } },
{ "type": "Feature", "properties": { "hex_id": 1479, "pop_total": 258.15, "delta_school": null, "base_school": 0.0, "delta_pharmacy": 0.0, "base_pharmacy": 1.0, "delta_university": null, "base_university": 0.0, "delta_mall": null, "base_mall": 0.0, "net_delta": 0.0, "net_delta_n": 1 }, "geometry": { "type": "Polygon", "coordinates": [ [ [ 14.749356, 53.346213 ], [ 14.751295, 53.348532 ], [ 14.755621, 53.348686 ], [ 14.758007, 53.346521 ], [ 14.756067, 53.344202 ], [ 14.751742, 53.344048 ], [ 14.749356, 53.346213 ] ] ] } },
{ "type": "Feature", "properties": { "hex_id": 1480, "pop_total": 150.43, "delta_school": null, "base_school": 0.0, "delta_pharmacy": 0.0, "base_pharmacy": 1.0, "delta_university": null, "base_university": 0.0, "delta_mall": null, "base_mall": 0.0, "net_delta": 0.0, "net_delta_n": 1 }, "geometry": { "type": "Polygon", "coordinates": [ [ [ 14.749803, 53.341729 ], [ 14.751742, 53.344048 ], [ 14.756067, 53.344202 ], [ 14.758453, 53.342038 ], [ 14.756513, 53.339719 ], [ 14.752188, 53.339565 ], [ 14.749803, 53.341729 ] ] ] } },
{ "type": "Feature", "properties": { "hex_id": 1481, "pop_total": 34.09, "delta_school": null, "base_school": 0.0, "delta_pharmacy": null, "base_pharmacy": 0.0, "delta_university": null, "base_university": 0.0, "delta_mall": null, "base_mall": 0.0, "net_delta": null, "net_delta_n": 0 }, "geometry": { "type": "Polygon", "coordinates": [ [ [ 14.750249, 53.337246 ], [ 14.752188, 53.339565 ], [ 14.756513, 53.339719 ], [ 14.758899, 53.337554 ], [ 14.756959, 53.335235 ], [ 14.752635, 53.335081 ], [ 14.750249, 53.337246 ] ] ] } },
{ "type": "Feature", "properties": { "hex_id": 1482, "pop_total": 25.07, "delta_school": null, "base_school": 0.0, "delta_pharmacy": null, "base_pharmacy": 0.0, "delta_university": null, "base_university": 0.0, "delta_mall": null, "base_mall": 0.0, "net_delta": null, "net_delta_n": 0 }, "geometry": { "type": "Polygon", "coordinates": [ [ [ 14.750696, 53.332762 ], [ 14.752635, 53.335081 ], [ 14.756959, 53.335235 ], [ 14.759344, 53.333071 ], [ 14.757405, 53.330752 ], [ 14.753081, 53.330598 ], [ 14.750696, 53.332762 ] ] ] } },
{ "type": "Feature", "properties": { "hex_id": 1484, "pop_total": 183.46, "delta_school": null, "base_school": 0.0, "delta_pharmacy": 0.0, "base_pharmacy": 3.0, "delta_university": null, "base_university": 0.0, "delta_mall": null, "base_mall": 0.0, "net_delta": 0.0, "net_delta_n": 1 }, "geometry": { "type": "Polygon", "coordinates": [ [ [ 14.746226, 53.442837 ], [ 14.74817, 53.445156 ], [ 14.752506, 53.445311 ], [ 14.754897, 53.443146 ], [ 14.752953, 53.440827 ], [ 14.748618, 53.440673 ], [ 14.746226, 53.442837 ] ] ] } },
{ "type": "Feature", "properties": { "hex_id": 1485, "pop_total": 694.94, "delta_school": 0.0, "base_school": 1.0, "delta_pharmacy": 0.0, "base_pharmacy": 3.0, "delta_university": null, "base_university": 0.0, "delta_mall": null, "base_mall": 0.0, "net_delta": 0.0, "net_delta_n": 2 }, "geometry": { "type": "Polygon", "coordinates": [ [ [ 14.746675, 53.438354 ], [ 14.748618, 53.440673 ], [ 14.752953, 53.440827 ], [ 14.755345, 53.438663 ], [ 14.753401, 53.436344 ], [ 14.749067, 53.436189 ], [ 14.746675, 53.438354 ] ] ] } },
{ "type": "Feature", "properties": { "hex_id": 1492, "pop_total": 2.45, "delta_school": 0.0, "base_school": 1.0, "delta_pharmacy": 0.0, "base_pharmacy": 1.0, "delta_university": null, "base_university": 0.0, "delta_mall": null, "base_mall": 0.0, "net_delta": 0.0, "net_delta_n": 2 }, "geometry": { "type": "Polygon", "coordinates": [ [ [ 14.751154, 53.39352 ], [ 14.753096, 53.395839 ], [ 14.757427, 53.395993 ], [ 14.759815, 53.393829 ], [ 14.757873, 53.39151 ], [ 14.753543, 53.391356 ], [ 14.751154, 53.39352 ] ] ] } },
{ "type": "Feature", "properties": { "hex_id": 1493, "pop_total": 1.64, "delta_school": 0.0, "base_school": 1.0, "delta_pharmacy": 0.0, "base_pharmacy": 1.0, "delta_university": null, "base_university": 0.0, "delta_mall": null, "base_mall": 0.0, "net_delta": 0.0, "net_delta_n": 2 }, "geometry": { "type": "Polygon", "coordinates": [ [ [ 14.751601, 53.389037 ], [ 14.753543, 53.391356 ], [ 14.757873, 53.39151 ], [ 14.760261, 53.389345 ], [ 14.75832, 53.387026 ], [ 14.75399, 53.386872 ], [ 14.751601, 53.389037 ] ] ] } },
{ "type": "Feature", "properties": { "hex_id": 1494, "pop_total": 309.72, "delta_school": 0.0, "base_school": 1.0, "delta_pharmacy": 0.0, "base_pharmacy": 1.0, "delta_university": null, "base_university": 0.0, "delta_mall": null, "base_mall": 0.0, "net_delta": 0.0, "net_delta_n": 2 }, "geometry": { "type": "Polygon", "coordinates": [ [ [ 14.752049, 53.384553 ], [ 14.75399, 53.386872 ], [ 14.75832, 53.387026 ], [ 14.760708, 53.384862 ], [ 14.758766, 53.382543 ], [ 14.754437, 53.382389 ], [ 14.752049, 53.384553 ] ] ] } },
{ "type": "Feature", "properties": { "hex_id": 1495, "pop_total": 52.07, "delta_school": 0.0, "base_school": 1.0, "delta_pharmacy": null, "base_pharmacy": 0.0, "delta_university": null, "base_university": 0.0, "delta_mall": null, "base_mall": 0.0, "net_delta": 0.0, "net_delta_n": 1 }, "geometry": { "type": "Polygon", "coordinates": [ [ [ 14.752496, 53.38007 ], [ 14.754437, 53.382389 ], [ 14.758766, 53.382543 ], [ 14.761154, 53.380378 ], [ 14.759212, 53.378059 ], [ 14.754883, 53.377905 ], [ 14.752496, 53.38007 ] ] ] } },
{ "type": "Feature", "properties": { "hex_id": 1496, "pop_total": 22.57, "delta_school": null, "base_school": 0.0, "delta_pharmacy": 0.0, "base_pharmacy": 1.0, "delta_university": null, "base_university": 0.0, "delta_mall": null, "base_mall": 0.0, "net_delta": 0.0, "net_delta_n": 1 }, "geometry": { "type": "Polygon", "coordinates": [ [ [ 14.754282, 53.362136 ], [ 14.756223, 53.364455 ], [ 14.760551, 53.364609 ], [ 14.762937, 53.362444 ], [ 14.760996, 53.360126 ], [ 14.756669, 53.359972 ], [ 14.754282, 53.362136 ] ] ] } },
{ "type": "Feature", "properties": { "hex_id": 1498, "pop_total": 2.16, "delta_school": null, "base_school": 0.0, "delta_pharmacy": null, "base_pharmacy": 0.0, "delta_university": null, "base_university": 0.0, "delta_mall": null, "base_mall": 0.0, "net_delta": null, "net_delta_n": 0 }, "geometry": { "type": "Polygon", "coordinates": [ [ [ 14.755175, 53.353169 ], [ 14.757115, 53.355488 ], [ 14.761442, 53.355642 ], [ 14.763828, 53.353477 ], [ 14.761888, 53.351159 ], [ 14.757561, 53.351005 ], [ 14.755175, 53.353169 ] ] ] } },
{ "type": "Feature", "properties": { "hex_id": 1500, "pop_total": 66.99, "delta_school": null, "base_school": 0.0, "delta_pharmacy": null, "base_pharmacy": 0.0, "delta_university": null, "base_university": 0.0, "delta_mall": null, "base_mall": 0.0, "net_delta": null, "net_delta_n": 0 }, "geometry": { "type": "Polygon", "coordinates": [ [ [ 14.756067, 53.344202 ], [ 14.758007, 53.346521 ], [ 14.762333, 53.346675 ], [ 14.764718, 53.34451 ], [ 14.762778, 53.342192 ], [ 14.758453, 53.342038 ], [ 14.756067, 53.344202 ] ] ] } },
{ "type": "Feature", "properties": { "hex_id": 1501, "pop_total": 19.44, "delta_school": null, "base_school": 0.0, "delta_pharmacy": 0.0, "base_pharmacy": 1.0, "delta_university": null, "base_university": 0.0, "delta_mall": null, "base_mall": 0.0, "net_delta": 0.0, "net_delta_n": 1 }, "geometry": { "type": "Polygon", "coordinates": [ [ [ 14.756513, 53.339719 ], [ 14.758453, 53.342038 ], [ 14.762778, 53.342192 ], [ 14.765163, 53.340027 ], [ 14.763224, 53.337708 ], [ 14.758899, 53.337554 ], [ 14.756513, 53.339719 ] ] ] } },
{ "type": "Feature", "properties": { "hex_id": 1502, "pop_total": 12.53, "delta_school": null, "base_school": 0.0, "delta_pharmacy": null, "base_pharmacy": 0.0, "delta_university": null, "base_university": 0.0, "delta_mall": null, "base_mall": 0.0, "net_delta": null, "net_delta_n": 0 }, "geometry": { "type": "Polygon", "coordinates": [ [ [ 14.756959, 53.335235 ], [ 14.758899, 53.337554 ], [ 14.763224, 53.337708 ], [ 14.765608, 53.335543 ], [ 14.763669, 53.333225 ], [ 14.759344, 53.333071 ], [ 14.756959, 53.335235 ] ] ] } },
{ "type": "Feature", "properties": { "hex_id": 1503, "pop_total": 37.6, "delta_school": null, "base_school": 0.0, "delta_pharmacy": null, "base_pharmacy": 0.0, "delta_university": null, "base_university": 0.0, "delta_mall": null, "base_mall": 0.0, "net_delta": null, "net_delta_n": 0 }, "geometry": { "type": "Polygon", "coordinates": [ [ [ 14.757405, 53.330752 ], [ 14.759344, 53.333071 ], [ 14.763669, 53.333225 ], [ 14.766053, 53.33106 ], [ 14.764114, 53.328741 ], [ 14.75979, 53.328587 ], [ 14.757405, 53.330752 ] ] ] } },
{ "type": "Feature", "properties": { "hex_id": 1505, "pop_total": 67.39, "delta_school": null, "base_school": 0.0, "delta_pharmacy": 0.0, "base_pharmacy": 1.0, "delta_university": null, "base_university": 0.0, "delta_mall": null, "base_mall": 0.0, "net_delta": 0.0, "net_delta_n": 1 }, "geometry": { "type": "Polygon", "coordinates": [ [ [ 14.752953, 53.440827 ], [ 14.754897, 53.443146 ], [ 14.759233, 53.4433 ], [ 14.761624, 53.441136 ], [ 14.75968, 53.438817 ], [ 14.755345, 53.438663 ], [ 14.752953, 53.440827 ] ] ] } },
{ "type": "Feature", "properties": { "hex_id": 1508, "pop_total": 45.88, "delta_school": null, "base_school": 0.0, "delta_pharmacy": 0.0, "base_pharmacy": 1.0, "delta_university": null, "base_university": 0.0, "delta_mall": null, "base_mall": 0.0, "net_delta": 0.0, "net_delta_n": 1 }, "geometry": { "type": "Polygon", "coordinates": [ [ [ 14.75698, 53.400477 ], [ 14.758922, 53.402795 ], [ 14.763253, 53.40295 ], [ 14.765642, 53.400785 ], [ 14.7637, 53.398466 ], [ 14.759369, 53.398312 ], [ 14.75698, 53.400477 ] ] ] } },
{ "type": "Feature", "properties": { "hex_id": 1509, "pop_total": 19.89, "delta_school": 0.0, "base_school": 1.0, "delta_pharmacy": 0.0, "base_pharmacy": 1.0, "delta_university": null, "base_university": 0.0, "delta_mall": null, "base_mall": 0.0, "net_delta": 0.0, "net_delta_n": 2 }, "geometry": { "type": "Polygon", "coordinates": [ [ [ 14.757427, 53.395993 ], [ 14.759369, 53.398312 ], [ 14.7637, 53.398466 ], [ 14.766088, 53.396301 ], [ 14.764146, 53.393983 ], [ 14.759815, 53.393829 ], [ 14.757427, 53.395993 ] ] ] } },
{ "type": "Feature", "properties": { "hex_id": 1510, "pop_total": 121.1, "delta_school": 0.0, "base_school": 1.0, "delta_pharmacy": 0.0, "base_pharmacy": 1.0, "delta_university": null, "base_university": 0.0, "delta_mall": null, "base_mall": 0.0, "net_delta": 0.0, "net_delta_n": 2 }, "geometry": { "type": "Polygon", "coordinates": [ [ [ 14.757873, 53.39151 ], [ 14.759815, 53.393829 ], [ 14.764146, 53.393983 ], [ 14.766534, 53.391818 ], [ 14.764592, 53.389499 ], [ 14.760261, 53.389345 ], [ 14.757873, 53.39151 ] ] ] } },
{ "type": "Feature", "properties": { "hex_id": 1511, "pop_total": 256.88, "delta_school": 0.0, "base_school": 1.0, "delta_pharmacy": 0.0, "base_pharmacy": 1.0, "delta_university": null, "base_university": 0.0, "delta_mall": null, "base_mall": 0.0, "net_delta": 0.0, "net_delta_n": 2 }, "geometry": { "type": "Polygon", "coordinates": [ [ [ 14.75832, 53.387026 ], [ 14.760261, 53.389345 ], [ 14.764592, 53.389499 ], [ 14.766979, 53.387334 ], [ 14.765037, 53.385016 ], [ 14.760708, 53.384862 ], [ 14.75832, 53.387026 ] ] ] } },
{ "type": "Feature", "properties": { "hex_id": 1513, "pop_total": 16.4, "delta_school": 0.0, "base_school": 1.0, "delta_pharmacy": 0.0, "base_pharmacy": 1.0, "delta_university": null, "base_university": 0.0, "delta_mall": null, "base_mall": 0.0, "net_delta": 0.0, "net_delta_n": 2 }, "geometry": { "type": "Polygon", "coordinates": [ [ [ 14.759212, 53.378059 ], [ 14.761154, 53.380378 ], [ 14.765483, 53.380532 ], [ 14.76787, 53.378367 ], [ 14.765929, 53.376049 ], [ 14.7616, 53.375895 ], [ 14.759212, 53.378059 ] ] ] } },
{ "type": "Feature", "properties": { "hex_id": 1515, "pop_total": 7.88, "delta_school": null, "base_school": 0.0, "delta_pharmacy": null, "base_pharmacy": 0.0, "delta_university": null, "base_university": 0.0, "delta_mall": null, "base_mall": 0.0, "net_delta": null, "net_delta_n": 0 }, "geometry": { "type": "Polygon", "coordinates": [ [ [ 14.762333, 53.346675 ], [ 14.764273, 53.348994 ], [ 14.768599, 53.349148 ], [ 14.770985, 53.346983 ], [ 14.769044, 53.344664 ], [ 14.764718, 53.34451 ], [ 14.762333, 53.346675 ] ] ] } },
{ "type": "Feature", "properties": { "hex_id": 1516, "pop_total": 65.65, "delta_school": null, "base_school": 0.0, "delta_pharmacy": 0.0, "base_pharmacy": 1.0, "delta_university": null, "base_university": 0.0, "delta_mall": null, "base_mall": 0.0, "net_delta": 0.0, "net_delta_n": 1 }, "geometry": { "type": "Polygon", "coordinates": [ [ [ 14.762778, 53.342192 ], [ 14.764718, 53.34451 ], [ 14.769044, 53.344664 ], [ 14.771429, 53.342499 ], [ 14.769489, 53.34018 ], [ 14.765163, 53.340027 ], [ 14.762778, 53.342192 ] ] ] } },
{ "type": "Feature", "properties": { "hex_id": 1517, "pop_total": 2.51, "delta_school": null, "base_school": 0.0, "delta_pharmacy": null, "base_pharmacy": 0.0, "delta_university": null, "base_university": 0.0, "delta_mall": null, "base_mall": 0.0, "net_delta": null, "net_delta_n": 0 }, "geometry": { "type": "Polygon", "coordinates": [ [ [ 14.763224, 53.337708 ], [ 14.765163, 53.340027 ], [ 14.769489, 53.34018 ], [ 14.771873, 53.338015 ], [ 14.769933, 53.335697 ], [ 14.765608, 53.335543 ], [ 14.763224, 53.337708 ] ] ] } },
{ "type": "Feature", "properties": { "hex_id": 1518, "pop_total": 22.56, "delta_school": null, "base_school": 0.0, "delta_pharmacy": null, "base_pharmacy": 0.0, "delta_university": null, "base_university": 0.0, "delta_mall": null, "base_mall": 0.0, "net_delta": null, "net_delta_n": 0 }, "geometry": { "type": "Polygon", "coordinates": [ [ [ 14.763669, 53.333225 ], [ 14.765608, 53.335543 ], [ 14.769933, 53.335697 ], [ 14.772317, 53.333532 ], [ 14.770377, 53.331213 ], [ 14.766053, 53.33106 ], [ 14.763669, 53.333225 ] ] ] } },
{ "type": "Feature", "properties": { "hex_id": 1519, "pop_total": 0.68, "delta_school": null, "base_school": 0.0, "delta_pharmacy": null, "base_pharmacy": 0.0, "delta_university": null, "base_university": 0.0, "delta_mall": null, "base_mall": 0.0, "net_delta": null, "net_delta_n": 0 }, "geometry": { "type": "Polygon", "coordinates": [ [ [ 14.764114, 53.328741 ], [ 14.766053, 53.33106 ], [ 14.770377, 53.331213 ], [ 14.772762, 53.329048 ], [ 14.770822, 53.32673 ], [ 14.766498, 53.326576 ], [ 14.764114, 53.328741 ] ] ] } },
{ "type": "Feature", "properties": { "hex_id": 1522, "pop_total": 2.26, "delta_school": null, "base_school": 0.0, "delta_pharmacy": null, "base_pharmacy": 0.0, "delta_university": null, "base_university": 0.0, "delta_mall": null, "base_mall": 0.0, "net_delta": null, "net_delta_n": 0 }, "geometry": { "type": "Polygon", "coordinates": [ [ [ 14.762807, 53.407433 ], [ 14.76475, 53.409752 ], [ 14.769082, 53.409906 ], [ 14.771471, 53.407741 ], [ 14.769528, 53.405422 ], [ 14.765196, 53.405268 ], [ 14.762807, 53.407433 ] ] ] } },
{ "type": "Feature", "properties": { "hex_id": 1523, "pop_total": 18.1, "delta_school": null, "base_school": 0.0, "delta_pharmacy": null, "base_pharmacy": 0.0, "delta_university": null, "base_university": 0.0, "delta_mall": null, "base_mall": 0.0, "net_delta": null, "net_delta_n": 0 }, "geometry": { "type": "Polygon", "coordinates": [ [ [ 14.763253, 53.40295 ], [ 14.765196, 53.405268 ], [ 14.769528, 53.405422 ], [ 14.771916, 53.403257 ], [ 14.769973, 53.400939 ], [ 14.765642, 53.400785 ], [ 14.763253, 53.40295 ] ] ] } },
{ "type": "Feature", "properties": { "hex_id": 1524, "pop_total": 148.39, "delta_school": 0.0, "base_school": 1.0, "delta_pharmacy": 0.0, "base_pharmacy": 1.0, "delta_university": null, "base_university": 0.0, "delta_mall": null, "base_mall": 0.0, "net_delta": 0.0, "net_delta_n": 2 }, "geometry": { "type": "Polygon", "coordinates": [ [ [ 14.7637, 53.398466 ], [ 14.765642, 53.400785 ], [ 14.769973, 53.400939 ], [ 14.772362, 53.398774 ], [ 14.770419, 53.396455 ], [ 14.766088, 53.396301 ], [ 14.7637, 53.398466 ] ] ] } },
{ "type": "Feature", "properties": { "hex_id": 1525, "pop_total": 269.58, "delta_school": 0.0, "base_school": 1.0, "delta_pharmacy": 0.0, "base_pharmacy": 1.0, "delta_university": null, "base_university": 0.0, "delta_mall": null, "base_mall": 0.0, "net_delta": 0.0, "net_delta_n": 2 }, "geometry": { "type": "Polygon", "coordinates": [ [ [ 14.764146, 53.393983 ], [ 14.766088, 53.396301 ], [ 14.770419, 53.396455 ], [ 14.772807, 53.39429 ], [ 14.770864, 53.391971 ], [ 14.766534, 53.391818 ], [ 14.764146, 53.393983 ] ] ] } },
{ "type": "Feature", "properties": { "hex_id": 1526, "pop_total": 585.49, "delta_school": 0.0, "base_school": 1.0, "delta_pharmacy": 0.0, "base_pharmacy": 1.0, "delta_university": null, "base_university": 0.0, "delta_mall": null, "base_mall": 0.0, "net_delta": 0.0, "net_delta_n": 2 }, "geometry": { "type": "Polygon", "coordinates": [ [ [ 14.764592, 53.389499 ], [ 14.766534, 53.391818 ], [ 14.770864, 53.391971 ], [ 14.773252, 53.389807 ], [ 14.771309, 53.387488 ], [ 14.766979, 53.387334 ], [ 14.764592, 53.389499 ] ] ] } },
{ "type": "Feature", "properties": { "hex_id": 1527, "pop_total": 124.39, "delta_school": 0.0, "base_school": 1.0, "delta_pharmacy": 0.0, "base_pharmacy": 1.0, "delta_university": null, "base_university": 0.0, "delta_mall": null, "base_mall": 0.0, "net_delta": 0.0, "net_delta_n": 2 }, "geometry": { "type": "Polygon", "coordinates": [ [ [ 14.765037, 53.385016 ], [ 14.766979, 53.387334 ], [ 14.771309, 53.387488 ], [ 14.773697, 53.385323 ], [ 14.771754, 53.383004 ], [ 14.767425, 53.382851 ], [ 14.765037, 53.385016 ] ] ] } },
{ "type": "Feature", "properties": { "hex_id": 1528, "pop_total": 78.6, "delta_school": 0.0, "base_school": 1.0, "delta_pharmacy": 0.0, "base_pharmacy": 1.0, "delta_university": null, "base_university": 0.0, "delta_mall": null, "base_mall": 0.0, "net_delta": 0.0, "net_delta_n": 2 }, "geometry": { "type": "Polygon", "coordinates": [ [ [ 14.765483, 53.380532 ], [ 14.767425, 53.382851 ], [ 14.771754, 53.383004 ], [ 14.774141, 53.380839 ], [ 14.772199, 53.378521 ], [ 14.76787, 53.378367 ], [ 14.765483, 53.380532 ] ] ] } },
{ "type": "Feature", "properties": { "hex_id": 1529, "pop_total": 95.67, "delta_school": 0.0, "base_school": 1.0, "delta_pharmacy": null, "base_pharmacy": 0.0, "delta_university": null, "base_university": 0.0, "delta_mall": null, "base_mall": 0.0, "net_delta": 0.0, "net_delta_n": 1 }, "geometry": { "type": "Polygon", "coordinates": [ [ [ 14.765929, 53.376049 ], [ 14.76787, 53.378367 ], [ 14.772199, 53.378521 ], [ 14.774586, 53.376356 ], [ 14.772644, 53.374037 ], [ 14.768316, 53.373884 ], [ 14.765929, 53.376049 ] ] ] } },
{ "type": "Feature", "properties": { "hex_id": 1530, "pop_total": 1.86, "delta_school": null, "base_school": 0.0, "delta_pharmacy": null, "base_pharmacy": 0.0, "delta_university": null, "base_university": 0.0, "delta_mall": null, "base_mall": 0.0, "net_delta": null, "net_delta_n": 0 }, "geometry": { "type": "Polygon", "coordinates": [ [ [ 14.768599, 53.349148 ], [ 14.77054, 53.351466 ], [ 14.774866, 53.35162 ], [ 14.777251, 53.349455 ], [ 14.77531, 53.347136 ], [ 14.770985, 53.346983 ], [ 14.768599, 53.349148 ] ] ] } },
{ "type": "Feature", "properties": { "hex_id": 1531, "pop_total": 139.37, "delta_school": null, "base_school": 0.0, "delta_pharmacy": null, "base_pharmacy": 0.0, "delta_university": null, "base_university": 0.0, "delta_mall": null, "base_mall": 0.0, "net_delta": null, "net_delta_n": 0 }, "geometry": { "type": "Polygon", "coordinates": [ [ [ 14.769044, 53.344664 ], [ 14.770985, 53.346983 ], [ 14.77531, 53.347136 ], [ 14.777695, 53.344971 ], [ 14.775754, 53.342652 ], [ 14.771429, 53.342499 ], [ 14.769044, 53.344664 ] ] ] } },
{ "type": "Feature", "properties": { "hex_id": 1532, "pop_total": 18.38, "delta_school": null, "base_school": 0.0, "delta_pharmacy": null, "base_pharmacy": 0.0, "delta_university": null, "base_university": 0.0, "delta_mall": null, "base_mall": 0.0, "net_delta": null, "net_delta_n": 0 }, "geometry": { "type": "Polygon", "coordinates": [ [ [ 14.769489, 53.34018 ], [ 14.771429, 53.342499 ], [ 14.775754, 53.342652 ], [ 14.778139, 53.340487 ], [ 14.776198, 53.338169 ], [ 14.771873, 53.338015 ], [ 14.769489, 53.34018 ] ] ] } },
{ "type": "Feature", "properties": { "hex_id": 1534, "pop_total": 11.31, "delta_school": null, "base_school": 0.0, "delta_pharmacy": 0.0, "base_pharmacy": 1.0, "delta_university": null, "base_university": 0.0, "delta_mall": null, "base_mall": 0.0, "net_delta": 0.0, "net_delta_n": 1 }, "geometry": { "type": "Polygon", "coordinates": [ [ [ 14.769528, 53.405422 ], [ 14.771471, 53.407741 ], [ 14.775803, 53.407894 ], [ 14.778191, 53.405729 ], [ 14.776248, 53.403411 ], [ 14.771916, 53.403257 ], [ 14.769528, 53.405422 ] ] ] } },
{ "type": "Feature", "properties": { "hex_id": 1535, "pop_total": 67.28, "delta_school": 0.0, "base_school": 1.0, "delta_pharmacy": 0.0, "base_pharmacy": 1.0, "delta_university": null, "base_university": 0.0, "delta_mall": null, "base_mall": 0.0, "net_delta": 0.0, "net_delta_n": 2 }, "geometry": { "type": "Polygon", "coordinates": [ [ [ 14.769973, 53.400939 ], [ 14.771916, 53.403257 ], [ 14.776248, 53.403411 ], [ 14.778636, 53.401246 ], [ 14.776693, 53.398927 ], [ 14.772362, 53.398774 ], [ 14.769973, 53.400939 ] ] ] } },
{ "type": "Feature", "properties": { "hex_id": 1536, "pop_total": 339.76, "delta_school": null, "base_school": 0.0, "delta_pharmacy": 0.0, "base_pharmacy": 1.0, "delta_university": null, "base_university": 0.0, "delta_mall": null, "base_mall": 0.0, "net_delta": 0.0, "net_delta_n": 1 }, "geometry": { "type": "Polygon", "coordinates": [ [ [ 14.770419, 53.396455 ], [ 14.772362, 53.398774 ], [ 14.776693, 53.398927 ], [ 14.779081, 53.396762 ], [ 14.777137, 53.394444 ], [ 14.772807, 53.39429 ], [ 14.770419, 53.396455 ] ] ] } },
{ "type": "Feature", "properties": { "hex_id": 1537, "pop_total": 243.03, "delta_school": 0.0, "base_school": 1.0, "delta_pharmacy": 0.0, "base_pharmacy": 1.0, "delta_university": null, "base_university": 0.0, "delta_mall": null, "base_mall": 0.0, "net_delta": 0.0, "net_delta_n": 2 }, "geometry": { "type": "Polygon", "coordinates": [ [ [ 14.770864, 53.391971 ], [ 14.772807, 53.39429 ], [ 14.777137, 53.394444 ], [ 14.779525, 53.392278 ], [ 14.777582, 53.38996 ], [ 14.773252, 53.389807 ], [ 14.770864, 53.391971 ] ] ] } },
{ "type": "Feature", "properties": { "hex_id": 1538, "pop_total": 80.43, "delta_school": 0.0, "base_school": 1.0, "delta_pharmacy": 0.0, "base_pharmacy": 1.0, "delta_university": null, "base_university": 0.0, "delta_mall": null, "base_mall": 0.0, "net_delta": 0.0, "net_delta_n": 2 }, "geometry": { "type": "Polygon", "coordinates": [ [ [ 14.771309, 53.387488 ], [ 14.773252, 53.389807 ], [ 14.777582, 53.38996 ], [ 14.779969, 53.387795 ], [ 14.778026, 53.385476 ], [ 14.773697, 53.385323 ], [ 14.771309, 53.387488 ] ] ] } },
{ "type": "Feature", "properties": { "hex_id": 1540, "pop_total": 65.6, "delta_school": 0.0, "base_school": 1.0, "delta_pharmacy": null, "base_pharmacy": 0.0, "delta_university": null, "base_university": 0.0, "delta_mall": null, "base_mall": 0.0, "net_delta": 0.0, "net_delta_n": 1 }, "geometry": { "type": "Polygon", "coordinates": [ [ [ 14.772199, 53.378521 ], [ 14.774141, 53.380839 ], [ 14.778471, 53.380993 ], [ 14.780857, 53.378828 ], [ 14.778915, 53.376509 ], [ 14.774586, 53.376356 ], [ 14.772199, 53.378521 ] ] ] } },
{ "type": "Feature", "properties": { "hex_id": 1542, "pop_total": 111.43, "delta_school": null, "base_school": 0.0, "delta_pharmacy": null, "base_pharmacy": 0.0, "delta_university": null, "base_university": 0.0, "delta_mall": null, "base_mall": 0.0, "net_delta": null, "net_delta_n": 0 }, "geometry": { "type": "Polygon", "coordinates": [ [ [ 14.77531, 53.347136 ], [ 14.777251, 53.349455 ], [ 14.781578, 53.349608 ], [ 14.783962, 53.347443 ], [ 14.782021, 53.345124 ], [ 14.777695, 53.344971 ], [ 14.77531, 53.347136 ] ] ] } },
{ "type": "Feature", "properties": { "hex_id": 1543, "pop_total": 142.38, "delta_school": null, "base_school": 0.0, "delta_pharmacy": 0.0, "base_pharmacy": 1.0, "delta_university": null, "base_university": 0.0, "delta_mall": null, "base_mall": 0.0, "net_delta": 0.0, "net_delta_n": 1 }, "geometry": { "type": "Polygon", "coordinates": [ [ [ 14.775754, 53.342652 ], [ 14.777695, 53.344971 ], [ 14.782021, 53.345124 ], [ 14.784405, 53.342959 ], [ 14.782464, 53.340641 ], [ 14.778139, 53.340487 ], [ 14.775754, 53.342652 ] ] ] } },
{ "type": "Feature", "properties": { "hex_id": 1545, "pop_total": 3.31, "delta_school": null, "base_school": 0.0, "delta_pharmacy": 0.0, "base_pharmacy": 1.0, "delta_university": null, "base_university": 0.0, "delta_mall": null, "base_mall": 0.0, "net_delta": 0.0, "net_delta_n": 1 }, "geometry": { "type": "Polygon", "coordinates": [ [ [ 14.776248, 53.403411 ], [ 14.778191, 53.405729 ], [ 14.782523, 53.405882 ], [ 14.784911, 53.403717 ], [ 14.782967, 53.401399 ], [ 14.778636, 53.401246 ], [ 14.776248, 53.403411 ] ] ] } },
{ "type": "Feature", "properties": { "hex_id": 1546, "pop_total": 37.56, "delta_school": null, "base_school": 0.0, "delta_pharmacy": 0.0, "base_pharmacy": 1.0, "delta_university": null, "base_university": 0.0, "delta_mall": null, "base_mall": 0.0, "net_delta": 0.0, "net_delta_n": 1 }, "geometry": { "type": "Polygon", "coordinates": [ [ [ 14.776693, 53.398927 ], [ 14.778636, 53.401246 ], [ 14.782967, 53.401399 ], [ 14.785355, 53.399234 ], [ 14.783412, 53.396915 ], [ 14.779081, 53.396762 ], [ 14.776693, 53.398927 ] ] ] } },
{ "type": "Feature", "properties": { "hex_id": 1547, "pop_total": 252.99, "delta_school": 0.0, "base_school": 1.0, "delta_pharmacy": 0.0, "base_pharmacy": 1.0, "delta_university": null, "base_university": 0.0, "delta_mall": null, "base_mall": 0.0, "net_delta": 0.0, "net_delta_n": 2 }, "geometry": { "type": "Polygon", "coordinates": [ [ [ 14.777137, 53.394444 ], [ 14.779081, 53.396762 ], [ 14.783412, 53.396915 ], [ 14.785799, 53.39475 ], [ 14.783855, 53.392432 ], [ 14.779525, 53.392278 ], [ 14.777137, 53.394444 ] ] ] } },
{ "type": "Feature", "properties": { "hex_id": 1548, "pop_total": 86.46, "delta_school": 0.0, "base_school": 1.0, "delta_pharmacy": 0.0, "base_pharmacy": 1.0, "delta_university": null, "base_university": 0.0, "delta_mall": null, "base_mall": 0.0, "net_delta": 0.0, "net_delta_n": 2 }, "geometry": { "type": "Polygon", "coordinates": [ [ [ 14.777582, 53.38996 ], [ 14.779525, 53.392278 ], [ 14.783855, 53.392432 ], [ 14.786243, 53.390267 ], [ 14.784299, 53.387948 ], [ 14.779969, 53.387795 ], [ 14.777582, 53.38996 ] ] ] } },
{ "type": "Feature", "properties": { "hex_id": 1550, "pop_total": 13.0, "delta_school": null, "base_school": 0.0, "delta_pharmacy": null, "base_pharmacy": 0.0, "delta_university": null, "base_university": 0.0, "delta_mall": null, "base_mall": 0.0, "net_delta": null, "net_delta_n": 0 }, "geometry": { "type": "Polygon", "coordinates": [ [ [ 14.782021, 53.345124 ], [ 14.783962, 53.347443 ], [ 14.788288, 53.347596 ], [ 14.790672, 53.34543 ], [ 14.788731, 53.343112 ], [ 14.784405, 53.342959 ], [ 14.782021, 53.345124 ] ] ] } },
{ "type": "Feature", "properties": { "hex_id": 1551, "pop_total": 4.48, "delta_school": null, "base_school": 0.0, "delta_pharmacy": null, "base_pharmacy": 0.0, "delta_university": null, "base_university": 0.0, "delta_mall": null, "base_mall": 0.0, "net_delta": null, "net_delta_n": 0 }, "geometry": { "type": "Polygon", "coordinates": [ [ [ 14.782464, 53.340641 ], [ 14.784405, 53.342959 ], [ 14.788731, 53.343112 ], [ 14.791115, 53.340947 ], [ 14.789173, 53.338628 ], [ 14.784848, 53.338475 ], [ 14.782464, 53.340641 ] ] ] } },
{ "type": "Feature", "properties": { "hex_id": 1554, "pop_total": 13.62, "delta_school": null, "base_school": 0.0, "delta_pharmacy": null, "base_pharmacy": 0.0, "delta_university": null, "base_university": 0.0, "delta_mall": null, "base_mall": 0.0, "net_delta": null, "net_delta_n": 0 }, "geometry": { "type": "Polygon", "coordinates": [ [ [ 14.783412, 53.396915 ], [ 14.785355, 53.399234 ], [ 14.789686, 53.399387 ], [ 14.792074, 53.397221 ], [ 14.79013, 53.394903 ], [ 14.785799, 53.39475 ], [ 14.783412, 53.396915 ] ] ] } },
{ "type": "Feature", "properties": { "hex_id": 1555, "pop_total": 7.78, "delta_school": null, "base_school": 0.0, "delta_pharmacy": null, "base_pharmacy": 0.0, "delta_university": null, "base_university": 0.0, "delta_mall": null, "base_mall": 0.0, "net_delta": null, "net_delta_n": 0 }, "geometry": { "type": "Polygon", "coordinates": [ [ [ 14.783855, 53.392432 ], [ 14.785799, 53.39475 ], [ 14.79013, 53.394903 ], [ 14.792517, 53.392738 ], [ 14.790573, 53.39042 ], [ 14.786243, 53.390267 ], [ 14.783855, 53.392432 ] ] ] } },
{ "type": "Feature", "properties": { "hex_id": 1557, "pop_total": 7.43, "delta_school": null, "base_school": 0.0, "delta_pharmacy": null, "base_pharmacy": 0.0, "delta_university": null, "base_university": 0.0, "delta_mall": null, "base_mall": 0.0, "net_delta": null, "net_delta_n": 0 }, "geometry": { "type": "Polygon", "coordinates": [ [ [ 14.788731, 53.343112 ], [ 14.790672, 53.34543 ], [ 14.794998, 53.345583 ], [ 14.797382, 53.343417 ], [ 14.79544, 53.341099 ], [ 14.791115, 53.340947 ], [ 14.788731, 53.343112 ] ] ] } },
{ "type": "Feature", "properties": { "hex_id": 1558, "pop_total": 11.14, "delta_school": null, "base_school": 0.0, "delta_pharmacy": null, "base_pharmacy": 0.0, "delta_university": null, "base_university": 0.0, "delta_mall": null, "base_mall": 0.0, "net_delta": null, "net_delta_n": 0 }, "geometry": { "type": "Polygon", "coordinates": [ [ [ 14.789173, 53.338628 ], [ 14.791115, 53.340947 ], [ 14.79544, 53.341099 ], [ 14.797824, 53.338934 ], [ 14.795882, 53.336616 ], [ 14.791557, 53.336463 ], [ 14.789173, 53.338628 ] ] ] } }
]
}
