{
"type": "FeatureCollection",
"name": "siatka_szczecin_500",
"crs": { "type": "name", "properties": { "name": "urn:ogc:def:crs:OGC:1.3:CRS84" } },
"xy_coordinate_resolution": 1e-06,
"features": [
{ "type": "Feature", "properties": { "fid": 1, "hex_id": 0 }, "geometry": { "type": "Polygon", "coordinates": [ [ [ 14.440449, 53.494534 ], [ 14.442378, 53.496857 ], [ 14.446717, 53.497023 ], [ 14.449127, 53.494865 ], [ 14.447198, 53.492541 ], [ 14.442859, 53.492376 ], [ 14.440449, 53.494534 ] ] ] } },
{ "type": "Feature", "properties": { "fid": 2, "hex_id": 1 }, "geometry": { "type": "Polygon", "coordinates": [ [ [ 14.440931, 53.490052 ], [ 14.442859, 53.492376 ], [ 14.447198, 53.492541 ], [ 14.449608, 53.490383 ], [ 14.447679, 53.48806 ], [ 14.44334, 53.487894 ], [ 14.440931, 53.490052 ] ] ] } },
{ "type": "Feature", "properties": { "fid": 3, "hex_id": 2 }, "geometry": { "type": "Polygon", "coordinates": [ [ [ 14.441412, 53.485571 ], [ 14.44334, 53.487894 ], [ 14.447679, 53.48806 ], [ 14.450088, 53.485902 ], [ 14.448159, 53.483578 ], [ 14.443822, 53.483413 ], [ 14.441412, 53.485571 ] ] ] } },
{ "type": "Feature", "properties": { "fid": 4, "hex_id": 3 }, "geometry": { "type": "Polygon", "coordinates": [ [ [ 14.441893, 53.481089 ], [ 14.443822, 53.483413 ], [ 14.448159, 53.483578 ], [ 14.450569, 53.48142 ], [ 14.44864, 53.479097 ], [ 14.444303, 53.478931 ], [ 14.441893, 53.481089 ] ] ] } },
{ "type": "Feature", "properties": { "fid": 5, "hex_id": 4 }, "geometry": { "type": "Polygon", "coordinates": [ [ [ 14.44526, 53.449719 ], [ 14.447187, 53.452042 ], [ 14.451521, 53.452208 ], [ 14.453929, 53.45005 ], [ 14.452001, 53.447726 ], [ 14.447667, 53.447561 ], [ 14.44526, 53.449719 ] ] ] } },
{ "type": "Feature", "properties": { "fid": 6, "hex_id": 5 }, "geometry": { "type": "Polygon", "coordinates": [ [ [ 14.44574, 53.445237 ], [ 14.447667, 53.447561 ], [ 14.452001, 53.447726 ], [ 14.454408, 53.445568 ], [ 14.452481, 53.443245 ], [ 14.448147, 53.443079 ], [ 14.44574, 53.445237 ] ] ] } },
{ "type": "Feature", "properties": { "fid": 7, "hex_id": 6 }, "geometry": { "type": "Polygon", "coordinates": [ [ [ 14.44622, 53.440756 ], [ 14.448147, 53.443079 ], [ 14.452481, 53.443245 ], [ 14.454887, 53.441087 ], [ 14.45296, 53.438763 ], [ 14.448627, 53.438598 ], [ 14.44622, 53.440756 ] ] ] } },
{ "type": "Feature", "properties": { "fid": 8, "hex_id": 7 }, "geometry": { "type": "Polygon", "coordinates": [ [ [ 14.446717, 53.497023 ], [ 14.448646, 53.499347 ], [ 14.452985, 53.499512 ], [ 14.455395, 53.497354 ], [ 14.453466, 53.49503 ], [ 14.449127, 53.494865 ], [ 14.446717, 53.497023 ] ] ] } },
{ "type": "Feature", "properties": { "fid": 9, "hex_id": 8 }, "geometry": { "type": "Polygon", "coordinates": [ [ [ 14.447198, 53.492541 ], [ 14.449127, 53.494865 ], [ 14.453466, 53.49503 ], [ 14.455875, 53.492872 ], [ 14.453946, 53.490549 ], [ 14.449608, 53.490383 ], [ 14.447198, 53.492541 ] ] ] } },
{ "type": "Feature", "properties": { "fid": 10, "hex_id": 9 }, "geometry": { "type": "Polygon", "coordinates": [ [ [ 14.447679, 53.48806 ], [ 14.449608, 53.490383 ], [ 14.453946, 53.490549 ], [ 14.456355, 53.488391 ], [ 14.454426, 53.486067 ], [ 14.450088, 53.485902 ], [ 14.447679, 53.48806 ] ] ] } },
{ "type": "Feature", "properties": { "fid": 11, "hex_id": 10 }, "geometry": { "type": "Polygon", "coordinates": [ [ [ 14.448159, 53.483578 ], [ 14.450088, 53.485902 ], [ 14.454426, 53.486067 ], [ 14.456835, 53.483909 ], [ 14.454906, 53.481586 ], [ 14.450569, 53.48142 ], [ 14.448159, 53.483578 ] ] ] } },
{ "type": "Feature", "properties": { "fid": 12, "hex_id": 11 }, "geometry": { "type": "Polygon", "coordinates": [ [ [ 14.44864, 53.479097 ], [ 14.450569, 53.48142 ], [ 14.454906, 53.481586 ], [ 14.457315, 53.479428 ], [ 14.455386, 53.477104 ], [ 14.451049, 53.476939 ], [ 14.44864, 53.479097 ] ] ] } },
{ "type": "Feature", "properties": { "fid": 13, "hex_id": 12 }, "geometry": { "type": "Polygon", "coordinates": [ [ [ 14.452001, 53.447726 ], [ 14.453929, 53.45005 ], [ 14.458263, 53.450215 ], [ 14.46067, 53.448057 ], [ 14.458742, 53.445733 ], [ 14.454408, 53.445568 ], [ 14.452001, 53.447726 ] ] ] } },
{ "type": "Feature", "properties": { "fid": 14, "hex_id": 13 }, "geometry": { "type": "Polygon", "coordinates": [ [ [ 14.452481, 53.443245 ], [ 14.454408, 53.445568 ], [ 14.458742, 53.445733 ], [ 14.461148, 53.443575 ], [ 14.459221, 53.441252 ], [ 14.454887, 53.441087 ], [ 14.452481, 53.443245 ] ] ] } },
{ "type": "Feature", "properties": { "fid": 15, "hex_id": 14 }, "geometry": { "type": "Polygon", "coordinates": [ [ [ 14.453466, 53.49503 ], [ 14.455395, 53.497354 ], [ 14.459734, 53.497519 ], [ 14.462144, 53.495361 ], [ 14.460214, 53.493038 ], [ 14.455875, 53.492872 ], [ 14.453466, 53.49503 ] ] ] } },
{ "type": "Feature", "properties": { "fid": 16, "hex_id": 15 }, "geometry": { "type": "Polygon", "coordinates": [ [ [ 14.453946, 53.490549 ], [ 14.455875, 53.492872 ], [ 14.460214, 53.493038 ], [ 14.462623, 53.490879 ], [ 14.460694, 53.488556 ], [ 14.456355, 53.488391 ], [ 14.453946, 53.490549 ] ] ] } },
{ "type": "Feature", "properties": { "fid": 17, "hex_id": 16 }, "geometry": { "type": "Polygon", "coordinates": [ [ [ 14.454426, 53.486067 ], [ 14.456355, 53.488391 ], [ 14.460694, 53.488556 ], [ 14.463103, 53.486398 ], [ 14.461173, 53.484074 ], [ 14.456835, 53.483909 ], [ 14.454426, 53.486067 ] ] ] } },
{ "type": "Feature", "properties": { "fid": 18, "hex_id": 17 }, "geometry": { "type": "Polygon", "coordinates": [ [ [ 14.454906, 53.481586 ], [ 14.456835, 53.483909 ], [ 14.461173, 53.484074 ], [ 14.463582, 53.481916 ], [ 14.461652, 53.479593 ], [ 14.457315, 53.479428 ], [ 14.454906, 53.481586 ] ] ] } },
{ "type": "Feature", "properties": { "fid": 19, "hex_id": 18 }, "geometry": { "type": "Polygon", "coordinates": [ [ [ 14.455386, 53.477104 ], [ 14.457315, 53.479428 ], [ 14.461652, 53.479593 ], [ 14.464061, 53.477435 ], [ 14.462132, 53.475111 ], [ 14.457795, 53.474946 ], [ 14.455386, 53.477104 ] ] ] } },
{ "type": "Feature", "properties": { "fid": 20, "hex_id": 19 }, "geometry": { "type": "Polygon", "coordinates": [ [ [ 14.455866, 53.472623 ], [ 14.457795, 53.474946 ], [ 14.462132, 53.475111 ], [ 14.46454, 53.472953 ], [ 14.462611, 53.47063 ], [ 14.458274, 53.470465 ], [ 14.455866, 53.472623 ] ] ] } },
{ "type": "Feature", "properties": { "fid": 21, "hex_id": 20 }, "geometry": { "type": "Polygon", "coordinates": [ [ [ 14.456346, 53.468141 ], [ 14.458274, 53.470465 ], [ 14.462611, 53.47063 ], [ 14.465018, 53.468471 ], [ 14.46309, 53.466148 ], [ 14.458753, 53.465983 ], [ 14.456346, 53.468141 ] ] ] } },
{ "type": "Feature", "properties": { "fid": 22, "hex_id": 21 }, "geometry": { "type": "Polygon", "coordinates": [ [ [ 14.457305, 53.459178 ], [ 14.459233, 53.461501 ], [ 14.463568, 53.461666 ], [ 14.465975, 53.459508 ], [ 14.464047, 53.457185 ], [ 14.459712, 53.45702 ], [ 14.457305, 53.459178 ] ] ] } },
{ "type": "Feature", "properties": { "fid": 23, "hex_id": 22 }, "geometry": { "type": "Polygon", "coordinates": [ [ [ 14.457784, 53.454696 ], [ 14.459712, 53.45702 ], [ 14.464047, 53.457185 ], [ 14.466454, 53.455026 ], [ 14.464526, 53.452703 ], [ 14.460191, 53.452538 ], [ 14.457784, 53.454696 ] ] ] } },
{ "type": "Feature", "properties": { "fid": 24, "hex_id": 23 }, "geometry": { "type": "Polygon", "coordinates": [ [ [ 14.458263, 53.450215 ], [ 14.460191, 53.452538 ], [ 14.464526, 53.452703 ], [ 14.466932, 53.450545 ], [ 14.465004, 53.448222 ], [ 14.46067, 53.448057 ], [ 14.458263, 53.450215 ] ] ] } },
{ "type": "Feature", "properties": { "fid": 25, "hex_id": 24 }, "geometry": { "type": "Polygon", "coordinates": [ [ [ 14.458742, 53.445733 ], [ 14.46067, 53.448057 ], [ 14.465004, 53.448222 ], [ 14.46741, 53.446063 ], [ 14.465482, 53.44374 ], [ 14.461148, 53.443575 ], [ 14.458742, 53.445733 ] ] ] } },
{ "type": "Feature", "properties": { "fid": 26, "hex_id": 25 }, "geometry": { "type": "Polygon", "coordinates": [ [ [ 14.459221, 53.441252 ], [ 14.461148, 53.443575 ], [ 14.465482, 53.44374 ], [ 14.467888, 53.441581 ], [ 14.46596, 53.439258 ], [ 14.461627, 53.439093 ], [ 14.459221, 53.441252 ] ] ] } },
{ "type": "Feature", "properties": { "fid": 27, "hex_id": 26 }, "geometry": { "type": "Polygon", "coordinates": [ [ [ 14.463525, 53.400917 ], [ 14.465451, 53.40324 ], [ 14.469781, 53.403405 ], [ 14.472184, 53.401246 ], [ 14.470258, 53.398923 ], [ 14.465929, 53.398758 ], [ 14.463525, 53.400917 ] ] ] } },
{ "type": "Feature", "properties": { "fid": 28, "hex_id": 27 }, "geometry": { "type": "Polygon", "coordinates": [ [ [ 14.459734, 53.497519 ], [ 14.461664, 53.499842 ], [ 14.466004, 53.500008 ], [ 14.468413, 53.497849 ], [ 14.466483, 53.495526 ], [ 14.462144, 53.495361 ], [ 14.459734, 53.497519 ] ] ] } },
{ "type": "Feature", "properties": { "fid": 29, "hex_id": 28 }, "geometry": { "type": "Polygon", "coordinates": [ [ [ 14.460214, 53.493038 ], [ 14.462144, 53.495361 ], [ 14.466483, 53.495526 ], [ 14.468892, 53.493368 ], [ 14.466962, 53.491044 ], [ 14.462623, 53.490879 ], [ 14.460214, 53.493038 ] ] ] } },
{ "type": "Feature", "properties": { "fid": 30, "hex_id": 29 }, "geometry": { "type": "Polygon", "coordinates": [ [ [ 14.460694, 53.488556 ], [ 14.462623, 53.490879 ], [ 14.466962, 53.491044 ], [ 14.469371, 53.488886 ], [ 14.467441, 53.486563 ], [ 14.463103, 53.486398 ], [ 14.460694, 53.488556 ] ] ] } },
{ "type": "Feature", "properties": { "fid": 31, "hex_id": 30 }, "geometry": { "type": "Polygon", "coordinates": [ [ [ 14.461173, 53.484074 ], [ 14.463103, 53.486398 ], [ 14.467441, 53.486563 ], [ 14.469849, 53.484404 ], [ 14.467919, 53.482081 ], [ 14.463582, 53.481916 ], [ 14.461173, 53.484074 ] ] ] } },
{ "type": "Feature", "properties": { "fid": 32, "hex_id": 31 }, "geometry": { "type": "Polygon", "coordinates": [ [ [ 14.461652, 53.479593 ], [ 14.463582, 53.481916 ], [ 14.467919, 53.482081 ], [ 14.470328, 53.479923 ], [ 14.468398, 53.477599 ], [ 14.464061, 53.477435 ], [ 14.461652, 53.479593 ] ] ] } },
{ "type": "Feature", "properties": { "fid": 33, "hex_id": 32 }, "geometry": { "type": "Polygon", "coordinates": [ [ [ 14.462132, 53.475111 ], [ 14.464061, 53.477435 ], [ 14.468398, 53.477599 ], [ 14.470806, 53.475441 ], [ 14.468876, 53.473118 ], [ 14.46454, 53.472953 ], [ 14.462132, 53.475111 ] ] ] } },
{ "type": "Feature", "properties": { "fid": 34, "hex_id": 33 }, "geometry": { "type": "Polygon", "coordinates": [ [ [ 14.462611, 53.47063 ], [ 14.46454, 53.472953 ], [ 14.468876, 53.473118 ], [ 14.471284, 53.470959 ], [ 14.469355, 53.468636 ], [ 14.465018, 53.468471 ], [ 14.462611, 53.47063 ] ] ] } },
{ "type": "Feature", "properties": { "fid": 35, "hex_id": 34 }, "geometry": { "type": "Polygon", "coordinates": [ [ [ 14.46309, 53.466148 ], [ 14.465018, 53.468471 ], [ 14.469355, 53.468636 ], [ 14.471762, 53.466478 ], [ 14.469833, 53.464154 ], [ 14.465497, 53.46399 ], [ 14.46309, 53.466148 ] ] ] } },
{ "type": "Feature", "properties": { "fid": 36, "hex_id": 35 }, "geometry": { "type": "Polygon", "coordinates": [ [ [ 14.463568, 53.461666 ], [ 14.465497, 53.46399 ], [ 14.469833, 53.464154 ], [ 14.47224, 53.461996 ], [ 14.470311, 53.459673 ], [ 14.465975, 53.459508 ], [ 14.463568, 53.461666 ] ] ] } },
{ "type": "Feature", "properties": { "fid": 37, "hex_id": 36 }, "geometry": { "type": "Polygon", "coordinates": [ [ [ 14.464047, 53.457185 ], [ 14.465975, 53.459508 ], [ 14.470311, 53.459673 ], [ 14.472718, 53.457514 ], [ 14.470789, 53.455191 ], [ 14.466454, 53.455026 ], [ 14.464047, 53.457185 ] ] ] } },
{ "type": "Feature", "properties": { "fid": 38, "hex_id": 37 }, "geometry": { "type": "Polygon", "coordinates": [ [ [ 14.464526, 53.452703 ], [ 14.466454, 53.455026 ], [ 14.470789, 53.455191 ], [ 14.473195, 53.453033 ], [ 14.471267, 53.450709 ], [ 14.466932, 53.450545 ], [ 14.464526, 53.452703 ] ] ] } },
{ "type": "Feature", "properties": { "fid": 39, "hex_id": 38 }, "geometry": { "type": "Polygon", "coordinates": [ [ [ 14.465004, 53.448222 ], [ 14.466932, 53.450545 ], [ 14.471267, 53.450709 ], [ 14.473673, 53.448551 ], [ 14.471744, 53.446228 ], [ 14.46741, 53.446063 ], [ 14.465004, 53.448222 ] ] ] } },
{ "type": "Feature", "properties": { "fid": 40, "hex_id": 39 }, "geometry": { "type": "Polygon", "coordinates": [ [ [ 14.465482, 53.44374 ], [ 14.46741, 53.446063 ], [ 14.471744, 53.446228 ], [ 14.47415, 53.444069 ], [ 14.472222, 53.441746 ], [ 14.467888, 53.441581 ], [ 14.465482, 53.44374 ] ] ] } },
{ "type": "Feature", "properties": { "fid": 41, "hex_id": 40 }, "geometry": { "type": "Polygon", "coordinates": [ [ [ 14.46596, 53.439258 ], [ 14.467888, 53.441581 ], [ 14.472222, 53.441746 ], [ 14.474627, 53.439588 ], [ 14.472699, 53.437264 ], [ 14.468366, 53.4371 ], [ 14.46596, 53.439258 ] ] ] } },
{ "type": "Feature", "properties": { "fid": 42, "hex_id": 41 }, "geometry": { "type": "Polygon", "coordinates": [ [ [ 14.467394, 53.425813 ], [ 14.469321, 53.428136 ], [ 14.473654, 53.428301 ], [ 14.476058, 53.426142 ], [ 14.474131, 53.423819 ], [ 14.469799, 53.423655 ], [ 14.467394, 53.425813 ] ] ] } },
{ "type": "Feature", "properties": { "fid": 43, "hex_id": 42 }, "geometry": { "type": "Polygon", "coordinates": [ [ [ 14.467872, 53.421332 ], [ 14.469799, 53.423655 ], [ 14.474131, 53.423819 ], [ 14.476535, 53.421661 ], [ 14.474608, 53.419338 ], [ 14.470276, 53.419173 ], [ 14.467872, 53.421332 ] ] ] } },
{ "type": "Feature", "properties": { "fid": 44, "hex_id": 43 }, "geometry": { "type": "Polygon", "coordinates": [ [ [ 14.468349, 53.41685 ], [ 14.470276, 53.419173 ], [ 14.474608, 53.419338 ], [ 14.477012, 53.417179 ], [ 14.475084, 53.414856 ], [ 14.470753, 53.414691 ], [ 14.468349, 53.41685 ] ] ] } },
{ "type": "Feature", "properties": { "fid": 45, "hex_id": 44 }, "geometry": { "type": "Polygon", "coordinates": [ [ [ 14.469304, 53.407887 ], [ 14.47123, 53.41021 ], [ 14.475561, 53.410374 ], [ 14.477964, 53.408215 ], [ 14.476038, 53.405892 ], [ 14.471707, 53.405728 ], [ 14.469304, 53.407887 ] ] ] } },
{ "type": "Feature", "properties": { "fid": 46, "hex_id": 45 }, "geometry": { "type": "Polygon", "coordinates": [ [ [ 14.469781, 53.403405 ], [ 14.471707, 53.405728 ], [ 14.476038, 53.405892 ], [ 14.478441, 53.403734 ], [ 14.476514, 53.401411 ], [ 14.472184, 53.401246 ], [ 14.469781, 53.403405 ] ] ] } },
{ "type": "Feature", "properties": { "fid": 47, "hex_id": 46 }, "geometry": { "type": "Polygon", "coordinates": [ [ [ 14.470258, 53.398923 ], [ 14.472184, 53.401246 ], [ 14.476514, 53.401411 ], [ 14.478917, 53.399252 ], [ 14.47699, 53.396929 ], [ 14.472661, 53.396765 ], [ 14.470258, 53.398923 ] ] ] } },
{ "type": "Feature", "properties": { "fid": 48, "hex_id": 47 }, "geometry": { "type": "Polygon", "coordinates": [ [ [ 14.466483, 53.495526 ], [ 14.468413, 53.497849 ], [ 14.472753, 53.498014 ], [ 14.475161, 53.495855 ], [ 14.473231, 53.493532 ], [ 14.468892, 53.493368 ], [ 14.466483, 53.495526 ] ] ] } },
{ "type": "Feature", "properties": { "fid": 49, "hex_id": 48 }, "geometry": { "type": "Polygon", "coordinates": [ [ [ 14.466962, 53.491044 ], [ 14.468892, 53.493368 ], [ 14.473231, 53.493532 ], [ 14.475639, 53.491374 ], [ 14.473709, 53.489051 ], [ 14.469371, 53.488886 ], [ 14.466962, 53.491044 ] ] ] } },
{ "type": "Feature", "properties": { "fid": 50, "hex_id": 49 }, "geometry": { "type": "Polygon", "coordinates": [ [ [ 14.467441, 53.486563 ], [ 14.469371, 53.488886 ], [ 14.473709, 53.489051 ], [ 14.476117, 53.486892 ], [ 14.474187, 53.484569 ], [ 14.469849, 53.484404 ], [ 14.467441, 53.486563 ] ] ] } },
{ "type": "Feature", "properties": { "fid": 51, "hex_id": 50 }, "geometry": { "type": "Polygon", "coordinates": [ [ [ 14.467919, 53.482081 ], [ 14.469849, 53.484404 ], [ 14.474187, 53.484569 ], [ 14.476595, 53.48241 ], [ 14.474665, 53.480087 ], [ 14.470328, 53.479923 ], [ 14.467919, 53.482081 ] ] ] } },
{ "type": "Feature", "properties": { "fid": 52, "hex_id": 51 }, "geometry": { "type": "Polygon", "coordinates": [ [ [ 14.468398, 53.477599 ], [ 14.470328, 53.479923 ], [ 14.474665, 53.480087 ], [ 14.477073, 53.477929 ], [ 14.475143, 53.475606 ], [ 14.470806, 53.475441 ], [ 14.468398, 53.477599 ] ] ] } },
{ "type": "Feature", "properties": { "fid": 53, "hex_id": 52 }, "geometry": { "type": "Polygon", "coordinates": [ [ [ 14.468876, 53.473118 ], [ 14.470806, 53.475441 ], [ 14.475143, 53.475606 ], [ 14.47755, 53.473447 ], [ 14.475621, 53.471124 ], [ 14.471284, 53.470959 ], [ 14.468876, 53.473118 ] ] ] } },
{ "type": "Feature", "properties": { "fid": 54, "hex_id": 53 }, "geometry": { "type": "Polygon", "coordinates": [ [ [ 14.469355, 53.468636 ], [ 14.471284, 53.470959 ], [ 14.475621, 53.471124 ], [ 14.478028, 53.468965 ], [ 14.476098, 53.466642 ], [ 14.471762, 53.466478 ], [ 14.469355, 53.468636 ] ] ] } },
{ "type": "Feature", "properties": { "fid": 55, "hex_id": 54 }, "geometry": { "type": "Polygon", "coordinates": [ [ [ 14.469833, 53.464154 ], [ 14.471762, 53.466478 ], [ 14.476098, 53.466642 ], [ 14.478505, 53.464484 ], [ 14.476576, 53.462161 ], [ 14.47224, 53.461996 ], [ 14.469833, 53.464154 ] ] ] } },
{ "type": "Feature", "properties": { "fid": 56, "hex_id": 55 }, "geometry": { "type": "Polygon", "coordinates": [ [ [ 14.470311, 53.459673 ], [ 14.47224, 53.461996 ], [ 14.476576, 53.462161 ], [ 14.478982, 53.460002 ], [ 14.477053, 53.457679 ], [ 14.472718, 53.457514 ], [ 14.470311, 53.459673 ] ] ] } },
{ "type": "Feature", "properties": { "fid": 57, "hex_id": 56 }, "geometry": { "type": "Polygon", "coordinates": [ [ [ 14.470789, 53.455191 ], [ 14.472718, 53.457514 ], [ 14.477053, 53.457679 ], [ 14.479459, 53.45552 ], [ 14.47753, 53.453197 ], [ 14.473195, 53.453033 ], [ 14.470789, 53.455191 ] ] ] } },
{ "type": "Feature", "properties": { "fid": 58, "hex_id": 57 }, "geometry": { "type": "Polygon", "coordinates": [ [ [ 14.471267, 53.450709 ], [ 14.473195, 53.453033 ], [ 14.47753, 53.453197 ], [ 14.479936, 53.451038 ], [ 14.478007, 53.448715 ], [ 14.473673, 53.448551 ], [ 14.471267, 53.450709 ] ] ] } },
{ "type": "Feature", "properties": { "fid": 59, "hex_id": 58 }, "geometry": { "type": "Polygon", "coordinates": [ [ [ 14.471744, 53.446228 ], [ 14.473673, 53.448551 ], [ 14.478007, 53.448715 ], [ 14.480413, 53.446557 ], [ 14.478484, 53.444234 ], [ 14.47415, 53.444069 ], [ 14.471744, 53.446228 ] ] ] } },
{ "type": "Feature", "properties": { "fid": 60, "hex_id": 59 }, "geometry": { "type": "Polygon", "coordinates": [ [ [ 14.472222, 53.441746 ], [ 14.47415, 53.444069 ], [ 14.478484, 53.444234 ], [ 14.480889, 53.442075 ], [ 14.478961, 53.439752 ], [ 14.474627, 53.439588 ], [ 14.472222, 53.441746 ] ] ] } },
{ "type": "Feature", "properties": { "fid": 61, "hex_id": 60 }, "geometry": { "type": "Polygon", "coordinates": [ [ [ 14.472699, 53.437264 ], [ 14.474627, 53.439588 ], [ 14.478961, 53.439752 ], [ 14.481366, 53.437593 ], [ 14.479438, 53.43527 ], [ 14.475104, 53.435106 ], [ 14.472699, 53.437264 ] ] ] } },
{ "type": "Feature", "properties": { "fid": 62, "hex_id": 61 }, "geometry": { "type": "Polygon", "coordinates": [ [ [ 14.473177, 53.432783 ], [ 14.475104, 53.435106 ], [ 14.479438, 53.43527 ], [ 14.481842, 53.433111 ], [ 14.479914, 53.430788 ], [ 14.475581, 53.430624 ], [ 14.473177, 53.432783 ] ] ] } },
{ "type": "Feature", "properties": { "fid": 63, "hex_id": 62 }, "geometry": { "type": "Polygon", "coordinates": [ [ [ 14.473654, 53.428301 ], [ 14.475581, 53.430624 ], [ 14.479914, 53.430788 ], [ 14.482318, 53.42863 ], [ 14.48039, 53.426307 ], [ 14.476058, 53.426142 ], [ 14.473654, 53.428301 ] ] ] } },
{ "type": "Feature", "properties": { "fid": 64, "hex_id": 63 }, "geometry": { "type": "Polygon", "coordinates": [ [ [ 14.474131, 53.423819 ], [ 14.476058, 53.426142 ], [ 14.48039, 53.426307 ], [ 14.482795, 53.424148 ], [ 14.480867, 53.421825 ], [ 14.476535, 53.421661 ], [ 14.474131, 53.423819 ] ] ] } },
{ "type": "Feature", "properties": { "fid": 65, "hex_id": 64 }, "geometry": { "type": "Polygon", "coordinates": [ [ [ 14.474608, 53.419338 ], [ 14.476535, 53.421661 ], [ 14.480867, 53.421825 ], [ 14.483271, 53.419666 ], [ 14.481343, 53.417343 ], [ 14.477012, 53.417179 ], [ 14.474608, 53.419338 ] ] ] } },
{ "type": "Feature", "properties": { "fid": 66, "hex_id": 65 }, "geometry": { "type": "Polygon", "coordinates": [ [ [ 14.475084, 53.414856 ], [ 14.477012, 53.417179 ], [ 14.481343, 53.417343 ], [ 14.483746, 53.415184 ], [ 14.481819, 53.412861 ], [ 14.477488, 53.412697 ], [ 14.475084, 53.414856 ] ] ] } },
{ "type": "Feature", "properties": { "fid": 67, "hex_id": 66 }, "geometry": { "type": "Polygon", "coordinates": [ [ [ 14.476038, 53.405892 ], [ 14.477964, 53.408215 ], [ 14.482295, 53.40838 ], [ 14.484698, 53.406221 ], [ 14.482771, 53.403898 ], [ 14.478441, 53.403734 ], [ 14.476038, 53.405892 ] ] ] } },
{ "type": "Feature", "properties": { "fid": 68, "hex_id": 67 }, "geometry": { "type": "Polygon", "coordinates": [ [ [ 14.476514, 53.401411 ], [ 14.478441, 53.403734 ], [ 14.482771, 53.403898 ], [ 14.485173, 53.401739 ], [ 14.483246, 53.399416 ], [ 14.478917, 53.399252 ], [ 14.476514, 53.401411 ] ] ] } },
{ "type": "Feature", "properties": { "fid": 69, "hex_id": 68 }, "geometry": { "type": "Polygon", "coordinates": [ [ [ 14.47699, 53.396929 ], [ 14.478917, 53.399252 ], [ 14.483246, 53.399416 ], [ 14.485649, 53.397257 ], [ 14.483722, 53.394934 ], [ 14.479393, 53.39477 ], [ 14.47699, 53.396929 ] ] ] } },
{ "type": "Feature", "properties": { "fid": 70, "hex_id": 69 }, "geometry": { "type": "Polygon", "coordinates": [ [ [ 14.477466, 53.392447 ], [ 14.479393, 53.39477 ], [ 14.483722, 53.394934 ], [ 14.486124, 53.392775 ], [ 14.484197, 53.390453 ], [ 14.479869, 53.390288 ], [ 14.477466, 53.392447 ] ] ] } },
{ "type": "Feature", "properties": { "fid": 71, "hex_id": 70 }, "geometry": { "type": "Polygon", "coordinates": [ [ [ 14.473231, 53.493532 ], [ 14.475161, 53.495855 ], [ 14.479501, 53.49602 ], [ 14.481909, 53.493861 ], [ 14.479978, 53.491538 ], [ 14.475639, 53.491374 ], [ 14.473231, 53.493532 ] ] ] } },
{ "type": "Feature", "properties": { "fid": 72, "hex_id": 71 }, "geometry": { "type": "Polygon", "coordinates": [ [ [ 14.473709, 53.489051 ], [ 14.475639, 53.491374 ], [ 14.479978, 53.491538 ], [ 14.482386, 53.48938 ], [ 14.480456, 53.487057 ], [ 14.476117, 53.486892 ], [ 14.473709, 53.489051 ] ] ] } },
{ "type": "Feature", "properties": { "fid": 73, "hex_id": 72 }, "geometry": { "type": "Polygon", "coordinates": [ [ [ 14.474187, 53.484569 ], [ 14.476117, 53.486892 ], [ 14.480456, 53.487057 ], [ 14.482864, 53.484898 ], [ 14.480933, 53.482575 ], [ 14.476595, 53.48241 ], [ 14.474187, 53.484569 ] ] ] } },
{ "type": "Feature", "properties": { "fid": 74, "hex_id": 73 }, "geometry": { "type": "Polygon", "coordinates": [ [ [ 14.474665, 53.480087 ], [ 14.476595, 53.48241 ], [ 14.480933, 53.482575 ], [ 14.483341, 53.480416 ], [ 14.48141, 53.478093 ], [ 14.477073, 53.477929 ], [ 14.474665, 53.480087 ] ] ] } },
{ "type": "Feature", "properties": { "fid": 75, "hex_id": 74 }, "geometry": { "type": "Polygon", "coordinates": [ [ [ 14.475143, 53.475606 ], [ 14.477073, 53.477929 ], [ 14.48141, 53.478093 ], [ 14.483817, 53.475934 ], [ 14.481887, 53.473611 ], [ 14.47755, 53.473447 ], [ 14.475143, 53.475606 ] ] ] } },
{ "type": "Feature", "properties": { "fid": 76, "hex_id": 75 }, "geometry": { "type": "Polygon", "coordinates": [ [ [ 14.475621, 53.471124 ], [ 14.47755, 53.473447 ], [ 14.481887, 53.473611 ], [ 14.484294, 53.471453 ], [ 14.482364, 53.46913 ], [ 14.478028, 53.468965 ], [ 14.475621, 53.471124 ] ] ] } },
{ "type": "Feature", "properties": { "fid": 77, "hex_id": 76 }, "geometry": { "type": "Polygon", "coordinates": [ [ [ 14.476098, 53.466642 ], [ 14.478028, 53.468965 ], [ 14.482364, 53.46913 ], [ 14.484771, 53.466971 ], [ 14.482841, 53.464648 ], [ 14.478505, 53.464484 ], [ 14.476098, 53.466642 ] ] ] } },
{ "type": "Feature", "properties": { "fid": 78, "hex_id": 77 }, "geometry": { "type": "Polygon", "coordinates": [ [ [ 14.476576, 53.462161 ], [ 14.478505, 53.464484 ], [ 14.482841, 53.464648 ], [ 14.485247, 53.462489 ], [ 14.483318, 53.460166 ], [ 14.478982, 53.460002 ], [ 14.476576, 53.462161 ] ] ] } },
{ "type": "Feature", "properties": { "fid": 79, "hex_id": 78 }, "geometry": { "type": "Polygon", "coordinates": [ [ [ 14.477053, 53.457679 ], [ 14.478982, 53.460002 ], [ 14.483318, 53.460166 ], [ 14.485724, 53.458007 ], [ 14.483794, 53.455684 ], [ 14.479459, 53.45552 ], [ 14.477053, 53.457679 ] ] ] } },
{ "type": "Feature", "properties": { "fid": 80, "hex_id": 79 }, "geometry": { "type": "Polygon", "coordinates": [ [ [ 14.47753, 53.453197 ], [ 14.479459, 53.45552 ], [ 14.483794, 53.455684 ], [ 14.4862, 53.453526 ], [ 14.484271, 53.451203 ], [ 14.479936, 53.451038 ], [ 14.47753, 53.453197 ] ] ] } },
{ "type": "Feature", "properties": { "fid": 81, "hex_id": 80 }, "geometry": { "type": "Polygon", "coordinates": [ [ [ 14.478007, 53.448715 ], [ 14.479936, 53.451038 ], [ 14.484271, 53.451203 ], [ 14.486676, 53.449044 ], [ 14.484747, 53.446721 ], [ 14.480413, 53.446557 ], [ 14.478007, 53.448715 ] ] ] } },
{ "type": "Feature", "properties": { "fid": 82, "hex_id": 81 }, "geometry": { "type": "Polygon", "coordinates": [ [ [ 14.478484, 53.444234 ], [ 14.480413, 53.446557 ], [ 14.484747, 53.446721 ], [ 14.487152, 53.444562 ], [ 14.485223, 53.442239 ], [ 14.480889, 53.442075 ], [ 14.478484, 53.444234 ] ] ] } },
{ "type": "Feature", "properties": { "fid": 83, "hex_id": 82 }, "geometry": { "type": "Polygon", "coordinates": [ [ [ 14.478961, 53.439752 ], [ 14.480889, 53.442075 ], [ 14.485223, 53.442239 ], [ 14.487628, 53.44008 ], [ 14.485699, 53.437757 ], [ 14.481366, 53.437593 ], [ 14.478961, 53.439752 ] ] ] } },
{ "type": "Feature", "properties": { "fid": 84, "hex_id": 83 }, "geometry": { "type": "Polygon", "coordinates": [ [ [ 14.479438, 53.43527 ], [ 14.481366, 53.437593 ], [ 14.485699, 53.437757 ], [ 14.488104, 53.435599 ], [ 14.486175, 53.433276 ], [ 14.481842, 53.433111 ], [ 14.479438, 53.43527 ] ] ] } },
{ "type": "Feature", "properties": { "fid": 85, "hex_id": 84 }, "geometry": { "type": "Polygon", "coordinates": [ [ [ 14.479914, 53.430788 ], [ 14.481842, 53.433111 ], [ 14.486175, 53.433276 ], [ 14.488579, 53.431117 ], [ 14.486651, 53.428794 ], [ 14.482318, 53.42863 ], [ 14.479914, 53.430788 ] ] ] } },
{ "type": "Feature", "properties": { "fid": 86, "hex_id": 85 }, "geometry": { "type": "Polygon", "coordinates": [ [ [ 14.48039, 53.426307 ], [ 14.482318, 53.42863 ], [ 14.486651, 53.428794 ], [ 14.489055, 53.426635 ], [ 14.487127, 53.424312 ], [ 14.482795, 53.424148 ], [ 14.48039, 53.426307 ] ] ] } },
{ "type": "Feature", "properties": { "fid": 87, "hex_id": 86 }, "geometry": { "type": "Polygon", "coordinates": [ [ [ 14.480867, 53.421825 ], [ 14.482795, 53.424148 ], [ 14.487127, 53.424312 ], [ 14.48953, 53.422153 ], [ 14.487602, 53.41983 ], [ 14.483271, 53.419666 ], [ 14.480867, 53.421825 ] ] ] } },
{ "type": "Feature", "properties": { "fid": 88, "hex_id": 87 }, "geometry": { "type": "Polygon", "coordinates": [ [ [ 14.481343, 53.417343 ], [ 14.483271, 53.419666 ], [ 14.487602, 53.41983 ], [ 14.490006, 53.417671 ], [ 14.488078, 53.415348 ], [ 14.483746, 53.415184 ], [ 14.481343, 53.417343 ] ] ] } },
{ "type": "Feature", "properties": { "fid": 89, "hex_id": 88 }, "geometry": { "type": "Polygon", "coordinates": [ [ [ 14.481819, 53.412861 ], [ 14.483746, 53.415184 ], [ 14.488078, 53.415348 ], [ 14.490481, 53.41319 ], [ 14.488553, 53.410867 ], [ 14.484222, 53.410703 ], [ 14.481819, 53.412861 ] ] ] } },
{ "type": "Feature", "properties": { "fid": 90, "hex_id": 89 }, "geometry": { "type": "Polygon", "coordinates": [ [ [ 14.482295, 53.40838 ], [ 14.484222, 53.410703 ], [ 14.488553, 53.410867 ], [ 14.490956, 53.408708 ], [ 14.489028, 53.406385 ], [ 14.484698, 53.406221 ], [ 14.482295, 53.40838 ] ] ] } },
{ "type": "Feature", "properties": { "fid": 91, "hex_id": 90 }, "geometry": { "type": "Polygon", "coordinates": [ [ [ 14.482771, 53.403898 ], [ 14.484698, 53.406221 ], [ 14.489028, 53.406385 ], [ 14.491431, 53.404226 ], [ 14.489503, 53.401903 ], [ 14.485173, 53.401739 ], [ 14.482771, 53.403898 ] ] ] } },
{ "type": "Feature", "properties": { "fid": 92, "hex_id": 91 }, "geometry": { "type": "Polygon", "coordinates": [ [ [ 14.483246, 53.399416 ], [ 14.485173, 53.401739 ], [ 14.489503, 53.401903 ], [ 14.491905, 53.399744 ], [ 14.489978, 53.397421 ], [ 14.485649, 53.397257 ], [ 14.483246, 53.399416 ] ] ] } },
{ "type": "Feature", "properties": { "fid": 93, "hex_id": 92 }, "geometry": { "type": "Polygon", "coordinates": [ [ [ 14.483722, 53.394934 ], [ 14.485649, 53.397257 ], [ 14.489978, 53.397421 ], [ 14.49238, 53.395262 ], [ 14.490453, 53.392939 ], [ 14.486124, 53.392775 ], [ 14.483722, 53.394934 ] ] ] } },
{ "type": "Feature", "properties": { "fid": 94, "hex_id": 93 }, "geometry": { "type": "Polygon", "coordinates": [ [ [ 14.484197, 53.390453 ], [ 14.486124, 53.392775 ], [ 14.490453, 53.392939 ], [ 14.492854, 53.39078 ], [ 14.490927, 53.388458 ], [ 14.486599, 53.388294 ], [ 14.484197, 53.390453 ] ] ] } },
{ "type": "Feature", "properties": { "fid": 95, "hex_id": 94 }, "geometry": { "type": "Polygon", "coordinates": [ [ [ 14.479501, 53.49602 ], [ 14.481432, 53.498343 ], [ 14.485771, 53.498507 ], [ 14.488179, 53.496348 ], [ 14.486248, 53.494026 ], [ 14.481909, 53.493861 ], [ 14.479501, 53.49602 ] ] ] } },
{ "type": "Feature", "properties": { "fid": 96, "hex_id": 95 }, "geometry": { "type": "Polygon", "coordinates": [ [ [ 14.479978, 53.491538 ], [ 14.481909, 53.493861 ], [ 14.486248, 53.494026 ], [ 14.488656, 53.491867 ], [ 14.486725, 53.489544 ], [ 14.482386, 53.48938 ], [ 14.479978, 53.491538 ] ] ] } },
{ "type": "Feature", "properties": { "fid": 97, "hex_id": 96 }, "geometry": { "type": "Polygon", "coordinates": [ [ [ 14.480456, 53.487057 ], [ 14.482386, 53.48938 ], [ 14.486725, 53.489544 ], [ 14.489133, 53.487385 ], [ 14.487202, 53.485062 ], [ 14.482864, 53.484898 ], [ 14.480456, 53.487057 ] ] ] } },
{ "type": "Feature", "properties": { "fid": 98, "hex_id": 97 }, "geometry": { "type": "Polygon", "coordinates": [ [ [ 14.480933, 53.482575 ], [ 14.482864, 53.484898 ], [ 14.487202, 53.485062 ], [ 14.489609, 53.482903 ], [ 14.487678, 53.48058 ], [ 14.483341, 53.480416 ], [ 14.480933, 53.482575 ] ] ] } },
{ "type": "Feature", "properties": { "fid": 99, "hex_id": 98 }, "geometry": { "type": "Polygon", "coordinates": [ [ [ 14.48141, 53.478093 ], [ 14.483341, 53.480416 ], [ 14.487678, 53.48058 ], [ 14.490085, 53.478421 ], [ 14.488155, 53.476099 ], [ 14.483817, 53.475934 ], [ 14.48141, 53.478093 ] ] ] } },
{ "type": "Feature", "properties": { "fid": 100, "hex_id": 99 }, "geometry": { "type": "Polygon", "coordinates": [ [ [ 14.481887, 53.473611 ], [ 14.483817, 53.475934 ], [ 14.488155, 53.476099 ], [ 14.490561, 53.47394 ], [ 14.488631, 53.471617 ], [ 14.484294, 53.471453 ], [ 14.481887, 53.473611 ] ] ] } },
{ "type": "Feature", "properties": { "fid": 101, "hex_id": 100 }, "geometry": { "type": "Polygon", "coordinates": [ [ [ 14.482364, 53.46913 ], [ 14.484294, 53.471453 ], [ 14.488631, 53.471617 ], [ 14.491037, 53.469458 ], [ 14.489107, 53.467135 ], [ 14.484771, 53.466971 ], [ 14.482364, 53.46913 ] ] ] } },
{ "type": "Feature", "properties": { "fid": 102, "hex_id": 101 }, "geometry": { "type": "Polygon", "coordinates": [ [ [ 14.482841, 53.464648 ], [ 14.484771, 53.466971 ], [ 14.489107, 53.467135 ], [ 14.491513, 53.464976 ], [ 14.489583, 53.462653 ], [ 14.485247, 53.462489 ], [ 14.482841, 53.464648 ] ] ] } },
{ "type": "Feature", "properties": { "fid": 103, "hex_id": 102 }, "geometry": { "type": "Polygon", "coordinates": [ [ [ 14.483318, 53.460166 ], [ 14.485247, 53.462489 ], [ 14.489583, 53.462653 ], [ 14.491989, 53.460494 ], [ 14.490059, 53.458171 ], [ 14.485724, 53.458007 ], [ 14.483318, 53.460166 ] ] ] } },
{ "type": "Feature", "properties": { "fid": 104, "hex_id": 103 }, "geometry": { "type": "Polygon", "coordinates": [ [ [ 14.483794, 53.455684 ], [ 14.485724, 53.458007 ], [ 14.490059, 53.458171 ], [ 14.492465, 53.456013 ], [ 14.490535, 53.45369 ], [ 14.4862, 53.453526 ], [ 14.483794, 53.455684 ] ] ] } },
{ "type": "Feature", "properties": { "fid": 105, "hex_id": 104 }, "geometry": { "type": "Polygon", "coordinates": [ [ [ 14.484271, 53.451203 ], [ 14.4862, 53.453526 ], [ 14.490535, 53.45369 ], [ 14.49294, 53.451531 ], [ 14.491011, 53.449208 ], [ 14.486676, 53.449044 ], [ 14.484271, 53.451203 ] ] ] } },
{ "type": "Feature", "properties": { "fid": 106, "hex_id": 105 }, "geometry": { "type": "Polygon", "coordinates": [ [ [ 14.484747, 53.446721 ], [ 14.486676, 53.449044 ], [ 14.491011, 53.449208 ], [ 14.493416, 53.447049 ], [ 14.491486, 53.444726 ], [ 14.487152, 53.444562 ], [ 14.484747, 53.446721 ] ] ] } },
{ "type": "Feature", "properties": { "fid": 107, "hex_id": 106 }, "geometry": { "type": "Polygon", "coordinates": [ [ [ 14.485223, 53.442239 ], [ 14.487152, 53.444562 ], [ 14.491486, 53.444726 ], [ 14.493891, 53.442567 ], [ 14.491962, 53.440244 ], [ 14.487628, 53.44008 ], [ 14.485223, 53.442239 ] ] ] } },
{ "type": "Feature", "properties": { "fid": 108, "hex_id": 107 }, "geometry": { "type": "Polygon", "coordinates": [ [ [ 14.485699, 53.437757 ], [ 14.487628, 53.44008 ], [ 14.491962, 53.440244 ], [ 14.494366, 53.438085 ], [ 14.492437, 53.435762 ], [ 14.488104, 53.435599 ], [ 14.485699, 53.437757 ] ] ] } },
{ "type": "Feature", "properties": { "fid": 109, "hex_id": 108 }, "geometry": { "type": "Polygon", "coordinates": [ [ [ 14.486175, 53.433276 ], [ 14.488104, 53.435599 ], [ 14.492437, 53.435762 ], [ 14.494841, 53.433603 ], [ 14.492912, 53.431281 ], [ 14.488579, 53.431117 ], [ 14.486175, 53.433276 ] ] ] } },
{ "type": "Feature", "properties": { "fid": 110, "hex_id": 109 }, "geometry": { "type": "Polygon", "coordinates": [ [ [ 14.486651, 53.428794 ], [ 14.488579, 53.431117 ], [ 14.492912, 53.431281 ], [ 14.495316, 53.429122 ], [ 14.493387, 53.426799 ], [ 14.489055, 53.426635 ], [ 14.486651, 53.428794 ] ] ] } },
{ "type": "Feature", "properties": { "fid": 111, "hex_id": 110 }, "geometry": { "type": "Polygon", "coordinates": [ [ [ 14.487127, 53.424312 ], [ 14.489055, 53.426635 ], [ 14.493387, 53.426799 ], [ 14.495791, 53.42464 ], [ 14.493862, 53.422317 ], [ 14.48953, 53.422153 ], [ 14.487127, 53.424312 ] ] ] } },
{ "type": "Feature", "properties": { "fid": 112, "hex_id": 111 }, "geometry": { "type": "Polygon", "coordinates": [ [ [ 14.487602, 53.41983 ], [ 14.48953, 53.422153 ], [ 14.493862, 53.422317 ], [ 14.496265, 53.420158 ], [ 14.494337, 53.417835 ], [ 14.490006, 53.417671 ], [ 14.487602, 53.41983 ] ] ] } },
{ "type": "Feature", "properties": { "fid": 113, "hex_id": 112 }, "geometry": { "type": "Polygon", "coordinates": [ [ [ 14.488078, 53.415348 ], [ 14.490006, 53.417671 ], [ 14.494337, 53.417835 ], [ 14.49674, 53.415676 ], [ 14.494812, 53.413353 ], [ 14.490481, 53.41319 ], [ 14.488078, 53.415348 ] ] ] } },
{ "type": "Feature", "properties": { "fid": 114, "hex_id": 113 }, "geometry": { "type": "Polygon", "coordinates": [ [ [ 14.488553, 53.410867 ], [ 14.490481, 53.41319 ], [ 14.494812, 53.413353 ], [ 14.497214, 53.411194 ], [ 14.495286, 53.408871 ], [ 14.490956, 53.408708 ], [ 14.488553, 53.410867 ] ] ] } },
{ "type": "Feature", "properties": { "fid": 115, "hex_id": 114 }, "geometry": { "type": "Polygon", "coordinates": [ [ [ 14.489028, 53.406385 ], [ 14.490956, 53.408708 ], [ 14.495286, 53.408871 ], [ 14.497688, 53.406712 ], [ 14.495761, 53.40439 ], [ 14.491431, 53.404226 ], [ 14.489028, 53.406385 ] ] ] } },
{ "type": "Feature", "properties": { "fid": 116, "hex_id": 115 }, "geometry": { "type": "Polygon", "coordinates": [ [ [ 14.489503, 53.401903 ], [ 14.491431, 53.404226 ], [ 14.495761, 53.40439 ], [ 14.498163, 53.40223 ], [ 14.496235, 53.399908 ], [ 14.491905, 53.399744 ], [ 14.489503, 53.401903 ] ] ] } },
{ "type": "Feature", "properties": { "fid": 117, "hex_id": 116 }, "geometry": { "type": "Polygon", "coordinates": [ [ [ 14.489978, 53.397421 ], [ 14.491905, 53.399744 ], [ 14.496235, 53.399908 ], [ 14.498637, 53.397749 ], [ 14.496709, 53.395426 ], [ 14.49238, 53.395262 ], [ 14.489978, 53.397421 ] ] ] } },
{ "type": "Feature", "properties": { "fid": 118, "hex_id": 117 }, "geometry": { "type": "Polygon", "coordinates": [ [ [ 14.490453, 53.392939 ], [ 14.49238, 53.395262 ], [ 14.496709, 53.395426 ], [ 14.49911, 53.393267 ], [ 14.497183, 53.390944 ], [ 14.492854, 53.39078 ], [ 14.490453, 53.392939 ] ] ] } },
{ "type": "Feature", "properties": { "fid": 119, "hex_id": 118 }, "geometry": { "type": "Polygon", "coordinates": [ [ [ 14.486248, 53.494026 ], [ 14.488179, 53.496348 ], [ 14.492519, 53.496513 ], [ 14.494926, 53.494354 ], [ 14.492995, 53.492031 ], [ 14.488656, 53.491867 ], [ 14.486248, 53.494026 ] ] ] } },
{ "type": "Feature", "properties": { "fid": 120, "hex_id": 119 }, "geometry": { "type": "Polygon", "coordinates": [ [ [ 14.486725, 53.489544 ], [ 14.488656, 53.491867 ], [ 14.492995, 53.492031 ], [ 14.495402, 53.489872 ], [ 14.493471, 53.487549 ], [ 14.489133, 53.487385 ], [ 14.486725, 53.489544 ] ] ] } },
{ "type": "Feature", "properties": { "fid": 121, "hex_id": 120 }, "geometry": { "type": "Polygon", "coordinates": [ [ [ 14.487202, 53.485062 ], [ 14.489133, 53.487385 ], [ 14.493471, 53.487549 ], [ 14.495878, 53.48539 ], [ 14.493947, 53.483067 ], [ 14.489609, 53.482903 ], [ 14.487202, 53.485062 ] ] ] } },
{ "type": "Feature", "properties": { "fid": 122, "hex_id": 121 }, "geometry": { "type": "Polygon", "coordinates": [ [ [ 14.487678, 53.48058 ], [ 14.489609, 53.482903 ], [ 14.493947, 53.483067 ], [ 14.496354, 53.480908 ], [ 14.494423, 53.478585 ], [ 14.490085, 53.478421 ], [ 14.487678, 53.48058 ] ] ] } },
{ "type": "Feature", "properties": { "fid": 123, "hex_id": 122 }, "geometry": { "type": "Polygon", "coordinates": [ [ [ 14.488155, 53.476099 ], [ 14.490085, 53.478421 ], [ 14.494423, 53.478585 ], [ 14.496829, 53.476426 ], [ 14.494899, 53.474104 ], [ 14.490561, 53.47394 ], [ 14.488155, 53.476099 ] ] ] } },
{ "type": "Feature", "properties": { "fid": 124, "hex_id": 123 }, "geometry": { "type": "Polygon", "coordinates": [ [ [ 14.488631, 53.471617 ], [ 14.490561, 53.47394 ], [ 14.494899, 53.474104 ], [ 14.497305, 53.471945 ], [ 14.495374, 53.469622 ], [ 14.491037, 53.469458 ], [ 14.488631, 53.471617 ] ] ] } },
{ "type": "Feature", "properties": { "fid": 125, "hex_id": 124 }, "geometry": { "type": "Polygon", "coordinates": [ [ [ 14.489107, 53.467135 ], [ 14.491037, 53.469458 ], [ 14.495374, 53.469622 ], [ 14.49778, 53.467463 ], [ 14.49585, 53.46514 ], [ 14.491513, 53.464976 ], [ 14.489107, 53.467135 ] ] ] } },
{ "type": "Feature", "properties": { "fid": 126, "hex_id": 125 }, "geometry": { "type": "Polygon", "coordinates": [ [ [ 14.489583, 53.462653 ], [ 14.491513, 53.464976 ], [ 14.49585, 53.46514 ], [ 14.498255, 53.462981 ], [ 14.496325, 53.460658 ], [ 14.491989, 53.460494 ], [ 14.489583, 53.462653 ] ] ] } },
{ "type": "Feature", "properties": { "fid": 127, "hex_id": 126 }, "geometry": { "type": "Polygon", "coordinates": [ [ [ 14.490059, 53.458171 ], [ 14.491989, 53.460494 ], [ 14.496325, 53.460658 ], [ 14.49873, 53.458499 ], [ 14.4968, 53.456176 ], [ 14.492465, 53.456013 ], [ 14.490059, 53.458171 ] ] ] } },
{ "type": "Feature", "properties": { "fid": 128, "hex_id": 127 }, "geometry": { "type": "Polygon", "coordinates": [ [ [ 14.490535, 53.45369 ], [ 14.492465, 53.456013 ], [ 14.4968, 53.456176 ], [ 14.499205, 53.454017 ], [ 14.497275, 53.451695 ], [ 14.49294, 53.451531 ], [ 14.490535, 53.45369 ] ] ] } },
{ "type": "Feature", "properties": { "fid": 129, "hex_id": 128 }, "geometry": { "type": "Polygon", "coordinates": [ [ [ 14.491011, 53.449208 ], [ 14.49294, 53.451531 ], [ 14.497275, 53.451695 ], [ 14.49968, 53.449535 ], [ 14.49775, 53.447213 ], [ 14.493416, 53.447049 ], [ 14.491011, 53.449208 ] ] ] } },
{ "type": "Feature", "properties": { "fid": 130, "hex_id": 129 }, "geometry": { "type": "Polygon", "coordinates": [ [ [ 14.491486, 53.444726 ], [ 14.493416, 53.447049 ], [ 14.49775, 53.447213 ], [ 14.500155, 53.445054 ], [ 14.498225, 53.442731 ], [ 14.493891, 53.442567 ], [ 14.491486, 53.444726 ] ] ] } },
{ "type": "Feature", "properties": { "fid": 131, "hex_id": 130 }, "geometry": { "type": "Polygon", "coordinates": [ [ [ 14.491962, 53.440244 ], [ 14.493891, 53.442567 ], [ 14.498225, 53.442731 ], [ 14.500629, 53.440572 ], [ 14.4987, 53.438249 ], [ 14.494366, 53.438085 ], [ 14.491962, 53.440244 ] ] ] } },
{ "type": "Feature", "properties": { "fid": 132, "hex_id": 131 }, "geometry": { "type": "Polygon", "coordinates": [ [ [ 14.492437, 53.435762 ], [ 14.494366, 53.438085 ], [ 14.4987, 53.438249 ], [ 14.501104, 53.43609 ], [ 14.499174, 53.433767 ], [ 14.494841, 53.433603 ], [ 14.492437, 53.435762 ] ] ] } },
{ "type": "Feature", "properties": { "fid": 133, "hex_id": 132 }, "geometry": { "type": "Polygon", "coordinates": [ [ [ 14.492912, 53.431281 ], [ 14.494841, 53.433603 ], [ 14.499174, 53.433767 ], [ 14.501578, 53.431608 ], [ 14.499649, 53.429285 ], [ 14.495316, 53.429122 ], [ 14.492912, 53.431281 ] ] ] } },
{ "type": "Feature", "properties": { "fid": 134, "hex_id": 133 }, "geometry": { "type": "Polygon", "coordinates": [ [ [ 14.493387, 53.426799 ], [ 14.495316, 53.429122 ], [ 14.499649, 53.429285 ], [ 14.502052, 53.427126 ], [ 14.500123, 53.424803 ], [ 14.495791, 53.42464 ], [ 14.493387, 53.426799 ] ] ] } },
{ "type": "Feature", "properties": { "fid": 135, "hex_id": 134 }, "geometry": { "type": "Polygon", "coordinates": [ [ [ 14.493862, 53.422317 ], [ 14.495791, 53.42464 ], [ 14.500123, 53.424803 ], [ 14.502526, 53.422644 ], [ 14.500597, 53.420322 ], [ 14.496265, 53.420158 ], [ 14.493862, 53.422317 ] ] ] } },
{ "type": "Feature", "properties": { "fid": 136, "hex_id": 135 }, "geometry": { "type": "Polygon", "coordinates": [ [ [ 14.494337, 53.417835 ], [ 14.496265, 53.420158 ], [ 14.500597, 53.420322 ], [ 14.503, 53.418162 ], [ 14.501071, 53.41584 ], [ 14.49674, 53.415676 ], [ 14.494337, 53.417835 ] ] ] } },
{ "type": "Feature", "properties": { "fid": 137, "hex_id": 136 }, "geometry": { "type": "Polygon", "coordinates": [ [ [ 14.494812, 53.413353 ], [ 14.49674, 53.415676 ], [ 14.501071, 53.41584 ], [ 14.503474, 53.41368 ], [ 14.501545, 53.411358 ], [ 14.497214, 53.411194 ], [ 14.494812, 53.413353 ] ] ] } },
{ "type": "Feature", "properties": { "fid": 138, "hex_id": 137 }, "geometry": { "type": "Polygon", "coordinates": [ [ [ 14.495286, 53.408871 ], [ 14.497214, 53.411194 ], [ 14.501545, 53.411358 ], [ 14.503947, 53.409199 ], [ 14.502019, 53.406876 ], [ 14.497688, 53.406712 ], [ 14.495286, 53.408871 ] ] ] } },
{ "type": "Feature", "properties": { "fid": 139, "hex_id": 138 }, "geometry": { "type": "Polygon", "coordinates": [ [ [ 14.495761, 53.40439 ], [ 14.497688, 53.406712 ], [ 14.502019, 53.406876 ], [ 14.504421, 53.404717 ], [ 14.502492, 53.402394 ], [ 14.498163, 53.40223 ], [ 14.495761, 53.40439 ] ] ] } },
{ "type": "Feature", "properties": { "fid": 140, "hex_id": 139 }, "geometry": { "type": "Polygon", "coordinates": [ [ [ 14.496235, 53.399908 ], [ 14.498163, 53.40223 ], [ 14.502492, 53.402394 ], [ 14.504894, 53.400235 ], [ 14.502966, 53.397912 ], [ 14.498637, 53.397749 ], [ 14.496235, 53.399908 ] ] ] } },
{ "type": "Feature", "properties": { "fid": 141, "hex_id": 140 }, "geometry": { "type": "Polygon", "coordinates": [ [ [ 14.496709, 53.395426 ], [ 14.498637, 53.397749 ], [ 14.502966, 53.397912 ], [ 14.505367, 53.395753 ], [ 14.503439, 53.39343 ], [ 14.49911, 53.393267 ], [ 14.496709, 53.395426 ] ] ] } },
{ "type": "Feature", "properties": { "fid": 142, "hex_id": 141 }, "geometry": { "type": "Polygon", "coordinates": [ [ [ 14.497183, 53.390944 ], [ 14.49911, 53.393267 ], [ 14.503439, 53.39343 ], [ 14.50584, 53.391271 ], [ 14.503913, 53.388948 ], [ 14.499584, 53.388785 ], [ 14.497183, 53.390944 ] ] ] } },
{ "type": "Feature", "properties": { "fid": 143, "hex_id": 142 }, "geometry": { "type": "Polygon", "coordinates": [ [ [ 14.492995, 53.492031 ], [ 14.494926, 53.494354 ], [ 14.499266, 53.494517 ], [ 14.501673, 53.492358 ], [ 14.499741, 53.490036 ], [ 14.495402, 53.489872 ], [ 14.492995, 53.492031 ] ] ] } },
{ "type": "Feature", "properties": { "fid": 144, "hex_id": 143 }, "geometry": { "type": "Polygon", "coordinates": [ [ [ 14.493471, 53.487549 ], [ 14.495402, 53.489872 ], [ 14.499741, 53.490036 ], [ 14.502148, 53.487877 ], [ 14.500217, 53.485554 ], [ 14.495878, 53.48539 ], [ 14.493471, 53.487549 ] ] ] } },
{ "type": "Feature", "properties": { "fid": 145, "hex_id": 144 }, "geometry": { "type": "Polygon", "coordinates": [ [ [ 14.493947, 53.483067 ], [ 14.495878, 53.48539 ], [ 14.500217, 53.485554 ], [ 14.502623, 53.483395 ], [ 14.500692, 53.481072 ], [ 14.496354, 53.480908 ], [ 14.493947, 53.483067 ] ] ] } },
{ "type": "Feature", "properties": { "fid": 146, "hex_id": 145 }, "geometry": { "type": "Polygon", "coordinates": [ [ [ 14.494423, 53.478585 ], [ 14.496354, 53.480908 ], [ 14.500692, 53.481072 ], [ 14.503098, 53.478913 ], [ 14.501167, 53.47659 ], [ 14.496829, 53.476426 ], [ 14.494423, 53.478585 ] ] ] } },
{ "type": "Feature", "properties": { "fid": 147, "hex_id": 146 }, "geometry": { "type": "Polygon", "coordinates": [ [ [ 14.494899, 53.474104 ], [ 14.496829, 53.476426 ], [ 14.501167, 53.47659 ], [ 14.503573, 53.474431 ], [ 14.501642, 53.472108 ], [ 14.497305, 53.471945 ], [ 14.494899, 53.474104 ] ] ] } },
{ "type": "Feature", "properties": { "fid": 148, "hex_id": 147 }, "geometry": { "type": "Polygon", "coordinates": [ [ [ 14.495374, 53.469622 ], [ 14.497305, 53.471945 ], [ 14.501642, 53.472108 ], [ 14.504048, 53.469949 ], [ 14.502117, 53.467626 ], [ 14.49778, 53.467463 ], [ 14.495374, 53.469622 ] ] ] } },
{ "type": "Feature", "properties": { "fid": 149, "hex_id": 148 }, "geometry": { "type": "Polygon", "coordinates": [ [ [ 14.49585, 53.46514 ], [ 14.49778, 53.467463 ], [ 14.502117, 53.467626 ], [ 14.504522, 53.465467 ], [ 14.502591, 53.463145 ], [ 14.498255, 53.462981 ], [ 14.49585, 53.46514 ] ] ] } },
{ "type": "Feature", "properties": { "fid": 150, "hex_id": 149 }, "geometry": { "type": "Polygon", "coordinates": [ [ [ 14.496325, 53.460658 ], [ 14.498255, 53.462981 ], [ 14.502591, 53.463145 ], [ 14.504997, 53.460985 ], [ 14.503066, 53.458663 ], [ 14.49873, 53.458499 ], [ 14.496325, 53.460658 ] ] ] } },
{ "type": "Feature", "properties": { "fid": 151, "hex_id": 150 }, "geometry": { "type": "Polygon", "coordinates": [ [ [ 14.4968, 53.456176 ], [ 14.49873, 53.458499 ], [ 14.503066, 53.458663 ], [ 14.505471, 53.456503 ], [ 14.50354, 53.454181 ], [ 14.499205, 53.454017 ], [ 14.4968, 53.456176 ] ] ] } },
{ "type": "Feature", "properties": { "fid": 152, "hex_id": 151 }, "geometry": { "type": "Polygon", "coordinates": [ [ [ 14.497275, 53.451695 ], [ 14.499205, 53.454017 ], [ 14.50354, 53.454181 ], [ 14.505945, 53.452022 ], [ 14.504015, 53.449699 ], [ 14.49968, 53.449535 ], [ 14.497275, 53.451695 ] ] ] } },
{ "type": "Feature", "properties": { "fid": 153, "hex_id": 152 }, "geometry": { "type": "Polygon", "coordinates": [ [ [ 14.49775, 53.447213 ], [ 14.49968, 53.449535 ], [ 14.504015, 53.449699 ], [ 14.506419, 53.44754 ], [ 14.504489, 53.445217 ], [ 14.500155, 53.445054 ], [ 14.49775, 53.447213 ] ] ] } },
{ "type": "Feature", "properties": { "fid": 154, "hex_id": 153 }, "geometry": { "type": "Polygon", "coordinates": [ [ [ 14.498225, 53.442731 ], [ 14.500155, 53.445054 ], [ 14.504489, 53.445217 ], [ 14.506893, 53.443058 ], [ 14.504963, 53.440735 ], [ 14.500629, 53.440572 ], [ 14.498225, 53.442731 ] ] ] } },
{ "type": "Feature", "properties": { "fid": 155, "hex_id": 154 }, "geometry": { "type": "Polygon", "coordinates": [ [ [ 14.4987, 53.438249 ], [ 14.500629, 53.440572 ], [ 14.504963, 53.440735 ], [ 14.507367, 53.438576 ], [ 14.505437, 53.436253 ], [ 14.501104, 53.43609 ], [ 14.4987, 53.438249 ] ] ] } },
{ "type": "Feature", "properties": { "fid": 156, "hex_id": 155 }, "geometry": { "type": "Polygon", "coordinates": [ [ [ 14.499174, 53.433767 ], [ 14.501104, 53.43609 ], [ 14.505437, 53.436253 ], [ 14.50784, 53.434094 ], [ 14.505911, 53.431771 ], [ 14.501578, 53.431608 ], [ 14.499174, 53.433767 ] ] ] } },
{ "type": "Feature", "properties": { "fid": 157, "hex_id": 156 }, "geometry": { "type": "Polygon", "coordinates": [ [ [ 14.499649, 53.429285 ], [ 14.501578, 53.431608 ], [ 14.505911, 53.431771 ], [ 14.508314, 53.429612 ], [ 14.506384, 53.427289 ], [ 14.502052, 53.427126 ], [ 14.499649, 53.429285 ] ] ] } },
{ "type": "Feature", "properties": { "fid": 158, "hex_id": 157 }, "geometry": { "type": "Polygon", "coordinates": [ [ [ 14.500123, 53.424803 ], [ 14.502052, 53.427126 ], [ 14.506384, 53.427289 ], [ 14.508787, 53.42513 ], [ 14.506858, 53.422808 ], [ 14.502526, 53.422644 ], [ 14.500123, 53.424803 ] ] ] } },
{ "type": "Feature", "properties": { "fid": 159, "hex_id": 158 }, "geometry": { "type": "Polygon", "coordinates": [ [ [ 14.500597, 53.420322 ], [ 14.502526, 53.422644 ], [ 14.506858, 53.422808 ], [ 14.509261, 53.420648 ], [ 14.507331, 53.418326 ], [ 14.503, 53.418162 ], [ 14.500597, 53.420322 ] ] ] } },
{ "type": "Feature", "properties": { "fid": 160, "hex_id": 159 }, "geometry": { "type": "Polygon", "coordinates": [ [ [ 14.501071, 53.41584 ], [ 14.503, 53.418162 ], [ 14.507331, 53.418326 ], [ 14.509734, 53.416166 ], [ 14.507805, 53.413844 ], [ 14.503474, 53.41368 ], [ 14.501071, 53.41584 ] ] ] } },
{ "type": "Feature", "properties": { "fid": 161, "hex_id": 160 }, "geometry": { "type": "Polygon", "coordinates": [ [ [ 14.501545, 53.411358 ], [ 14.503474, 53.41368 ], [ 14.507805, 53.413844 ], [ 14.510207, 53.411684 ], [ 14.508278, 53.409362 ], [ 14.503947, 53.409199 ], [ 14.501545, 53.411358 ] ] ] } },
{ "type": "Feature", "properties": { "fid": 162, "hex_id": 161 }, "geometry": { "type": "Polygon", "coordinates": [ [ [ 14.502019, 53.406876 ], [ 14.503947, 53.409199 ], [ 14.508278, 53.409362 ], [ 14.51068, 53.407202 ], [ 14.508751, 53.40488 ], [ 14.504421, 53.404717 ], [ 14.502019, 53.406876 ] ] ] } },
{ "type": "Feature", "properties": { "fid": 163, "hex_id": 162 }, "geometry": { "type": "Polygon", "coordinates": [ [ [ 14.502492, 53.402394 ], [ 14.504421, 53.404717 ], [ 14.508751, 53.40488 ], [ 14.511152, 53.40272 ], [ 14.509224, 53.400398 ], [ 14.504894, 53.400235 ], [ 14.502492, 53.402394 ] ] ] } },
{ "type": "Feature", "properties": { "fid": 164, "hex_id": 163 }, "geometry": { "type": "Polygon", "coordinates": [ [ [ 14.502966, 53.397912 ], [ 14.504894, 53.400235 ], [ 14.509224, 53.400398 ], [ 14.511625, 53.398239 ], [ 14.509697, 53.395916 ], [ 14.505367, 53.395753 ], [ 14.502966, 53.397912 ] ] ] } },
{ "type": "Feature", "properties": { "fid": 165, "hex_id": 164 }, "geometry": { "type": "Polygon", "coordinates": [ [ [ 14.503439, 53.39343 ], [ 14.505367, 53.395753 ], [ 14.509697, 53.395916 ], [ 14.512097, 53.393757 ], [ 14.510169, 53.391434 ], [ 14.50584, 53.391271 ], [ 14.503439, 53.39343 ] ] ] } },
{ "type": "Feature", "properties": { "fid": 166, "hex_id": 165 }, "geometry": { "type": "Polygon", "coordinates": [ [ [ 14.503913, 53.388948 ], [ 14.50584, 53.391271 ], [ 14.510169, 53.391434 ], [ 14.51257, 53.389275 ], [ 14.510642, 53.386952 ], [ 14.506313, 53.386789 ], [ 14.503913, 53.388948 ] ] ] } },
{ "type": "Feature", "properties": { "fid": 167, "hex_id": 166 }, "geometry": { "type": "Polygon", "coordinates": [ [ [ 14.499741, 53.490036 ], [ 14.501673, 53.492358 ], [ 14.506012, 53.492522 ], [ 14.508419, 53.490363 ], [ 14.506487, 53.48804 ], [ 14.502148, 53.487877 ], [ 14.499741, 53.490036 ] ] ] } },
{ "type": "Feature", "properties": { "fid": 168, "hex_id": 167 }, "geometry": { "type": "Polygon", "coordinates": [ [ [ 14.500217, 53.485554 ], [ 14.502148, 53.487877 ], [ 14.506487, 53.48804 ], [ 14.508893, 53.485881 ], [ 14.506961, 53.483558 ], [ 14.502623, 53.483395 ], [ 14.500217, 53.485554 ] ] ] } },
{ "type": "Feature", "properties": { "fid": 169, "hex_id": 168 }, "geometry": { "type": "Polygon", "coordinates": [ [ [ 14.500692, 53.481072 ], [ 14.502623, 53.483395 ], [ 14.506961, 53.483558 ], [ 14.509368, 53.481399 ], [ 14.507436, 53.479076 ], [ 14.503098, 53.478913 ], [ 14.500692, 53.481072 ] ] ] } },
{ "type": "Feature", "properties": { "fid": 170, "hex_id": 169 }, "geometry": { "type": "Polygon", "coordinates": [ [ [ 14.501167, 53.47659 ], [ 14.503098, 53.478913 ], [ 14.507436, 53.479076 ], [ 14.509842, 53.476917 ], [ 14.50791, 53.474594 ], [ 14.503573, 53.474431 ], [ 14.501167, 53.47659 ] ] ] } },
{ "type": "Feature", "properties": { "fid": 171, "hex_id": 170 }, "geometry": { "type": "Polygon", "coordinates": [ [ [ 14.501642, 53.472108 ], [ 14.503573, 53.474431 ], [ 14.50791, 53.474594 ], [ 14.510316, 53.472435 ], [ 14.508384, 53.470113 ], [ 14.504048, 53.469949 ], [ 14.501642, 53.472108 ] ] ] } },
{ "type": "Feature", "properties": { "fid": 172, "hex_id": 171 }, "geometry": { "type": "Polygon", "coordinates": [ [ [ 14.502117, 53.467626 ], [ 14.504048, 53.469949 ], [ 14.508384, 53.470113 ], [ 14.51079, 53.467953 ], [ 14.508858, 53.465631 ], [ 14.504522, 53.465467 ], [ 14.502117, 53.467626 ] ] ] } },
{ "type": "Feature", "properties": { "fid": 173, "hex_id": 172 }, "geometry": { "type": "Polygon", "coordinates": [ [ [ 14.502591, 53.463145 ], [ 14.504522, 53.465467 ], [ 14.508858, 53.465631 ], [ 14.511264, 53.463471 ], [ 14.509332, 53.461149 ], [ 14.504997, 53.460985 ], [ 14.502591, 53.463145 ] ] ] } },
{ "type": "Feature", "properties": { "fid": 174, "hex_id": 173 }, "geometry": { "type": "Polygon", "coordinates": [ [ [ 14.503066, 53.458663 ], [ 14.504997, 53.460985 ], [ 14.509332, 53.461149 ], [ 14.511737, 53.458989 ], [ 14.509806, 53.456667 ], [ 14.505471, 53.456503 ], [ 14.503066, 53.458663 ] ] ] } },
{ "type": "Feature", "properties": { "fid": 175, "hex_id": 174 }, "geometry": { "type": "Polygon", "coordinates": [ [ [ 14.50354, 53.454181 ], [ 14.505471, 53.456503 ], [ 14.509806, 53.456667 ], [ 14.512211, 53.454507 ], [ 14.51028, 53.452185 ], [ 14.505945, 53.452022 ], [ 14.50354, 53.454181 ] ] ] } },
{ "type": "Feature", "properties": { "fid": 176, "hex_id": 175 }, "geometry": { "type": "Polygon", "coordinates": [ [ [ 14.504015, 53.449699 ], [ 14.505945, 53.452022 ], [ 14.51028, 53.452185 ], [ 14.512684, 53.450026 ], [ 14.510754, 53.447703 ], [ 14.506419, 53.44754 ], [ 14.504015, 53.449699 ] ] ] } },
{ "type": "Feature", "properties": { "fid": 177, "hex_id": 176 }, "geometry": { "type": "Polygon", "coordinates": [ [ [ 14.504489, 53.445217 ], [ 14.506419, 53.44754 ], [ 14.510754, 53.447703 ], [ 14.513157, 53.445544 ], [ 14.511227, 53.443221 ], [ 14.506893, 53.443058 ], [ 14.504489, 53.445217 ] ] ] } },
{ "type": "Feature", "properties": { "fid": 178, "hex_id": 177 }, "geometry": { "type": "Polygon", "coordinates": [ [ [ 14.504963, 53.440735 ], [ 14.506893, 53.443058 ], [ 14.511227, 53.443221 ], [ 14.513631, 53.441062 ], [ 14.5117, 53.438739 ], [ 14.507367, 53.438576 ], [ 14.504963, 53.440735 ] ] ] } },
{ "type": "Feature", "properties": { "fid": 179, "hex_id": 178 }, "geometry": { "type": "Polygon", "coordinates": [ [ [ 14.505437, 53.436253 ], [ 14.507367, 53.438576 ], [ 14.5117, 53.438739 ], [ 14.514104, 53.43658 ], [ 14.512174, 53.434257 ], [ 14.50784, 53.434094 ], [ 14.505437, 53.436253 ] ] ] } },
{ "type": "Feature", "properties": { "fid": 180, "hex_id": 179 }, "geometry": { "type": "Polygon", "coordinates": [ [ [ 14.505911, 53.431771 ], [ 14.50784, 53.434094 ], [ 14.512174, 53.434257 ], [ 14.514577, 53.432098 ], [ 14.512647, 53.429775 ], [ 14.508314, 53.429612 ], [ 14.505911, 53.431771 ] ] ] } },
{ "type": "Feature", "properties": { "fid": 181, "hex_id": 180 }, "geometry": { "type": "Polygon", "coordinates": [ [ [ 14.506384, 53.427289 ], [ 14.508314, 53.429612 ], [ 14.512647, 53.429775 ], [ 14.515049, 53.427616 ], [ 14.51312, 53.425293 ], [ 14.508787, 53.42513 ], [ 14.506384, 53.427289 ] ] ] } },
{ "type": "Feature", "properties": { "fid": 182, "hex_id": 181 }, "geometry": { "type": "Polygon", "coordinates": [ [ [ 14.506858, 53.422808 ], [ 14.508787, 53.42513 ], [ 14.51312, 53.425293 ], [ 14.515522, 53.423134 ], [ 14.513592, 53.420811 ], [ 14.509261, 53.420648 ], [ 14.506858, 53.422808 ] ] ] } },
{ "type": "Feature", "properties": { "fid": 183, "hex_id": 182 }, "geometry": { "type": "Polygon", "coordinates": [ [ [ 14.507331, 53.418326 ], [ 14.509261, 53.420648 ], [ 14.513592, 53.420811 ], [ 14.515995, 53.418652 ], [ 14.514065, 53.416329 ], [ 14.509734, 53.416166 ], [ 14.507331, 53.418326 ] ] ] } },
{ "type": "Feature", "properties": { "fid": 184, "hex_id": 183 }, "geometry": { "type": "Polygon", "coordinates": [ [ [ 14.507805, 53.413844 ], [ 14.509734, 53.416166 ], [ 14.514065, 53.416329 ], [ 14.516467, 53.41417 ], [ 14.514538, 53.411847 ], [ 14.510207, 53.411684 ], [ 14.507805, 53.413844 ] ] ] } },
{ "type": "Feature", "properties": { "fid": 185, "hex_id": 184 }, "geometry": { "type": "Polygon", "coordinates": [ [ [ 14.508278, 53.409362 ], [ 14.510207, 53.411684 ], [ 14.514538, 53.411847 ], [ 14.516939, 53.409688 ], [ 14.51501, 53.407365 ], [ 14.51068, 53.407202 ], [ 14.508278, 53.409362 ] ] ] } },
{ "type": "Feature", "properties": { "fid": 186, "hex_id": 185 }, "geometry": { "type": "Polygon", "coordinates": [ [ [ 14.508751, 53.40488 ], [ 14.51068, 53.407202 ], [ 14.51501, 53.407365 ], [ 14.517411, 53.405206 ], [ 14.515482, 53.402883 ], [ 14.511152, 53.40272 ], [ 14.508751, 53.40488 ] ] ] } },
{ "type": "Feature", "properties": { "fid": 187, "hex_id": 186 }, "geometry": { "type": "Polygon", "coordinates": [ [ [ 14.509224, 53.400398 ], [ 14.511152, 53.40272 ], [ 14.515482, 53.402883 ], [ 14.517883, 53.400724 ], [ 14.515955, 53.398401 ], [ 14.511625, 53.398239 ], [ 14.509224, 53.400398 ] ] ] } },
{ "type": "Feature", "properties": { "fid": 188, "hex_id": 187 }, "geometry": { "type": "Polygon", "coordinates": [ [ [ 14.509697, 53.395916 ], [ 14.511625, 53.398239 ], [ 14.515955, 53.398401 ], [ 14.518355, 53.396242 ], [ 14.516427, 53.39392 ], [ 14.512097, 53.393757 ], [ 14.509697, 53.395916 ] ] ] } },
{ "type": "Feature", "properties": { "fid": 189, "hex_id": 188 }, "geometry": { "type": "Polygon", "coordinates": [ [ [ 14.510169, 53.391434 ], [ 14.512097, 53.393757 ], [ 14.516427, 53.39392 ], [ 14.518827, 53.39176 ], [ 14.516899, 53.389438 ], [ 14.51257, 53.389275 ], [ 14.510169, 53.391434 ] ] ] } },
{ "type": "Feature", "properties": { "fid": 190, "hex_id": 189 }, "geometry": { "type": "Polygon", "coordinates": [ [ [ 14.510642, 53.386952 ], [ 14.51257, 53.389275 ], [ 14.516899, 53.389438 ], [ 14.519299, 53.387278 ], [ 14.51737, 53.384955 ], [ 14.513042, 53.384793 ], [ 14.510642, 53.386952 ] ] ] } },
{ "type": "Feature", "properties": { "fid": 191, "hex_id": 190 }, "geometry": { "type": "Polygon", "coordinates": [ [ [ 14.505537, 53.497004 ], [ 14.50747, 53.499326 ], [ 14.511809, 53.49949 ], [ 14.514216, 53.49733 ], [ 14.512284, 53.495008 ], [ 14.507944, 53.494845 ], [ 14.505537, 53.497004 ] ] ] } },
{ "type": "Feature", "properties": { "fid": 192, "hex_id": 191 }, "geometry": { "type": "Polygon", "coordinates": [ [ [ 14.506012, 53.492522 ], [ 14.507944, 53.494845 ], [ 14.512284, 53.495008 ], [ 14.51469, 53.492849 ], [ 14.512758, 53.490526 ], [ 14.508419, 53.490363 ], [ 14.506012, 53.492522 ] ] ] } },
{ "type": "Feature", "properties": { "fid": 193, "hex_id": 192 }, "geometry": { "type": "Polygon", "coordinates": [ [ [ 14.506487, 53.48804 ], [ 14.508419, 53.490363 ], [ 14.512758, 53.490526 ], [ 14.515164, 53.488367 ], [ 14.513232, 53.486044 ], [ 14.508893, 53.485881 ], [ 14.506487, 53.48804 ] ] ] } },
{ "type": "Feature", "properties": { "fid": 194, "hex_id": 193 }, "geometry": { "type": "Polygon", "coordinates": [ [ [ 14.506961, 53.483558 ], [ 14.508893, 53.485881 ], [ 14.513232, 53.486044 ], [ 14.515638, 53.483885 ], [ 14.513706, 53.481562 ], [ 14.509368, 53.481399 ], [ 14.506961, 53.483558 ] ] ] } },
{ "type": "Feature", "properties": { "fid": 195, "hex_id": 194 }, "geometry": { "type": "Polygon", "coordinates": [ [ [ 14.507436, 53.479076 ], [ 14.509368, 53.481399 ], [ 14.513706, 53.481562 ], [ 14.516111, 53.479403 ], [ 14.514179, 53.47708 ], [ 14.509842, 53.476917 ], [ 14.507436, 53.479076 ] ] ] } },
{ "type": "Feature", "properties": { "fid": 196, "hex_id": 195 }, "geometry": { "type": "Polygon", "coordinates": [ [ [ 14.50791, 53.474594 ], [ 14.509842, 53.476917 ], [ 14.514179, 53.47708 ], [ 14.516585, 53.474921 ], [ 14.514653, 53.472598 ], [ 14.510316, 53.472435 ], [ 14.50791, 53.474594 ] ] ] } },
{ "type": "Feature", "properties": { "fid": 197, "hex_id": 196 }, "geometry": { "type": "Polygon", "coordinates": [ [ [ 14.508384, 53.470113 ], [ 14.510316, 53.472435 ], [ 14.514653, 53.472598 ], [ 14.517058, 53.470439 ], [ 14.515126, 53.468116 ], [ 14.51079, 53.467953 ], [ 14.508384, 53.470113 ] ] ] } },
{ "type": "Feature", "properties": { "fid": 198, "hex_id": 197 }, "geometry": { "type": "Polygon", "coordinates": [ [ [ 14.508858, 53.465631 ], [ 14.51079, 53.467953 ], [ 14.515126, 53.468116 ], [ 14.517531, 53.465957 ], [ 14.5156, 53.463634 ], [ 14.511264, 53.463471 ], [ 14.508858, 53.465631 ] ] ] } },
{ "type": "Feature", "properties": { "fid": 199, "hex_id": 198 }, "geometry": { "type": "Polygon", "coordinates": [ [ [ 14.509332, 53.461149 ], [ 14.511264, 53.463471 ], [ 14.5156, 53.463634 ], [ 14.518004, 53.461475 ], [ 14.516073, 53.459153 ], [ 14.511737, 53.458989 ], [ 14.509332, 53.461149 ] ] ] } },
{ "type": "Feature", "properties": { "fid": 200, "hex_id": 199 }, "geometry": { "type": "Polygon", "coordinates": [ [ [ 14.509806, 53.456667 ], [ 14.511737, 53.458989 ], [ 14.516073, 53.459153 ], [ 14.518477, 53.456993 ], [ 14.516546, 53.454671 ], [ 14.512211, 53.454507 ], [ 14.509806, 53.456667 ] ] ] } },
{ "type": "Feature", "properties": { "fid": 201, "hex_id": 200 }, "geometry": { "type": "Polygon", "coordinates": [ [ [ 14.51028, 53.452185 ], [ 14.512211, 53.454507 ], [ 14.516546, 53.454671 ], [ 14.51895, 53.452511 ], [ 14.517019, 53.450189 ], [ 14.512684, 53.450026 ], [ 14.51028, 53.452185 ] ] ] } },
{ "type": "Feature", "properties": { "fid": 202, "hex_id": 201 }, "geometry": { "type": "Polygon", "coordinates": [ [ [ 14.510754, 53.447703 ], [ 14.512684, 53.450026 ], [ 14.517019, 53.450189 ], [ 14.519423, 53.448029 ], [ 14.517492, 53.445707 ], [ 14.513157, 53.445544 ], [ 14.510754, 53.447703 ] ] ] } },
{ "type": "Feature", "properties": { "fid": 203, "hex_id": 202 }, "geometry": { "type": "Polygon", "coordinates": [ [ [ 14.511227, 53.443221 ], [ 14.513157, 53.445544 ], [ 14.517492, 53.445707 ], [ 14.519895, 53.443547 ], [ 14.517965, 53.441225 ], [ 14.513631, 53.441062 ], [ 14.511227, 53.443221 ] ] ] } },
{ "type": "Feature", "properties": { "fid": 204, "hex_id": 203 }, "geometry": { "type": "Polygon", "coordinates": [ [ [ 14.5117, 53.438739 ], [ 14.513631, 53.441062 ], [ 14.517965, 53.441225 ], [ 14.520368, 53.439065 ], [ 14.518437, 53.436743 ], [ 14.514104, 53.43658 ], [ 14.5117, 53.438739 ] ] ] } },
{ "type": "Feature", "properties": { "fid": 205, "hex_id": 204 }, "geometry": { "type": "Polygon", "coordinates": [ [ [ 14.512174, 53.434257 ], [ 14.514104, 53.43658 ], [ 14.518437, 53.436743 ], [ 14.52084, 53.434583 ], [ 14.51891, 53.432261 ], [ 14.514577, 53.432098 ], [ 14.512174, 53.434257 ] ] ] } },
{ "type": "Feature", "properties": { "fid": 206, "hex_id": 205 }, "geometry": { "type": "Polygon", "coordinates": [ [ [ 14.512647, 53.429775 ], [ 14.514577, 53.432098 ], [ 14.51891, 53.432261 ], [ 14.521312, 53.430101 ], [ 14.519382, 53.427779 ], [ 14.515049, 53.427616 ], [ 14.512647, 53.429775 ] ] ] } },
{ "type": "Feature", "properties": { "fid": 207, "hex_id": 206 }, "geometry": { "type": "Polygon", "coordinates": [ [ [ 14.51312, 53.425293 ], [ 14.515049, 53.427616 ], [ 14.519382, 53.427779 ], [ 14.521784, 53.425619 ], [ 14.519854, 53.423297 ], [ 14.515522, 53.423134 ], [ 14.51312, 53.425293 ] ] ] } },
{ "type": "Feature", "properties": { "fid": 208, "hex_id": 207 }, "geometry": { "type": "Polygon", "coordinates": [ [ [ 14.513592, 53.420811 ], [ 14.515522, 53.423134 ], [ 14.519854, 53.423297 ], [ 14.522256, 53.421137 ], [ 14.520326, 53.418815 ], [ 14.515995, 53.418652 ], [ 14.513592, 53.420811 ] ] ] } },
{ "type": "Feature", "properties": { "fid": 209, "hex_id": 208 }, "geometry": { "type": "Polygon", "coordinates": [ [ [ 14.514065, 53.416329 ], [ 14.515995, 53.418652 ], [ 14.520326, 53.418815 ], [ 14.522728, 53.416655 ], [ 14.520798, 53.414333 ], [ 14.516467, 53.41417 ], [ 14.514065, 53.416329 ] ] ] } },
{ "type": "Feature", "properties": { "fid": 210, "hex_id": 209 }, "geometry": { "type": "Polygon", "coordinates": [ [ [ 14.514538, 53.411847 ], [ 14.516467, 53.41417 ], [ 14.520798, 53.414333 ], [ 14.5232, 53.412173 ], [ 14.52127, 53.409851 ], [ 14.516939, 53.409688 ], [ 14.514538, 53.411847 ] ] ] } },
{ "type": "Feature", "properties": { "fid": 211, "hex_id": 210 }, "geometry": { "type": "Polygon", "coordinates": [ [ [ 14.51501, 53.407365 ], [ 14.516939, 53.409688 ], [ 14.52127, 53.409851 ], [ 14.523671, 53.407691 ], [ 14.521742, 53.405369 ], [ 14.517411, 53.405206 ], [ 14.51501, 53.407365 ] ] ] } },
{ "type": "Feature", "properties": { "fid": 212, "hex_id": 211 }, "geometry": { "type": "Polygon", "coordinates": [ [ [ 14.515482, 53.402883 ], [ 14.517411, 53.405206 ], [ 14.521742, 53.405369 ], [ 14.524142, 53.403209 ], [ 14.522213, 53.400887 ], [ 14.517883, 53.400724 ], [ 14.515482, 53.402883 ] ] ] } },
{ "type": "Feature", "properties": { "fid": 213, "hex_id": 212 }, "geometry": { "type": "Polygon", "coordinates": [ [ [ 14.515955, 53.398401 ], [ 14.517883, 53.400724 ], [ 14.522213, 53.400887 ], [ 14.524614, 53.398727 ], [ 14.522685, 53.396405 ], [ 14.518355, 53.396242 ], [ 14.515955, 53.398401 ] ] ] } },
{ "type": "Feature", "properties": { "fid": 214, "hex_id": 213 }, "geometry": { "type": "Polygon", "coordinates": [ [ [ 14.516427, 53.39392 ], [ 14.518355, 53.396242 ], [ 14.522685, 53.396405 ], [ 14.525085, 53.394245 ], [ 14.523156, 53.391923 ], [ 14.518827, 53.39176 ], [ 14.516427, 53.39392 ] ] ] } },
{ "type": "Feature", "properties": { "fid": 215, "hex_id": 214 }, "geometry": { "type": "Polygon", "coordinates": [ [ [ 14.516899, 53.389438 ], [ 14.518827, 53.39176 ], [ 14.523156, 53.391923 ], [ 14.525556, 53.389763 ], [ 14.523627, 53.387441 ], [ 14.519299, 53.387278 ], [ 14.516899, 53.389438 ] ] ] } },
{ "type": "Feature", "properties": { "fid": 216, "hex_id": 215 }, "geometry": { "type": "Polygon", "coordinates": [ [ [ 14.51737, 53.384955 ], [ 14.519299, 53.387278 ], [ 14.523627, 53.387441 ], [ 14.526027, 53.385281 ], [ 14.524098, 53.382959 ], [ 14.51977, 53.382796 ], [ 14.51737, 53.384955 ] ] ] } },
{ "type": "Feature", "properties": { "fid": 217, "hex_id": 216 }, "geometry": { "type": "Polygon", "coordinates": [ [ [ 14.512284, 53.495008 ], [ 14.514216, 53.49733 ], [ 14.518556, 53.497494 ], [ 14.520963, 53.495334 ], [ 14.51903, 53.493012 ], [ 14.51469, 53.492849 ], [ 14.512284, 53.495008 ] ] ] } },
{ "type": "Feature", "properties": { "fid": 218, "hex_id": 217 }, "geometry": { "type": "Polygon", "coordinates": [ [ [ 14.512758, 53.490526 ], [ 14.51469, 53.492849 ], [ 14.51903, 53.493012 ], [ 14.521436, 53.490852 ], [ 14.519503, 53.48853 ], [ 14.515164, 53.488367 ], [ 14.512758, 53.490526 ] ] ] } },
{ "type": "Feature", "properties": { "fid": 219, "hex_id": 218 }, "geometry": { "type": "Polygon", "coordinates": [ [ [ 14.513232, 53.486044 ], [ 14.515164, 53.488367 ], [ 14.519503, 53.48853 ], [ 14.521909, 53.48637 ], [ 14.519976, 53.484048 ], [ 14.515638, 53.483885 ], [ 14.513232, 53.486044 ] ] ] } },
{ "type": "Feature", "properties": { "fid": 220, "hex_id": 219 }, "geometry": { "type": "Polygon", "coordinates": [ [ [ 14.513706, 53.481562 ], [ 14.515638, 53.483885 ], [ 14.519976, 53.484048 ], [ 14.522382, 53.481888 ], [ 14.520449, 53.479566 ], [ 14.516111, 53.479403 ], [ 14.513706, 53.481562 ] ] ] } },
{ "type": "Feature", "properties": { "fid": 221, "hex_id": 220 }, "geometry": { "type": "Polygon", "coordinates": [ [ [ 14.514179, 53.47708 ], [ 14.516111, 53.479403 ], [ 14.520449, 53.479566 ], [ 14.522855, 53.477406 ], [ 14.520922, 53.475084 ], [ 14.516585, 53.474921 ], [ 14.514179, 53.47708 ] ] ] } },
{ "type": "Feature", "properties": { "fid": 222, "hex_id": 221 }, "geometry": { "type": "Polygon", "coordinates": [ [ [ 14.514653, 53.472598 ], [ 14.516585, 53.474921 ], [ 14.520922, 53.475084 ], [ 14.523327, 53.472924 ], [ 14.521395, 53.470602 ], [ 14.517058, 53.470439 ], [ 14.514653, 53.472598 ] ] ] } },
{ "type": "Feature", "properties": { "fid": 223, "hex_id": 222 }, "geometry": { "type": "Polygon", "coordinates": [ [ [ 14.515126, 53.468116 ], [ 14.517058, 53.470439 ], [ 14.521395, 53.470602 ], [ 14.5238, 53.468442 ], [ 14.521868, 53.46612 ], [ 14.517531, 53.465957 ], [ 14.515126, 53.468116 ] ] ] } },
{ "type": "Feature", "properties": { "fid": 224, "hex_id": 223 }, "geometry": { "type": "Polygon", "coordinates": [ [ [ 14.5156, 53.463634 ], [ 14.517531, 53.465957 ], [ 14.521868, 53.46612 ], [ 14.524272, 53.46396 ], [ 14.52234, 53.461638 ], [ 14.518004, 53.461475 ], [ 14.5156, 53.463634 ] ] ] } },
{ "type": "Feature", "properties": { "fid": 225, "hex_id": 224 }, "geometry": { "type": "Polygon", "coordinates": [ [ [ 14.516073, 53.459153 ], [ 14.518004, 53.461475 ], [ 14.52234, 53.461638 ], [ 14.524745, 53.459478 ], [ 14.522813, 53.457156 ], [ 14.518477, 53.456993 ], [ 14.516073, 53.459153 ] ] ] } },
{ "type": "Feature", "properties": { "fid": 226, "hex_id": 225 }, "geometry": { "type": "Polygon", "coordinates": [ [ [ 14.516546, 53.454671 ], [ 14.518477, 53.456993 ], [ 14.522813, 53.457156 ], [ 14.525217, 53.454996 ], [ 14.523285, 53.452674 ], [ 14.51895, 53.452511 ], [ 14.516546, 53.454671 ] ] ] } },
{ "type": "Feature", "properties": { "fid": 227, "hex_id": 226 }, "geometry": { "type": "Polygon", "coordinates": [ [ [ 14.517019, 53.450189 ], [ 14.51895, 53.452511 ], [ 14.523285, 53.452674 ], [ 14.525689, 53.450514 ], [ 14.523757, 53.448192 ], [ 14.519423, 53.448029 ], [ 14.517019, 53.450189 ] ] ] } },
{ "type": "Feature", "properties": { "fid": 228, "hex_id": 227 }, "geometry": { "type": "Polygon", "coordinates": [ [ [ 14.517492, 53.445707 ], [ 14.519423, 53.448029 ], [ 14.523757, 53.448192 ], [ 14.526161, 53.446032 ], [ 14.524229, 53.44371 ], [ 14.519895, 53.443547 ], [ 14.517492, 53.445707 ] ] ] } },
{ "type": "Feature", "properties": { "fid": 229, "hex_id": 228 }, "geometry": { "type": "Polygon", "coordinates": [ [ [ 14.517965, 53.441225 ], [ 14.519895, 53.443547 ], [ 14.524229, 53.44371 ], [ 14.526632, 53.44155 ], [ 14.524701, 53.439228 ], [ 14.520368, 53.439065 ], [ 14.517965, 53.441225 ] ] ] } },
{ "type": "Feature", "properties": { "fid": 230, "hex_id": 229 }, "geometry": { "type": "Polygon", "coordinates": [ [ [ 14.518437, 53.436743 ], [ 14.520368, 53.439065 ], [ 14.524701, 53.439228 ], [ 14.527104, 53.437068 ], [ 14.525173, 53.434746 ], [ 14.52084, 53.434583 ], [ 14.518437, 53.436743 ] ] ] } },
{ "type": "Feature", "properties": { "fid": 231, "hex_id": 230 }, "geometry": { "type": "Polygon", "coordinates": [ [ [ 14.51891, 53.432261 ], [ 14.52084, 53.434583 ], [ 14.525173, 53.434746 ], [ 14.527576, 53.432586 ], [ 14.525645, 53.430264 ], [ 14.521312, 53.430101 ], [ 14.51891, 53.432261 ] ] ] } },
{ "type": "Feature", "properties": { "fid": 232, "hex_id": 231 }, "geometry": { "type": "Polygon", "coordinates": [ [ [ 14.519382, 53.427779 ], [ 14.521312, 53.430101 ], [ 14.525645, 53.430264 ], [ 14.528047, 53.428104 ], [ 14.526117, 53.425782 ], [ 14.521784, 53.425619 ], [ 14.519382, 53.427779 ] ] ] } },
{ "type": "Feature", "properties": { "fid": 233, "hex_id": 232 }, "geometry": { "type": "Polygon", "coordinates": [ [ [ 14.519854, 53.423297 ], [ 14.521784, 53.425619 ], [ 14.526117, 53.425782 ], [ 14.528518, 53.423622 ], [ 14.526588, 53.4213 ], [ 14.522256, 53.421137 ], [ 14.519854, 53.423297 ] ] ] } },
{ "type": "Feature", "properties": { "fid": 234, "hex_id": 233 }, "geometry": { "type": "Polygon", "coordinates": [ [ [ 14.520326, 53.418815 ], [ 14.522256, 53.421137 ], [ 14.526588, 53.4213 ], [ 14.52899, 53.41914 ], [ 14.527059, 53.416818 ], [ 14.522728, 53.416655 ], [ 14.520326, 53.418815 ] ] ] } },
{ "type": "Feature", "properties": { "fid": 235, "hex_id": 234 }, "geometry": { "type": "Polygon", "coordinates": [ [ [ 14.520798, 53.414333 ], [ 14.522728, 53.416655 ], [ 14.527059, 53.416818 ], [ 14.529461, 53.414658 ], [ 14.527531, 53.412336 ], [ 14.5232, 53.412173 ], [ 14.520798, 53.414333 ] ] ] } },
{ "type": "Feature", "properties": { "fid": 236, "hex_id": 235 }, "geometry": { "type": "Polygon", "coordinates": [ [ [ 14.52127, 53.409851 ], [ 14.5232, 53.412173 ], [ 14.527531, 53.412336 ], [ 14.529932, 53.410176 ], [ 14.528002, 53.407854 ], [ 14.523671, 53.407691 ], [ 14.52127, 53.409851 ] ] ] } },
{ "type": "Feature", "properties": { "fid": 237, "hex_id": 236 }, "geometry": { "type": "Polygon", "coordinates": [ [ [ 14.521742, 53.405369 ], [ 14.523671, 53.407691 ], [ 14.528002, 53.407854 ], [ 14.530402, 53.405694 ], [ 14.528473, 53.403372 ], [ 14.524142, 53.403209 ], [ 14.521742, 53.405369 ] ] ] } },
{ "type": "Feature", "properties": { "fid": 238, "hex_id": 237 }, "geometry": { "type": "Polygon", "coordinates": [ [ [ 14.522213, 53.400887 ], [ 14.524142, 53.403209 ], [ 14.528473, 53.403372 ], [ 14.530873, 53.401212 ], [ 14.528943, 53.39889 ], [ 14.524614, 53.398727 ], [ 14.522213, 53.400887 ] ] ] } },
{ "type": "Feature", "properties": { "fid": 239, "hex_id": 238 }, "geometry": { "type": "Polygon", "coordinates": [ [ [ 14.522685, 53.396405 ], [ 14.524614, 53.398727 ], [ 14.528943, 53.39889 ], [ 14.531344, 53.39673 ], [ 14.529414, 53.394407 ], [ 14.525085, 53.394245 ], [ 14.522685, 53.396405 ] ] ] } },
{ "type": "Feature", "properties": { "fid": 240, "hex_id": 239 }, "geometry": { "type": "Polygon", "coordinates": [ [ [ 14.523156, 53.391923 ], [ 14.525085, 53.394245 ], [ 14.529414, 53.394407 ], [ 14.531814, 53.392248 ], [ 14.529885, 53.389925 ], [ 14.525556, 53.389763 ], [ 14.523156, 53.391923 ] ] ] } },
{ "type": "Feature", "properties": { "fid": 241, "hex_id": 240 }, "geometry": { "type": "Polygon", "coordinates": [ [ [ 14.523627, 53.387441 ], [ 14.525556, 53.389763 ], [ 14.529885, 53.389925 ], [ 14.532284, 53.387766 ], [ 14.530355, 53.385443 ], [ 14.526027, 53.385281 ], [ 14.523627, 53.387441 ] ] ] } },
{ "type": "Feature", "properties": { "fid": 242, "hex_id": 241 }, "geometry": { "type": "Polygon", "coordinates": [ [ [ 14.524098, 53.382959 ], [ 14.526027, 53.385281 ], [ 14.530355, 53.385443 ], [ 14.532754, 53.383283 ], [ 14.530825, 53.380961 ], [ 14.526498, 53.380799 ], [ 14.524098, 53.382959 ] ] ] } },
{ "type": "Feature", "properties": { "fid": 243, "hex_id": 242 }, "geometry": { "type": "Polygon", "coordinates": [ [ [ 14.52504, 53.373994 ], [ 14.526968, 53.376317 ], [ 14.531296, 53.376479 ], [ 14.533694, 53.374319 ], [ 14.531766, 53.371997 ], [ 14.527439, 53.371835 ], [ 14.52504, 53.373994 ] ] ] } },
{ "type": "Feature", "properties": { "fid": 244, "hex_id": 243 }, "geometry": { "type": "Polygon", "coordinates": [ [ [ 14.528802, 53.338138 ], [ 14.530729, 53.34046 ], [ 14.535053, 53.340622 ], [ 14.537449, 53.338462 ], [ 14.535522, 53.33614 ], [ 14.531198, 53.335978 ], [ 14.528802, 53.338138 ] ] ] } },
{ "type": "Feature", "properties": { "fid": 245, "hex_id": 244 }, "geometry": { "type": "Polygon", "coordinates": [ [ [ 14.529272, 53.333656 ], [ 14.531198, 53.335978 ], [ 14.535522, 53.33614 ], [ 14.537918, 53.33398 ], [ 14.535991, 53.331658 ], [ 14.531668, 53.331496 ], [ 14.529272, 53.333656 ] ] ] } },
{ "type": "Feature", "properties": { "fid": 246, "hex_id": 245 }, "geometry": { "type": "Polygon", "coordinates": [ [ [ 14.518556, 53.497494 ], [ 14.520489, 53.499816 ], [ 14.524829, 53.499979 ], [ 14.527235, 53.497819 ], [ 14.525302, 53.495497 ], [ 14.520963, 53.495334 ], [ 14.518556, 53.497494 ] ] ] } },
{ "type": "Feature", "properties": { "fid": 247, "hex_id": 246 }, "geometry": { "type": "Polygon", "coordinates": [ [ [ 14.51903, 53.493012 ], [ 14.520963, 53.495334 ], [ 14.525302, 53.495497 ], [ 14.527708, 53.493337 ], [ 14.525775, 53.491015 ], [ 14.521436, 53.490852 ], [ 14.51903, 53.493012 ] ] ] } },
{ "type": "Feature", "properties": { "fid": 248, "hex_id": 247 }, "geometry": { "type": "Polygon", "coordinates": [ [ [ 14.519503, 53.48853 ], [ 14.521436, 53.490852 ], [ 14.525775, 53.491015 ], [ 14.52818, 53.488855 ], [ 14.526247, 53.486533 ], [ 14.521909, 53.48637 ], [ 14.519503, 53.48853 ] ] ] } },
{ "type": "Feature", "properties": { "fid": 249, "hex_id": 248 }, "geometry": { "type": "Polygon", "coordinates": [ [ [ 14.519976, 53.484048 ], [ 14.521909, 53.48637 ], [ 14.526247, 53.486533 ], [ 14.528653, 53.484373 ], [ 14.52672, 53.482051 ], [ 14.522382, 53.481888 ], [ 14.519976, 53.484048 ] ] ] } },
{ "type": "Feature", "properties": { "fid": 250, "hex_id": 249 }, "geometry": { "type": "Polygon", "coordinates": [ [ [ 14.520449, 53.479566 ], [ 14.522382, 53.481888 ], [ 14.52672, 53.482051 ], [ 14.529125, 53.479891 ], [ 14.527192, 53.477569 ], [ 14.522855, 53.477406 ], [ 14.520449, 53.479566 ] ] ] } },
{ "type": "Feature", "properties": { "fid": 251, "hex_id": 250 }, "geometry": { "type": "Polygon", "coordinates": [ [ [ 14.520922, 53.475084 ], [ 14.522855, 53.477406 ], [ 14.527192, 53.477569 ], [ 14.529597, 53.475409 ], [ 14.527664, 53.473087 ], [ 14.523327, 53.472924 ], [ 14.520922, 53.475084 ] ] ] } },
{ "type": "Feature", "properties": { "fid": 252, "hex_id": 251 }, "geometry": { "type": "Polygon", "coordinates": [ [ [ 14.521395, 53.470602 ], [ 14.523327, 53.472924 ], [ 14.527664, 53.473087 ], [ 14.530069, 53.470927 ], [ 14.528137, 53.468605 ], [ 14.5238, 53.468442 ], [ 14.521395, 53.470602 ] ] ] } },
{ "type": "Feature", "properties": { "fid": 253, "hex_id": 252 }, "geometry": { "type": "Polygon", "coordinates": [ [ [ 14.521868, 53.46612 ], [ 14.5238, 53.468442 ], [ 14.528137, 53.468605 ], [ 14.530541, 53.466445 ], [ 14.528609, 53.464123 ], [ 14.524272, 53.46396 ], [ 14.521868, 53.46612 ] ] ] } },
{ "type": "Feature", "properties": { "fid": 254, "hex_id": 253 }, "geometry": { "type": "Polygon", "coordinates": [ [ [ 14.52234, 53.461638 ], [ 14.524272, 53.46396 ], [ 14.528609, 53.464123 ], [ 14.531013, 53.461963 ], [ 14.52908, 53.459641 ], [ 14.524745, 53.459478 ], [ 14.52234, 53.461638 ] ] ] } },
{ "type": "Feature", "properties": { "fid": 255, "hex_id": 254 }, "geometry": { "type": "Polygon", "coordinates": [ [ [ 14.522813, 53.457156 ], [ 14.524745, 53.459478 ], [ 14.52908, 53.459641 ], [ 14.531484, 53.457481 ], [ 14.529552, 53.455159 ], [ 14.525217, 53.454996 ], [ 14.522813, 53.457156 ] ] ] } },
{ "type": "Feature", "properties": { "fid": 256, "hex_id": 255 }, "geometry": { "type": "Polygon", "coordinates": [ [ [ 14.523285, 53.452674 ], [ 14.525217, 53.454996 ], [ 14.529552, 53.455159 ], [ 14.531956, 53.452999 ], [ 14.530024, 53.450677 ], [ 14.525689, 53.450514 ], [ 14.523285, 53.452674 ] ] ] } },
{ "type": "Feature", "properties": { "fid": 257, "hex_id": 256 }, "geometry": { "type": "Polygon", "coordinates": [ [ [ 14.523757, 53.448192 ], [ 14.525689, 53.450514 ], [ 14.530024, 53.450677 ], [ 14.532427, 53.448517 ], [ 14.530495, 53.446195 ], [ 14.526161, 53.446032 ], [ 14.523757, 53.448192 ] ] ] } },
{ "type": "Feature", "properties": { "fid": 258, "hex_id": 257 }, "geometry": { "type": "Polygon", "coordinates": [ [ [ 14.524229, 53.44371 ], [ 14.526161, 53.446032 ], [ 14.530495, 53.446195 ], [ 14.532898, 53.444035 ], [ 14.530967, 53.441713 ], [ 14.526632, 53.44155 ], [ 14.524229, 53.44371 ] ] ] } },
{ "type": "Feature", "properties": { "fid": 259, "hex_id": 258 }, "geometry": { "type": "Polygon", "coordinates": [ [ [ 14.524701, 53.439228 ], [ 14.526632, 53.44155 ], [ 14.530967, 53.441713 ], [ 14.533369, 53.439553 ], [ 14.531438, 53.437231 ], [ 14.527104, 53.437068 ], [ 14.524701, 53.439228 ] ] ] } },
{ "type": "Feature", "properties": { "fid": 260, "hex_id": 259 }, "geometry": { "type": "Polygon", "coordinates": [ [ [ 14.525173, 53.434746 ], [ 14.527104, 53.437068 ], [ 14.531438, 53.437231 ], [ 14.53384, 53.435071 ], [ 14.531909, 53.432749 ], [ 14.527576, 53.432586 ], [ 14.525173, 53.434746 ] ] ] } },
{ "type": "Feature", "properties": { "fid": 261, "hex_id": 260 }, "geometry": { "type": "Polygon", "coordinates": [ [ [ 14.525645, 53.430264 ], [ 14.527576, 53.432586 ], [ 14.531909, 53.432749 ], [ 14.534311, 53.430589 ], [ 14.53238, 53.428267 ], [ 14.528047, 53.428104 ], [ 14.525645, 53.430264 ] ] ] } },
{ "type": "Feature", "properties": { "fid": 262, "hex_id": 261 }, "geometry": { "type": "Polygon", "coordinates": [ [ [ 14.526117, 53.425782 ], [ 14.528047, 53.428104 ], [ 14.53238, 53.428267 ], [ 14.534781, 53.426107 ], [ 14.532851, 53.423785 ], [ 14.528518, 53.423622 ], [ 14.526117, 53.425782 ] ] ] } },
{ "type": "Feature", "properties": { "fid": 263, "hex_id": 262 }, "geometry": { "type": "Polygon", "coordinates": [ [ [ 14.526588, 53.4213 ], [ 14.528518, 53.423622 ], [ 14.532851, 53.423785 ], [ 14.535252, 53.421625 ], [ 14.533321, 53.419302 ], [ 14.52899, 53.41914 ], [ 14.526588, 53.4213 ] ] ] } },
{ "type": "Feature", "properties": { "fid": 264, "hex_id": 263 }, "geometry": { "type": "Polygon", "coordinates": [ [ [ 14.527059, 53.416818 ], [ 14.52899, 53.41914 ], [ 14.533321, 53.419302 ], [ 14.535722, 53.417143 ], [ 14.533792, 53.41482 ], [ 14.529461, 53.414658 ], [ 14.527059, 53.416818 ] ] ] } },
{ "type": "Feature", "properties": { "fid": 265, "hex_id": 264 }, "geometry": { "type": "Polygon", "coordinates": [ [ [ 14.527531, 53.412336 ], [ 14.529461, 53.414658 ], [ 14.533792, 53.41482 ], [ 14.536193, 53.41266 ], [ 14.534262, 53.410338 ], [ 14.529932, 53.410176 ], [ 14.527531, 53.412336 ] ] ] } },
{ "type": "Feature", "properties": { "fid": 266, "hex_id": 265 }, "geometry": { "type": "Polygon", "coordinates": [ [ [ 14.528002, 53.407854 ], [ 14.529932, 53.410176 ], [ 14.534262, 53.410338 ], [ 14.536663, 53.408178 ], [ 14.534733, 53.405856 ], [ 14.530402, 53.405694 ], [ 14.528002, 53.407854 ] ] ] } },
{ "type": "Feature", "properties": { "fid": 267, "hex_id": 266 }, "geometry": { "type": "Polygon", "coordinates": [ [ [ 14.528473, 53.403372 ], [ 14.530402, 53.405694 ], [ 14.534733, 53.405856 ], [ 14.537133, 53.403696 ], [ 14.535203, 53.401374 ], [ 14.530873, 53.401212 ], [ 14.528473, 53.403372 ] ] ] } },
{ "type": "Feature", "properties": { "fid": 268, "hex_id": 267 }, "geometry": { "type": "Polygon", "coordinates": [ [ [ 14.528943, 53.39889 ], [ 14.530873, 53.401212 ], [ 14.535203, 53.401374 ], [ 14.537603, 53.399214 ], [ 14.535673, 53.396892 ], [ 14.531344, 53.39673 ], [ 14.528943, 53.39889 ] ] ] } },
{ "type": "Feature", "properties": { "fid": 269, "hex_id": 268 }, "geometry": { "type": "Polygon", "coordinates": [ [ [ 14.529414, 53.394407 ], [ 14.531344, 53.39673 ], [ 14.535673, 53.396892 ], [ 14.538073, 53.394732 ], [ 14.536143, 53.39241 ], [ 14.531814, 53.392248 ], [ 14.529414, 53.394407 ] ] ] } },
{ "type": "Feature", "properties": { "fid": 270, "hex_id": 269 }, "geometry": { "type": "Polygon", "coordinates": [ [ [ 14.529885, 53.389925 ], [ 14.531814, 53.392248 ], [ 14.536143, 53.39241 ], [ 14.538542, 53.39025 ], [ 14.536613, 53.387928 ], [ 14.532284, 53.387766 ], [ 14.529885, 53.389925 ] ] ] } },
{ "type": "Feature", "properties": { "fid": 271, "hex_id": 270 }, "geometry": { "type": "Polygon", "coordinates": [ [ [ 14.530355, 53.385443 ], [ 14.532284, 53.387766 ], [ 14.536613, 53.387928 ], [ 14.539012, 53.385768 ], [ 14.537083, 53.383446 ], [ 14.532754, 53.383283 ], [ 14.530355, 53.385443 ] ] ] } },
{ "type": "Feature", "properties": { "fid": 272, "hex_id": 271 }, "geometry": { "type": "Polygon", "coordinates": [ [ [ 14.530825, 53.380961 ], [ 14.532754, 53.383283 ], [ 14.537083, 53.383446 ], [ 14.539481, 53.381286 ], [ 14.537552, 53.378963 ], [ 14.533224, 53.378801 ], [ 14.530825, 53.380961 ] ] ] } },
{ "type": "Feature", "properties": { "fid": 273, "hex_id": 272 }, "geometry": { "type": "Polygon", "coordinates": [ [ [ 14.531296, 53.376479 ], [ 14.533224, 53.378801 ], [ 14.537552, 53.378963 ], [ 14.539951, 53.376803 ], [ 14.538022, 53.374481 ], [ 14.533694, 53.374319 ], [ 14.531296, 53.376479 ] ] ] } },
{ "type": "Feature", "properties": { "fid": 274, "hex_id": 273 }, "geometry": { "type": "Polygon", "coordinates": [ [ [ 14.531766, 53.371997 ], [ 14.533694, 53.374319 ], [ 14.538022, 53.374481 ], [ 14.54042, 53.372321 ], [ 14.538491, 53.369999 ], [ 14.534164, 53.369837 ], [ 14.531766, 53.371997 ] ] ] } },
{ "type": "Feature", "properties": { "fid": 275, "hex_id": 274 }, "geometry": { "type": "Polygon", "coordinates": [ [ [ 14.534583, 53.345104 ], [ 14.536511, 53.347426 ], [ 14.540836, 53.347588 ], [ 14.543232, 53.345428 ], [ 14.541304, 53.343106 ], [ 14.53698, 53.342944 ], [ 14.534583, 53.345104 ] ] ] } },
{ "type": "Feature", "properties": { "fid": 276, "hex_id": 275 }, "geometry": { "type": "Polygon", "coordinates": [ [ [ 14.535053, 53.340622 ], [ 14.53698, 53.342944 ], [ 14.541304, 53.343106 ], [ 14.5437, 53.340946 ], [ 14.541773, 53.338624 ], [ 14.537449, 53.338462 ], [ 14.535053, 53.340622 ] ] ] } },
{ "type": "Feature", "properties": { "fid": 277, "hex_id": 276 }, "geometry": { "type": "Polygon", "coordinates": [ [ [ 14.535522, 53.33614 ], [ 14.537449, 53.338462 ], [ 14.541773, 53.338624 ], [ 14.544169, 53.336464 ], [ 14.542241, 53.334142 ], [ 14.537918, 53.33398 ], [ 14.535522, 53.33614 ] ] ] } },
{ "type": "Feature", "properties": { "fid": 278, "hex_id": 277 }, "geometry": { "type": "Polygon", "coordinates": [ [ [ 14.535991, 53.331658 ], [ 14.537918, 53.33398 ], [ 14.542241, 53.334142 ], [ 14.544637, 53.331982 ], [ 14.542709, 53.32966 ], [ 14.538386, 53.329498 ], [ 14.535991, 53.331658 ] ] ] } },
{ "type": "Feature", "properties": { "fid": 279, "hex_id": 278 }, "geometry": { "type": "Polygon", "coordinates": [ [ [ 14.525302, 53.495497 ], [ 14.527235, 53.497819 ], [ 14.531575, 53.497982 ], [ 14.533981, 53.495822 ], [ 14.532047, 53.4935 ], [ 14.527708, 53.493337 ], [ 14.525302, 53.495497 ] ] ] } },
{ "type": "Feature", "properties": { "fid": 280, "hex_id": 279 }, "geometry": { "type": "Polygon", "coordinates": [ [ [ 14.525775, 53.491015 ], [ 14.527708, 53.493337 ], [ 14.532047, 53.4935 ], [ 14.534453, 53.49134 ], [ 14.532519, 53.489018 ], [ 14.52818, 53.488855 ], [ 14.525775, 53.491015 ] ] ] } },
{ "type": "Feature", "properties": { "fid": 281, "hex_id": 280 }, "geometry": { "type": "Polygon", "coordinates": [ [ [ 14.526247, 53.486533 ], [ 14.52818, 53.488855 ], [ 14.532519, 53.489018 ], [ 14.534925, 53.486858 ], [ 14.532991, 53.484536 ], [ 14.528653, 53.484373 ], [ 14.526247, 53.486533 ] ] ] } },
{ "type": "Feature", "properties": { "fid": 282, "hex_id": 281 }, "geometry": { "type": "Polygon", "coordinates": [ [ [ 14.52672, 53.482051 ], [ 14.528653, 53.484373 ], [ 14.532991, 53.484536 ], [ 14.535396, 53.482376 ], [ 14.533463, 53.480054 ], [ 14.529125, 53.479891 ], [ 14.52672, 53.482051 ] ] ] } },
{ "type": "Feature", "properties": { "fid": 283, "hex_id": 282 }, "geometry": { "type": "Polygon", "coordinates": [ [ [ 14.527192, 53.477569 ], [ 14.529125, 53.479891 ], [ 14.533463, 53.480054 ], [ 14.535868, 53.477894 ], [ 14.533935, 53.475572 ], [ 14.529597, 53.475409 ], [ 14.527192, 53.477569 ] ] ] } },
{ "type": "Feature", "properties": { "fid": 284, "hex_id": 283 }, "geometry": { "type": "Polygon", "coordinates": [ [ [ 14.527664, 53.473087 ], [ 14.529597, 53.475409 ], [ 14.533935, 53.475572 ], [ 14.536339, 53.473412 ], [ 14.534406, 53.47109 ], [ 14.530069, 53.470927 ], [ 14.527664, 53.473087 ] ] ] } },
{ "type": "Feature", "properties": { "fid": 285, "hex_id": 284 }, "geometry": { "type": "Polygon", "coordinates": [ [ [ 14.528137, 53.468605 ], [ 14.530069, 53.470927 ], [ 14.534406, 53.47109 ], [ 14.53681, 53.46893 ], [ 14.534877, 53.466608 ], [ 14.530541, 53.466445 ], [ 14.528137, 53.468605 ] ] ] } },
{ "type": "Feature", "properties": { "fid": 286, "hex_id": 285 }, "geometry": { "type": "Polygon", "coordinates": [ [ [ 14.528609, 53.464123 ], [ 14.530541, 53.466445 ], [ 14.534877, 53.466608 ], [ 14.537281, 53.464448 ], [ 14.535349, 53.462126 ], [ 14.531013, 53.461963 ], [ 14.528609, 53.464123 ] ] ] } },
{ "type": "Feature", "properties": { "fid": 287, "hex_id": 286 }, "geometry": { "type": "Polygon", "coordinates": [ [ [ 14.52908, 53.459641 ], [ 14.531013, 53.461963 ], [ 14.535349, 53.462126 ], [ 14.537752, 53.459966 ], [ 14.53582, 53.457644 ], [ 14.531484, 53.457481 ], [ 14.52908, 53.459641 ] ] ] } },
{ "type": "Feature", "properties": { "fid": 288, "hex_id": 287 }, "geometry": { "type": "Polygon", "coordinates": [ [ [ 14.529552, 53.455159 ], [ 14.531484, 53.457481 ], [ 14.53582, 53.457644 ], [ 14.538223, 53.455484 ], [ 14.536291, 53.453161 ], [ 14.531956, 53.452999 ], [ 14.529552, 53.455159 ] ] ] } },
{ "type": "Feature", "properties": { "fid": 289, "hex_id": 288 }, "geometry": { "type": "Polygon", "coordinates": [ [ [ 14.530024, 53.450677 ], [ 14.531956, 53.452999 ], [ 14.536291, 53.453161 ], [ 14.538694, 53.451002 ], [ 14.536762, 53.448679 ], [ 14.532427, 53.448517 ], [ 14.530024, 53.450677 ] ] ] } },
{ "type": "Feature", "properties": { "fid": 290, "hex_id": 289 }, "geometry": { "type": "Polygon", "coordinates": [ [ [ 14.530495, 53.446195 ], [ 14.532427, 53.448517 ], [ 14.536762, 53.448679 ], [ 14.539164, 53.446519 ], [ 14.537232, 53.444197 ], [ 14.532898, 53.444035 ], [ 14.530495, 53.446195 ] ] ] } },
{ "type": "Feature", "properties": { "fid": 291, "hex_id": 290 }, "geometry": { "type": "Polygon", "coordinates": [ [ [ 14.530967, 53.441713 ], [ 14.532898, 53.444035 ], [ 14.537232, 53.444197 ], [ 14.539635, 53.442037 ], [ 14.537703, 53.439715 ], [ 14.533369, 53.439553 ], [ 14.530967, 53.441713 ] ] ] } },
{ "type": "Feature", "properties": { "fid": 292, "hex_id": 291 }, "geometry": { "type": "Polygon", "coordinates": [ [ [ 14.531438, 53.437231 ], [ 14.533369, 53.439553 ], [ 14.537703, 53.439715 ], [ 14.540105, 53.437555 ], [ 14.538173, 53.435233 ], [ 14.53384, 53.435071 ], [ 14.531438, 53.437231 ] ] ] } },
{ "type": "Feature", "properties": { "fid": 293, "hex_id": 292 }, "geometry": { "type": "Polygon", "coordinates": [ [ [ 14.531909, 53.432749 ], [ 14.53384, 53.435071 ], [ 14.538173, 53.435233 ], [ 14.540575, 53.433073 ], [ 14.538644, 53.430751 ], [ 14.534311, 53.430589 ], [ 14.531909, 53.432749 ] ] ] } },
{ "type": "Feature", "properties": { "fid": 294, "hex_id": 293 }, "geometry": { "type": "Polygon", "coordinates": [ [ [ 14.53238, 53.428267 ], [ 14.534311, 53.430589 ], [ 14.538644, 53.430751 ], [ 14.541045, 53.428591 ], [ 14.539114, 53.426269 ], [ 14.534781, 53.426107 ], [ 14.53238, 53.428267 ] ] ] } },
{ "type": "Feature", "properties": { "fid": 295, "hex_id": 294 }, "geometry": { "type": "Polygon", "coordinates": [ [ [ 14.532851, 53.423785 ], [ 14.534781, 53.426107 ], [ 14.539114, 53.426269 ], [ 14.541515, 53.424109 ], [ 14.539584, 53.421787 ], [ 14.535252, 53.421625 ], [ 14.532851, 53.423785 ] ] ] } },
{ "type": "Feature", "properties": { "fid": 296, "hex_id": 295 }, "geometry": { "type": "Polygon", "coordinates": [ [ [ 14.533321, 53.419302 ], [ 14.535252, 53.421625 ], [ 14.539584, 53.421787 ], [ 14.541985, 53.419627 ], [ 14.540054, 53.417305 ], [ 14.535722, 53.417143 ], [ 14.533321, 53.419302 ] ] ] } },
{ "type": "Feature", "properties": { "fid": 297, "hex_id": 296 }, "geometry": { "type": "Polygon", "coordinates": [ [ [ 14.533792, 53.41482 ], [ 14.535722, 53.417143 ], [ 14.540054, 53.417305 ], [ 14.542455, 53.415145 ], [ 14.540524, 53.412823 ], [ 14.536193, 53.41266 ], [ 14.533792, 53.41482 ] ] ] } },
{ "type": "Feature", "properties": { "fid": 298, "hex_id": 297 }, "geometry": { "type": "Polygon", "coordinates": [ [ [ 14.534262, 53.410338 ], [ 14.536193, 53.41266 ], [ 14.540524, 53.412823 ], [ 14.542924, 53.410663 ], [ 14.540994, 53.40834 ], [ 14.536663, 53.408178 ], [ 14.534262, 53.410338 ] ] ] } },
{ "type": "Feature", "properties": { "fid": 299, "hex_id": 298 }, "geometry": { "type": "Polygon", "coordinates": [ [ [ 14.534733, 53.405856 ], [ 14.536663, 53.408178 ], [ 14.540994, 53.40834 ], [ 14.543394, 53.40618 ], [ 14.541463, 53.403858 ], [ 14.537133, 53.403696 ], [ 14.534733, 53.405856 ] ] ] } },
{ "type": "Feature", "properties": { "fid": 300, "hex_id": 299 }, "geometry": { "type": "Polygon", "coordinates": [ [ [ 14.535203, 53.401374 ], [ 14.537133, 53.403696 ], [ 14.541463, 53.403858 ], [ 14.543863, 53.401698 ], [ 14.541933, 53.399376 ], [ 14.537603, 53.399214 ], [ 14.535203, 53.401374 ] ] ] } },
{ "type": "Feature", "properties": { "fid": 301, "hex_id": 300 }, "geometry": { "type": "Polygon", "coordinates": [ [ [ 14.535673, 53.396892 ], [ 14.537603, 53.399214 ], [ 14.541933, 53.399376 ], [ 14.544332, 53.397216 ], [ 14.542402, 53.394894 ], [ 14.538073, 53.394732 ], [ 14.535673, 53.396892 ] ] ] } },
{ "type": "Feature", "properties": { "fid": 302, "hex_id": 301 }, "geometry": { "type": "Polygon", "coordinates": [ [ [ 14.536143, 53.39241 ], [ 14.538073, 53.394732 ], [ 14.542402, 53.394894 ], [ 14.544801, 53.392734 ], [ 14.542871, 53.390412 ], [ 14.538542, 53.39025 ], [ 14.536143, 53.39241 ] ] ] } },
{ "type": "Feature", "properties": { "fid": 303, "hex_id": 302 }, "geometry": { "type": "Polygon", "coordinates": [ [ [ 14.536613, 53.387928 ], [ 14.538542, 53.39025 ], [ 14.542871, 53.390412 ], [ 14.54527, 53.388252 ], [ 14.54334, 53.38593 ], [ 14.539012, 53.385768 ], [ 14.536613, 53.387928 ] ] ] } },
{ "type": "Feature", "properties": { "fid": 304, "hex_id": 303 }, "geometry": { "type": "Polygon", "coordinates": [ [ [ 14.537083, 53.383446 ], [ 14.539012, 53.385768 ], [ 14.54334, 53.38593 ], [ 14.545739, 53.38377 ], [ 14.543809, 53.381448 ], [ 14.539481, 53.381286 ], [ 14.537083, 53.383446 ] ] ] } },
{ "type": "Feature", "properties": { "fid": 305, "hex_id": 304 }, "geometry": { "type": "Polygon", "coordinates": [ [ [ 14.537552, 53.378963 ], [ 14.539481, 53.381286 ], [ 14.543809, 53.381448 ], [ 14.546208, 53.379287 ], [ 14.544278, 53.376965 ], [ 14.539951, 53.376803 ], [ 14.537552, 53.378963 ] ] ] } },
{ "type": "Feature", "properties": { "fid": 306, "hex_id": 305 }, "geometry": { "type": "Polygon", "coordinates": [ [ [ 14.538022, 53.374481 ], [ 14.539951, 53.376803 ], [ 14.544278, 53.376965 ], [ 14.546676, 53.374805 ], [ 14.544747, 53.372483 ], [ 14.54042, 53.372321 ], [ 14.538022, 53.374481 ] ] ] } },
{ "type": "Feature", "properties": { "fid": 307, "hex_id": 306 }, "geometry": { "type": "Polygon", "coordinates": [ [ [ 14.540836, 53.347588 ], [ 14.542764, 53.34991 ], [ 14.547089, 53.350072 ], [ 14.549485, 53.347912 ], [ 14.547557, 53.34559 ], [ 14.543232, 53.345428 ], [ 14.540836, 53.347588 ] ] ] } },
{ "type": "Feature", "properties": { "fid": 308, "hex_id": 307 }, "geometry": { "type": "Polygon", "coordinates": [ [ [ 14.541304, 53.343106 ], [ 14.543232, 53.345428 ], [ 14.547557, 53.34559 ], [ 14.549953, 53.34343 ], [ 14.548024, 53.341108 ], [ 14.5437, 53.340946 ], [ 14.541304, 53.343106 ] ] ] } },
{ "type": "Feature", "properties": { "fid": 309, "hex_id": 308 }, "geometry": { "type": "Polygon", "coordinates": [ [ [ 14.541773, 53.338624 ], [ 14.5437, 53.340946 ], [ 14.548024, 53.341108 ], [ 14.55042, 53.338947 ], [ 14.548492, 53.336625 ], [ 14.544169, 53.336464 ], [ 14.541773, 53.338624 ] ] ] } },
{ "type": "Feature", "properties": { "fid": 310, "hex_id": 309 }, "geometry": { "type": "Polygon", "coordinates": [ [ [ 14.542241, 53.334142 ], [ 14.544169, 53.336464 ], [ 14.548492, 53.336625 ], [ 14.550887, 53.334465 ], [ 14.54896, 53.332143 ], [ 14.544637, 53.331982 ], [ 14.542241, 53.334142 ] ] ] } },
{ "type": "Feature", "properties": { "fid": 311, "hex_id": 310 }, "geometry": { "type": "Polygon", "coordinates": [ [ [ 14.542709, 53.32966 ], [ 14.544637, 53.331982 ], [ 14.54896, 53.332143 ], [ 14.551355, 53.329983 ], [ 14.549427, 53.327661 ], [ 14.545105, 53.327499 ], [ 14.542709, 53.32966 ] ] ] } },
{ "type": "Feature", "properties": { "fid": 312, "hex_id": 311 }, "geometry": { "type": "Polygon", "coordinates": [ [ [ 14.531575, 53.497982 ], [ 14.533509, 53.500304 ], [ 14.537849, 53.500467 ], [ 14.540255, 53.498307 ], [ 14.538321, 53.495985 ], [ 14.533981, 53.495822 ], [ 14.531575, 53.497982 ] ] ] } },
{ "type": "Feature", "properties": { "fid": 313, "hex_id": 312 }, "geometry": { "type": "Polygon", "coordinates": [ [ [ 14.532047, 53.4935 ], [ 14.533981, 53.495822 ], [ 14.538321, 53.495985 ], [ 14.540726, 53.493825 ], [ 14.538792, 53.491502 ], [ 14.534453, 53.49134 ], [ 14.532047, 53.4935 ] ] ] } },
{ "type": "Feature", "properties": { "fid": 314, "hex_id": 313 }, "geometry": { "type": "Polygon", "coordinates": [ [ [ 14.532519, 53.489018 ], [ 14.534453, 53.49134 ], [ 14.538792, 53.491502 ], [ 14.541197, 53.489343 ], [ 14.539263, 53.48702 ], [ 14.534925, 53.486858 ], [ 14.532519, 53.489018 ] ] ] } },
{ "type": "Feature", "properties": { "fid": 315, "hex_id": 314 }, "geometry": { "type": "Polygon", "coordinates": [ [ [ 14.532991, 53.484536 ], [ 14.534925, 53.486858 ], [ 14.539263, 53.48702 ], [ 14.541668, 53.48486 ], [ 14.539734, 53.482538 ], [ 14.535396, 53.482376 ], [ 14.532991, 53.484536 ] ] ] } },
{ "type": "Feature", "properties": { "fid": 316, "hex_id": 315 }, "geometry": { "type": "Polygon", "coordinates": [ [ [ 14.533463, 53.480054 ], [ 14.535396, 53.482376 ], [ 14.539734, 53.482538 ], [ 14.542139, 53.480378 ], [ 14.540205, 53.478056 ], [ 14.535868, 53.477894 ], [ 14.533463, 53.480054 ] ] ] } },
{ "type": "Feature", "properties": { "fid": 317, "hex_id": 316 }, "geometry": { "type": "Polygon", "coordinates": [ [ [ 14.533935, 53.475572 ], [ 14.535868, 53.477894 ], [ 14.540205, 53.478056 ], [ 14.54261, 53.475896 ], [ 14.540676, 53.473574 ], [ 14.536339, 53.473412 ], [ 14.533935, 53.475572 ] ] ] } },
{ "type": "Feature", "properties": { "fid": 318, "hex_id": 317 }, "geometry": { "type": "Polygon", "coordinates": [ [ [ 14.534406, 53.47109 ], [ 14.536339, 53.473412 ], [ 14.540676, 53.473574 ], [ 14.54308, 53.471414 ], [ 14.541147, 53.469092 ], [ 14.53681, 53.46893 ], [ 14.534406, 53.47109 ] ] ] } },
{ "type": "Feature", "properties": { "fid": 319, "hex_id": 318 }, "geometry": { "type": "Polygon", "coordinates": [ [ [ 14.534877, 53.466608 ], [ 14.53681, 53.46893 ], [ 14.541147, 53.469092 ], [ 14.543551, 53.466932 ], [ 14.541618, 53.46461 ], [ 14.537281, 53.464448 ], [ 14.534877, 53.466608 ] ] ] } },
{ "type": "Feature", "properties": { "fid": 320, "hex_id": 319 }, "geometry": { "type": "Polygon", "coordinates": [ [ [ 14.535349, 53.462126 ], [ 14.537281, 53.464448 ], [ 14.541618, 53.46461 ], [ 14.544021, 53.46245 ], [ 14.542088, 53.460128 ], [ 14.537752, 53.459966 ], [ 14.535349, 53.462126 ] ] ] } },
{ "type": "Feature", "properties": { "fid": 321, "hex_id": 320 }, "geometry": { "type": "Polygon", "coordinates": [ [ [ 14.53582, 53.457644 ], [ 14.537752, 53.459966 ], [ 14.542088, 53.460128 ], [ 14.544491, 53.457968 ], [ 14.542559, 53.455646 ], [ 14.538223, 53.455484 ], [ 14.53582, 53.457644 ] ] ] } },
{ "type": "Feature", "properties": { "fid": 322, "hex_id": 321 }, "geometry": { "type": "Polygon", "coordinates": [ [ [ 14.536291, 53.453161 ], [ 14.538223, 53.455484 ], [ 14.542559, 53.455646 ], [ 14.544961, 53.453486 ], [ 14.543029, 53.451164 ], [ 14.538694, 53.451002 ], [ 14.536291, 53.453161 ] ] ] } },
{ "type": "Feature", "properties": { "fid": 323, "hex_id": 322 }, "geometry": { "type": "Polygon", "coordinates": [ [ [ 14.536762, 53.448679 ], [ 14.538694, 53.451002 ], [ 14.543029, 53.451164 ], [ 14.545431, 53.449004 ], [ 14.543499, 53.446682 ], [ 14.539164, 53.446519 ], [ 14.536762, 53.448679 ] ] ] } },
{ "type": "Feature", "properties": { "fid": 324, "hex_id": 323 }, "geometry": { "type": "Polygon", "coordinates": [ [ [ 14.537232, 53.444197 ], [ 14.539164, 53.446519 ], [ 14.543499, 53.446682 ], [ 14.545901, 53.444521 ], [ 14.543969, 53.442199 ], [ 14.539635, 53.442037 ], [ 14.537232, 53.444197 ] ] ] } },
{ "type": "Feature", "properties": { "fid": 325, "hex_id": 324 }, "geometry": { "type": "Polygon", "coordinates": [ [ [ 14.537703, 53.439715 ], [ 14.539635, 53.442037 ], [ 14.543969, 53.442199 ], [ 14.546371, 53.440039 ], [ 14.544439, 53.437717 ], [ 14.540105, 53.437555 ], [ 14.537703, 53.439715 ] ] ] } },
{ "type": "Feature", "properties": { "fid": 326, "hex_id": 325 }, "geometry": { "type": "Polygon", "coordinates": [ [ [ 14.538173, 53.435233 ], [ 14.540105, 53.437555 ], [ 14.544439, 53.437717 ], [ 14.54684, 53.435557 ], [ 14.544908, 53.433235 ], [ 14.540575, 53.433073 ], [ 14.538173, 53.435233 ] ] ] } },
{ "type": "Feature", "properties": { "fid": 327, "hex_id": 326 }, "geometry": { "type": "Polygon", "coordinates": [ [ [ 14.538644, 53.430751 ], [ 14.540575, 53.433073 ], [ 14.544908, 53.433235 ], [ 14.54731, 53.431075 ], [ 14.545378, 53.428753 ], [ 14.541045, 53.428591 ], [ 14.538644, 53.430751 ] ] ] } },
{ "type": "Feature", "properties": { "fid": 328, "hex_id": 327 }, "geometry": { "type": "Polygon", "coordinates": [ [ [ 14.539114, 53.426269 ], [ 14.541045, 53.428591 ], [ 14.545378, 53.428753 ], [ 14.547779, 53.426593 ], [ 14.545848, 53.424271 ], [ 14.541515, 53.424109 ], [ 14.539114, 53.426269 ] ] ] } },
{ "type": "Feature", "properties": { "fid": 329, "hex_id": 328 }, "geometry": { "type": "Polygon", "coordinates": [ [ [ 14.539584, 53.421787 ], [ 14.541515, 53.424109 ], [ 14.545848, 53.424271 ], [ 14.548248, 53.422111 ], [ 14.546317, 53.419789 ], [ 14.541985, 53.419627 ], [ 14.539584, 53.421787 ] ] ] } },
{ "type": "Feature", "properties": { "fid": 330, "hex_id": 329 }, "geometry": { "type": "Polygon", "coordinates": [ [ [ 14.540054, 53.417305 ], [ 14.541985, 53.419627 ], [ 14.546317, 53.419789 ], [ 14.548717, 53.417629 ], [ 14.546786, 53.415307 ], [ 14.542455, 53.415145 ], [ 14.540054, 53.417305 ] ] ] } },
{ "type": "Feature", "properties": { "fid": 331, "hex_id": 330 }, "geometry": { "type": "Polygon", "coordinates": [ [ [ 14.540524, 53.412823 ], [ 14.542455, 53.415145 ], [ 14.546786, 53.415307 ], [ 14.549186, 53.413146 ], [ 14.547255, 53.410824 ], [ 14.542924, 53.410663 ], [ 14.540524, 53.412823 ] ] ] } },
{ "type": "Feature", "properties": { "fid": 332, "hex_id": 331 }, "geometry": { "type": "Polygon", "coordinates": [ [ [ 14.540994, 53.40834 ], [ 14.542924, 53.410663 ], [ 14.547255, 53.410824 ], [ 14.549655, 53.408664 ], [ 14.547724, 53.406342 ], [ 14.543394, 53.40618 ], [ 14.540994, 53.40834 ] ] ] } },
{ "type": "Feature", "properties": { "fid": 333, "hex_id": 332 }, "geometry": { "type": "Polygon", "coordinates": [ [ [ 14.541463, 53.403858 ], [ 14.543394, 53.40618 ], [ 14.547724, 53.406342 ], [ 14.550124, 53.404182 ], [ 14.548193, 53.40186 ], [ 14.543863, 53.401698 ], [ 14.541463, 53.403858 ] ] ] } },
{ "type": "Feature", "properties": { "fid": 334, "hex_id": 333 }, "geometry": { "type": "Polygon", "coordinates": [ [ [ 14.541933, 53.399376 ], [ 14.543863, 53.401698 ], [ 14.548193, 53.40186 ], [ 14.550592, 53.3997 ], [ 14.548662, 53.397378 ], [ 14.544332, 53.397216 ], [ 14.541933, 53.399376 ] ] ] } },
{ "type": "Feature", "properties": { "fid": 335, "hex_id": 334 }, "geometry": { "type": "Polygon", "coordinates": [ [ [ 14.542402, 53.394894 ], [ 14.544332, 53.397216 ], [ 14.548662, 53.397378 ], [ 14.551061, 53.395218 ], [ 14.54913, 53.392896 ], [ 14.544801, 53.392734 ], [ 14.542402, 53.394894 ] ] ] } },
{ "type": "Feature", "properties": { "fid": 336, "hex_id": 335 }, "geometry": { "type": "Polygon", "coordinates": [ [ [ 14.542871, 53.390412 ], [ 14.544801, 53.392734 ], [ 14.54913, 53.392896 ], [ 14.551529, 53.390735 ], [ 14.549599, 53.388413 ], [ 14.54527, 53.388252 ], [ 14.542871, 53.390412 ] ] ] } },
{ "type": "Feature", "properties": { "fid": 337, "hex_id": 336 }, "geometry": { "type": "Polygon", "coordinates": [ [ [ 14.54334, 53.38593 ], [ 14.54527, 53.388252 ], [ 14.549599, 53.388413 ], [ 14.551997, 53.386253 ], [ 14.550067, 53.383931 ], [ 14.545739, 53.38377 ], [ 14.54334, 53.38593 ] ] ] } },
{ "type": "Feature", "properties": { "fid": 338, "hex_id": 337 }, "geometry": { "type": "Polygon", "coordinates": [ [ [ 14.543809, 53.381448 ], [ 14.545739, 53.38377 ], [ 14.550067, 53.383931 ], [ 14.552465, 53.381771 ], [ 14.550535, 53.379449 ], [ 14.546208, 53.379287 ], [ 14.543809, 53.381448 ] ] ] } },
{ "type": "Feature", "properties": { "fid": 339, "hex_id": 338 }, "geometry": { "type": "Polygon", "coordinates": [ [ [ 14.544278, 53.376965 ], [ 14.546208, 53.379287 ], [ 14.550535, 53.379449 ], [ 14.552933, 53.377289 ], [ 14.551004, 53.374967 ], [ 14.546676, 53.374805 ], [ 14.544278, 53.376965 ] ] ] } },
{ "type": "Feature", "properties": { "fid": 340, "hex_id": 339 }, "geometry": { "type": "Polygon", "coordinates": [ [ [ 14.544747, 53.372483 ], [ 14.546676, 53.374805 ], [ 14.551004, 53.374967 ], [ 14.553401, 53.372806 ], [ 14.551472, 53.370485 ], [ 14.547145, 53.370323 ], [ 14.544747, 53.372483 ] ] ] } },
{ "type": "Feature", "properties": { "fid": 341, "hex_id": 340 }, "geometry": { "type": "Polygon", "coordinates": [ [ [ 14.54662, 53.354554 ], [ 14.548549, 53.356876 ], [ 14.552875, 53.357038 ], [ 14.555271, 53.354877 ], [ 14.553342, 53.352556 ], [ 14.549017, 53.352394 ], [ 14.54662, 53.354554 ] ] ] } },
{ "type": "Feature", "properties": { "fid": 342, "hex_id": 341 }, "geometry": { "type": "Polygon", "coordinates": [ [ [ 14.547089, 53.350072 ], [ 14.549017, 53.352394 ], [ 14.553342, 53.352556 ], [ 14.555738, 53.350395 ], [ 14.55381, 53.348073 ], [ 14.549485, 53.347912 ], [ 14.547089, 53.350072 ] ] ] } },
{ "type": "Feature", "properties": { "fid": 343, "hex_id": 342 }, "geometry": { "type": "Polygon", "coordinates": [ [ [ 14.547557, 53.34559 ], [ 14.549485, 53.347912 ], [ 14.55381, 53.348073 ], [ 14.556205, 53.345913 ], [ 14.554277, 53.343591 ], [ 14.549953, 53.34343 ], [ 14.547557, 53.34559 ] ] ] } },
{ "type": "Feature", "properties": { "fid": 344, "hex_id": 343 }, "geometry": { "type": "Polygon", "coordinates": [ [ [ 14.548024, 53.341108 ], [ 14.549953, 53.34343 ], [ 14.554277, 53.343591 ], [ 14.556672, 53.341431 ], [ 14.554744, 53.339109 ], [ 14.55042, 53.338947 ], [ 14.548024, 53.341108 ] ] ] } },
{ "type": "Feature", "properties": { "fid": 345, "hex_id": 344 }, "geometry": { "type": "Polygon", "coordinates": [ [ [ 14.548492, 53.336625 ], [ 14.55042, 53.338947 ], [ 14.554744, 53.339109 ], [ 14.557139, 53.336948 ], [ 14.555211, 53.334627 ], [ 14.550887, 53.334465 ], [ 14.548492, 53.336625 ] ] ] } },
{ "type": "Feature", "properties": { "fid": 346, "hex_id": 345 }, "geometry": { "type": "Polygon", "coordinates": [ [ [ 14.54896, 53.332143 ], [ 14.550887, 53.334465 ], [ 14.555211, 53.334627 ], [ 14.557606, 53.332466 ], [ 14.555678, 53.330144 ], [ 14.551355, 53.329983 ], [ 14.54896, 53.332143 ] ] ] } },
{ "type": "Feature", "properties": { "fid": 347, "hex_id": 346 }, "geometry": { "type": "Polygon", "coordinates": [ [ [ 14.537849, 53.500467 ], [ 14.539784, 53.502789 ], [ 14.544124, 53.502951 ], [ 14.546529, 53.500791 ], [ 14.544595, 53.498469 ], [ 14.540255, 53.498307 ], [ 14.537849, 53.500467 ] ] ] } },
{ "type": "Feature", "properties": { "fid": 348, "hex_id": 347 }, "geometry": { "type": "Polygon", "coordinates": [ [ [ 14.538321, 53.495985 ], [ 14.540255, 53.498307 ], [ 14.544595, 53.498469 ], [ 14.547, 53.496309 ], [ 14.545066, 53.493987 ], [ 14.540726, 53.493825 ], [ 14.538321, 53.495985 ] ] ] } },
{ "type": "Feature", "properties": { "fid": 349, "hex_id": 348 }, "geometry": { "type": "Polygon", "coordinates": [ [ [ 14.538792, 53.491502 ], [ 14.540726, 53.493825 ], [ 14.545066, 53.493987 ], [ 14.547471, 53.491827 ], [ 14.545536, 53.489505 ], [ 14.541197, 53.489343 ], [ 14.538792, 53.491502 ] ] ] } },
{ "type": "Feature", "properties": { "fid": 350, "hex_id": 349 }, "geometry": { "type": "Polygon", "coordinates": [ [ [ 14.539263, 53.48702 ], [ 14.541197, 53.489343 ], [ 14.545536, 53.489505 ], [ 14.547941, 53.487345 ], [ 14.546007, 53.485023 ], [ 14.541668, 53.48486 ], [ 14.539263, 53.48702 ] ] ] } },
{ "type": "Feature", "properties": { "fid": 351, "hex_id": 350 }, "geometry": { "type": "Polygon", "coordinates": [ [ [ 14.539734, 53.482538 ], [ 14.541668, 53.48486 ], [ 14.546007, 53.485023 ], [ 14.548411, 53.482862 ], [ 14.546477, 53.48054 ], [ 14.542139, 53.480378 ], [ 14.539734, 53.482538 ] ] ] } },
{ "type": "Feature", "properties": { "fid": 352, "hex_id": 351 }, "geometry": { "type": "Polygon", "coordinates": [ [ [ 14.540205, 53.478056 ], [ 14.542139, 53.480378 ], [ 14.546477, 53.48054 ], [ 14.548881, 53.47838 ], [ 14.546947, 53.476058 ], [ 14.54261, 53.475896 ], [ 14.540205, 53.478056 ] ] ] } },
{ "type": "Feature", "properties": { "fid": 353, "hex_id": 352 }, "geometry": { "type": "Polygon", "coordinates": [ [ [ 14.540676, 53.473574 ], [ 14.54261, 53.475896 ], [ 14.546947, 53.476058 ], [ 14.549351, 53.473898 ], [ 14.547417, 53.471576 ], [ 14.54308, 53.471414 ], [ 14.540676, 53.473574 ] ] ] } },
{ "type": "Feature", "properties": { "fid": 354, "hex_id": 353 }, "geometry": { "type": "Polygon", "coordinates": [ [ [ 14.541147, 53.469092 ], [ 14.54308, 53.471414 ], [ 14.547417, 53.471576 ], [ 14.549821, 53.469416 ], [ 14.547887, 53.467094 ], [ 14.543551, 53.466932 ], [ 14.541147, 53.469092 ] ] ] } },
{ "type": "Feature", "properties": { "fid": 355, "hex_id": 354 }, "geometry": { "type": "Polygon", "coordinates": [ [ [ 14.541618, 53.46461 ], [ 14.543551, 53.466932 ], [ 14.547887, 53.467094 ], [ 14.550291, 53.464934 ], [ 14.548357, 53.462612 ], [ 14.544021, 53.46245 ], [ 14.541618, 53.46461 ] ] ] } },
{ "type": "Feature", "properties": { "fid": 356, "hex_id": 355 }, "geometry": { "type": "Polygon", "coordinates": [ [ [ 14.542088, 53.460128 ], [ 14.544021, 53.46245 ], [ 14.548357, 53.462612 ], [ 14.55076, 53.460452 ], [ 14.548827, 53.45813 ], [ 14.544491, 53.457968 ], [ 14.542088, 53.460128 ] ] ] } },
{ "type": "Feature", "properties": { "fid": 357, "hex_id": 356 }, "geometry": { "type": "Polygon", "coordinates": [ [ [ 14.542559, 53.455646 ], [ 14.544491, 53.457968 ], [ 14.548827, 53.45813 ], [ 14.55123, 53.45597 ], [ 14.549297, 53.453648 ], [ 14.544961, 53.453486 ], [ 14.542559, 53.455646 ] ] ] } },
{ "type": "Feature", "properties": { "fid": 358, "hex_id": 357 }, "geometry": { "type": "Polygon", "coordinates": [ [ [ 14.543029, 53.451164 ], [ 14.544961, 53.453486 ], [ 14.549297, 53.453648 ], [ 14.551699, 53.451487 ], [ 14.549766, 53.449165 ], [ 14.545431, 53.449004 ], [ 14.543029, 53.451164 ] ] ] } },
{ "type": "Feature", "properties": { "fid": 359, "hex_id": 358 }, "geometry": { "type": "Polygon", "coordinates": [ [ [ 14.543499, 53.446682 ], [ 14.545431, 53.449004 ], [ 14.549766, 53.449165 ], [ 14.552168, 53.447005 ], [ 14.550236, 53.444683 ], [ 14.545901, 53.444521 ], [ 14.543499, 53.446682 ] ] ] } },
{ "type": "Feature", "properties": { "fid": 360, "hex_id": 359 }, "geometry": { "type": "Polygon", "coordinates": [ [ [ 14.543969, 53.442199 ], [ 14.545901, 53.444521 ], [ 14.550236, 53.444683 ], [ 14.552637, 53.442523 ], [ 14.550705, 53.440201 ], [ 14.546371, 53.440039 ], [ 14.543969, 53.442199 ] ] ] } },
{ "type": "Feature", "properties": { "fid": 361, "hex_id": 360 }, "geometry": { "type": "Polygon", "coordinates": [ [ [ 14.544439, 53.437717 ], [ 14.546371, 53.440039 ], [ 14.550705, 53.440201 ], [ 14.553106, 53.438041 ], [ 14.551174, 53.435719 ], [ 14.54684, 53.435557 ], [ 14.544439, 53.437717 ] ] ] } },
{ "type": "Feature", "properties": { "fid": 362, "hex_id": 361 }, "geometry": { "type": "Polygon", "coordinates": [ [ [ 14.544908, 53.433235 ], [ 14.54684, 53.435557 ], [ 14.551174, 53.435719 ], [ 14.553575, 53.433559 ], [ 14.551643, 53.431237 ], [ 14.54731, 53.431075 ], [ 14.544908, 53.433235 ] ] ] } },
{ "type": "Feature", "properties": { "fid": 363, "hex_id": 362 }, "geometry": { "type": "Polygon", "coordinates": [ [ [ 14.545378, 53.428753 ], [ 14.54731, 53.431075 ], [ 14.551643, 53.431237 ], [ 14.554044, 53.429077 ], [ 14.552112, 53.426755 ], [ 14.547779, 53.426593 ], [ 14.545378, 53.428753 ] ] ] } },
{ "type": "Feature", "properties": { "fid": 364, "hex_id": 363 }, "geometry": { "type": "Polygon", "coordinates": [ [ [ 14.545848, 53.424271 ], [ 14.547779, 53.426593 ], [ 14.552112, 53.426755 ], [ 14.554512, 53.424594 ], [ 14.552581, 53.422272 ], [ 14.548248, 53.422111 ], [ 14.545848, 53.424271 ] ] ] } },
{ "type": "Feature", "properties": { "fid": 365, "hex_id": 364 }, "geometry": { "type": "Polygon", "coordinates": [ [ [ 14.546317, 53.419789 ], [ 14.548248, 53.422111 ], [ 14.552581, 53.422272 ], [ 14.554981, 53.420112 ], [ 14.553049, 53.41779 ], [ 14.548717, 53.417629 ], [ 14.546317, 53.419789 ] ] ] } },
{ "type": "Feature", "properties": { "fid": 366, "hex_id": 365 }, "geometry": { "type": "Polygon", "coordinates": [ [ [ 14.546786, 53.415307 ], [ 14.548717, 53.417629 ], [ 14.553049, 53.41779 ], [ 14.555449, 53.41563 ], [ 14.553518, 53.413308 ], [ 14.549186, 53.413146 ], [ 14.546786, 53.415307 ] ] ] } },
{ "type": "Feature", "properties": { "fid": 367, "hex_id": 366 }, "geometry": { "type": "Polygon", "coordinates": [ [ [ 14.547255, 53.410824 ], [ 14.549186, 53.413146 ], [ 14.553518, 53.413308 ], [ 14.555917, 53.411148 ], [ 14.553986, 53.408826 ], [ 14.549655, 53.408664 ], [ 14.547255, 53.410824 ] ] ] } },
{ "type": "Feature", "properties": { "fid": 368, "hex_id": 367 }, "geometry": { "type": "Polygon", "coordinates": [ [ [ 14.547724, 53.406342 ], [ 14.549655, 53.408664 ], [ 14.553986, 53.408826 ], [ 14.556385, 53.406665 ], [ 14.554454, 53.404344 ], [ 14.550124, 53.404182 ], [ 14.547724, 53.406342 ] ] ] } },
{ "type": "Feature", "properties": { "fid": 369, "hex_id": 368 }, "geometry": { "type": "Polygon", "coordinates": [ [ [ 14.548193, 53.40186 ], [ 14.550124, 53.404182 ], [ 14.554454, 53.404344 ], [ 14.556853, 53.402183 ], [ 14.554922, 53.399861 ], [ 14.550592, 53.3997 ], [ 14.548193, 53.40186 ] ] ] } },
{ "type": "Feature", "properties": { "fid": 370, "hex_id": 369 }, "geometry": { "type": "Polygon", "coordinates": [ [ [ 14.548662, 53.397378 ], [ 14.550592, 53.3997 ], [ 14.554922, 53.399861 ], [ 14.557321, 53.397701 ], [ 14.55539, 53.395379 ], [ 14.551061, 53.395218 ], [ 14.548662, 53.397378 ] ] ] } },
{ "type": "Feature", "properties": { "fid": 371, "hex_id": 370 }, "geometry": { "type": "Polygon", "coordinates": [ [ [ 14.54913, 53.392896 ], [ 14.551061, 53.395218 ], [ 14.55539, 53.395379 ], [ 14.557789, 53.393219 ], [ 14.555858, 53.390897 ], [ 14.551529, 53.390735 ], [ 14.54913, 53.392896 ] ] ] } },
{ "type": "Feature", "properties": { "fid": 372, "hex_id": 371 }, "geometry": { "type": "Polygon", "coordinates": [ [ [ 14.549599, 53.388413 ], [ 14.551529, 53.390735 ], [ 14.555858, 53.390897 ], [ 14.558256, 53.388736 ], [ 14.556326, 53.386415 ], [ 14.551997, 53.386253 ], [ 14.549599, 53.388413 ] ] ] } },
{ "type": "Feature", "properties": { "fid": 373, "hex_id": 372 }, "geometry": { "type": "Polygon", "coordinates": [ [ [ 14.550067, 53.383931 ], [ 14.551997, 53.386253 ], [ 14.556326, 53.386415 ], [ 14.558724, 53.384254 ], [ 14.556794, 53.381932 ], [ 14.552465, 53.381771 ], [ 14.550067, 53.383931 ] ] ] } },
{ "type": "Feature", "properties": { "fid": 374, "hex_id": 373 }, "geometry": { "type": "Polygon", "coordinates": [ [ [ 14.550535, 53.379449 ], [ 14.552465, 53.381771 ], [ 14.556794, 53.381932 ], [ 14.559191, 53.379772 ], [ 14.557261, 53.37745 ], [ 14.552933, 53.377289 ], [ 14.550535, 53.379449 ] ] ] } },
{ "type": "Feature", "properties": { "fid": 375, "hex_id": 374 }, "geometry": { "type": "Polygon", "coordinates": [ [ [ 14.551004, 53.374967 ], [ 14.552933, 53.377289 ], [ 14.557261, 53.37745 ], [ 14.559658, 53.37529 ], [ 14.557728, 53.372968 ], [ 14.553401, 53.372806 ], [ 14.551004, 53.374967 ] ] ] } },
{ "type": "Feature", "properties": { "fid": 376, "hex_id": 375 }, "geometry": { "type": "Polygon", "coordinates": [ [ [ 14.551472, 53.370485 ], [ 14.553401, 53.372806 ], [ 14.557728, 53.372968 ], [ 14.560126, 53.370807 ], [ 14.558196, 53.368486 ], [ 14.553869, 53.368324 ], [ 14.551472, 53.370485 ] ] ] } },
{ "type": "Feature", "properties": { "fid": 377, "hex_id": 376 }, "geometry": { "type": "Polygon", "coordinates": [ [ [ 14.552875, 53.357038 ], [ 14.554804, 53.35936 ], [ 14.55913, 53.359521 ], [ 14.561526, 53.357361 ], [ 14.559597, 53.355039 ], [ 14.555271, 53.354877 ], [ 14.552875, 53.357038 ] ] ] } },
{ "type": "Feature", "properties": { "fid": 378, "hex_id": 377 }, "geometry": { "type": "Polygon", "coordinates": [ [ [ 14.553342, 53.352556 ], [ 14.555271, 53.354877 ], [ 14.559597, 53.355039 ], [ 14.561993, 53.352878 ], [ 14.560063, 53.350556 ], [ 14.555738, 53.350395 ], [ 14.553342, 53.352556 ] ] ] } },
{ "type": "Feature", "properties": { "fid": 379, "hex_id": 378 }, "geometry": { "type": "Polygon", "coordinates": [ [ [ 14.55381, 53.348073 ], [ 14.555738, 53.350395 ], [ 14.560063, 53.350556 ], [ 14.562459, 53.348396 ], [ 14.56053, 53.346074 ], [ 14.556205, 53.345913 ], [ 14.55381, 53.348073 ] ] ] } },
{ "type": "Feature", "properties": { "fid": 380, "hex_id": 379 }, "geometry": { "type": "Polygon", "coordinates": [ [ [ 14.554277, 53.343591 ], [ 14.556205, 53.345913 ], [ 14.56053, 53.346074 ], [ 14.562925, 53.343914 ], [ 14.560996, 53.341592 ], [ 14.556672, 53.341431 ], [ 14.554277, 53.343591 ] ] ] } },
{ "type": "Feature", "properties": { "fid": 381, "hex_id": 380 }, "geometry": { "type": "Polygon", "coordinates": [ [ [ 14.554744, 53.339109 ], [ 14.556672, 53.341431 ], [ 14.560996, 53.341592 ], [ 14.563392, 53.339431 ], [ 14.561463, 53.33711 ], [ 14.557139, 53.336948 ], [ 14.554744, 53.339109 ] ] ] } },
{ "type": "Feature", "properties": { "fid": 382, "hex_id": 381 }, "geometry": { "type": "Polygon", "coordinates": [ [ [ 14.555211, 53.334627 ], [ 14.557139, 53.336948 ], [ 14.561463, 53.33711 ], [ 14.563858, 53.334949 ], [ 14.561929, 53.332627 ], [ 14.557606, 53.332466 ], [ 14.555211, 53.334627 ] ] ] } },
{ "type": "Feature", "properties": { "fid": 383, "hex_id": 382 }, "geometry": { "type": "Polygon", "coordinates": [ [ [ 14.555678, 53.330144 ], [ 14.557606, 53.332466 ], [ 14.561929, 53.332627 ], [ 14.564324, 53.330467 ], [ 14.562395, 53.328145 ], [ 14.558072, 53.327984 ], [ 14.555678, 53.330144 ] ] ] } },
{ "type": "Feature", "properties": { "fid": 384, "hex_id": 383 }, "geometry": { "type": "Polygon", "coordinates": [ [ [ 14.545066, 53.493987 ], [ 14.547, 53.496309 ], [ 14.55134, 53.496471 ], [ 14.553745, 53.494311 ], [ 14.55181, 53.491989 ], [ 14.547471, 53.491827 ], [ 14.545066, 53.493987 ] ] ] } },
{ "type": "Feature", "properties": { "fid": 385, "hex_id": 384 }, "geometry": { "type": "Polygon", "coordinates": [ [ [ 14.545536, 53.489505 ], [ 14.547471, 53.491827 ], [ 14.55181, 53.491989 ], [ 14.554214, 53.489828 ], [ 14.55228, 53.487506 ], [ 14.547941, 53.487345 ], [ 14.545536, 53.489505 ] ] ] } },
{ "type": "Feature", "properties": { "fid": 386, "hex_id": 385 }, "geometry": { "type": "Polygon", "coordinates": [ [ [ 14.546007, 53.485023 ], [ 14.547941, 53.487345 ], [ 14.55228, 53.487506 ], [ 14.554684, 53.485346 ], [ 14.552749, 53.483024 ], [ 14.548411, 53.482862 ], [ 14.546007, 53.485023 ] ] ] } },
{ "type": "Feature", "properties": { "fid": 387, "hex_id": 386 }, "geometry": { "type": "Polygon", "coordinates": [ [ [ 14.546477, 53.48054 ], [ 14.548411, 53.482862 ], [ 14.552749, 53.483024 ], [ 14.555153, 53.480864 ], [ 14.553219, 53.478542 ], [ 14.548881, 53.47838 ], [ 14.546477, 53.48054 ] ] ] } },
{ "type": "Feature", "properties": { "fid": 388, "hex_id": 387 }, "geometry": { "type": "Polygon", "coordinates": [ [ [ 14.546947, 53.476058 ], [ 14.548881, 53.47838 ], [ 14.553219, 53.478542 ], [ 14.555623, 53.476382 ], [ 14.553689, 53.47406 ], [ 14.549351, 53.473898 ], [ 14.546947, 53.476058 ] ] ] } },
{ "type": "Feature", "properties": { "fid": 389, "hex_id": 388 }, "geometry": { "type": "Polygon", "coordinates": [ [ [ 14.547417, 53.471576 ], [ 14.549351, 53.473898 ], [ 14.553689, 53.47406 ], [ 14.556092, 53.4719 ], [ 14.554158, 53.469578 ], [ 14.549821, 53.469416 ], [ 14.547417, 53.471576 ] ] ] } },
{ "type": "Feature", "properties": { "fid": 390, "hex_id": 389 }, "geometry": { "type": "Polygon", "coordinates": [ [ [ 14.547887, 53.467094 ], [ 14.549821, 53.469416 ], [ 14.554158, 53.469578 ], [ 14.556561, 53.467418 ], [ 14.554627, 53.465096 ], [ 14.550291, 53.464934 ], [ 14.547887, 53.467094 ] ] ] } },
{ "type": "Feature", "properties": { "fid": 391, "hex_id": 390 }, "geometry": { "type": "Polygon", "coordinates": [ [ [ 14.548357, 53.462612 ], [ 14.550291, 53.464934 ], [ 14.554627, 53.465096 ], [ 14.55703, 53.462935 ], [ 14.555096, 53.460613 ], [ 14.55076, 53.460452 ], [ 14.548357, 53.462612 ] ] ] } },
{ "type": "Feature", "properties": { "fid": 392, "hex_id": 391 }, "geometry": { "type": "Polygon", "coordinates": [ [ [ 14.548827, 53.45813 ], [ 14.55076, 53.460452 ], [ 14.555096, 53.460613 ], [ 14.557499, 53.458453 ], [ 14.555565, 53.456131 ], [ 14.55123, 53.45597 ], [ 14.548827, 53.45813 ] ] ] } },
{ "type": "Feature", "properties": { "fid": 393, "hex_id": 392 }, "geometry": { "type": "Polygon", "coordinates": [ [ [ 14.549297, 53.453648 ], [ 14.55123, 53.45597 ], [ 14.555565, 53.456131 ], [ 14.557968, 53.453971 ], [ 14.556034, 53.451649 ], [ 14.551699, 53.451487 ], [ 14.549297, 53.453648 ] ] ] } },
{ "type": "Feature", "properties": { "fid": 394, "hex_id": 393 }, "geometry": { "type": "Polygon", "coordinates": [ [ [ 14.549766, 53.449165 ], [ 14.551699, 53.451487 ], [ 14.556034, 53.451649 ], [ 14.558436, 53.449489 ], [ 14.556503, 53.447167 ], [ 14.552168, 53.447005 ], [ 14.549766, 53.449165 ] ] ] } },
{ "type": "Feature", "properties": { "fid": 395, "hex_id": 394 }, "geometry": { "type": "Polygon", "coordinates": [ [ [ 14.550236, 53.444683 ], [ 14.552168, 53.447005 ], [ 14.556503, 53.447167 ], [ 14.558905, 53.445007 ], [ 14.556972, 53.442685 ], [ 14.552637, 53.442523 ], [ 14.550236, 53.444683 ] ] ] } },
{ "type": "Feature", "properties": { "fid": 396, "hex_id": 395 }, "geometry": { "type": "Polygon", "coordinates": [ [ [ 14.550705, 53.440201 ], [ 14.552637, 53.442523 ], [ 14.556972, 53.442685 ], [ 14.559373, 53.440524 ], [ 14.55744, 53.438202 ], [ 14.553106, 53.438041 ], [ 14.550705, 53.440201 ] ] ] } },
{ "type": "Feature", "properties": { "fid": 397, "hex_id": 396 }, "geometry": { "type": "Polygon", "coordinates": [ [ [ 14.551174, 53.435719 ], [ 14.553106, 53.438041 ], [ 14.55744, 53.438202 ], [ 14.559841, 53.436042 ], [ 14.557909, 53.43372 ], [ 14.553575, 53.433559 ], [ 14.551174, 53.435719 ] ] ] } },
{ "type": "Feature", "properties": { "fid": 398, "hex_id": 397 }, "geometry": { "type": "Polygon", "coordinates": [ [ [ 14.551643, 53.431237 ], [ 14.553575, 53.433559 ], [ 14.557909, 53.43372 ], [ 14.560309, 53.43156 ], [ 14.558377, 53.429238 ], [ 14.554044, 53.429077 ], [ 14.551643, 53.431237 ] ] ] } },
{ "type": "Feature", "properties": { "fid": 399, "hex_id": 398 }, "geometry": { "type": "Polygon", "coordinates": [ [ [ 14.552112, 53.426755 ], [ 14.554044, 53.429077 ], [ 14.558377, 53.429238 ], [ 14.560777, 53.427078 ], [ 14.558845, 53.424756 ], [ 14.554512, 53.424594 ], [ 14.552112, 53.426755 ] ] ] } },
{ "type": "Feature", "properties": { "fid": 400, "hex_id": 399 }, "geometry": { "type": "Polygon", "coordinates": [ [ [ 14.552581, 53.422272 ], [ 14.554512, 53.424594 ], [ 14.558845, 53.424756 ], [ 14.561245, 53.422595 ], [ 14.559313, 53.420274 ], [ 14.554981, 53.420112 ], [ 14.552581, 53.422272 ] ] ] } },
{ "type": "Feature", "properties": { "fid": 401, "hex_id": 400 }, "geometry": { "type": "Polygon", "coordinates": [ [ [ 14.553049, 53.41779 ], [ 14.554981, 53.420112 ], [ 14.559313, 53.420274 ], [ 14.561713, 53.418113 ], [ 14.559781, 53.415791 ], [ 14.555449, 53.41563 ], [ 14.553049, 53.41779 ] ] ] } },
{ "type": "Feature", "properties": { "fid": 402, "hex_id": 401 }, "geometry": { "type": "Polygon", "coordinates": [ [ [ 14.553518, 53.413308 ], [ 14.555449, 53.41563 ], [ 14.559781, 53.415791 ], [ 14.56218, 53.413631 ], [ 14.560248, 53.411309 ], [ 14.555917, 53.411148 ], [ 14.553518, 53.413308 ] ] ] } },
{ "type": "Feature", "properties": { "fid": 403, "hex_id": 402 }, "geometry": { "type": "Polygon", "coordinates": [ [ [ 14.553986, 53.408826 ], [ 14.555917, 53.411148 ], [ 14.560248, 53.411309 ], [ 14.562648, 53.409149 ], [ 14.560716, 53.406827 ], [ 14.556385, 53.406665 ], [ 14.553986, 53.408826 ] ] ] } },
{ "type": "Feature", "properties": { "fid": 404, "hex_id": 403 }, "geometry": { "type": "Polygon", "coordinates": [ [ [ 14.554454, 53.404344 ], [ 14.556385, 53.406665 ], [ 14.560716, 53.406827 ], [ 14.563115, 53.404666 ], [ 14.561184, 53.402345 ], [ 14.556853, 53.402183 ], [ 14.554454, 53.404344 ] ] ] } },
{ "type": "Feature", "properties": { "fid": 405, "hex_id": 404 }, "geometry": { "type": "Polygon", "coordinates": [ [ [ 14.554922, 53.399861 ], [ 14.556853, 53.402183 ], [ 14.561184, 53.402345 ], [ 14.563582, 53.400184 ], [ 14.561651, 53.397862 ], [ 14.557321, 53.397701 ], [ 14.554922, 53.399861 ] ] ] } },
{ "type": "Feature", "properties": { "fid": 406, "hex_id": 405 }, "geometry": { "type": "Polygon", "coordinates": [ [ [ 14.55539, 53.395379 ], [ 14.557321, 53.397701 ], [ 14.561651, 53.397862 ], [ 14.564049, 53.395702 ], [ 14.562118, 53.39338 ], [ 14.557789, 53.393219 ], [ 14.55539, 53.395379 ] ] ] } },
{ "type": "Feature", "properties": { "fid": 407, "hex_id": 406 }, "geometry": { "type": "Polygon", "coordinates": [ [ [ 14.555858, 53.390897 ], [ 14.557789, 53.393219 ], [ 14.562118, 53.39338 ], [ 14.564516, 53.391219 ], [ 14.562585, 53.388898 ], [ 14.558256, 53.388736 ], [ 14.555858, 53.390897 ] ] ] } },
{ "type": "Feature", "properties": { "fid": 408, "hex_id": 407 }, "geometry": { "type": "Polygon", "coordinates": [ [ [ 14.556326, 53.386415 ], [ 14.558256, 53.388736 ], [ 14.562585, 53.388898 ], [ 14.564983, 53.386737 ], [ 14.563052, 53.384415 ], [ 14.558724, 53.384254 ], [ 14.556326, 53.386415 ] ] ] } },
{ "type": "Feature", "properties": { "fid": 409, "hex_id": 408 }, "geometry": { "type": "Polygon", "coordinates": [ [ [ 14.556794, 53.381932 ], [ 14.558724, 53.384254 ], [ 14.563052, 53.384415 ], [ 14.56545, 53.382255 ], [ 14.563519, 53.379933 ], [ 14.559191, 53.379772 ], [ 14.556794, 53.381932 ] ] ] } },
{ "type": "Feature", "properties": { "fid": 410, "hex_id": 409 }, "geometry": { "type": "Polygon", "coordinates": [ [ [ 14.557261, 53.37745 ], [ 14.559191, 53.379772 ], [ 14.563519, 53.379933 ], [ 14.565916, 53.377773 ], [ 14.563986, 53.375451 ], [ 14.559658, 53.37529 ], [ 14.557261, 53.37745 ] ] ] } },
{ "type": "Feature", "properties": { "fid": 411, "hex_id": 410 }, "geometry": { "type": "Polygon", "coordinates": [ [ [ 14.557728, 53.372968 ], [ 14.559658, 53.37529 ], [ 14.563986, 53.375451 ], [ 14.566383, 53.37329 ], [ 14.564453, 53.370969 ], [ 14.560126, 53.370807 ], [ 14.557728, 53.372968 ] ] ] } },
{ "type": "Feature", "properties": { "fid": 412, "hex_id": 411 }, "geometry": { "type": "Polygon", "coordinates": [ [ [ 14.55913, 53.359521 ], [ 14.561059, 53.361843 ], [ 14.565385, 53.362004 ], [ 14.567782, 53.359843 ], [ 14.565852, 53.357522 ], [ 14.561526, 53.357361 ], [ 14.55913, 53.359521 ] ] ] } },
{ "type": "Feature", "properties": { "fid": 413, "hex_id": 412 }, "geometry": { "type": "Polygon", "coordinates": [ [ [ 14.559597, 53.355039 ], [ 14.561526, 53.357361 ], [ 14.565852, 53.357522 ], [ 14.568247, 53.355361 ], [ 14.566318, 53.353039 ], [ 14.561993, 53.352878 ], [ 14.559597, 53.355039 ] ] ] } },
{ "type": "Feature", "properties": { "fid": 414, "hex_id": 413 }, "geometry": { "type": "Polygon", "coordinates": [ [ [ 14.560063, 53.350556 ], [ 14.561993, 53.352878 ], [ 14.566318, 53.353039 ], [ 14.568713, 53.350879 ], [ 14.566784, 53.348557 ], [ 14.562459, 53.348396 ], [ 14.560063, 53.350556 ] ] ] } },
{ "type": "Feature", "properties": { "fid": 415, "hex_id": 414 }, "geometry": { "type": "Polygon", "coordinates": [ [ [ 14.56053, 53.346074 ], [ 14.562459, 53.348396 ], [ 14.566784, 53.348557 ], [ 14.569179, 53.346396 ], [ 14.56725, 53.344075 ], [ 14.562925, 53.343914 ], [ 14.56053, 53.346074 ] ] ] } },
{ "type": "Feature", "properties": { "fid": 416, "hex_id": 415 }, "geometry": { "type": "Polygon", "coordinates": [ [ [ 14.560996, 53.341592 ], [ 14.562925, 53.343914 ], [ 14.56725, 53.344075 ], [ 14.569645, 53.341914 ], [ 14.567715, 53.339592 ], [ 14.563392, 53.339431 ], [ 14.560996, 53.341592 ] ] ] } },
{ "type": "Feature", "properties": { "fid": 417, "hex_id": 416 }, "geometry": { "type": "Polygon", "coordinates": [ [ [ 14.561463, 53.33711 ], [ 14.563392, 53.339431 ], [ 14.567715, 53.339592 ], [ 14.57011, 53.337432 ], [ 14.568181, 53.33511 ], [ 14.563858, 53.334949 ], [ 14.561463, 53.33711 ] ] ] } },
{ "type": "Feature", "properties": { "fid": 418, "hex_id": 417 }, "geometry": { "type": "Polygon", "coordinates": [ [ [ 14.561929, 53.332627 ], [ 14.563858, 53.334949 ], [ 14.568181, 53.33511 ], [ 14.570575, 53.332949 ], [ 14.568647, 53.330628 ], [ 14.564324, 53.330467 ], [ 14.561929, 53.332627 ] ] ] } },
{ "type": "Feature", "properties": { "fid": 419, "hex_id": 418 }, "geometry": { "type": "Polygon", "coordinates": [ [ [ 14.562395, 53.328145 ], [ 14.564324, 53.330467 ], [ 14.568647, 53.330628 ], [ 14.571041, 53.328467 ], [ 14.569112, 53.326145 ], [ 14.564789, 53.325984 ], [ 14.562395, 53.328145 ] ] ] } },
{ "type": "Feature", "properties": { "fid": 420, "hex_id": 419 }, "geometry": { "type": "Polygon", "coordinates": [ [ [ 14.562861, 53.323663 ], [ 14.564789, 53.325984 ], [ 14.569112, 53.326145 ], [ 14.571506, 53.323984 ], [ 14.569577, 53.321663 ], [ 14.565255, 53.321502 ], [ 14.562861, 53.323663 ] ] ] } },
{ "type": "Feature", "properties": { "fid": 421, "hex_id": 420 }, "geometry": { "type": "Polygon", "coordinates": [ [ [ 14.547575, 53.532328 ], [ 14.549511, 53.53465 ], [ 14.553855, 53.534812 ], [ 14.556262, 53.532651 ], [ 14.554325, 53.530329 ], [ 14.549982, 53.530168 ], [ 14.547575, 53.532328 ] ] ] } },
{ "type": "Feature", "properties": { "fid": 422, "hex_id": 421 }, "geometry": { "type": "Polygon", "coordinates": [ [ [ 14.548046, 53.527845 ], [ 14.549982, 53.530168 ], [ 14.554325, 53.530329 ], [ 14.556732, 53.528169 ], [ 14.554796, 53.525847 ], [ 14.550453, 53.525685 ], [ 14.548046, 53.527845 ] ] ] } },
{ "type": "Feature", "properties": { "fid": 423, "hex_id": 422 }, "geometry": { "type": "Polygon", "coordinates": [ [ [ 14.548517, 53.523363 ], [ 14.550453, 53.525685 ], [ 14.554796, 53.525847 ], [ 14.557202, 53.523687 ], [ 14.555266, 53.521365 ], [ 14.550924, 53.521203 ], [ 14.548517, 53.523363 ] ] ] } },
{ "type": "Feature", "properties": { "fid": 424, "hex_id": 423 }, "geometry": { "type": "Polygon", "coordinates": [ [ [ 14.55134, 53.496471 ], [ 14.553275, 53.498793 ], [ 14.557615, 53.498954 ], [ 14.560019, 53.496794 ], [ 14.558084, 53.494472 ], [ 14.553745, 53.494311 ], [ 14.55134, 53.496471 ] ] ] } },
{ "type": "Feature", "properties": { "fid": 425, "hex_id": 424 }, "geometry": { "type": "Polygon", "coordinates": [ [ [ 14.55181, 53.491989 ], [ 14.553745, 53.494311 ], [ 14.558084, 53.494472 ], [ 14.560489, 53.492312 ], [ 14.558553, 53.48999 ], [ 14.554214, 53.489828 ], [ 14.55181, 53.491989 ] ] ] } },
{ "type": "Feature", "properties": { "fid": 426, "hex_id": 425 }, "geometry": { "type": "Polygon", "coordinates": [ [ [ 14.55228, 53.487506 ], [ 14.554214, 53.489828 ], [ 14.558553, 53.48999 ], [ 14.560957, 53.48783 ], [ 14.559023, 53.485508 ], [ 14.554684, 53.485346 ], [ 14.55228, 53.487506 ] ] ] } },
{ "type": "Feature", "properties": { "fid": 427, "hex_id": 426 }, "geometry": { "type": "Polygon", "coordinates": [ [ [ 14.552749, 53.483024 ], [ 14.554684, 53.485346 ], [ 14.559023, 53.485508 ], [ 14.561426, 53.483347 ], [ 14.559492, 53.481026 ], [ 14.555153, 53.480864 ], [ 14.552749, 53.483024 ] ] ] } },
{ "type": "Feature", "properties": { "fid": 428, "hex_id": 427 }, "geometry": { "type": "Polygon", "coordinates": [ [ [ 14.553219, 53.478542 ], [ 14.555153, 53.480864 ], [ 14.559492, 53.481026 ], [ 14.561895, 53.478865 ], [ 14.55996, 53.476543 ], [ 14.555623, 53.476382 ], [ 14.553219, 53.478542 ] ] ] } },
{ "type": "Feature", "properties": { "fid": 429, "hex_id": 428 }, "geometry": { "type": "Polygon", "coordinates": [ [ [ 14.553689, 53.47406 ], [ 14.555623, 53.476382 ], [ 14.55996, 53.476543 ], [ 14.562364, 53.474383 ], [ 14.560429, 53.472061 ], [ 14.556092, 53.4719 ], [ 14.553689, 53.47406 ] ] ] } },
{ "type": "Feature", "properties": { "fid": 430, "hex_id": 429 }, "geometry": { "type": "Polygon", "coordinates": [ [ [ 14.554158, 53.469578 ], [ 14.556092, 53.4719 ], [ 14.560429, 53.472061 ], [ 14.562832, 53.469901 ], [ 14.560898, 53.467579 ], [ 14.556561, 53.467418 ], [ 14.554158, 53.469578 ] ] ] } },
{ "type": "Feature", "properties": { "fid": 431, "hex_id": 430 }, "geometry": { "type": "Polygon", "coordinates": [ [ [ 14.554627, 53.465096 ], [ 14.556561, 53.467418 ], [ 14.560898, 53.467579 ], [ 14.5633, 53.465419 ], [ 14.561366, 53.463097 ], [ 14.55703, 53.462935 ], [ 14.554627, 53.465096 ] ] ] } },
{ "type": "Feature", "properties": { "fid": 432, "hex_id": 431 }, "geometry": { "type": "Polygon", "coordinates": [ [ [ 14.555096, 53.460613 ], [ 14.55703, 53.462935 ], [ 14.561366, 53.463097 ], [ 14.563769, 53.460936 ], [ 14.561835, 53.458615 ], [ 14.557499, 53.458453 ], [ 14.555096, 53.460613 ] ] ] } },
{ "type": "Feature", "properties": { "fid": 433, "hex_id": 432 }, "geometry": { "type": "Polygon", "coordinates": [ [ [ 14.555565, 53.456131 ], [ 14.557499, 53.458453 ], [ 14.561835, 53.458615 ], [ 14.564237, 53.456454 ], [ 14.562303, 53.454132 ], [ 14.557968, 53.453971 ], [ 14.555565, 53.456131 ] ] ] } },
{ "type": "Feature", "properties": { "fid": 434, "hex_id": 433 }, "geometry": { "type": "Polygon", "coordinates": [ [ [ 14.556034, 53.451649 ], [ 14.557968, 53.453971 ], [ 14.562303, 53.454132 ], [ 14.564705, 53.451972 ], [ 14.562771, 53.44965 ], [ 14.558436, 53.449489 ], [ 14.556034, 53.451649 ] ] ] } },
{ "type": "Feature", "properties": { "fid": 435, "hex_id": 434 }, "geometry": { "type": "Polygon", "coordinates": [ [ [ 14.556503, 53.447167 ], [ 14.558436, 53.449489 ], [ 14.562771, 53.44965 ], [ 14.565173, 53.44749 ], [ 14.563239, 53.445168 ], [ 14.558905, 53.445007 ], [ 14.556503, 53.447167 ] ] ] } },
{ "type": "Feature", "properties": { "fid": 436, "hex_id": 435 }, "geometry": { "type": "Polygon", "coordinates": [ [ [ 14.556972, 53.442685 ], [ 14.558905, 53.445007 ], [ 14.563239, 53.445168 ], [ 14.56564, 53.443007 ], [ 14.563707, 53.440686 ], [ 14.559373, 53.440524 ], [ 14.556972, 53.442685 ] ] ] } },
{ "type": "Feature", "properties": { "fid": 437, "hex_id": 436 }, "geometry": { "type": "Polygon", "coordinates": [ [ [ 14.55744, 53.438202 ], [ 14.559373, 53.440524 ], [ 14.563707, 53.440686 ], [ 14.566108, 53.438525 ], [ 14.564175, 53.436203 ], [ 14.559841, 53.436042 ], [ 14.55744, 53.438202 ] ] ] } },
{ "type": "Feature", "properties": { "fid": 438, "hex_id": 437 }, "geometry": { "type": "Polygon", "coordinates": [ [ [ 14.557909, 53.43372 ], [ 14.559841, 53.436042 ], [ 14.564175, 53.436203 ], [ 14.566575, 53.434043 ], [ 14.564642, 53.431721 ], [ 14.560309, 53.43156 ], [ 14.557909, 53.43372 ] ] ] } },
{ "type": "Feature", "properties": { "fid": 439, "hex_id": 438 }, "geometry": { "type": "Polygon", "coordinates": [ [ [ 14.558377, 53.429238 ], [ 14.560309, 53.43156 ], [ 14.564642, 53.431721 ], [ 14.567043, 53.429561 ], [ 14.56511, 53.427239 ], [ 14.560777, 53.427078 ], [ 14.558377, 53.429238 ] ] ] } },
{ "type": "Feature", "properties": { "fid": 440, "hex_id": 439 }, "geometry": { "type": "Polygon", "coordinates": [ [ [ 14.558845, 53.424756 ], [ 14.560777, 53.427078 ], [ 14.56511, 53.427239 ], [ 14.56751, 53.425078 ], [ 14.565577, 53.422757 ], [ 14.561245, 53.422595 ], [ 14.558845, 53.424756 ] ] ] } },
{ "type": "Feature", "properties": { "fid": 441, "hex_id": 440 }, "geometry": { "type": "Polygon", "coordinates": [ [ [ 14.559313, 53.420274 ], [ 14.561245, 53.422595 ], [ 14.565577, 53.422757 ], [ 14.567977, 53.420596 ], [ 14.566045, 53.418274 ], [ 14.561713, 53.418113 ], [ 14.559313, 53.420274 ] ] ] } },
{ "type": "Feature", "properties": { "fid": 442, "hex_id": 441 }, "geometry": { "type": "Polygon", "coordinates": [ [ [ 14.559781, 53.415791 ], [ 14.561713, 53.418113 ], [ 14.566045, 53.418274 ], [ 14.568444, 53.416114 ], [ 14.566512, 53.413792 ], [ 14.56218, 53.413631 ], [ 14.559781, 53.415791 ] ] ] } },
{ "type": "Feature", "properties": { "fid": 443, "hex_id": 442 }, "geometry": { "type": "Polygon", "coordinates": [ [ [ 14.560248, 53.411309 ], [ 14.56218, 53.413631 ], [ 14.566512, 53.413792 ], [ 14.568911, 53.411631 ], [ 14.566979, 53.40931 ], [ 14.562648, 53.409149 ], [ 14.560248, 53.411309 ] ] ] } },
{ "type": "Feature", "properties": { "fid": 444, "hex_id": 443 }, "geometry": { "type": "Polygon", "coordinates": [ [ [ 14.560716, 53.406827 ], [ 14.562648, 53.409149 ], [ 14.566979, 53.40931 ], [ 14.569378, 53.407149 ], [ 14.567446, 53.404827 ], [ 14.563115, 53.404666 ], [ 14.560716, 53.406827 ] ] ] } },
{ "type": "Feature", "properties": { "fid": 445, "hex_id": 444 }, "geometry": { "type": "Polygon", "coordinates": [ [ [ 14.561184, 53.402345 ], [ 14.563115, 53.404666 ], [ 14.567446, 53.404827 ], [ 14.569844, 53.402667 ], [ 14.567912, 53.400345 ], [ 14.563582, 53.400184 ], [ 14.561184, 53.402345 ] ] ] } },
{ "type": "Feature", "properties": { "fid": 446, "hex_id": 445 }, "geometry": { "type": "Polygon", "coordinates": [ [ [ 14.561651, 53.397862 ], [ 14.563582, 53.400184 ], [ 14.567912, 53.400345 ], [ 14.570311, 53.398185 ], [ 14.568379, 53.395863 ], [ 14.564049, 53.395702 ], [ 14.561651, 53.397862 ] ] ] } },
{ "type": "Feature", "properties": { "fid": 447, "hex_id": 446 }, "geometry": { "type": "Polygon", "coordinates": [ [ [ 14.562118, 53.39338 ], [ 14.564049, 53.395702 ], [ 14.568379, 53.395863 ], [ 14.570777, 53.393702 ], [ 14.568845, 53.391381 ], [ 14.564516, 53.391219 ], [ 14.562118, 53.39338 ] ] ] } },
{ "type": "Feature", "properties": { "fid": 448, "hex_id": 447 }, "geometry": { "type": "Polygon", "coordinates": [ [ [ 14.562585, 53.388898 ], [ 14.564516, 53.391219 ], [ 14.568845, 53.391381 ], [ 14.571243, 53.38922 ], [ 14.569312, 53.386898 ], [ 14.564983, 53.386737 ], [ 14.562585, 53.388898 ] ] ] } },
{ "type": "Feature", "properties": { "fid": 449, "hex_id": 448 }, "geometry": { "type": "Polygon", "coordinates": [ [ [ 14.563052, 53.384415 ], [ 14.564983, 53.386737 ], [ 14.569312, 53.386898 ], [ 14.571709, 53.384738 ], [ 14.569778, 53.382416 ], [ 14.56545, 53.382255 ], [ 14.563052, 53.384415 ] ] ] } },
{ "type": "Feature", "properties": { "fid": 450, "hex_id": 449 }, "geometry": { "type": "Polygon", "coordinates": [ [ [ 14.563519, 53.379933 ], [ 14.56545, 53.382255 ], [ 14.569778, 53.382416 ], [ 14.572175, 53.380255 ], [ 14.570244, 53.377934 ], [ 14.565916, 53.377773 ], [ 14.563519, 53.379933 ] ] ] } },
{ "type": "Feature", "properties": { "fid": 451, "hex_id": 450 }, "geometry": { "type": "Polygon", "coordinates": [ [ [ 14.563986, 53.375451 ], [ 14.565916, 53.377773 ], [ 14.570244, 53.377934 ], [ 14.572641, 53.375773 ], [ 14.57071, 53.373451 ], [ 14.566383, 53.37329 ], [ 14.563986, 53.375451 ] ] ] } },
{ "type": "Feature", "properties": { "fid": 452, "hex_id": 451 }, "geometry": { "type": "Polygon", "coordinates": [ [ [ 14.564453, 53.370969 ], [ 14.566383, 53.37329 ], [ 14.57071, 53.373451 ], [ 14.573107, 53.37129 ], [ 14.571176, 53.368969 ], [ 14.566849, 53.368808 ], [ 14.564453, 53.370969 ] ] ] } },
{ "type": "Feature", "properties": { "fid": 453, "hex_id": 452 }, "geometry": { "type": "Polygon", "coordinates": [ [ [ 14.565385, 53.362004 ], [ 14.567315, 53.364326 ], [ 14.571642, 53.364487 ], [ 14.574038, 53.362326 ], [ 14.572108, 53.360004 ], [ 14.567782, 53.359843 ], [ 14.565385, 53.362004 ] ] ] } },
{ "type": "Feature", "properties": { "fid": 454, "hex_id": 453 }, "geometry": { "type": "Polygon", "coordinates": [ [ [ 14.565852, 53.357522 ], [ 14.567782, 53.359843 ], [ 14.572108, 53.360004 ], [ 14.574503, 53.357843 ], [ 14.572573, 53.355522 ], [ 14.568247, 53.355361 ], [ 14.565852, 53.357522 ] ] ] } },
{ "type": "Feature", "properties": { "fid": 455, "hex_id": 454 }, "geometry": { "type": "Polygon", "coordinates": [ [ [ 14.566318, 53.353039 ], [ 14.568247, 53.355361 ], [ 14.572573, 53.355522 ], [ 14.574968, 53.353361 ], [ 14.573038, 53.351039 ], [ 14.568713, 53.350879 ], [ 14.566318, 53.353039 ] ] ] } },
{ "type": "Feature", "properties": { "fid": 456, "hex_id": 455 }, "geometry": { "type": "Polygon", "coordinates": [ [ [ 14.566784, 53.348557 ], [ 14.568713, 53.350879 ], [ 14.573038, 53.351039 ], [ 14.575433, 53.348879 ], [ 14.573504, 53.346557 ], [ 14.569179, 53.346396 ], [ 14.566784, 53.348557 ] ] ] } },
{ "type": "Feature", "properties": { "fid": 457, "hex_id": 456 }, "geometry": { "type": "Polygon", "coordinates": [ [ [ 14.56725, 53.344075 ], [ 14.569179, 53.346396 ], [ 14.573504, 53.346557 ], [ 14.575898, 53.344396 ], [ 14.573969, 53.342075 ], [ 14.569645, 53.341914 ], [ 14.56725, 53.344075 ] ] ] } },
{ "type": "Feature", "properties": { "fid": 458, "hex_id": 457 }, "geometry": { "type": "Polygon", "coordinates": [ [ [ 14.567715, 53.339592 ], [ 14.569645, 53.341914 ], [ 14.573969, 53.342075 ], [ 14.576363, 53.339914 ], [ 14.574434, 53.337592 ], [ 14.57011, 53.337432 ], [ 14.567715, 53.339592 ] ] ] } },
{ "type": "Feature", "properties": { "fid": 459, "hex_id": 458 }, "geometry": { "type": "Polygon", "coordinates": [ [ [ 14.568181, 53.33511 ], [ 14.57011, 53.337432 ], [ 14.574434, 53.337592 ], [ 14.576828, 53.335431 ], [ 14.574899, 53.33311 ], [ 14.570575, 53.332949 ], [ 14.568181, 53.33511 ] ] ] } },
{ "type": "Feature", "properties": { "fid": 460, "hex_id": 459 }, "geometry": { "type": "Polygon", "coordinates": [ [ [ 14.568647, 53.330628 ], [ 14.570575, 53.332949 ], [ 14.574899, 53.33311 ], [ 14.577293, 53.330949 ], [ 14.575363, 53.328627 ], [ 14.571041, 53.328467 ], [ 14.568647, 53.330628 ] ] ] } },
{ "type": "Feature", "properties": { "fid": 461, "hex_id": 460 }, "geometry": { "type": "Polygon", "coordinates": [ [ [ 14.569112, 53.326145 ], [ 14.571041, 53.328467 ], [ 14.575363, 53.328627 ], [ 14.577757, 53.326467 ], [ 14.575828, 53.324145 ], [ 14.571506, 53.323984 ], [ 14.569112, 53.326145 ] ] ] } },
{ "type": "Feature", "properties": { "fid": 462, "hex_id": 461 }, "geometry": { "type": "Polygon", "coordinates": [ [ [ 14.569577, 53.321663 ], [ 14.571506, 53.323984 ], [ 14.575828, 53.324145 ], [ 14.578221, 53.321984 ], [ 14.576293, 53.319663 ], [ 14.571971, 53.319502 ], [ 14.569577, 53.321663 ] ] ] } },
{ "type": "Feature", "properties": { "fid": 463, "hex_id": 462 }, "geometry": { "type": "Polygon", "coordinates": [ [ [ 14.553855, 53.534812 ], [ 14.555792, 53.537133 ], [ 14.560136, 53.537295 ], [ 14.562543, 53.535135 ], [ 14.560606, 53.532813 ], [ 14.556262, 53.532651 ], [ 14.553855, 53.534812 ] ] ] } },
{ "type": "Feature", "properties": { "fid": 464, "hex_id": 463 }, "geometry": { "type": "Polygon", "coordinates": [ [ [ 14.554325, 53.530329 ], [ 14.556262, 53.532651 ], [ 14.560606, 53.532813 ], [ 14.563012, 53.530653 ], [ 14.561075, 53.528331 ], [ 14.556732, 53.528169 ], [ 14.554325, 53.530329 ] ] ] } },
{ "type": "Feature", "properties": { "fid": 465, "hex_id": 464 }, "geometry": { "type": "Polygon", "coordinates": [ [ [ 14.554796, 53.525847 ], [ 14.556732, 53.528169 ], [ 14.561075, 53.528331 ], [ 14.563481, 53.52617 ], [ 14.561545, 53.523849 ], [ 14.557202, 53.523687 ], [ 14.554796, 53.525847 ] ] ] } },
{ "type": "Feature", "properties": { "fid": 466, "hex_id": 465 }, "geometry": { "type": "Polygon", "coordinates": [ [ [ 14.555266, 53.521365 ], [ 14.557202, 53.523687 ], [ 14.561545, 53.523849 ], [ 14.563951, 53.521688 ], [ 14.562014, 53.519366 ], [ 14.557672, 53.519205 ], [ 14.555266, 53.521365 ] ] ] } },
{ "type": "Feature", "properties": { "fid": 467, "hex_id": 466 }, "geometry": { "type": "Polygon", "coordinates": [ [ [ 14.557615, 53.498954 ], [ 14.55955, 53.501276 ], [ 14.56389, 53.501438 ], [ 14.566295, 53.499277 ], [ 14.564359, 53.496956 ], [ 14.560019, 53.496794 ], [ 14.557615, 53.498954 ] ] ] } },
{ "type": "Feature", "properties": { "fid": 468, "hex_id": 467 }, "geometry": { "type": "Polygon", "coordinates": [ [ [ 14.558084, 53.494472 ], [ 14.560019, 53.496794 ], [ 14.564359, 53.496956 ], [ 14.566763, 53.494795 ], [ 14.564828, 53.492473 ], [ 14.560489, 53.492312 ], [ 14.558084, 53.494472 ] ] ] } },
{ "type": "Feature", "properties": { "fid": 469, "hex_id": 468 }, "geometry": { "type": "Polygon", "coordinates": [ [ [ 14.558553, 53.48999 ], [ 14.560489, 53.492312 ], [ 14.564828, 53.492473 ], [ 14.567232, 53.490313 ], [ 14.565296, 53.487991 ], [ 14.560957, 53.48783 ], [ 14.558553, 53.48999 ] ] ] } },
{ "type": "Feature", "properties": { "fid": 470, "hex_id": 469 }, "geometry": { "type": "Polygon", "coordinates": [ [ [ 14.559023, 53.485508 ], [ 14.560957, 53.48783 ], [ 14.565296, 53.487991 ], [ 14.5677, 53.485831 ], [ 14.565765, 53.483509 ], [ 14.561426, 53.483347 ], [ 14.559023, 53.485508 ] ] ] } },
{ "type": "Feature", "properties": { "fid": 471, "hex_id": 470 }, "geometry": { "type": "Polygon", "coordinates": [ [ [ 14.559492, 53.481026 ], [ 14.561426, 53.483347 ], [ 14.565765, 53.483509 ], [ 14.568168, 53.481348 ], [ 14.566233, 53.479027 ], [ 14.561895, 53.478865 ], [ 14.559492, 53.481026 ] ] ] } },
{ "type": "Feature", "properties": { "fid": 472, "hex_id": 471 }, "geometry": { "type": "Polygon", "coordinates": [ [ [ 14.55996, 53.476543 ], [ 14.561895, 53.478865 ], [ 14.566233, 53.479027 ], [ 14.568636, 53.476866 ], [ 14.566701, 53.474544 ], [ 14.562364, 53.474383 ], [ 14.55996, 53.476543 ] ] ] } },
{ "type": "Feature", "properties": { "fid": 473, "hex_id": 472 }, "geometry": { "type": "Polygon", "coordinates": [ [ [ 14.560429, 53.472061 ], [ 14.562364, 53.474383 ], [ 14.566701, 53.474544 ], [ 14.569104, 53.472384 ], [ 14.567169, 53.470062 ], [ 14.562832, 53.469901 ], [ 14.560429, 53.472061 ] ] ] } },
{ "type": "Feature", "properties": { "fid": 474, "hex_id": 473 }, "geometry": { "type": "Polygon", "coordinates": [ [ [ 14.560898, 53.467579 ], [ 14.562832, 53.469901 ], [ 14.567169, 53.470062 ], [ 14.569572, 53.467902 ], [ 14.567637, 53.46558 ], [ 14.5633, 53.465419 ], [ 14.560898, 53.467579 ] ] ] } },
{ "type": "Feature", "properties": { "fid": 475, "hex_id": 474 }, "geometry": { "type": "Polygon", "coordinates": [ [ [ 14.561366, 53.463097 ], [ 14.5633, 53.465419 ], [ 14.567637, 53.46558 ], [ 14.570039, 53.463419 ], [ 14.568105, 53.461098 ], [ 14.563769, 53.460936 ], [ 14.561366, 53.463097 ] ] ] } },
{ "type": "Feature", "properties": { "fid": 476, "hex_id": 475 }, "geometry": { "type": "Polygon", "coordinates": [ [ [ 14.561835, 53.458615 ], [ 14.563769, 53.460936 ], [ 14.568105, 53.461098 ], [ 14.570507, 53.458937 ], [ 14.568573, 53.456615 ], [ 14.564237, 53.456454 ], [ 14.561835, 53.458615 ] ] ] } },
{ "type": "Feature", "properties": { "fid": 477, "hex_id": 476 }, "geometry": { "type": "Polygon", "coordinates": [ [ [ 14.562303, 53.454132 ], [ 14.564237, 53.456454 ], [ 14.568573, 53.456615 ], [ 14.570974, 53.454455 ], [ 14.56904, 53.452133 ], [ 14.564705, 53.451972 ], [ 14.562303, 53.454132 ] ] ] } },
{ "type": "Feature", "properties": { "fid": 478, "hex_id": 477 }, "geometry": { "type": "Polygon", "coordinates": [ [ [ 14.562771, 53.44965 ], [ 14.564705, 53.451972 ], [ 14.56904, 53.452133 ], [ 14.571441, 53.449972 ], [ 14.569507, 53.447651 ], [ 14.565173, 53.44749 ], [ 14.562771, 53.44965 ] ] ] } },
{ "type": "Feature", "properties": { "fid": 479, "hex_id": 478 }, "geometry": { "type": "Polygon", "coordinates": [ [ [ 14.563239, 53.445168 ], [ 14.565173, 53.44749 ], [ 14.569507, 53.447651 ], [ 14.571908, 53.44549 ], [ 14.569975, 53.443169 ], [ 14.56564, 53.443007 ], [ 14.563239, 53.445168 ] ] ] } },
{ "type": "Feature", "properties": { "fid": 480, "hex_id": 479 }, "geometry": { "type": "Polygon", "coordinates": [ [ [ 14.563707, 53.440686 ], [ 14.56564, 53.443007 ], [ 14.569975, 53.443169 ], [ 14.572375, 53.441008 ], [ 14.570442, 53.438686 ], [ 14.566108, 53.438525 ], [ 14.563707, 53.440686 ] ] ] } },
{ "type": "Feature", "properties": { "fid": 481, "hex_id": 480 }, "geometry": { "type": "Polygon", "coordinates": [ [ [ 14.564175, 53.436203 ], [ 14.566108, 53.438525 ], [ 14.570442, 53.438686 ], [ 14.572842, 53.436526 ], [ 14.570909, 53.434204 ], [ 14.566575, 53.434043 ], [ 14.564175, 53.436203 ] ] ] } },
{ "type": "Feature", "properties": { "fid": 482, "hex_id": 481 }, "geometry": { "type": "Polygon", "coordinates": [ [ [ 14.564642, 53.431721 ], [ 14.566575, 53.434043 ], [ 14.570909, 53.434204 ], [ 14.573309, 53.432043 ], [ 14.571376, 53.429722 ], [ 14.567043, 53.429561 ], [ 14.564642, 53.431721 ] ] ] } },
{ "type": "Feature", "properties": { "fid": 483, "hex_id": 482 }, "geometry": { "type": "Polygon", "coordinates": [ [ [ 14.56511, 53.427239 ], [ 14.567043, 53.429561 ], [ 14.571376, 53.429722 ], [ 14.573776, 53.427561 ], [ 14.571843, 53.425239 ], [ 14.56751, 53.425078 ], [ 14.56511, 53.427239 ] ] ] } },
{ "type": "Feature", "properties": { "fid": 484, "hex_id": 483 }, "geometry": { "type": "Polygon", "coordinates": [ [ [ 14.565577, 53.422757 ], [ 14.56751, 53.425078 ], [ 14.571843, 53.425239 ], [ 14.574242, 53.423079 ], [ 14.572309, 53.420757 ], [ 14.567977, 53.420596 ], [ 14.565577, 53.422757 ] ] ] } },
{ "type": "Feature", "properties": { "fid": 485, "hex_id": 484 }, "geometry": { "type": "Polygon", "coordinates": [ [ [ 14.566045, 53.418274 ], [ 14.567977, 53.420596 ], [ 14.572309, 53.420757 ], [ 14.574708, 53.418596 ], [ 14.572776, 53.416275 ], [ 14.568444, 53.416114 ], [ 14.566045, 53.418274 ] ] ] } },
{ "type": "Feature", "properties": { "fid": 486, "hex_id": 485 }, "geometry": { "type": "Polygon", "coordinates": [ [ [ 14.566512, 53.413792 ], [ 14.568444, 53.416114 ], [ 14.572776, 53.416275 ], [ 14.575175, 53.414114 ], [ 14.573242, 53.411792 ], [ 14.568911, 53.411631 ], [ 14.566512, 53.413792 ] ] ] } },
{ "type": "Feature", "properties": { "fid": 487, "hex_id": 486 }, "geometry": { "type": "Polygon", "coordinates": [ [ [ 14.566979, 53.40931 ], [ 14.568911, 53.411631 ], [ 14.573242, 53.411792 ], [ 14.575641, 53.409632 ], [ 14.573708, 53.40731 ], [ 14.569378, 53.407149 ], [ 14.566979, 53.40931 ] ] ] } },
{ "type": "Feature", "properties": { "fid": 488, "hex_id": 487 }, "geometry": { "type": "Polygon", "coordinates": [ [ [ 14.567446, 53.404827 ], [ 14.569378, 53.407149 ], [ 14.573708, 53.40731 ], [ 14.576107, 53.405149 ], [ 14.574174, 53.402828 ], [ 14.569844, 53.402667 ], [ 14.567446, 53.404827 ] ] ] } },
{ "type": "Feature", "properties": { "fid": 489, "hex_id": 488 }, "geometry": { "type": "Polygon", "coordinates": [ [ [ 14.567912, 53.400345 ], [ 14.569844, 53.402667 ], [ 14.574174, 53.402828 ], [ 14.576573, 53.400667 ], [ 14.574641, 53.398345 ], [ 14.570311, 53.398185 ], [ 14.567912, 53.400345 ] ] ] } },
{ "type": "Feature", "properties": { "fid": 490, "hex_id": 489 }, "geometry": { "type": "Polygon", "coordinates": [ [ [ 14.568379, 53.395863 ], [ 14.570311, 53.398185 ], [ 14.574641, 53.398345 ], [ 14.577038, 53.396185 ], [ 14.575106, 53.393863 ], [ 14.570777, 53.393702 ], [ 14.568379, 53.395863 ] ] ] } },
{ "type": "Feature", "properties": { "fid": 491, "hex_id": 490 }, "geometry": { "type": "Polygon", "coordinates": [ [ [ 14.568845, 53.391381 ], [ 14.570777, 53.393702 ], [ 14.575106, 53.393863 ], [ 14.577504, 53.391702 ], [ 14.575572, 53.389381 ], [ 14.571243, 53.38922 ], [ 14.568845, 53.391381 ] ] ] } },
{ "type": "Feature", "properties": { "fid": 492, "hex_id": 491 }, "geometry": { "type": "Polygon", "coordinates": [ [ [ 14.569312, 53.386898 ], [ 14.571243, 53.38922 ], [ 14.575572, 53.389381 ], [ 14.577969, 53.38722 ], [ 14.576038, 53.384898 ], [ 14.571709, 53.384738 ], [ 14.569312, 53.386898 ] ] ] } },
{ "type": "Feature", "properties": { "fid": 493, "hex_id": 492 }, "geometry": { "type": "Polygon", "coordinates": [ [ [ 14.569778, 53.382416 ], [ 14.571709, 53.384738 ], [ 14.576038, 53.384898 ], [ 14.578435, 53.382737 ], [ 14.576503, 53.380416 ], [ 14.572175, 53.380255 ], [ 14.569778, 53.382416 ] ] ] } },
{ "type": "Feature", "properties": { "fid": 494, "hex_id": 493 }, "geometry": { "type": "Polygon", "coordinates": [ [ [ 14.570244, 53.377934 ], [ 14.572175, 53.380255 ], [ 14.576503, 53.380416 ], [ 14.5789, 53.378255 ], [ 14.576969, 53.375934 ], [ 14.572641, 53.375773 ], [ 14.570244, 53.377934 ] ] ] } },
{ "type": "Feature", "properties": { "fid": 495, "hex_id": 494 }, "geometry": { "type": "Polygon", "coordinates": [ [ [ 14.57071, 53.373451 ], [ 14.572641, 53.375773 ], [ 14.576969, 53.375934 ], [ 14.579365, 53.373773 ], [ 14.577434, 53.371451 ], [ 14.573107, 53.37129 ], [ 14.57071, 53.373451 ] ] ] } },
{ "type": "Feature", "properties": { "fid": 496, "hex_id": 495 }, "geometry": { "type": "Polygon", "coordinates": [ [ [ 14.571176, 53.368969 ], [ 14.573107, 53.37129 ], [ 14.577434, 53.371451 ], [ 14.57983, 53.36929 ], [ 14.577899, 53.366969 ], [ 14.573572, 53.366808 ], [ 14.571176, 53.368969 ] ] ] } },
{ "type": "Feature", "properties": { "fid": 497, "hex_id": 496 }, "geometry": { "type": "Polygon", "coordinates": [ [ [ 14.572108, 53.360004 ], [ 14.574038, 53.362326 ], [ 14.578364, 53.362486 ], [ 14.58076, 53.360325 ], [ 14.578829, 53.358004 ], [ 14.574503, 53.357843 ], [ 14.572108, 53.360004 ] ] ] } },
{ "type": "Feature", "properties": { "fid": 498, "hex_id": 497 }, "geometry": { "type": "Polygon", "coordinates": [ [ [ 14.572573, 53.355522 ], [ 14.574503, 53.357843 ], [ 14.578829, 53.358004 ], [ 14.581224, 53.355843 ], [ 14.579294, 53.353522 ], [ 14.574968, 53.353361 ], [ 14.572573, 53.355522 ] ] ] } },
{ "type": "Feature", "properties": { "fid": 499, "hex_id": 498 }, "geometry": { "type": "Polygon", "coordinates": [ [ [ 14.573038, 53.351039 ], [ 14.574968, 53.353361 ], [ 14.579294, 53.353522 ], [ 14.581689, 53.351361 ], [ 14.579758, 53.349039 ], [ 14.575433, 53.348879 ], [ 14.573038, 53.351039 ] ] ] } },
{ "type": "Feature", "properties": { "fid": 500, "hex_id": 499 }, "geometry": { "type": "Polygon", "coordinates": [ [ [ 14.573504, 53.346557 ], [ 14.575433, 53.348879 ], [ 14.579758, 53.349039 ], [ 14.582153, 53.346878 ], [ 14.580223, 53.344557 ], [ 14.575898, 53.344396 ], [ 14.573504, 53.346557 ] ] ] } },
{ "type": "Feature", "properties": { "fid": 501, "hex_id": 500 }, "geometry": { "type": "Polygon", "coordinates": [ [ [ 14.573969, 53.342075 ], [ 14.575898, 53.344396 ], [ 14.580223, 53.344557 ], [ 14.582617, 53.342396 ], [ 14.580687, 53.340074 ], [ 14.576363, 53.339914 ], [ 14.573969, 53.342075 ] ] ] } },
{ "type": "Feature", "properties": { "fid": 502, "hex_id": 501 }, "geometry": { "type": "Polygon", "coordinates": [ [ [ 14.574434, 53.337592 ], [ 14.576363, 53.339914 ], [ 14.580687, 53.340074 ], [ 14.583081, 53.337913 ], [ 14.581152, 53.335592 ], [ 14.576828, 53.335431 ], [ 14.574434, 53.337592 ] ] ] } },
{ "type": "Feature", "properties": { "fid": 503, "hex_id": 502 }, "geometry": { "type": "Polygon", "coordinates": [ [ [ 14.574899, 53.33311 ], [ 14.576828, 53.335431 ], [ 14.581152, 53.335592 ], [ 14.583545, 53.333431 ], [ 14.581616, 53.331109 ], [ 14.577293, 53.330949 ], [ 14.574899, 53.33311 ] ] ] } },
{ "type": "Feature", "properties": { "fid": 504, "hex_id": 503 }, "geometry": { "type": "Polygon", "coordinates": [ [ [ 14.575363, 53.328627 ], [ 14.577293, 53.330949 ], [ 14.581616, 53.331109 ], [ 14.584009, 53.328948 ], [ 14.58208, 53.326627 ], [ 14.577757, 53.326467 ], [ 14.575363, 53.328627 ] ] ] } },
{ "type": "Feature", "properties": { "fid": 505, "hex_id": 504 }, "geometry": { "type": "Polygon", "coordinates": [ [ [ 14.575828, 53.324145 ], [ 14.577757, 53.326467 ], [ 14.58208, 53.326627 ], [ 14.584473, 53.324466 ], [ 14.582544, 53.322145 ], [ 14.578221, 53.321984 ], [ 14.575828, 53.324145 ] ] ] } },
{ "type": "Feature", "properties": { "fid": 506, "hex_id": 505 }, "geometry": { "type": "Polygon", "coordinates": [ [ [ 14.560606, 53.532813 ], [ 14.562543, 53.535135 ], [ 14.566886, 53.535296 ], [ 14.569293, 53.533136 ], [ 14.567355, 53.530814 ], [ 14.563012, 53.530653 ], [ 14.560606, 53.532813 ] ] ] } },
{ "type": "Feature", "properties": { "fid": 507, "hex_id": 506 }, "geometry": { "type": "Polygon", "coordinates": [ [ [ 14.561075, 53.528331 ], [ 14.563012, 53.530653 ], [ 14.567355, 53.530814 ], [ 14.569761, 53.528654 ], [ 14.567824, 53.526332 ], [ 14.563481, 53.52617 ], [ 14.561075, 53.528331 ] ] ] } },
{ "type": "Feature", "properties": { "fid": 508, "hex_id": 507 }, "geometry": { "type": "Polygon", "coordinates": [ [ [ 14.561545, 53.523849 ], [ 14.563481, 53.52617 ], [ 14.567824, 53.526332 ], [ 14.57023, 53.524171 ], [ 14.568293, 53.52185 ], [ 14.563951, 53.521688 ], [ 14.561545, 53.523849 ] ] ] } },
{ "type": "Feature", "properties": { "fid": 509, "hex_id": 508 }, "geometry": { "type": "Polygon", "coordinates": [ [ [ 14.562014, 53.519366 ], [ 14.563951, 53.521688 ], [ 14.568293, 53.52185 ], [ 14.570699, 53.519689 ], [ 14.568762, 53.517367 ], [ 14.56442, 53.517206 ], [ 14.562014, 53.519366 ] ] ] } },
{ "type": "Feature", "properties": { "fid": 510, "hex_id": 509 }, "geometry": { "type": "Polygon", "coordinates": [ [ [ 14.56389, 53.501438 ], [ 14.565826, 53.50376 ], [ 14.570167, 53.503921 ], [ 14.572571, 53.50176 ], [ 14.570635, 53.499438 ], [ 14.566295, 53.499277 ], [ 14.56389, 53.501438 ] ] ] } },
{ "type": "Feature", "properties": { "fid": 511, "hex_id": 510 }, "geometry": { "type": "Polygon", "coordinates": [ [ [ 14.564359, 53.496956 ], [ 14.566295, 53.499277 ], [ 14.570635, 53.499438 ], [ 14.573039, 53.497278 ], [ 14.571103, 53.494956 ], [ 14.566763, 53.494795 ], [ 14.564359, 53.496956 ] ] ] } },
{ "type": "Feature", "properties": { "fid": 512, "hex_id": 511 }, "geometry": { "type": "Polygon", "coordinates": [ [ [ 14.564828, 53.492473 ], [ 14.566763, 53.494795 ], [ 14.571103, 53.494956 ], [ 14.573507, 53.492796 ], [ 14.571571, 53.490474 ], [ 14.567232, 53.490313 ], [ 14.564828, 53.492473 ] ] ] } },
{ "type": "Feature", "properties": { "fid": 513, "hex_id": 512 }, "geometry": { "type": "Polygon", "coordinates": [ [ [ 14.565296, 53.487991 ], [ 14.567232, 53.490313 ], [ 14.571571, 53.490474 ], [ 14.573974, 53.488313 ], [ 14.572039, 53.485992 ], [ 14.5677, 53.485831 ], [ 14.565296, 53.487991 ] ] ] } },
{ "type": "Feature", "properties": { "fid": 514, "hex_id": 513 }, "geometry": { "type": "Polygon", "coordinates": [ [ [ 14.565765, 53.483509 ], [ 14.5677, 53.485831 ], [ 14.572039, 53.485992 ], [ 14.574442, 53.483831 ], [ 14.572506, 53.481509 ], [ 14.568168, 53.481348 ], [ 14.565765, 53.483509 ] ] ] } },
{ "type": "Feature", "properties": { "fid": 515, "hex_id": 514 }, "geometry": { "type": "Polygon", "coordinates": [ [ [ 14.566233, 53.479027 ], [ 14.568168, 53.481348 ], [ 14.572506, 53.481509 ], [ 14.574909, 53.479349 ], [ 14.572974, 53.477027 ], [ 14.568636, 53.476866 ], [ 14.566233, 53.479027 ] ] ] } },
{ "type": "Feature", "properties": { "fid": 516, "hex_id": 515 }, "geometry": { "type": "Polygon", "coordinates": [ [ [ 14.566701, 53.474544 ], [ 14.568636, 53.476866 ], [ 14.572974, 53.477027 ], [ 14.575377, 53.474867 ], [ 14.573441, 53.472545 ], [ 14.569104, 53.472384 ], [ 14.566701, 53.474544 ] ] ] } },
{ "type": "Feature", "properties": { "fid": 517, "hex_id": 516 }, "geometry": { "type": "Polygon", "coordinates": [ [ [ 14.567169, 53.470062 ], [ 14.569104, 53.472384 ], [ 14.573441, 53.472545 ], [ 14.575844, 53.470384 ], [ 14.573909, 53.468063 ], [ 14.569572, 53.467902 ], [ 14.567169, 53.470062 ] ] ] } },
{ "type": "Feature", "properties": { "fid": 518, "hex_id": 517 }, "geometry": { "type": "Polygon", "coordinates": [ [ [ 14.567637, 53.46558 ], [ 14.569572, 53.467902 ], [ 14.573909, 53.468063 ], [ 14.576311, 53.465902 ], [ 14.574376, 53.46358 ], [ 14.570039, 53.463419 ], [ 14.567637, 53.46558 ] ] ] } },
{ "type": "Feature", "properties": { "fid": 519, "hex_id": 518 }, "geometry": { "type": "Polygon", "coordinates": [ [ [ 14.568105, 53.461098 ], [ 14.570039, 53.463419 ], [ 14.574376, 53.46358 ], [ 14.576778, 53.46142 ], [ 14.574843, 53.459098 ], [ 14.570507, 53.458937 ], [ 14.568105, 53.461098 ] ] ] } },
{ "type": "Feature", "properties": { "fid": 520, "hex_id": 519 }, "geometry": { "type": "Polygon", "coordinates": [ [ [ 14.568573, 53.456615 ], [ 14.570507, 53.458937 ], [ 14.574843, 53.459098 ], [ 14.577244, 53.456937 ], [ 14.57531, 53.454616 ], [ 14.570974, 53.454455 ], [ 14.568573, 53.456615 ] ] ] } },
{ "type": "Feature", "properties": { "fid": 521, "hex_id": 520 }, "geometry": { "type": "Polygon", "coordinates": [ [ [ 14.56904, 53.452133 ], [ 14.570974, 53.454455 ], [ 14.57531, 53.454616 ], [ 14.577711, 53.452455 ], [ 14.575777, 53.450133 ], [ 14.571441, 53.449972 ], [ 14.56904, 53.452133 ] ] ] } },
{ "type": "Feature", "properties": { "fid": 522, "hex_id": 521 }, "geometry": { "type": "Polygon", "coordinates": [ [ [ 14.569507, 53.447651 ], [ 14.571441, 53.449972 ], [ 14.575777, 53.450133 ], [ 14.578177, 53.447973 ], [ 14.576243, 53.445651 ], [ 14.571908, 53.44549 ], [ 14.569507, 53.447651 ] ] ] } },
{ "type": "Feature", "properties": { "fid": 523, "hex_id": 522 }, "geometry": { "type": "Polygon", "coordinates": [ [ [ 14.569975, 53.443169 ], [ 14.571908, 53.44549 ], [ 14.576243, 53.445651 ], [ 14.578644, 53.44349 ], [ 14.57671, 53.441169 ], [ 14.572375, 53.441008 ], [ 14.569975, 53.443169 ] ] ] } },
{ "type": "Feature", "properties": { "fid": 524, "hex_id": 523 }, "geometry": { "type": "Polygon", "coordinates": [ [ [ 14.570442, 53.438686 ], [ 14.572375, 53.441008 ], [ 14.57671, 53.441169 ], [ 14.57911, 53.439008 ], [ 14.577176, 53.436686 ], [ 14.572842, 53.436526 ], [ 14.570442, 53.438686 ] ] ] } },
{ "type": "Feature", "properties": { "fid": 525, "hex_id": 524 }, "geometry": { "type": "Polygon", "coordinates": [ [ [ 14.570909, 53.434204 ], [ 14.572842, 53.436526 ], [ 14.577176, 53.436686 ], [ 14.579576, 53.434526 ], [ 14.577642, 53.432204 ], [ 14.573309, 53.432043 ], [ 14.570909, 53.434204 ] ] ] } },
{ "type": "Feature", "properties": { "fid": 526, "hex_id": 525 }, "geometry": { "type": "Polygon", "coordinates": [ [ [ 14.571376, 53.429722 ], [ 14.573309, 53.432043 ], [ 14.577642, 53.432204 ], [ 14.580042, 53.430043 ], [ 14.578109, 53.427722 ], [ 14.573776, 53.427561 ], [ 14.571376, 53.429722 ] ] ] } },
{ "type": "Feature", "properties": { "fid": 527, "hex_id": 526 }, "geometry": { "type": "Polygon", "coordinates": [ [ [ 14.571843, 53.425239 ], [ 14.573776, 53.427561 ], [ 14.578109, 53.427722 ], [ 14.580508, 53.425561 ], [ 14.578575, 53.423239 ], [ 14.574242, 53.423079 ], [ 14.571843, 53.425239 ] ] ] } },
{ "type": "Feature", "properties": { "fid": 528, "hex_id": 527 }, "geometry": { "type": "Polygon", "coordinates": [ [ [ 14.572309, 53.420757 ], [ 14.574242, 53.423079 ], [ 14.578575, 53.423239 ], [ 14.580974, 53.421079 ], [ 14.57904, 53.418757 ], [ 14.574708, 53.418596 ], [ 14.572309, 53.420757 ] ] ] } },
{ "type": "Feature", "properties": { "fid": 529, "hex_id": 528 }, "geometry": { "type": "Polygon", "coordinates": [ [ [ 14.572776, 53.416275 ], [ 14.574708, 53.418596 ], [ 14.57904, 53.418757 ], [ 14.581439, 53.416596 ], [ 14.579506, 53.414275 ], [ 14.575175, 53.414114 ], [ 14.572776, 53.416275 ] ] ] } },
{ "type": "Feature", "properties": { "fid": 530, "hex_id": 529 }, "geometry": { "type": "Polygon", "coordinates": [ [ [ 14.573242, 53.411792 ], [ 14.575175, 53.414114 ], [ 14.579506, 53.414275 ], [ 14.581905, 53.412114 ], [ 14.579972, 53.409792 ], [ 14.575641, 53.409632 ], [ 14.573242, 53.411792 ] ] ] } },
{ "type": "Feature", "properties": { "fid": 531, "hex_id": 530 }, "geometry": { "type": "Polygon", "coordinates": [ [ [ 14.573708, 53.40731 ], [ 14.575641, 53.409632 ], [ 14.579972, 53.409792 ], [ 14.58237, 53.407631 ], [ 14.580437, 53.40531 ], [ 14.576107, 53.405149 ], [ 14.573708, 53.40731 ] ] ] } },
{ "type": "Feature", "properties": { "fid": 532, "hex_id": 531 }, "geometry": { "type": "Polygon", "coordinates": [ [ [ 14.574174, 53.402828 ], [ 14.576107, 53.405149 ], [ 14.580437, 53.40531 ], [ 14.582835, 53.403149 ], [ 14.580903, 53.400828 ], [ 14.576573, 53.400667 ], [ 14.574174, 53.402828 ] ] ] } },
{ "type": "Feature", "properties": { "fid": 533, "hex_id": 532 }, "geometry": { "type": "Polygon", "coordinates": [ [ [ 14.574641, 53.398345 ], [ 14.576573, 53.400667 ], [ 14.580903, 53.400828 ], [ 14.5833, 53.398667 ], [ 14.581368, 53.396345 ], [ 14.577038, 53.396185 ], [ 14.574641, 53.398345 ] ] ] } },
{ "type": "Feature", "properties": { "fid": 534, "hex_id": 533 }, "geometry": { "type": "Polygon", "coordinates": [ [ [ 14.575106, 53.393863 ], [ 14.577038, 53.396185 ], [ 14.581368, 53.396345 ], [ 14.583765, 53.394184 ], [ 14.581833, 53.391863 ], [ 14.577504, 53.391702 ], [ 14.575106, 53.393863 ] ] ] } },
{ "type": "Feature", "properties": { "fid": 535, "hex_id": 534 }, "geometry": { "type": "Polygon", "coordinates": [ [ [ 14.575572, 53.389381 ], [ 14.577504, 53.391702 ], [ 14.581833, 53.391863 ], [ 14.58423, 53.389702 ], [ 14.582298, 53.38738 ], [ 14.577969, 53.38722 ], [ 14.575572, 53.389381 ] ] ] } },
{ "type": "Feature", "properties": { "fid": 536, "hex_id": 535 }, "geometry": { "type": "Polygon", "coordinates": [ [ [ 14.576038, 53.384898 ], [ 14.577969, 53.38722 ], [ 14.582298, 53.38738 ], [ 14.584695, 53.385219 ], [ 14.582763, 53.382898 ], [ 14.578435, 53.382737 ], [ 14.576038, 53.384898 ] ] ] } },
{ "type": "Feature", "properties": { "fid": 537, "hex_id": 536 }, "geometry": { "type": "Polygon", "coordinates": [ [ [ 14.576503, 53.380416 ], [ 14.578435, 53.382737 ], [ 14.582763, 53.382898 ], [ 14.58516, 53.380737 ], [ 14.583228, 53.378416 ], [ 14.5789, 53.378255 ], [ 14.576503, 53.380416 ] ] ] } },
{ "type": "Feature", "properties": { "fid": 538, "hex_id": 537 }, "geometry": { "type": "Polygon", "coordinates": [ [ [ 14.576969, 53.375934 ], [ 14.5789, 53.378255 ], [ 14.583228, 53.378416 ], [ 14.585624, 53.376255 ], [ 14.583693, 53.373933 ], [ 14.579365, 53.373773 ], [ 14.576969, 53.375934 ] ] ] } },
{ "type": "Feature", "properties": { "fid": 539, "hex_id": 538 }, "geometry": { "type": "Polygon", "coordinates": [ [ [ 14.577434, 53.371451 ], [ 14.579365, 53.373773 ], [ 14.583693, 53.373933 ], [ 14.586088, 53.371772 ], [ 14.584157, 53.369451 ], [ 14.57983, 53.36929 ], [ 14.577434, 53.371451 ] ] ] } },
{ "type": "Feature", "properties": { "fid": 540, "hex_id": 539 }, "geometry": { "type": "Polygon", "coordinates": [ [ [ 14.577899, 53.366969 ], [ 14.57983, 53.36929 ], [ 14.584157, 53.369451 ], [ 14.586553, 53.36729 ], [ 14.584621, 53.364968 ], [ 14.580295, 53.364808 ], [ 14.577899, 53.366969 ] ] ] } },
{ "type": "Feature", "properties": { "fid": 541, "hex_id": 540 }, "geometry": { "type": "Polygon", "coordinates": [ [ [ 14.578364, 53.362486 ], [ 14.580295, 53.364808 ], [ 14.584621, 53.364968 ], [ 14.587017, 53.362807 ], [ 14.585086, 53.360486 ], [ 14.58076, 53.360325 ], [ 14.578364, 53.362486 ] ] ] } },
{ "type": "Feature", "properties": { "fid": 542, "hex_id": 541 }, "geometry": { "type": "Polygon", "coordinates": [ [ [ 14.578829, 53.358004 ], [ 14.58076, 53.360325 ], [ 14.585086, 53.360486 ], [ 14.587481, 53.358325 ], [ 14.58555, 53.356003 ], [ 14.581224, 53.355843 ], [ 14.578829, 53.358004 ] ] ] } },
{ "type": "Feature", "properties": { "fid": 543, "hex_id": 542 }, "geometry": { "type": "Polygon", "coordinates": [ [ [ 14.579294, 53.353522 ], [ 14.581224, 53.355843 ], [ 14.58555, 53.356003 ], [ 14.587945, 53.353842 ], [ 14.586014, 53.351521 ], [ 14.581689, 53.351361 ], [ 14.579294, 53.353522 ] ] ] } },
{ "type": "Feature", "properties": { "fid": 544, "hex_id": 543 }, "geometry": { "type": "Polygon", "coordinates": [ [ [ 14.579758, 53.349039 ], [ 14.581689, 53.351361 ], [ 14.586014, 53.351521 ], [ 14.588408, 53.34936 ], [ 14.586478, 53.347039 ], [ 14.582153, 53.346878 ], [ 14.579758, 53.349039 ] ] ] } },
{ "type": "Feature", "properties": { "fid": 545, "hex_id": 544 }, "geometry": { "type": "Polygon", "coordinates": [ [ [ 14.580223, 53.344557 ], [ 14.582153, 53.346878 ], [ 14.586478, 53.347039 ], [ 14.588872, 53.344877 ], [ 14.586942, 53.342556 ], [ 14.582617, 53.342396 ], [ 14.580223, 53.344557 ] ] ] } },
{ "type": "Feature", "properties": { "fid": 546, "hex_id": 545 }, "geometry": { "type": "Polygon", "coordinates": [ [ [ 14.580687, 53.340074 ], [ 14.582617, 53.342396 ], [ 14.586942, 53.342556 ], [ 14.589335, 53.340395 ], [ 14.587405, 53.338074 ], [ 14.583081, 53.337913 ], [ 14.580687, 53.340074 ] ] ] } },
{ "type": "Feature", "properties": { "fid": 547, "hex_id": 546 }, "geometry": { "type": "Polygon", "coordinates": [ [ [ 14.581152, 53.335592 ], [ 14.583081, 53.337913 ], [ 14.587405, 53.338074 ], [ 14.589799, 53.335912 ], [ 14.587869, 53.333591 ], [ 14.583545, 53.333431 ], [ 14.581152, 53.335592 ] ] ] } },
{ "type": "Feature", "properties": { "fid": 548, "hex_id": 547 }, "geometry": { "type": "Polygon", "coordinates": [ [ [ 14.58208, 53.326627 ], [ 14.584009, 53.328948 ], [ 14.588332, 53.329109 ], [ 14.590725, 53.326947 ], [ 14.588795, 53.324626 ], [ 14.584473, 53.324466 ], [ 14.58208, 53.326627 ] ] ] } },
{ "type": "Feature", "properties": { "fid": 549, "hex_id": 548 }, "geometry": { "type": "Polygon", "coordinates": [ [ [ 14.582544, 53.322145 ], [ 14.584473, 53.324466 ], [ 14.588795, 53.324626 ], [ 14.591188, 53.322465 ], [ 14.589259, 53.320144 ], [ 14.584937, 53.319983 ], [ 14.582544, 53.322145 ] ] ] } },
{ "type": "Feature", "properties": { "fid": 550, "hex_id": 549 }, "geometry": { "type": "Polygon", "coordinates": [ [ [ 14.566886, 53.535296 ], [ 14.568824, 53.537618 ], [ 14.573168, 53.537779 ], [ 14.575574, 53.535619 ], [ 14.573636, 53.533297 ], [ 14.569293, 53.533136 ], [ 14.566886, 53.535296 ] ] ] } },
{ "type": "Feature", "properties": { "fid": 551, "hex_id": 550 }, "geometry": { "type": "Polygon", "coordinates": [ [ [ 14.567355, 53.530814 ], [ 14.569293, 53.533136 ], [ 14.573636, 53.533297 ], [ 14.576042, 53.531136 ], [ 14.574105, 53.528815 ], [ 14.569761, 53.528654 ], [ 14.567355, 53.530814 ] ] ] } },
{ "type": "Feature", "properties": { "fid": 552, "hex_id": 551 }, "geometry": { "type": "Polygon", "coordinates": [ [ [ 14.567824, 53.526332 ], [ 14.569761, 53.528654 ], [ 14.574105, 53.528815 ], [ 14.57651, 53.526654 ], [ 14.574573, 53.524333 ], [ 14.57023, 53.524171 ], [ 14.567824, 53.526332 ] ] ] } },
{ "type": "Feature", "properties": { "fid": 553, "hex_id": 552 }, "geometry": { "type": "Polygon", "coordinates": [ [ [ 14.568293, 53.52185 ], [ 14.57023, 53.524171 ], [ 14.574573, 53.524333 ], [ 14.576978, 53.522172 ], [ 14.575041, 53.51985 ], [ 14.570699, 53.519689 ], [ 14.568293, 53.52185 ] ] ] } },
{ "type": "Feature", "properties": { "fid": 554, "hex_id": 553 }, "geometry": { "type": "Polygon", "coordinates": [ [ [ 14.568762, 53.517367 ], [ 14.570699, 53.519689 ], [ 14.575041, 53.51985 ], [ 14.577446, 53.51769 ], [ 14.575509, 53.515368 ], [ 14.571167, 53.515207 ], [ 14.568762, 53.517367 ] ] ] } },
{ "type": "Feature", "properties": { "fid": 555, "hex_id": 554 }, "geometry": { "type": "Polygon", "coordinates": [ [ [ 14.570635, 53.499438 ], [ 14.572571, 53.50176 ], [ 14.576912, 53.501921 ], [ 14.579316, 53.49976 ], [ 14.577379, 53.497439 ], [ 14.573039, 53.497278 ], [ 14.570635, 53.499438 ] ] ] } },
{ "type": "Feature", "properties": { "fid": 556, "hex_id": 555 }, "geometry": { "type": "Polygon", "coordinates": [ [ [ 14.571103, 53.494956 ], [ 14.573039, 53.497278 ], [ 14.577379, 53.497439 ], [ 14.579783, 53.495278 ], [ 14.577846, 53.492957 ], [ 14.573507, 53.492796 ], [ 14.571103, 53.494956 ] ] ] } },
{ "type": "Feature", "properties": { "fid": 557, "hex_id": 556 }, "geometry": { "type": "Polygon", "coordinates": [ [ [ 14.571571, 53.490474 ], [ 14.573507, 53.492796 ], [ 14.577846, 53.492957 ], [ 14.58025, 53.490796 ], [ 14.578314, 53.488474 ], [ 14.573974, 53.488313 ], [ 14.571571, 53.490474 ] ] ] } },
{ "type": "Feature", "properties": { "fid": 558, "hex_id": 557 }, "geometry": { "type": "Polygon", "coordinates": [ [ [ 14.572039, 53.485992 ], [ 14.573974, 53.488313 ], [ 14.578314, 53.488474 ], [ 14.580717, 53.486314 ], [ 14.578781, 53.483992 ], [ 14.574442, 53.483831 ], [ 14.572039, 53.485992 ] ] ] } },
{ "type": "Feature", "properties": { "fid": 559, "hex_id": 558 }, "geometry": { "type": "Polygon", "coordinates": [ [ [ 14.572506, 53.481509 ], [ 14.574442, 53.483831 ], [ 14.578781, 53.483992 ], [ 14.581183, 53.481831 ], [ 14.579248, 53.47951 ], [ 14.574909, 53.479349 ], [ 14.572506, 53.481509 ] ] ] } },
{ "type": "Feature", "properties": { "fid": 560, "hex_id": 559 }, "geometry": { "type": "Polygon", "coordinates": [ [ [ 14.572974, 53.477027 ], [ 14.574909, 53.479349 ], [ 14.579248, 53.47951 ], [ 14.58165, 53.477349 ], [ 14.579714, 53.475027 ], [ 14.575377, 53.474867 ], [ 14.572974, 53.477027 ] ] ] } },
{ "type": "Feature", "properties": { "fid": 561, "hex_id": 560 }, "geometry": { "type": "Polygon", "coordinates": [ [ [ 14.573441, 53.472545 ], [ 14.575377, 53.474867 ], [ 14.579714, 53.475027 ], [ 14.582116, 53.472867 ], [ 14.580181, 53.470545 ], [ 14.575844, 53.470384 ], [ 14.573441, 53.472545 ] ] ] } },
{ "type": "Feature", "properties": { "fid": 562, "hex_id": 561 }, "geometry": { "type": "Polygon", "coordinates": [ [ [ 14.573909, 53.468063 ], [ 14.575844, 53.470384 ], [ 14.580181, 53.470545 ], [ 14.582583, 53.468384 ], [ 14.580647, 53.466063 ], [ 14.576311, 53.465902 ], [ 14.573909, 53.468063 ] ] ] } },
{ "type": "Feature", "properties": { "fid": 563, "hex_id": 562 }, "geometry": { "type": "Polygon", "coordinates": [ [ [ 14.574376, 53.46358 ], [ 14.576311, 53.465902 ], [ 14.580647, 53.466063 ], [ 14.583049, 53.463902 ], [ 14.581114, 53.46158 ], [ 14.576778, 53.46142 ], [ 14.574376, 53.46358 ] ] ] } },
{ "type": "Feature", "properties": { "fid": 564, "hex_id": 563 }, "geometry": { "type": "Polygon", "coordinates": [ [ [ 14.574843, 53.459098 ], [ 14.576778, 53.46142 ], [ 14.581114, 53.46158 ], [ 14.583515, 53.45942 ], [ 14.58158, 53.457098 ], [ 14.577244, 53.456937 ], [ 14.574843, 53.459098 ] ] ] } },
{ "type": "Feature", "properties": { "fid": 565, "hex_id": 564 }, "geometry": { "type": "Polygon", "coordinates": [ [ [ 14.57531, 53.454616 ], [ 14.577244, 53.456937 ], [ 14.58158, 53.457098 ], [ 14.583981, 53.454937 ], [ 14.582046, 53.452616 ], [ 14.577711, 53.452455 ], [ 14.57531, 53.454616 ] ] ] } },
{ "type": "Feature", "properties": { "fid": 566, "hex_id": 565 }, "geometry": { "type": "Polygon", "coordinates": [ [ [ 14.575777, 53.450133 ], [ 14.577711, 53.452455 ], [ 14.582046, 53.452616 ], [ 14.584447, 53.450455 ], [ 14.582512, 53.448133 ], [ 14.578177, 53.447973 ], [ 14.575777, 53.450133 ] ] ] } },
{ "type": "Feature", "properties": { "fid": 567, "hex_id": 566 }, "geometry": { "type": "Polygon", "coordinates": [ [ [ 14.576243, 53.445651 ], [ 14.578177, 53.447973 ], [ 14.582512, 53.448133 ], [ 14.584913, 53.445972 ], [ 14.582978, 53.443651 ], [ 14.578644, 53.44349 ], [ 14.576243, 53.445651 ] ] ] } },
{ "type": "Feature", "properties": { "fid": 568, "hex_id": 567 }, "geometry": { "type": "Polygon", "coordinates": [ [ [ 14.57671, 53.441169 ], [ 14.578644, 53.44349 ], [ 14.582978, 53.443651 ], [ 14.585378, 53.44149 ], [ 14.583444, 53.439169 ], [ 14.57911, 53.439008 ], [ 14.57671, 53.441169 ] ] ] } },
{ "type": "Feature", "properties": { "fid": 569, "hex_id": 568 }, "geometry": { "type": "Polygon", "coordinates": [ [ [ 14.577176, 53.436686 ], [ 14.57911, 53.439008 ], [ 14.583444, 53.439169 ], [ 14.585844, 53.437008 ], [ 14.58391, 53.434686 ], [ 14.579576, 53.434526 ], [ 14.577176, 53.436686 ] ] ] } },
{ "type": "Feature", "properties": { "fid": 570, "hex_id": 569 }, "geometry": { "type": "Polygon", "coordinates": [ [ [ 14.577642, 53.432204 ], [ 14.579576, 53.434526 ], [ 14.58391, 53.434686 ], [ 14.586309, 53.432525 ], [ 14.584375, 53.430204 ], [ 14.580042, 53.430043 ], [ 14.577642, 53.432204 ] ] ] } },
{ "type": "Feature", "properties": { "fid": 571, "hex_id": 570 }, "geometry": { "type": "Polygon", "coordinates": [ [ [ 14.578109, 53.427722 ], [ 14.580042, 53.430043 ], [ 14.584375, 53.430204 ], [ 14.586774, 53.428043 ], [ 14.584841, 53.425721 ], [ 14.580508, 53.425561 ], [ 14.578109, 53.427722 ] ] ] } },
{ "type": "Feature", "properties": { "fid": 572, "hex_id": 571 }, "geometry": { "type": "Polygon", "coordinates": [ [ [ 14.578575, 53.423239 ], [ 14.580508, 53.425561 ], [ 14.584841, 53.425721 ], [ 14.58724, 53.42356 ], [ 14.585306, 53.421239 ], [ 14.580974, 53.421079 ], [ 14.578575, 53.423239 ] ] ] } },
{ "type": "Feature", "properties": { "fid": 573, "hex_id": 572 }, "geometry": { "type": "Polygon", "coordinates": [ [ [ 14.57904, 53.418757 ], [ 14.580974, 53.421079 ], [ 14.585306, 53.421239 ], [ 14.587705, 53.419078 ], [ 14.585771, 53.416757 ], [ 14.581439, 53.416596 ], [ 14.57904, 53.418757 ] ] ] } },
{ "type": "Feature", "properties": { "fid": 574, "hex_id": 573 }, "geometry": { "type": "Polygon", "coordinates": [ [ [ 14.579506, 53.414275 ], [ 14.581439, 53.416596 ], [ 14.585771, 53.416757 ], [ 14.588169, 53.414596 ], [ 14.586236, 53.412274 ], [ 14.581905, 53.412114 ], [ 14.579506, 53.414275 ] ] ] } },
{ "type": "Feature", "properties": { "fid": 575, "hex_id": 574 }, "geometry": { "type": "Polygon", "coordinates": [ [ [ 14.579972, 53.409792 ], [ 14.581905, 53.412114 ], [ 14.586236, 53.412274 ], [ 14.588634, 53.410113 ], [ 14.586701, 53.407792 ], [ 14.58237, 53.407631 ], [ 14.579972, 53.409792 ] ] ] } },
{ "type": "Feature", "properties": { "fid": 576, "hex_id": 575 }, "geometry": { "type": "Polygon", "coordinates": [ [ [ 14.580437, 53.40531 ], [ 14.58237, 53.407631 ], [ 14.586701, 53.407792 ], [ 14.589099, 53.405631 ], [ 14.587166, 53.403309 ], [ 14.582835, 53.403149 ], [ 14.580437, 53.40531 ] ] ] } },
{ "type": "Feature", "properties": { "fid": 577, "hex_id": 576 }, "geometry": { "type": "Polygon", "coordinates": [ [ [ 14.580903, 53.400828 ], [ 14.582835, 53.403149 ], [ 14.587166, 53.403309 ], [ 14.589563, 53.401148 ], [ 14.58763, 53.398827 ], [ 14.5833, 53.398667 ], [ 14.580903, 53.400828 ] ] ] } },
{ "type": "Feature", "properties": { "fid": 578, "hex_id": 577 }, "geometry": { "type": "Polygon", "coordinates": [ [ [ 14.581368, 53.396345 ], [ 14.5833, 53.398667 ], [ 14.58763, 53.398827 ], [ 14.590028, 53.396666 ], [ 14.588095, 53.394345 ], [ 14.583765, 53.394184 ], [ 14.581368, 53.396345 ] ] ] } },
{ "type": "Feature", "properties": { "fid": 579, "hex_id": 578 }, "geometry": { "type": "Polygon", "coordinates": [ [ [ 14.581833, 53.391863 ], [ 14.583765, 53.394184 ], [ 14.588095, 53.394345 ], [ 14.590492, 53.392183 ], [ 14.588559, 53.389862 ], [ 14.58423, 53.389702 ], [ 14.581833, 53.391863 ] ] ] } },
{ "type": "Feature", "properties": { "fid": 580, "hex_id": 579 }, "geometry": { "type": "Polygon", "coordinates": [ [ [ 14.582298, 53.38738 ], [ 14.58423, 53.389702 ], [ 14.588559, 53.389862 ], [ 14.590956, 53.387701 ], [ 14.589024, 53.38538 ], [ 14.584695, 53.385219 ], [ 14.582298, 53.38738 ] ] ] } },
{ "type": "Feature", "properties": { "fid": 581, "hex_id": 580 }, "geometry": { "type": "Polygon", "coordinates": [ [ [ 14.582763, 53.382898 ], [ 14.584695, 53.385219 ], [ 14.589024, 53.38538 ], [ 14.59142, 53.383219 ], [ 14.589488, 53.380897 ], [ 14.58516, 53.380737 ], [ 14.582763, 53.382898 ] ] ] } },
{ "type": "Feature", "properties": { "fid": 582, "hex_id": 581 }, "geometry": { "type": "Polygon", "coordinates": [ [ [ 14.583228, 53.378416 ], [ 14.58516, 53.380737 ], [ 14.589488, 53.380897 ], [ 14.591884, 53.378736 ], [ 14.589952, 53.376415 ], [ 14.585624, 53.376255 ], [ 14.583228, 53.378416 ] ] ] } },
{ "type": "Feature", "properties": { "fid": 583, "hex_id": 582 }, "geometry": { "type": "Polygon", "coordinates": [ [ [ 14.583693, 53.373933 ], [ 14.585624, 53.376255 ], [ 14.589952, 53.376415 ], [ 14.592348, 53.374254 ], [ 14.590416, 53.371932 ], [ 14.586088, 53.371772 ], [ 14.583693, 53.373933 ] ] ] } },
{ "type": "Feature", "properties": { "fid": 584, "hex_id": 583 }, "geometry": { "type": "Polygon", "coordinates": [ [ [ 14.584157, 53.369451 ], [ 14.586088, 53.371772 ], [ 14.590416, 53.371932 ], [ 14.592811, 53.369771 ], [ 14.59088, 53.36745 ], [ 14.586553, 53.36729 ], [ 14.584157, 53.369451 ] ] ] } },
{ "type": "Feature", "properties": { "fid": 585, "hex_id": 584 }, "geometry": { "type": "Polygon", "coordinates": [ [ [ 14.584621, 53.364968 ], [ 14.586553, 53.36729 ], [ 14.59088, 53.36745 ], [ 14.593275, 53.365289 ], [ 14.591343, 53.362967 ], [ 14.587017, 53.362807 ], [ 14.584621, 53.364968 ] ] ] } },
{ "type": "Feature", "properties": { "fid": 586, "hex_id": 585 }, "geometry": { "type": "Polygon", "coordinates": [ [ [ 14.585086, 53.360486 ], [ 14.587017, 53.362807 ], [ 14.591343, 53.362967 ], [ 14.593738, 53.360806 ], [ 14.591807, 53.358485 ], [ 14.587481, 53.358325 ], [ 14.585086, 53.360486 ] ] ] } },
{ "type": "Feature", "properties": { "fid": 587, "hex_id": 586 }, "geometry": { "type": "Polygon", "coordinates": [ [ [ 14.58555, 53.356003 ], [ 14.587481, 53.358325 ], [ 14.591807, 53.358485 ], [ 14.594201, 53.356324 ], [ 14.59227, 53.354002 ], [ 14.587945, 53.353842 ], [ 14.58555, 53.356003 ] ] ] } },
{ "type": "Feature", "properties": { "fid": 588, "hex_id": 587 }, "geometry": { "type": "Polygon", "coordinates": [ [ [ 14.586014, 53.351521 ], [ 14.587945, 53.353842 ], [ 14.59227, 53.354002 ], [ 14.594664, 53.351841 ], [ 14.592733, 53.34952 ], [ 14.588408, 53.34936 ], [ 14.586014, 53.351521 ] ] ] } },
{ "type": "Feature", "properties": { "fid": 589, "hex_id": 588 }, "geometry": { "type": "Polygon", "coordinates": [ [ [ 14.586478, 53.347039 ], [ 14.588408, 53.34936 ], [ 14.592733, 53.34952 ], [ 14.595127, 53.347359 ], [ 14.593197, 53.345037 ], [ 14.588872, 53.344877 ], [ 14.586478, 53.347039 ] ] ] } },
{ "type": "Feature", "properties": { "fid": 590, "hex_id": 589 }, "geometry": { "type": "Polygon", "coordinates": [ [ [ 14.586942, 53.342556 ], [ 14.588872, 53.344877 ], [ 14.593197, 53.345037 ], [ 14.59559, 53.342876 ], [ 14.59366, 53.340555 ], [ 14.589335, 53.340395 ], [ 14.586942, 53.342556 ] ] ] } },
{ "type": "Feature", "properties": { "fid": 591, "hex_id": 590 }, "geometry": { "type": "Polygon", "coordinates": [ [ [ 14.587405, 53.338074 ], [ 14.589335, 53.340395 ], [ 14.59366, 53.340555 ], [ 14.596053, 53.338394 ], [ 14.594123, 53.336072 ], [ 14.589799, 53.335912 ], [ 14.587405, 53.338074 ] ] ] } },
{ "type": "Feature", "properties": { "fid": 592, "hex_id": 591 }, "geometry": { "type": "Polygon", "coordinates": [ [ [ 14.573636, 53.533297 ], [ 14.575574, 53.535619 ], [ 14.579918, 53.53578 ], [ 14.582324, 53.533619 ], [ 14.580386, 53.531297 ], [ 14.576042, 53.531136 ], [ 14.573636, 53.533297 ] ] ] } },
{ "type": "Feature", "properties": { "fid": 593, "hex_id": 592 }, "geometry": { "type": "Polygon", "coordinates": [ [ [ 14.574105, 53.528815 ], [ 14.576042, 53.531136 ], [ 14.580386, 53.531297 ], [ 14.582791, 53.529137 ], [ 14.580853, 53.526815 ], [ 14.57651, 53.526654 ], [ 14.574105, 53.528815 ] ] ] } },
{ "type": "Feature", "properties": { "fid": 594, "hex_id": 593 }, "geometry": { "type": "Polygon", "coordinates": [ [ [ 14.574573, 53.524333 ], [ 14.57651, 53.526654 ], [ 14.580853, 53.526815 ], [ 14.583258, 53.524654 ], [ 14.581321, 53.522333 ], [ 14.576978, 53.522172 ], [ 14.574573, 53.524333 ] ] ] } },
{ "type": "Feature", "properties": { "fid": 595, "hex_id": 594 }, "geometry": { "type": "Polygon", "coordinates": [ [ [ 14.575041, 53.51985 ], [ 14.576978, 53.522172 ], [ 14.581321, 53.522333 ], [ 14.583725, 53.520172 ], [ 14.581788, 53.51785 ], [ 14.577446, 53.51769 ], [ 14.575041, 53.51985 ] ] ] } },
{ "type": "Feature", "properties": { "fid": 596, "hex_id": 595 }, "geometry": { "type": "Polygon", "coordinates": [ [ [ 14.575509, 53.515368 ], [ 14.577446, 53.51769 ], [ 14.581788, 53.51785 ], [ 14.584192, 53.51569 ], [ 14.582255, 53.513368 ], [ 14.577913, 53.513207 ], [ 14.575509, 53.515368 ] ] ] } },
{ "type": "Feature", "properties": { "fid": 597, "hex_id": 596 }, "geometry": { "type": "Polygon", "coordinates": [ [ [ 14.575977, 53.510886 ], [ 14.577913, 53.513207 ], [ 14.582255, 53.513368 ], [ 14.584659, 53.511207 ], [ 14.582722, 53.508886 ], [ 14.578381, 53.508725 ], [ 14.575977, 53.510886 ] ] ] } },
{ "type": "Feature", "properties": { "fid": 598, "hex_id": 597 }, "geometry": { "type": "Polygon", "coordinates": [ [ [ 14.576444, 53.506403 ], [ 14.578381, 53.508725 ], [ 14.582722, 53.508886 ], [ 14.585126, 53.506725 ], [ 14.583189, 53.504404 ], [ 14.578848, 53.504243 ], [ 14.576444, 53.506403 ] ] ] } },
{ "type": "Feature", "properties": { "fid": 599, "hex_id": 598 }, "geometry": { "type": "Polygon", "coordinates": [ [ [ 14.576912, 53.501921 ], [ 14.578848, 53.504243 ], [ 14.583189, 53.504404 ], [ 14.585593, 53.502243 ], [ 14.583656, 53.499921 ], [ 14.579316, 53.49976 ], [ 14.576912, 53.501921 ] ] ] } },
{ "type": "Feature", "properties": { "fid": 600, "hex_id": 599 }, "geometry": { "type": "Polygon", "coordinates": [ [ [ 14.577379, 53.497439 ], [ 14.579316, 53.49976 ], [ 14.583656, 53.499921 ], [ 14.586059, 53.49776 ], [ 14.584123, 53.495439 ], [ 14.579783, 53.495278 ], [ 14.577379, 53.497439 ] ] ] } },
{ "type": "Feature", "properties": { "fid": 601, "hex_id": 600 }, "geometry": { "type": "Polygon", "coordinates": [ [ [ 14.577846, 53.492957 ], [ 14.579783, 53.495278 ], [ 14.584123, 53.495439 ], [ 14.586526, 53.493278 ], [ 14.584589, 53.490957 ], [ 14.58025, 53.490796 ], [ 14.577846, 53.492957 ] ] ] } },
{ "type": "Feature", "properties": { "fid": 602, "hex_id": 601 }, "geometry": { "type": "Polygon", "coordinates": [ [ [ 14.578314, 53.488474 ], [ 14.58025, 53.490796 ], [ 14.584589, 53.490957 ], [ 14.586992, 53.488796 ], [ 14.585055, 53.486474 ], [ 14.580717, 53.486314 ], [ 14.578314, 53.488474 ] ] ] } },
{ "type": "Feature", "properties": { "fid": 603, "hex_id": 602 }, "geometry": { "type": "Polygon", "coordinates": [ [ [ 14.578781, 53.483992 ], [ 14.580717, 53.486314 ], [ 14.585055, 53.486474 ], [ 14.587458, 53.484313 ], [ 14.585522, 53.481992 ], [ 14.581183, 53.481831 ], [ 14.578781, 53.483992 ] ] ] } },
{ "type": "Feature", "properties": { "fid": 604, "hex_id": 603 }, "geometry": { "type": "Polygon", "coordinates": [ [ [ 14.579248, 53.47951 ], [ 14.581183, 53.481831 ], [ 14.585522, 53.481992 ], [ 14.587924, 53.479831 ], [ 14.585988, 53.47751 ], [ 14.58165, 53.477349 ], [ 14.579248, 53.47951 ] ] ] } },
{ "type": "Feature", "properties": { "fid": 605, "hex_id": 604 }, "geometry": { "type": "Polygon", "coordinates": [ [ [ 14.579714, 53.475027 ], [ 14.58165, 53.477349 ], [ 14.585988, 53.47751 ], [ 14.58839, 53.475349 ], [ 14.586454, 53.473027 ], [ 14.582116, 53.472867 ], [ 14.579714, 53.475027 ] ] ] } },
{ "type": "Feature", "properties": { "fid": 606, "hex_id": 605 }, "geometry": { "type": "Polygon", "coordinates": [ [ [ 14.580181, 53.470545 ], [ 14.582116, 53.472867 ], [ 14.586454, 53.473027 ], [ 14.588856, 53.470866 ], [ 14.58692, 53.468545 ], [ 14.582583, 53.468384 ], [ 14.580181, 53.470545 ] ] ] } },
{ "type": "Feature", "properties": { "fid": 607, "hex_id": 606 }, "geometry": { "type": "Polygon", "coordinates": [ [ [ 14.580647, 53.466063 ], [ 14.582583, 53.468384 ], [ 14.58692, 53.468545 ], [ 14.589321, 53.466384 ], [ 14.587386, 53.464062 ], [ 14.583049, 53.463902 ], [ 14.580647, 53.466063 ] ] ] } },
{ "type": "Feature", "properties": { "fid": 608, "hex_id": 607 }, "geometry": { "type": "Polygon", "coordinates": [ [ [ 14.581114, 53.46158 ], [ 14.583049, 53.463902 ], [ 14.587386, 53.464062 ], [ 14.589787, 53.461901 ], [ 14.587851, 53.45958 ], [ 14.583515, 53.45942 ], [ 14.581114, 53.46158 ] ] ] } },
{ "type": "Feature", "properties": { "fid": 609, "hex_id": 608 }, "geometry": { "type": "Polygon", "coordinates": [ [ [ 14.58158, 53.457098 ], [ 14.583515, 53.45942 ], [ 14.587851, 53.45958 ], [ 14.590252, 53.457419 ], [ 14.588317, 53.455098 ], [ 14.583981, 53.454937 ], [ 14.58158, 53.457098 ] ] ] } },
{ "type": "Feature", "properties": { "fid": 610, "hex_id": 609 }, "geometry": { "type": "Polygon", "coordinates": [ [ [ 14.582046, 53.452616 ], [ 14.583981, 53.454937 ], [ 14.588317, 53.455098 ], [ 14.590717, 53.452937 ], [ 14.588782, 53.450615 ], [ 14.584447, 53.450455 ], [ 14.582046, 53.452616 ] ] ] } },
{ "type": "Feature", "properties": { "fid": 611, "hex_id": 610 }, "geometry": { "type": "Polygon", "coordinates": [ [ [ 14.582512, 53.448133 ], [ 14.584447, 53.450455 ], [ 14.588782, 53.450615 ], [ 14.591182, 53.448454 ], [ 14.589248, 53.446133 ], [ 14.584913, 53.445972 ], [ 14.582512, 53.448133 ] ] ] } },
{ "type": "Feature", "properties": { "fid": 612, "hex_id": 611 }, "geometry": { "type": "Polygon", "coordinates": [ [ [ 14.582978, 53.443651 ], [ 14.584913, 53.445972 ], [ 14.589248, 53.446133 ], [ 14.591647, 53.443972 ], [ 14.589713, 53.44165 ], [ 14.585378, 53.44149 ], [ 14.582978, 53.443651 ] ] ] } },
{ "type": "Feature", "properties": { "fid": 613, "hex_id": 612 }, "geometry": { "type": "Polygon", "coordinates": [ [ [ 14.583444, 53.439169 ], [ 14.585378, 53.44149 ], [ 14.589713, 53.44165 ], [ 14.592112, 53.439489 ], [ 14.590178, 53.437168 ], [ 14.585844, 53.437008 ], [ 14.583444, 53.439169 ] ] ] } },
{ "type": "Feature", "properties": { "fid": 614, "hex_id": 613 }, "geometry": { "type": "Polygon", "coordinates": [ [ [ 14.58391, 53.434686 ], [ 14.585844, 53.437008 ], [ 14.590178, 53.437168 ], [ 14.592577, 53.435007 ], [ 14.590643, 53.432686 ], [ 14.586309, 53.432525 ], [ 14.58391, 53.434686 ] ] ] } },
{ "type": "Feature", "properties": { "fid": 615, "hex_id": 614 }, "geometry": { "type": "Polygon", "coordinates": [ [ [ 14.584375, 53.430204 ], [ 14.586309, 53.432525 ], [ 14.590643, 53.432686 ], [ 14.593042, 53.430525 ], [ 14.591107, 53.428203 ], [ 14.586774, 53.428043 ], [ 14.584375, 53.430204 ] ] ] } },
{ "type": "Feature", "properties": { "fid": 616, "hex_id": 615 }, "geometry": { "type": "Polygon", "coordinates": [ [ [ 14.584841, 53.425721 ], [ 14.586774, 53.428043 ], [ 14.591107, 53.428203 ], [ 14.593506, 53.426042 ], [ 14.591572, 53.423721 ], [ 14.58724, 53.42356 ], [ 14.584841, 53.425721 ] ] ] } },
{ "type": "Feature", "properties": { "fid": 617, "hex_id": 616 }, "geometry": { "type": "Polygon", "coordinates": [ [ [ 14.585306, 53.421239 ], [ 14.58724, 53.42356 ], [ 14.591572, 53.423721 ], [ 14.593971, 53.42156 ], [ 14.592037, 53.419238 ], [ 14.587705, 53.419078 ], [ 14.585306, 53.421239 ] ] ] } },
{ "type": "Feature", "properties": { "fid": 618, "hex_id": 617 }, "geometry": { "type": "Polygon", "coordinates": [ [ [ 14.585771, 53.416757 ], [ 14.587705, 53.419078 ], [ 14.592037, 53.419238 ], [ 14.594435, 53.417077 ], [ 14.592501, 53.414756 ], [ 14.588169, 53.414596 ], [ 14.585771, 53.416757 ] ] ] } },
{ "type": "Feature", "properties": { "fid": 619, "hex_id": 618 }, "geometry": { "type": "Polygon", "coordinates": [ [ [ 14.586236, 53.412274 ], [ 14.588169, 53.414596 ], [ 14.592501, 53.414756 ], [ 14.594899, 53.412595 ], [ 14.592965, 53.410273 ], [ 14.588634, 53.410113 ], [ 14.586236, 53.412274 ] ] ] } },
{ "type": "Feature", "properties": { "fid": 620, "hex_id": 619 }, "geometry": { "type": "Polygon", "coordinates": [ [ [ 14.586701, 53.407792 ], [ 14.588634, 53.410113 ], [ 14.592965, 53.410273 ], [ 14.595363, 53.408112 ], [ 14.59343, 53.405791 ], [ 14.589099, 53.405631 ], [ 14.586701, 53.407792 ] ] ] } },
{ "type": "Feature", "properties": { "fid": 621, "hex_id": 620 }, "geometry": { "type": "Polygon", "coordinates": [ [ [ 14.587166, 53.403309 ], [ 14.589099, 53.405631 ], [ 14.59343, 53.405791 ], [ 14.595827, 53.40363 ], [ 14.593894, 53.401309 ], [ 14.589563, 53.401148 ], [ 14.587166, 53.403309 ] ] ] } },
{ "type": "Feature", "properties": { "fid": 622, "hex_id": 621 }, "geometry": { "type": "Polygon", "coordinates": [ [ [ 14.58763, 53.398827 ], [ 14.589563, 53.401148 ], [ 14.593894, 53.401309 ], [ 14.596291, 53.399147 ], [ 14.594357, 53.396826 ], [ 14.590028, 53.396666 ], [ 14.58763, 53.398827 ] ] ] } },
{ "type": "Feature", "properties": { "fid": 623, "hex_id": 622 }, "geometry": { "type": "Polygon", "coordinates": [ [ [ 14.588095, 53.394345 ], [ 14.590028, 53.396666 ], [ 14.594357, 53.396826 ], [ 14.596754, 53.394665 ], [ 14.594821, 53.392344 ], [ 14.590492, 53.392183 ], [ 14.588095, 53.394345 ] ] ] } },
{ "type": "Feature", "properties": { "fid": 624, "hex_id": 623 }, "geometry": { "type": "Polygon", "coordinates": [ [ [ 14.588559, 53.389862 ], [ 14.590492, 53.392183 ], [ 14.594821, 53.392344 ], [ 14.597218, 53.390182 ], [ 14.595285, 53.387861 ], [ 14.590956, 53.387701 ], [ 14.588559, 53.389862 ] ] ] } },
{ "type": "Feature", "properties": { "fid": 625, "hex_id": 624 }, "geometry": { "type": "Polygon", "coordinates": [ [ [ 14.589024, 53.38538 ], [ 14.590956, 53.387701 ], [ 14.595285, 53.387861 ], [ 14.597681, 53.3857 ], [ 14.595748, 53.383379 ], [ 14.59142, 53.383219 ], [ 14.589024, 53.38538 ] ] ] } },
{ "type": "Feature", "properties": { "fid": 626, "hex_id": 625 }, "geometry": { "type": "Polygon", "coordinates": [ [ [ 14.589488, 53.380897 ], [ 14.59142, 53.383219 ], [ 14.595748, 53.383379 ], [ 14.598144, 53.381217 ], [ 14.596212, 53.378896 ], [ 14.591884, 53.378736 ], [ 14.589488, 53.380897 ] ] ] } },
{ "type": "Feature", "properties": { "fid": 627, "hex_id": 626 }, "geometry": { "type": "Polygon", "coordinates": [ [ [ 14.589952, 53.376415 ], [ 14.591884, 53.378736 ], [ 14.596212, 53.378896 ], [ 14.598607, 53.376735 ], [ 14.596675, 53.374414 ], [ 14.592348, 53.374254 ], [ 14.589952, 53.376415 ] ] ] } },
{ "type": "Feature", "properties": { "fid": 628, "hex_id": 627 }, "geometry": { "type": "Polygon", "coordinates": [ [ [ 14.590416, 53.371932 ], [ 14.592348, 53.374254 ], [ 14.596675, 53.374414 ], [ 14.59907, 53.372252 ], [ 14.597138, 53.369931 ], [ 14.592811, 53.369771 ], [ 14.590416, 53.371932 ] ] ] } },
{ "type": "Feature", "properties": { "fid": 629, "hex_id": 628 }, "geometry": { "type": "Polygon", "coordinates": [ [ [ 14.59088, 53.36745 ], [ 14.592811, 53.369771 ], [ 14.597138, 53.369931 ], [ 14.599533, 53.36777 ], [ 14.597601, 53.365449 ], [ 14.593275, 53.365289 ], [ 14.59088, 53.36745 ] ] ] } },
{ "type": "Feature", "properties": { "fid": 630, "hex_id": 629 }, "geometry": { "type": "Polygon", "coordinates": [ [ [ 14.591343, 53.362967 ], [ 14.593275, 53.365289 ], [ 14.597601, 53.365449 ], [ 14.599996, 53.363287 ], [ 14.598064, 53.360966 ], [ 14.593738, 53.360806 ], [ 14.591343, 53.362967 ] ] ] } },
{ "type": "Feature", "properties": { "fid": 631, "hex_id": 630 }, "geometry": { "type": "Polygon", "coordinates": [ [ [ 14.591807, 53.358485 ], [ 14.593738, 53.360806 ], [ 14.598064, 53.360966 ], [ 14.600459, 53.358805 ], [ 14.598527, 53.356484 ], [ 14.594201, 53.356324 ], [ 14.591807, 53.358485 ] ] ] } },
{ "type": "Feature", "properties": { "fid": 632, "hex_id": 631 }, "geometry": { "type": "Polygon", "coordinates": [ [ [ 14.59227, 53.354002 ], [ 14.594201, 53.356324 ], [ 14.598527, 53.356484 ], [ 14.600921, 53.354322 ], [ 14.59899, 53.352001 ], [ 14.594664, 53.351841 ], [ 14.59227, 53.354002 ] ] ] } },
{ "type": "Feature", "properties": { "fid": 633, "hex_id": 632 }, "geometry": { "type": "Polygon", "coordinates": [ [ [ 14.592733, 53.34952 ], [ 14.594664, 53.351841 ], [ 14.59899, 53.352001 ], [ 14.601384, 53.34984 ], [ 14.599452, 53.347519 ], [ 14.595127, 53.347359 ], [ 14.592733, 53.34952 ] ] ] } },
{ "type": "Feature", "properties": { "fid": 634, "hex_id": 633 }, "geometry": { "type": "Polygon", "coordinates": [ [ [ 14.593197, 53.345037 ], [ 14.595127, 53.347359 ], [ 14.599452, 53.347519 ], [ 14.601846, 53.345357 ], [ 14.599915, 53.343036 ], [ 14.59559, 53.342876 ], [ 14.593197, 53.345037 ] ] ] } },
{ "type": "Feature", "properties": { "fid": 635, "hex_id": 634 }, "geometry": { "type": "Polygon", "coordinates": [ [ [ 14.579918, 53.53578 ], [ 14.581856, 53.538101 ], [ 14.5862, 53.538262 ], [ 14.588606, 53.536101 ], [ 14.586667, 53.53378 ], [ 14.582324, 53.533619 ], [ 14.579918, 53.53578 ] ] ] } },
{ "type": "Feature", "properties": { "fid": 636, "hex_id": 635 }, "geometry": { "type": "Polygon", "coordinates": [ [ [ 14.580386, 53.531297 ], [ 14.582324, 53.533619 ], [ 14.586667, 53.53378 ], [ 14.589073, 53.531619 ], [ 14.587134, 53.529297 ], [ 14.582791, 53.529137 ], [ 14.580386, 53.531297 ] ] ] } },
{ "type": "Feature", "properties": { "fid": 637, "hex_id": 636 }, "geometry": { "type": "Polygon", "coordinates": [ [ [ 14.580853, 53.526815 ], [ 14.582791, 53.529137 ], [ 14.587134, 53.529297 ], [ 14.589539, 53.527136 ], [ 14.587601, 53.524815 ], [ 14.583258, 53.524654 ], [ 14.580853, 53.526815 ] ] ] } },
{ "type": "Feature", "properties": { "fid": 638, "hex_id": 637 }, "geometry": { "type": "Polygon", "coordinates": [ [ [ 14.581321, 53.522333 ], [ 14.583258, 53.524654 ], [ 14.587601, 53.524815 ], [ 14.590006, 53.522654 ], [ 14.588068, 53.520333 ], [ 14.583725, 53.520172 ], [ 14.581321, 53.522333 ] ] ] } },
{ "type": "Feature", "properties": { "fid": 639, "hex_id": 638 }, "geometry": { "type": "Polygon", "coordinates": [ [ [ 14.581788, 53.51785 ], [ 14.583725, 53.520172 ], [ 14.588068, 53.520333 ], [ 14.590472, 53.518172 ], [ 14.588534, 53.51585 ], [ 14.584192, 53.51569 ], [ 14.581788, 53.51785 ] ] ] } },
{ "type": "Feature", "properties": { "fid": 640, "hex_id": 639 }, "geometry": { "type": "Polygon", "coordinates": [ [ [ 14.582255, 53.513368 ], [ 14.584192, 53.51569 ], [ 14.588534, 53.51585 ], [ 14.590939, 53.513689 ], [ 14.589001, 53.511368 ], [ 14.584659, 53.511207 ], [ 14.582255, 53.513368 ] ] ] } },
{ "type": "Feature", "properties": { "fid": 641, "hex_id": 640 }, "geometry": { "type": "Polygon", "coordinates": [ [ [ 14.582722, 53.508886 ], [ 14.584659, 53.511207 ], [ 14.589001, 53.511368 ], [ 14.591405, 53.509207 ], [ 14.589467, 53.506886 ], [ 14.585126, 53.506725 ], [ 14.582722, 53.508886 ] ] ] } },
{ "type": "Feature", "properties": { "fid": 642, "hex_id": 641 }, "geometry": { "type": "Polygon", "coordinates": [ [ [ 14.583189, 53.504404 ], [ 14.585126, 53.506725 ], [ 14.589467, 53.506886 ], [ 14.591871, 53.504725 ], [ 14.589933, 53.502403 ], [ 14.585593, 53.502243 ], [ 14.583189, 53.504404 ] ] ] } },
{ "type": "Feature", "properties": { "fid": 643, "hex_id": 642 }, "geometry": { "type": "Polygon", "coordinates": [ [ [ 14.583656, 53.499921 ], [ 14.585593, 53.502243 ], [ 14.589933, 53.502403 ], [ 14.592337, 53.500242 ], [ 14.590399, 53.497921 ], [ 14.586059, 53.49776 ], [ 14.583656, 53.499921 ] ] ] } },
{ "type": "Feature", "properties": { "fid": 644, "hex_id": 643 }, "geometry": { "type": "Polygon", "coordinates": [ [ [ 14.584123, 53.495439 ], [ 14.586059, 53.49776 ], [ 14.590399, 53.497921 ], [ 14.592802, 53.49576 ], [ 14.590865, 53.493438 ], [ 14.586526, 53.493278 ], [ 14.584123, 53.495439 ] ] ] } },
{ "type": "Feature", "properties": { "fid": 645, "hex_id": 644 }, "geometry": { "type": "Polygon", "coordinates": [ [ [ 14.584589, 53.490957 ], [ 14.586526, 53.493278 ], [ 14.590865, 53.493438 ], [ 14.593268, 53.491277 ], [ 14.591331, 53.488956 ], [ 14.586992, 53.488796 ], [ 14.584589, 53.490957 ] ] ] } },
{ "type": "Feature", "properties": { "fid": 646, "hex_id": 645 }, "geometry": { "type": "Polygon", "coordinates": [ [ [ 14.585055, 53.486474 ], [ 14.586992, 53.488796 ], [ 14.591331, 53.488956 ], [ 14.593733, 53.486795 ], [ 14.591797, 53.484474 ], [ 14.587458, 53.484313 ], [ 14.585055, 53.486474 ] ] ] } },
{ "type": "Feature", "properties": { "fid": 647, "hex_id": 646 }, "geometry": { "type": "Polygon", "coordinates": [ [ [ 14.585522, 53.481992 ], [ 14.587458, 53.484313 ], [ 14.591797, 53.484474 ], [ 14.594199, 53.482313 ], [ 14.592262, 53.479991 ], [ 14.587924, 53.479831 ], [ 14.585522, 53.481992 ] ] ] } },
{ "type": "Feature", "properties": { "fid": 648, "hex_id": 647 }, "geometry": { "type": "Polygon", "coordinates": [ [ [ 14.585988, 53.47751 ], [ 14.587924, 53.479831 ], [ 14.592262, 53.479991 ], [ 14.594664, 53.47783 ], [ 14.592728, 53.475509 ], [ 14.58839, 53.475349 ], [ 14.585988, 53.47751 ] ] ] } },
{ "type": "Feature", "properties": { "fid": 649, "hex_id": 648 }, "geometry": { "type": "Polygon", "coordinates": [ [ [ 14.586454, 53.473027 ], [ 14.58839, 53.475349 ], [ 14.592728, 53.475509 ], [ 14.595129, 53.473348 ], [ 14.593193, 53.471027 ], [ 14.588856, 53.470866 ], [ 14.586454, 53.473027 ] ] ] } },
{ "type": "Feature", "properties": { "fid": 650, "hex_id": 649 }, "geometry": { "type": "Polygon", "coordinates": [ [ [ 14.58692, 53.468545 ], [ 14.588856, 53.470866 ], [ 14.593193, 53.471027 ], [ 14.595594, 53.468865 ], [ 14.593658, 53.466544 ], [ 14.589321, 53.466384 ], [ 14.58692, 53.468545 ] ] ] } },
{ "type": "Feature", "properties": { "fid": 651, "hex_id": 650 }, "geometry": { "type": "Polygon", "coordinates": [ [ [ 14.587386, 53.464062 ], [ 14.589321, 53.466384 ], [ 14.593658, 53.466544 ], [ 14.596059, 53.464383 ], [ 14.594123, 53.462062 ], [ 14.589787, 53.461901 ], [ 14.587386, 53.464062 ] ] ] } },
{ "type": "Feature", "properties": { "fid": 652, "hex_id": 651 }, "geometry": { "type": "Polygon", "coordinates": [ [ [ 14.587851, 53.45958 ], [ 14.589787, 53.461901 ], [ 14.594123, 53.462062 ], [ 14.596524, 53.459901 ], [ 14.594588, 53.457579 ], [ 14.590252, 53.457419 ], [ 14.587851, 53.45958 ] ] ] } },
{ "type": "Feature", "properties": { "fid": 653, "hex_id": 652 }, "geometry": { "type": "Polygon", "coordinates": [ [ [ 14.588317, 53.455098 ], [ 14.590252, 53.457419 ], [ 14.594588, 53.457579 ], [ 14.596988, 53.455418 ], [ 14.595053, 53.453097 ], [ 14.590717, 53.452937 ], [ 14.588317, 53.455098 ] ] ] } },
{ "type": "Feature", "properties": { "fid": 654, "hex_id": 653 }, "geometry": { "type": "Polygon", "coordinates": [ [ [ 14.588782, 53.450615 ], [ 14.590717, 53.452937 ], [ 14.595053, 53.453097 ], [ 14.597453, 53.450936 ], [ 14.595518, 53.448614 ], [ 14.591182, 53.448454 ], [ 14.588782, 53.450615 ] ] ] } },
{ "type": "Feature", "properties": { "fid": 655, "hex_id": 654 }, "geometry": { "type": "Polygon", "coordinates": [ [ [ 14.589248, 53.446133 ], [ 14.591182, 53.448454 ], [ 14.595518, 53.448614 ], [ 14.597917, 53.446453 ], [ 14.595982, 53.444132 ], [ 14.591647, 53.443972 ], [ 14.589248, 53.446133 ] ] ] } },
{ "type": "Feature", "properties": { "fid": 656, "hex_id": 655 }, "geometry": { "type": "Polygon", "coordinates": [ [ [ 14.589713, 53.44165 ], [ 14.591647, 53.443972 ], [ 14.595982, 53.444132 ], [ 14.598382, 53.441971 ], [ 14.596447, 53.43965 ], [ 14.592112, 53.439489 ], [ 14.589713, 53.44165 ] ] ] } },
{ "type": "Feature", "properties": { "fid": 657, "hex_id": 656 }, "geometry": { "type": "Polygon", "coordinates": [ [ [ 14.590178, 53.437168 ], [ 14.592112, 53.439489 ], [ 14.596447, 53.43965 ], [ 14.598846, 53.437488 ], [ 14.596911, 53.435167 ], [ 14.592577, 53.435007 ], [ 14.590178, 53.437168 ] ] ] } },
{ "type": "Feature", "properties": { "fid": 658, "hex_id": 657 }, "geometry": { "type": "Polygon", "coordinates": [ [ [ 14.590643, 53.432686 ], [ 14.592577, 53.435007 ], [ 14.596911, 53.435167 ], [ 14.59931, 53.433006 ], [ 14.597375, 53.430685 ], [ 14.593042, 53.430525 ], [ 14.590643, 53.432686 ] ] ] } },
{ "type": "Feature", "properties": { "fid": 659, "hex_id": 658 }, "geometry": { "type": "Polygon", "coordinates": [ [ [ 14.591107, 53.428203 ], [ 14.593042, 53.430525 ], [ 14.597375, 53.430685 ], [ 14.599774, 53.428523 ], [ 14.597839, 53.426202 ], [ 14.593506, 53.426042 ], [ 14.591107, 53.428203 ] ] ] } },
{ "type": "Feature", "properties": { "fid": 660, "hex_id": 659 }, "geometry": { "type": "Polygon", "coordinates": [ [ [ 14.591572, 53.423721 ], [ 14.593506, 53.426042 ], [ 14.597839, 53.426202 ], [ 14.600237, 53.424041 ], [ 14.598303, 53.42172 ], [ 14.593971, 53.42156 ], [ 14.591572, 53.423721 ] ] ] } },
{ "type": "Feature", "properties": { "fid": 661, "hex_id": 660 }, "geometry": { "type": "Polygon", "coordinates": [ [ [ 14.592037, 53.419238 ], [ 14.593971, 53.42156 ], [ 14.598303, 53.42172 ], [ 14.600701, 53.419558 ], [ 14.598767, 53.417237 ], [ 14.594435, 53.417077 ], [ 14.592037, 53.419238 ] ] ] } },
{ "type": "Feature", "properties": { "fid": 662, "hex_id": 661 }, "geometry": { "type": "Polygon", "coordinates": [ [ [ 14.592501, 53.414756 ], [ 14.594435, 53.417077 ], [ 14.598767, 53.417237 ], [ 14.601164, 53.415076 ], [ 14.59923, 53.412755 ], [ 14.594899, 53.412595 ], [ 14.592501, 53.414756 ] ] ] } },
{ "type": "Feature", "properties": { "fid": 663, "hex_id": 662 }, "geometry": { "type": "Polygon", "coordinates": [ [ [ 14.592965, 53.410273 ], [ 14.594899, 53.412595 ], [ 14.59923, 53.412755 ], [ 14.601628, 53.410593 ], [ 14.599694, 53.408272 ], [ 14.595363, 53.408112 ], [ 14.592965, 53.410273 ] ] ] } },
{ "type": "Feature", "properties": { "fid": 664, "hex_id": 663 }, "geometry": { "type": "Polygon", "coordinates": [ [ [ 14.59343, 53.405791 ], [ 14.595363, 53.408112 ], [ 14.599694, 53.408272 ], [ 14.602091, 53.406111 ], [ 14.600157, 53.40379 ], [ 14.595827, 53.40363 ], [ 14.59343, 53.405791 ] ] ] } },
{ "type": "Feature", "properties": { "fid": 665, "hex_id": 664 }, "geometry": { "type": "Polygon", "coordinates": [ [ [ 14.593894, 53.401309 ], [ 14.595827, 53.40363 ], [ 14.600157, 53.40379 ], [ 14.602554, 53.401628 ], [ 14.600621, 53.399307 ], [ 14.596291, 53.399147 ], [ 14.593894, 53.401309 ] ] ] } },
{ "type": "Feature", "properties": { "fid": 666, "hex_id": 665 }, "geometry": { "type": "Polygon", "coordinates": [ [ [ 14.594357, 53.396826 ], [ 14.596291, 53.399147 ], [ 14.600621, 53.399307 ], [ 14.603017, 53.397146 ], [ 14.601084, 53.394825 ], [ 14.596754, 53.394665 ], [ 14.594357, 53.396826 ] ] ] } },
{ "type": "Feature", "properties": { "fid": 667, "hex_id": 666 }, "geometry": { "type": "Polygon", "coordinates": [ [ [ 14.594821, 53.392344 ], [ 14.596754, 53.394665 ], [ 14.601084, 53.394825 ], [ 14.60348, 53.392663 ], [ 14.601547, 53.390342 ], [ 14.597218, 53.390182 ], [ 14.594821, 53.392344 ] ] ] } },
{ "type": "Feature", "properties": { "fid": 668, "hex_id": 667 }, "geometry": { "type": "Polygon", "coordinates": [ [ [ 14.595285, 53.387861 ], [ 14.597218, 53.390182 ], [ 14.601547, 53.390342 ], [ 14.603943, 53.388181 ], [ 14.60201, 53.38586 ], [ 14.597681, 53.3857 ], [ 14.595285, 53.387861 ] ] ] } },
{ "type": "Feature", "properties": { "fid": 669, "hex_id": 668 }, "geometry": { "type": "Polygon", "coordinates": [ [ [ 14.595748, 53.383379 ], [ 14.597681, 53.3857 ], [ 14.60201, 53.38586 ], [ 14.604406, 53.383698 ], [ 14.602473, 53.381377 ], [ 14.598144, 53.381217 ], [ 14.595748, 53.383379 ] ] ] } },
{ "type": "Feature", "properties": { "fid": 670, "hex_id": 669 }, "geometry": { "type": "Polygon", "coordinates": [ [ [ 14.596212, 53.378896 ], [ 14.598144, 53.381217 ], [ 14.602473, 53.381377 ], [ 14.604868, 53.379216 ], [ 14.602935, 53.376895 ], [ 14.598607, 53.376735 ], [ 14.596212, 53.378896 ] ] ] } },
{ "type": "Feature", "properties": { "fid": 671, "hex_id": 670 }, "geometry": { "type": "Polygon", "coordinates": [ [ [ 14.596675, 53.374414 ], [ 14.598607, 53.376735 ], [ 14.602935, 53.376895 ], [ 14.60533, 53.374733 ], [ 14.603398, 53.372412 ], [ 14.59907, 53.372252 ], [ 14.596675, 53.374414 ] ] ] } },
{ "type": "Feature", "properties": { "fid": 672, "hex_id": 671 }, "geometry": { "type": "Polygon", "coordinates": [ [ [ 14.597138, 53.369931 ], [ 14.59907, 53.372252 ], [ 14.603398, 53.372412 ], [ 14.605793, 53.370251 ], [ 14.60386, 53.36793 ], [ 14.599533, 53.36777 ], [ 14.597138, 53.369931 ] ] ] } },
{ "type": "Feature", "properties": { "fid": 673, "hex_id": 672 }, "geometry": { "type": "Polygon", "coordinates": [ [ [ 14.597601, 53.365449 ], [ 14.599533, 53.36777 ], [ 14.60386, 53.36793 ], [ 14.606255, 53.365768 ], [ 14.604323, 53.363447 ], [ 14.599996, 53.363287 ], [ 14.597601, 53.365449 ] ] ] } },
{ "type": "Feature", "properties": { "fid": 674, "hex_id": 673 }, "geometry": { "type": "Polygon", "coordinates": [ [ [ 14.598064, 53.360966 ], [ 14.599996, 53.363287 ], [ 14.604323, 53.363447 ], [ 14.606717, 53.361286 ], [ 14.604785, 53.358964 ], [ 14.600459, 53.358805 ], [ 14.598064, 53.360966 ] ] ] } },
{ "type": "Feature", "properties": { "fid": 675, "hex_id": 674 }, "geometry": { "type": "Polygon", "coordinates": [ [ [ 14.598527, 53.356484 ], [ 14.600459, 53.358805 ], [ 14.604785, 53.358964 ], [ 14.607179, 53.356803 ], [ 14.605247, 53.354482 ], [ 14.600921, 53.354322 ], [ 14.598527, 53.356484 ] ] ] } },
{ "type": "Feature", "properties": { "fid": 676, "hex_id": 675 }, "geometry": { "type": "Polygon", "coordinates": [ [ [ 14.59899, 53.352001 ], [ 14.600921, 53.354322 ], [ 14.605247, 53.354482 ], [ 14.607641, 53.35232 ], [ 14.605709, 53.349999 ], [ 14.601384, 53.34984 ], [ 14.59899, 53.352001 ] ] ] } },
{ "type": "Feature", "properties": { "fid": 677, "hex_id": 676 }, "geometry": { "type": "Polygon", "coordinates": [ [ [ 14.599452, 53.347519 ], [ 14.601384, 53.34984 ], [ 14.605709, 53.349999 ], [ 14.608102, 53.347838 ], [ 14.606171, 53.345517 ], [ 14.601846, 53.345357 ], [ 14.599452, 53.347519 ] ] ] } },
{ "type": "Feature", "properties": { "fid": 678, "hex_id": 677 }, "geometry": { "type": "Polygon", "coordinates": [ [ [ 14.586667, 53.53378 ], [ 14.588606, 53.536101 ], [ 14.59295, 53.536262 ], [ 14.595355, 53.534101 ], [ 14.593416, 53.531779 ], [ 14.589073, 53.531619 ], [ 14.586667, 53.53378 ] ] ] } },
{ "type": "Feature", "properties": { "fid": 679, "hex_id": 678 }, "geometry": { "type": "Polygon", "coordinates": [ [ [ 14.587134, 53.529297 ], [ 14.589073, 53.531619 ], [ 14.593416, 53.531779 ], [ 14.595821, 53.529618 ], [ 14.593883, 53.527297 ], [ 14.589539, 53.527136 ], [ 14.587134, 53.529297 ] ] ] } },
{ "type": "Feature", "properties": { "fid": 680, "hex_id": 679 }, "geometry": { "type": "Polygon", "coordinates": [ [ [ 14.587601, 53.524815 ], [ 14.589539, 53.527136 ], [ 14.593883, 53.527297 ], [ 14.596287, 53.525136 ], [ 14.594349, 53.522814 ], [ 14.590006, 53.522654 ], [ 14.587601, 53.524815 ] ] ] } },
{ "type": "Feature", "properties": { "fid": 681, "hex_id": 680 }, "geometry": { "type": "Polygon", "coordinates": [ [ [ 14.588068, 53.520333 ], [ 14.590006, 53.522654 ], [ 14.594349, 53.522814 ], [ 14.596753, 53.520653 ], [ 14.594814, 53.518332 ], [ 14.590472, 53.518172 ], [ 14.588068, 53.520333 ] ] ] } },
{ "type": "Feature", "properties": { "fid": 682, "hex_id": 681 }, "geometry": { "type": "Polygon", "coordinates": [ [ [ 14.588534, 53.51585 ], [ 14.590472, 53.518172 ], [ 14.594814, 53.518332 ], [ 14.597218, 53.516171 ], [ 14.59528, 53.51385 ], [ 14.590939, 53.513689 ], [ 14.588534, 53.51585 ] ] ] } },
{ "type": "Feature", "properties": { "fid": 683, "hex_id": 682 }, "geometry": { "type": "Polygon", "coordinates": [ [ [ 14.589001, 53.511368 ], [ 14.590939, 53.513689 ], [ 14.59528, 53.51385 ], [ 14.597684, 53.511689 ], [ 14.595746, 53.509367 ], [ 14.591405, 53.509207 ], [ 14.589001, 53.511368 ] ] ] } },
{ "type": "Feature", "properties": { "fid": 684, "hex_id": 683 }, "geometry": { "type": "Polygon", "coordinates": [ [ [ 14.589467, 53.506886 ], [ 14.591405, 53.509207 ], [ 14.595746, 53.509367 ], [ 14.598149, 53.507206 ], [ 14.596212, 53.504885 ], [ 14.591871, 53.504725 ], [ 14.589467, 53.506886 ] ] ] } },
{ "type": "Feature", "properties": { "fid": 685, "hex_id": 684 }, "geometry": { "type": "Polygon", "coordinates": [ [ [ 14.589933, 53.502403 ], [ 14.591871, 53.504725 ], [ 14.596212, 53.504885 ], [ 14.598615, 53.502724 ], [ 14.596677, 53.500402 ], [ 14.592337, 53.500242 ], [ 14.589933, 53.502403 ] ] ] } },
{ "type": "Feature", "properties": { "fid": 686, "hex_id": 685 }, "geometry": { "type": "Polygon", "coordinates": [ [ [ 14.590399, 53.497921 ], [ 14.592337, 53.500242 ], [ 14.596677, 53.500402 ], [ 14.59908, 53.498241 ], [ 14.597142, 53.49592 ], [ 14.592802, 53.49576 ], [ 14.590399, 53.497921 ] ] ] } },
{ "type": "Feature", "properties": { "fid": 687, "hex_id": 686 }, "geometry": { "type": "Polygon", "coordinates": [ [ [ 14.590865, 53.493438 ], [ 14.592802, 53.49576 ], [ 14.597142, 53.49592 ], [ 14.599545, 53.493759 ], [ 14.597607, 53.491438 ], [ 14.593268, 53.491277 ], [ 14.590865, 53.493438 ] ] ] } },
{ "type": "Feature", "properties": { "fid": 688, "hex_id": 687 }, "geometry": { "type": "Polygon", "coordinates": [ [ [ 14.591331, 53.488956 ], [ 14.593268, 53.491277 ], [ 14.597607, 53.491438 ], [ 14.60001, 53.489277 ], [ 14.598072, 53.486955 ], [ 14.593733, 53.486795 ], [ 14.591331, 53.488956 ] ] ] } },
{ "type": "Feature", "properties": { "fid": 689, "hex_id": 688 }, "geometry": { "type": "Polygon", "coordinates": [ [ [ 14.591797, 53.484474 ], [ 14.593733, 53.486795 ], [ 14.598072, 53.486955 ], [ 14.600474, 53.484794 ], [ 14.598537, 53.482473 ], [ 14.594199, 53.482313 ], [ 14.591797, 53.484474 ] ] ] } },
{ "type": "Feature", "properties": { "fid": 690, "hex_id": 689 }, "geometry": { "type": "Polygon", "coordinates": [ [ [ 14.592262, 53.479991 ], [ 14.594199, 53.482313 ], [ 14.598537, 53.482473 ], [ 14.600939, 53.480312 ], [ 14.599002, 53.47799 ], [ 14.594664, 53.47783 ], [ 14.592262, 53.479991 ] ] ] } },
{ "type": "Feature", "properties": { "fid": 691, "hex_id": 690 }, "geometry": { "type": "Polygon", "coordinates": [ [ [ 14.592728, 53.475509 ], [ 14.594664, 53.47783 ], [ 14.599002, 53.47799 ], [ 14.601404, 53.475829 ], [ 14.599467, 53.473508 ], [ 14.595129, 53.473348 ], [ 14.592728, 53.475509 ] ] ] } },
{ "type": "Feature", "properties": { "fid": 692, "hex_id": 691 }, "geometry": { "type": "Polygon", "coordinates": [ [ [ 14.593193, 53.471027 ], [ 14.595129, 53.473348 ], [ 14.599467, 53.473508 ], [ 14.601868, 53.471347 ], [ 14.599931, 53.469026 ], [ 14.595594, 53.468865 ], [ 14.593193, 53.471027 ] ] ] } },
{ "type": "Feature", "properties": { "fid": 693, "hex_id": 692 }, "geometry": { "type": "Polygon", "coordinates": [ [ [ 14.593658, 53.466544 ], [ 14.595594, 53.468865 ], [ 14.599931, 53.469026 ], [ 14.602332, 53.466864 ], [ 14.600396, 53.464543 ], [ 14.596059, 53.464383 ], [ 14.593658, 53.466544 ] ] ] } },
{ "type": "Feature", "properties": { "fid": 694, "hex_id": 693 }, "geometry": { "type": "Polygon", "coordinates": [ [ [ 14.594123, 53.462062 ], [ 14.596059, 53.464383 ], [ 14.600396, 53.464543 ], [ 14.602796, 53.462382 ], [ 14.60086, 53.460061 ], [ 14.596524, 53.459901 ], [ 14.594123, 53.462062 ] ] ] } },
{ "type": "Feature", "properties": { "fid": 695, "hex_id": 694 }, "geometry": { "type": "Polygon", "coordinates": [ [ [ 14.594588, 53.457579 ], [ 14.596524, 53.459901 ], [ 14.60086, 53.460061 ], [ 14.60326, 53.457899 ], [ 14.601324, 53.455578 ], [ 14.596988, 53.455418 ], [ 14.594588, 53.457579 ] ] ] } },
{ "type": "Feature", "properties": { "fid": 696, "hex_id": 695 }, "geometry": { "type": "Polygon", "coordinates": [ [ [ 14.595053, 53.453097 ], [ 14.596988, 53.455418 ], [ 14.601324, 53.455578 ], [ 14.603724, 53.453417 ], [ 14.601788, 53.451096 ], [ 14.597453, 53.450936 ], [ 14.595053, 53.453097 ] ] ] } },
{ "type": "Feature", "properties": { "fid": 697, "hex_id": 696 }, "geometry": { "type": "Polygon", "coordinates": [ [ [ 14.595518, 53.448614 ], [ 14.597453, 53.450936 ], [ 14.601788, 53.451096 ], [ 14.604188, 53.448934 ], [ 14.602252, 53.446613 ], [ 14.597917, 53.446453 ], [ 14.595518, 53.448614 ] ] ] } },
{ "type": "Feature", "properties": { "fid": 698, "hex_id": 697 }, "geometry": { "type": "Polygon", "coordinates": [ [ [ 14.595982, 53.444132 ], [ 14.597917, 53.446453 ], [ 14.602252, 53.446613 ], [ 14.604652, 53.444452 ], [ 14.602716, 53.442131 ], [ 14.598382, 53.441971 ], [ 14.595982, 53.444132 ] ] ] } },
{ "type": "Feature", "properties": { "fid": 699, "hex_id": 698 }, "geometry": { "type": "Polygon", "coordinates": [ [ [ 14.596447, 53.43965 ], [ 14.598382, 53.441971 ], [ 14.602716, 53.442131 ], [ 14.605115, 53.439969 ], [ 14.60318, 53.437648 ], [ 14.598846, 53.437488 ], [ 14.596447, 53.43965 ] ] ] } },
{ "type": "Feature", "properties": { "fid": 700, "hex_id": 699 }, "geometry": { "type": "Polygon", "coordinates": [ [ [ 14.596911, 53.435167 ], [ 14.598846, 53.437488 ], [ 14.60318, 53.437648 ], [ 14.605578, 53.435487 ], [ 14.603643, 53.433166 ], [ 14.59931, 53.433006 ], [ 14.596911, 53.435167 ] ] ] } },
{ "type": "Feature", "properties": { "fid": 701, "hex_id": 700 }, "geometry": { "type": "Polygon", "coordinates": [ [ [ 14.597375, 53.430685 ], [ 14.59931, 53.433006 ], [ 14.603643, 53.433166 ], [ 14.606042, 53.431004 ], [ 14.604107, 53.428683 ], [ 14.599774, 53.428523 ], [ 14.597375, 53.430685 ] ] ] } },
{ "type": "Feature", "properties": { "fid": 702, "hex_id": 701 }, "geometry": { "type": "Polygon", "coordinates": [ [ [ 14.597839, 53.426202 ], [ 14.599774, 53.428523 ], [ 14.604107, 53.428683 ], [ 14.606505, 53.426522 ], [ 14.60457, 53.424201 ], [ 14.600237, 53.424041 ], [ 14.597839, 53.426202 ] ] ] } },
{ "type": "Feature", "properties": { "fid": 703, "hex_id": 702 }, "geometry": { "type": "Polygon", "coordinates": [ [ [ 14.598303, 53.42172 ], [ 14.600237, 53.424041 ], [ 14.60457, 53.424201 ], [ 14.606968, 53.422039 ], [ 14.605033, 53.419718 ], [ 14.600701, 53.419558 ], [ 14.598303, 53.42172 ] ] ] } },
{ "type": "Feature", "properties": { "fid": 704, "hex_id": 703 }, "geometry": { "type": "Polygon", "coordinates": [ [ [ 14.598767, 53.417237 ], [ 14.600701, 53.419558 ], [ 14.605033, 53.419718 ], [ 14.607431, 53.417557 ], [ 14.605496, 53.415236 ], [ 14.601164, 53.415076 ], [ 14.598767, 53.417237 ] ] ] } },
{ "type": "Feature", "properties": { "fid": 705, "hex_id": 704 }, "geometry": { "type": "Polygon", "coordinates": [ [ [ 14.59923, 53.412755 ], [ 14.601164, 53.415076 ], [ 14.605496, 53.415236 ], [ 14.607894, 53.413074 ], [ 14.605959, 53.410753 ], [ 14.601628, 53.410593 ], [ 14.59923, 53.412755 ] ] ] } },
{ "type": "Feature", "properties": { "fid": 706, "hex_id": 705 }, "geometry": { "type": "Polygon", "coordinates": [ [ [ 14.599694, 53.408272 ], [ 14.601628, 53.410593 ], [ 14.605959, 53.410753 ], [ 14.608356, 53.408592 ], [ 14.606422, 53.406271 ], [ 14.602091, 53.406111 ], [ 14.599694, 53.408272 ] ] ] } },
{ "type": "Feature", "properties": { "fid": 707, "hex_id": 706 }, "geometry": { "type": "Polygon", "coordinates": [ [ [ 14.600157, 53.40379 ], [ 14.602091, 53.406111 ], [ 14.606422, 53.406271 ], [ 14.608819, 53.404109 ], [ 14.606885, 53.401788 ], [ 14.602554, 53.401628 ], [ 14.600157, 53.40379 ] ] ] } },
{ "type": "Feature", "properties": { "fid": 708, "hex_id": 707 }, "geometry": { "type": "Polygon", "coordinates": [ [ [ 14.600621, 53.399307 ], [ 14.602554, 53.401628 ], [ 14.606885, 53.401788 ], [ 14.609281, 53.399627 ], [ 14.607347, 53.397306 ], [ 14.603017, 53.397146 ], [ 14.600621, 53.399307 ] ] ] } },
{ "type": "Feature", "properties": { "fid": 709, "hex_id": 708 }, "geometry": { "type": "Polygon", "coordinates": [ [ [ 14.601084, 53.394825 ], [ 14.603017, 53.397146 ], [ 14.607347, 53.397306 ], [ 14.609743, 53.395144 ], [ 14.60781, 53.392823 ], [ 14.60348, 53.392663 ], [ 14.601084, 53.394825 ] ] ] } },
{ "type": "Feature", "properties": { "fid": 710, "hex_id": 709 }, "geometry": { "type": "Polygon", "coordinates": [ [ [ 14.601547, 53.390342 ], [ 14.60348, 53.392663 ], [ 14.60781, 53.392823 ], [ 14.610206, 53.390662 ], [ 14.608272, 53.38834 ], [ 14.603943, 53.388181 ], [ 14.601547, 53.390342 ] ] ] } },
{ "type": "Feature", "properties": { "fid": 711, "hex_id": 710 }, "geometry": { "type": "Polygon", "coordinates": [ [ [ 14.60201, 53.38586 ], [ 14.603943, 53.388181 ], [ 14.608272, 53.38834 ], [ 14.610668, 53.386179 ], [ 14.608734, 53.383858 ], [ 14.604406, 53.383698 ], [ 14.60201, 53.38586 ] ] ] } },
{ "type": "Feature", "properties": { "fid": 712, "hex_id": 711 }, "geometry": { "type": "Polygon", "coordinates": [ [ [ 14.602473, 53.381377 ], [ 14.604406, 53.383698 ], [ 14.608734, 53.383858 ], [ 14.611129, 53.381696 ], [ 14.609196, 53.379375 ], [ 14.604868, 53.379216 ], [ 14.602473, 53.381377 ] ] ] } },
{ "type": "Feature", "properties": { "fid": 713, "hex_id": 712 }, "geometry": { "type": "Polygon", "coordinates": [ [ [ 14.602935, 53.376895 ], [ 14.604868, 53.379216 ], [ 14.609196, 53.379375 ], [ 14.611591, 53.377214 ], [ 14.609658, 53.374893 ], [ 14.60533, 53.374733 ], [ 14.602935, 53.376895 ] ] ] } },
{ "type": "Feature", "properties": { "fid": 714, "hex_id": 713 }, "geometry": { "type": "Polygon", "coordinates": [ [ [ 14.603398, 53.372412 ], [ 14.60533, 53.374733 ], [ 14.609658, 53.374893 ], [ 14.612053, 53.372731 ], [ 14.61012, 53.37041 ], [ 14.605793, 53.370251 ], [ 14.603398, 53.372412 ] ] ] } },
{ "type": "Feature", "properties": { "fid": 715, "hex_id": 714 }, "geometry": { "type": "Polygon", "coordinates": [ [ [ 14.60386, 53.36793 ], [ 14.605793, 53.370251 ], [ 14.61012, 53.37041 ], [ 14.612514, 53.368249 ], [ 14.610582, 53.365928 ], [ 14.606255, 53.365768 ], [ 14.60386, 53.36793 ] ] ] } },
{ "type": "Feature", "properties": { "fid": 716, "hex_id": 715 }, "geometry": { "type": "Polygon", "coordinates": [ [ [ 14.604323, 53.363447 ], [ 14.606255, 53.365768 ], [ 14.610582, 53.365928 ], [ 14.612976, 53.363766 ], [ 14.611043, 53.361445 ], [ 14.606717, 53.361286 ], [ 14.604323, 53.363447 ] ] ] } },
{ "type": "Feature", "properties": { "fid": 717, "hex_id": 716 }, "geometry": { "type": "Polygon", "coordinates": [ [ [ 14.604785, 53.358964 ], [ 14.606717, 53.361286 ], [ 14.611043, 53.361445 ], [ 14.613437, 53.359283 ], [ 14.611505, 53.356962 ], [ 14.607179, 53.356803 ], [ 14.604785, 53.358964 ] ] ] } },
{ "type": "Feature", "properties": { "fid": 718, "hex_id": 717 }, "geometry": { "type": "Polygon", "coordinates": [ [ [ 14.605247, 53.354482 ], [ 14.607179, 53.356803 ], [ 14.611505, 53.356962 ], [ 14.613898, 53.354801 ], [ 14.611966, 53.35248 ], [ 14.607641, 53.35232 ], [ 14.605247, 53.354482 ] ] ] } },
{ "type": "Feature", "properties": { "fid": 719, "hex_id": 718 }, "geometry": { "type": "Polygon", "coordinates": [ [ [ 14.593416, 53.531779 ], [ 14.595355, 53.534101 ], [ 14.599699, 53.534261 ], [ 14.602104, 53.5321 ], [ 14.600165, 53.529778 ], [ 14.595821, 53.529618 ], [ 14.593416, 53.531779 ] ] ] } },
{ "type": "Feature", "properties": { "fid": 720, "hex_id": 719 }, "geometry": { "type": "Polygon", "coordinates": [ [ [ 14.593883, 53.527297 ], [ 14.595821, 53.529618 ], [ 14.600165, 53.529778 ], [ 14.602569, 53.527617 ], [ 14.60063, 53.525296 ], [ 14.596287, 53.525136 ], [ 14.593883, 53.527297 ] ] ] } },
{ "type": "Feature", "properties": { "fid": 721, "hex_id": 720 }, "geometry": { "type": "Polygon", "coordinates": [ [ [ 14.594349, 53.522814 ], [ 14.596287, 53.525136 ], [ 14.60063, 53.525296 ], [ 14.603034, 53.523135 ], [ 14.601095, 53.520814 ], [ 14.596753, 53.520653 ], [ 14.594349, 53.522814 ] ] ] } },
{ "type": "Feature", "properties": { "fid": 722, "hex_id": 721 }, "geometry": { "type": "Polygon", "coordinates": [ [ [ 14.594814, 53.518332 ], [ 14.596753, 53.520653 ], [ 14.601095, 53.520814 ], [ 14.603499, 53.518652 ], [ 14.60156, 53.516331 ], [ 14.597218, 53.516171 ], [ 14.594814, 53.518332 ] ] ] } },
{ "type": "Feature", "properties": { "fid": 723, "hex_id": 722 }, "geometry": { "type": "Polygon", "coordinates": [ [ [ 14.59528, 53.51385 ], [ 14.597218, 53.516171 ], [ 14.60156, 53.516331 ], [ 14.603964, 53.51417 ], [ 14.602026, 53.511849 ], [ 14.597684, 53.511689 ], [ 14.59528, 53.51385 ] ] ] } },
{ "type": "Feature", "properties": { "fid": 724, "hex_id": 723 }, "geometry": { "type": "Polygon", "coordinates": [ [ [ 14.595746, 53.509367 ], [ 14.597684, 53.511689 ], [ 14.602026, 53.511849 ], [ 14.604429, 53.509687 ], [ 14.60249, 53.507366 ], [ 14.598149, 53.507206 ], [ 14.595746, 53.509367 ] ] ] } },
{ "type": "Feature", "properties": { "fid": 725, "hex_id": 724 }, "geometry": { "type": "Polygon", "coordinates": [ [ [ 14.596212, 53.504885 ], [ 14.598149, 53.507206 ], [ 14.60249, 53.507366 ], [ 14.604893, 53.505205 ], [ 14.602955, 53.502884 ], [ 14.598615, 53.502724 ], [ 14.596212, 53.504885 ] ] ] } },
{ "type": "Feature", "properties": { "fid": 726, "hex_id": 725 }, "geometry": { "type": "Polygon", "coordinates": [ [ [ 14.596677, 53.500402 ], [ 14.598615, 53.502724 ], [ 14.602955, 53.502884 ], [ 14.605358, 53.500723 ], [ 14.60342, 53.498401 ], [ 14.59908, 53.498241 ], [ 14.596677, 53.500402 ] ] ] } },
{ "type": "Feature", "properties": { "fid": 727, "hex_id": 726 }, "geometry": { "type": "Polygon", "coordinates": [ [ [ 14.597142, 53.49592 ], [ 14.59908, 53.498241 ], [ 14.60342, 53.498401 ], [ 14.605822, 53.49624 ], [ 14.603885, 53.493919 ], [ 14.599545, 53.493759 ], [ 14.597142, 53.49592 ] ] ] } },
{ "type": "Feature", "properties": { "fid": 728, "hex_id": 727 }, "geometry": { "type": "Polygon", "coordinates": [ [ [ 14.597607, 53.491438 ], [ 14.599545, 53.493759 ], [ 14.603885, 53.493919 ], [ 14.606287, 53.491758 ], [ 14.604349, 53.489436 ], [ 14.60001, 53.489277 ], [ 14.597607, 53.491438 ] ] ] } },
{ "type": "Feature", "properties": { "fid": 729, "hex_id": 728 }, "geometry": { "type": "Polygon", "coordinates": [ [ [ 14.598072, 53.486955 ], [ 14.60001, 53.489277 ], [ 14.604349, 53.489436 ], [ 14.606751, 53.487275 ], [ 14.604813, 53.484954 ], [ 14.600474, 53.484794 ], [ 14.598072, 53.486955 ] ] ] } },
{ "type": "Feature", "properties": { "fid": 730, "hex_id": 729 }, "geometry": { "type": "Polygon", "coordinates": [ [ [ 14.598537, 53.482473 ], [ 14.600474, 53.484794 ], [ 14.604813, 53.484954 ], [ 14.607215, 53.482793 ], [ 14.605277, 53.480472 ], [ 14.600939, 53.480312 ], [ 14.598537, 53.482473 ] ] ] } },
{ "type": "Feature", "properties": { "fid": 731, "hex_id": 730 }, "geometry": { "type": "Polygon", "coordinates": [ [ [ 14.599002, 53.47799 ], [ 14.600939, 53.480312 ], [ 14.605277, 53.480472 ], [ 14.607679, 53.47831 ], [ 14.605741, 53.475989 ], [ 14.601404, 53.475829 ], [ 14.599002, 53.47799 ] ] ] } },
{ "type": "Feature", "properties": { "fid": 732, "hex_id": 731 }, "geometry": { "type": "Polygon", "coordinates": [ [ [ 14.599467, 53.473508 ], [ 14.601404, 53.475829 ], [ 14.605741, 53.475989 ], [ 14.608142, 53.473828 ], [ 14.606205, 53.471507 ], [ 14.601868, 53.471347 ], [ 14.599467, 53.473508 ] ] ] } },
{ "type": "Feature", "properties": { "fid": 733, "hex_id": 732 }, "geometry": { "type": "Polygon", "coordinates": [ [ [ 14.599931, 53.469026 ], [ 14.601868, 53.471347 ], [ 14.606205, 53.471507 ], [ 14.608606, 53.469345 ], [ 14.606669, 53.467024 ], [ 14.602332, 53.466864 ], [ 14.599931, 53.469026 ] ] ] } },
{ "type": "Feature", "properties": { "fid": 734, "hex_id": 733 }, "geometry": { "type": "Polygon", "coordinates": [ [ [ 14.600396, 53.464543 ], [ 14.602332, 53.466864 ], [ 14.606669, 53.467024 ], [ 14.609069, 53.464863 ], [ 14.607133, 53.462542 ], [ 14.602796, 53.462382 ], [ 14.600396, 53.464543 ] ] ] } },
{ "type": "Feature", "properties": { "fid": 735, "hex_id": 734 }, "geometry": { "type": "Polygon", "coordinates": [ [ [ 14.60086, 53.460061 ], [ 14.602796, 53.462382 ], [ 14.607133, 53.462542 ], [ 14.609533, 53.46038 ], [ 14.607596, 53.458059 ], [ 14.60326, 53.457899 ], [ 14.60086, 53.460061 ] ] ] } },
{ "type": "Feature", "properties": { "fid": 736, "hex_id": 735 }, "geometry": { "type": "Polygon", "coordinates": [ [ [ 14.601324, 53.455578 ], [ 14.60326, 53.457899 ], [ 14.607596, 53.458059 ], [ 14.609996, 53.455898 ], [ 14.60806, 53.453577 ], [ 14.603724, 53.453417 ], [ 14.601324, 53.455578 ] ] ] } },
{ "type": "Feature", "properties": { "fid": 737, "hex_id": 736 }, "geometry": { "type": "Polygon", "coordinates": [ [ [ 14.601788, 53.451096 ], [ 14.603724, 53.453417 ], [ 14.60806, 53.453577 ], [ 14.610459, 53.451415 ], [ 14.608523, 53.449094 ], [ 14.604188, 53.448934 ], [ 14.601788, 53.451096 ] ] ] } },
{ "type": "Feature", "properties": { "fid": 738, "hex_id": 737 }, "geometry": { "type": "Polygon", "coordinates": [ [ [ 14.602252, 53.446613 ], [ 14.604188, 53.448934 ], [ 14.608523, 53.449094 ], [ 14.610922, 53.446933 ], [ 14.608986, 53.444612 ], [ 14.604652, 53.444452 ], [ 14.602252, 53.446613 ] ] ] } },
{ "type": "Feature", "properties": { "fid": 739, "hex_id": 738 }, "geometry": { "type": "Polygon", "coordinates": [ [ [ 14.602716, 53.442131 ], [ 14.604652, 53.444452 ], [ 14.608986, 53.444612 ], [ 14.611385, 53.44245 ], [ 14.609449, 53.440129 ], [ 14.605115, 53.439969 ], [ 14.602716, 53.442131 ] ] ] } },
{ "type": "Feature", "properties": { "fid": 740, "hex_id": 739 }, "geometry": { "type": "Polygon", "coordinates": [ [ [ 14.60318, 53.437648 ], [ 14.605115, 53.439969 ], [ 14.609449, 53.440129 ], [ 14.611848, 53.437968 ], [ 14.609912, 53.435647 ], [ 14.605578, 53.435487 ], [ 14.60318, 53.437648 ] ] ] } },
{ "type": "Feature", "properties": { "fid": 741, "hex_id": 740 }, "geometry": { "type": "Polygon", "coordinates": [ [ [ 14.603643, 53.433166 ], [ 14.605578, 53.435487 ], [ 14.609912, 53.435647 ], [ 14.612311, 53.433485 ], [ 14.610375, 53.431164 ], [ 14.606042, 53.431004 ], [ 14.603643, 53.433166 ] ] ] } },
{ "type": "Feature", "properties": { "fid": 742, "hex_id": 741 }, "geometry": { "type": "Polygon", "coordinates": [ [ [ 14.604107, 53.428683 ], [ 14.606042, 53.431004 ], [ 14.610375, 53.431164 ], [ 14.612773, 53.429002 ], [ 14.610838, 53.426681 ], [ 14.606505, 53.426522 ], [ 14.604107, 53.428683 ] ] ] } },
{ "type": "Feature", "properties": { "fid": 743, "hex_id": 742 }, "geometry": { "type": "Polygon", "coordinates": [ [ [ 14.60457, 53.424201 ], [ 14.606505, 53.426522 ], [ 14.610838, 53.426681 ], [ 14.613236, 53.42452 ], [ 14.6113, 53.422199 ], [ 14.606968, 53.422039 ], [ 14.60457, 53.424201 ] ] ] } },
{ "type": "Feature", "properties": { "fid": 744, "hex_id": 743 }, "geometry": { "type": "Polygon", "coordinates": [ [ [ 14.605033, 53.419718 ], [ 14.606968, 53.422039 ], [ 14.6113, 53.422199 ], [ 14.613698, 53.420037 ], [ 14.611763, 53.417716 ], [ 14.607431, 53.417557 ], [ 14.605033, 53.419718 ] ] ] } },
{ "type": "Feature", "properties": { "fid": 745, "hex_id": 744 }, "geometry": { "type": "Polygon", "coordinates": [ [ [ 14.605496, 53.415236 ], [ 14.607431, 53.417557 ], [ 14.611763, 53.417716 ], [ 14.61416, 53.415555 ], [ 14.612225, 53.413234 ], [ 14.607894, 53.413074 ], [ 14.605496, 53.415236 ] ] ] } },
{ "type": "Feature", "properties": { "fid": 746, "hex_id": 745 }, "geometry": { "type": "Polygon", "coordinates": [ [ [ 14.605959, 53.410753 ], [ 14.607894, 53.413074 ], [ 14.612225, 53.413234 ], [ 14.614622, 53.411072 ], [ 14.612687, 53.408751 ], [ 14.608356, 53.408592 ], [ 14.605959, 53.410753 ] ] ] } },
{ "type": "Feature", "properties": { "fid": 747, "hex_id": 746 }, "geometry": { "type": "Polygon", "coordinates": [ [ [ 14.606422, 53.406271 ], [ 14.608356, 53.408592 ], [ 14.612687, 53.408751 ], [ 14.615084, 53.40659 ], [ 14.613149, 53.404269 ], [ 14.608819, 53.404109 ], [ 14.606422, 53.406271 ] ] ] } },
{ "type": "Feature", "properties": { "fid": 748, "hex_id": 747 }, "geometry": { "type": "Polygon", "coordinates": [ [ [ 14.606885, 53.401788 ], [ 14.608819, 53.404109 ], [ 14.613149, 53.404269 ], [ 14.615546, 53.402107 ], [ 14.613611, 53.399786 ], [ 14.609281, 53.399627 ], [ 14.606885, 53.401788 ] ] ] } },
{ "type": "Feature", "properties": { "fid": 749, "hex_id": 748 }, "geometry": { "type": "Polygon", "coordinates": [ [ [ 14.607347, 53.397306 ], [ 14.609281, 53.399627 ], [ 14.613611, 53.399786 ], [ 14.616007, 53.397624 ], [ 14.614073, 53.395304 ], [ 14.609743, 53.395144 ], [ 14.607347, 53.397306 ] ] ] } },
{ "type": "Feature", "properties": { "fid": 750, "hex_id": 749 }, "geometry": { "type": "Polygon", "coordinates": [ [ [ 14.60781, 53.392823 ], [ 14.609743, 53.395144 ], [ 14.614073, 53.395304 ], [ 14.616469, 53.393142 ], [ 14.614535, 53.390821 ], [ 14.610206, 53.390662 ], [ 14.60781, 53.392823 ] ] ] } },
{ "type": "Feature", "properties": { "fid": 751, "hex_id": 750 }, "geometry": { "type": "Polygon", "coordinates": [ [ [ 14.608272, 53.38834 ], [ 14.610206, 53.390662 ], [ 14.614535, 53.390821 ], [ 14.61693, 53.388659 ], [ 14.614996, 53.386338 ], [ 14.610668, 53.386179 ], [ 14.608272, 53.38834 ] ] ] } },
{ "type": "Feature", "properties": { "fid": 752, "hex_id": 751 }, "geometry": { "type": "Polygon", "coordinates": [ [ [ 14.608734, 53.383858 ], [ 14.610668, 53.386179 ], [ 14.614996, 53.386338 ], [ 14.617392, 53.384177 ], [ 14.615458, 53.381856 ], [ 14.611129, 53.381696 ], [ 14.608734, 53.383858 ] ] ] } },
{ "type": "Feature", "properties": { "fid": 753, "hex_id": 752 }, "geometry": { "type": "Polygon", "coordinates": [ [ [ 14.609196, 53.379375 ], [ 14.611129, 53.381696 ], [ 14.615458, 53.381856 ], [ 14.617853, 53.379694 ], [ 14.615919, 53.377373 ], [ 14.611591, 53.377214 ], [ 14.609196, 53.379375 ] ] ] } },
{ "type": "Feature", "properties": { "fid": 754, "hex_id": 753 }, "geometry": { "type": "Polygon", "coordinates": [ [ [ 14.609658, 53.374893 ], [ 14.611591, 53.377214 ], [ 14.615919, 53.377373 ], [ 14.618314, 53.375211 ], [ 14.61638, 53.37289 ], [ 14.612053, 53.372731 ], [ 14.609658, 53.374893 ] ] ] } },
{ "type": "Feature", "properties": { "fid": 755, "hex_id": 754 }, "geometry": { "type": "Polygon", "coordinates": [ [ [ 14.61012, 53.37041 ], [ 14.612053, 53.372731 ], [ 14.61638, 53.37289 ], [ 14.618775, 53.370729 ], [ 14.616841, 53.368408 ], [ 14.612514, 53.368249 ], [ 14.61012, 53.37041 ] ] ] } },
{ "type": "Feature", "properties": { "fid": 756, "hex_id": 755 }, "geometry": { "type": "Polygon", "coordinates": [ [ [ 14.610582, 53.365928 ], [ 14.612514, 53.368249 ], [ 14.616841, 53.368408 ], [ 14.619235, 53.366246 ], [ 14.617302, 53.363925 ], [ 14.612976, 53.363766 ], [ 14.610582, 53.365928 ] ] ] } },
{ "type": "Feature", "properties": { "fid": 757, "hex_id": 756 }, "geometry": { "type": "Polygon", "coordinates": [ [ [ 14.611043, 53.361445 ], [ 14.612976, 53.363766 ], [ 14.617302, 53.363925 ], [ 14.619696, 53.361763 ], [ 14.617763, 53.359443 ], [ 14.613437, 53.359283 ], [ 14.611043, 53.361445 ] ] ] } },
{ "type": "Feature", "properties": { "fid": 758, "hex_id": 757 }, "geometry": { "type": "Polygon", "coordinates": [ [ [ 14.611505, 53.356962 ], [ 14.613437, 53.359283 ], [ 14.617763, 53.359443 ], [ 14.620157, 53.357281 ], [ 14.618224, 53.35496 ], [ 14.613898, 53.354801 ], [ 14.611505, 53.356962 ] ] ] } },
{ "type": "Feature", "properties": { "fid": 759, "hex_id": 758 }, "geometry": { "type": "Polygon", "coordinates": [ [ [ 14.611966, 53.35248 ], [ 14.613898, 53.354801 ], [ 14.618224, 53.35496 ], [ 14.620617, 53.352798 ], [ 14.618685, 53.350477 ], [ 14.614359, 53.350318 ], [ 14.611966, 53.35248 ] ] ] } },
{ "type": "Feature", "properties": { "fid": 760, "hex_id": 759 }, "geometry": { "type": "Polygon", "coordinates": [ [ [ 14.599699, 53.534261 ], [ 14.601638, 53.536582 ], [ 14.605982, 53.536742 ], [ 14.608387, 53.534581 ], [ 14.606447, 53.53226 ], [ 14.602104, 53.5321 ], [ 14.599699, 53.534261 ] ] ] } },
{ "type": "Feature", "properties": { "fid": 761, "hex_id": 760 }, "geometry": { "type": "Polygon", "coordinates": [ [ [ 14.600165, 53.529778 ], [ 14.602104, 53.5321 ], [ 14.606447, 53.53226 ], [ 14.608852, 53.530098 ], [ 14.606912, 53.527777 ], [ 14.602569, 53.527617 ], [ 14.600165, 53.529778 ] ] ] } },
{ "type": "Feature", "properties": { "fid": 762, "hex_id": 761 }, "geometry": { "type": "Polygon", "coordinates": [ [ [ 14.60063, 53.525296 ], [ 14.602569, 53.527617 ], [ 14.606912, 53.527777 ], [ 14.609316, 53.525616 ], [ 14.607377, 53.523295 ], [ 14.603034, 53.523135 ], [ 14.60063, 53.525296 ] ] ] } },
{ "type": "Feature", "properties": { "fid": 763, "hex_id": 762 }, "geometry": { "type": "Polygon", "coordinates": [ [ [ 14.601095, 53.520814 ], [ 14.603034, 53.523135 ], [ 14.607377, 53.523295 ], [ 14.60978, 53.521133 ], [ 14.607841, 53.518812 ], [ 14.603499, 53.518652 ], [ 14.601095, 53.520814 ] ] ] } },
{ "type": "Feature", "properties": { "fid": 764, "hex_id": 763 }, "geometry": { "type": "Polygon", "coordinates": [ [ [ 14.60156, 53.516331 ], [ 14.603499, 53.518652 ], [ 14.607841, 53.518812 ], [ 14.610245, 53.516651 ], [ 14.608306, 53.51433 ], [ 14.603964, 53.51417 ], [ 14.60156, 53.516331 ] ] ] } },
{ "type": "Feature", "properties": { "fid": 765, "hex_id": 764 }, "geometry": { "type": "Polygon", "coordinates": [ [ [ 14.602026, 53.511849 ], [ 14.603964, 53.51417 ], [ 14.608306, 53.51433 ], [ 14.610709, 53.512168 ], [ 14.60877, 53.509847 ], [ 14.604429, 53.509687 ], [ 14.602026, 53.511849 ] ] ] } },
{ "type": "Feature", "properties": { "fid": 766, "hex_id": 765 }, "geometry": { "type": "Polygon", "coordinates": [ [ [ 14.60249, 53.507366 ], [ 14.604429, 53.509687 ], [ 14.60877, 53.509847 ], [ 14.611173, 53.507686 ], [ 14.609234, 53.505365 ], [ 14.604893, 53.505205 ], [ 14.60249, 53.507366 ] ] ] } },
{ "type": "Feature", "properties": { "fid": 767, "hex_id": 766 }, "geometry": { "type": "Polygon", "coordinates": [ [ [ 14.602955, 53.502884 ], [ 14.604893, 53.505205 ], [ 14.609234, 53.505365 ], [ 14.611637, 53.503203 ], [ 14.609698, 53.500882 ], [ 14.605358, 53.500723 ], [ 14.602955, 53.502884 ] ] ] } },
{ "type": "Feature", "properties": { "fid": 768, "hex_id": 767 }, "geometry": { "type": "Polygon", "coordinates": [ [ [ 14.60342, 53.498401 ], [ 14.605358, 53.500723 ], [ 14.609698, 53.500882 ], [ 14.612101, 53.498721 ], [ 14.610162, 53.4964 ], [ 14.605822, 53.49624 ], [ 14.60342, 53.498401 ] ] ] } },
{ "type": "Feature", "properties": { "fid": 769, "hex_id": 768 }, "geometry": { "type": "Polygon", "coordinates": [ [ [ 14.603885, 53.493919 ], [ 14.605822, 53.49624 ], [ 14.610162, 53.4964 ], [ 14.612564, 53.494238 ], [ 14.610626, 53.491917 ], [ 14.606287, 53.491758 ], [ 14.603885, 53.493919 ] ] ] } },
{ "type": "Feature", "properties": { "fid": 770, "hex_id": 769 }, "geometry": { "type": "Polygon", "coordinates": [ [ [ 14.604349, 53.489436 ], [ 14.606287, 53.491758 ], [ 14.610626, 53.491917 ], [ 14.613028, 53.489756 ], [ 14.61109, 53.487435 ], [ 14.606751, 53.487275 ], [ 14.604349, 53.489436 ] ] ] } },
{ "type": "Feature", "properties": { "fid": 771, "hex_id": 770 }, "geometry": { "type": "Polygon", "coordinates": [ [ [ 14.604813, 53.484954 ], [ 14.606751, 53.487275 ], [ 14.61109, 53.487435 ], [ 14.613491, 53.485273 ], [ 14.611553, 53.482952 ], [ 14.607215, 53.482793 ], [ 14.604813, 53.484954 ] ] ] } },
{ "type": "Feature", "properties": { "fid": 772, "hex_id": 771 }, "geometry": { "type": "Polygon", "coordinates": [ [ [ 14.605277, 53.480472 ], [ 14.607215, 53.482793 ], [ 14.611553, 53.482952 ], [ 14.613954, 53.480791 ], [ 14.612017, 53.47847 ], [ 14.607679, 53.47831 ], [ 14.605277, 53.480472 ] ] ] } },
{ "type": "Feature", "properties": { "fid": 773, "hex_id": 772 }, "geometry": { "type": "Polygon", "coordinates": [ [ [ 14.605741, 53.475989 ], [ 14.607679, 53.47831 ], [ 14.612017, 53.47847 ], [ 14.614418, 53.476308 ], [ 14.61248, 53.473987 ], [ 14.608142, 53.473828 ], [ 14.605741, 53.475989 ] ] ] } },
{ "type": "Feature", "properties": { "fid": 774, "hex_id": 773 }, "geometry": { "type": "Polygon", "coordinates": [ [ [ 14.606205, 53.471507 ], [ 14.608142, 53.473828 ], [ 14.61248, 53.473987 ], [ 14.614881, 53.471826 ], [ 14.612943, 53.469505 ], [ 14.608606, 53.469345 ], [ 14.606205, 53.471507 ] ] ] } },
{ "type": "Feature", "properties": { "fid": 775, "hex_id": 774 }, "geometry": { "type": "Polygon", "coordinates": [ [ [ 14.606669, 53.467024 ], [ 14.608606, 53.469345 ], [ 14.612943, 53.469505 ], [ 14.615343, 53.467343 ], [ 14.613406, 53.465022 ], [ 14.609069, 53.464863 ], [ 14.606669, 53.467024 ] ] ] } },
{ "type": "Feature", "properties": { "fid": 776, "hex_id": 775 }, "geometry": { "type": "Polygon", "coordinates": [ [ [ 14.607133, 53.462542 ], [ 14.609069, 53.464863 ], [ 14.613406, 53.465022 ], [ 14.615806, 53.462861 ], [ 14.613869, 53.46054 ], [ 14.609533, 53.46038 ], [ 14.607133, 53.462542 ] ] ] } },
{ "type": "Feature", "properties": { "fid": 777, "hex_id": 776 }, "geometry": { "type": "Polygon", "coordinates": [ [ [ 14.607596, 53.458059 ], [ 14.609533, 53.46038 ], [ 14.613869, 53.46054 ], [ 14.616269, 53.458378 ], [ 14.614332, 53.456057 ], [ 14.609996, 53.455898 ], [ 14.607596, 53.458059 ] ] ] } },
{ "type": "Feature", "properties": { "fid": 778, "hex_id": 777 }, "geometry": { "type": "Polygon", "coordinates": [ [ [ 14.60806, 53.453577 ], [ 14.609996, 53.455898 ], [ 14.614332, 53.456057 ], [ 14.616731, 53.453896 ], [ 14.614795, 53.451575 ], [ 14.610459, 53.451415 ], [ 14.60806, 53.453577 ] ] ] } },
{ "type": "Feature", "properties": { "fid": 779, "hex_id": 778 }, "geometry": { "type": "Polygon", "coordinates": [ [ [ 14.608523, 53.449094 ], [ 14.610459, 53.451415 ], [ 14.614795, 53.451575 ], [ 14.617194, 53.449413 ], [ 14.615257, 53.447092 ], [ 14.610922, 53.446933 ], [ 14.608523, 53.449094 ] ] ] } },
{ "type": "Feature", "properties": { "fid": 780, "hex_id": 779 }, "geometry": { "type": "Polygon", "coordinates": [ [ [ 14.608986, 53.444612 ], [ 14.610922, 53.446933 ], [ 14.615257, 53.447092 ], [ 14.617656, 53.444931 ], [ 14.61572, 53.44261 ], [ 14.611385, 53.44245 ], [ 14.608986, 53.444612 ] ] ] } },
{ "type": "Feature", "properties": { "fid": 781, "hex_id": 780 }, "geometry": { "type": "Polygon", "coordinates": [ [ [ 14.609449, 53.440129 ], [ 14.611385, 53.44245 ], [ 14.61572, 53.44261 ], [ 14.618118, 53.440448 ], [ 14.616182, 53.438127 ], [ 14.611848, 53.437968 ], [ 14.609449, 53.440129 ] ] ] } },
{ "type": "Feature", "properties": { "fid": 782, "hex_id": 781 }, "geometry": { "type": "Polygon", "coordinates": [ [ [ 14.609912, 53.435647 ], [ 14.611848, 53.437968 ], [ 14.616182, 53.438127 ], [ 14.61858, 53.435965 ], [ 14.616644, 53.433644 ], [ 14.612311, 53.433485 ], [ 14.609912, 53.435647 ] ] ] } },
{ "type": "Feature", "properties": { "fid": 783, "hex_id": 782 }, "geometry": { "type": "Polygon", "coordinates": [ [ [ 14.610375, 53.431164 ], [ 14.612311, 53.433485 ], [ 14.616644, 53.433644 ], [ 14.619042, 53.431483 ], [ 14.617106, 53.429162 ], [ 14.612773, 53.429002 ], [ 14.610375, 53.431164 ] ] ] } },
{ "type": "Feature", "properties": { "fid": 784, "hex_id": 783 }, "geometry": { "type": "Polygon", "coordinates": [ [ [ 14.610838, 53.426681 ], [ 14.612773, 53.429002 ], [ 14.617106, 53.429162 ], [ 14.619504, 53.427 ], [ 14.617568, 53.424679 ], [ 14.613236, 53.42452 ], [ 14.610838, 53.426681 ] ] ] } },
{ "type": "Feature", "properties": { "fid": 785, "hex_id": 784 }, "geometry": { "type": "Polygon", "coordinates": [ [ [ 14.6113, 53.422199 ], [ 14.613236, 53.42452 ], [ 14.617568, 53.424679 ], [ 14.619966, 53.422518 ], [ 14.61803, 53.420197 ], [ 14.613698, 53.420037 ], [ 14.6113, 53.422199 ] ] ] } },
{ "type": "Feature", "properties": { "fid": 786, "hex_id": 785 }, "geometry": { "type": "Polygon", "coordinates": [ [ [ 14.611763, 53.417716 ], [ 14.613698, 53.420037 ], [ 14.61803, 53.420197 ], [ 14.620427, 53.418035 ], [ 14.618492, 53.415714 ], [ 14.61416, 53.415555 ], [ 14.611763, 53.417716 ] ] ] } },
{ "type": "Feature", "properties": { "fid": 787, "hex_id": 786 }, "geometry": { "type": "Polygon", "coordinates": [ [ [ 14.612225, 53.413234 ], [ 14.61416, 53.415555 ], [ 14.618492, 53.415714 ], [ 14.620889, 53.413552 ], [ 14.618953, 53.411232 ], [ 14.614622, 53.411072 ], [ 14.612225, 53.413234 ] ] ] } },
{ "type": "Feature", "properties": { "fid": 788, "hex_id": 787 }, "geometry": { "type": "Polygon", "coordinates": [ [ [ 14.612687, 53.408751 ], [ 14.614622, 53.411072 ], [ 14.618953, 53.411232 ], [ 14.62135, 53.40907 ], [ 14.619415, 53.406749 ], [ 14.615084, 53.40659 ], [ 14.612687, 53.408751 ] ] ] } },
{ "type": "Feature", "properties": { "fid": 789, "hex_id": 788 }, "geometry": { "type": "Polygon", "coordinates": [ [ [ 14.613149, 53.404269 ], [ 14.615084, 53.40659 ], [ 14.619415, 53.406749 ], [ 14.621811, 53.404587 ], [ 14.619876, 53.402266 ], [ 14.615546, 53.402107 ], [ 14.613149, 53.404269 ] ] ] } },
{ "type": "Feature", "properties": { "fid": 790, "hex_id": 789 }, "geometry": { "type": "Polygon", "coordinates": [ [ [ 14.613611, 53.399786 ], [ 14.615546, 53.402107 ], [ 14.619876, 53.402266 ], [ 14.622272, 53.400105 ], [ 14.620337, 53.397784 ], [ 14.616007, 53.397624 ], [ 14.613611, 53.399786 ] ] ] } },
{ "type": "Feature", "properties": { "fid": 791, "hex_id": 790 }, "geometry": { "type": "Polygon", "coordinates": [ [ [ 14.614073, 53.395304 ], [ 14.616007, 53.397624 ], [ 14.620337, 53.397784 ], [ 14.622733, 53.395622 ], [ 14.620798, 53.393301 ], [ 14.616469, 53.393142 ], [ 14.614073, 53.395304 ] ] ] } },
{ "type": "Feature", "properties": { "fid": 792, "hex_id": 791 }, "geometry": { "type": "Polygon", "coordinates": [ [ [ 14.614535, 53.390821 ], [ 14.616469, 53.393142 ], [ 14.620798, 53.393301 ], [ 14.623194, 53.391139 ], [ 14.621259, 53.388818 ], [ 14.61693, 53.388659 ], [ 14.614535, 53.390821 ] ] ] } },
{ "type": "Feature", "properties": { "fid": 793, "hex_id": 792 }, "geometry": { "type": "Polygon", "coordinates": [ [ [ 14.614996, 53.386338 ], [ 14.61693, 53.388659 ], [ 14.621259, 53.388818 ], [ 14.623654, 53.386657 ], [ 14.62172, 53.384336 ], [ 14.617392, 53.384177 ], [ 14.614996, 53.386338 ] ] ] } },
{ "type": "Feature", "properties": { "fid": 794, "hex_id": 793 }, "geometry": { "type": "Polygon", "coordinates": [ [ [ 14.615458, 53.381856 ], [ 14.617392, 53.384177 ], [ 14.62172, 53.384336 ], [ 14.624115, 53.382174 ], [ 14.622181, 53.379853 ], [ 14.617853, 53.379694 ], [ 14.615458, 53.381856 ] ] ] } },
{ "type": "Feature", "properties": { "fid": 795, "hex_id": 794 }, "geometry": { "type": "Polygon", "coordinates": [ [ [ 14.615919, 53.377373 ], [ 14.617853, 53.379694 ], [ 14.622181, 53.379853 ], [ 14.624575, 53.377691 ], [ 14.622642, 53.37537 ], [ 14.618314, 53.375211 ], [ 14.615919, 53.377373 ] ] ] } },
{ "type": "Feature", "properties": { "fid": 796, "hex_id": 795 }, "geometry": { "type": "Polygon", "coordinates": [ [ [ 14.61638, 53.37289 ], [ 14.618314, 53.375211 ], [ 14.622642, 53.37537 ], [ 14.625036, 53.373209 ], [ 14.623102, 53.370888 ], [ 14.618775, 53.370729 ], [ 14.61638, 53.37289 ] ] ] } },
{ "type": "Feature", "properties": { "fid": 797, "hex_id": 796 }, "geometry": { "type": "Polygon", "coordinates": [ [ [ 14.616841, 53.368408 ], [ 14.618775, 53.370729 ], [ 14.623102, 53.370888 ], [ 14.625496, 53.368726 ], [ 14.623562, 53.366405 ], [ 14.619235, 53.366246 ], [ 14.616841, 53.368408 ] ] ] } },
{ "type": "Feature", "properties": { "fid": 798, "hex_id": 797 }, "geometry": { "type": "Polygon", "coordinates": [ [ [ 14.617302, 53.363925 ], [ 14.619235, 53.366246 ], [ 14.623562, 53.366405 ], [ 14.625956, 53.364243 ], [ 14.624023, 53.361922 ], [ 14.619696, 53.361763 ], [ 14.617302, 53.363925 ] ] ] } },
{ "type": "Feature", "properties": { "fid": 799, "hex_id": 798 }, "geometry": { "type": "Polygon", "coordinates": [ [ [ 14.617763, 53.359443 ], [ 14.619696, 53.361763 ], [ 14.624023, 53.361922 ], [ 14.626416, 53.359761 ], [ 14.624483, 53.35744 ], [ 14.620157, 53.357281 ], [ 14.617763, 53.359443 ] ] ] } },
{ "type": "Feature", "properties": { "fid": 800, "hex_id": 799 }, "geometry": { "type": "Polygon", "coordinates": [ [ [ 14.618224, 53.35496 ], [ 14.620157, 53.357281 ], [ 14.624483, 53.35744 ], [ 14.626876, 53.355278 ], [ 14.624943, 53.352957 ], [ 14.620617, 53.352798 ], [ 14.618224, 53.35496 ] ] ] } },
{ "type": "Feature", "properties": { "fid": 801, "hex_id": 800 }, "geometry": { "type": "Polygon", "coordinates": [ [ [ 14.605982, 53.536742 ], [ 14.607922, 53.539063 ], [ 14.612267, 53.539223 ], [ 14.614671, 53.537062 ], [ 14.612731, 53.534741 ], [ 14.608387, 53.534581 ], [ 14.605982, 53.536742 ] ] ] } },
{ "type": "Feature", "properties": { "fid": 802, "hex_id": 801 }, "geometry": { "type": "Polygon", "coordinates": [ [ [ 14.606447, 53.53226 ], [ 14.608387, 53.534581 ], [ 14.612731, 53.534741 ], [ 14.615135, 53.532579 ], [ 14.613195, 53.530258 ], [ 14.608852, 53.530098 ], [ 14.606447, 53.53226 ] ] ] } },
{ "type": "Feature", "properties": { "fid": 803, "hex_id": 802 }, "geometry": { "type": "Polygon", "coordinates": [ [ [ 14.606912, 53.527777 ], [ 14.608852, 53.530098 ], [ 14.613195, 53.530258 ], [ 14.615599, 53.528097 ], [ 14.613659, 53.525776 ], [ 14.609316, 53.525616 ], [ 14.606912, 53.527777 ] ] ] } },
{ "type": "Feature", "properties": { "fid": 804, "hex_id": 803 }, "geometry": { "type": "Polygon", "coordinates": [ [ [ 14.607377, 53.523295 ], [ 14.609316, 53.525616 ], [ 14.613659, 53.525776 ], [ 14.616063, 53.523614 ], [ 14.614123, 53.521293 ], [ 14.60978, 53.521133 ], [ 14.607377, 53.523295 ] ] ] } },
{ "type": "Feature", "properties": { "fid": 805, "hex_id": 804 }, "geometry": { "type": "Polygon", "coordinates": [ [ [ 14.607841, 53.518812 ], [ 14.60978, 53.521133 ], [ 14.614123, 53.521293 ], [ 14.616526, 53.519132 ], [ 14.614587, 53.516811 ], [ 14.610245, 53.516651 ], [ 14.607841, 53.518812 ] ] ] } },
{ "type": "Feature", "properties": { "fid": 806, "hex_id": 805 }, "geometry": { "type": "Polygon", "coordinates": [ [ [ 14.608306, 53.51433 ], [ 14.610245, 53.516651 ], [ 14.614587, 53.516811 ], [ 14.61699, 53.514649 ], [ 14.615051, 53.512328 ], [ 14.610709, 53.512168 ], [ 14.608306, 53.51433 ] ] ] } },
{ "type": "Feature", "properties": { "fid": 807, "hex_id": 806 }, "geometry": { "type": "Polygon", "coordinates": [ [ [ 14.60877, 53.509847 ], [ 14.610709, 53.512168 ], [ 14.615051, 53.512328 ], [ 14.617453, 53.510167 ], [ 14.615514, 53.507846 ], [ 14.611173, 53.507686 ], [ 14.60877, 53.509847 ] ] ] } },
{ "type": "Feature", "properties": { "fid": 808, "hex_id": 807 }, "geometry": { "type": "Polygon", "coordinates": [ [ [ 14.609234, 53.505365 ], [ 14.611173, 53.507686 ], [ 14.615514, 53.507846 ], [ 14.617916, 53.505684 ], [ 14.615978, 53.503363 ], [ 14.611637, 53.503203 ], [ 14.609234, 53.505365 ] ] ] } },
{ "type": "Feature", "properties": { "fid": 809, "hex_id": 808 }, "geometry": { "type": "Polygon", "coordinates": [ [ [ 14.609698, 53.500882 ], [ 14.611637, 53.503203 ], [ 14.615978, 53.503363 ], [ 14.61838, 53.501202 ], [ 14.616441, 53.498881 ], [ 14.612101, 53.498721 ], [ 14.609698, 53.500882 ] ] ] } },
{ "type": "Feature", "properties": { "fid": 810, "hex_id": 809 }, "geometry": { "type": "Polygon", "coordinates": [ [ [ 14.610162, 53.4964 ], [ 14.612101, 53.498721 ], [ 14.616441, 53.498881 ], [ 14.618843, 53.496719 ], [ 14.616904, 53.494398 ], [ 14.612564, 53.494238 ], [ 14.610162, 53.4964 ] ] ] } },
{ "type": "Feature", "properties": { "fid": 811, "hex_id": 810 }, "geometry": { "type": "Polygon", "coordinates": [ [ [ 14.610626, 53.491917 ], [ 14.612564, 53.494238 ], [ 14.616904, 53.494398 ], [ 14.619306, 53.492236 ], [ 14.617367, 53.489915 ], [ 14.613028, 53.489756 ], [ 14.610626, 53.491917 ] ] ] } },
{ "type": "Feature", "properties": { "fid": 812, "hex_id": 811 }, "geometry": { "type": "Polygon", "coordinates": [ [ [ 14.61109, 53.487435 ], [ 14.613028, 53.489756 ], [ 14.617367, 53.489915 ], [ 14.619768, 53.487754 ], [ 14.61783, 53.485433 ], [ 14.613491, 53.485273 ], [ 14.61109, 53.487435 ] ] ] } },
{ "type": "Feature", "properties": { "fid": 813, "hex_id": 812 }, "geometry": { "type": "Polygon", "coordinates": [ [ [ 14.611553, 53.482952 ], [ 14.613491, 53.485273 ], [ 14.61783, 53.485433 ], [ 14.620231, 53.483271 ], [ 14.618293, 53.48095 ], [ 14.613954, 53.480791 ], [ 14.611553, 53.482952 ] ] ] } },
{ "type": "Feature", "properties": { "fid": 814, "hex_id": 813 }, "geometry": { "type": "Polygon", "coordinates": [ [ [ 14.612017, 53.47847 ], [ 14.613954, 53.480791 ], [ 14.618293, 53.48095 ], [ 14.620693, 53.478789 ], [ 14.618756, 53.476468 ], [ 14.614418, 53.476308 ], [ 14.612017, 53.47847 ] ] ] } },
{ "type": "Feature", "properties": { "fid": 815, "hex_id": 814 }, "geometry": { "type": "Polygon", "coordinates": [ [ [ 14.61248, 53.473987 ], [ 14.614418, 53.476308 ], [ 14.618756, 53.476468 ], [ 14.621156, 53.474306 ], [ 14.619218, 53.471985 ], [ 14.614881, 53.471826 ], [ 14.61248, 53.473987 ] ] ] } },
{ "type": "Feature", "properties": { "fid": 816, "hex_id": 815 }, "geometry": { "type": "Polygon", "coordinates": [ [ [ 14.612943, 53.469505 ], [ 14.614881, 53.471826 ], [ 14.619218, 53.471985 ], [ 14.621618, 53.469824 ], [ 14.619681, 53.467503 ], [ 14.615343, 53.467343 ], [ 14.612943, 53.469505 ] ] ] } },
{ "type": "Feature", "properties": { "fid": 817, "hex_id": 816 }, "geometry": { "type": "Polygon", "coordinates": [ [ [ 14.613406, 53.465022 ], [ 14.615343, 53.467343 ], [ 14.619681, 53.467503 ], [ 14.62208, 53.465341 ], [ 14.620143, 53.46302 ], [ 14.615806, 53.462861 ], [ 14.613406, 53.465022 ] ] ] } },
{ "type": "Feature", "properties": { "fid": 818, "hex_id": 817 }, "geometry": { "type": "Polygon", "coordinates": [ [ [ 14.613869, 53.46054 ], [ 14.615806, 53.462861 ], [ 14.620143, 53.46302 ], [ 14.622542, 53.460858 ], [ 14.620605, 53.458538 ], [ 14.616269, 53.458378 ], [ 14.613869, 53.46054 ] ] ] } },
{ "type": "Feature", "properties": { "fid": 819, "hex_id": 818 }, "geometry": { "type": "Polygon", "coordinates": [ [ [ 14.614332, 53.456057 ], [ 14.616269, 53.458378 ], [ 14.620605, 53.458538 ], [ 14.623004, 53.456376 ], [ 14.621067, 53.454055 ], [ 14.616731, 53.453896 ], [ 14.614332, 53.456057 ] ] ] } },
{ "type": "Feature", "properties": { "fid": 820, "hex_id": 819 }, "geometry": { "type": "Polygon", "coordinates": [ [ [ 14.614795, 53.451575 ], [ 14.616731, 53.453896 ], [ 14.621067, 53.454055 ], [ 14.623466, 53.451893 ], [ 14.621529, 53.449572 ], [ 14.617194, 53.449413 ], [ 14.614795, 53.451575 ] ] ] } },
{ "type": "Feature", "properties": { "fid": 821, "hex_id": 820 }, "geometry": { "type": "Polygon", "coordinates": [ [ [ 14.615257, 53.447092 ], [ 14.617194, 53.449413 ], [ 14.621529, 53.449572 ], [ 14.623928, 53.447411 ], [ 14.621991, 53.44509 ], [ 14.617656, 53.444931 ], [ 14.615257, 53.447092 ] ] ] } },
{ "type": "Feature", "properties": { "fid": 822, "hex_id": 821 }, "geometry": { "type": "Polygon", "coordinates": [ [ [ 14.61572, 53.44261 ], [ 14.617656, 53.444931 ], [ 14.621991, 53.44509 ], [ 14.624389, 53.442928 ], [ 14.622453, 53.440607 ], [ 14.618118, 53.440448 ], [ 14.61572, 53.44261 ] ] ] } },
{ "type": "Feature", "properties": { "fid": 823, "hex_id": 822 }, "geometry": { "type": "Polygon", "coordinates": [ [ [ 14.616182, 53.438127 ], [ 14.618118, 53.440448 ], [ 14.622453, 53.440607 ], [ 14.624851, 53.438445 ], [ 14.622914, 53.436125 ], [ 14.61858, 53.435965 ], [ 14.616182, 53.438127 ] ] ] } },
{ "type": "Feature", "properties": { "fid": 824, "hex_id": 823 }, "geometry": { "type": "Polygon", "coordinates": [ [ [ 14.616644, 53.433644 ], [ 14.61858, 53.435965 ], [ 14.622914, 53.436125 ], [ 14.625312, 53.433963 ], [ 14.623376, 53.431642 ], [ 14.619042, 53.431483 ], [ 14.616644, 53.433644 ] ] ] } },
{ "type": "Feature", "properties": { "fid": 825, "hex_id": 824 }, "geometry": { "type": "Polygon", "coordinates": [ [ [ 14.617106, 53.429162 ], [ 14.619042, 53.431483 ], [ 14.623376, 53.431642 ], [ 14.625773, 53.42948 ], [ 14.623837, 53.427159 ], [ 14.619504, 53.427 ], [ 14.617106, 53.429162 ] ] ] } },
{ "type": "Feature", "properties": { "fid": 826, "hex_id": 825 }, "geometry": { "type": "Polygon", "coordinates": [ [ [ 14.617568, 53.424679 ], [ 14.619504, 53.427 ], [ 14.623837, 53.427159 ], [ 14.626234, 53.424998 ], [ 14.624298, 53.422677 ], [ 14.619966, 53.422518 ], [ 14.617568, 53.424679 ] ] ] } },
{ "type": "Feature", "properties": { "fid": 827, "hex_id": 826 }, "geometry": { "type": "Polygon", "coordinates": [ [ [ 14.61803, 53.420197 ], [ 14.619966, 53.422518 ], [ 14.624298, 53.422677 ], [ 14.626695, 53.420515 ], [ 14.624759, 53.418194 ], [ 14.620427, 53.418035 ], [ 14.61803, 53.420197 ] ] ] } },
{ "type": "Feature", "properties": { "fid": 828, "hex_id": 827 }, "geometry": { "type": "Polygon", "coordinates": [ [ [ 14.618492, 53.415714 ], [ 14.620427, 53.418035 ], [ 14.624759, 53.418194 ], [ 14.627156, 53.416032 ], [ 14.62522, 53.413711 ], [ 14.620889, 53.413552 ], [ 14.618492, 53.415714 ] ] ] } },
{ "type": "Feature", "properties": { "fid": 829, "hex_id": 828 }, "geometry": { "type": "Polygon", "coordinates": [ [ [ 14.618953, 53.411232 ], [ 14.620889, 53.413552 ], [ 14.62522, 53.413711 ], [ 14.627616, 53.41155 ], [ 14.625681, 53.409229 ], [ 14.62135, 53.40907 ], [ 14.618953, 53.411232 ] ] ] } },
{ "type": "Feature", "properties": { "fid": 830, "hex_id": 829 }, "geometry": { "type": "Polygon", "coordinates": [ [ [ 14.619415, 53.406749 ], [ 14.62135, 53.40907 ], [ 14.625681, 53.409229 ], [ 14.628077, 53.407067 ], [ 14.626142, 53.404746 ], [ 14.621811, 53.404587 ], [ 14.619415, 53.406749 ] ] ] } },
{ "type": "Feature", "properties": { "fid": 831, "hex_id": 830 }, "geometry": { "type": "Polygon", "coordinates": [ [ [ 14.619876, 53.402266 ], [ 14.621811, 53.404587 ], [ 14.626142, 53.404746 ], [ 14.628537, 53.402584 ], [ 14.626602, 53.400264 ], [ 14.622272, 53.400105 ], [ 14.619876, 53.402266 ] ] ] } },
{ "type": "Feature", "properties": { "fid": 832, "hex_id": 831 }, "geometry": { "type": "Polygon", "coordinates": [ [ [ 14.620337, 53.397784 ], [ 14.622272, 53.400105 ], [ 14.626602, 53.400264 ], [ 14.628998, 53.398102 ], [ 14.627063, 53.395781 ], [ 14.622733, 53.395622 ], [ 14.620337, 53.397784 ] ] ] } },
{ "type": "Feature", "properties": { "fid": 833, "hex_id": 832 }, "geometry": { "type": "Polygon", "coordinates": [ [ [ 14.620798, 53.393301 ], [ 14.622733, 53.395622 ], [ 14.627063, 53.395781 ], [ 14.629458, 53.393619 ], [ 14.627523, 53.391298 ], [ 14.623194, 53.391139 ], [ 14.620798, 53.393301 ] ] ] } },
{ "type": "Feature", "properties": { "fid": 834, "hex_id": 833 }, "geometry": { "type": "Polygon", "coordinates": [ [ [ 14.621259, 53.388818 ], [ 14.623194, 53.391139 ], [ 14.627523, 53.391298 ], [ 14.629918, 53.389136 ], [ 14.627983, 53.386816 ], [ 14.623654, 53.386657 ], [ 14.621259, 53.388818 ] ] ] } },
{ "type": "Feature", "properties": { "fid": 835, "hex_id": 834 }, "geometry": { "type": "Polygon", "coordinates": [ [ [ 14.62172, 53.384336 ], [ 14.623654, 53.386657 ], [ 14.627983, 53.386816 ], [ 14.630378, 53.384654 ], [ 14.628443, 53.382333 ], [ 14.624115, 53.382174 ], [ 14.62172, 53.384336 ] ] ] } },
{ "type": "Feature", "properties": { "fid": 836, "hex_id": 835 }, "geometry": { "type": "Polygon", "coordinates": [ [ [ 14.622181, 53.379853 ], [ 14.624115, 53.382174 ], [ 14.628443, 53.382333 ], [ 14.630838, 53.380171 ], [ 14.628903, 53.37785 ], [ 14.624575, 53.377691 ], [ 14.622181, 53.379853 ] ] ] } },
{ "type": "Feature", "properties": { "fid": 837, "hex_id": 836 }, "geometry": { "type": "Polygon", "coordinates": [ [ [ 14.622642, 53.37537 ], [ 14.624575, 53.377691 ], [ 14.628903, 53.37785 ], [ 14.631297, 53.375688 ], [ 14.629363, 53.373367 ], [ 14.625036, 53.373209 ], [ 14.622642, 53.37537 ] ] ] } },
{ "type": "Feature", "properties": { "fid": 838, "hex_id": 837 }, "geometry": { "type": "Polygon", "coordinates": [ [ [ 14.623102, 53.370888 ], [ 14.625036, 53.373209 ], [ 14.629363, 53.373367 ], [ 14.631757, 53.371205 ], [ 14.629823, 53.368885 ], [ 14.625496, 53.368726 ], [ 14.623102, 53.370888 ] ] ] } },
{ "type": "Feature", "properties": { "fid": 839, "hex_id": 838 }, "geometry": { "type": "Polygon", "coordinates": [ [ [ 14.623562, 53.366405 ], [ 14.625496, 53.368726 ], [ 14.629823, 53.368885 ], [ 14.632216, 53.366723 ], [ 14.630283, 53.364402 ], [ 14.625956, 53.364243 ], [ 14.623562, 53.366405 ] ] ] } },
{ "type": "Feature", "properties": { "fid": 840, "hex_id": 839 }, "geometry": { "type": "Polygon", "coordinates": [ [ [ 14.612731, 53.534741 ], [ 14.614671, 53.537062 ], [ 14.619015, 53.537221 ], [ 14.621419, 53.53506 ], [ 14.619479, 53.532739 ], [ 14.615135, 53.532579 ], [ 14.612731, 53.534741 ] ] ] } },
{ "type": "Feature", "properties": { "fid": 841, "hex_id": 840 }, "geometry": { "type": "Polygon", "coordinates": [ [ [ 14.613195, 53.530258 ], [ 14.615135, 53.532579 ], [ 14.619479, 53.532739 ], [ 14.621882, 53.530577 ], [ 14.619942, 53.528256 ], [ 14.615599, 53.528097 ], [ 14.613195, 53.530258 ] ] ] } },
{ "type": "Feature", "properties": { "fid": 842, "hex_id": 841 }, "geometry": { "type": "Polygon", "coordinates": [ [ [ 14.613659, 53.525776 ], [ 14.615599, 53.528097 ], [ 14.619942, 53.528256 ], [ 14.622345, 53.526094 ], [ 14.620406, 53.523774 ], [ 14.616063, 53.523614 ], [ 14.613659, 53.525776 ] ] ] } },
{ "type": "Feature", "properties": { "fid": 843, "hex_id": 842 }, "geometry": { "type": "Polygon", "coordinates": [ [ [ 14.614123, 53.521293 ], [ 14.616063, 53.523614 ], [ 14.620406, 53.523774 ], [ 14.622809, 53.521612 ], [ 14.620869, 53.519291 ], [ 14.616526, 53.519132 ], [ 14.614123, 53.521293 ] ] ] } },
{ "type": "Feature", "properties": { "fid": 844, "hex_id": 843 }, "geometry": { "type": "Polygon", "coordinates": [ [ [ 14.614587, 53.516811 ], [ 14.616526, 53.519132 ], [ 14.620869, 53.519291 ], [ 14.623271, 53.517129 ], [ 14.621332, 53.514808 ], [ 14.61699, 53.514649 ], [ 14.614587, 53.516811 ] ] ] } },
{ "type": "Feature", "properties": { "fid": 845, "hex_id": 844 }, "geometry": { "type": "Polygon", "coordinates": [ [ [ 14.615051, 53.512328 ], [ 14.61699, 53.514649 ], [ 14.621332, 53.514808 ], [ 14.623734, 53.512647 ], [ 14.621795, 53.510326 ], [ 14.617453, 53.510167 ], [ 14.615051, 53.512328 ] ] ] } },
{ "type": "Feature", "properties": { "fid": 846, "hex_id": 845 }, "geometry": { "type": "Polygon", "coordinates": [ [ [ 14.615514, 53.507846 ], [ 14.617453, 53.510167 ], [ 14.621795, 53.510326 ], [ 14.624197, 53.508164 ], [ 14.622258, 53.505843 ], [ 14.617916, 53.505684 ], [ 14.615514, 53.507846 ] ] ] } },
{ "type": "Feature", "properties": { "fid": 847, "hex_id": 846 }, "geometry": { "type": "Polygon", "coordinates": [ [ [ 14.615978, 53.503363 ], [ 14.617916, 53.505684 ], [ 14.622258, 53.505843 ], [ 14.624659, 53.503682 ], [ 14.62272, 53.501361 ], [ 14.61838, 53.501202 ], [ 14.615978, 53.503363 ] ] ] } },
{ "type": "Feature", "properties": { "fid": 848, "hex_id": 847 }, "geometry": { "type": "Polygon", "coordinates": [ [ [ 14.616441, 53.498881 ], [ 14.61838, 53.501202 ], [ 14.62272, 53.501361 ], [ 14.625122, 53.499199 ], [ 14.623183, 53.496878 ], [ 14.618843, 53.496719 ], [ 14.616441, 53.498881 ] ] ] } },
{ "type": "Feature", "properties": { "fid": 849, "hex_id": 848 }, "geometry": { "type": "Polygon", "coordinates": [ [ [ 14.616904, 53.494398 ], [ 14.618843, 53.496719 ], [ 14.623183, 53.496878 ], [ 14.625584, 53.494717 ], [ 14.623645, 53.492396 ], [ 14.619306, 53.492236 ], [ 14.616904, 53.494398 ] ] ] } },
{ "type": "Feature", "properties": { "fid": 850, "hex_id": 849 }, "geometry": { "type": "Polygon", "coordinates": [ [ [ 14.617367, 53.489915 ], [ 14.619306, 53.492236 ], [ 14.623645, 53.492396 ], [ 14.626046, 53.490234 ], [ 14.624108, 53.487913 ], [ 14.619768, 53.487754 ], [ 14.617367, 53.489915 ] ] ] } },
{ "type": "Feature", "properties": { "fid": 851, "hex_id": 850 }, "geometry": { "type": "Polygon", "coordinates": [ [ [ 14.61783, 53.485433 ], [ 14.619768, 53.487754 ], [ 14.624108, 53.487913 ], [ 14.626508, 53.485751 ], [ 14.62457, 53.483431 ], [ 14.620231, 53.483271 ], [ 14.61783, 53.485433 ] ] ] } },
{ "type": "Feature", "properties": { "fid": 852, "hex_id": 851 }, "geometry": { "type": "Polygon", "coordinates": [ [ [ 14.618293, 53.48095 ], [ 14.620231, 53.483271 ], [ 14.62457, 53.483431 ], [ 14.62697, 53.481269 ], [ 14.625032, 53.478948 ], [ 14.620693, 53.478789 ], [ 14.618293, 53.48095 ] ] ] } },
{ "type": "Feature", "properties": { "fid": 853, "hex_id": 852 }, "geometry": { "type": "Polygon", "coordinates": [ [ [ 14.618756, 53.476468 ], [ 14.620693, 53.478789 ], [ 14.625032, 53.478948 ], [ 14.627432, 53.476786 ], [ 14.625494, 53.474465 ], [ 14.621156, 53.474306 ], [ 14.618756, 53.476468 ] ] ] } },
{ "type": "Feature", "properties": { "fid": 854, "hex_id": 853 }, "geometry": { "type": "Polygon", "coordinates": [ [ [ 14.619218, 53.471985 ], [ 14.621156, 53.474306 ], [ 14.625494, 53.474465 ], [ 14.627894, 53.472304 ], [ 14.625956, 53.469983 ], [ 14.621618, 53.469824 ], [ 14.619218, 53.471985 ] ] ] } },
{ "type": "Feature", "properties": { "fid": 855, "hex_id": 854 }, "geometry": { "type": "Polygon", "coordinates": [ [ [ 14.619681, 53.467503 ], [ 14.621618, 53.469824 ], [ 14.625956, 53.469983 ], [ 14.628355, 53.467821 ], [ 14.626417, 53.4655 ], [ 14.62208, 53.465341 ], [ 14.619681, 53.467503 ] ] ] } },
{ "type": "Feature", "properties": { "fid": 856, "hex_id": 855 }, "geometry": { "type": "Polygon", "coordinates": [ [ [ 14.620143, 53.46302 ], [ 14.62208, 53.465341 ], [ 14.626417, 53.4655 ], [ 14.628817, 53.463338 ], [ 14.626879, 53.461018 ], [ 14.622542, 53.460858 ], [ 14.620143, 53.46302 ] ] ] } },
{ "type": "Feature", "properties": { "fid": 857, "hex_id": 856 }, "geometry": { "type": "Polygon", "coordinates": [ [ [ 14.620605, 53.458538 ], [ 14.622542, 53.460858 ], [ 14.626879, 53.461018 ], [ 14.629278, 53.458856 ], [ 14.62734, 53.456535 ], [ 14.623004, 53.456376 ], [ 14.620605, 53.458538 ] ] ] } },
{ "type": "Feature", "properties": { "fid": 858, "hex_id": 857 }, "geometry": { "type": "Polygon", "coordinates": [ [ [ 14.621067, 53.454055 ], [ 14.623004, 53.456376 ], [ 14.62734, 53.456535 ], [ 14.629739, 53.454373 ], [ 14.627802, 53.452052 ], [ 14.623466, 53.451893 ], [ 14.621067, 53.454055 ] ] ] } },
{ "type": "Feature", "properties": { "fid": 859, "hex_id": 858 }, "geometry": { "type": "Polygon", "coordinates": [ [ [ 14.621529, 53.449572 ], [ 14.623466, 53.451893 ], [ 14.627802, 53.452052 ], [ 14.6302, 53.44989 ], [ 14.628263, 53.44757 ], [ 14.623928, 53.447411 ], [ 14.621529, 53.449572 ] ] ] } },
{ "type": "Feature", "properties": { "fid": 860, "hex_id": 859 }, "geometry": { "type": "Polygon", "coordinates": [ [ [ 14.621991, 53.44509 ], [ 14.623928, 53.447411 ], [ 14.628263, 53.44757 ], [ 14.630661, 53.445408 ], [ 14.628724, 53.443087 ], [ 14.624389, 53.442928 ], [ 14.621991, 53.44509 ] ] ] } },
{ "type": "Feature", "properties": { "fid": 861, "hex_id": 860 }, "geometry": { "type": "Polygon", "coordinates": [ [ [ 14.622453, 53.440607 ], [ 14.624389, 53.442928 ], [ 14.628724, 53.443087 ], [ 14.631122, 53.440925 ], [ 14.629185, 53.438604 ], [ 14.624851, 53.438445 ], [ 14.622453, 53.440607 ] ] ] } },
{ "type": "Feature", "properties": { "fid": 862, "hex_id": 861 }, "geometry": { "type": "Polygon", "coordinates": [ [ [ 14.622914, 53.436125 ], [ 14.624851, 53.438445 ], [ 14.629185, 53.438604 ], [ 14.631582, 53.436442 ], [ 14.629646, 53.434122 ], [ 14.625312, 53.433963 ], [ 14.622914, 53.436125 ] ] ] } },
{ "type": "Feature", "properties": { "fid": 863, "hex_id": 862 }, "geometry": { "type": "Polygon", "coordinates": [ [ [ 14.623376, 53.431642 ], [ 14.625312, 53.433963 ], [ 14.629646, 53.434122 ], [ 14.632043, 53.43196 ], [ 14.630106, 53.429639 ], [ 14.625773, 53.42948 ], [ 14.623376, 53.431642 ] ] ] } },
{ "type": "Feature", "properties": { "fid": 864, "hex_id": 863 }, "geometry": { "type": "Polygon", "coordinates": [ [ [ 14.623837, 53.427159 ], [ 14.625773, 53.42948 ], [ 14.630106, 53.429639 ], [ 14.632503, 53.427477 ], [ 14.630567, 53.425156 ], [ 14.626234, 53.424998 ], [ 14.623837, 53.427159 ] ] ] } },
{ "type": "Feature", "properties": { "fid": 865, "hex_id": 864 }, "geometry": { "type": "Polygon", "coordinates": [ [ [ 14.624298, 53.422677 ], [ 14.626234, 53.424998 ], [ 14.630567, 53.425156 ], [ 14.632964, 53.422994 ], [ 14.631027, 53.420674 ], [ 14.626695, 53.420515 ], [ 14.624298, 53.422677 ] ] ] } },
{ "type": "Feature", "properties": { "fid": 866, "hex_id": 865 }, "geometry": { "type": "Polygon", "coordinates": [ [ [ 14.624759, 53.418194 ], [ 14.626695, 53.420515 ], [ 14.631027, 53.420674 ], [ 14.633424, 53.418512 ], [ 14.631488, 53.416191 ], [ 14.627156, 53.416032 ], [ 14.624759, 53.418194 ] ] ] } },
{ "type": "Feature", "properties": { "fid": 867, "hex_id": 866 }, "geometry": { "type": "Polygon", "coordinates": [ [ [ 14.62522, 53.413711 ], [ 14.627156, 53.416032 ], [ 14.631488, 53.416191 ], [ 14.633884, 53.414029 ], [ 14.631948, 53.411708 ], [ 14.627616, 53.41155 ], [ 14.62522, 53.413711 ] ] ] } },
{ "type": "Feature", "properties": { "fid": 868, "hex_id": 867 }, "geometry": { "type": "Polygon", "coordinates": [ [ [ 14.625681, 53.409229 ], [ 14.627616, 53.41155 ], [ 14.631948, 53.411708 ], [ 14.634344, 53.409546 ], [ 14.632408, 53.407226 ], [ 14.628077, 53.407067 ], [ 14.625681, 53.409229 ] ] ] } },
{ "type": "Feature", "properties": { "fid": 869, "hex_id": 868 }, "geometry": { "type": "Polygon", "coordinates": [ [ [ 14.626142, 53.404746 ], [ 14.628077, 53.407067 ], [ 14.632408, 53.407226 ], [ 14.634804, 53.405064 ], [ 14.632868, 53.402743 ], [ 14.628537, 53.402584 ], [ 14.626142, 53.404746 ] ] ] } },
{ "type": "Feature", "properties": { "fid": 870, "hex_id": 869 }, "geometry": { "type": "Polygon", "coordinates": [ [ [ 14.626602, 53.400264 ], [ 14.628537, 53.402584 ], [ 14.632868, 53.402743 ], [ 14.635263, 53.400581 ], [ 14.633328, 53.39826 ], [ 14.628998, 53.398102 ], [ 14.626602, 53.400264 ] ] ] } },
{ "type": "Feature", "properties": { "fid": 871, "hex_id": 870 }, "geometry": { "type": "Polygon", "coordinates": [ [ [ 14.627063, 53.395781 ], [ 14.628998, 53.398102 ], [ 14.633328, 53.39826 ], [ 14.635723, 53.396098 ], [ 14.633788, 53.393778 ], [ 14.629458, 53.393619 ], [ 14.627063, 53.395781 ] ] ] } },
{ "type": "Feature", "properties": { "fid": 872, "hex_id": 871 }, "geometry": { "type": "Polygon", "coordinates": [ [ [ 14.627523, 53.391298 ], [ 14.629458, 53.393619 ], [ 14.633788, 53.393778 ], [ 14.636182, 53.391616 ], [ 14.634247, 53.389295 ], [ 14.629918, 53.389136 ], [ 14.627523, 53.391298 ] ] ] } },
{ "type": "Feature", "properties": { "fid": 873, "hex_id": 872 }, "geometry": { "type": "Polygon", "coordinates": [ [ [ 14.627983, 53.386816 ], [ 14.629918, 53.389136 ], [ 14.634247, 53.389295 ], [ 14.636642, 53.387133 ], [ 14.634707, 53.384812 ], [ 14.630378, 53.384654 ], [ 14.627983, 53.386816 ] ] ] } },
{ "type": "Feature", "properties": { "fid": 874, "hex_id": 873 }, "geometry": { "type": "Polygon", "coordinates": [ [ [ 14.628443, 53.382333 ], [ 14.630378, 53.384654 ], [ 14.634707, 53.384812 ], [ 14.637101, 53.38265 ], [ 14.635166, 53.380329 ], [ 14.630838, 53.380171 ], [ 14.628443, 53.382333 ] ] ] } },
{ "type": "Feature", "properties": { "fid": 875, "hex_id": 874 }, "geometry": { "type": "Polygon", "coordinates": [ [ [ 14.628903, 53.37785 ], [ 14.630838, 53.380171 ], [ 14.635166, 53.380329 ], [ 14.63756, 53.378167 ], [ 14.635625, 53.375847 ], [ 14.631297, 53.375688 ], [ 14.628903, 53.37785 ] ] ] } },
{ "type": "Feature", "properties": { "fid": 876, "hex_id": 875 }, "geometry": { "type": "Polygon", "coordinates": [ [ [ 14.629363, 53.373367 ], [ 14.631297, 53.375688 ], [ 14.635625, 53.375847 ], [ 14.638019, 53.373685 ], [ 14.636084, 53.371364 ], [ 14.631757, 53.371205 ], [ 14.629363, 53.373367 ] ] ] } },
{ "type": "Feature", "properties": { "fid": 877, "hex_id": 876 }, "geometry": { "type": "Polygon", "coordinates": [ [ [ 14.629823, 53.368885 ], [ 14.631757, 53.371205 ], [ 14.636084, 53.371364 ], [ 14.638478, 53.369202 ], [ 14.636543, 53.366881 ], [ 14.632216, 53.366723 ], [ 14.629823, 53.368885 ] ] ] } },
{ "type": "Feature", "properties": { "fid": 878, "hex_id": 877 }, "geometry": { "type": "Polygon", "coordinates": [ [ [ 14.630283, 53.364402 ], [ 14.632216, 53.366723 ], [ 14.636543, 53.366881 ], [ 14.638936, 53.364719 ], [ 14.637002, 53.362399 ], [ 14.632676, 53.36224 ], [ 14.630283, 53.364402 ] ] ] } },
{ "type": "Feature", "properties": { "fid": 879, "hex_id": 878 }, "geometry": { "type": "Polygon", "coordinates": [ [ [ 14.619479, 53.532739 ], [ 14.621419, 53.53506 ], [ 14.625763, 53.535219 ], [ 14.628167, 53.533057 ], [ 14.626226, 53.530736 ], [ 14.621882, 53.530577 ], [ 14.619479, 53.532739 ] ] ] } },
{ "type": "Feature", "properties": { "fid": 880, "hex_id": 879 }, "geometry": { "type": "Polygon", "coordinates": [ [ [ 14.619942, 53.528256 ], [ 14.621882, 53.530577 ], [ 14.626226, 53.530736 ], [ 14.628629, 53.528575 ], [ 14.626689, 53.526254 ], [ 14.622345, 53.526094 ], [ 14.619942, 53.528256 ] ] ] } },
{ "type": "Feature", "properties": { "fid": 881, "hex_id": 880 }, "geometry": { "type": "Polygon", "coordinates": [ [ [ 14.620406, 53.523774 ], [ 14.622345, 53.526094 ], [ 14.626689, 53.526254 ], [ 14.629092, 53.524092 ], [ 14.627151, 53.521771 ], [ 14.622809, 53.521612 ], [ 14.620406, 53.523774 ] ] ] } },
{ "type": "Feature", "properties": { "fid": 882, "hex_id": 881 }, "geometry": { "type": "Polygon", "coordinates": [ [ [ 14.620869, 53.519291 ], [ 14.622809, 53.521612 ], [ 14.627151, 53.521771 ], [ 14.629554, 53.519609 ], [ 14.627614, 53.517289 ], [ 14.623271, 53.517129 ], [ 14.620869, 53.519291 ] ] ] } },
{ "type": "Feature", "properties": { "fid": 883, "hex_id": 882 }, "geometry": { "type": "Polygon", "coordinates": [ [ [ 14.621332, 53.514808 ], [ 14.623271, 53.517129 ], [ 14.627614, 53.517289 ], [ 14.630016, 53.515127 ], [ 14.628076, 53.512806 ], [ 14.623734, 53.512647 ], [ 14.621332, 53.514808 ] ] ] } },
{ "type": "Feature", "properties": { "fid": 884, "hex_id": 883 }, "geometry": { "type": "Polygon", "coordinates": [ [ [ 14.621795, 53.510326 ], [ 14.623734, 53.512647 ], [ 14.628076, 53.512806 ], [ 14.630478, 53.510644 ], [ 14.628538, 53.508323 ], [ 14.624197, 53.508164 ], [ 14.621795, 53.510326 ] ] ] } },
{ "type": "Feature", "properties": { "fid": 885, "hex_id": 884 }, "geometry": { "type": "Polygon", "coordinates": [ [ [ 14.622258, 53.505843 ], [ 14.624197, 53.508164 ], [ 14.628538, 53.508323 ], [ 14.63094, 53.506162 ], [ 14.629, 53.503841 ], [ 14.624659, 53.503682 ], [ 14.622258, 53.505843 ] ] ] } },
{ "type": "Feature", "properties": { "fid": 886, "hex_id": 885 }, "geometry": { "type": "Polygon", "coordinates": [ [ [ 14.62272, 53.501361 ], [ 14.624659, 53.503682 ], [ 14.629, 53.503841 ], [ 14.631402, 53.501679 ], [ 14.629462, 53.499358 ], [ 14.625122, 53.499199 ], [ 14.62272, 53.501361 ] ] ] } },
{ "type": "Feature", "properties": { "fid": 887, "hex_id": 886 }, "geometry": { "type": "Polygon", "coordinates": [ [ [ 14.623183, 53.496878 ], [ 14.625122, 53.499199 ], [ 14.629462, 53.499358 ], [ 14.631863, 53.497196 ], [ 14.629924, 53.494876 ], [ 14.625584, 53.494717 ], [ 14.623183, 53.496878 ] ] ] } },
{ "type": "Feature", "properties": { "fid": 888, "hex_id": 887 }, "geometry": { "type": "Polygon", "coordinates": [ [ [ 14.623645, 53.492396 ], [ 14.625584, 53.494717 ], [ 14.629924, 53.494876 ], [ 14.632325, 53.492714 ], [ 14.630386, 53.490393 ], [ 14.626046, 53.490234 ], [ 14.623645, 53.492396 ] ] ] } },
{ "type": "Feature", "properties": { "fid": 889, "hex_id": 888 }, "geometry": { "type": "Polygon", "coordinates": [ [ [ 14.624108, 53.487913 ], [ 14.626046, 53.490234 ], [ 14.630386, 53.490393 ], [ 14.632786, 53.488231 ], [ 14.630847, 53.48591 ], [ 14.626508, 53.485751 ], [ 14.624108, 53.487913 ] ] ] } },
{ "type": "Feature", "properties": { "fid": 890, "hex_id": 889 }, "geometry": { "type": "Polygon", "coordinates": [ [ [ 14.62457, 53.483431 ], [ 14.626508, 53.485751 ], [ 14.630847, 53.48591 ], [ 14.633248, 53.483749 ], [ 14.631309, 53.481428 ], [ 14.62697, 53.481269 ], [ 14.62457, 53.483431 ] ] ] } },
{ "type": "Feature", "properties": { "fid": 891, "hex_id": 890 }, "geometry": { "type": "Polygon", "coordinates": [ [ [ 14.625032, 53.478948 ], [ 14.62697, 53.481269 ], [ 14.631309, 53.481428 ], [ 14.633709, 53.479266 ], [ 14.63177, 53.476945 ], [ 14.627432, 53.476786 ], [ 14.625032, 53.478948 ] ] ] } },
{ "type": "Feature", "properties": { "fid": 892, "hex_id": 891 }, "geometry": { "type": "Polygon", "coordinates": [ [ [ 14.625494, 53.474465 ], [ 14.627432, 53.476786 ], [ 14.63177, 53.476945 ], [ 14.63417, 53.474783 ], [ 14.632231, 53.472463 ], [ 14.627894, 53.472304 ], [ 14.625494, 53.474465 ] ] ] } },
{ "type": "Feature", "properties": { "fid": 893, "hex_id": 892 }, "geometry": { "type": "Polygon", "coordinates": [ [ [ 14.625956, 53.469983 ], [ 14.627894, 53.472304 ], [ 14.632231, 53.472463 ], [ 14.634631, 53.470301 ], [ 14.632692, 53.46798 ], [ 14.628355, 53.467821 ], [ 14.625956, 53.469983 ] ] ] } },
{ "type": "Feature", "properties": { "fid": 894, "hex_id": 893 }, "geometry": { "type": "Polygon", "coordinates": [ [ [ 14.626417, 53.4655 ], [ 14.628355, 53.467821 ], [ 14.632692, 53.46798 ], [ 14.635091, 53.465818 ], [ 14.633153, 53.463497 ], [ 14.628817, 53.463338 ], [ 14.626417, 53.4655 ] ] ] } },
{ "type": "Feature", "properties": { "fid": 895, "hex_id": 894 }, "geometry": { "type": "Polygon", "coordinates": [ [ [ 14.626879, 53.461018 ], [ 14.628817, 53.463338 ], [ 14.633153, 53.463497 ], [ 14.635552, 53.461335 ], [ 14.633614, 53.459015 ], [ 14.629278, 53.458856 ], [ 14.626879, 53.461018 ] ] ] } },
{ "type": "Feature", "properties": { "fid": 896, "hex_id": 895 }, "geometry": { "type": "Polygon", "coordinates": [ [ [ 14.62734, 53.456535 ], [ 14.629278, 53.458856 ], [ 14.633614, 53.459015 ], [ 14.636013, 53.456853 ], [ 14.634075, 53.454532 ], [ 14.629739, 53.454373 ], [ 14.62734, 53.456535 ] ] ] } },
{ "type": "Feature", "properties": { "fid": 897, "hex_id": 896 }, "geometry": { "type": "Polygon", "coordinates": [ [ [ 14.627802, 53.452052 ], [ 14.629739, 53.454373 ], [ 14.634075, 53.454532 ], [ 14.636473, 53.45237 ], [ 14.634536, 53.450049 ], [ 14.6302, 53.44989 ], [ 14.627802, 53.452052 ] ] ] } },
{ "type": "Feature", "properties": { "fid": 898, "hex_id": 897 }, "geometry": { "type": "Polygon", "coordinates": [ [ [ 14.628263, 53.44757 ], [ 14.6302, 53.44989 ], [ 14.634536, 53.450049 ], [ 14.636933, 53.447887 ], [ 14.634996, 53.445567 ], [ 14.630661, 53.445408 ], [ 14.628263, 53.44757 ] ] ] } },
{ "type": "Feature", "properties": { "fid": 899, "hex_id": 898 }, "geometry": { "type": "Polygon", "coordinates": [ [ [ 14.628724, 53.443087 ], [ 14.630661, 53.445408 ], [ 14.634996, 53.445567 ], [ 14.637394, 53.443405 ], [ 14.635456, 53.441084 ], [ 14.631122, 53.440925 ], [ 14.628724, 53.443087 ] ] ] } },
{ "type": "Feature", "properties": { "fid": 900, "hex_id": 899 }, "geometry": { "type": "Polygon", "coordinates": [ [ [ 14.629185, 53.438604 ], [ 14.631122, 53.440925 ], [ 14.635456, 53.441084 ], [ 14.637854, 53.438922 ], [ 14.635917, 53.436601 ], [ 14.631582, 53.436442 ], [ 14.629185, 53.438604 ] ] ] } },
{ "type": "Feature", "properties": { "fid": 901, "hex_id": 900 }, "geometry": { "type": "Polygon", "coordinates": [ [ [ 14.629646, 53.434122 ], [ 14.631582, 53.436442 ], [ 14.635917, 53.436601 ], [ 14.638314, 53.434439 ], [ 14.636377, 53.432119 ], [ 14.632043, 53.43196 ], [ 14.629646, 53.434122 ] ] ] } },
{ "type": "Feature", "properties": { "fid": 902, "hex_id": 901 }, "geometry": { "type": "Polygon", "coordinates": [ [ [ 14.630106, 53.429639 ], [ 14.632043, 53.43196 ], [ 14.636377, 53.432119 ], [ 14.638773, 53.429956 ], [ 14.636837, 53.427636 ], [ 14.632503, 53.427477 ], [ 14.630106, 53.429639 ] ] ] } },
{ "type": "Feature", "properties": { "fid": 903, "hex_id": 902 }, "geometry": { "type": "Polygon", "coordinates": [ [ [ 14.630567, 53.425156 ], [ 14.632503, 53.427477 ], [ 14.636837, 53.427636 ], [ 14.639233, 53.425474 ], [ 14.637296, 53.423153 ], [ 14.632964, 53.422994 ], [ 14.630567, 53.425156 ] ] ] } },
{ "type": "Feature", "properties": { "fid": 904, "hex_id": 903 }, "geometry": { "type": "Polygon", "coordinates": [ [ [ 14.631027, 53.420674 ], [ 14.632964, 53.422994 ], [ 14.637296, 53.423153 ], [ 14.639693, 53.420991 ], [ 14.637756, 53.41867 ], [ 14.633424, 53.418512 ], [ 14.631027, 53.420674 ] ] ] } },
{ "type": "Feature", "properties": { "fid": 905, "hex_id": 904 }, "geometry": { "type": "Polygon", "coordinates": [ [ [ 14.631488, 53.416191 ], [ 14.633424, 53.418512 ], [ 14.637756, 53.41867 ], [ 14.640152, 53.416508 ], [ 14.638216, 53.414188 ], [ 14.633884, 53.414029 ], [ 14.631488, 53.416191 ] ] ] } },
{ "type": "Feature", "properties": { "fid": 906, "hex_id": 905 }, "geometry": { "type": "Polygon", "coordinates": [ [ [ 14.631948, 53.411708 ], [ 14.633884, 53.414029 ], [ 14.638216, 53.414188 ], [ 14.640611, 53.412026 ], [ 14.638675, 53.409705 ], [ 14.634344, 53.409546 ], [ 14.631948, 53.411708 ] ] ] } },
{ "type": "Feature", "properties": { "fid": 907, "hex_id": 906 }, "geometry": { "type": "Polygon", "coordinates": [ [ [ 14.632408, 53.407226 ], [ 14.634344, 53.409546 ], [ 14.638675, 53.409705 ], [ 14.641071, 53.407543 ], [ 14.639135, 53.405222 ], [ 14.634804, 53.405064 ], [ 14.632408, 53.407226 ] ] ] } },
{ "type": "Feature", "properties": { "fid": 908, "hex_id": 907 }, "geometry": { "type": "Polygon", "coordinates": [ [ [ 14.632868, 53.402743 ], [ 14.634804, 53.405064 ], [ 14.639135, 53.405222 ], [ 14.64153, 53.40306 ], [ 14.639594, 53.40074 ], [ 14.635263, 53.400581 ], [ 14.632868, 53.402743 ] ] ] } },
{ "type": "Feature", "properties": { "fid": 909, "hex_id": 908 }, "geometry": { "type": "Polygon", "coordinates": [ [ [ 14.633328, 53.39826 ], [ 14.635263, 53.400581 ], [ 14.639594, 53.40074 ], [ 14.641989, 53.398577 ], [ 14.640053, 53.396257 ], [ 14.635723, 53.396098 ], [ 14.633328, 53.39826 ] ] ] } },
{ "type": "Feature", "properties": { "fid": 910, "hex_id": 909 }, "geometry": { "type": "Polygon", "coordinates": [ [ [ 14.633788, 53.393778 ], [ 14.635723, 53.396098 ], [ 14.640053, 53.396257 ], [ 14.642447, 53.394095 ], [ 14.640512, 53.391774 ], [ 14.636182, 53.391616 ], [ 14.633788, 53.393778 ] ] ] } },
{ "type": "Feature", "properties": { "fid": 911, "hex_id": 910 }, "geometry": { "type": "Polygon", "coordinates": [ [ [ 14.634247, 53.389295 ], [ 14.636182, 53.391616 ], [ 14.640512, 53.391774 ], [ 14.642906, 53.389612 ], [ 14.640971, 53.387291 ], [ 14.636642, 53.387133 ], [ 14.634247, 53.389295 ] ] ] } },
{ "type": "Feature", "properties": { "fid": 912, "hex_id": 911 }, "geometry": { "type": "Polygon", "coordinates": [ [ [ 14.634707, 53.384812 ], [ 14.636642, 53.387133 ], [ 14.640971, 53.387291 ], [ 14.643365, 53.385129 ], [ 14.641429, 53.382809 ], [ 14.637101, 53.38265 ], [ 14.634707, 53.384812 ] ] ] } },
{ "type": "Feature", "properties": { "fid": 913, "hex_id": 912 }, "geometry": { "type": "Polygon", "coordinates": [ [ [ 14.635166, 53.380329 ], [ 14.637101, 53.38265 ], [ 14.641429, 53.382809 ], [ 14.643823, 53.380646 ], [ 14.641888, 53.378326 ], [ 14.63756, 53.378167 ], [ 14.635166, 53.380329 ] ] ] } },
{ "type": "Feature", "properties": { "fid": 914, "hex_id": 913 }, "geometry": { "type": "Polygon", "coordinates": [ [ [ 14.635625, 53.375847 ], [ 14.63756, 53.378167 ], [ 14.641888, 53.378326 ], [ 14.644281, 53.376163 ], [ 14.642347, 53.373843 ], [ 14.638019, 53.373685 ], [ 14.635625, 53.375847 ] ] ] } },
{ "type": "Feature", "properties": { "fid": 915, "hex_id": 914 }, "geometry": { "type": "Polygon", "coordinates": [ [ [ 14.636084, 53.371364 ], [ 14.638019, 53.373685 ], [ 14.642347, 53.373843 ], [ 14.64474, 53.371681 ], [ 14.642805, 53.36936 ], [ 14.638478, 53.369202 ], [ 14.636084, 53.371364 ] ] ] } },
{ "type": "Feature", "properties": { "fid": 916, "hex_id": 915 }, "geometry": { "type": "Polygon", "coordinates": [ [ [ 14.636543, 53.366881 ], [ 14.638478, 53.369202 ], [ 14.642805, 53.36936 ], [ 14.645198, 53.367198 ], [ 14.643263, 53.364877 ], [ 14.638936, 53.364719 ], [ 14.636543, 53.366881 ] ] ] } },
{ "type": "Feature", "properties": { "fid": 917, "hex_id": 916 }, "geometry": { "type": "Polygon", "coordinates": [ [ [ 14.637002, 53.362399 ], [ 14.638936, 53.364719 ], [ 14.643263, 53.364877 ], [ 14.645656, 53.362715 ], [ 14.643721, 53.360395 ], [ 14.639395, 53.360236 ], [ 14.637002, 53.362399 ] ] ] } },
{ "type": "Feature", "properties": { "fid": 918, "hex_id": 917 }, "geometry": { "type": "Polygon", "coordinates": [ [ [ 14.625763, 53.535219 ], [ 14.627704, 53.53754 ], [ 14.632048, 53.537699 ], [ 14.634452, 53.535537 ], [ 14.632511, 53.533216 ], [ 14.628167, 53.533057 ], [ 14.625763, 53.535219 ] ] ] } },
{ "type": "Feature", "properties": { "fid": 919, "hex_id": 918 }, "geometry": { "type": "Polygon", "coordinates": [ [ [ 14.626226, 53.530736 ], [ 14.628167, 53.533057 ], [ 14.632511, 53.533216 ], [ 14.634914, 53.531054 ], [ 14.632973, 53.528734 ], [ 14.628629, 53.528575 ], [ 14.626226, 53.530736 ] ] ] } },
{ "type": "Feature", "properties": { "fid": 920, "hex_id": 919 }, "geometry": { "type": "Polygon", "coordinates": [ [ [ 14.626689, 53.526254 ], [ 14.628629, 53.528575 ], [ 14.632973, 53.528734 ], [ 14.635375, 53.526572 ], [ 14.633435, 53.524251 ], [ 14.629092, 53.524092 ], [ 14.626689, 53.526254 ] ] ] } },
{ "type": "Feature", "properties": { "fid": 921, "hex_id": 920 }, "geometry": { "type": "Polygon", "coordinates": [ [ [ 14.627151, 53.521771 ], [ 14.629092, 53.524092 ], [ 14.633435, 53.524251 ], [ 14.635837, 53.522089 ], [ 14.633896, 53.519768 ], [ 14.629554, 53.519609 ], [ 14.627151, 53.521771 ] ] ] } },
{ "type": "Feature", "properties": { "fid": 922, "hex_id": 921 }, "geometry": { "type": "Polygon", "coordinates": [ [ [ 14.627614, 53.517289 ], [ 14.629554, 53.519609 ], [ 14.633896, 53.519768 ], [ 14.636298, 53.517606 ], [ 14.634358, 53.515286 ], [ 14.630016, 53.515127 ], [ 14.627614, 53.517289 ] ] ] } },
{ "type": "Feature", "properties": { "fid": 923, "hex_id": 922 }, "geometry": { "type": "Polygon", "coordinates": [ [ [ 14.628076, 53.512806 ], [ 14.630016, 53.515127 ], [ 14.634358, 53.515286 ], [ 14.63676, 53.513124 ], [ 14.63482, 53.510803 ], [ 14.630478, 53.510644 ], [ 14.628076, 53.512806 ] ] ] } },
{ "type": "Feature", "properties": { "fid": 924, "hex_id": 923 }, "geometry": { "type": "Polygon", "coordinates": [ [ [ 14.628538, 53.508323 ], [ 14.630478, 53.510644 ], [ 14.63482, 53.510803 ], [ 14.637221, 53.508641 ], [ 14.635281, 53.506321 ], [ 14.63094, 53.506162 ], [ 14.628538, 53.508323 ] ] ] } },
{ "type": "Feature", "properties": { "fid": 925, "hex_id": 924 }, "geometry": { "type": "Polygon", "coordinates": [ [ [ 14.629, 53.503841 ], [ 14.63094, 53.506162 ], [ 14.635281, 53.506321 ], [ 14.637682, 53.504159 ], [ 14.635742, 53.501838 ], [ 14.631402, 53.501679 ], [ 14.629, 53.503841 ] ] ] } },
{ "type": "Feature", "properties": { "fid": 926, "hex_id": 925 }, "geometry": { "type": "Polygon", "coordinates": [ [ [ 14.629462, 53.499358 ], [ 14.631402, 53.501679 ], [ 14.635742, 53.501838 ], [ 14.638143, 53.499676 ], [ 14.636204, 53.497355 ], [ 14.631863, 53.497196 ], [ 14.629462, 53.499358 ] ] ] } },
{ "type": "Feature", "properties": { "fid": 927, "hex_id": 926 }, "geometry": { "type": "Polygon", "coordinates": [ [ [ 14.629924, 53.494876 ], [ 14.631863, 53.497196 ], [ 14.636204, 53.497355 ], [ 14.638604, 53.495193 ], [ 14.636665, 53.492873 ], [ 14.632325, 53.492714 ], [ 14.629924, 53.494876 ] ] ] } },
{ "type": "Feature", "properties": { "fid": 928, "hex_id": 927 }, "geometry": { "type": "Polygon", "coordinates": [ [ [ 14.630386, 53.490393 ], [ 14.632325, 53.492714 ], [ 14.636665, 53.492873 ], [ 14.639065, 53.490711 ], [ 14.637126, 53.48839 ], [ 14.632786, 53.488231 ], [ 14.630386, 53.490393 ] ] ] } },
{ "type": "Feature", "properties": { "fid": 929, "hex_id": 928 }, "geometry": { "type": "Polygon", "coordinates": [ [ [ 14.630847, 53.48591 ], [ 14.632786, 53.488231 ], [ 14.637126, 53.48839 ], [ 14.639526, 53.486228 ], [ 14.637587, 53.483907 ], [ 14.633248, 53.483749 ], [ 14.630847, 53.48591 ] ] ] } },
{ "type": "Feature", "properties": { "fid": 930, "hex_id": 929 }, "geometry": { "type": "Polygon", "coordinates": [ [ [ 14.631309, 53.481428 ], [ 14.633248, 53.483749 ], [ 14.637587, 53.483907 ], [ 14.639986, 53.481745 ], [ 14.638047, 53.479425 ], [ 14.633709, 53.479266 ], [ 14.631309, 53.481428 ] ] ] } },
{ "type": "Feature", "properties": { "fid": 931, "hex_id": 930 }, "geometry": { "type": "Polygon", "coordinates": [ [ [ 14.63177, 53.476945 ], [ 14.633709, 53.479266 ], [ 14.638047, 53.479425 ], [ 14.640447, 53.477263 ], [ 14.638508, 53.474942 ], [ 14.63417, 53.474783 ], [ 14.63177, 53.476945 ] ] ] } },
{ "type": "Feature", "properties": { "fid": 932, "hex_id": 931 }, "geometry": { "type": "Polygon", "coordinates": [ [ [ 14.632231, 53.472463 ], [ 14.63417, 53.474783 ], [ 14.638508, 53.474942 ], [ 14.640907, 53.47278 ], [ 14.638968, 53.470459 ], [ 14.634631, 53.470301 ], [ 14.632231, 53.472463 ] ] ] } },
{ "type": "Feature", "properties": { "fid": 933, "hex_id": 932 }, "geometry": { "type": "Polygon", "coordinates": [ [ [ 14.632692, 53.46798 ], [ 14.634631, 53.470301 ], [ 14.638968, 53.470459 ], [ 14.641367, 53.468297 ], [ 14.639429, 53.465977 ], [ 14.635091, 53.465818 ], [ 14.632692, 53.46798 ] ] ] } },
{ "type": "Feature", "properties": { "fid": 934, "hex_id": 933 }, "geometry": { "type": "Polygon", "coordinates": [ [ [ 14.633153, 53.463497 ], [ 14.635091, 53.465818 ], [ 14.639429, 53.465977 ], [ 14.641827, 53.463815 ], [ 14.639889, 53.461494 ], [ 14.635552, 53.461335 ], [ 14.633153, 53.463497 ] ] ] } },
{ "type": "Feature", "properties": { "fid": 935, "hex_id": 934 }, "geometry": { "type": "Polygon", "coordinates": [ [ [ 14.633614, 53.459015 ], [ 14.635552, 53.461335 ], [ 14.639889, 53.461494 ], [ 14.642287, 53.459332 ], [ 14.640349, 53.457011 ], [ 14.636013, 53.456853 ], [ 14.633614, 53.459015 ] ] ] } },
{ "type": "Feature", "properties": { "fid": 936, "hex_id": 935 }, "geometry": { "type": "Polygon", "coordinates": [ [ [ 14.634075, 53.454532 ], [ 14.636013, 53.456853 ], [ 14.640349, 53.457011 ], [ 14.642747, 53.454849 ], [ 14.640809, 53.452528 ], [ 14.636473, 53.45237 ], [ 14.634075, 53.454532 ] ] ] } },
{ "type": "Feature", "properties": { "fid": 937, "hex_id": 936 }, "geometry": { "type": "Polygon", "coordinates": [ [ [ 14.634536, 53.450049 ], [ 14.636473, 53.45237 ], [ 14.640809, 53.452528 ], [ 14.643207, 53.450366 ], [ 14.641269, 53.448046 ], [ 14.636933, 53.447887 ], [ 14.634536, 53.450049 ] ] ] } },
{ "type": "Feature", "properties": { "fid": 938, "hex_id": 937 }, "geometry": { "type": "Polygon", "coordinates": [ [ [ 14.634996, 53.445567 ], [ 14.636933, 53.447887 ], [ 14.641269, 53.448046 ], [ 14.643666, 53.445884 ], [ 14.641728, 53.443563 ], [ 14.637394, 53.443405 ], [ 14.634996, 53.445567 ] ] ] } },
{ "type": "Feature", "properties": { "fid": 939, "hex_id": 938 }, "geometry": { "type": "Polygon", "coordinates": [ [ [ 14.635456, 53.441084 ], [ 14.637394, 53.443405 ], [ 14.641728, 53.443563 ], [ 14.644126, 53.441401 ], [ 14.642188, 53.43908 ], [ 14.637854, 53.438922 ], [ 14.635456, 53.441084 ] ] ] } },
{ "type": "Feature", "properties": { "fid": 940, "hex_id": 939 }, "geometry": { "type": "Polygon", "coordinates": [ [ [ 14.635917, 53.436601 ], [ 14.637854, 53.438922 ], [ 14.642188, 53.43908 ], [ 14.644585, 53.436918 ], [ 14.642648, 53.434598 ], [ 14.638314, 53.434439 ], [ 14.635917, 53.436601 ] ] ] } },
{ "type": "Feature", "properties": { "fid": 941, "hex_id": 940 }, "geometry": { "type": "Polygon", "coordinates": [ [ [ 14.636377, 53.432119 ], [ 14.638314, 53.434439 ], [ 14.642648, 53.434598 ], [ 14.645044, 53.432435 ], [ 14.643107, 53.430115 ], [ 14.638773, 53.429956 ], [ 14.636377, 53.432119 ] ] ] } },
{ "type": "Feature", "properties": { "fid": 942, "hex_id": 941 }, "geometry": { "type": "Polygon", "coordinates": [ [ [ 14.636837, 53.427636 ], [ 14.638773, 53.429956 ], [ 14.643107, 53.430115 ], [ 14.645503, 53.427953 ], [ 14.643566, 53.425632 ], [ 14.639233, 53.425474 ], [ 14.636837, 53.427636 ] ] ] } },
{ "type": "Feature", "properties": { "fid": 943, "hex_id": 942 }, "geometry": { "type": "Polygon", "coordinates": [ [ [ 14.637296, 53.423153 ], [ 14.639233, 53.425474 ], [ 14.643566, 53.425632 ], [ 14.645962, 53.42347 ], [ 14.644025, 53.421149 ], [ 14.639693, 53.420991 ], [ 14.637296, 53.423153 ] ] ] } },
{ "type": "Feature", "properties": { "fid": 944, "hex_id": 943 }, "geometry": { "type": "Polygon", "coordinates": [ [ [ 14.637756, 53.41867 ], [ 14.639693, 53.420991 ], [ 14.644025, 53.421149 ], [ 14.646421, 53.418987 ], [ 14.644484, 53.416667 ], [ 14.640152, 53.416508 ], [ 14.637756, 53.41867 ] ] ] } },
{ "type": "Feature", "properties": { "fid": 945, "hex_id": 944 }, "geometry": { "type": "Polygon", "coordinates": [ [ [ 14.638216, 53.414188 ], [ 14.640152, 53.416508 ], [ 14.644484, 53.416667 ], [ 14.64688, 53.414504 ], [ 14.644943, 53.412184 ], [ 14.640611, 53.412026 ], [ 14.638216, 53.414188 ] ] ] } },
{ "type": "Feature", "properties": { "fid": 946, "hex_id": 945 }, "geometry": { "type": "Polygon", "coordinates": [ [ [ 14.638675, 53.409705 ], [ 14.640611, 53.412026 ], [ 14.644943, 53.412184 ], [ 14.647338, 53.410022 ], [ 14.645402, 53.407701 ], [ 14.641071, 53.407543 ], [ 14.638675, 53.409705 ] ] ] } },
{ "type": "Feature", "properties": { "fid": 947, "hex_id": 946 }, "geometry": { "type": "Polygon", "coordinates": [ [ [ 14.639135, 53.405222 ], [ 14.641071, 53.407543 ], [ 14.645402, 53.407701 ], [ 14.647797, 53.405539 ], [ 14.64586, 53.403218 ], [ 14.64153, 53.40306 ], [ 14.639135, 53.405222 ] ] ] } },
{ "type": "Feature", "properties": { "fid": 948, "hex_id": 947 }, "geometry": { "type": "Polygon", "coordinates": [ [ [ 14.639594, 53.40074 ], [ 14.64153, 53.40306 ], [ 14.64586, 53.403218 ], [ 14.648255, 53.401056 ], [ 14.646319, 53.398736 ], [ 14.641989, 53.398577 ], [ 14.639594, 53.40074 ] ] ] } },
{ "type": "Feature", "properties": { "fid": 949, "hex_id": 948 }, "geometry": { "type": "Polygon", "coordinates": [ [ [ 14.640053, 53.396257 ], [ 14.641989, 53.398577 ], [ 14.646319, 53.398736 ], [ 14.648713, 53.396573 ], [ 14.646777, 53.394253 ], [ 14.642447, 53.394095 ], [ 14.640053, 53.396257 ] ] ] } },
{ "type": "Feature", "properties": { "fid": 950, "hex_id": 949 }, "geometry": { "type": "Polygon", "coordinates": [ [ [ 14.640512, 53.391774 ], [ 14.642447, 53.394095 ], [ 14.646777, 53.394253 ], [ 14.649171, 53.39209 ], [ 14.647235, 53.38977 ], [ 14.642906, 53.389612 ], [ 14.640512, 53.391774 ] ] ] } },
{ "type": "Feature", "properties": { "fid": 951, "hex_id": 950 }, "geometry": { "type": "Polygon", "coordinates": [ [ [ 14.640971, 53.387291 ], [ 14.642906, 53.389612 ], [ 14.647235, 53.38977 ], [ 14.649629, 53.387608 ], [ 14.647694, 53.385287 ], [ 14.643365, 53.385129 ], [ 14.640971, 53.387291 ] ] ] } },
{ "type": "Feature", "properties": { "fid": 952, "hex_id": 951 }, "geometry": { "type": "Polygon", "coordinates": [ [ [ 14.641429, 53.382809 ], [ 14.643365, 53.385129 ], [ 14.647694, 53.385287 ], [ 14.650087, 53.383125 ], [ 14.648152, 53.380804 ], [ 14.643823, 53.380646 ], [ 14.641429, 53.382809 ] ] ] } },
{ "type": "Feature", "properties": { "fid": 953, "hex_id": 952 }, "geometry": { "type": "Polygon", "coordinates": [ [ [ 14.641888, 53.378326 ], [ 14.643823, 53.380646 ], [ 14.648152, 53.380804 ], [ 14.650545, 53.378642 ], [ 14.648609, 53.376322 ], [ 14.644281, 53.376163 ], [ 14.641888, 53.378326 ] ] ] } },
{ "type": "Feature", "properties": { "fid": 954, "hex_id": 953 }, "geometry": { "type": "Polygon", "coordinates": [ [ [ 14.642347, 53.373843 ], [ 14.644281, 53.376163 ], [ 14.648609, 53.376322 ], [ 14.651002, 53.374159 ], [ 14.649067, 53.371839 ], [ 14.64474, 53.371681 ], [ 14.642347, 53.373843 ] ] ] } },
{ "type": "Feature", "properties": { "fid": 955, "hex_id": 954 }, "geometry": { "type": "Polygon", "coordinates": [ [ [ 14.642805, 53.36936 ], [ 14.64474, 53.371681 ], [ 14.649067, 53.371839 ], [ 14.65146, 53.369676 ], [ 14.649525, 53.367356 ], [ 14.645198, 53.367198 ], [ 14.642805, 53.36936 ] ] ] } },
{ "type": "Feature", "properties": { "fid": 956, "hex_id": 955 }, "geometry": { "type": "Polygon", "coordinates": [ [ [ 14.643263, 53.364877 ], [ 14.645198, 53.367198 ], [ 14.649525, 53.367356 ], [ 14.651917, 53.365194 ], [ 14.649982, 53.362873 ], [ 14.645656, 53.362715 ], [ 14.643263, 53.364877 ] ] ] } },
{ "type": "Feature", "properties": { "fid": 957, "hex_id": 956 }, "geometry": { "type": "Polygon", "coordinates": [ [ [ 14.632511, 53.533216 ], [ 14.634452, 53.535537 ], [ 14.638796, 53.535696 ], [ 14.641199, 53.533534 ], [ 14.639257, 53.531213 ], [ 14.634914, 53.531054 ], [ 14.632511, 53.533216 ] ] ] } },
{ "type": "Feature", "properties": { "fid": 958, "hex_id": 957 }, "geometry": { "type": "Polygon", "coordinates": [ [ [ 14.632973, 53.528734 ], [ 14.634914, 53.531054 ], [ 14.639257, 53.531213 ], [ 14.64166, 53.529051 ], [ 14.639719, 53.52673 ], [ 14.635375, 53.526572 ], [ 14.632973, 53.528734 ] ] ] } },
{ "type": "Feature", "properties": { "fid": 959, "hex_id": 958 }, "geometry": { "type": "Polygon", "coordinates": [ [ [ 14.633435, 53.524251 ], [ 14.635375, 53.526572 ], [ 14.639719, 53.52673 ], [ 14.642121, 53.524568 ], [ 14.64018, 53.522248 ], [ 14.635837, 53.522089 ], [ 14.633435, 53.524251 ] ] ] } },
{ "type": "Feature", "properties": { "fid": 960, "hex_id": 959 }, "geometry": { "type": "Polygon", "coordinates": [ [ [ 14.633896, 53.519768 ], [ 14.635837, 53.522089 ], [ 14.64018, 53.522248 ], [ 14.642582, 53.520086 ], [ 14.640641, 53.517765 ], [ 14.636298, 53.517606 ], [ 14.633896, 53.519768 ] ] ] } },
{ "type": "Feature", "properties": { "fid": 961, "hex_id": 960 }, "geometry": { "type": "Polygon", "coordinates": [ [ [ 14.634358, 53.515286 ], [ 14.636298, 53.517606 ], [ 14.640641, 53.517765 ], [ 14.643043, 53.515603 ], [ 14.641102, 53.513283 ], [ 14.63676, 53.513124 ], [ 14.634358, 53.515286 ] ] ] } },
{ "type": "Feature", "properties": { "fid": 962, "hex_id": 961 }, "geometry": { "type": "Polygon", "coordinates": [ [ [ 14.63482, 53.510803 ], [ 14.63676, 53.513124 ], [ 14.641102, 53.513283 ], [ 14.643503, 53.51112 ], [ 14.641563, 53.5088 ], [ 14.637221, 53.508641 ], [ 14.63482, 53.510803 ] ] ] } },
{ "type": "Feature", "properties": { "fid": 963, "hex_id": 962 }, "geometry": { "type": "Polygon", "coordinates": [ [ [ 14.635281, 53.506321 ], [ 14.637221, 53.508641 ], [ 14.641563, 53.5088 ], [ 14.643964, 53.506638 ], [ 14.642023, 53.504317 ], [ 14.637682, 53.504159 ], [ 14.635281, 53.506321 ] ] ] } },
{ "type": "Feature", "properties": { "fid": 964, "hex_id": 963 }, "geometry": { "type": "Polygon", "coordinates": [ [ [ 14.635742, 53.501838 ], [ 14.637682, 53.504159 ], [ 14.642023, 53.504317 ], [ 14.644424, 53.502155 ], [ 14.642484, 53.499835 ], [ 14.638143, 53.499676 ], [ 14.635742, 53.501838 ] ] ] } },
{ "type": "Feature", "properties": { "fid": 965, "hex_id": 964 }, "geometry": { "type": "Polygon", "coordinates": [ [ [ 14.636204, 53.497355 ], [ 14.638143, 53.499676 ], [ 14.642484, 53.499835 ], [ 14.644884, 53.497672 ], [ 14.642944, 53.495352 ], [ 14.638604, 53.495193 ], [ 14.636204, 53.497355 ] ] ] } },
{ "type": "Feature", "properties": { "fid": 966, "hex_id": 965 }, "geometry": { "type": "Polygon", "coordinates": [ [ [ 14.636665, 53.492873 ], [ 14.638604, 53.495193 ], [ 14.642944, 53.495352 ], [ 14.645345, 53.49319 ], [ 14.643405, 53.490869 ], [ 14.639065, 53.490711 ], [ 14.636665, 53.492873 ] ] ] } },
{ "type": "Feature", "properties": { "fid": 967, "hex_id": 966 }, "geometry": { "type": "Polygon", "coordinates": [ [ [ 14.637126, 53.48839 ], [ 14.639065, 53.490711 ], [ 14.643405, 53.490869 ], [ 14.645805, 53.488707 ], [ 14.643865, 53.486386 ], [ 14.639526, 53.486228 ], [ 14.637126, 53.48839 ] ] ] } },
{ "type": "Feature", "properties": { "fid": 968, "hex_id": 967 }, "geometry": { "type": "Polygon", "coordinates": [ [ [ 14.637587, 53.483907 ], [ 14.639526, 53.486228 ], [ 14.643865, 53.486386 ], [ 14.646265, 53.484224 ], [ 14.644325, 53.481904 ], [ 14.639986, 53.481745 ], [ 14.637587, 53.483907 ] ] ] } },
{ "type": "Feature", "properties": { "fid": 969, "hex_id": 968 }, "geometry": { "type": "Polygon", "coordinates": [ [ [ 14.638047, 53.479425 ], [ 14.639986, 53.481745 ], [ 14.644325, 53.481904 ], [ 14.646724, 53.479742 ], [ 14.644785, 53.477421 ], [ 14.640447, 53.477263 ], [ 14.638047, 53.479425 ] ] ] } },
{ "type": "Feature", "properties": { "fid": 970, "hex_id": 969 }, "geometry": { "type": "Polygon", "coordinates": [ [ [ 14.638508, 53.474942 ], [ 14.640447, 53.477263 ], [ 14.644785, 53.477421 ], [ 14.647184, 53.475259 ], [ 14.645245, 53.472938 ], [ 14.640907, 53.47278 ], [ 14.638508, 53.474942 ] ] ] } },
{ "type": "Feature", "properties": { "fid": 971, "hex_id": 970 }, "geometry": { "type": "Polygon", "coordinates": [ [ [ 14.638968, 53.470459 ], [ 14.640907, 53.47278 ], [ 14.645245, 53.472938 ], [ 14.647644, 53.470776 ], [ 14.645705, 53.468456 ], [ 14.641367, 53.468297 ], [ 14.638968, 53.470459 ] ] ] } },
{ "type": "Feature", "properties": { "fid": 972, "hex_id": 971 }, "geometry": { "type": "Polygon", "coordinates": [ [ [ 14.639429, 53.465977 ], [ 14.641367, 53.468297 ], [ 14.645705, 53.468456 ], [ 14.648103, 53.466293 ], [ 14.646164, 53.463973 ], [ 14.641827, 53.463815 ], [ 14.639429, 53.465977 ] ] ] } },
{ "type": "Feature", "properties": { "fid": 973, "hex_id": 972 }, "geometry": { "type": "Polygon", "coordinates": [ [ [ 14.639889, 53.461494 ], [ 14.641827, 53.463815 ], [ 14.646164, 53.463973 ], [ 14.648562, 53.461811 ], [ 14.646624, 53.45949 ], [ 14.642287, 53.459332 ], [ 14.639889, 53.461494 ] ] ] } },
{ "type": "Feature", "properties": { "fid": 974, "hex_id": 973 }, "geometry": { "type": "Polygon", "coordinates": [ [ [ 14.640349, 53.457011 ], [ 14.642287, 53.459332 ], [ 14.646624, 53.45949 ], [ 14.649022, 53.457328 ], [ 14.647083, 53.455007 ], [ 14.642747, 53.454849 ], [ 14.640349, 53.457011 ] ] ] } },
{ "type": "Feature", "properties": { "fid": 975, "hex_id": 974 }, "geometry": { "type": "Polygon", "coordinates": [ [ [ 14.640809, 53.452528 ], [ 14.642747, 53.454849 ], [ 14.647083, 53.455007 ], [ 14.649481, 53.452845 ], [ 14.647542, 53.450525 ], [ 14.643207, 53.450366 ], [ 14.640809, 53.452528 ] ] ] } },
{ "type": "Feature", "properties": { "fid": 976, "hex_id": 975 }, "geometry": { "type": "Polygon", "coordinates": [ [ [ 14.641269, 53.448046 ], [ 14.643207, 53.450366 ], [ 14.647542, 53.450525 ], [ 14.64994, 53.448362 ], [ 14.648001, 53.446042 ], [ 14.643666, 53.445884 ], [ 14.641269, 53.448046 ] ] ] } },
{ "type": "Feature", "properties": { "fid": 977, "hex_id": 976 }, "geometry": { "type": "Polygon", "coordinates": [ [ [ 14.641728, 53.443563 ], [ 14.643666, 53.445884 ], [ 14.648001, 53.446042 ], [ 14.650398, 53.44388 ], [ 14.64846, 53.441559 ], [ 14.644126, 53.441401 ], [ 14.641728, 53.443563 ] ] ] } },
{ "type": "Feature", "properties": { "fid": 978, "hex_id": 977 }, "geometry": { "type": "Polygon", "coordinates": [ [ [ 14.642188, 53.43908 ], [ 14.644126, 53.441401 ], [ 14.64846, 53.441559 ], [ 14.650857, 53.439397 ], [ 14.648919, 53.437076 ], [ 14.644585, 53.436918 ], [ 14.642188, 53.43908 ] ] ] } },
{ "type": "Feature", "properties": { "fid": 979, "hex_id": 978 }, "geometry": { "type": "Polygon", "coordinates": [ [ [ 14.642648, 53.434598 ], [ 14.644585, 53.436918 ], [ 14.648919, 53.437076 ], [ 14.651316, 53.434914 ], [ 14.649378, 53.432594 ], [ 14.645044, 53.432435 ], [ 14.642648, 53.434598 ] ] ] } },
{ "type": "Feature", "properties": { "fid": 980, "hex_id": 979 }, "geometry": { "type": "Polygon", "coordinates": [ [ [ 14.643107, 53.430115 ], [ 14.645044, 53.432435 ], [ 14.649378, 53.432594 ], [ 14.651774, 53.430431 ], [ 14.649836, 53.428111 ], [ 14.645503, 53.427953 ], [ 14.643107, 53.430115 ] ] ] } },
{ "type": "Feature", "properties": { "fid": 981, "hex_id": 980 }, "geometry": { "type": "Polygon", "coordinates": [ [ [ 14.643566, 53.425632 ], [ 14.645503, 53.427953 ], [ 14.649836, 53.428111 ], [ 14.652232, 53.425949 ], [ 14.650295, 53.423628 ], [ 14.645962, 53.42347 ], [ 14.643566, 53.425632 ] ] ] } },
{ "type": "Feature", "properties": { "fid": 982, "hex_id": 981 }, "geometry": { "type": "Polygon", "coordinates": [ [ [ 14.644025, 53.421149 ], [ 14.645962, 53.42347 ], [ 14.650295, 53.423628 ], [ 14.652691, 53.421466 ], [ 14.650753, 53.419145 ], [ 14.646421, 53.418987 ], [ 14.644025, 53.421149 ] ] ] } },
{ "type": "Feature", "properties": { "fid": 983, "hex_id": 982 }, "geometry": { "type": "Polygon", "coordinates": [ [ [ 14.644484, 53.416667 ], [ 14.646421, 53.418987 ], [ 14.650753, 53.419145 ], [ 14.653149, 53.416983 ], [ 14.651212, 53.414663 ], [ 14.64688, 53.414504 ], [ 14.644484, 53.416667 ] ] ] } },
{ "type": "Feature", "properties": { "fid": 984, "hex_id": 983 }, "geometry": { "type": "Polygon", "coordinates": [ [ [ 14.644943, 53.412184 ], [ 14.64688, 53.414504 ], [ 14.651212, 53.414663 ], [ 14.653607, 53.4125 ], [ 14.65167, 53.41018 ], [ 14.647338, 53.410022 ], [ 14.644943, 53.412184 ] ] ] } },
{ "type": "Feature", "properties": { "fid": 985, "hex_id": 984 }, "geometry": { "type": "Polygon", "coordinates": [ [ [ 14.645402, 53.407701 ], [ 14.647338, 53.410022 ], [ 14.65167, 53.41018 ], [ 14.654064, 53.408017 ], [ 14.652128, 53.405697 ], [ 14.647797, 53.405539 ], [ 14.645402, 53.407701 ] ] ] } },
{ "type": "Feature", "properties": { "fid": 986, "hex_id": 985 }, "geometry": { "type": "Polygon", "coordinates": [ [ [ 14.64586, 53.403218 ], [ 14.647797, 53.405539 ], [ 14.652128, 53.405697 ], [ 14.654522, 53.403534 ], [ 14.652586, 53.401214 ], [ 14.648255, 53.401056 ], [ 14.64586, 53.403218 ] ] ] } },
{ "type": "Feature", "properties": { "fid": 987, "hex_id": 986 }, "geometry": { "type": "Polygon", "coordinates": [ [ [ 14.646319, 53.398736 ], [ 14.648255, 53.401056 ], [ 14.652586, 53.401214 ], [ 14.65498, 53.399052 ], [ 14.653043, 53.396731 ], [ 14.648713, 53.396573 ], [ 14.646319, 53.398736 ] ] ] } },
{ "type": "Feature", "properties": { "fid": 988, "hex_id": 987 }, "geometry": { "type": "Polygon", "coordinates": [ [ [ 14.646777, 53.394253 ], [ 14.648713, 53.396573 ], [ 14.653043, 53.396731 ], [ 14.655437, 53.394569 ], [ 14.653501, 53.392248 ], [ 14.649171, 53.39209 ], [ 14.646777, 53.394253 ] ] ] } },
{ "type": "Feature", "properties": { "fid": 989, "hex_id": 988 }, "geometry": { "type": "Polygon", "coordinates": [ [ [ 14.647235, 53.38977 ], [ 14.649171, 53.39209 ], [ 14.653501, 53.392248 ], [ 14.655894, 53.390086 ], [ 14.653958, 53.387766 ], [ 14.649629, 53.387608 ], [ 14.647235, 53.38977 ] ] ] } },
{ "type": "Feature", "properties": { "fid": 990, "hex_id": 989 }, "geometry": { "type": "Polygon", "coordinates": [ [ [ 14.647694, 53.385287 ], [ 14.649629, 53.387608 ], [ 14.653958, 53.387766 ], [ 14.656352, 53.385603 ], [ 14.654416, 53.383283 ], [ 14.650087, 53.383125 ], [ 14.647694, 53.385287 ] ] ] } },
{ "type": "Feature", "properties": { "fid": 991, "hex_id": 990 }, "geometry": { "type": "Polygon", "coordinates": [ [ [ 14.648152, 53.380804 ], [ 14.650087, 53.383125 ], [ 14.654416, 53.383283 ], [ 14.656809, 53.38112 ], [ 14.654873, 53.3788 ], [ 14.650545, 53.378642 ], [ 14.648152, 53.380804 ] ] ] } },
{ "type": "Feature", "properties": { "fid": 992, "hex_id": 991 }, "geometry": { "type": "Polygon", "coordinates": [ [ [ 14.648609, 53.376322 ], [ 14.650545, 53.378642 ], [ 14.654873, 53.3788 ], [ 14.657266, 53.376637 ], [ 14.65533, 53.374317 ], [ 14.651002, 53.374159 ], [ 14.648609, 53.376322 ] ] ] } },
{ "type": "Feature", "properties": { "fid": 993, "hex_id": 992 }, "geometry": { "type": "Polygon", "coordinates": [ [ [ 14.649067, 53.371839 ], [ 14.651002, 53.374159 ], [ 14.65533, 53.374317 ], [ 14.657723, 53.372155 ], [ 14.655787, 53.369834 ], [ 14.65146, 53.369676 ], [ 14.649067, 53.371839 ] ] ] } },
{ "type": "Feature", "properties": { "fid": 994, "hex_id": 993 }, "geometry": { "type": "Polygon", "coordinates": [ [ [ 14.649525, 53.367356 ], [ 14.65146, 53.369676 ], [ 14.655787, 53.369834 ], [ 14.658179, 53.367672 ], [ 14.656244, 53.365351 ], [ 14.651917, 53.365194 ], [ 14.649525, 53.367356 ] ] ] } },
{ "type": "Feature", "properties": { "fid": 995, "hex_id": 994 }, "geometry": { "type": "Polygon", "coordinates": [ [ [ 14.649982, 53.362873 ], [ 14.651917, 53.365194 ], [ 14.656244, 53.365351 ], [ 14.658636, 53.363189 ], [ 14.656701, 53.360869 ], [ 14.652374, 53.360711 ], [ 14.649982, 53.362873 ] ] ] } },
{ "type": "Feature", "properties": { "fid": 996, "hex_id": 995 }, "geometry": { "type": "Polygon", "coordinates": [ [ [ 14.639719, 53.52673 ], [ 14.64166, 53.529051 ], [ 14.646003, 53.52921 ], [ 14.648405, 53.527048 ], [ 14.646464, 53.524727 ], [ 14.642121, 53.524568 ], [ 14.639719, 53.52673 ] ] ] } },
{ "type": "Feature", "properties": { "fid": 997, "hex_id": 996 }, "geometry": { "type": "Polygon", "coordinates": [ [ [ 14.64018, 53.522248 ], [ 14.642121, 53.524568 ], [ 14.646464, 53.524727 ], [ 14.648866, 53.522565 ], [ 14.646924, 53.520244 ], [ 14.642582, 53.520086 ], [ 14.64018, 53.522248 ] ] ] } },
{ "type": "Feature", "properties": { "fid": 998, "hex_id": 997 }, "geometry": { "type": "Polygon", "coordinates": [ [ [ 14.640641, 53.517765 ], [ 14.642582, 53.520086 ], [ 14.646924, 53.520244 ], [ 14.649326, 53.518082 ], [ 14.647385, 53.515762 ], [ 14.643043, 53.515603 ], [ 14.640641, 53.517765 ] ] ] } },
{ "type": "Feature", "properties": { "fid": 999, "hex_id": 998 }, "geometry": { "type": "Polygon", "coordinates": [ [ [ 14.641102, 53.513283 ], [ 14.643043, 53.515603 ], [ 14.647385, 53.515762 ], [ 14.649786, 53.513599 ], [ 14.647845, 53.511279 ], [ 14.643503, 53.51112 ], [ 14.641102, 53.513283 ] ] ] } },
{ "type": "Feature", "properties": { "fid": 1000, "hex_id": 999 }, "geometry": { "type": "Polygon", "coordinates": [ [ [ 14.641563, 53.5088 ], [ 14.643503, 53.51112 ], [ 14.647845, 53.511279 ], [ 14.650246, 53.509117 ], [ 14.648305, 53.506796 ], [ 14.643964, 53.506638 ], [ 14.641563, 53.5088 ] ] ] } },
{ "type": "Feature", "properties": { "fid": 1001, "hex_id": 1000 }, "geometry": { "type": "Polygon", "coordinates": [ [ [ 14.642023, 53.504317 ], [ 14.643964, 53.506638 ], [ 14.648305, 53.506796 ], [ 14.650706, 53.504634 ], [ 14.648765, 53.502314 ], [ 14.644424, 53.502155 ], [ 14.642023, 53.504317 ] ] ] } },
{ "type": "Feature", "properties": { "fid": 1002, "hex_id": 1001 }, "geometry": { "type": "Polygon", "coordinates": [ [ [ 14.642484, 53.499835 ], [ 14.644424, 53.502155 ], [ 14.648765, 53.502314 ], [ 14.651165, 53.500151 ], [ 14.649225, 53.497831 ], [ 14.644884, 53.497672 ], [ 14.642484, 53.499835 ] ] ] } },
{ "type": "Feature", "properties": { "fid": 1003, "hex_id": 1002 }, "geometry": { "type": "Polygon", "coordinates": [ [ [ 14.642944, 53.495352 ], [ 14.644884, 53.497672 ], [ 14.649225, 53.497831 ], [ 14.651625, 53.495669 ], [ 14.649685, 53.493348 ], [ 14.645345, 53.49319 ], [ 14.642944, 53.495352 ] ] ] } },
{ "type": "Feature", "properties": { "fid": 1004, "hex_id": 1003 }, "geometry": { "type": "Polygon", "coordinates": [ [ [ 14.643405, 53.490869 ], [ 14.645345, 53.49319 ], [ 14.649685, 53.493348 ], [ 14.652084, 53.491186 ], [ 14.650144, 53.488865 ], [ 14.645805, 53.488707 ], [ 14.643405, 53.490869 ] ] ] } },
{ "type": "Feature", "properties": { "fid": 1005, "hex_id": 1004 }, "geometry": { "type": "Polygon", "coordinates": [ [ [ 14.643865, 53.486386 ], [ 14.645805, 53.488707 ], [ 14.650144, 53.488865 ], [ 14.652544, 53.486703 ], [ 14.650604, 53.484383 ], [ 14.646265, 53.484224 ], [ 14.643865, 53.486386 ] ] ] } },
{ "type": "Feature", "properties": { "fid": 1006, "hex_id": 1005 }, "geometry": { "type": "Polygon", "coordinates": [ [ [ 14.644325, 53.481904 ], [ 14.646265, 53.484224 ], [ 14.650604, 53.484383 ], [ 14.653003, 53.48222 ], [ 14.651063, 53.4799 ], [ 14.646724, 53.479742 ], [ 14.644325, 53.481904 ] ] ] } },
{ "type": "Feature", "properties": { "fid": 1007, "hex_id": 1006 }, "geometry": { "type": "Polygon", "coordinates": [ [ [ 14.644785, 53.477421 ], [ 14.646724, 53.479742 ], [ 14.651063, 53.4799 ], [ 14.653462, 53.477738 ], [ 14.651522, 53.475417 ], [ 14.647184, 53.475259 ], [ 14.644785, 53.477421 ] ] ] } },
{ "type": "Feature", "properties": { "fid": 1008, "hex_id": 1007 }, "geometry": { "type": "Polygon", "coordinates": [ [ [ 14.645245, 53.472938 ], [ 14.647184, 53.475259 ], [ 14.651522, 53.475417 ], [ 14.653921, 53.473255 ], [ 14.651981, 53.470934 ], [ 14.647644, 53.470776 ], [ 14.645245, 53.472938 ] ] ] } },
{ "type": "Feature", "properties": { "fid": 1009, "hex_id": 1008 }, "geometry": { "type": "Polygon", "coordinates": [ [ [ 14.645705, 53.468456 ], [ 14.647644, 53.470776 ], [ 14.651981, 53.470934 ], [ 14.65438, 53.468772 ], [ 14.65244, 53.466452 ], [ 14.648103, 53.466293 ], [ 14.645705, 53.468456 ] ] ] } },
{ "type": "Feature", "properties": { "fid": 1010, "hex_id": 1009 }, "geometry": { "type": "Polygon", "coordinates": [ [ [ 14.646164, 53.463973 ], [ 14.648103, 53.466293 ], [ 14.65244, 53.466452 ], [ 14.654838, 53.464289 ], [ 14.652899, 53.461969 ], [ 14.648562, 53.461811 ], [ 14.646164, 53.463973 ] ] ] } },
{ "type": "Feature", "properties": { "fid": 1011, "hex_id": 1010 }, "geometry": { "type": "Polygon", "coordinates": [ [ [ 14.646624, 53.45949 ], [ 14.648562, 53.461811 ], [ 14.652899, 53.461969 ], [ 14.655297, 53.459806 ], [ 14.653358, 53.457486 ], [ 14.649022, 53.457328 ], [ 14.646624, 53.45949 ] ] ] } },
{ "type": "Feature", "properties": { "fid": 1012, "hex_id": 1011 }, "geometry": { "type": "Polygon", "coordinates": [ [ [ 14.647083, 53.455007 ], [ 14.649022, 53.457328 ], [ 14.653358, 53.457486 ], [ 14.655755, 53.455324 ], [ 14.653816, 53.453003 ], [ 14.649481, 53.452845 ], [ 14.647083, 53.455007 ] ] ] } },
{ "type": "Feature", "properties": { "fid": 1013, "hex_id": 1012 }, "geometry": { "type": "Polygon", "coordinates": [ [ [ 14.647542, 53.450525 ], [ 14.649481, 53.452845 ], [ 14.653816, 53.453003 ], [ 14.656214, 53.450841 ], [ 14.654275, 53.44852 ], [ 14.64994, 53.448362 ], [ 14.647542, 53.450525 ] ] ] } },
{ "type": "Feature", "properties": { "fid": 1014, "hex_id": 1013 }, "geometry": { "type": "Polygon", "coordinates": [ [ [ 14.648001, 53.446042 ], [ 14.64994, 53.448362 ], [ 14.654275, 53.44852 ], [ 14.656672, 53.446358 ], [ 14.654733, 53.444038 ], [ 14.650398, 53.44388 ], [ 14.648001, 53.446042 ] ] ] } },
{ "type": "Feature", "properties": { "fid": 1015, "hex_id": 1014 }, "geometry": { "type": "Polygon", "coordinates": [ [ [ 14.64846, 53.441559 ], [ 14.650398, 53.44388 ], [ 14.654733, 53.444038 ], [ 14.65713, 53.441875 ], [ 14.655192, 53.439555 ], [ 14.650857, 53.439397 ], [ 14.64846, 53.441559 ] ] ] } },
{ "type": "Feature", "properties": { "fid": 1016, "hex_id": 1015 }, "geometry": { "type": "Polygon", "coordinates": [ [ [ 14.648919, 53.437076 ], [ 14.650857, 53.439397 ], [ 14.655192, 53.439555 ], [ 14.657588, 53.437392 ], [ 14.65565, 53.435072 ], [ 14.651316, 53.434914 ], [ 14.648919, 53.437076 ] ] ] } },
{ "type": "Feature", "properties": { "fid": 1017, "hex_id": 1016 }, "geometry": { "type": "Polygon", "coordinates": [ [ [ 14.649378, 53.432594 ], [ 14.651316, 53.434914 ], [ 14.65565, 53.435072 ], [ 14.658046, 53.43291 ], [ 14.656108, 53.430589 ], [ 14.651774, 53.430431 ], [ 14.649378, 53.432594 ] ] ] } },
{ "type": "Feature", "properties": { "fid": 1018, "hex_id": 1017 }, "geometry": { "type": "Polygon", "coordinates": [ [ [ 14.649836, 53.428111 ], [ 14.651774, 53.430431 ], [ 14.656108, 53.430589 ], [ 14.658503, 53.428427 ], [ 14.656566, 53.426106 ], [ 14.652232, 53.425949 ], [ 14.649836, 53.428111 ] ] ] } },
{ "type": "Feature", "properties": { "fid": 1019, "hex_id": 1018 }, "geometry": { "type": "Polygon", "coordinates": [ [ [ 14.650295, 53.423628 ], [ 14.652232, 53.425949 ], [ 14.656566, 53.426106 ], [ 14.658961, 53.423944 ], [ 14.657023, 53.421624 ], [ 14.652691, 53.421466 ], [ 14.650295, 53.423628 ] ] ] } },
{ "type": "Feature", "properties": { "fid": 1020, "hex_id": 1019 }, "geometry": { "type": "Polygon", "coordinates": [ [ [ 14.650753, 53.419145 ], [ 14.652691, 53.421466 ], [ 14.657023, 53.421624 ], [ 14.659418, 53.419461 ], [ 14.657481, 53.417141 ], [ 14.653149, 53.416983 ], [ 14.650753, 53.419145 ] ] ] } },
{ "type": "Feature", "properties": { "fid": 1021, "hex_id": 1020 }, "geometry": { "type": "Polygon", "coordinates": [ [ [ 14.651212, 53.414663 ], [ 14.653149, 53.416983 ], [ 14.657481, 53.417141 ], [ 14.659876, 53.414978 ], [ 14.657938, 53.412658 ], [ 14.653607, 53.4125 ], [ 14.651212, 53.414663 ] ] ] } },
{ "type": "Feature", "properties": { "fid": 1022, "hex_id": 1021 }, "geometry": { "type": "Polygon", "coordinates": [ [ [ 14.65167, 53.41018 ], [ 14.653607, 53.4125 ], [ 14.657938, 53.412658 ], [ 14.660333, 53.410495 ], [ 14.658396, 53.408175 ], [ 14.654064, 53.408017 ], [ 14.65167, 53.41018 ] ] ] } },
{ "type": "Feature", "properties": { "fid": 1023, "hex_id": 1022 }, "geometry": { "type": "Polygon", "coordinates": [ [ [ 14.652128, 53.405697 ], [ 14.654064, 53.408017 ], [ 14.658396, 53.408175 ], [ 14.66079, 53.406013 ], [ 14.658853, 53.403692 ], [ 14.654522, 53.403534 ], [ 14.652128, 53.405697 ] ] ] } },
{ "type": "Feature", "properties": { "fid": 1024, "hex_id": 1023 }, "geometry": { "type": "Polygon", "coordinates": [ [ [ 14.652586, 53.401214 ], [ 14.654522, 53.403534 ], [ 14.658853, 53.403692 ], [ 14.661247, 53.40153 ], [ 14.65931, 53.399209 ], [ 14.65498, 53.399052 ], [ 14.652586, 53.401214 ] ] ] } },
{ "type": "Feature", "properties": { "fid": 1025, "hex_id": 1024 }, "geometry": { "type": "Polygon", "coordinates": [ [ [ 14.653043, 53.396731 ], [ 14.65498, 53.399052 ], [ 14.65931, 53.399209 ], [ 14.661704, 53.397047 ], [ 14.659767, 53.394727 ], [ 14.655437, 53.394569 ], [ 14.653043, 53.396731 ] ] ] } },
{ "type": "Feature", "properties": { "fid": 1026, "hex_id": 1025 }, "geometry": { "type": "Polygon", "coordinates": [ [ [ 14.653501, 53.392248 ], [ 14.655437, 53.394569 ], [ 14.659767, 53.394727 ], [ 14.66216, 53.392564 ], [ 14.660224, 53.390244 ], [ 14.655894, 53.390086 ], [ 14.653501, 53.392248 ] ] ] } },
{ "type": "Feature", "properties": { "fid": 1027, "hex_id": 1026 }, "geometry": { "type": "Polygon", "coordinates": [ [ [ 14.653958, 53.387766 ], [ 14.655894, 53.390086 ], [ 14.660224, 53.390244 ], [ 14.662617, 53.388081 ], [ 14.660681, 53.385761 ], [ 14.656352, 53.385603 ], [ 14.653958, 53.387766 ] ] ] } },
{ "type": "Feature", "properties": { "fid": 1028, "hex_id": 1027 }, "geometry": { "type": "Polygon", "coordinates": [ [ [ 14.654416, 53.383283 ], [ 14.656352, 53.385603 ], [ 14.660681, 53.385761 ], [ 14.663074, 53.383598 ], [ 14.661137, 53.381278 ], [ 14.656809, 53.38112 ], [ 14.654416, 53.383283 ] ] ] } },
{ "type": "Feature", "properties": { "fid": 1029, "hex_id": 1028 }, "geometry": { "type": "Polygon", "coordinates": [ [ [ 14.654873, 53.3788 ], [ 14.656809, 53.38112 ], [ 14.661137, 53.381278 ], [ 14.66353, 53.379115 ], [ 14.661594, 53.376795 ], [ 14.657266, 53.376637 ], [ 14.654873, 53.3788 ] ] ] } },
{ "type": "Feature", "properties": { "fid": 1030, "hex_id": 1029 }, "geometry": { "type": "Polygon", "coordinates": [ [ [ 14.65533, 53.374317 ], [ 14.657266, 53.376637 ], [ 14.661594, 53.376795 ], [ 14.663986, 53.374632 ], [ 14.66205, 53.372312 ], [ 14.657723, 53.372155 ], [ 14.65533, 53.374317 ] ] ] } },
{ "type": "Feature", "properties": { "fid": 1031, "hex_id": 1030 }, "geometry": { "type": "Polygon", "coordinates": [ [ [ 14.655787, 53.369834 ], [ 14.657723, 53.372155 ], [ 14.66205, 53.372312 ], [ 14.664442, 53.37015 ], [ 14.662507, 53.367829 ], [ 14.658179, 53.367672 ], [ 14.655787, 53.369834 ] ] ] } },
{ "type": "Feature", "properties": { "fid": 1032, "hex_id": 1031 }, "geometry": { "type": "Polygon", "coordinates": [ [ [ 14.656244, 53.365351 ], [ 14.658179, 53.367672 ], [ 14.662507, 53.367829 ], [ 14.664898, 53.365667 ], [ 14.662963, 53.363346 ], [ 14.658636, 53.363189 ], [ 14.656244, 53.365351 ] ] ] } },
{ "type": "Feature", "properties": { "fid": 1033, "hex_id": 1032 }, "geometry": { "type": "Polygon", "coordinates": [ [ [ 14.656701, 53.360869 ], [ 14.658636, 53.363189 ], [ 14.662963, 53.363346 ], [ 14.665354, 53.361184 ], [ 14.663419, 53.358864 ], [ 14.659092, 53.358706 ], [ 14.656701, 53.360869 ] ] ] } },
{ "type": "Feature", "properties": { "fid": 1034, "hex_id": 1033 }, "geometry": { "type": "Polygon", "coordinates": [ [ [ 14.657157, 53.356386 ], [ 14.659092, 53.358706 ], [ 14.663419, 53.358864 ], [ 14.66581, 53.356701 ], [ 14.663875, 53.354381 ], [ 14.659549, 53.354223 ], [ 14.657157, 53.356386 ] ] ] } },
{ "type": "Feature", "properties": { "fid": 1035, "hex_id": 1034 }, "geometry": { "type": "Polygon", "coordinates": [ [ [ 14.646003, 53.52921 ], [ 14.647945, 53.53153 ], [ 14.652289, 53.531689 ], [ 14.654691, 53.529526 ], [ 14.652749, 53.527206 ], [ 14.648405, 53.527048 ], [ 14.646003, 53.52921 ] ] ] } },
{ "type": "Feature", "properties": { "fid": 1036, "hex_id": 1035 }, "geometry": { "type": "Polygon", "coordinates": [ [ [ 14.646464, 53.524727 ], [ 14.648405, 53.527048 ], [ 14.652749, 53.527206 ], [ 14.655151, 53.525044 ], [ 14.653209, 53.522723 ], [ 14.648866, 53.522565 ], [ 14.646464, 53.524727 ] ] ] } },
{ "type": "Feature", "properties": { "fid": 1037, "hex_id": 1036 }, "geometry": { "type": "Polygon", "coordinates": [ [ [ 14.646924, 53.520244 ], [ 14.648866, 53.522565 ], [ 14.653209, 53.522723 ], [ 14.65561, 53.520561 ], [ 14.653668, 53.51824 ], [ 14.649326, 53.518082 ], [ 14.646924, 53.520244 ] ] ] } },
{ "type": "Feature", "properties": { "fid": 1038, "hex_id": 1037 }, "geometry": { "type": "Polygon", "coordinates": [ [ [ 14.647385, 53.515762 ], [ 14.649326, 53.518082 ], [ 14.653668, 53.51824 ], [ 14.656069, 53.516078 ], [ 14.654128, 53.513758 ], [ 14.649786, 53.513599 ], [ 14.647385, 53.515762 ] ] ] } },
{ "type": "Feature", "properties": { "fid": 1039, "hex_id": 1038 }, "geometry": { "type": "Polygon", "coordinates": [ [ [ 14.647845, 53.511279 ], [ 14.649786, 53.513599 ], [ 14.654128, 53.513758 ], [ 14.656529, 53.511595 ], [ 14.654588, 53.509275 ], [ 14.650246, 53.509117 ], [ 14.647845, 53.511279 ] ] ] } },
{ "type": "Feature", "properties": { "fid": 1040, "hex_id": 1039 }, "geometry": { "type": "Polygon", "coordinates": [ [ [ 14.648305, 53.506796 ], [ 14.650246, 53.509117 ], [ 14.654588, 53.509275 ], [ 14.656988, 53.507113 ], [ 14.655047, 53.504792 ], [ 14.650706, 53.504634 ], [ 14.648305, 53.506796 ] ] ] } },
{ "type": "Feature", "properties": { "fid": 1041, "hex_id": 1040 }, "geometry": { "type": "Polygon", "coordinates": [ [ [ 14.648765, 53.502314 ], [ 14.650706, 53.504634 ], [ 14.655047, 53.504792 ], [ 14.657447, 53.50263 ], [ 14.655506, 53.500309 ], [ 14.651165, 53.500151 ], [ 14.648765, 53.502314 ] ] ] } },
{ "type": "Feature", "properties": { "fid": 1042, "hex_id": 1041 }, "geometry": { "type": "Polygon", "coordinates": [ [ [ 14.649225, 53.497831 ], [ 14.651165, 53.500151 ], [ 14.655506, 53.500309 ], [ 14.657906, 53.498147 ], [ 14.655965, 53.495827 ], [ 14.651625, 53.495669 ], [ 14.649225, 53.497831 ] ] ] } },
{ "type": "Feature", "properties": { "fid": 1043, "hex_id": 1042 }, "geometry": { "type": "Polygon", "coordinates": [ [ [ 14.649685, 53.493348 ], [ 14.651625, 53.495669 ], [ 14.655965, 53.495827 ], [ 14.658365, 53.493664 ], [ 14.656424, 53.491344 ], [ 14.652084, 53.491186 ], [ 14.649685, 53.493348 ] ] ] } },
{ "type": "Feature", "properties": { "fid": 1044, "hex_id": 1043 }, "geometry": { "type": "Polygon", "coordinates": [ [ [ 14.650144, 53.488865 ], [ 14.652084, 53.491186 ], [ 14.656424, 53.491344 ], [ 14.658823, 53.489181 ], [ 14.656883, 53.486861 ], [ 14.652544, 53.486703 ], [ 14.650144, 53.488865 ] ] ] } },
{ "type": "Feature", "properties": { "fid": 1045, "hex_id": 1044 }, "geometry": { "type": "Polygon", "coordinates": [ [ [ 14.650604, 53.484383 ], [ 14.652544, 53.486703 ], [ 14.656883, 53.486861 ], [ 14.659282, 53.484699 ], [ 14.657342, 53.482378 ], [ 14.653003, 53.48222 ], [ 14.650604, 53.484383 ] ] ] } },
{ "type": "Feature", "properties": { "fid": 1046, "hex_id": 1045 }, "geometry": { "type": "Polygon", "coordinates": [ [ [ 14.651063, 53.4799 ], [ 14.653003, 53.48222 ], [ 14.657342, 53.482378 ], [ 14.65974, 53.480216 ], [ 14.6578, 53.477896 ], [ 14.653462, 53.477738 ], [ 14.651063, 53.4799 ] ] ] } },
{ "type": "Feature", "properties": { "fid": 1047, "hex_id": 1046 }, "geometry": { "type": "Polygon", "coordinates": [ [ [ 14.651522, 53.475417 ], [ 14.653462, 53.477738 ], [ 14.6578, 53.477896 ], [ 14.660199, 53.475733 ], [ 14.658259, 53.473413 ], [ 14.653921, 53.473255 ], [ 14.651522, 53.475417 ] ] ] } },
{ "type": "Feature", "properties": { "fid": 1048, "hex_id": 1047 }, "geometry": { "type": "Polygon", "coordinates": [ [ [ 14.651981, 53.470934 ], [ 14.653921, 53.473255 ], [ 14.658259, 53.473413 ], [ 14.660657, 53.47125 ], [ 14.658717, 53.46893 ], [ 14.65438, 53.468772 ], [ 14.651981, 53.470934 ] ] ] } },
{ "type": "Feature", "properties": { "fid": 1049, "hex_id": 1048 }, "geometry": { "type": "Polygon", "coordinates": [ [ [ 14.65244, 53.466452 ], [ 14.65438, 53.468772 ], [ 14.658717, 53.46893 ], [ 14.661115, 53.466767 ], [ 14.659175, 53.464447 ], [ 14.654838, 53.464289 ], [ 14.65244, 53.466452 ] ] ] } },
{ "type": "Feature", "properties": { "fid": 1050, "hex_id": 1049 }, "geometry": { "type": "Polygon", "coordinates": [ [ [ 14.652899, 53.461969 ], [ 14.654838, 53.464289 ], [ 14.659175, 53.464447 ], [ 14.661573, 53.462285 ], [ 14.659633, 53.459964 ], [ 14.655297, 53.459806 ], [ 14.652899, 53.461969 ] ] ] } },
{ "type": "Feature", "properties": { "fid": 1051, "hex_id": 1050 }, "geometry": { "type": "Polygon", "coordinates": [ [ [ 14.653358, 53.457486 ], [ 14.655297, 53.459806 ], [ 14.659633, 53.459964 ], [ 14.662031, 53.457802 ], [ 14.660091, 53.455482 ], [ 14.655755, 53.455324 ], [ 14.653358, 53.457486 ] ] ] } },
{ "type": "Feature", "properties": { "fid": 1052, "hex_id": 1051 }, "geometry": { "type": "Polygon", "coordinates": [ [ [ 14.653816, 53.453003 ], [ 14.655755, 53.455324 ], [ 14.660091, 53.455482 ], [ 14.662488, 53.453319 ], [ 14.660549, 53.450999 ], [ 14.656214, 53.450841 ], [ 14.653816, 53.453003 ] ] ] } },
{ "type": "Feature", "properties": { "fid": 1053, "hex_id": 1052 }, "geometry": { "type": "Polygon", "coordinates": [ [ [ 14.654275, 53.44852 ], [ 14.656214, 53.450841 ], [ 14.660549, 53.450999 ], [ 14.662946, 53.448836 ], [ 14.661007, 53.446516 ], [ 14.656672, 53.446358 ], [ 14.654275, 53.44852 ] ] ] } },
{ "type": "Feature", "properties": { "fid": 1054, "hex_id": 1053 }, "geometry": { "type": "Polygon", "coordinates": [ [ [ 14.654733, 53.444038 ], [ 14.656672, 53.446358 ], [ 14.661007, 53.446516 ], [ 14.663403, 53.444353 ], [ 14.661465, 53.442033 ], [ 14.65713, 53.441875 ], [ 14.654733, 53.444038 ] ] ] } },
{ "type": "Feature", "properties": { "fid": 1055, "hex_id": 1054 }, "geometry": { "type": "Polygon", "coordinates": [ [ [ 14.655192, 53.439555 ], [ 14.65713, 53.441875 ], [ 14.661465, 53.442033 ], [ 14.663861, 53.43987 ], [ 14.661922, 53.43755 ], [ 14.657588, 53.437392 ], [ 14.655192, 53.439555 ] ] ] } },
{ "type": "Feature", "properties": { "fid": 1056, "hex_id": 1055 }, "geometry": { "type": "Polygon", "coordinates": [ [ [ 14.65565, 53.435072 ], [ 14.657588, 53.437392 ], [ 14.661922, 53.43755 ], [ 14.664318, 53.435388 ], [ 14.66238, 53.433067 ], [ 14.658046, 53.43291 ], [ 14.65565, 53.435072 ] ] ] } },
{ "type": "Feature", "properties": { "fid": 1057, "hex_id": 1056 }, "geometry": { "type": "Polygon", "coordinates": [ [ [ 14.656108, 53.430589 ], [ 14.658046, 53.43291 ], [ 14.66238, 53.433067 ], [ 14.664775, 53.430905 ], [ 14.662837, 53.428585 ], [ 14.658503, 53.428427 ], [ 14.656108, 53.430589 ] ] ] } },
{ "type": "Feature", "properties": { "fid": 1058, "hex_id": 1057 }, "geometry": { "type": "Polygon", "coordinates": [ [ [ 14.656566, 53.426106 ], [ 14.658503, 53.428427 ], [ 14.662837, 53.428585 ], [ 14.665232, 53.426422 ], [ 14.663294, 53.424102 ], [ 14.658961, 53.423944 ], [ 14.656566, 53.426106 ] ] ] } },
{ "type": "Feature", "properties": { "fid": 1059, "hex_id": 1058 }, "geometry": { "type": "Polygon", "coordinates": [ [ [ 14.657023, 53.421624 ], [ 14.658961, 53.423944 ], [ 14.663294, 53.424102 ], [ 14.665689, 53.421939 ], [ 14.663751, 53.419619 ], [ 14.659418, 53.419461 ], [ 14.657023, 53.421624 ] ] ] } },
{ "type": "Feature", "properties": { "fid": 1060, "hex_id": 1059 }, "geometry": { "type": "Polygon", "coordinates": [ [ [ 14.657481, 53.417141 ], [ 14.659418, 53.419461 ], [ 14.663751, 53.419619 ], [ 14.666146, 53.417456 ], [ 14.664208, 53.415136 ], [ 14.659876, 53.414978 ], [ 14.657481, 53.417141 ] ] ] } },
{ "type": "Feature", "properties": { "fid": 1061, "hex_id": 1060 }, "geometry": { "type": "Polygon", "coordinates": [ [ [ 14.657938, 53.412658 ], [ 14.659876, 53.414978 ], [ 14.664208, 53.415136 ], [ 14.666602, 53.412973 ], [ 14.664665, 53.410653 ], [ 14.660333, 53.410495 ], [ 14.657938, 53.412658 ] ] ] } },
{ "type": "Feature", "properties": { "fid": 1062, "hex_id": 1061 }, "geometry": { "type": "Polygon", "coordinates": [ [ [ 14.658396, 53.408175 ], [ 14.660333, 53.410495 ], [ 14.664665, 53.410653 ], [ 14.667059, 53.40849 ], [ 14.665121, 53.40617 ], [ 14.66079, 53.406013 ], [ 14.658396, 53.408175 ] ] ] } },
{ "type": "Feature", "properties": { "fid": 1063, "hex_id": 1062 }, "geometry": { "type": "Polygon", "coordinates": [ [ [ 14.658853, 53.403692 ], [ 14.66079, 53.406013 ], [ 14.665121, 53.40617 ], [ 14.667515, 53.404007 ], [ 14.665578, 53.401687 ], [ 14.661247, 53.40153 ], [ 14.658853, 53.403692 ] ] ] } },
{ "type": "Feature", "properties": { "fid": 1064, "hex_id": 1063 }, "geometry": { "type": "Polygon", "coordinates": [ [ [ 14.65931, 53.399209 ], [ 14.661247, 53.40153 ], [ 14.665578, 53.401687 ], [ 14.667971, 53.399525 ], [ 14.666034, 53.397204 ], [ 14.661704, 53.397047 ], [ 14.65931, 53.399209 ] ] ] } },
{ "type": "Feature", "properties": { "fid": 1065, "hex_id": 1064 }, "geometry": { "type": "Polygon", "coordinates": [ [ [ 14.659767, 53.394727 ], [ 14.661704, 53.397047 ], [ 14.666034, 53.397204 ], [ 14.668427, 53.395042 ], [ 14.66649, 53.392722 ], [ 14.66216, 53.392564 ], [ 14.659767, 53.394727 ] ] ] } },
{ "type": "Feature", "properties": { "fid": 1066, "hex_id": 1065 }, "geometry": { "type": "Polygon", "coordinates": [ [ [ 14.660224, 53.390244 ], [ 14.66216, 53.392564 ], [ 14.66649, 53.392722 ], [ 14.668883, 53.390559 ], [ 14.666946, 53.388239 ], [ 14.662617, 53.388081 ], [ 14.660224, 53.390244 ] ] ] } },
{ "type": "Feature", "properties": { "fid": 1067, "hex_id": 1066 }, "geometry": { "type": "Polygon", "coordinates": [ [ [ 14.660681, 53.385761 ], [ 14.662617, 53.388081 ], [ 14.666946, 53.388239 ], [ 14.669339, 53.386076 ], [ 14.667403, 53.383756 ], [ 14.663074, 53.383598 ], [ 14.660681, 53.385761 ] ] ] } },
{ "type": "Feature", "properties": { "fid": 1068, "hex_id": 1067 }, "geometry": { "type": "Polygon", "coordinates": [ [ [ 14.661137, 53.381278 ], [ 14.663074, 53.383598 ], [ 14.667403, 53.383756 ], [ 14.669795, 53.381593 ], [ 14.667858, 53.379273 ], [ 14.66353, 53.379115 ], [ 14.661137, 53.381278 ] ] ] } },
{ "type": "Feature", "properties": { "fid": 1069, "hex_id": 1068 }, "geometry": { "type": "Polygon", "coordinates": [ [ [ 14.661594, 53.376795 ], [ 14.66353, 53.379115 ], [ 14.667858, 53.379273 ], [ 14.67025, 53.37711 ], [ 14.668314, 53.37479 ], [ 14.663986, 53.374632 ], [ 14.661594, 53.376795 ] ] ] } },
{ "type": "Feature", "properties": { "fid": 1070, "hex_id": 1069 }, "geometry": { "type": "Polygon", "coordinates": [ [ [ 14.66205, 53.372312 ], [ 14.663986, 53.374632 ], [ 14.668314, 53.37479 ], [ 14.670706, 53.372627 ], [ 14.66877, 53.370307 ], [ 14.664442, 53.37015 ], [ 14.66205, 53.372312 ] ] ] } },
{ "type": "Feature", "properties": { "fid": 1071, "hex_id": 1070 }, "geometry": { "type": "Polygon", "coordinates": [ [ [ 14.662507, 53.367829 ], [ 14.664442, 53.37015 ], [ 14.66877, 53.370307 ], [ 14.671161, 53.368144 ], [ 14.669225, 53.365824 ], [ 14.664898, 53.365667 ], [ 14.662507, 53.367829 ] ] ] } },
{ "type": "Feature", "properties": { "fid": 1072, "hex_id": 1071 }, "geometry": { "type": "Polygon", "coordinates": [ [ [ 14.662963, 53.363346 ], [ 14.664898, 53.365667 ], [ 14.669225, 53.365824 ], [ 14.671617, 53.363661 ], [ 14.669681, 53.361341 ], [ 14.665354, 53.361184 ], [ 14.662963, 53.363346 ] ] ] } },
{ "type": "Feature", "properties": { "fid": 1073, "hex_id": 1072 }, "geometry": { "type": "Polygon", "coordinates": [ [ [ 14.663419, 53.358864 ], [ 14.665354, 53.361184 ], [ 14.669681, 53.361341 ], [ 14.672072, 53.359178 ], [ 14.670136, 53.356858 ], [ 14.66581, 53.356701 ], [ 14.663419, 53.358864 ] ] ] } },
{ "type": "Feature", "properties": { "fid": 1074, "hex_id": 1073 }, "geometry": { "type": "Polygon", "coordinates": [ [ [ 14.663875, 53.354381 ], [ 14.66581, 53.356701 ], [ 14.670136, 53.356858 ], [ 14.672527, 53.354695 ], [ 14.670591, 53.352375 ], [ 14.666265, 53.352218 ], [ 14.663875, 53.354381 ] ] ] } },
{ "type": "Feature", "properties": { "fid": 1075, "hex_id": 1074 }, "geometry": { "type": "Polygon", "coordinates": [ [ [ 14.651829, 53.536171 ], [ 14.653771, 53.538492 ], [ 14.658116, 53.53865 ], [ 14.660518, 53.536487 ], [ 14.658575, 53.534167 ], [ 14.654231, 53.534009 ], [ 14.651829, 53.536171 ] ] ] } },
{ "type": "Feature", "properties": { "fid": 1076, "hex_id": 1075 }, "geometry": { "type": "Polygon", "coordinates": [ [ [ 14.652289, 53.531689 ], [ 14.654231, 53.534009 ], [ 14.658575, 53.534167 ], [ 14.660977, 53.532005 ], [ 14.659035, 53.529684 ], [ 14.654691, 53.529526 ], [ 14.652289, 53.531689 ] ] ] } },
{ "type": "Feature", "properties": { "fid": 1077, "hex_id": 1076 }, "geometry": { "type": "Polygon", "coordinates": [ [ [ 14.652749, 53.527206 ], [ 14.654691, 53.529526 ], [ 14.659035, 53.529684 ], [ 14.661436, 53.527522 ], [ 14.659494, 53.525202 ], [ 14.655151, 53.525044 ], [ 14.652749, 53.527206 ] ] ] } },
{ "type": "Feature", "properties": { "fid": 1078, "hex_id": 1077 }, "geometry": { "type": "Polygon", "coordinates": [ [ [ 14.653209, 53.522723 ], [ 14.655151, 53.525044 ], [ 14.659494, 53.525202 ], [ 14.661895, 53.523039 ], [ 14.659953, 53.520719 ], [ 14.65561, 53.520561 ], [ 14.653209, 53.522723 ] ] ] } },
{ "type": "Feature", "properties": { "fid": 1079, "hex_id": 1078 }, "geometry": { "type": "Polygon", "coordinates": [ [ [ 14.653668, 53.51824 ], [ 14.65561, 53.520561 ], [ 14.659953, 53.520719 ], [ 14.662354, 53.518556 ], [ 14.660412, 53.516236 ], [ 14.656069, 53.516078 ], [ 14.653668, 53.51824 ] ] ] } },
{ "type": "Feature", "properties": { "fid": 1080, "hex_id": 1079 }, "geometry": { "type": "Polygon", "coordinates": [ [ [ 14.654128, 53.513758 ], [ 14.656069, 53.516078 ], [ 14.660412, 53.516236 ], [ 14.662812, 53.514074 ], [ 14.660871, 53.511753 ], [ 14.656529, 53.511595 ], [ 14.654128, 53.513758 ] ] ] } },
{ "type": "Feature", "properties": { "fid": 1081, "hex_id": 1080 }, "geometry": { "type": "Polygon", "coordinates": [ [ [ 14.654588, 53.509275 ], [ 14.656529, 53.511595 ], [ 14.660871, 53.511753 ], [ 14.663271, 53.509591 ], [ 14.661329, 53.507271 ], [ 14.656988, 53.507113 ], [ 14.654588, 53.509275 ] ] ] } },
{ "type": "Feature", "properties": { "fid": 1082, "hex_id": 1081 }, "geometry": { "type": "Polygon", "coordinates": [ [ [ 14.655047, 53.504792 ], [ 14.656988, 53.507113 ], [ 14.661329, 53.507271 ], [ 14.663729, 53.505108 ], [ 14.661788, 53.502788 ], [ 14.657447, 53.50263 ], [ 14.655047, 53.504792 ] ] ] } },
{ "type": "Feature", "properties": { "fid": 1083, "hex_id": 1082 }, "geometry": { "type": "Polygon", "coordinates": [ [ [ 14.655506, 53.500309 ], [ 14.657447, 53.50263 ], [ 14.661788, 53.502788 ], [ 14.664188, 53.500625 ], [ 14.662246, 53.498305 ], [ 14.657906, 53.498147 ], [ 14.655506, 53.500309 ] ] ] } },
{ "type": "Feature", "properties": { "fid": 1084, "hex_id": 1083 }, "geometry": { "type": "Polygon", "coordinates": [ [ [ 14.655965, 53.495827 ], [ 14.657906, 53.498147 ], [ 14.662246, 53.498305 ], [ 14.664646, 53.496142 ], [ 14.662705, 53.493822 ], [ 14.658365, 53.493664 ], [ 14.655965, 53.495827 ] ] ] } },
{ "type": "Feature", "properties": { "fid": 1085, "hex_id": 1084 }, "geometry": { "type": "Polygon", "coordinates": [ [ [ 14.656424, 53.491344 ], [ 14.658365, 53.493664 ], [ 14.662705, 53.493822 ], [ 14.665104, 53.49166 ], [ 14.663163, 53.489339 ], [ 14.658823, 53.489181 ], [ 14.656424, 53.491344 ] ] ] } },
{ "type": "Feature", "properties": { "fid": 1086, "hex_id": 1085 }, "geometry": { "type": "Polygon", "coordinates": [ [ [ 14.656883, 53.486861 ], [ 14.658823, 53.489181 ], [ 14.663163, 53.489339 ], [ 14.665562, 53.487177 ], [ 14.663621, 53.484857 ], [ 14.659282, 53.484699 ], [ 14.656883, 53.486861 ] ] ] } },
{ "type": "Feature", "properties": { "fid": 1087, "hex_id": 1086 }, "geometry": { "type": "Polygon", "coordinates": [ [ [ 14.657342, 53.482378 ], [ 14.659282, 53.484699 ], [ 14.663621, 53.484857 ], [ 14.66602, 53.482694 ], [ 14.664079, 53.480374 ], [ 14.65974, 53.480216 ], [ 14.657342, 53.482378 ] ] ] } },
{ "type": "Feature", "properties": { "fid": 1088, "hex_id": 1087 }, "geometry": { "type": "Polygon", "coordinates": [ [ [ 14.6578, 53.477896 ], [ 14.65974, 53.480216 ], [ 14.664079, 53.480374 ], [ 14.666477, 53.478211 ], [ 14.664537, 53.475891 ], [ 14.660199, 53.475733 ], [ 14.6578, 53.477896 ] ] ] } },
{ "type": "Feature", "properties": { "fid": 1089, "hex_id": 1088 }, "geometry": { "type": "Polygon", "coordinates": [ [ [ 14.658259, 53.473413 ], [ 14.660199, 53.475733 ], [ 14.664537, 53.475891 ], [ 14.666935, 53.473728 ], [ 14.664995, 53.471408 ], [ 14.660657, 53.47125 ], [ 14.658259, 53.473413 ] ] ] } },
{ "type": "Feature", "properties": { "fid": 1090, "hex_id": 1089 }, "geometry": { "type": "Polygon", "coordinates": [ [ [ 14.658717, 53.46893 ], [ 14.660657, 53.47125 ], [ 14.664995, 53.471408 ], [ 14.667392, 53.469245 ], [ 14.665452, 53.466925 ], [ 14.661115, 53.466767 ], [ 14.658717, 53.46893 ] ] ] } },
{ "type": "Feature", "properties": { "fid": 1091, "hex_id": 1090 }, "geometry": { "type": "Polygon", "coordinates": [ [ [ 14.659175, 53.464447 ], [ 14.661115, 53.466767 ], [ 14.665452, 53.466925 ], [ 14.66785, 53.464763 ], [ 14.66591, 53.462442 ], [ 14.661573, 53.462285 ], [ 14.659175, 53.464447 ] ] ] } },
{ "type": "Feature", "properties": { "fid": 1092, "hex_id": 1091 }, "geometry": { "type": "Polygon", "coordinates": [ [ [ 14.659633, 53.459964 ], [ 14.661573, 53.462285 ], [ 14.66591, 53.462442 ], [ 14.668307, 53.46028 ], [ 14.666367, 53.457959 ], [ 14.662031, 53.457802 ], [ 14.659633, 53.459964 ] ] ] } },
{ "type": "Feature", "properties": { "fid": 1093, "hex_id": 1092 }, "geometry": { "type": "Polygon", "coordinates": [ [ [ 14.660091, 53.455482 ], [ 14.662031, 53.457802 ], [ 14.666367, 53.457959 ], [ 14.668764, 53.455797 ], [ 14.666824, 53.453477 ], [ 14.662488, 53.453319 ], [ 14.660091, 53.455482 ] ] ] } },
{ "type": "Feature", "properties": { "fid": 1094, "hex_id": 1093 }, "geometry": { "type": "Polygon", "coordinates": [ [ [ 14.660549, 53.450999 ], [ 14.662488, 53.453319 ], [ 14.666824, 53.453477 ], [ 14.669221, 53.451314 ], [ 14.667282, 53.448994 ], [ 14.662946, 53.448836 ], [ 14.660549, 53.450999 ] ] ] } },
{ "type": "Feature", "properties": { "fid": 1095, "hex_id": 1094 }, "geometry": { "type": "Polygon", "coordinates": [ [ [ 14.661007, 53.446516 ], [ 14.662946, 53.448836 ], [ 14.667282, 53.448994 ], [ 14.669678, 53.446831 ], [ 14.667739, 53.444511 ], [ 14.663403, 53.444353 ], [ 14.661007, 53.446516 ] ] ] } },
{ "type": "Feature", "properties": { "fid": 1096, "hex_id": 1095 }, "geometry": { "type": "Polygon", "coordinates": [ [ [ 14.661465, 53.442033 ], [ 14.663403, 53.444353 ], [ 14.667739, 53.444511 ], [ 14.670134, 53.442348 ], [ 14.668195, 53.440028 ], [ 14.663861, 53.43987 ], [ 14.661465, 53.442033 ] ] ] } },
{ "type": "Feature", "properties": { "fid": 1097, "hex_id": 1096 }, "geometry": { "type": "Polygon", "coordinates": [ [ [ 14.661922, 53.43755 ], [ 14.663861, 53.43987 ], [ 14.668195, 53.440028 ], [ 14.670591, 53.437865 ], [ 14.668652, 53.435545 ], [ 14.664318, 53.435388 ], [ 14.661922, 53.43755 ] ] ] } },
{ "type": "Feature", "properties": { "fid": 1098, "hex_id": 1097 }, "geometry": { "type": "Polygon", "coordinates": [ [ [ 14.66238, 53.433067 ], [ 14.664318, 53.435388 ], [ 14.668652, 53.435545 ], [ 14.671048, 53.433382 ], [ 14.669109, 53.431062 ], [ 14.664775, 53.430905 ], [ 14.66238, 53.433067 ] ] ] } },
{ "type": "Feature", "properties": { "fid": 1099, "hex_id": 1098 }, "geometry": { "type": "Polygon", "coordinates": [ [ [ 14.662837, 53.428585 ], [ 14.664775, 53.430905 ], [ 14.669109, 53.431062 ], [ 14.671504, 53.4289 ], [ 14.669565, 53.426579 ], [ 14.665232, 53.426422 ], [ 14.662837, 53.428585 ] ] ] } },
{ "type": "Feature", "properties": { "fid": 1100, "hex_id": 1099 }, "geometry": { "type": "Polygon", "coordinates": [ [ [ 14.663294, 53.424102 ], [ 14.665232, 53.426422 ], [ 14.669565, 53.426579 ], [ 14.67196, 53.424417 ], [ 14.670022, 53.422096 ], [ 14.665689, 53.421939 ], [ 14.663294, 53.424102 ] ] ] } },
{ "type": "Feature", "properties": { "fid": 1101, "hex_id": 1100 }, "geometry": { "type": "Polygon", "coordinates": [ [ [ 14.663751, 53.419619 ], [ 14.665689, 53.421939 ], [ 14.670022, 53.422096 ], [ 14.672416, 53.419934 ], [ 14.670478, 53.417614 ], [ 14.666146, 53.417456 ], [ 14.663751, 53.419619 ] ] ] } },
{ "type": "Feature", "properties": { "fid": 1102, "hex_id": 1101 }, "geometry": { "type": "Polygon", "coordinates": [ [ [ 14.664208, 53.415136 ], [ 14.666146, 53.417456 ], [ 14.670478, 53.417614 ], [ 14.672872, 53.415451 ], [ 14.670934, 53.413131 ], [ 14.666602, 53.412973 ], [ 14.664208, 53.415136 ] ] ] } },
{ "type": "Feature", "properties": { "fid": 1103, "hex_id": 1102 }, "geometry": { "type": "Polygon", "coordinates": [ [ [ 14.664665, 53.410653 ], [ 14.666602, 53.412973 ], [ 14.670934, 53.413131 ], [ 14.673328, 53.410968 ], [ 14.67139, 53.408648 ], [ 14.667059, 53.40849 ], [ 14.664665, 53.410653 ] ] ] } },
{ "type": "Feature", "properties": { "fid": 1104, "hex_id": 1103 }, "geometry": { "type": "Polygon", "coordinates": [ [ [ 14.665121, 53.40617 ], [ 14.667059, 53.40849 ], [ 14.67139, 53.408648 ], [ 14.673784, 53.406485 ], [ 14.671846, 53.404165 ], [ 14.667515, 53.404007 ], [ 14.665121, 53.40617 ] ] ] } },
{ "type": "Feature", "properties": { "fid": 1105, "hex_id": 1104 }, "geometry": { "type": "Polygon", "coordinates": [ [ [ 14.665578, 53.401687 ], [ 14.667515, 53.404007 ], [ 14.671846, 53.404165 ], [ 14.674239, 53.402002 ], [ 14.672302, 53.399682 ], [ 14.667971, 53.399525 ], [ 14.665578, 53.401687 ] ] ] } },
{ "type": "Feature", "properties": { "fid": 1106, "hex_id": 1105 }, "geometry": { "type": "Polygon", "coordinates": [ [ [ 14.666034, 53.397204 ], [ 14.667971, 53.399525 ], [ 14.672302, 53.399682 ], [ 14.674695, 53.397519 ], [ 14.672757, 53.395199 ], [ 14.668427, 53.395042 ], [ 14.666034, 53.397204 ] ] ] } },
{ "type": "Feature", "properties": { "fid": 1107, "hex_id": 1106 }, "geometry": { "type": "Polygon", "coordinates": [ [ [ 14.66649, 53.392722 ], [ 14.668427, 53.395042 ], [ 14.672757, 53.395199 ], [ 14.67515, 53.393036 ], [ 14.673213, 53.390716 ], [ 14.668883, 53.390559 ], [ 14.66649, 53.392722 ] ] ] } },
{ "type": "Feature", "properties": { "fid": 1108, "hex_id": 1107 }, "geometry": { "type": "Polygon", "coordinates": [ [ [ 14.666946, 53.388239 ], [ 14.668883, 53.390559 ], [ 14.673213, 53.390716 ], [ 14.675605, 53.388553 ], [ 14.673668, 53.386233 ], [ 14.669339, 53.386076 ], [ 14.666946, 53.388239 ] ] ] } },
{ "type": "Feature", "properties": { "fid": 1109, "hex_id": 1108 }, "geometry": { "type": "Polygon", "coordinates": [ [ [ 14.667403, 53.383756 ], [ 14.669339, 53.386076 ], [ 14.673668, 53.386233 ], [ 14.676061, 53.38407 ], [ 14.674124, 53.38175 ], [ 14.669795, 53.381593 ], [ 14.667403, 53.383756 ] ] ] } },
{ "type": "Feature", "properties": { "fid": 1110, "hex_id": 1109 }, "geometry": { "type": "Polygon", "coordinates": [ [ [ 14.667858, 53.379273 ], [ 14.669795, 53.381593 ], [ 14.674124, 53.38175 ], [ 14.676516, 53.379587 ], [ 14.674579, 53.377267 ], [ 14.67025, 53.37711 ], [ 14.667858, 53.379273 ] ] ] } },
{ "type": "Feature", "properties": { "fid": 1111, "hex_id": 1110 }, "geometry": { "type": "Polygon", "coordinates": [ [ [ 14.668314, 53.37479 ], [ 14.67025, 53.37711 ], [ 14.674579, 53.377267 ], [ 14.67697, 53.375104 ], [ 14.675034, 53.372784 ], [ 14.670706, 53.372627 ], [ 14.668314, 53.37479 ] ] ] } },
{ "type": "Feature", "properties": { "fid": 1112, "hex_id": 1111 }, "geometry": { "type": "Polygon", "coordinates": [ [ [ 14.66877, 53.370307 ], [ 14.670706, 53.372627 ], [ 14.675034, 53.372784 ], [ 14.677425, 53.370621 ], [ 14.675489, 53.368301 ], [ 14.671161, 53.368144 ], [ 14.66877, 53.370307 ] ] ] } },
{ "type": "Feature", "properties": { "fid": 1113, "hex_id": 1112 }, "geometry": { "type": "Polygon", "coordinates": [ [ [ 14.669225, 53.365824 ], [ 14.671161, 53.368144 ], [ 14.675489, 53.368301 ], [ 14.67788, 53.366138 ], [ 14.675944, 53.363818 ], [ 14.671617, 53.363661 ], [ 14.669225, 53.365824 ] ] ] } },
{ "type": "Feature", "properties": { "fid": 1114, "hex_id": 1113 }, "geometry": { "type": "Polygon", "coordinates": [ [ [ 14.669681, 53.361341 ], [ 14.671617, 53.363661 ], [ 14.675944, 53.363818 ], [ 14.678334, 53.361655 ], [ 14.676398, 53.359335 ], [ 14.672072, 53.359178 ], [ 14.669681, 53.361341 ] ] ] } },
{ "type": "Feature", "properties": { "fid": 1115, "hex_id": 1114 }, "geometry": { "type": "Polygon", "coordinates": [ [ [ 14.670136, 53.356858 ], [ 14.672072, 53.359178 ], [ 14.676398, 53.359335 ], [ 14.678789, 53.357172 ], [ 14.676853, 53.354852 ], [ 14.672527, 53.354695 ], [ 14.670136, 53.356858 ] ] ] } },
{ "type": "Feature", "properties": { "fid": 1116, "hex_id": 1115 }, "geometry": { "type": "Polygon", "coordinates": [ [ [ 14.670591, 53.352375 ], [ 14.672527, 53.354695 ], [ 14.676853, 53.354852 ], [ 14.679243, 53.352689 ], [ 14.677307, 53.350369 ], [ 14.672982, 53.350212 ], [ 14.670591, 53.352375 ] ] ] } },
{ "type": "Feature", "properties": { "fid": 1117, "hex_id": 1116 }, "geometry": { "type": "Polygon", "coordinates": [ [ [ 14.658575, 53.534167 ], [ 14.660518, 53.536487 ], [ 14.664862, 53.536645 ], [ 14.667264, 53.534483 ], [ 14.665321, 53.532163 ], [ 14.660977, 53.532005 ], [ 14.658575, 53.534167 ] ] ] } },
{ "type": "Feature", "properties": { "fid": 1118, "hex_id": 1117 }, "geometry": { "type": "Polygon", "coordinates": [ [ [ 14.659035, 53.529684 ], [ 14.660977, 53.532005 ], [ 14.665321, 53.532163 ], [ 14.667722, 53.53 ], [ 14.66578, 53.52768 ], [ 14.661436, 53.527522 ], [ 14.659035, 53.529684 ] ] ] } },
{ "type": "Feature", "properties": { "fid": 1119, "hex_id": 1118 }, "geometry": { "type": "Polygon", "coordinates": [ [ [ 14.659494, 53.525202 ], [ 14.661436, 53.527522 ], [ 14.66578, 53.52768 ], [ 14.668181, 53.525517 ], [ 14.666238, 53.523197 ], [ 14.661895, 53.523039 ], [ 14.659494, 53.525202 ] ] ] } },
{ "type": "Feature", "properties": { "fid": 1120, "hex_id": 1119 }, "geometry": { "type": "Polygon", "coordinates": [ [ [ 14.659953, 53.520719 ], [ 14.661895, 53.523039 ], [ 14.666238, 53.523197 ], [ 14.668639, 53.521034 ], [ 14.666696, 53.518714 ], [ 14.662354, 53.518556 ], [ 14.659953, 53.520719 ] ] ] } },
{ "type": "Feature", "properties": { "fid": 1121, "hex_id": 1120 }, "geometry": { "type": "Polygon", "coordinates": [ [ [ 14.660412, 53.516236 ], [ 14.662354, 53.518556 ], [ 14.666696, 53.518714 ], [ 14.669097, 53.516552 ], [ 14.667155, 53.514231 ], [ 14.662812, 53.514074 ], [ 14.660412, 53.516236 ] ] ] } },
{ "type": "Feature", "properties": { "fid": 1122, "hex_id": 1121 }, "geometry": { "type": "Polygon", "coordinates": [ [ [ 14.660871, 53.511753 ], [ 14.662812, 53.514074 ], [ 14.667155, 53.514231 ], [ 14.669555, 53.512069 ], [ 14.667613, 53.509749 ], [ 14.663271, 53.509591 ], [ 14.660871, 53.511753 ] ] ] } },
{ "type": "Feature", "properties": { "fid": 1123, "hex_id": 1122 }, "geometry": { "type": "Polygon", "coordinates": [ [ [ 14.661329, 53.507271 ], [ 14.663271, 53.509591 ], [ 14.667613, 53.509749 ], [ 14.670013, 53.507586 ], [ 14.668071, 53.505266 ], [ 14.663729, 53.505108 ], [ 14.661329, 53.507271 ] ] ] } },
{ "type": "Feature", "properties": { "fid": 1124, "hex_id": 1123 }, "geometry": { "type": "Polygon", "coordinates": [ [ [ 14.661788, 53.502788 ], [ 14.663729, 53.505108 ], [ 14.668071, 53.505266 ], [ 14.67047, 53.503103 ], [ 14.668529, 53.500783 ], [ 14.664188, 53.500625 ], [ 14.661788, 53.502788 ] ] ] } },
{ "type": "Feature", "properties": { "fid": 1125, "hex_id": 1124 }, "geometry": { "type": "Polygon", "coordinates": [ [ [ 14.662246, 53.498305 ], [ 14.664188, 53.500625 ], [ 14.668529, 53.500783 ], [ 14.670928, 53.49862 ], [ 14.668986, 53.4963 ], [ 14.664646, 53.496142 ], [ 14.662246, 53.498305 ] ] ] } },
{ "type": "Feature", "properties": { "fid": 1126, "hex_id": 1125 }, "geometry": { "type": "Polygon", "coordinates": [ [ [ 14.662705, 53.493822 ], [ 14.664646, 53.496142 ], [ 14.668986, 53.4963 ], [ 14.671385, 53.494137 ], [ 14.669444, 53.491817 ], [ 14.665104, 53.49166 ], [ 14.662705, 53.493822 ] ] ] } },
{ "type": "Feature", "properties": { "fid": 1127, "hex_id": 1126 }, "geometry": { "type": "Polygon", "coordinates": [ [ [ 14.663163, 53.489339 ], [ 14.665104, 53.49166 ], [ 14.669444, 53.491817 ], [ 14.671843, 53.489655 ], [ 14.669901, 53.487334 ], [ 14.665562, 53.487177 ], [ 14.663163, 53.489339 ] ] ] } },
{ "type": "Feature", "properties": { "fid": 1128, "hex_id": 1127 }, "geometry": { "type": "Polygon", "coordinates": [ [ [ 14.663621, 53.484857 ], [ 14.665562, 53.487177 ], [ 14.669901, 53.487334 ], [ 14.6723, 53.485172 ], [ 14.670359, 53.482851 ], [ 14.66602, 53.482694 ], [ 14.663621, 53.484857 ] ] ] } },
{ "type": "Feature", "properties": { "fid": 1129, "hex_id": 1128 }, "geometry": { "type": "Polygon", "coordinates": [ [ [ 14.664079, 53.480374 ], [ 14.66602, 53.482694 ], [ 14.670359, 53.482851 ], [ 14.672757, 53.480689 ], [ 14.670816, 53.478369 ], [ 14.666477, 53.478211 ], [ 14.664079, 53.480374 ] ] ] } },
{ "type": "Feature", "properties": { "fid": 1130, "hex_id": 1129 }, "geometry": { "type": "Polygon", "coordinates": [ [ [ 14.664537, 53.475891 ], [ 14.666477, 53.478211 ], [ 14.670816, 53.478369 ], [ 14.673214, 53.476206 ], [ 14.671273, 53.473886 ], [ 14.666935, 53.473728 ], [ 14.664537, 53.475891 ] ] ] } },
{ "type": "Feature", "properties": { "fid": 1131, "hex_id": 1130 }, "geometry": { "type": "Polygon", "coordinates": [ [ [ 14.664995, 53.471408 ], [ 14.666935, 53.473728 ], [ 14.671273, 53.473886 ], [ 14.673671, 53.471723 ], [ 14.67173, 53.469403 ], [ 14.667392, 53.469245 ], [ 14.664995, 53.471408 ] ] ] } },
{ "type": "Feature", "properties": { "fid": 1132, "hex_id": 1131 }, "geometry": { "type": "Polygon", "coordinates": [ [ [ 14.665452, 53.466925 ], [ 14.667392, 53.469245 ], [ 14.67173, 53.469403 ], [ 14.674127, 53.46724 ], [ 14.672187, 53.46492 ], [ 14.66785, 53.464763 ], [ 14.665452, 53.466925 ] ] ] } },
{ "type": "Feature", "properties": { "fid": 1133, "hex_id": 1132 }, "geometry": { "type": "Polygon", "coordinates": [ [ [ 14.66591, 53.462442 ], [ 14.66785, 53.464763 ], [ 14.672187, 53.46492 ], [ 14.674584, 53.462757 ], [ 14.672644, 53.460437 ], [ 14.668307, 53.46028 ], [ 14.66591, 53.462442 ] ] ] } },
{ "type": "Feature", "properties": { "fid": 1134, "hex_id": 1133 }, "geometry": { "type": "Polygon", "coordinates": [ [ [ 14.666367, 53.457959 ], [ 14.668307, 53.46028 ], [ 14.672644, 53.460437 ], [ 14.67504, 53.458274 ], [ 14.6731, 53.455954 ], [ 14.668764, 53.455797 ], [ 14.666367, 53.457959 ] ] ] } },
{ "type": "Feature", "properties": { "fid": 1135, "hex_id": 1134 }, "geometry": { "type": "Polygon", "coordinates": [ [ [ 14.666824, 53.453477 ], [ 14.668764, 53.455797 ], [ 14.6731, 53.455954 ], [ 14.675497, 53.453791 ], [ 14.673557, 53.451471 ], [ 14.669221, 53.451314 ], [ 14.666824, 53.453477 ] ] ] } },
{ "type": "Feature", "properties": { "fid": 1136, "hex_id": 1135 }, "geometry": { "type": "Polygon", "coordinates": [ [ [ 14.667282, 53.448994 ], [ 14.669221, 53.451314 ], [ 14.673557, 53.451471 ], [ 14.675953, 53.449309 ], [ 14.674013, 53.446988 ], [ 14.669678, 53.446831 ], [ 14.667282, 53.448994 ] ] ] } },
{ "type": "Feature", "properties": { "fid": 1137, "hex_id": 1136 }, "geometry": { "type": "Polygon", "coordinates": [ [ [ 14.667739, 53.444511 ], [ 14.669678, 53.446831 ], [ 14.674013, 53.446988 ], [ 14.676409, 53.444826 ], [ 14.674469, 53.442506 ], [ 14.670134, 53.442348 ], [ 14.667739, 53.444511 ] ] ] } },
{ "type": "Feature", "properties": { "fid": 1138, "hex_id": 1137 }, "geometry": { "type": "Polygon", "coordinates": [ [ [ 14.668195, 53.440028 ], [ 14.670134, 53.442348 ], [ 14.674469, 53.442506 ], [ 14.676865, 53.440343 ], [ 14.674926, 53.438023 ], [ 14.670591, 53.437865 ], [ 14.668195, 53.440028 ] ] ] } },
{ "type": "Feature", "properties": { "fid": 1139, "hex_id": 1138 }, "geometry": { "type": "Polygon", "coordinates": [ [ [ 14.668652, 53.435545 ], [ 14.670591, 53.437865 ], [ 14.674926, 53.438023 ], [ 14.677321, 53.43586 ], [ 14.675382, 53.43354 ], [ 14.671048, 53.433382 ], [ 14.668652, 53.435545 ] ] ] } },
{ "type": "Feature", "properties": { "fid": 1140, "hex_id": 1139 }, "geometry": { "type": "Polygon", "coordinates": [ [ [ 14.669109, 53.431062 ], [ 14.671048, 53.433382 ], [ 14.675382, 53.43354 ], [ 14.677776, 53.431377 ], [ 14.675837, 53.429057 ], [ 14.671504, 53.4289 ], [ 14.669109, 53.431062 ] ] ] } },
{ "type": "Feature", "properties": { "fid": 1141, "hex_id": 1140 }, "geometry": { "type": "Polygon", "coordinates": [ [ [ 14.669565, 53.426579 ], [ 14.671504, 53.4289 ], [ 14.675837, 53.429057 ], [ 14.678232, 53.426894 ], [ 14.676293, 53.424574 ], [ 14.67196, 53.424417 ], [ 14.669565, 53.426579 ] ] ] } },
{ "type": "Feature", "properties": { "fid": 1142, "hex_id": 1141 }, "geometry": { "type": "Polygon", "coordinates": [ [ [ 14.670022, 53.422096 ], [ 14.67196, 53.424417 ], [ 14.676293, 53.424574 ], [ 14.678688, 53.422411 ], [ 14.676749, 53.420091 ], [ 14.672416, 53.419934 ], [ 14.670022, 53.422096 ] ] ] } },
{ "type": "Feature", "properties": { "fid": 1143, "hex_id": 1142 }, "geometry": { "type": "Polygon", "coordinates": [ [ [ 14.670478, 53.417614 ], [ 14.672416, 53.419934 ], [ 14.676749, 53.420091 ], [ 14.679143, 53.417928 ], [ 14.677204, 53.415608 ], [ 14.672872, 53.415451 ], [ 14.670478, 53.417614 ] ] ] } },
{ "type": "Feature", "properties": { "fid": 1144, "hex_id": 1143 }, "geometry": { "type": "Polygon", "coordinates": [ [ [ 14.670934, 53.413131 ], [ 14.672872, 53.415451 ], [ 14.677204, 53.415608 ], [ 14.679598, 53.413445 ], [ 14.67766, 53.411125 ], [ 14.673328, 53.410968 ], [ 14.670934, 53.413131 ] ] ] } },
{ "type": "Feature", "properties": { "fid": 1145, "hex_id": 1144 }, "geometry": { "type": "Polygon", "coordinates": [ [ [ 14.67139, 53.408648 ], [ 14.673328, 53.410968 ], [ 14.67766, 53.411125 ], [ 14.680053, 53.408962 ], [ 14.678115, 53.406642 ], [ 14.673784, 53.406485 ], [ 14.67139, 53.408648 ] ] ] } },
{ "type": "Feature", "properties": { "fid": 1146, "hex_id": 1145 }, "geometry": { "type": "Polygon", "coordinates": [ [ [ 14.671846, 53.404165 ], [ 14.673784, 53.406485 ], [ 14.678115, 53.406642 ], [ 14.680508, 53.404479 ], [ 14.67857, 53.402159 ], [ 14.674239, 53.402002 ], [ 14.671846, 53.404165 ] ] ] } },
{ "type": "Feature", "properties": { "fid": 1147, "hex_id": 1146 }, "geometry": { "type": "Polygon", "coordinates": [ [ [ 14.672302, 53.399682 ], [ 14.674239, 53.402002 ], [ 14.67857, 53.402159 ], [ 14.680963, 53.399996 ], [ 14.679025, 53.397676 ], [ 14.674695, 53.397519 ], [ 14.672302, 53.399682 ] ] ] } },
{ "type": "Feature", "properties": { "fid": 1148, "hex_id": 1147 }, "geometry": { "type": "Polygon", "coordinates": [ [ [ 14.672757, 53.395199 ], [ 14.674695, 53.397519 ], [ 14.679025, 53.397676 ], [ 14.681418, 53.395513 ], [ 14.67948, 53.393193 ], [ 14.67515, 53.393036 ], [ 14.672757, 53.395199 ] ] ] } },
{ "type": "Feature", "properties": { "fid": 1149, "hex_id": 1148 }, "geometry": { "type": "Polygon", "coordinates": [ [ [ 14.673213, 53.390716 ], [ 14.67515, 53.393036 ], [ 14.67948, 53.393193 ], [ 14.681872, 53.39103 ], [ 14.679935, 53.38871 ], [ 14.675605, 53.388553 ], [ 14.673213, 53.390716 ] ] ] } },
{ "type": "Feature", "properties": { "fid": 1150, "hex_id": 1149 }, "geometry": { "type": "Polygon", "coordinates": [ [ [ 14.673668, 53.386233 ], [ 14.675605, 53.388553 ], [ 14.679935, 53.38871 ], [ 14.682327, 53.386547 ], [ 14.68039, 53.384227 ], [ 14.676061, 53.38407 ], [ 14.673668, 53.386233 ] ] ] } },
{ "type": "Feature", "properties": { "fid": 1151, "hex_id": 1150 }, "geometry": { "type": "Polygon", "coordinates": [ [ [ 14.674124, 53.38175 ], [ 14.676061, 53.38407 ], [ 14.68039, 53.384227 ], [ 14.682781, 53.382064 ], [ 14.680844, 53.379744 ], [ 14.676516, 53.379587 ], [ 14.674124, 53.38175 ] ] ] } },
{ "type": "Feature", "properties": { "fid": 1152, "hex_id": 1151 }, "geometry": { "type": "Polygon", "coordinates": [ [ [ 14.674579, 53.377267 ], [ 14.676516, 53.379587 ], [ 14.680844, 53.379744 ], [ 14.683236, 53.377581 ], [ 14.681299, 53.375261 ], [ 14.67697, 53.375104 ], [ 14.674579, 53.377267 ] ] ] } },
{ "type": "Feature", "properties": { "fid": 1153, "hex_id": 1152 }, "geometry": { "type": "Polygon", "coordinates": [ [ [ 14.675034, 53.372784 ], [ 14.67697, 53.375104 ], [ 14.681299, 53.375261 ], [ 14.68369, 53.373098 ], [ 14.681753, 53.370778 ], [ 14.677425, 53.370621 ], [ 14.675034, 53.372784 ] ] ] } },
{ "type": "Feature", "properties": { "fid": 1154, "hex_id": 1153 }, "geometry": { "type": "Polygon", "coordinates": [ [ [ 14.675489, 53.368301 ], [ 14.677425, 53.370621 ], [ 14.681753, 53.370778 ], [ 14.684144, 53.368615 ], [ 14.682207, 53.366295 ], [ 14.67788, 53.366138 ], [ 14.675489, 53.368301 ] ] ] } },
{ "type": "Feature", "properties": { "fid": 1155, "hex_id": 1154 }, "geometry": { "type": "Polygon", "coordinates": [ [ [ 14.675944, 53.363818 ], [ 14.67788, 53.366138 ], [ 14.682207, 53.366295 ], [ 14.684598, 53.364132 ], [ 14.682661, 53.361812 ], [ 14.678334, 53.361655 ], [ 14.675944, 53.363818 ] ] ] } },
{ "type": "Feature", "properties": { "fid": 1156, "hex_id": 1155 }, "geometry": { "type": "Polygon", "coordinates": [ [ [ 14.676398, 53.359335 ], [ 14.678334, 53.361655 ], [ 14.682661, 53.361812 ], [ 14.685051, 53.359649 ], [ 14.683115, 53.357329 ], [ 14.678789, 53.357172 ], [ 14.676398, 53.359335 ] ] ] } },
{ "type": "Feature", "properties": { "fid": 1157, "hex_id": 1156 }, "geometry": { "type": "Polygon", "coordinates": [ [ [ 14.676853, 53.354852 ], [ 14.678789, 53.357172 ], [ 14.683115, 53.357329 ], [ 14.685505, 53.355166 ], [ 14.683569, 53.352846 ], [ 14.679243, 53.352689 ], [ 14.676853, 53.354852 ] ] ] } },
{ "type": "Feature", "properties": { "fid": 1158, "hex_id": 1157 }, "geometry": { "type": "Polygon", "coordinates": [ [ [ 14.664862, 53.536645 ], [ 14.666805, 53.538966 ], [ 14.67115, 53.539123 ], [ 14.673551, 53.536961 ], [ 14.671608, 53.53464 ], [ 14.667264, 53.534483 ], [ 14.664862, 53.536645 ] ] ] } },
{ "type": "Feature", "properties": { "fid": 1159, "hex_id": 1158 }, "geometry": { "type": "Polygon", "coordinates": [ [ [ 14.665321, 53.532163 ], [ 14.667264, 53.534483 ], [ 14.671608, 53.53464 ], [ 14.674009, 53.532478 ], [ 14.672066, 53.530158 ], [ 14.667722, 53.53 ], [ 14.665321, 53.532163 ] ] ] } },
{ "type": "Feature", "properties": { "fid": 1160, "hex_id": 1159 }, "geometry": { "type": "Polygon", "coordinates": [ [ [ 14.66578, 53.52768 ], [ 14.667722, 53.53 ], [ 14.672066, 53.530158 ], [ 14.674467, 53.527995 ], [ 14.672524, 53.525675 ], [ 14.668181, 53.525517 ], [ 14.66578, 53.52768 ] ] ] } },
{ "type": "Feature", "properties": { "fid": 1161, "hex_id": 1160 }, "geometry": { "type": "Polygon", "coordinates": [ [ [ 14.666238, 53.523197 ], [ 14.668181, 53.525517 ], [ 14.672524, 53.525675 ], [ 14.674924, 53.523512 ], [ 14.672982, 53.521192 ], [ 14.668639, 53.521034 ], [ 14.666238, 53.523197 ] ] ] } },
{ "type": "Feature", "properties": { "fid": 1162, "hex_id": 1161 }, "geometry": { "type": "Polygon", "coordinates": [ [ [ 14.666696, 53.518714 ], [ 14.668639, 53.521034 ], [ 14.672982, 53.521192 ], [ 14.675382, 53.519029 ], [ 14.673439, 53.516709 ], [ 14.669097, 53.516552 ], [ 14.666696, 53.518714 ] ] ] } },
{ "type": "Feature", "properties": { "fid": 1163, "hex_id": 1162 }, "geometry": { "type": "Polygon", "coordinates": [ [ [ 14.667155, 53.514231 ], [ 14.669097, 53.516552 ], [ 14.673439, 53.516709 ], [ 14.675839, 53.514546 ], [ 14.673897, 53.512226 ], [ 14.669555, 53.512069 ], [ 14.667155, 53.514231 ] ] ] } },
{ "type": "Feature", "properties": { "fid": 1164, "hex_id": 1163 }, "geometry": { "type": "Polygon", "coordinates": [ [ [ 14.667613, 53.509749 ], [ 14.669555, 53.512069 ], [ 14.673897, 53.512226 ], [ 14.676296, 53.510063 ], [ 14.674354, 53.507743 ], [ 14.670013, 53.507586 ], [ 14.667613, 53.509749 ] ] ] } },
{ "type": "Feature", "properties": { "fid": 1165, "hex_id": 1164 }, "geometry": { "type": "Polygon", "coordinates": [ [ [ 14.668071, 53.505266 ], [ 14.670013, 53.507586 ], [ 14.674354, 53.507743 ], [ 14.676753, 53.505581 ], [ 14.674811, 53.503261 ], [ 14.67047, 53.503103 ], [ 14.668071, 53.505266 ] ] ] } },
{ "type": "Feature", "properties": { "fid": 1166, "hex_id": 1165 }, "geometry": { "type": "Polygon", "coordinates": [ [ [ 14.668529, 53.500783 ], [ 14.67047, 53.503103 ], [ 14.674811, 53.503261 ], [ 14.67721, 53.501098 ], [ 14.675268, 53.498778 ], [ 14.670928, 53.49862 ], [ 14.668529, 53.500783 ] ] ] } },
{ "type": "Feature", "properties": { "fid": 1167, "hex_id": 1166 }, "geometry": { "type": "Polygon", "coordinates": [ [ [ 14.668986, 53.4963 ], [ 14.670928, 53.49862 ], [ 14.675268, 53.498778 ], [ 14.677667, 53.496615 ], [ 14.675725, 53.494295 ], [ 14.671385, 53.494137 ], [ 14.668986, 53.4963 ] ] ] } },
{ "type": "Feature", "properties": { "fid": 1168, "hex_id": 1167 }, "geometry": { "type": "Polygon", "coordinates": [ [ [ 14.669444, 53.491817 ], [ 14.671385, 53.494137 ], [ 14.675725, 53.494295 ], [ 14.678124, 53.492132 ], [ 14.676182, 53.489812 ], [ 14.671843, 53.489655 ], [ 14.669444, 53.491817 ] ] ] } },
{ "type": "Feature", "properties": { "fid": 1169, "hex_id": 1168 }, "geometry": { "type": "Polygon", "coordinates": [ [ [ 14.669901, 53.487334 ], [ 14.671843, 53.489655 ], [ 14.676182, 53.489812 ], [ 14.67858, 53.487649 ], [ 14.676639, 53.485329 ], [ 14.6723, 53.485172 ], [ 14.669901, 53.487334 ] ] ] } },
{ "type": "Feature", "properties": { "fid": 1170, "hex_id": 1169 }, "geometry": { "type": "Polygon", "coordinates": [ [ [ 14.670359, 53.482851 ], [ 14.6723, 53.485172 ], [ 14.676639, 53.485329 ], [ 14.679037, 53.483166 ], [ 14.677096, 53.480846 ], [ 14.672757, 53.480689 ], [ 14.670359, 53.482851 ] ] ] } },
{ "type": "Feature", "properties": { "fid": 1171, "hex_id": 1170 }, "geometry": { "type": "Polygon", "coordinates": [ [ [ 14.670816, 53.478369 ], [ 14.672757, 53.480689 ], [ 14.677096, 53.480846 ], [ 14.679493, 53.478683 ], [ 14.677552, 53.476363 ], [ 14.673214, 53.476206 ], [ 14.670816, 53.478369 ] ] ] } },
{ "type": "Feature", "properties": { "fid": 1172, "hex_id": 1171 }, "geometry": { "type": "Polygon", "coordinates": [ [ [ 14.671273, 53.473886 ], [ 14.673214, 53.476206 ], [ 14.677552, 53.476363 ], [ 14.679949, 53.4742 ], [ 14.678009, 53.47188 ], [ 14.673671, 53.471723 ], [ 14.671273, 53.473886 ] ] ] } },
{ "type": "Feature", "properties": { "fid": 1173, "hex_id": 1172 }, "geometry": { "type": "Polygon", "coordinates": [ [ [ 14.67173, 53.469403 ], [ 14.673671, 53.471723 ], [ 14.678009, 53.47188 ], [ 14.680406, 53.469717 ], [ 14.678465, 53.467397 ], [ 14.674127, 53.46724 ], [ 14.67173, 53.469403 ] ] ] } },
{ "type": "Feature", "properties": { "fid": 1174, "hex_id": 1173 }, "geometry": { "type": "Polygon", "coordinates": [ [ [ 14.672187, 53.46492 ], [ 14.674127, 53.46724 ], [ 14.678465, 53.467397 ], [ 14.680861, 53.465234 ], [ 14.678921, 53.462914 ], [ 14.674584, 53.462757 ], [ 14.672187, 53.46492 ] ] ] } },
{ "type": "Feature", "properties": { "fid": 1175, "hex_id": 1174 }, "geometry": { "type": "Polygon", "coordinates": [ [ [ 14.672644, 53.460437 ], [ 14.674584, 53.462757 ], [ 14.678921, 53.462914 ], [ 14.681317, 53.460752 ], [ 14.679377, 53.458432 ], [ 14.67504, 53.458274 ], [ 14.672644, 53.460437 ] ] ] } },
{ "type": "Feature", "properties": { "fid": 1176, "hex_id": 1175 }, "geometry": { "type": "Polygon", "coordinates": [ [ [ 14.6731, 53.455954 ], [ 14.67504, 53.458274 ], [ 14.679377, 53.458432 ], [ 14.681773, 53.456269 ], [ 14.679833, 53.453949 ], [ 14.675497, 53.453791 ], [ 14.6731, 53.455954 ] ] ] } },
{ "type": "Feature", "properties": { "fid": 1177, "hex_id": 1176 }, "geometry": { "type": "Polygon", "coordinates": [ [ [ 14.673557, 53.451471 ], [ 14.675497, 53.453791 ], [ 14.679833, 53.453949 ], [ 14.682229, 53.451786 ], [ 14.680289, 53.449466 ], [ 14.675953, 53.449309 ], [ 14.673557, 53.451471 ] ] ] } },
{ "type": "Feature", "properties": { "fid": 1178, "hex_id": 1177 }, "geometry": { "type": "Polygon", "coordinates": [ [ [ 14.674013, 53.446988 ], [ 14.675953, 53.449309 ], [ 14.680289, 53.449466 ], [ 14.682684, 53.447303 ], [ 14.680744, 53.444983 ], [ 14.676409, 53.444826 ], [ 14.674013, 53.446988 ] ] ] } },
{ "type": "Feature", "properties": { "fid": 1179, "hex_id": 1178 }, "geometry": { "type": "Polygon", "coordinates": [ [ [ 14.674469, 53.442506 ], [ 14.676409, 53.444826 ], [ 14.680744, 53.444983 ], [ 14.683139, 53.44282 ], [ 14.6812, 53.4405 ], [ 14.676865, 53.440343 ], [ 14.674469, 53.442506 ] ] ] } },
{ "type": "Feature", "properties": { "fid": 1180, "hex_id": 1179 }, "geometry": { "type": "Polygon", "coordinates": [ [ [ 14.674926, 53.438023 ], [ 14.676865, 53.440343 ], [ 14.6812, 53.4405 ], [ 14.683595, 53.438337 ], [ 14.681655, 53.436017 ], [ 14.677321, 53.43586 ], [ 14.674926, 53.438023 ] ] ] } },
{ "type": "Feature", "properties": { "fid": 1181, "hex_id": 1180 }, "geometry": { "type": "Polygon", "coordinates": [ [ [ 14.675382, 53.43354 ], [ 14.677321, 53.43586 ], [ 14.681655, 53.436017 ], [ 14.68405, 53.433854 ], [ 14.68211, 53.431534 ], [ 14.677776, 53.431377 ], [ 14.675382, 53.43354 ] ] ] } },
{ "type": "Feature", "properties": { "fid": 1182, "hex_id": 1181 }, "geometry": { "type": "Polygon", "coordinates": [ [ [ 14.675837, 53.429057 ], [ 14.677776, 53.431377 ], [ 14.68211, 53.431534 ], [ 14.684505, 53.429371 ], [ 14.682565, 53.427051 ], [ 14.678232, 53.426894 ], [ 14.675837, 53.429057 ] ] ] } },
{ "type": "Feature", "properties": { "fid": 1183, "hex_id": 1182 }, "geometry": { "type": "Polygon", "coordinates": [ [ [ 14.676293, 53.424574 ], [ 14.678232, 53.426894 ], [ 14.682565, 53.427051 ], [ 14.68496, 53.424888 ], [ 14.68302, 53.422568 ], [ 14.678688, 53.422411 ], [ 14.676293, 53.424574 ] ] ] } },
{ "type": "Feature", "properties": { "fid": 1184, "hex_id": 1183 }, "geometry": { "type": "Polygon", "coordinates": [ [ [ 14.676749, 53.420091 ], [ 14.678688, 53.422411 ], [ 14.68302, 53.422568 ], [ 14.685414, 53.420405 ], [ 14.683475, 53.418085 ], [ 14.679143, 53.417928 ], [ 14.676749, 53.420091 ] ] ] } },
{ "type": "Feature", "properties": { "fid": 1185, "hex_id": 1184 }, "geometry": { "type": "Polygon", "coordinates": [ [ [ 14.677204, 53.415608 ], [ 14.679143, 53.417928 ], [ 14.683475, 53.418085 ], [ 14.685869, 53.415922 ], [ 14.68393, 53.413602 ], [ 14.679598, 53.413445 ], [ 14.677204, 53.415608 ] ] ] } },
{ "type": "Feature", "properties": { "fid": 1186, "hex_id": 1185 }, "geometry": { "type": "Polygon", "coordinates": [ [ [ 14.67766, 53.411125 ], [ 14.679598, 53.413445 ], [ 14.68393, 53.413602 ], [ 14.686323, 53.411439 ], [ 14.684385, 53.409119 ], [ 14.680053, 53.408962 ], [ 14.67766, 53.411125 ] ] ] } },
{ "type": "Feature", "properties": { "fid": 1187, "hex_id": 1186 }, "geometry": { "type": "Polygon", "coordinates": [ [ [ 14.678115, 53.406642 ], [ 14.680053, 53.408962 ], [ 14.684385, 53.409119 ], [ 14.686778, 53.406956 ], [ 14.684839, 53.404636 ], [ 14.680508, 53.404479 ], [ 14.678115, 53.406642 ] ] ] } },
{ "type": "Feature", "properties": { "fid": 1188, "hex_id": 1187 }, "geometry": { "type": "Polygon", "coordinates": [ [ [ 14.67857, 53.402159 ], [ 14.680508, 53.404479 ], [ 14.684839, 53.404636 ], [ 14.687232, 53.402473 ], [ 14.685294, 53.400153 ], [ 14.680963, 53.399996 ], [ 14.67857, 53.402159 ] ] ] } },
{ "type": "Feature", "properties": { "fid": 1189, "hex_id": 1188 }, "geometry": { "type": "Polygon", "coordinates": [ [ [ 14.679025, 53.397676 ], [ 14.680963, 53.399996 ], [ 14.685294, 53.400153 ], [ 14.687686, 53.39799 ], [ 14.685748, 53.39567 ], [ 14.681418, 53.395513 ], [ 14.679025, 53.397676 ] ] ] } },
{ "type": "Feature", "properties": { "fid": 1190, "hex_id": 1189 }, "geometry": { "type": "Polygon", "coordinates": [ [ [ 14.67948, 53.393193 ], [ 14.681418, 53.395513 ], [ 14.685748, 53.39567 ], [ 14.68814, 53.393507 ], [ 14.686202, 53.391187 ], [ 14.681872, 53.39103 ], [ 14.67948, 53.393193 ] ] ] } },
{ "type": "Feature", "properties": { "fid": 1191, "hex_id": 1190 }, "geometry": { "type": "Polygon", "coordinates": [ [ [ 14.679935, 53.38871 ], [ 14.681872, 53.39103 ], [ 14.686202, 53.391187 ], [ 14.688594, 53.389024 ], [ 14.686656, 53.386704 ], [ 14.682327, 53.386547 ], [ 14.679935, 53.38871 ] ] ] } },
{ "type": "Feature", "properties": { "fid": 1192, "hex_id": 1191 }, "geometry": { "type": "Polygon", "coordinates": [ [ [ 14.68039, 53.384227 ], [ 14.682327, 53.386547 ], [ 14.686656, 53.386704 ], [ 14.689048, 53.384541 ], [ 14.68711, 53.382221 ], [ 14.682781, 53.382064 ], [ 14.68039, 53.384227 ] ] ] } },
{ "type": "Feature", "properties": { "fid": 1193, "hex_id": 1192 }, "geometry": { "type": "Polygon", "coordinates": [ [ [ 14.680844, 53.379744 ], [ 14.682781, 53.382064 ], [ 14.68711, 53.382221 ], [ 14.689501, 53.380058 ], [ 14.687564, 53.377738 ], [ 14.683236, 53.377581 ], [ 14.680844, 53.379744 ] ] ] } },
{ "type": "Feature", "properties": { "fid": 1194, "hex_id": 1193 }, "geometry": { "type": "Polygon", "coordinates": [ [ [ 14.681299, 53.375261 ], [ 14.683236, 53.377581 ], [ 14.687564, 53.377738 ], [ 14.689955, 53.375575 ], [ 14.688018, 53.373255 ], [ 14.68369, 53.373098 ], [ 14.681299, 53.375261 ] ] ] } },
{ "type": "Feature", "properties": { "fid": 1195, "hex_id": 1194 }, "geometry": { "type": "Polygon", "coordinates": [ [ [ 14.681753, 53.370778 ], [ 14.68369, 53.373098 ], [ 14.688018, 53.373255 ], [ 14.690408, 53.371092 ], [ 14.688471, 53.368772 ], [ 14.684144, 53.368615 ], [ 14.681753, 53.370778 ] ] ] } },
{ "type": "Feature", "properties": { "fid": 1196, "hex_id": 1195 }, "geometry": { "type": "Polygon", "coordinates": [ [ [ 14.682207, 53.366295 ], [ 14.684144, 53.368615 ], [ 14.688471, 53.368772 ], [ 14.690862, 53.366608 ], [ 14.688925, 53.364289 ], [ 14.684598, 53.364132 ], [ 14.682207, 53.366295 ] ] ] } },
{ "type": "Feature", "properties": { "fid": 1197, "hex_id": 1196 }, "geometry": { "type": "Polygon", "coordinates": [ [ [ 14.682661, 53.361812 ], [ 14.684598, 53.364132 ], [ 14.688925, 53.364289 ], [ 14.691315, 53.362125 ], [ 14.689378, 53.359806 ], [ 14.685051, 53.359649 ], [ 14.682661, 53.361812 ] ] ] } },
{ "type": "Feature", "properties": { "fid": 1198, "hex_id": 1197 }, "geometry": { "type": "Polygon", "coordinates": [ [ [ 14.683115, 53.357329 ], [ 14.685051, 53.359649 ], [ 14.689378, 53.359806 ], [ 14.691768, 53.357642 ], [ 14.689831, 53.355323 ], [ 14.685505, 53.355166 ], [ 14.683115, 53.357329 ] ] ] } },
{ "type": "Feature", "properties": { "fid": 1199, "hex_id": 1198 }, "geometry": { "type": "Polygon", "coordinates": [ [ [ 14.671608, 53.53464 ], [ 14.673551, 53.536961 ], [ 14.677896, 53.537118 ], [ 14.680297, 53.534955 ], [ 14.678353, 53.532635 ], [ 14.674009, 53.532478 ], [ 14.671608, 53.53464 ] ] ] } },
{ "type": "Feature", "properties": { "fid": 1200, "hex_id": 1199 }, "geometry": { "type": "Polygon", "coordinates": [ [ [ 14.672066, 53.530158 ], [ 14.674009, 53.532478 ], [ 14.678353, 53.532635 ], [ 14.680754, 53.530472 ], [ 14.678811, 53.528152 ], [ 14.674467, 53.527995 ], [ 14.672066, 53.530158 ] ] ] } },
{ "type": "Feature", "properties": { "fid": 1201, "hex_id": 1200 }, "geometry": { "type": "Polygon", "coordinates": [ [ [ 14.672524, 53.525675 ], [ 14.674467, 53.527995 ], [ 14.678811, 53.528152 ], [ 14.681211, 53.525989 ], [ 14.679268, 53.523669 ], [ 14.674924, 53.523512 ], [ 14.672524, 53.525675 ] ] ] } },
{ "type": "Feature", "properties": { "fid": 1202, "hex_id": 1201 }, "geometry": { "type": "Polygon", "coordinates": [ [ [ 14.672982, 53.521192 ], [ 14.674924, 53.523512 ], [ 14.679268, 53.523669 ], [ 14.681668, 53.521507 ], [ 14.679725, 53.519187 ], [ 14.675382, 53.519029 ], [ 14.672982, 53.521192 ] ] ] } },
{ "type": "Feature", "properties": { "fid": 1203, "hex_id": 1202 }, "geometry": { "type": "Polygon", "coordinates": [ [ [ 14.673439, 53.516709 ], [ 14.675382, 53.519029 ], [ 14.679725, 53.519187 ], [ 14.682124, 53.517024 ], [ 14.680182, 53.514704 ], [ 14.675839, 53.514546 ], [ 14.673439, 53.516709 ] ] ] } },
{ "type": "Feature", "properties": { "fid": 1204, "hex_id": 1203 }, "geometry": { "type": "Polygon", "coordinates": [ [ [ 14.673897, 53.512226 ], [ 14.675839, 53.514546 ], [ 14.680182, 53.514704 ], [ 14.682581, 53.512541 ], [ 14.680638, 53.510221 ], [ 14.676296, 53.510063 ], [ 14.673897, 53.512226 ] ] ] } },
{ "type": "Feature", "properties": { "fid": 1205, "hex_id": 1204 }, "geometry": { "type": "Polygon", "coordinates": [ [ [ 14.674354, 53.507743 ], [ 14.676296, 53.510063 ], [ 14.680638, 53.510221 ], [ 14.683037, 53.508058 ], [ 14.681095, 53.505738 ], [ 14.676753, 53.505581 ], [ 14.674354, 53.507743 ] ] ] } },
{ "type": "Feature", "properties": { "fid": 1206, "hex_id": 1205 }, "geometry": { "type": "Polygon", "coordinates": [ [ [ 14.674811, 53.503261 ], [ 14.676753, 53.505581 ], [ 14.681095, 53.505738 ], [ 14.683494, 53.503575 ], [ 14.681551, 53.501255 ], [ 14.67721, 53.501098 ], [ 14.674811, 53.503261 ] ] ] } },
{ "type": "Feature", "properties": { "fid": 1207, "hex_id": 1206 }, "geometry": { "type": "Polygon", "coordinates": [ [ [ 14.675268, 53.498778 ], [ 14.67721, 53.501098 ], [ 14.681551, 53.501255 ], [ 14.68395, 53.499092 ], [ 14.682008, 53.496772 ], [ 14.677667, 53.496615 ], [ 14.675268, 53.498778 ] ] ] } },
{ "type": "Feature", "properties": { "fid": 1208, "hex_id": 1207 }, "geometry": { "type": "Polygon", "coordinates": [ [ [ 14.675725, 53.494295 ], [ 14.677667, 53.496615 ], [ 14.682008, 53.496772 ], [ 14.684406, 53.494609 ], [ 14.682464, 53.492289 ], [ 14.678124, 53.492132 ], [ 14.675725, 53.494295 ] ] ] } },
{ "type": "Feature", "properties": { "fid": 1209, "hex_id": 1208 }, "geometry": { "type": "Polygon", "coordinates": [ [ [ 14.676182, 53.489812 ], [ 14.678124, 53.492132 ], [ 14.682464, 53.492289 ], [ 14.684862, 53.490126 ], [ 14.68292, 53.487806 ], [ 14.67858, 53.487649 ], [ 14.676182, 53.489812 ] ] ] } },
{ "type": "Feature", "properties": { "fid": 1210, "hex_id": 1209 }, "geometry": { "type": "Polygon", "coordinates": [ [ [ 14.676639, 53.485329 ], [ 14.67858, 53.487649 ], [ 14.68292, 53.487806 ], [ 14.685318, 53.485643 ], [ 14.683376, 53.483323 ], [ 14.679037, 53.483166 ], [ 14.676639, 53.485329 ] ] ] } },
{ "type": "Feature", "properties": { "fid": 1211, "hex_id": 1210 }, "geometry": { "type": "Polygon", "coordinates": [ [ [ 14.677096, 53.480846 ], [ 14.679037, 53.483166 ], [ 14.683376, 53.483323 ], [ 14.685774, 53.48116 ], [ 14.683832, 53.47884 ], [ 14.679493, 53.478683 ], [ 14.677096, 53.480846 ] ] ] } },
{ "type": "Feature", "properties": { "fid": 1212, "hex_id": 1211 }, "geometry": { "type": "Polygon", "coordinates": [ [ [ 14.677552, 53.476363 ], [ 14.679493, 53.478683 ], [ 14.683832, 53.47884 ], [ 14.686229, 53.476677 ], [ 14.684288, 53.474357 ], [ 14.679949, 53.4742 ], [ 14.677552, 53.476363 ] ] ] } },
{ "type": "Feature", "properties": { "fid": 1213, "hex_id": 1212 }, "geometry": { "type": "Polygon", "coordinates": [ [ [ 14.678009, 53.47188 ], [ 14.679949, 53.4742 ], [ 14.684288, 53.474357 ], [ 14.686685, 53.472194 ], [ 14.684743, 53.469874 ], [ 14.680406, 53.469717 ], [ 14.678009, 53.47188 ] ] ] } },
{ "type": "Feature", "properties": { "fid": 1214, "hex_id": 1213 }, "geometry": { "type": "Polygon", "coordinates": [ [ [ 14.678465, 53.467397 ], [ 14.680406, 53.469717 ], [ 14.684743, 53.469874 ], [ 14.68714, 53.467711 ], [ 14.685199, 53.465391 ], [ 14.680861, 53.465234 ], [ 14.678465, 53.467397 ] ] ] } },
{ "type": "Feature", "properties": { "fid": 1215, "hex_id": 1214 }, "geometry": { "type": "Polygon", "coordinates": [ [ [ 14.678921, 53.462914 ], [ 14.680861, 53.465234 ], [ 14.685199, 53.465391 ], [ 14.687595, 53.463228 ], [ 14.685654, 53.460908 ], [ 14.681317, 53.460752 ], [ 14.678921, 53.462914 ] ] ] } },
{ "type": "Feature", "properties": { "fid": 1216, "hex_id": 1215 }, "geometry": { "type": "Polygon", "coordinates": [ [ [ 14.679377, 53.458432 ], [ 14.681317, 53.460752 ], [ 14.685654, 53.460908 ], [ 14.68805, 53.458745 ], [ 14.686109, 53.456426 ], [ 14.681773, 53.456269 ], [ 14.679377, 53.458432 ] ] ] } },
{ "type": "Feature", "properties": { "fid": 1217, "hex_id": 1216 }, "geometry": { "type": "Polygon", "coordinates": [ [ [ 14.679833, 53.453949 ], [ 14.681773, 53.456269 ], [ 14.686109, 53.456426 ], [ 14.688505, 53.454262 ], [ 14.686565, 53.451943 ], [ 14.682229, 53.451786 ], [ 14.679833, 53.453949 ] ] ] } },
{ "type": "Feature", "properties": { "fid": 1218, "hex_id": 1217 }, "geometry": { "type": "Polygon", "coordinates": [ [ [ 14.680289, 53.449466 ], [ 14.682229, 53.451786 ], [ 14.686565, 53.451943 ], [ 14.68896, 53.449779 ], [ 14.68702, 53.44746 ], [ 14.682684, 53.447303 ], [ 14.680289, 53.449466 ] ] ] } },
{ "type": "Feature", "properties": { "fid": 1219, "hex_id": 1218 }, "geometry": { "type": "Polygon", "coordinates": [ [ [ 14.680744, 53.444983 ], [ 14.682684, 53.447303 ], [ 14.68702, 53.44746 ], [ 14.689415, 53.445296 ], [ 14.687475, 53.442977 ], [ 14.683139, 53.44282 ], [ 14.680744, 53.444983 ] ] ] } },
{ "type": "Feature", "properties": { "fid": 1220, "hex_id": 1219 }, "geometry": { "type": "Polygon", "coordinates": [ [ [ 14.6812, 53.4405 ], [ 14.683139, 53.44282 ], [ 14.687475, 53.442977 ], [ 14.689869, 53.440813 ], [ 14.687929, 53.438494 ], [ 14.683595, 53.438337 ], [ 14.6812, 53.4405 ] ] ] } },
{ "type": "Feature", "properties": { "fid": 1221, "hex_id": 1220 }, "geometry": { "type": "Polygon", "coordinates": [ [ [ 14.681655, 53.436017 ], [ 14.683595, 53.438337 ], [ 14.687929, 53.438494 ], [ 14.690324, 53.43633 ], [ 14.688384, 53.434011 ], [ 14.68405, 53.433854 ], [ 14.681655, 53.436017 ] ] ] } },
{ "type": "Feature", "properties": { "fid": 1222, "hex_id": 1221 }, "geometry": { "type": "Polygon", "coordinates": [ [ [ 14.68211, 53.431534 ], [ 14.68405, 53.433854 ], [ 14.688384, 53.434011 ], [ 14.690778, 53.431847 ], [ 14.688838, 53.429528 ], [ 14.684505, 53.429371 ], [ 14.68211, 53.431534 ] ] ] } },
{ "type": "Feature", "properties": { "fid": 1223, "hex_id": 1222 }, "geometry": { "type": "Polygon", "coordinates": [ [ [ 14.682565, 53.427051 ], [ 14.684505, 53.429371 ], [ 14.688838, 53.429528 ], [ 14.691232, 53.427364 ], [ 14.689293, 53.425045 ], [ 14.68496, 53.424888 ], [ 14.682565, 53.427051 ] ] ] } },
{ "type": "Feature", "properties": { "fid": 1224, "hex_id": 1223 }, "geometry": { "type": "Polygon", "coordinates": [ [ [ 14.68302, 53.422568 ], [ 14.68496, 53.424888 ], [ 14.689293, 53.425045 ], [ 14.691687, 53.422881 ], [ 14.689747, 53.420562 ], [ 14.685414, 53.420405 ], [ 14.68302, 53.422568 ] ] ] } },
{ "type": "Feature", "properties": { "fid": 1225, "hex_id": 1224 }, "geometry": { "type": "Polygon", "coordinates": [ [ [ 14.683475, 53.418085 ], [ 14.685414, 53.420405 ], [ 14.689747, 53.420562 ], [ 14.692141, 53.418398 ], [ 14.690201, 53.416079 ], [ 14.685869, 53.415922 ], [ 14.683475, 53.418085 ] ] ] } },
{ "type": "Feature", "properties": { "fid": 1226, "hex_id": 1225 }, "geometry": { "type": "Polygon", "coordinates": [ [ [ 14.68393, 53.413602 ], [ 14.685869, 53.415922 ], [ 14.690201, 53.416079 ], [ 14.692594, 53.413915 ], [ 14.690655, 53.411596 ], [ 14.686323, 53.411439 ], [ 14.68393, 53.413602 ] ] ] } },
{ "type": "Feature", "properties": { "fid": 1227, "hex_id": 1226 }, "geometry": { "type": "Polygon", "coordinates": [ [ [ 14.684385, 53.409119 ], [ 14.686323, 53.411439 ], [ 14.690655, 53.411596 ], [ 14.693048, 53.409432 ], [ 14.691109, 53.407112 ], [ 14.686778, 53.406956 ], [ 14.684385, 53.409119 ] ] ] } },
{ "type": "Feature", "properties": { "fid": 1228, "hex_id": 1227 }, "geometry": { "type": "Polygon", "coordinates": [ [ [ 14.684839, 53.404636 ], [ 14.686778, 53.406956 ], [ 14.691109, 53.407112 ], [ 14.693502, 53.404949 ], [ 14.691563, 53.402629 ], [ 14.687232, 53.402473 ], [ 14.684839, 53.404636 ] ] ] } },
{ "type": "Feature", "properties": { "fid": 1229, "hex_id": 1228 }, "geometry": { "type": "Polygon", "coordinates": [ [ [ 14.685294, 53.400153 ], [ 14.687232, 53.402473 ], [ 14.691563, 53.402629 ], [ 14.693955, 53.400466 ], [ 14.692017, 53.398146 ], [ 14.687686, 53.39799 ], [ 14.685294, 53.400153 ] ] ] } },
{ "type": "Feature", "properties": { "fid": 1230, "hex_id": 1229 }, "geometry": { "type": "Polygon", "coordinates": [ [ [ 14.685748, 53.39567 ], [ 14.687686, 53.39799 ], [ 14.692017, 53.398146 ], [ 14.694409, 53.395983 ], [ 14.69247, 53.393663 ], [ 14.68814, 53.393507 ], [ 14.685748, 53.39567 ] ] ] } },
{ "type": "Feature", "properties": { "fid": 1231, "hex_id": 1230 }, "geometry": { "type": "Polygon", "coordinates": [ [ [ 14.686202, 53.391187 ], [ 14.68814, 53.393507 ], [ 14.69247, 53.393663 ], [ 14.694862, 53.3915 ], [ 14.692924, 53.38918 ], [ 14.688594, 53.389024 ], [ 14.686202, 53.391187 ] ] ] } },
{ "type": "Feature", "properties": { "fid": 1232, "hex_id": 1231 }, "geometry": { "type": "Polygon", "coordinates": [ [ [ 14.686656, 53.386704 ], [ 14.688594, 53.389024 ], [ 14.692924, 53.38918 ], [ 14.695315, 53.387017 ], [ 14.693377, 53.384697 ], [ 14.689048, 53.384541 ], [ 14.686656, 53.386704 ] ] ] } },
{ "type": "Feature", "properties": { "fid": 1233, "hex_id": 1232 }, "geometry": { "type": "Polygon", "coordinates": [ [ [ 14.68711, 53.382221 ], [ 14.689048, 53.384541 ], [ 14.693377, 53.384697 ], [ 14.695768, 53.382534 ], [ 14.69383, 53.380214 ], [ 14.689501, 53.380058 ], [ 14.68711, 53.382221 ] ] ] } },
{ "type": "Feature", "properties": { "fid": 1234, "hex_id": 1233 }, "geometry": { "type": "Polygon", "coordinates": [ [ [ 14.687564, 53.377738 ], [ 14.689501, 53.380058 ], [ 14.69383, 53.380214 ], [ 14.696221, 53.378051 ], [ 14.694283, 53.375731 ], [ 14.689955, 53.375575 ], [ 14.687564, 53.377738 ] ] ] } },
{ "type": "Feature", "properties": { "fid": 1235, "hex_id": 1234 }, "geometry": { "type": "Polygon", "coordinates": [ [ [ 14.688018, 53.373255 ], [ 14.689955, 53.375575 ], [ 14.694283, 53.375731 ], [ 14.696674, 53.373568 ], [ 14.694736, 53.371248 ], [ 14.690408, 53.371092 ], [ 14.688018, 53.373255 ] ] ] } },
{ "type": "Feature", "properties": { "fid": 1236, "hex_id": 1235 }, "geometry": { "type": "Polygon", "coordinates": [ [ [ 14.688471, 53.368772 ], [ 14.690408, 53.371092 ], [ 14.694736, 53.371248 ], [ 14.697126, 53.369085 ], [ 14.695189, 53.366765 ], [ 14.690862, 53.366608 ], [ 14.688471, 53.368772 ] ] ] } },
{ "type": "Feature", "properties": { "fid": 1237, "hex_id": 1236 }, "geometry": { "type": "Polygon", "coordinates": [ [ [ 14.688925, 53.364289 ], [ 14.690862, 53.366608 ], [ 14.695189, 53.366765 ], [ 14.697579, 53.364602 ], [ 14.695642, 53.362282 ], [ 14.691315, 53.362125 ], [ 14.688925, 53.364289 ] ] ] } },
{ "type": "Feature", "properties": { "fid": 1238, "hex_id": 1237 }, "geometry": { "type": "Polygon", "coordinates": [ [ [ 14.689378, 53.359806 ], [ 14.691315, 53.362125 ], [ 14.695642, 53.362282 ], [ 14.698031, 53.360118 ], [ 14.696094, 53.357799 ], [ 14.691768, 53.357642 ], [ 14.689378, 53.359806 ] ] ] } },
{ "type": "Feature", "properties": { "fid": 1239, "hex_id": 1238 }, "geometry": { "type": "Polygon", "coordinates": [ [ [ 14.689831, 53.355323 ], [ 14.691768, 53.357642 ], [ 14.696094, 53.357799 ], [ 14.698484, 53.355635 ], [ 14.696547, 53.353316 ], [ 14.692221, 53.353159 ], [ 14.689831, 53.355323 ] ] ] } },
{ "type": "Feature", "properties": { "fid": 1240, "hex_id": 1239 }, "geometry": { "type": "Polygon", "coordinates": [ [ [ 14.678353, 53.532635 ], [ 14.680297, 53.534955 ], [ 14.684641, 53.535112 ], [ 14.687042, 53.532949 ], [ 14.685098, 53.530629 ], [ 14.680754, 53.530472 ], [ 14.678353, 53.532635 ] ] ] } },
{ "type": "Feature", "properties": { "fid": 1241, "hex_id": 1240 }, "geometry": { "type": "Polygon", "coordinates": [ [ [ 14.678811, 53.528152 ], [ 14.680754, 53.530472 ], [ 14.685098, 53.530629 ], [ 14.687498, 53.528467 ], [ 14.685555, 53.526147 ], [ 14.681211, 53.525989 ], [ 14.678811, 53.528152 ] ] ] } },
{ "type": "Feature", "properties": { "fid": 1242, "hex_id": 1241 }, "geometry": { "type": "Polygon", "coordinates": [ [ [ 14.679268, 53.523669 ], [ 14.681211, 53.525989 ], [ 14.685555, 53.526147 ], [ 14.687954, 53.523984 ], [ 14.686011, 53.521664 ], [ 14.681668, 53.521507 ], [ 14.679268, 53.523669 ] ] ] } },
{ "type": "Feature", "properties": { "fid": 1243, "hex_id": 1242 }, "geometry": { "type": "Polygon", "coordinates": [ [ [ 14.680638, 53.510221 ], [ 14.682581, 53.512541 ], [ 14.686923, 53.512698 ], [ 14.689322, 53.510535 ], [ 14.687379, 53.508215 ], [ 14.683037, 53.508058 ], [ 14.680638, 53.510221 ] ] ] } },
{ "type": "Feature", "properties": { "fid": 1244, "hex_id": 1243 }, "geometry": { "type": "Polygon", "coordinates": [ [ [ 14.681095, 53.505738 ], [ 14.683037, 53.508058 ], [ 14.687379, 53.508215 ], [ 14.689778, 53.506052 ], [ 14.687835, 53.503732 ], [ 14.683494, 53.503575 ], [ 14.681095, 53.505738 ] ] ] } },
{ "type": "Feature", "properties": { "fid": 1245, "hex_id": 1244 }, "geometry": { "type": "Polygon", "coordinates": [ [ [ 14.681551, 53.501255 ], [ 14.683494, 53.503575 ], [ 14.687835, 53.503732 ], [ 14.690233, 53.501569 ], [ 14.688291, 53.499249 ], [ 14.68395, 53.499092 ], [ 14.681551, 53.501255 ] ] ] } },
{ "type": "Feature", "properties": { "fid": 1246, "hex_id": 1245 }, "geometry": { "type": "Polygon", "coordinates": [ [ [ 14.682008, 53.496772 ], [ 14.68395, 53.499092 ], [ 14.688291, 53.499249 ], [ 14.690689, 53.497086 ], [ 14.688746, 53.494766 ], [ 14.684406, 53.494609 ], [ 14.682008, 53.496772 ] ] ] } },
{ "type": "Feature", "properties": { "fid": 1247, "hex_id": 1246 }, "geometry": { "type": "Polygon", "coordinates": [ [ [ 14.682464, 53.492289 ], [ 14.684406, 53.494609 ], [ 14.688746, 53.494766 ], [ 14.691144, 53.492603 ], [ 14.689202, 53.490283 ], [ 14.684862, 53.490126 ], [ 14.682464, 53.492289 ] ] ] } },
{ "type": "Feature", "properties": { "fid": 1248, "hex_id": 1247 }, "geometry": { "type": "Polygon", "coordinates": [ [ [ 14.68292, 53.487806 ], [ 14.684862, 53.490126 ], [ 14.689202, 53.490283 ], [ 14.691599, 53.48812 ], [ 14.689657, 53.4858 ], [ 14.685318, 53.485643 ], [ 14.68292, 53.487806 ] ] ] } },
{ "type": "Feature", "properties": { "fid": 1249, "hex_id": 1248 }, "geometry": { "type": "Polygon", "coordinates": [ [ [ 14.683376, 53.483323 ], [ 14.685318, 53.485643 ], [ 14.689657, 53.4858 ], [ 14.692055, 53.483637 ], [ 14.690113, 53.481317 ], [ 14.685774, 53.48116 ], [ 14.683376, 53.483323 ] ] ] } },
{ "type": "Feature", "properties": { "fid": 1250, "hex_id": 1249 }, "geometry": { "type": "Polygon", "coordinates": [ [ [ 14.683832, 53.47884 ], [ 14.685774, 53.48116 ], [ 14.690113, 53.481317 ], [ 14.69251, 53.479154 ], [ 14.690568, 53.476834 ], [ 14.686229, 53.476677 ], [ 14.683832, 53.47884 ] ] ] } },
{ "type": "Feature", "properties": { "fid": 1251, "hex_id": 1250 }, "geometry": { "type": "Polygon", "coordinates": [ [ [ 14.684288, 53.474357 ], [ 14.686229, 53.476677 ], [ 14.690568, 53.476834 ], [ 14.692964, 53.474671 ], [ 14.691023, 53.472351 ], [ 14.686685, 53.472194 ], [ 14.684288, 53.474357 ] ] ] } },
{ "type": "Feature", "properties": { "fid": 1252, "hex_id": 1251 }, "geometry": { "type": "Polygon", "coordinates": [ [ [ 14.684743, 53.469874 ], [ 14.686685, 53.472194 ], [ 14.691023, 53.472351 ], [ 14.693419, 53.470188 ], [ 14.691478, 53.467868 ], [ 14.68714, 53.467711 ], [ 14.684743, 53.469874 ] ] ] } },
{ "type": "Feature", "properties": { "fid": 1253, "hex_id": 1252 }, "geometry": { "type": "Polygon", "coordinates": [ [ [ 14.685199, 53.465391 ], [ 14.68714, 53.467711 ], [ 14.691478, 53.467868 ], [ 14.693874, 53.465705 ], [ 14.691932, 53.463385 ], [ 14.687595, 53.463228 ], [ 14.685199, 53.465391 ] ] ] } },
{ "type": "Feature", "properties": { "fid": 1254, "hex_id": 1253 }, "geometry": { "type": "Polygon", "coordinates": [ [ [ 14.685654, 53.460908 ], [ 14.687595, 53.463228 ], [ 14.691932, 53.463385 ], [ 14.694328, 53.461222 ], [ 14.692387, 53.458902 ], [ 14.68805, 53.458745 ], [ 14.685654, 53.460908 ] ] ] } },
{ "type": "Feature", "properties": { "fid": 1255, "hex_id": 1254 }, "geometry": { "type": "Polygon", "coordinates": [ [ [ 14.686109, 53.456426 ], [ 14.68805, 53.458745 ], [ 14.692387, 53.458902 ], [ 14.694782, 53.456739 ], [ 14.692841, 53.454419 ], [ 14.688505, 53.454262 ], [ 14.686109, 53.456426 ] ] ] } },
{ "type": "Feature", "properties": { "fid": 1256, "hex_id": 1255 }, "geometry": { "type": "Polygon", "coordinates": [ [ [ 14.686565, 53.451943 ], [ 14.688505, 53.454262 ], [ 14.692841, 53.454419 ], [ 14.695237, 53.452256 ], [ 14.693296, 53.449936 ], [ 14.68896, 53.449779 ], [ 14.686565, 53.451943 ] ] ] } },
{ "type": "Feature", "properties": { "fid": 1257, "hex_id": 1256 }, "geometry": { "type": "Polygon", "coordinates": [ [ [ 14.68702, 53.44746 ], [ 14.68896, 53.449779 ], [ 14.693296, 53.449936 ], [ 14.695691, 53.447773 ], [ 14.69375, 53.445453 ], [ 14.689415, 53.445296 ], [ 14.68702, 53.44746 ] ] ] } },
{ "type": "Feature", "properties": { "fid": 1258, "hex_id": 1257 }, "geometry": { "type": "Polygon", "coordinates": [ [ [ 14.687475, 53.442977 ], [ 14.689415, 53.445296 ], [ 14.69375, 53.445453 ], [ 14.696145, 53.44329 ], [ 14.694204, 53.44097 ], [ 14.689869, 53.440813 ], [ 14.687475, 53.442977 ] ] ] } },
{ "type": "Feature", "properties": { "fid": 1259, "hex_id": 1258 }, "geometry": { "type": "Polygon", "coordinates": [ [ [ 14.687929, 53.438494 ], [ 14.689869, 53.440813 ], [ 14.694204, 53.44097 ], [ 14.696599, 53.438807 ], [ 14.694658, 53.436487 ], [ 14.690324, 53.43633 ], [ 14.687929, 53.438494 ] ] ] } },
{ "type": "Feature", "properties": { "fid": 1260, "hex_id": 1259 }, "geometry": { "type": "Polygon", "coordinates": [ [ [ 14.688384, 53.434011 ], [ 14.690324, 53.43633 ], [ 14.694658, 53.436487 ], [ 14.697052, 53.434324 ], [ 14.695112, 53.432004 ], [ 14.690778, 53.431847 ], [ 14.688384, 53.434011 ] ] ] } },
{ "type": "Feature", "properties": { "fid": 1261, "hex_id": 1260 }, "geometry": { "type": "Polygon", "coordinates": [ [ [ 14.688838, 53.429528 ], [ 14.690778, 53.431847 ], [ 14.695112, 53.432004 ], [ 14.697506, 53.429841 ], [ 14.695566, 53.427521 ], [ 14.691232, 53.427364 ], [ 14.688838, 53.429528 ] ] ] } },
{ "type": "Feature", "properties": { "fid": 1262, "hex_id": 1261 }, "geometry": { "type": "Polygon", "coordinates": [ [ [ 14.689293, 53.425045 ], [ 14.691232, 53.427364 ], [ 14.695566, 53.427521 ], [ 14.69796, 53.425358 ], [ 14.69602, 53.423038 ], [ 14.691687, 53.422881 ], [ 14.689293, 53.425045 ] ] ] } },
{ "type": "Feature", "properties": { "fid": 1263, "hex_id": 1262 }, "geometry": { "type": "Polygon", "coordinates": [ [ [ 14.689747, 53.420562 ], [ 14.691687, 53.422881 ], [ 14.69602, 53.423038 ], [ 14.698413, 53.420875 ], [ 14.696473, 53.418555 ], [ 14.692141, 53.418398 ], [ 14.689747, 53.420562 ] ] ] } },
{ "type": "Feature", "properties": { "fid": 1264, "hex_id": 1263 }, "geometry": { "type": "Polygon", "coordinates": [ [ [ 14.690201, 53.416079 ], [ 14.692141, 53.418398 ], [ 14.696473, 53.418555 ], [ 14.698866, 53.416391 ], [ 14.696927, 53.414072 ], [ 14.692594, 53.413915 ], [ 14.690201, 53.416079 ] ] ] } },
{ "type": "Feature", "properties": { "fid": 1265, "hex_id": 1264 }, "geometry": { "type": "Polygon", "coordinates": [ [ [ 14.690655, 53.411596 ], [ 14.692594, 53.413915 ], [ 14.696927, 53.414072 ], [ 14.699319, 53.411908 ], [ 14.69738, 53.409589 ], [ 14.693048, 53.409432 ], [ 14.690655, 53.411596 ] ] ] } },
{ "type": "Feature", "properties": { "fid": 1266, "hex_id": 1265 }, "geometry": { "type": "Polygon", "coordinates": [ [ [ 14.691109, 53.407112 ], [ 14.693048, 53.409432 ], [ 14.69738, 53.409589 ], [ 14.699772, 53.407425 ], [ 14.697833, 53.405106 ], [ 14.693502, 53.404949 ], [ 14.691109, 53.407112 ] ] ] } },
{ "type": "Feature", "properties": { "fid": 1267, "hex_id": 1266 }, "geometry": { "type": "Polygon", "coordinates": [ [ [ 14.691563, 53.402629 ], [ 14.693502, 53.404949 ], [ 14.697833, 53.405106 ], [ 14.700225, 53.402942 ], [ 14.698286, 53.400623 ], [ 14.693955, 53.400466 ], [ 14.691563, 53.402629 ] ] ] } },
{ "type": "Feature", "properties": { "fid": 1268, "hex_id": 1267 }, "geometry": { "type": "Polygon", "coordinates": [ [ [ 14.692017, 53.398146 ], [ 14.693955, 53.400466 ], [ 14.698286, 53.400623 ], [ 14.700678, 53.398459 ], [ 14.698739, 53.396139 ], [ 14.694409, 53.395983 ], [ 14.692017, 53.398146 ] ] ] } },
{ "type": "Feature", "properties": { "fid": 1269, "hex_id": 1268 }, "geometry": { "type": "Polygon", "coordinates": [ [ [ 14.69247, 53.393663 ], [ 14.694409, 53.395983 ], [ 14.698739, 53.396139 ], [ 14.701131, 53.393976 ], [ 14.699192, 53.391656 ], [ 14.694862, 53.3915 ], [ 14.69247, 53.393663 ] ] ] } },
{ "type": "Feature", "properties": { "fid": 1270, "hex_id": 1269 }, "geometry": { "type": "Polygon", "coordinates": [ [ [ 14.692924, 53.38918 ], [ 14.694862, 53.3915 ], [ 14.699192, 53.391656 ], [ 14.701583, 53.389493 ], [ 14.699645, 53.387173 ], [ 14.695315, 53.387017 ], [ 14.692924, 53.38918 ] ] ] } },
{ "type": "Feature", "properties": { "fid": 1271, "hex_id": 1270 }, "geometry": { "type": "Polygon", "coordinates": [ [ [ 14.693377, 53.384697 ], [ 14.695315, 53.387017 ], [ 14.699645, 53.387173 ], [ 14.702036, 53.38501 ], [ 14.700097, 53.38269 ], [ 14.695768, 53.382534 ], [ 14.693377, 53.384697 ] ] ] } },
{ "type": "Feature", "properties": { "fid": 1272, "hex_id": 1271 }, "geometry": { "type": "Polygon", "coordinates": [ [ [ 14.69383, 53.380214 ], [ 14.695768, 53.382534 ], [ 14.700097, 53.38269 ], [ 14.702488, 53.380527 ], [ 14.70055, 53.378207 ], [ 14.696221, 53.378051 ], [ 14.69383, 53.380214 ] ] ] } },
{ "type": "Feature", "properties": { "fid": 1273, "hex_id": 1272 }, "geometry": { "type": "Polygon", "coordinates": [ [ [ 14.694283, 53.375731 ], [ 14.696221, 53.378051 ], [ 14.70055, 53.378207 ], [ 14.70294, 53.376044 ], [ 14.701002, 53.373724 ], [ 14.696674, 53.373568 ], [ 14.694283, 53.375731 ] ] ] } },
{ "type": "Feature", "properties": { "fid": 1274, "hex_id": 1273 }, "geometry": { "type": "Polygon", "coordinates": [ [ [ 14.694736, 53.371248 ], [ 14.696674, 53.373568 ], [ 14.701002, 53.373724 ], [ 14.703392, 53.37156 ], [ 14.701454, 53.369241 ], [ 14.697126, 53.369085 ], [ 14.694736, 53.371248 ] ] ] } },
{ "type": "Feature", "properties": { "fid": 1275, "hex_id": 1274 }, "geometry": { "type": "Polygon", "coordinates": [ [ [ 14.695189, 53.366765 ], [ 14.697126, 53.369085 ], [ 14.701454, 53.369241 ], [ 14.703844, 53.367077 ], [ 14.701906, 53.364758 ], [ 14.697579, 53.364602 ], [ 14.695189, 53.366765 ] ] ] } },
{ "type": "Feature", "properties": { "fid": 1276, "hex_id": 1275 }, "geometry": { "type": "Polygon", "coordinates": [ [ [ 14.695642, 53.362282 ], [ 14.697579, 53.364602 ], [ 14.701906, 53.364758 ], [ 14.704296, 53.362594 ], [ 14.702358, 53.360275 ], [ 14.698031, 53.360118 ], [ 14.695642, 53.362282 ] ] ] } },
{ "type": "Feature", "properties": { "fid": 1277, "hex_id": 1276 }, "geometry": { "type": "Polygon", "coordinates": [ [ [ 14.696094, 53.357799 ], [ 14.698031, 53.360118 ], [ 14.702358, 53.360275 ], [ 14.704747, 53.358111 ], [ 14.70281, 53.355791 ], [ 14.698484, 53.355635 ], [ 14.696094, 53.357799 ] ] ] } },
{ "type": "Feature", "properties": { "fid": 1278, "hex_id": 1277 }, "geometry": { "type": "Polygon", "coordinates": [ [ [ 14.686923, 53.512698 ], [ 14.688866, 53.515018 ], [ 14.693209, 53.515174 ], [ 14.695608, 53.513011 ], [ 14.693664, 53.510692 ], [ 14.689322, 53.510535 ], [ 14.686923, 53.512698 ] ] ] } },
{ "type": "Feature", "properties": { "fid": 1279, "hex_id": 1278 }, "geometry": { "type": "Polygon", "coordinates": [ [ [ 14.687379, 53.508215 ], [ 14.689322, 53.510535 ], [ 14.693664, 53.510692 ], [ 14.696063, 53.508528 ], [ 14.694119, 53.506209 ], [ 14.689778, 53.506052 ], [ 14.687379, 53.508215 ] ] ] } },
{ "type": "Feature", "properties": { "fid": 1280, "hex_id": 1279 }, "geometry": { "type": "Polygon", "coordinates": [ [ [ 14.687835, 53.503732 ], [ 14.689778, 53.506052 ], [ 14.694119, 53.506209 ], [ 14.696518, 53.504045 ], [ 14.694575, 53.501726 ], [ 14.690233, 53.501569 ], [ 14.687835, 53.503732 ] ] ] } },
{ "type": "Feature", "properties": { "fid": 1281, "hex_id": 1280 }, "geometry": { "type": "Polygon", "coordinates": [ [ [ 14.688291, 53.499249 ], [ 14.690233, 53.501569 ], [ 14.694575, 53.501726 ], [ 14.696973, 53.499562 ], [ 14.69503, 53.497243 ], [ 14.690689, 53.497086 ], [ 14.688291, 53.499249 ] ] ] } },
{ "type": "Feature", "properties": { "fid": 1282, "hex_id": 1281 }, "geometry": { "type": "Polygon", "coordinates": [ [ [ 14.688746, 53.494766 ], [ 14.690689, 53.497086 ], [ 14.69503, 53.497243 ], [ 14.697427, 53.495079 ], [ 14.695484, 53.49276 ], [ 14.691144, 53.492603 ], [ 14.688746, 53.494766 ] ] ] } },
{ "type": "Feature", "properties": { "fid": 1283, "hex_id": 1282 }, "geometry": { "type": "Polygon", "coordinates": [ [ [ 14.689202, 53.490283 ], [ 14.691144, 53.492603 ], [ 14.695484, 53.49276 ], [ 14.697882, 53.490596 ], [ 14.695939, 53.488277 ], [ 14.691599, 53.48812 ], [ 14.689202, 53.490283 ] ] ] } },
{ "type": "Feature", "properties": { "fid": 1284, "hex_id": 1283 }, "geometry": { "type": "Polygon", "coordinates": [ [ [ 14.689657, 53.4858 ], [ 14.691599, 53.48812 ], [ 14.695939, 53.488277 ], [ 14.698336, 53.486113 ], [ 14.696394, 53.483794 ], [ 14.692055, 53.483637 ], [ 14.689657, 53.4858 ] ] ] } },
{ "type": "Feature", "properties": { "fid": 1285, "hex_id": 1284 }, "geometry": { "type": "Polygon", "coordinates": [ [ [ 14.690113, 53.481317 ], [ 14.692055, 53.483637 ], [ 14.696394, 53.483794 ], [ 14.698791, 53.48163 ], [ 14.696848, 53.479311 ], [ 14.69251, 53.479154 ], [ 14.690113, 53.481317 ] ] ] } },
{ "type": "Feature", "properties": { "fid": 1286, "hex_id": 1285 }, "geometry": { "type": "Polygon", "coordinates": [ [ [ 14.690568, 53.476834 ], [ 14.69251, 53.479154 ], [ 14.696848, 53.479311 ], [ 14.699245, 53.477147 ], [ 14.697303, 53.474828 ], [ 14.692964, 53.474671 ], [ 14.690568, 53.476834 ] ] ] } },
{ "type": "Feature", "properties": { "fid": 1287, "hex_id": 1286 }, "geometry": { "type": "Polygon", "coordinates": [ [ [ 14.691023, 53.472351 ], [ 14.692964, 53.474671 ], [ 14.697303, 53.474828 ], [ 14.699699, 53.472664 ], [ 14.697757, 53.470345 ], [ 14.693419, 53.470188 ], [ 14.691023, 53.472351 ] ] ] } },
{ "type": "Feature", "properties": { "fid": 1288, "hex_id": 1287 }, "geometry": { "type": "Polygon", "coordinates": [ [ [ 14.691478, 53.467868 ], [ 14.693419, 53.470188 ], [ 14.697757, 53.470345 ], [ 14.700153, 53.468181 ], [ 14.698211, 53.465861 ], [ 14.693874, 53.465705 ], [ 14.691478, 53.467868 ] ] ] } },
{ "type": "Feature", "properties": { "fid": 1289, "hex_id": 1288 }, "geometry": { "type": "Polygon", "coordinates": [ [ [ 14.691932, 53.463385 ], [ 14.693874, 53.465705 ], [ 14.698211, 53.465861 ], [ 14.700607, 53.463698 ], [ 14.698665, 53.461378 ], [ 14.694328, 53.461222 ], [ 14.691932, 53.463385 ] ] ] } },
{ "type": "Feature", "properties": { "fid": 1290, "hex_id": 1289 }, "geometry": { "type": "Polygon", "coordinates": [ [ [ 14.692387, 53.458902 ], [ 14.694328, 53.461222 ], [ 14.698665, 53.461378 ], [ 14.701061, 53.459215 ], [ 14.699119, 53.456895 ], [ 14.694782, 53.456739 ], [ 14.692387, 53.458902 ] ] ] } },
{ "type": "Feature", "properties": { "fid": 1291, "hex_id": 1290 }, "geometry": { "type": "Polygon", "coordinates": [ [ [ 14.692841, 53.454419 ], [ 14.694782, 53.456739 ], [ 14.699119, 53.456895 ], [ 14.701514, 53.454732 ], [ 14.699573, 53.452412 ], [ 14.695237, 53.452256 ], [ 14.692841, 53.454419 ] ] ] } },
{ "type": "Feature", "properties": { "fid": 1292, "hex_id": 1291 }, "geometry": { "type": "Polygon", "coordinates": [ [ [ 14.693296, 53.449936 ], [ 14.695237, 53.452256 ], [ 14.699573, 53.452412 ], [ 14.701968, 53.450249 ], [ 14.700026, 53.447929 ], [ 14.695691, 53.447773 ], [ 14.693296, 53.449936 ] ] ] } },
{ "type": "Feature", "properties": { "fid": 1293, "hex_id": 1292 }, "geometry": { "type": "Polygon", "coordinates": [ [ [ 14.69375, 53.445453 ], [ 14.695691, 53.447773 ], [ 14.700026, 53.447929 ], [ 14.702421, 53.445766 ], [ 14.70048, 53.443446 ], [ 14.696145, 53.44329 ], [ 14.69375, 53.445453 ] ] ] } },
{ "type": "Feature", "properties": { "fid": 1294, "hex_id": 1293 }, "geometry": { "type": "Polygon", "coordinates": [ [ [ 14.694204, 53.44097 ], [ 14.696145, 53.44329 ], [ 14.70048, 53.443446 ], [ 14.702874, 53.441283 ], [ 14.700933, 53.438963 ], [ 14.696599, 53.438807 ], [ 14.694204, 53.44097 ] ] ] } },
{ "type": "Feature", "properties": { "fid": 1295, "hex_id": 1294 }, "geometry": { "type": "Polygon", "coordinates": [ [ [ 14.694658, 53.436487 ], [ 14.696599, 53.438807 ], [ 14.700933, 53.438963 ], [ 14.703327, 53.4368 ], [ 14.701387, 53.43448 ], [ 14.697052, 53.434324 ], [ 14.694658, 53.436487 ] ] ] } },
{ "type": "Feature", "properties": { "fid": 1296, "hex_id": 1295 }, "geometry": { "type": "Polygon", "coordinates": [ [ [ 14.695112, 53.432004 ], [ 14.697052, 53.434324 ], [ 14.701387, 53.43448 ], [ 14.70378, 53.432317 ], [ 14.70184, 53.429997 ], [ 14.697506, 53.429841 ], [ 14.695112, 53.432004 ] ] ] } },
{ "type": "Feature", "properties": { "fid": 1297, "hex_id": 1296 }, "geometry": { "type": "Polygon", "coordinates": [ [ [ 14.695566, 53.427521 ], [ 14.697506, 53.429841 ], [ 14.70184, 53.429997 ], [ 14.704233, 53.427834 ], [ 14.702293, 53.425514 ], [ 14.69796, 53.425358 ], [ 14.695566, 53.427521 ] ] ] } },
{ "type": "Feature", "properties": { "fid": 1298, "hex_id": 1297 }, "geometry": { "type": "Polygon", "coordinates": [ [ [ 14.69602, 53.423038 ], [ 14.69796, 53.425358 ], [ 14.702293, 53.425514 ], [ 14.704686, 53.42335 ], [ 14.702746, 53.421031 ], [ 14.698413, 53.420875 ], [ 14.69602, 53.423038 ] ] ] } },
{ "type": "Feature", "properties": { "fid": 1299, "hex_id": 1298 }, "geometry": { "type": "Polygon", "coordinates": [ [ [ 14.696473, 53.418555 ], [ 14.698413, 53.420875 ], [ 14.702746, 53.421031 ], [ 14.705139, 53.418867 ], [ 14.703199, 53.416548 ], [ 14.698866, 53.416391 ], [ 14.696473, 53.418555 ] ] ] } },
{ "type": "Feature", "properties": { "fid": 1300, "hex_id": 1299 }, "geometry": { "type": "Polygon", "coordinates": [ [ [ 14.696927, 53.414072 ], [ 14.698866, 53.416391 ], [ 14.703199, 53.416548 ], [ 14.705591, 53.414384 ], [ 14.703651, 53.412065 ], [ 14.699319, 53.411908 ], [ 14.696927, 53.414072 ] ] ] } },
{ "type": "Feature", "properties": { "fid": 1301, "hex_id": 1300 }, "geometry": { "type": "Polygon", "coordinates": [ [ [ 14.69738, 53.409589 ], [ 14.699319, 53.411908 ], [ 14.703651, 53.412065 ], [ 14.706044, 53.409901 ], [ 14.704104, 53.407582 ], [ 14.699772, 53.407425 ], [ 14.69738, 53.409589 ] ] ] } },
{ "type": "Feature", "properties": { "fid": 1302, "hex_id": 1301 }, "geometry": { "type": "Polygon", "coordinates": [ [ [ 14.697833, 53.405106 ], [ 14.699772, 53.407425 ], [ 14.704104, 53.407582 ], [ 14.706496, 53.405418 ], [ 14.704556, 53.403098 ], [ 14.700225, 53.402942 ], [ 14.697833, 53.405106 ] ] ] } },
{ "type": "Feature", "properties": { "fid": 1303, "hex_id": 1302 }, "geometry": { "type": "Polygon", "coordinates": [ [ [ 14.698286, 53.400623 ], [ 14.700225, 53.402942 ], [ 14.704556, 53.403098 ], [ 14.706948, 53.400935 ], [ 14.705009, 53.398615 ], [ 14.700678, 53.398459 ], [ 14.698286, 53.400623 ] ] ] } },
{ "type": "Feature", "properties": { "fid": 1304, "hex_id": 1303 }, "geometry": { "type": "Polygon", "coordinates": [ [ [ 14.698739, 53.396139 ], [ 14.700678, 53.398459 ], [ 14.705009, 53.398615 ], [ 14.7074, 53.396452 ], [ 14.705461, 53.394132 ], [ 14.701131, 53.393976 ], [ 14.698739, 53.396139 ] ] ] } },
{ "type": "Feature", "properties": { "fid": 1305, "hex_id": 1304 }, "geometry": { "type": "Polygon", "coordinates": [ [ [ 14.699192, 53.391656 ], [ 14.701131, 53.393976 ], [ 14.705461, 53.394132 ], [ 14.707852, 53.391969 ], [ 14.705913, 53.389649 ], [ 14.701583, 53.389493 ], [ 14.699192, 53.391656 ] ] ] } },
{ "type": "Feature", "properties": { "fid": 1306, "hex_id": 1305 }, "geometry": { "type": "Polygon", "coordinates": [ [ [ 14.699645, 53.387173 ], [ 14.701583, 53.389493 ], [ 14.705913, 53.389649 ], [ 14.708304, 53.387485 ], [ 14.706365, 53.385166 ], [ 14.702036, 53.38501 ], [ 14.699645, 53.387173 ] ] ] } },
{ "type": "Feature", "properties": { "fid": 1307, "hex_id": 1306 }, "geometry": { "type": "Polygon", "coordinates": [ [ [ 14.700097, 53.38269 ], [ 14.702036, 53.38501 ], [ 14.706365, 53.385166 ], [ 14.708755, 53.383002 ], [ 14.706817, 53.380683 ], [ 14.702488, 53.380527 ], [ 14.700097, 53.38269 ] ] ] } },
{ "type": "Feature", "properties": { "fid": 1308, "hex_id": 1307 }, "geometry": { "type": "Polygon", "coordinates": [ [ [ 14.70055, 53.378207 ], [ 14.702488, 53.380527 ], [ 14.706817, 53.380683 ], [ 14.709207, 53.378519 ], [ 14.707268, 53.3762 ], [ 14.70294, 53.376044 ], [ 14.70055, 53.378207 ] ] ] } },
{ "type": "Feature", "properties": { "fid": 1309, "hex_id": 1308 }, "geometry": { "type": "Polygon", "coordinates": [ [ [ 14.701002, 53.373724 ], [ 14.70294, 53.376044 ], [ 14.707268, 53.3762 ], [ 14.709658, 53.374036 ], [ 14.70772, 53.371716 ], [ 14.703392, 53.37156 ], [ 14.701002, 53.373724 ] ] ] } },
{ "type": "Feature", "properties": { "fid": 1310, "hex_id": 1309 }, "geometry": { "type": "Polygon", "coordinates": [ [ [ 14.701454, 53.369241 ], [ 14.703392, 53.37156 ], [ 14.70772, 53.371716 ], [ 14.71011, 53.369553 ], [ 14.708171, 53.367233 ], [ 14.703844, 53.367077 ], [ 14.701454, 53.369241 ] ] ] } },
{ "type": "Feature", "properties": { "fid": 1311, "hex_id": 1310 }, "geometry": { "type": "Polygon", "coordinates": [ [ [ 14.701906, 53.364758 ], [ 14.703844, 53.367077 ], [ 14.708171, 53.367233 ], [ 14.710561, 53.36507 ], [ 14.708623, 53.36275 ], [ 14.704296, 53.362594 ], [ 14.701906, 53.364758 ] ] ] } },
{ "type": "Feature", "properties": { "fid": 1312, "hex_id": 1311 }, "geometry": { "type": "Polygon", "coordinates": [ [ [ 14.702358, 53.360275 ], [ 14.704296, 53.362594 ], [ 14.708623, 53.36275 ], [ 14.711012, 53.360586 ], [ 14.709074, 53.358267 ], [ 14.704747, 53.358111 ], [ 14.702358, 53.360275 ] ] ] } },
{ "type": "Feature", "properties": { "fid": 1313, "hex_id": 1312 }, "geometry": { "type": "Polygon", "coordinates": [ [ [ 14.703262, 53.351308 ], [ 14.705199, 53.353628 ], [ 14.709525, 53.353784 ], [ 14.711914, 53.35162 ], [ 14.709976, 53.349301 ], [ 14.70565, 53.349145 ], [ 14.703262, 53.351308 ] ] ] } },
{ "type": "Feature", "properties": { "fid": 1314, "hex_id": 1313 }, "geometry": { "type": "Polygon", "coordinates": [ [ [ 14.693664, 53.510692 ], [ 14.695608, 53.513011 ], [ 14.69995, 53.513168 ], [ 14.702348, 53.511005 ], [ 14.700405, 53.508685 ], [ 14.696063, 53.508528 ], [ 14.693664, 53.510692 ] ] ] } },
{ "type": "Feature", "properties": { "fid": 1315, "hex_id": 1314 }, "geometry": { "type": "Polygon", "coordinates": [ [ [ 14.694119, 53.506209 ], [ 14.696063, 53.508528 ], [ 14.700405, 53.508685 ], [ 14.702803, 53.506522 ], [ 14.700859, 53.504202 ], [ 14.696518, 53.504045 ], [ 14.694119, 53.506209 ] ] ] } },
{ "type": "Feature", "properties": { "fid": 1316, "hex_id": 1315 }, "geometry": { "type": "Polygon", "coordinates": [ [ [ 14.694575, 53.501726 ], [ 14.696518, 53.504045 ], [ 14.700859, 53.504202 ], [ 14.703257, 53.502039 ], [ 14.701313, 53.499719 ], [ 14.696973, 53.499562 ], [ 14.694575, 53.501726 ] ] ] } },
{ "type": "Feature", "properties": { "fid": 1317, "hex_id": 1316 }, "geometry": { "type": "Polygon", "coordinates": [ [ [ 14.69503, 53.497243 ], [ 14.696973, 53.499562 ], [ 14.701313, 53.499719 ], [ 14.703711, 53.497555 ], [ 14.701768, 53.495236 ], [ 14.697427, 53.495079 ], [ 14.69503, 53.497243 ] ] ] } },
{ "type": "Feature", "properties": { "fid": 1318, "hex_id": 1317 }, "geometry": { "type": "Polygon", "coordinates": [ [ [ 14.695484, 53.49276 ], [ 14.697427, 53.495079 ], [ 14.701768, 53.495236 ], [ 14.704165, 53.493072 ], [ 14.702222, 53.490753 ], [ 14.697882, 53.490596 ], [ 14.695484, 53.49276 ] ] ] } },
{ "type": "Feature", "properties": { "fid": 1319, "hex_id": 1318 }, "geometry": { "type": "Polygon", "coordinates": [ [ [ 14.696394, 53.483794 ], [ 14.698336, 53.486113 ], [ 14.702676, 53.48627 ], [ 14.705073, 53.484106 ], [ 14.70313, 53.481787 ], [ 14.698791, 53.48163 ], [ 14.696394, 53.483794 ] ] ] } },
{ "type": "Feature", "properties": { "fid": 1320, "hex_id": 1319 }, "geometry": { "type": "Polygon", "coordinates": [ [ [ 14.696848, 53.479311 ], [ 14.698791, 53.48163 ], [ 14.70313, 53.481787 ], [ 14.705526, 53.479623 ], [ 14.703584, 53.477304 ], [ 14.699245, 53.477147 ], [ 14.696848, 53.479311 ] ] ] } },
{ "type": "Feature", "properties": { "fid": 1321, "hex_id": 1320 }, "geometry": { "type": "Polygon", "coordinates": [ [ [ 14.697757, 53.470345 ], [ 14.699699, 53.472664 ], [ 14.704037, 53.472821 ], [ 14.706433, 53.470657 ], [ 14.704491, 53.468337 ], [ 14.700153, 53.468181 ], [ 14.697757, 53.470345 ] ] ] } },
{ "type": "Feature", "properties": { "fid": 1322, "hex_id": 1321 }, "geometry": { "type": "Polygon", "coordinates": [ [ [ 14.698211, 53.465861 ], [ 14.700153, 53.468181 ], [ 14.704491, 53.468337 ], [ 14.706886, 53.466174 ], [ 14.704944, 53.463854 ], [ 14.700607, 53.463698 ], [ 14.698211, 53.465861 ] ] ] } },
{ "type": "Feature", "properties": { "fid": 1323, "hex_id": 1322 }, "geometry": { "type": "Polygon", "coordinates": [ [ [ 14.698665, 53.461378 ], [ 14.700607, 53.463698 ], [ 14.704944, 53.463854 ], [ 14.707339, 53.461691 ], [ 14.705397, 53.459371 ], [ 14.701061, 53.459215 ], [ 14.698665, 53.461378 ] ] ] } },
{ "type": "Feature", "properties": { "fid": 1324, "hex_id": 1323 }, "geometry": { "type": "Polygon", "coordinates": [ [ [ 14.699119, 53.456895 ], [ 14.701061, 53.459215 ], [ 14.705397, 53.459371 ], [ 14.707792, 53.457208 ], [ 14.705851, 53.454888 ], [ 14.701514, 53.454732 ], [ 14.699119, 53.456895 ] ] ] } },
{ "type": "Feature", "properties": { "fid": 1325, "hex_id": 1324 }, "geometry": { "type": "Polygon", "coordinates": [ [ [ 14.699573, 53.452412 ], [ 14.701514, 53.454732 ], [ 14.705851, 53.454888 ], [ 14.708245, 53.452725 ], [ 14.706304, 53.450405 ], [ 14.701968, 53.450249 ], [ 14.699573, 53.452412 ] ] ] } },
{ "type": "Feature", "properties": { "fid": 1326, "hex_id": 1325 }, "geometry": { "type": "Polygon", "coordinates": [ [ [ 14.700026, 53.447929 ], [ 14.701968, 53.450249 ], [ 14.706304, 53.450405 ], [ 14.708698, 53.448242 ], [ 14.706756, 53.445922 ], [ 14.702421, 53.445766 ], [ 14.700026, 53.447929 ] ] ] } },
{ "type": "Feature", "properties": { "fid": 1327, "hex_id": 1326 }, "geometry": { "type": "Polygon", "coordinates": [ [ [ 14.70048, 53.443446 ], [ 14.702421, 53.445766 ], [ 14.706756, 53.445922 ], [ 14.709151, 53.443759 ], [ 14.707209, 53.441439 ], [ 14.702874, 53.441283 ], [ 14.70048, 53.443446 ] ] ] } },
{ "type": "Feature", "properties": { "fid": 1328, "hex_id": 1327 }, "geometry": { "type": "Polygon", "coordinates": [ [ [ 14.700933, 53.438963 ], [ 14.702874, 53.441283 ], [ 14.707209, 53.441439 ], [ 14.709603, 53.439275 ], [ 14.707662, 53.436956 ], [ 14.703327, 53.4368 ], [ 14.700933, 53.438963 ] ] ] } },
{ "type": "Feature", "properties": { "fid": 1329, "hex_id": 1328 }, "geometry": { "type": "Polygon", "coordinates": [ [ [ 14.70184, 53.429997 ], [ 14.70378, 53.432317 ], [ 14.708114, 53.432473 ], [ 14.710508, 53.430309 ], [ 14.708567, 53.42799 ], [ 14.704233, 53.427834 ], [ 14.70184, 53.429997 ] ] ] } },
{ "type": "Feature", "properties": { "fid": 1330, "hex_id": 1329 }, "geometry": { "type": "Polygon", "coordinates": [ [ [ 14.702293, 53.425514 ], [ 14.704233, 53.427834 ], [ 14.708567, 53.42799 ], [ 14.71096, 53.425826 ], [ 14.709019, 53.423506 ], [ 14.704686, 53.42335 ], [ 14.702293, 53.425514 ] ] ] } },
{ "type": "Feature", "properties": { "fid": 1331, "hex_id": 1330 }, "geometry": { "type": "Polygon", "coordinates": [ [ [ 14.702746, 53.421031 ], [ 14.704686, 53.42335 ], [ 14.709019, 53.423506 ], [ 14.711412, 53.421343 ], [ 14.709471, 53.419023 ], [ 14.705139, 53.418867 ], [ 14.702746, 53.421031 ] ] ] } },
{ "type": "Feature", "properties": { "fid": 1332, "hex_id": 1331 }, "geometry": { "type": "Polygon", "coordinates": [ [ [ 14.703199, 53.416548 ], [ 14.705139, 53.418867 ], [ 14.709471, 53.419023 ], [ 14.711864, 53.41686 ], [ 14.709923, 53.41454 ], [ 14.705591, 53.414384 ], [ 14.703199, 53.416548 ] ] ] } },
{ "type": "Feature", "properties": { "fid": 1333, "hex_id": 1332 }, "geometry": { "type": "Polygon", "coordinates": [ [ [ 14.703651, 53.412065 ], [ 14.705591, 53.414384 ], [ 14.709923, 53.41454 ], [ 14.712315, 53.412377 ], [ 14.710375, 53.410057 ], [ 14.706044, 53.409901 ], [ 14.703651, 53.412065 ] ] ] } },
{ "type": "Feature", "properties": { "fid": 1334, "hex_id": 1333 }, "geometry": { "type": "Polygon", "coordinates": [ [ [ 14.704104, 53.407582 ], [ 14.706044, 53.409901 ], [ 14.710375, 53.410057 ], [ 14.712767, 53.407893 ], [ 14.710827, 53.405574 ], [ 14.706496, 53.405418 ], [ 14.704104, 53.407582 ] ] ] } },
{ "type": "Feature", "properties": { "fid": 1335, "hex_id": 1334 }, "geometry": { "type": "Polygon", "coordinates": [ [ [ 14.704556, 53.403098 ], [ 14.706496, 53.405418 ], [ 14.710827, 53.405574 ], [ 14.713219, 53.40341 ], [ 14.711279, 53.401091 ], [ 14.706948, 53.400935 ], [ 14.704556, 53.403098 ] ] ] } },
{ "type": "Feature", "properties": { "fid": 1336, "hex_id": 1335 }, "geometry": { "type": "Polygon", "coordinates": [ [ [ 14.705009, 53.398615 ], [ 14.706948, 53.400935 ], [ 14.711279, 53.401091 ], [ 14.71367, 53.398927 ], [ 14.71173, 53.396608 ], [ 14.7074, 53.396452 ], [ 14.705009, 53.398615 ] ] ] } },
{ "type": "Feature", "properties": { "fid": 1337, "hex_id": 1336 }, "geometry": { "type": "Polygon", "coordinates": [ [ [ 14.705461, 53.394132 ], [ 14.7074, 53.396452 ], [ 14.71173, 53.396608 ], [ 14.714121, 53.394444 ], [ 14.712182, 53.392124 ], [ 14.707852, 53.391969 ], [ 14.705461, 53.394132 ] ] ] } },
{ "type": "Feature", "properties": { "fid": 1338, "hex_id": 1337 }, "geometry": { "type": "Polygon", "coordinates": [ [ [ 14.705913, 53.389649 ], [ 14.707852, 53.391969 ], [ 14.712182, 53.392124 ], [ 14.714573, 53.389961 ], [ 14.712633, 53.387641 ], [ 14.708304, 53.387485 ], [ 14.705913, 53.389649 ] ] ] } },
{ "type": "Feature", "properties": { "fid": 1339, "hex_id": 1338 }, "geometry": { "type": "Polygon", "coordinates": [ [ [ 14.706365, 53.385166 ], [ 14.708304, 53.387485 ], [ 14.712633, 53.387641 ], [ 14.715024, 53.385478 ], [ 14.713084, 53.383158 ], [ 14.708755, 53.383002 ], [ 14.706365, 53.385166 ] ] ] } },
{ "type": "Feature", "properties": { "fid": 1340, "hex_id": 1339 }, "geometry": { "type": "Polygon", "coordinates": [ [ [ 14.706817, 53.380683 ], [ 14.708755, 53.383002 ], [ 14.713084, 53.383158 ], [ 14.715474, 53.380994 ], [ 14.713536, 53.378675 ], [ 14.709207, 53.378519 ], [ 14.706817, 53.380683 ] ] ] } },
{ "type": "Feature", "properties": { "fid": 1341, "hex_id": 1340 }, "geometry": { "type": "Polygon", "coordinates": [ [ [ 14.707268, 53.3762 ], [ 14.709207, 53.378519 ], [ 14.713536, 53.378675 ], [ 14.715925, 53.376511 ], [ 14.713987, 53.374192 ], [ 14.709658, 53.374036 ], [ 14.707268, 53.3762 ] ] ] } },
{ "type": "Feature", "properties": { "fid": 1342, "hex_id": 1341 }, "geometry": { "type": "Polygon", "coordinates": [ [ [ 14.70772, 53.371716 ], [ 14.709658, 53.374036 ], [ 14.713987, 53.374192 ], [ 14.716376, 53.372028 ], [ 14.714437, 53.369708 ], [ 14.71011, 53.369553 ], [ 14.70772, 53.371716 ] ] ] } },
{ "type": "Feature", "properties": { "fid": 1343, "hex_id": 1342 }, "geometry": { "type": "Polygon", "coordinates": [ [ [ 14.708171, 53.367233 ], [ 14.71011, 53.369553 ], [ 14.714437, 53.369708 ], [ 14.716827, 53.367545 ], [ 14.714888, 53.365225 ], [ 14.710561, 53.36507 ], [ 14.708171, 53.367233 ] ] ] } },
{ "type": "Feature", "properties": { "fid": 1344, "hex_id": 1343 }, "geometry": { "type": "Polygon", "coordinates": [ [ [ 14.708623, 53.36275 ], [ 14.710561, 53.36507 ], [ 14.714888, 53.365225 ], [ 14.717277, 53.363061 ], [ 14.715339, 53.360742 ], [ 14.711012, 53.360586 ], [ 14.708623, 53.36275 ] ] ] } },
{ "type": "Feature", "properties": { "fid": 1345, "hex_id": 1344 }, "geometry": { "type": "Polygon", "coordinates": [ [ [ 14.709525, 53.353784 ], [ 14.711463, 53.356103 ], [ 14.715789, 53.356259 ], [ 14.718178, 53.354095 ], [ 14.71624, 53.351776 ], [ 14.711914, 53.35162 ], [ 14.709525, 53.353784 ] ] ] } },
{ "type": "Feature", "properties": { "fid": 1346, "hex_id": 1345 }, "geometry": { "type": "Polygon", "coordinates": [ [ [ 14.709976, 53.349301 ], [ 14.711914, 53.35162 ], [ 14.71624, 53.351776 ], [ 14.718628, 53.349612 ], [ 14.71669, 53.347292 ], [ 14.712364, 53.347137 ], [ 14.709976, 53.349301 ] ] ] } },
{ "type": "Feature", "properties": { "fid": 1347, "hex_id": 1346 }, "geometry": { "type": "Polygon", "coordinates": [ [ [ 14.710427, 53.344817 ], [ 14.712364, 53.347137 ], [ 14.71669, 53.347292 ], [ 14.719078, 53.345129 ], [ 14.71714, 53.342809 ], [ 14.712815, 53.342654 ], [ 14.710427, 53.344817 ] ] ] } },
{ "type": "Feature", "properties": { "fid": 1348, "hex_id": 1347 }, "geometry": { "type": "Polygon", "coordinates": [ [ [ 14.700859, 53.504202 ], [ 14.702803, 53.506522 ], [ 14.707144, 53.506678 ], [ 14.709542, 53.504514 ], [ 14.707598, 53.502195 ], [ 14.703257, 53.502039 ], [ 14.700859, 53.504202 ] ] ] } },
{ "type": "Feature", "properties": { "fid": 1349, "hex_id": 1348 }, "geometry": { "type": "Polygon", "coordinates": [ [ [ 14.704491, 53.468337 ], [ 14.706433, 53.470657 ], [ 14.710771, 53.470813 ], [ 14.713166, 53.46865 ], [ 14.711224, 53.46633 ], [ 14.706886, 53.466174 ], [ 14.704491, 53.468337 ] ] ] } },
{ "type": "Feature", "properties": { "fid": 1350, "hex_id": 1349 }, "geometry": { "type": "Polygon", "coordinates": [ [ [ 14.704944, 53.463854 ], [ 14.706886, 53.466174 ], [ 14.711224, 53.46633 ], [ 14.713619, 53.464166 ], [ 14.711676, 53.461847 ], [ 14.707339, 53.461691 ], [ 14.704944, 53.463854 ] ] ] } },
{ "type": "Feature", "properties": { "fid": 1351, "hex_id": 1350 }, "geometry": { "type": "Polygon", "coordinates": [ [ [ 14.705397, 53.459371 ], [ 14.707339, 53.461691 ], [ 14.711676, 53.461847 ], [ 14.714071, 53.459683 ], [ 14.712129, 53.457364 ], [ 14.707792, 53.457208 ], [ 14.705397, 53.459371 ] ] ] } },
{ "type": "Feature", "properties": { "fid": 1352, "hex_id": 1351 }, "geometry": { "type": "Polygon", "coordinates": [ [ [ 14.705851, 53.454888 ], [ 14.707792, 53.457208 ], [ 14.712129, 53.457364 ], [ 14.714523, 53.4552 ], [ 14.712581, 53.452881 ], [ 14.708245, 53.452725 ], [ 14.705851, 53.454888 ] ] ] } },
{ "type": "Feature", "properties": { "fid": 1353, "hex_id": 1352 }, "geometry": { "type": "Polygon", "coordinates": [ [ [ 14.706304, 53.450405 ], [ 14.708245, 53.452725 ], [ 14.712581, 53.452881 ], [ 14.714976, 53.450717 ], [ 14.713034, 53.448398 ], [ 14.708698, 53.448242 ], [ 14.706304, 53.450405 ] ] ] } },
{ "type": "Feature", "properties": { "fid": 1354, "hex_id": 1353 }, "geometry": { "type": "Polygon", "coordinates": [ [ [ 14.706756, 53.445922 ], [ 14.708698, 53.448242 ], [ 14.713034, 53.448398 ], [ 14.715428, 53.446234 ], [ 14.713486, 53.443914 ], [ 14.709151, 53.443759 ], [ 14.706756, 53.445922 ] ] ] } },
{ "type": "Feature", "properties": { "fid": 1355, "hex_id": 1354 }, "geometry": { "type": "Polygon", "coordinates": [ [ [ 14.708567, 53.42799 ], [ 14.710508, 53.430309 ], [ 14.714842, 53.430465 ], [ 14.717234, 53.428301 ], [ 14.715293, 53.425982 ], [ 14.71096, 53.425826 ], [ 14.708567, 53.42799 ] ] ] } },
{ "type": "Feature", "properties": { "fid": 1356, "hex_id": 1355 }, "geometry": { "type": "Polygon", "coordinates": [ [ [ 14.709019, 53.423506 ], [ 14.71096, 53.425826 ], [ 14.715293, 53.425982 ], [ 14.717686, 53.423818 ], [ 14.715745, 53.421499 ], [ 14.711412, 53.421343 ], [ 14.709019, 53.423506 ] ] ] } },
{ "type": "Feature", "properties": { "fid": 1357, "hex_id": 1356 }, "geometry": { "type": "Polygon", "coordinates": [ [ [ 14.709471, 53.419023 ], [ 14.711412, 53.421343 ], [ 14.715745, 53.421499 ], [ 14.718137, 53.419335 ], [ 14.716196, 53.417016 ], [ 14.711864, 53.41686 ], [ 14.709471, 53.419023 ] ] ] } },
{ "type": "Feature", "properties": { "fid": 1358, "hex_id": 1357 }, "geometry": { "type": "Polygon", "coordinates": [ [ [ 14.709923, 53.41454 ], [ 14.711864, 53.41686 ], [ 14.716196, 53.417016 ], [ 14.718588, 53.414852 ], [ 14.716648, 53.412532 ], [ 14.712315, 53.412377 ], [ 14.709923, 53.41454 ] ] ] } },
{ "type": "Feature", "properties": { "fid": 1359, "hex_id": 1358 }, "geometry": { "type": "Polygon", "coordinates": [ [ [ 14.710375, 53.410057 ], [ 14.712315, 53.412377 ], [ 14.716648, 53.412532 ], [ 14.719039, 53.410369 ], [ 14.717099, 53.408049 ], [ 14.712767, 53.407893 ], [ 14.710375, 53.410057 ] ] ] } },
{ "type": "Feature", "properties": { "fid": 1360, "hex_id": 1359 }, "geometry": { "type": "Polygon", "coordinates": [ [ [ 14.710827, 53.405574 ], [ 14.712767, 53.407893 ], [ 14.717099, 53.408049 ], [ 14.71949, 53.405885 ], [ 14.71755, 53.403566 ], [ 14.713219, 53.40341 ], [ 14.710827, 53.405574 ] ] ] } },
{ "type": "Feature", "properties": { "fid": 1361, "hex_id": 1360 }, "geometry": { "type": "Polygon", "coordinates": [ [ [ 14.711279, 53.401091 ], [ 14.713219, 53.40341 ], [ 14.71755, 53.403566 ], [ 14.719941, 53.401402 ], [ 14.718001, 53.399083 ], [ 14.71367, 53.398927 ], [ 14.711279, 53.401091 ] ] ] } },
{ "type": "Feature", "properties": { "fid": 1362, "hex_id": 1361 }, "geometry": { "type": "Polygon", "coordinates": [ [ [ 14.71173, 53.396608 ], [ 14.71367, 53.398927 ], [ 14.718001, 53.399083 ], [ 14.720392, 53.396919 ], [ 14.718452, 53.3946 ], [ 14.714121, 53.394444 ], [ 14.71173, 53.396608 ] ] ] } },
{ "type": "Feature", "properties": { "fid": 1363, "hex_id": 1362 }, "geometry": { "type": "Polygon", "coordinates": [ [ [ 14.712182, 53.392124 ], [ 14.714121, 53.394444 ], [ 14.718452, 53.3946 ], [ 14.720842, 53.392436 ], [ 14.718902, 53.390116 ], [ 14.714573, 53.389961 ], [ 14.712182, 53.392124 ] ] ] } },
{ "type": "Feature", "properties": { "fid": 1364, "hex_id": 1363 }, "geometry": { "type": "Polygon", "coordinates": [ [ [ 14.712633, 53.387641 ], [ 14.714573, 53.389961 ], [ 14.718902, 53.390116 ], [ 14.721293, 53.387952 ], [ 14.719353, 53.385633 ], [ 14.715024, 53.385478 ], [ 14.712633, 53.387641 ] ] ] } },
{ "type": "Feature", "properties": { "fid": 1365, "hex_id": 1364 }, "geometry": { "type": "Polygon", "coordinates": [ [ [ 14.713084, 53.383158 ], [ 14.715024, 53.385478 ], [ 14.719353, 53.385633 ], [ 14.721743, 53.383469 ], [ 14.719803, 53.38115 ], [ 14.715474, 53.380994 ], [ 14.713084, 53.383158 ] ] ] } },
{ "type": "Feature", "properties": { "fid": 1366, "hex_id": 1365 }, "geometry": { "type": "Polygon", "coordinates": [ [ [ 14.713536, 53.378675 ], [ 14.715474, 53.380994 ], [ 14.719803, 53.38115 ], [ 14.722193, 53.378986 ], [ 14.720254, 53.376667 ], [ 14.715925, 53.376511 ], [ 14.713536, 53.378675 ] ] ] } },
{ "type": "Feature", "properties": { "fid": 1367, "hex_id": 1366 }, "geometry": { "type": "Polygon", "coordinates": [ [ [ 14.713987, 53.374192 ], [ 14.715925, 53.376511 ], [ 14.720254, 53.376667 ], [ 14.722643, 53.374503 ], [ 14.720704, 53.372183 ], [ 14.716376, 53.372028 ], [ 14.713987, 53.374192 ] ] ] } },
{ "type": "Feature", "properties": { "fid": 1368, "hex_id": 1367 }, "geometry": { "type": "Polygon", "coordinates": [ [ [ 14.714437, 53.369708 ], [ 14.716376, 53.372028 ], [ 14.720704, 53.372183 ], [ 14.723093, 53.370019 ], [ 14.721154, 53.3677 ], [ 14.716827, 53.367545 ], [ 14.714437, 53.369708 ] ] ] } },
{ "type": "Feature", "properties": { "fid": 1369, "hex_id": 1368 }, "geometry": { "type": "Polygon", "coordinates": [ [ [ 14.714888, 53.365225 ], [ 14.716827, 53.367545 ], [ 14.721154, 53.3677 ], [ 14.723543, 53.365536 ], [ 14.721604, 53.363217 ], [ 14.717277, 53.363061 ], [ 14.714888, 53.365225 ] ] ] } },
{ "type": "Feature", "properties": { "fid": 1370, "hex_id": 1369 }, "geometry": { "type": "Polygon", "coordinates": [ [ [ 14.715339, 53.360742 ], [ 14.717277, 53.363061 ], [ 14.721604, 53.363217 ], [ 14.723993, 53.361053 ], [ 14.722054, 53.358734 ], [ 14.717727, 53.358578 ], [ 14.715339, 53.360742 ] ] ] } },
{ "type": "Feature", "properties": { "fid": 1371, "hex_id": 1370 }, "geometry": { "type": "Polygon", "coordinates": [ [ [ 14.715789, 53.356259 ], [ 14.717727, 53.358578 ], [ 14.722054, 53.358734 ], [ 14.724442, 53.35657 ], [ 14.722504, 53.35425 ], [ 14.718178, 53.354095 ], [ 14.715789, 53.356259 ] ] ] } },
{ "type": "Feature", "properties": { "fid": 1372, "hex_id": 1371 }, "geometry": { "type": "Polygon", "coordinates": [ [ [ 14.71624, 53.351776 ], [ 14.718178, 53.354095 ], [ 14.722504, 53.35425 ], [ 14.724892, 53.352086 ], [ 14.722953, 53.349767 ], [ 14.718628, 53.349612 ], [ 14.71624, 53.351776 ] ] ] } },
{ "type": "Feature", "properties": { "fid": 1373, "hex_id": 1372 }, "geometry": { "type": "Polygon", "coordinates": [ [ [ 14.71669, 53.347292 ], [ 14.718628, 53.349612 ], [ 14.722953, 53.349767 ], [ 14.725341, 53.347603 ], [ 14.723403, 53.345284 ], [ 14.719078, 53.345129 ], [ 14.71669, 53.347292 ] ] ] } },
{ "type": "Feature", "properties": { "fid": 1374, "hex_id": 1373 }, "geometry": { "type": "Polygon", "coordinates": [ [ [ 14.71714, 53.342809 ], [ 14.719078, 53.345129 ], [ 14.723403, 53.345284 ], [ 14.72579, 53.34312 ], [ 14.723852, 53.340801 ], [ 14.719527, 53.340645 ], [ 14.71714, 53.342809 ] ] ] } },
{ "type": "Feature", "properties": { "fid": 1375, "hex_id": 1374 }, "geometry": { "type": "Polygon", "coordinates": [ [ [ 14.71759, 53.338326 ], [ 14.719527, 53.340645 ], [ 14.723852, 53.340801 ], [ 14.726239, 53.338637 ], [ 14.724302, 53.336317 ], [ 14.719977, 53.336162 ], [ 14.71759, 53.338326 ] ] ] } },
{ "type": "Feature", "properties": { "fid": 1376, "hex_id": 1375 }, "geometry": { "type": "Polygon", "coordinates": [ [ [ 14.715293, 53.425982 ], [ 14.717234, 53.428301 ], [ 14.721568, 53.428457 ], [ 14.72396, 53.426293 ], [ 14.722019, 53.423974 ], [ 14.717686, 53.423818 ], [ 14.715293, 53.425982 ] ] ] } },
{ "type": "Feature", "properties": { "fid": 1377, "hex_id": 1376 }, "geometry": { "type": "Polygon", "coordinates": [ [ [ 14.715745, 53.421499 ], [ 14.717686, 53.423818 ], [ 14.722019, 53.423974 ], [ 14.724411, 53.42181 ], [ 14.72247, 53.41949 ], [ 14.718137, 53.419335 ], [ 14.715745, 53.421499 ] ] ] } },
{ "type": "Feature", "properties": { "fid": 1378, "hex_id": 1377 }, "geometry": { "type": "Polygon", "coordinates": [ [ [ 14.716196, 53.417016 ], [ 14.718137, 53.419335 ], [ 14.72247, 53.41949 ], [ 14.724862, 53.417327 ], [ 14.722921, 53.415007 ], [ 14.718588, 53.414852 ], [ 14.716196, 53.417016 ] ] ] } },
{ "type": "Feature", "properties": { "fid": 1379, "hex_id": 1378 }, "geometry": { "type": "Polygon", "coordinates": [ [ [ 14.716648, 53.412532 ], [ 14.718588, 53.414852 ], [ 14.722921, 53.415007 ], [ 14.725312, 53.412843 ], [ 14.723371, 53.410524 ], [ 14.719039, 53.410369 ], [ 14.716648, 53.412532 ] ] ] } },
{ "type": "Feature", "properties": { "fid": 1380, "hex_id": 1379 }, "geometry": { "type": "Polygon", "coordinates": [ [ [ 14.717099, 53.408049 ], [ 14.719039, 53.410369 ], [ 14.723371, 53.410524 ], [ 14.725762, 53.40836 ], [ 14.723822, 53.406041 ], [ 14.71949, 53.405885 ], [ 14.717099, 53.408049 ] ] ] } },
{ "type": "Feature", "properties": { "fid": 1381, "hex_id": 1380 }, "geometry": { "type": "Polygon", "coordinates": [ [ [ 14.71755, 53.403566 ], [ 14.71949, 53.405885 ], [ 14.723822, 53.406041 ], [ 14.726213, 53.403877 ], [ 14.724272, 53.401558 ], [ 14.719941, 53.401402 ], [ 14.71755, 53.403566 ] ] ] } },
{ "type": "Feature", "properties": { "fid": 1382, "hex_id": 1381 }, "geometry": { "type": "Polygon", "coordinates": [ [ [ 14.718001, 53.399083 ], [ 14.719941, 53.401402 ], [ 14.724272, 53.401558 ], [ 14.726663, 53.399394 ], [ 14.724722, 53.397074 ], [ 14.720392, 53.396919 ], [ 14.718001, 53.399083 ] ] ] } },
{ "type": "Feature", "properties": { "fid": 1383, "hex_id": 1382 }, "geometry": { "type": "Polygon", "coordinates": [ [ [ 14.718452, 53.3946 ], [ 14.720392, 53.396919 ], [ 14.724722, 53.397074 ], [ 14.727112, 53.39491 ], [ 14.725172, 53.392591 ], [ 14.720842, 53.392436 ], [ 14.718452, 53.3946 ] ] ] } },
{ "type": "Feature", "properties": { "fid": 1384, "hex_id": 1383 }, "geometry": { "type": "Polygon", "coordinates": [ [ [ 14.718902, 53.390116 ], [ 14.720842, 53.392436 ], [ 14.725172, 53.392591 ], [ 14.727562, 53.390427 ], [ 14.725622, 53.388108 ], [ 14.721293, 53.387952 ], [ 14.718902, 53.390116 ] ] ] } },
{ "type": "Feature", "properties": { "fid": 1385, "hex_id": 1384 }, "geometry": { "type": "Polygon", "coordinates": [ [ [ 14.719353, 53.385633 ], [ 14.721293, 53.387952 ], [ 14.725622, 53.388108 ], [ 14.728012, 53.385944 ], [ 14.726072, 53.383625 ], [ 14.721743, 53.383469 ], [ 14.719353, 53.385633 ] ] ] } },
{ "type": "Feature", "properties": { "fid": 1386, "hex_id": 1385 }, "geometry": { "type": "Polygon", "coordinates": [ [ [ 14.719803, 53.38115 ], [ 14.721743, 53.383469 ], [ 14.726072, 53.383625 ], [ 14.728462, 53.381461 ], [ 14.726522, 53.379141 ], [ 14.722193, 53.378986 ], [ 14.719803, 53.38115 ] ] ] } },
{ "type": "Feature", "properties": { "fid": 1387, "hex_id": 1386 }, "geometry": { "type": "Polygon", "coordinates": [ [ [ 14.720254, 53.376667 ], [ 14.722193, 53.378986 ], [ 14.726522, 53.379141 ], [ 14.728911, 53.376977 ], [ 14.726971, 53.374658 ], [ 14.722643, 53.374503 ], [ 14.720254, 53.376667 ] ] ] } },
{ "type": "Feature", "properties": { "fid": 1388, "hex_id": 1387 }, "geometry": { "type": "Polygon", "coordinates": [ [ [ 14.720704, 53.372183 ], [ 14.722643, 53.374503 ], [ 14.726971, 53.374658 ], [ 14.72936, 53.372494 ], [ 14.727421, 53.370175 ], [ 14.723093, 53.370019 ], [ 14.720704, 53.372183 ] ] ] } },
{ "type": "Feature", "properties": { "fid": 1389, "hex_id": 1388 }, "geometry": { "type": "Polygon", "coordinates": [ [ [ 14.721154, 53.3677 ], [ 14.723093, 53.370019 ], [ 14.727421, 53.370175 ], [ 14.72981, 53.368011 ], [ 14.72787, 53.365691 ], [ 14.723543, 53.365536 ], [ 14.721154, 53.3677 ] ] ] } },
{ "type": "Feature", "properties": { "fid": 1390, "hex_id": 1389 }, "geometry": { "type": "Polygon", "coordinates": [ [ [ 14.721604, 53.363217 ], [ 14.723543, 53.365536 ], [ 14.72787, 53.365691 ], [ 14.730259, 53.363527 ], [ 14.72832, 53.361208 ], [ 14.723993, 53.361053 ], [ 14.721604, 53.363217 ] ] ] } },
{ "type": "Feature", "properties": { "fid": 1391, "hex_id": 1390 }, "geometry": { "type": "Polygon", "coordinates": [ [ [ 14.722054, 53.358734 ], [ 14.723993, 53.361053 ], [ 14.72832, 53.361208 ], [ 14.730708, 53.359044 ], [ 14.728769, 53.356725 ], [ 14.724442, 53.35657 ], [ 14.722054, 53.358734 ] ] ] } },
{ "type": "Feature", "properties": { "fid": 1392, "hex_id": 1391 }, "geometry": { "type": "Polygon", "coordinates": [ [ [ 14.722504, 53.35425 ], [ 14.724442, 53.35657 ], [ 14.728769, 53.356725 ], [ 14.731156, 53.354561 ], [ 14.729218, 53.352242 ], [ 14.724892, 53.352086 ], [ 14.722504, 53.35425 ] ] ] } },
{ "type": "Feature", "properties": { "fid": 1393, "hex_id": 1392 }, "geometry": { "type": "Polygon", "coordinates": [ [ [ 14.722953, 53.349767 ], [ 14.724892, 53.352086 ], [ 14.729218, 53.352242 ], [ 14.731605, 53.350077 ], [ 14.729667, 53.347758 ], [ 14.725341, 53.347603 ], [ 14.722953, 53.349767 ] ] ] } },
{ "type": "Feature", "properties": { "fid": 1394, "hex_id": 1393 }, "geometry": { "type": "Polygon", "coordinates": [ [ [ 14.723403, 53.345284 ], [ 14.725341, 53.347603 ], [ 14.729667, 53.347758 ], [ 14.732054, 53.345594 ], [ 14.730115, 53.343275 ], [ 14.72579, 53.34312 ], [ 14.723403, 53.345284 ] ] ] } },
{ "type": "Feature", "properties": { "fid": 1395, "hex_id": 1394 }, "geometry": { "type": "Polygon", "coordinates": [ [ [ 14.723852, 53.340801 ], [ 14.72579, 53.34312 ], [ 14.730115, 53.343275 ], [ 14.732502, 53.341111 ], [ 14.730564, 53.338792 ], [ 14.726239, 53.338637 ], [ 14.723852, 53.340801 ] ] ] } },
{ "type": "Feature", "properties": { "fid": 1396, "hex_id": 1395 }, "geometry": { "type": "Polygon", "coordinates": [ [ [ 14.724302, 53.336317 ], [ 14.726239, 53.338637 ], [ 14.730564, 53.338792 ], [ 14.732951, 53.336627 ], [ 14.731013, 53.334308 ], [ 14.726688, 53.334153 ], [ 14.724302, 53.336317 ] ] ] } },
{ "type": "Feature", "properties": { "fid": 1397, "hex_id": 1396 }, "geometry": { "type": "Polygon", "coordinates": [ [ [ 14.721117, 53.43294 ], [ 14.723059, 53.435259 ], [ 14.727393, 53.435415 ], [ 14.729786, 53.433251 ], [ 14.727844, 53.430932 ], [ 14.72351, 53.430776 ], [ 14.721117, 53.43294 ] ] ] } },
{ "type": "Feature", "properties": { "fid": 1398, "hex_id": 1397 }, "geometry": { "type": "Polygon", "coordinates": [ [ [ 14.721568, 53.428457 ], [ 14.72351, 53.430776 ], [ 14.727844, 53.430932 ], [ 14.730236, 53.428768 ], [ 14.728294, 53.426448 ], [ 14.72396, 53.426293 ], [ 14.721568, 53.428457 ] ] ] } },
{ "type": "Feature", "properties": { "fid": 1399, "hex_id": 1398 }, "geometry": { "type": "Polygon", "coordinates": [ [ [ 14.722019, 53.423974 ], [ 14.72396, 53.426293 ], [ 14.728294, 53.426448 ], [ 14.730686, 53.424284 ], [ 14.728744, 53.421965 ], [ 14.724411, 53.42181 ], [ 14.722019, 53.423974 ] ] ] } },
{ "type": "Feature", "properties": { "fid": 1400, "hex_id": 1399 }, "geometry": { "type": "Polygon", "coordinates": [ [ [ 14.72247, 53.41949 ], [ 14.724411, 53.42181 ], [ 14.728744, 53.421965 ], [ 14.731136, 53.419801 ], [ 14.729194, 53.417482 ], [ 14.724862, 53.417327 ], [ 14.72247, 53.41949 ] ] ] } },
{ "type": "Feature", "properties": { "fid": 1401, "hex_id": 1400 }, "geometry": { "type": "Polygon", "coordinates": [ [ [ 14.722921, 53.415007 ], [ 14.724862, 53.417327 ], [ 14.729194, 53.417482 ], [ 14.731586, 53.415318 ], [ 14.729644, 53.412999 ], [ 14.725312, 53.412843 ], [ 14.722921, 53.415007 ] ] ] } },
{ "type": "Feature", "properties": { "fid": 1402, "hex_id": 1401 }, "geometry": { "type": "Polygon", "coordinates": [ [ [ 14.723822, 53.406041 ], [ 14.725762, 53.40836 ], [ 14.730094, 53.408515 ], [ 14.732485, 53.406351 ], [ 14.730544, 53.404032 ], [ 14.726213, 53.403877 ], [ 14.723822, 53.406041 ] ] ] } },
{ "type": "Feature", "properties": { "fid": 1403, "hex_id": 1402 }, "geometry": { "type": "Polygon", "coordinates": [ [ [ 14.724272, 53.401558 ], [ 14.726213, 53.403877 ], [ 14.730544, 53.404032 ], [ 14.732934, 53.401868 ], [ 14.730993, 53.399549 ], [ 14.726663, 53.399394 ], [ 14.724272, 53.401558 ] ] ] } },
{ "type": "Feature", "properties": { "fid": 1404, "hex_id": 1403 }, "geometry": { "type": "Polygon", "coordinates": [ [ [ 14.724722, 53.397074 ], [ 14.726663, 53.399394 ], [ 14.730993, 53.399549 ], [ 14.733384, 53.397385 ], [ 14.731443, 53.395066 ], [ 14.727112, 53.39491 ], [ 14.724722, 53.397074 ] ] ] } },
{ "type": "Feature", "properties": { "fid": 1405, "hex_id": 1404 }, "geometry": { "type": "Polygon", "coordinates": [ [ [ 14.725172, 53.392591 ], [ 14.727112, 53.39491 ], [ 14.731443, 53.395066 ], [ 14.733833, 53.392901 ], [ 14.731892, 53.390582 ], [ 14.727562, 53.390427 ], [ 14.725172, 53.392591 ] ] ] } },
{ "type": "Feature", "properties": { "fid": 1406, "hex_id": 1405 }, "geometry": { "type": "Polygon", "coordinates": [ [ [ 14.725622, 53.388108 ], [ 14.727562, 53.390427 ], [ 14.731892, 53.390582 ], [ 14.734282, 53.388418 ], [ 14.732342, 53.386099 ], [ 14.728012, 53.385944 ], [ 14.725622, 53.388108 ] ] ] } },
{ "type": "Feature", "properties": { "fid": 1407, "hex_id": 1406 }, "geometry": { "type": "Polygon", "coordinates": [ [ [ 14.726072, 53.383625 ], [ 14.728012, 53.385944 ], [ 14.732342, 53.386099 ], [ 14.734731, 53.383935 ], [ 14.732791, 53.381616 ], [ 14.728462, 53.381461 ], [ 14.726072, 53.383625 ] ] ] } },
{ "type": "Feature", "properties": { "fid": 1408, "hex_id": 1407 }, "geometry": { "type": "Polygon", "coordinates": [ [ [ 14.726522, 53.379141 ], [ 14.728462, 53.381461 ], [ 14.732791, 53.381616 ], [ 14.73518, 53.379451 ], [ 14.73324, 53.377132 ], [ 14.728911, 53.376977 ], [ 14.726522, 53.379141 ] ] ] } },
{ "type": "Feature", "properties": { "fid": 1409, "hex_id": 1408 }, "geometry": { "type": "Polygon", "coordinates": [ [ [ 14.726971, 53.374658 ], [ 14.728911, 53.376977 ], [ 14.73324, 53.377132 ], [ 14.735628, 53.374968 ], [ 14.733689, 53.372649 ], [ 14.72936, 53.372494 ], [ 14.726971, 53.374658 ] ] ] } },
{ "type": "Feature", "properties": { "fid": 1410, "hex_id": 1409 }, "geometry": { "type": "Polygon", "coordinates": [ [ [ 14.727421, 53.370175 ], [ 14.72936, 53.372494 ], [ 14.733689, 53.372649 ], [ 14.736077, 53.370485 ], [ 14.734137, 53.368166 ], [ 14.72981, 53.368011 ], [ 14.727421, 53.370175 ] ] ] } },
{ "type": "Feature", "properties": { "fid": 1411, "hex_id": 1410 }, "geometry": { "type": "Polygon", "coordinates": [ [ [ 14.72787, 53.365691 ], [ 14.72981, 53.368011 ], [ 14.734137, 53.368166 ], [ 14.736525, 53.366001 ], [ 14.734586, 53.363682 ], [ 14.730259, 53.363527 ], [ 14.72787, 53.365691 ] ] ] } },
{ "type": "Feature", "properties": { "fid": 1412, "hex_id": 1411 }, "geometry": { "type": "Polygon", "coordinates": [ [ [ 14.72832, 53.361208 ], [ 14.730259, 53.363527 ], [ 14.734586, 53.363682 ], [ 14.736974, 53.361518 ], [ 14.735034, 53.359199 ], [ 14.730708, 53.359044 ], [ 14.72832, 53.361208 ] ] ] } },
{ "type": "Feature", "properties": { "fid": 1413, "hex_id": 1412 }, "geometry": { "type": "Polygon", "coordinates": [ [ [ 14.728769, 53.356725 ], [ 14.730708, 53.359044 ], [ 14.735034, 53.359199 ], [ 14.737422, 53.357035 ], [ 14.735483, 53.354716 ], [ 14.731156, 53.354561 ], [ 14.728769, 53.356725 ] ] ] } },
{ "type": "Feature", "properties": { "fid": 1414, "hex_id": 1413 }, "geometry": { "type": "Polygon", "coordinates": [ [ [ 14.729218, 53.352242 ], [ 14.731156, 53.354561 ], [ 14.735483, 53.354716 ], [ 14.73787, 53.352551 ], [ 14.735931, 53.350232 ], [ 14.731605, 53.350077 ], [ 14.729218, 53.352242 ] ] ] } },
{ "type": "Feature", "properties": { "fid": 1415, "hex_id": 1414 }, "geometry": { "type": "Polygon", "coordinates": [ [ [ 14.729667, 53.347758 ], [ 14.731605, 53.350077 ], [ 14.735931, 53.350232 ], [ 14.738318, 53.348068 ], [ 14.736379, 53.345749 ], [ 14.732054, 53.345594 ], [ 14.729667, 53.347758 ] ] ] } },
{ "type": "Feature", "properties": { "fid": 1416, "hex_id": 1415 }, "geometry": { "type": "Polygon", "coordinates": [ [ [ 14.730115, 53.343275 ], [ 14.732054, 53.345594 ], [ 14.736379, 53.345749 ], [ 14.738766, 53.343585 ], [ 14.736827, 53.341266 ], [ 14.732502, 53.341111 ], [ 14.730115, 53.343275 ] ] ] } },
{ "type": "Feature", "properties": { "fid": 1417, "hex_id": 1416 }, "geometry": { "type": "Polygon", "coordinates": [ [ [ 14.730564, 53.338792 ], [ 14.732502, 53.341111 ], [ 14.736827, 53.341266 ], [ 14.739214, 53.339101 ], [ 14.737275, 53.336782 ], [ 14.732951, 53.336627 ], [ 14.730564, 53.338792 ] ] ] } },
{ "type": "Feature", "properties": { "fid": 1418, "hex_id": 1417 }, "geometry": { "type": "Polygon", "coordinates": [ [ [ 14.731013, 53.334308 ], [ 14.732951, 53.336627 ], [ 14.737275, 53.336782 ], [ 14.739661, 53.334618 ], [ 14.737723, 53.332299 ], [ 14.733399, 53.332144 ], [ 14.731013, 53.334308 ] ] ] } },
{ "type": "Feature", "properties": { "fid": 1419, "hex_id": 1418 }, "geometry": { "type": "Polygon", "coordinates": [ [ [ 14.727393, 53.435415 ], [ 14.729335, 53.437734 ], [ 14.73367, 53.437889 ], [ 14.736062, 53.435725 ], [ 14.73412, 53.433406 ], [ 14.729786, 53.433251 ], [ 14.727393, 53.435415 ] ] ] } },
{ "type": "Feature", "properties": { "fid": 1420, "hex_id": 1419 }, "geometry": { "type": "Polygon", "coordinates": [ [ [ 14.727844, 53.430932 ], [ 14.729786, 53.433251 ], [ 14.73412, 53.433406 ], [ 14.736512, 53.431242 ], [ 14.73457, 53.428923 ], [ 14.730236, 53.428768 ], [ 14.727844, 53.430932 ] ] ] } },
{ "type": "Feature", "properties": { "fid": 1421, "hex_id": 1420 }, "geometry": { "type": "Polygon", "coordinates": [ [ [ 14.728294, 53.426448 ], [ 14.730236, 53.428768 ], [ 14.73457, 53.428923 ], [ 14.736961, 53.426759 ], [ 14.735019, 53.424439 ], [ 14.730686, 53.424284 ], [ 14.728294, 53.426448 ] ] ] } },
{ "type": "Feature", "properties": { "fid": 1422, "hex_id": 1421 }, "geometry": { "type": "Polygon", "coordinates": [ [ [ 14.728744, 53.421965 ], [ 14.730686, 53.424284 ], [ 14.735019, 53.424439 ], [ 14.737411, 53.422275 ], [ 14.735469, 53.419956 ], [ 14.731136, 53.419801 ], [ 14.728744, 53.421965 ] ] ] } },
{ "type": "Feature", "properties": { "fid": 1423, "hex_id": 1422 }, "geometry": { "type": "Polygon", "coordinates": [ [ [ 14.729194, 53.417482 ], [ 14.731136, 53.419801 ], [ 14.735469, 53.419956 ], [ 14.73786, 53.417792 ], [ 14.735918, 53.415473 ], [ 14.731586, 53.415318 ], [ 14.729194, 53.417482 ] ] ] } },
{ "type": "Feature", "properties": { "fid": 1424, "hex_id": 1423 }, "geometry": { "type": "Polygon", "coordinates": [ [ [ 14.730544, 53.404032 ], [ 14.732485, 53.406351 ], [ 14.736816, 53.406506 ], [ 14.739207, 53.404342 ], [ 14.737265, 53.402023 ], [ 14.732934, 53.401868 ], [ 14.730544, 53.404032 ] ] ] } },
{ "type": "Feature", "properties": { "fid": 1425, "hex_id": 1424 }, "geometry": { "type": "Polygon", "coordinates": [ [ [ 14.730993, 53.399549 ], [ 14.732934, 53.401868 ], [ 14.737265, 53.402023 ], [ 14.739655, 53.399859 ], [ 14.737714, 53.39754 ], [ 14.733384, 53.397385 ], [ 14.730993, 53.399549 ] ] ] } },
{ "type": "Feature", "properties": { "fid": 1426, "hex_id": 1425 }, "geometry": { "type": "Polygon", "coordinates": [ [ [ 14.731443, 53.395066 ], [ 14.733384, 53.397385 ], [ 14.737714, 53.39754 ], [ 14.740104, 53.395375 ], [ 14.738163, 53.393056 ], [ 14.733833, 53.392901 ], [ 14.731443, 53.395066 ] ] ] } },
{ "type": "Feature", "properties": { "fid": 1427, "hex_id": 1426 }, "geometry": { "type": "Polygon", "coordinates": [ [ [ 14.731892, 53.390582 ], [ 14.733833, 53.392901 ], [ 14.738163, 53.393056 ], [ 14.740552, 53.390892 ], [ 14.738612, 53.388573 ], [ 14.734282, 53.388418 ], [ 14.731892, 53.390582 ] ] ] } },
{ "type": "Feature", "properties": { "fid": 1428, "hex_id": 1427 }, "geometry": { "type": "Polygon", "coordinates": [ [ [ 14.732342, 53.386099 ], [ 14.734282, 53.388418 ], [ 14.738612, 53.388573 ], [ 14.741001, 53.386409 ], [ 14.73906, 53.38409 ], [ 14.734731, 53.383935 ], [ 14.732342, 53.386099 ] ] ] } },
{ "type": "Feature", "properties": { "fid": 1429, "hex_id": 1428 }, "geometry": { "type": "Polygon", "coordinates": [ [ [ 14.732791, 53.381616 ], [ 14.734731, 53.383935 ], [ 14.73906, 53.38409 ], [ 14.741449, 53.381925 ], [ 14.739509, 53.379606 ], [ 14.73518, 53.379451 ], [ 14.732791, 53.381616 ] ] ] } },
{ "type": "Feature", "properties": { "fid": 1430, "hex_id": 1429 }, "geometry": { "type": "Polygon", "coordinates": [ [ [ 14.73324, 53.377132 ], [ 14.73518, 53.379451 ], [ 14.739509, 53.379606 ], [ 14.741897, 53.377442 ], [ 14.739957, 53.375123 ], [ 14.735628, 53.374968 ], [ 14.73324, 53.377132 ] ] ] } },
{ "type": "Feature", "properties": { "fid": 1431, "hex_id": 1430 }, "geometry": { "type": "Polygon", "coordinates": [ [ [ 14.733689, 53.372649 ], [ 14.735628, 53.374968 ], [ 14.739957, 53.375123 ], [ 14.742345, 53.372959 ], [ 14.740405, 53.37064 ], [ 14.736077, 53.370485 ], [ 14.733689, 53.372649 ] ] ] } },
{ "type": "Feature", "properties": { "fid": 1432, "hex_id": 1431 }, "geometry": { "type": "Polygon", "coordinates": [ [ [ 14.734137, 53.368166 ], [ 14.736077, 53.370485 ], [ 14.740405, 53.37064 ], [ 14.742793, 53.368475 ], [ 14.740853, 53.366156 ], [ 14.736525, 53.366001 ], [ 14.734137, 53.368166 ] ] ] } },
{ "type": "Feature", "properties": { "fid": 1433, "hex_id": 1432 }, "geometry": { "type": "Polygon", "coordinates": [ [ [ 14.734586, 53.363682 ], [ 14.736525, 53.366001 ], [ 14.740853, 53.366156 ], [ 14.743241, 53.363992 ], [ 14.741301, 53.361673 ], [ 14.736974, 53.361518 ], [ 14.734586, 53.363682 ] ] ] } },
{ "type": "Feature", "properties": { "fid": 1434, "hex_id": 1433 }, "geometry": { "type": "Polygon", "coordinates": [ [ [ 14.735034, 53.359199 ], [ 14.736974, 53.361518 ], [ 14.741301, 53.361673 ], [ 14.743688, 53.359509 ], [ 14.741749, 53.35719 ], [ 14.737422, 53.357035 ], [ 14.735034, 53.359199 ] ] ] } },
{ "type": "Feature", "properties": { "fid": 1435, "hex_id": 1434 }, "geometry": { "type": "Polygon", "coordinates": [ [ [ 14.735483, 53.354716 ], [ 14.737422, 53.357035 ], [ 14.741749, 53.35719 ], [ 14.744136, 53.355025 ], [ 14.742196, 53.352706 ], [ 14.73787, 53.352551 ], [ 14.735483, 53.354716 ] ] ] } },
{ "type": "Feature", "properties": { "fid": 1436, "hex_id": 1435 }, "geometry": { "type": "Polygon", "coordinates": [ [ [ 14.735931, 53.350232 ], [ 14.73787, 53.352551 ], [ 14.742196, 53.352706 ], [ 14.744583, 53.350542 ], [ 14.742644, 53.348223 ], [ 14.738318, 53.348068 ], [ 14.735931, 53.350232 ] ] ] } },
{ "type": "Feature", "properties": { "fid": 1437, "hex_id": 1436 }, "geometry": { "type": "Polygon", "coordinates": [ [ [ 14.736379, 53.345749 ], [ 14.738318, 53.348068 ], [ 14.742644, 53.348223 ], [ 14.74503, 53.346058 ], [ 14.743091, 53.343739 ], [ 14.738766, 53.343585 ], [ 14.736379, 53.345749 ] ] ] } },
{ "type": "Feature", "properties": { "fid": 1438, "hex_id": 1437 }, "geometry": { "type": "Polygon", "coordinates": [ [ [ 14.736827, 53.341266 ], [ 14.738766, 53.343585 ], [ 14.743091, 53.343739 ], [ 14.745477, 53.341575 ], [ 14.743539, 53.339256 ], [ 14.739214, 53.339101 ], [ 14.736827, 53.341266 ] ] ] } },
{ "type": "Feature", "properties": { "fid": 1439, "hex_id": 1438 }, "geometry": { "type": "Polygon", "coordinates": [ [ [ 14.737275, 53.336782 ], [ 14.739214, 53.339101 ], [ 14.743539, 53.339256 ], [ 14.745924, 53.337092 ], [ 14.743986, 53.334773 ], [ 14.739661, 53.334618 ], [ 14.737275, 53.336782 ] ] ] } },
{ "type": "Feature", "properties": { "fid": 1440, "hex_id": 1439 }, "geometry": { "type": "Polygon", "coordinates": [ [ [ 14.737723, 53.332299 ], [ 14.739661, 53.334618 ], [ 14.743986, 53.334773 ], [ 14.746371, 53.332608 ], [ 14.744433, 53.330289 ], [ 14.740109, 53.330135 ], [ 14.737723, 53.332299 ] ] ] } },
{ "type": "Feature", "properties": { "fid": 1441, "hex_id": 1440 }, "geometry": { "type": "Polygon", "coordinates": [ [ [ 14.73367, 53.437889 ], [ 14.735613, 53.440208 ], [ 14.739948, 53.440363 ], [ 14.74234, 53.438199 ], [ 14.740397, 53.43588 ], [ 14.736062, 53.435725 ], [ 14.73367, 53.437889 ] ] ] } },
{ "type": "Feature", "properties": { "fid": 1442, "hex_id": 1441 }, "geometry": { "type": "Polygon", "coordinates": [ [ [ 14.73412, 53.433406 ], [ 14.736062, 53.435725 ], [ 14.740397, 53.43588 ], [ 14.742789, 53.433716 ], [ 14.740846, 53.431397 ], [ 14.736512, 53.431242 ], [ 14.73412, 53.433406 ] ] ] } },
{ "type": "Feature", "properties": { "fid": 1443, "hex_id": 1442 }, "geometry": { "type": "Polygon", "coordinates": [ [ [ 14.73457, 53.428923 ], [ 14.736512, 53.431242 ], [ 14.740846, 53.431397 ], [ 14.743238, 53.429232 ], [ 14.741295, 53.426913 ], [ 14.736961, 53.426759 ], [ 14.73457, 53.428923 ] ] ] } },
{ "type": "Feature", "properties": { "fid": 1444, "hex_id": 1443 }, "geometry": { "type": "Polygon", "coordinates": [ [ [ 14.735019, 53.424439 ], [ 14.736961, 53.426759 ], [ 14.741295, 53.426913 ], [ 14.743686, 53.424749 ], [ 14.741744, 53.42243 ], [ 14.737411, 53.422275 ], [ 14.735019, 53.424439 ] ] ] } },
{ "type": "Feature", "properties": { "fid": 1445, "hex_id": 1444 }, "geometry": { "type": "Polygon", "coordinates": [ [ [ 14.735469, 53.419956 ], [ 14.737411, 53.422275 ], [ 14.741744, 53.42243 ], [ 14.744135, 53.420266 ], [ 14.742193, 53.417947 ], [ 14.73786, 53.417792 ], [ 14.735469, 53.419956 ] ] ] } },
{ "type": "Feature", "properties": { "fid": 1446, "hex_id": 1445 }, "geometry": { "type": "Polygon", "coordinates": [ [ [ 14.736816, 53.406506 ], [ 14.738758, 53.408825 ], [ 14.74309, 53.40898 ], [ 14.74548, 53.406816 ], [ 14.743538, 53.404497 ], [ 14.739207, 53.404342 ], [ 14.736816, 53.406506 ] ] ] } },
{ "type": "Feature", "properties": { "fid": 1447, "hex_id": 1446 }, "geometry": { "type": "Polygon", "coordinates": [ [ [ 14.737265, 53.402023 ], [ 14.739207, 53.404342 ], [ 14.743538, 53.404497 ], [ 14.745928, 53.402332 ], [ 14.743986, 53.400013 ], [ 14.739655, 53.399859 ], [ 14.737265, 53.402023 ] ] ] } },
{ "type": "Feature", "properties": { "fid": 1448, "hex_id": 1447 }, "geometry": { "type": "Polygon", "coordinates": [ [ [ 14.737714, 53.39754 ], [ 14.739655, 53.399859 ], [ 14.743986, 53.400013 ], [ 14.746376, 53.397849 ], [ 14.744435, 53.39553 ], [ 14.740104, 53.395375 ], [ 14.737714, 53.39754 ] ] ] } },
{ "type": "Feature", "properties": { "fid": 1449, "hex_id": 1448 }, "geometry": { "type": "Polygon", "coordinates": [ [ [ 14.738163, 53.393056 ], [ 14.740104, 53.395375 ], [ 14.744435, 53.39553 ], [ 14.746824, 53.393366 ], [ 14.744883, 53.391047 ], [ 14.740552, 53.390892 ], [ 14.738163, 53.393056 ] ] ] } },
{ "type": "Feature", "properties": { "fid": 1450, "hex_id": 1449 }, "geometry": { "type": "Polygon", "coordinates": [ [ [ 14.738612, 53.388573 ], [ 14.740552, 53.390892 ], [ 14.744883, 53.391047 ], [ 14.747271, 53.388882 ], [ 14.74533, 53.386563 ], [ 14.741001, 53.386409 ], [ 14.738612, 53.388573 ] ] ] } },
{ "type": "Feature", "properties": { "fid": 1451, "hex_id": 1450 }, "geometry": { "type": "Polygon", "coordinates": [ [ [ 14.73906, 53.38409 ], [ 14.741001, 53.386409 ], [ 14.74533, 53.386563 ], [ 14.747719, 53.384399 ], [ 14.745778, 53.38208 ], [ 14.741449, 53.381925 ], [ 14.73906, 53.38409 ] ] ] } },
{ "type": "Feature", "properties": { "fid": 1452, "hex_id": 1451 }, "geometry": { "type": "Polygon", "coordinates": [ [ [ 14.739509, 53.379606 ], [ 14.741449, 53.381925 ], [ 14.745778, 53.38208 ], [ 14.748167, 53.379916 ], [ 14.746226, 53.377597 ], [ 14.741897, 53.377442 ], [ 14.739509, 53.379606 ] ] ] } },
{ "type": "Feature", "properties": { "fid": 1453, "hex_id": 1452 }, "geometry": { "type": "Polygon", "coordinates": [ [ [ 14.739957, 53.375123 ], [ 14.741897, 53.377442 ], [ 14.746226, 53.377597 ], [ 14.748614, 53.375432 ], [ 14.746673, 53.373113 ], [ 14.742345, 53.372959 ], [ 14.739957, 53.375123 ] ] ] } },
{ "type": "Feature", "properties": { "fid": 1454, "hex_id": 1453 }, "geometry": { "type": "Polygon", "coordinates": [ [ [ 14.740853, 53.366156 ], [ 14.742793, 53.368475 ], [ 14.747121, 53.36863 ], [ 14.749508, 53.366465 ], [ 14.747568, 53.364146 ], [ 14.743241, 53.363992 ], [ 14.740853, 53.366156 ] ] ] } },
{ "type": "Feature", "properties": { "fid": 1455, "hex_id": 1454 }, "geometry": { "type": "Polygon", "coordinates": [ [ [ 14.741301, 53.361673 ], [ 14.743241, 53.363992 ], [ 14.747568, 53.364146 ], [ 14.749955, 53.361982 ], [ 14.748015, 53.359663 ], [ 14.743688, 53.359509 ], [ 14.741301, 53.361673 ] ] ] } },
{ "type": "Feature", "properties": { "fid": 1456, "hex_id": 1455 }, "geometry": { "type": "Polygon", "coordinates": [ [ [ 14.741749, 53.35719 ], [ 14.743688, 53.359509 ], [ 14.748015, 53.359663 ], [ 14.750402, 53.357499 ], [ 14.748462, 53.35518 ], [ 14.744136, 53.355025 ], [ 14.741749, 53.35719 ] ] ] } },
{ "type": "Feature", "properties": { "fid": 1457, "hex_id": 1456 }, "geometry": { "type": "Polygon", "coordinates": [ [ [ 14.742196, 53.352706 ], [ 14.744136, 53.355025 ], [ 14.748462, 53.35518 ], [ 14.750849, 53.353015 ], [ 14.748909, 53.350696 ], [ 14.744583, 53.350542 ], [ 14.742196, 53.352706 ] ] ] } },
{ "type": "Feature", "properties": { "fid": 1458, "hex_id": 1457 }, "geometry": { "type": "Polygon", "coordinates": [ [ [ 14.742644, 53.348223 ], [ 14.744583, 53.350542 ], [ 14.748909, 53.350696 ], [ 14.751295, 53.348532 ], [ 14.749356, 53.346213 ], [ 14.74503, 53.346058 ], [ 14.742644, 53.348223 ] ] ] } },
{ "type": "Feature", "properties": { "fid": 1459, "hex_id": 1458 }, "geometry": { "type": "Polygon", "coordinates": [ [ [ 14.743091, 53.343739 ], [ 14.74503, 53.346058 ], [ 14.749356, 53.346213 ], [ 14.751742, 53.344048 ], [ 14.749803, 53.341729 ], [ 14.745477, 53.341575 ], [ 14.743091, 53.343739 ] ] ] } },
{ "type": "Feature", "properties": { "fid": 1460, "hex_id": 1459 }, "geometry": { "type": "Polygon", "coordinates": [ [ [ 14.743539, 53.339256 ], [ 14.745477, 53.341575 ], [ 14.749803, 53.341729 ], [ 14.752188, 53.339565 ], [ 14.750249, 53.337246 ], [ 14.745924, 53.337092 ], [ 14.743539, 53.339256 ] ] ] } },
{ "type": "Feature", "properties": { "fid": 1461, "hex_id": 1460 }, "geometry": { "type": "Polygon", "coordinates": [ [ [ 14.743986, 53.334773 ], [ 14.745924, 53.337092 ], [ 14.750249, 53.337246 ], [ 14.752635, 53.335081 ], [ 14.750696, 53.332762 ], [ 14.746371, 53.332608 ], [ 14.743986, 53.334773 ] ] ] } },
{ "type": "Feature", "properties": { "fid": 1462, "hex_id": 1461 }, "geometry": { "type": "Polygon", "coordinates": [ [ [ 14.744433, 53.330289 ], [ 14.746371, 53.332608 ], [ 14.750696, 53.332762 ], [ 14.753081, 53.330598 ], [ 14.751142, 53.328279 ], [ 14.746818, 53.328125 ], [ 14.744433, 53.330289 ] ] ] } },
{ "type": "Feature", "properties": { "fid": 1463, "hex_id": 1462 }, "geometry": { "type": "Polygon", "coordinates": [ [ [ 14.739499, 53.444847 ], [ 14.741442, 53.447166 ], [ 14.745778, 53.447321 ], [ 14.74817, 53.445156 ], [ 14.746226, 53.442837 ], [ 14.741891, 53.442682 ], [ 14.739499, 53.444847 ] ] ] } },
{ "type": "Feature", "properties": { "fid": 1464, "hex_id": 1463 }, "geometry": { "type": "Polygon", "coordinates": [ [ [ 14.739948, 53.440363 ], [ 14.741891, 53.442682 ], [ 14.746226, 53.442837 ], [ 14.748618, 53.440673 ], [ 14.746675, 53.438354 ], [ 14.74234, 53.438199 ], [ 14.739948, 53.440363 ] ] ] } },
{ "type": "Feature", "properties": { "fid": 1465, "hex_id": 1464 }, "geometry": { "type": "Polygon", "coordinates": [ [ [ 14.740397, 53.43588 ], [ 14.74234, 53.438199 ], [ 14.746675, 53.438354 ], [ 14.749067, 53.436189 ], [ 14.747123, 53.433871 ], [ 14.742789, 53.433716 ], [ 14.740397, 53.43588 ] ] ] } },
{ "type": "Feature", "properties": { "fid": 1466, "hex_id": 1465 }, "geometry": { "type": "Polygon", "coordinates": [ [ [ 14.740846, 53.431397 ], [ 14.742789, 53.433716 ], [ 14.747123, 53.433871 ], [ 14.749515, 53.431706 ], [ 14.747572, 53.429387 ], [ 14.743238, 53.429232 ], [ 14.740846, 53.431397 ] ] ] } },
{ "type": "Feature", "properties": { "fid": 1467, "hex_id": 1466 }, "geometry": { "type": "Polygon", "coordinates": [ [ [ 14.741295, 53.426913 ], [ 14.743238, 53.429232 ], [ 14.747572, 53.429387 ], [ 14.749963, 53.427223 ], [ 14.74802, 53.424904 ], [ 14.743686, 53.424749 ], [ 14.741295, 53.426913 ] ] ] } },
{ "type": "Feature", "properties": { "fid": 1468, "hex_id": 1467 }, "geometry": { "type": "Polygon", "coordinates": [ [ [ 14.741744, 53.42243 ], [ 14.743686, 53.424749 ], [ 14.74802, 53.424904 ], [ 14.750411, 53.422739 ], [ 14.748468, 53.42042 ], [ 14.744135, 53.420266 ], [ 14.741744, 53.42243 ] ] ] } },
{ "type": "Feature", "properties": { "fid": 1469, "hex_id": 1468 }, "geometry": { "type": "Polygon", "coordinates": [ [ [ 14.743538, 53.404497 ], [ 14.74548, 53.406816 ], [ 14.749812, 53.40697 ], [ 14.752201, 53.404806 ], [ 14.750259, 53.402487 ], [ 14.745928, 53.402332 ], [ 14.743538, 53.404497 ] ] ] } },
{ "type": "Feature", "properties": { "fid": 1470, "hex_id": 1469 }, "geometry": { "type": "Polygon", "coordinates": [ [ [ 14.743986, 53.400013 ], [ 14.745928, 53.402332 ], [ 14.750259, 53.402487 ], [ 14.752649, 53.400322 ], [ 14.750707, 53.398004 ], [ 14.746376, 53.397849 ], [ 14.743986, 53.400013 ] ] ] } },
{ "type": "Feature", "properties": { "fid": 1471, "hex_id": 1470 }, "geometry": { "type": "Polygon", "coordinates": [ [ [ 14.744435, 53.39553 ], [ 14.746376, 53.397849 ], [ 14.750707, 53.398004 ], [ 14.753096, 53.395839 ], [ 14.751154, 53.39352 ], [ 14.746824, 53.393366 ], [ 14.744435, 53.39553 ] ] ] } },
{ "type": "Feature", "properties": { "fid": 1472, "hex_id": 1471 }, "geometry": { "type": "Polygon", "coordinates": [ [ [ 14.744883, 53.391047 ], [ 14.746824, 53.393366 ], [ 14.751154, 53.39352 ], [ 14.753543, 53.391356 ], [ 14.751601, 53.389037 ], [ 14.747271, 53.388882 ], [ 14.744883, 53.391047 ] ] ] } },
{ "type": "Feature", "properties": { "fid": 1473, "hex_id": 1472 }, "geometry": { "type": "Polygon", "coordinates": [ [ [ 14.74533, 53.386563 ], [ 14.747271, 53.388882 ], [ 14.751601, 53.389037 ], [ 14.75399, 53.386872 ], [ 14.752049, 53.384553 ], [ 14.747719, 53.384399 ], [ 14.74533, 53.386563 ] ] ] } },
{ "type": "Feature", "properties": { "fid": 1474, "hex_id": 1473 }, "geometry": { "type": "Polygon", "coordinates": [ [ [ 14.745778, 53.38208 ], [ 14.747719, 53.384399 ], [ 14.752049, 53.384553 ], [ 14.754437, 53.382389 ], [ 14.752496, 53.38007 ], [ 14.748167, 53.379916 ], [ 14.745778, 53.38208 ] ] ] } },
{ "type": "Feature", "properties": { "fid": 1475, "hex_id": 1474 }, "geometry": { "type": "Polygon", "coordinates": [ [ [ 14.746226, 53.377597 ], [ 14.748167, 53.379916 ], [ 14.752496, 53.38007 ], [ 14.754883, 53.377905 ], [ 14.752942, 53.375587 ], [ 14.748614, 53.375432 ], [ 14.746226, 53.377597 ] ] ] } },
{ "type": "Feature", "properties": { "fid": 1476, "hex_id": 1475 }, "geometry": { "type": "Polygon", "coordinates": [ [ [ 14.747568, 53.364146 ], [ 14.749508, 53.366465 ], [ 14.753836, 53.36662 ], [ 14.756223, 53.364455 ], [ 14.754282, 53.362136 ], [ 14.749955, 53.361982 ], [ 14.747568, 53.364146 ] ] ] } },
{ "type": "Feature", "properties": { "fid": 1477, "hex_id": 1476 }, "geometry": { "type": "Polygon", "coordinates": [ [ [ 14.748015, 53.359663 ], [ 14.749955, 53.361982 ], [ 14.754282, 53.362136 ], [ 14.756669, 53.359972 ], [ 14.754729, 53.357653 ], [ 14.750402, 53.357499 ], [ 14.748015, 53.359663 ] ] ] } },
{ "type": "Feature", "properties": { "fid": 1478, "hex_id": 1477 }, "geometry": { "type": "Polygon", "coordinates": [ [ [ 14.748462, 53.35518 ], [ 14.750402, 53.357499 ], [ 14.754729, 53.357653 ], [ 14.757115, 53.355488 ], [ 14.755175, 53.353169 ], [ 14.750849, 53.353015 ], [ 14.748462, 53.35518 ] ] ] } },
{ "type": "Feature", "properties": { "fid": 1479, "hex_id": 1478 }, "geometry": { "type": "Polygon", "coordinates": [ [ [ 14.748909, 53.350696 ], [ 14.750849, 53.353015 ], [ 14.755175, 53.353169 ], [ 14.757561, 53.351005 ], [ 14.755621, 53.348686 ], [ 14.751295, 53.348532 ], [ 14.748909, 53.350696 ] ] ] } },
{ "type": "Feature", "properties": { "fid": 1480, "hex_id": 1479 }, "geometry": { "type": "Polygon", "coordinates": [ [ [ 14.749356, 53.346213 ], [ 14.751295, 53.348532 ], [ 14.755621, 53.348686 ], [ 14.758007, 53.346521 ], [ 14.756067, 53.344202 ], [ 14.751742, 53.344048 ], [ 14.749356, 53.346213 ] ] ] } },
{ "type": "Feature", "properties": { "fid": 1481, "hex_id": 1480 }, "geometry": { "type": "Polygon", "coordinates": [ [ [ 14.749803, 53.341729 ], [ 14.751742, 53.344048 ], [ 14.756067, 53.344202 ], [ 14.758453, 53.342038 ], [ 14.756513, 53.339719 ], [ 14.752188, 53.339565 ], [ 14.749803, 53.341729 ] ] ] } },
{ "type": "Feature", "properties": { "fid": 1482, "hex_id": 1481 }, "geometry": { "type": "Polygon", "coordinates": [ [ [ 14.750249, 53.337246 ], [ 14.752188, 53.339565 ], [ 14.756513, 53.339719 ], [ 14.758899, 53.337554 ], [ 14.756959, 53.335235 ], [ 14.752635, 53.335081 ], [ 14.750249, 53.337246 ] ] ] } },
{ "type": "Feature", "properties": { "fid": 1483, "hex_id": 1482 }, "geometry": { "type": "Polygon", "coordinates": [ [ [ 14.750696, 53.332762 ], [ 14.752635, 53.335081 ], [ 14.756959, 53.335235 ], [ 14.759344, 53.333071 ], [ 14.757405, 53.330752 ], [ 14.753081, 53.330598 ], [ 14.750696, 53.332762 ] ] ] } },
{ "type": "Feature", "properties": { "fid": 1484, "hex_id": 1483 }, "geometry": { "type": "Polygon", "coordinates": [ [ [ 14.751142, 53.328279 ], [ 14.753081, 53.330598 ], [ 14.757405, 53.330752 ], [ 14.75979, 53.328587 ], [ 14.757851, 53.326268 ], [ 14.753527, 53.326114 ], [ 14.751142, 53.328279 ] ] ] } },
{ "type": "Feature", "properties": { "fid": 1485, "hex_id": 1484 }, "geometry": { "type": "Polygon", "coordinates": [ [ [ 14.746226, 53.442837 ], [ 14.74817, 53.445156 ], [ 14.752506, 53.445311 ], [ 14.754897, 53.443146 ], [ 14.752953, 53.440827 ], [ 14.748618, 53.440673 ], [ 14.746226, 53.442837 ] ] ] } },
{ "type": "Feature", "properties": { "fid": 1486, "hex_id": 1485 }, "geometry": { "type": "Polygon", "coordinates": [ [ [ 14.746675, 53.438354 ], [ 14.748618, 53.440673 ], [ 14.752953, 53.440827 ], [ 14.755345, 53.438663 ], [ 14.753401, 53.436344 ], [ 14.749067, 53.436189 ], [ 14.746675, 53.438354 ] ] ] } },
{ "type": "Feature", "properties": { "fid": 1487, "hex_id": 1486 }, "geometry": { "type": "Polygon", "coordinates": [ [ [ 14.747123, 53.433871 ], [ 14.749067, 53.436189 ], [ 14.753401, 53.436344 ], [ 14.755793, 53.434179 ], [ 14.753849, 53.431861 ], [ 14.749515, 53.431706 ], [ 14.747123, 53.433871 ] ] ] } },
{ "type": "Feature", "properties": { "fid": 1488, "hex_id": 1487 }, "geometry": { "type": "Polygon", "coordinates": [ [ [ 14.747572, 53.429387 ], [ 14.749515, 53.431706 ], [ 14.753849, 53.431861 ], [ 14.75624, 53.429696 ], [ 14.754297, 53.427377 ], [ 14.749963, 53.427223 ], [ 14.747572, 53.429387 ] ] ] } },
{ "type": "Feature", "properties": { "fid": 1489, "hex_id": 1488 }, "geometry": { "type": "Polygon", "coordinates": [ [ [ 14.74802, 53.424904 ], [ 14.749963, 53.427223 ], [ 14.754297, 53.427377 ], [ 14.756687, 53.425213 ], [ 14.754744, 53.422894 ], [ 14.750411, 53.422739 ], [ 14.74802, 53.424904 ] ] ] } },
{ "type": "Feature", "properties": { "fid": 1490, "hex_id": 1489 }, "geometry": { "type": "Polygon", "coordinates": [ [ [ 14.749812, 53.40697 ], [ 14.751754, 53.409289 ], [ 14.756086, 53.409444 ], [ 14.758475, 53.407279 ], [ 14.756533, 53.40496 ], [ 14.752201, 53.404806 ], [ 14.749812, 53.40697 ] ] ] } },
{ "type": "Feature", "properties": { "fid": 1491, "hex_id": 1490 }, "geometry": { "type": "Polygon", "coordinates": [ [ [ 14.750259, 53.402487 ], [ 14.752201, 53.404806 ], [ 14.756533, 53.40496 ], [ 14.758922, 53.402795 ], [ 14.75698, 53.400477 ], [ 14.752649, 53.400322 ], [ 14.750259, 53.402487 ] ] ] } },
{ "type": "Feature", "properties": { "fid": 1492, "hex_id": 1491 }, "geometry": { "type": "Polygon", "coordinates": [ [ [ 14.750707, 53.398004 ], [ 14.752649, 53.400322 ], [ 14.75698, 53.400477 ], [ 14.759369, 53.398312 ], [ 14.757427, 53.395993 ], [ 14.753096, 53.395839 ], [ 14.750707, 53.398004 ] ] ] } },
{ "type": "Feature", "properties": { "fid": 1493, "hex_id": 1492 }, "geometry": { "type": "Polygon", "coordinates": [ [ [ 14.751154, 53.39352 ], [ 14.753096, 53.395839 ], [ 14.757427, 53.395993 ], [ 14.759815, 53.393829 ], [ 14.757873, 53.39151 ], [ 14.753543, 53.391356 ], [ 14.751154, 53.39352 ] ] ] } },
{ "type": "Feature", "properties": { "fid": 1494, "hex_id": 1493 }, "geometry": { "type": "Polygon", "coordinates": [ [ [ 14.751601, 53.389037 ], [ 14.753543, 53.391356 ], [ 14.757873, 53.39151 ], [ 14.760261, 53.389345 ], [ 14.75832, 53.387026 ], [ 14.75399, 53.386872 ], [ 14.751601, 53.389037 ] ] ] } },
{ "type": "Feature", "properties": { "fid": 1495, "hex_id": 1494 }, "geometry": { "type": "Polygon", "coordinates": [ [ [ 14.752049, 53.384553 ], [ 14.75399, 53.386872 ], [ 14.75832, 53.387026 ], [ 14.760708, 53.384862 ], [ 14.758766, 53.382543 ], [ 14.754437, 53.382389 ], [ 14.752049, 53.384553 ] ] ] } },
{ "type": "Feature", "properties": { "fid": 1496, "hex_id": 1495 }, "geometry": { "type": "Polygon", "coordinates": [ [ [ 14.752496, 53.38007 ], [ 14.754437, 53.382389 ], [ 14.758766, 53.382543 ], [ 14.761154, 53.380378 ], [ 14.759212, 53.378059 ], [ 14.754883, 53.377905 ], [ 14.752496, 53.38007 ] ] ] } },
{ "type": "Feature", "properties": { "fid": 1497, "hex_id": 1496 }, "geometry": { "type": "Polygon", "coordinates": [ [ [ 14.754282, 53.362136 ], [ 14.756223, 53.364455 ], [ 14.760551, 53.364609 ], [ 14.762937, 53.362444 ], [ 14.760996, 53.360126 ], [ 14.756669, 53.359972 ], [ 14.754282, 53.362136 ] ] ] } },
{ "type": "Feature", "properties": { "fid": 1498, "hex_id": 1497 }, "geometry": { "type": "Polygon", "coordinates": [ [ [ 14.754729, 53.357653 ], [ 14.756669, 53.359972 ], [ 14.760996, 53.360126 ], [ 14.763383, 53.357961 ], [ 14.761442, 53.355642 ], [ 14.757115, 53.355488 ], [ 14.754729, 53.357653 ] ] ] } },
{ "type": "Feature", "properties": { "fid": 1499, "hex_id": 1498 }, "geometry": { "type": "Polygon", "coordinates": [ [ [ 14.755175, 53.353169 ], [ 14.757115, 53.355488 ], [ 14.761442, 53.355642 ], [ 14.763828, 53.353477 ], [ 14.761888, 53.351159 ], [ 14.757561, 53.351005 ], [ 14.755175, 53.353169 ] ] ] } },
{ "type": "Feature", "properties": { "fid": 1500, "hex_id": 1499 }, "geometry": { "type": "Polygon", "coordinates": [ [ [ 14.755621, 53.348686 ], [ 14.757561, 53.351005 ], [ 14.761888, 53.351159 ], [ 14.764273, 53.348994 ], [ 14.762333, 53.346675 ], [ 14.758007, 53.346521 ], [ 14.755621, 53.348686 ] ] ] } },
{ "type": "Feature", "properties": { "fid": 1501, "hex_id": 1500 }, "geometry": { "type": "Polygon", "coordinates": [ [ [ 14.756067, 53.344202 ], [ 14.758007, 53.346521 ], [ 14.762333, 53.346675 ], [ 14.764718, 53.34451 ], [ 14.762778, 53.342192 ], [ 14.758453, 53.342038 ], [ 14.756067, 53.344202 ] ] ] } },
{ "type": "Feature", "properties": { "fid": 1502, "hex_id": 1501 }, "geometry": { "type": "Polygon", "coordinates": [ [ [ 14.756513, 53.339719 ], [ 14.758453, 53.342038 ], [ 14.762778, 53.342192 ], [ 14.765163, 53.340027 ], [ 14.763224, 53.337708 ], [ 14.758899, 53.337554 ], [ 14.756513, 53.339719 ] ] ] } },
{ "type": "Feature", "properties": { "fid": 1503, "hex_id": 1502 }, "geometry": { "type": "Polygon", "coordinates": [ [ [ 14.756959, 53.335235 ], [ 14.758899, 53.337554 ], [ 14.763224, 53.337708 ], [ 14.765608, 53.335543 ], [ 14.763669, 53.333225 ], [ 14.759344, 53.333071 ], [ 14.756959, 53.335235 ] ] ] } },
{ "type": "Feature", "properties": { "fid": 1504, "hex_id": 1503 }, "geometry": { "type": "Polygon", "coordinates": [ [ [ 14.757405, 53.330752 ], [ 14.759344, 53.333071 ], [ 14.763669, 53.333225 ], [ 14.766053, 53.33106 ], [ 14.764114, 53.328741 ], [ 14.75979, 53.328587 ], [ 14.757405, 53.330752 ] ] ] } },
{ "type": "Feature", "properties": { "fid": 1505, "hex_id": 1504 }, "geometry": { "type": "Polygon", "coordinates": [ [ [ 14.757851, 53.326268 ], [ 14.75979, 53.328587 ], [ 14.764114, 53.328741 ], [ 14.766498, 53.326576 ], [ 14.764558, 53.324258 ], [ 14.760235, 53.324104 ], [ 14.757851, 53.326268 ] ] ] } },
{ "type": "Feature", "properties": { "fid": 1506, "hex_id": 1505 }, "geometry": { "type": "Polygon", "coordinates": [ [ [ 14.752953, 53.440827 ], [ 14.754897, 53.443146 ], [ 14.759233, 53.4433 ], [ 14.761624, 53.441136 ], [ 14.75968, 53.438817 ], [ 14.755345, 53.438663 ], [ 14.752953, 53.440827 ] ] ] } },
{ "type": "Feature", "properties": { "fid": 1507, "hex_id": 1506 }, "geometry": { "type": "Polygon", "coordinates": [ [ [ 14.753401, 53.436344 ], [ 14.755345, 53.438663 ], [ 14.75968, 53.438817 ], [ 14.762071, 53.436652 ], [ 14.760127, 53.434334 ], [ 14.755793, 53.434179 ], [ 14.753401, 53.436344 ] ] ] } },
{ "type": "Feature", "properties": { "fid": 1508, "hex_id": 1507 }, "geometry": { "type": "Polygon", "coordinates": [ [ [ 14.756533, 53.40496 ], [ 14.758475, 53.407279 ], [ 14.762807, 53.407433 ], [ 14.765196, 53.405268 ], [ 14.763253, 53.40295 ], [ 14.758922, 53.402795 ], [ 14.756533, 53.40496 ] ] ] } },
{ "type": "Feature", "properties": { "fid": 1509, "hex_id": 1508 }, "geometry": { "type": "Polygon", "coordinates": [ [ [ 14.75698, 53.400477 ], [ 14.758922, 53.402795 ], [ 14.763253, 53.40295 ], [ 14.765642, 53.400785 ], [ 14.7637, 53.398466 ], [ 14.759369, 53.398312 ], [ 14.75698, 53.400477 ] ] ] } },
{ "type": "Feature", "properties": { "fid": 1510, "hex_id": 1509 }, "geometry": { "type": "Polygon", "coordinates": [ [ [ 14.757427, 53.395993 ], [ 14.759369, 53.398312 ], [ 14.7637, 53.398466 ], [ 14.766088, 53.396301 ], [ 14.764146, 53.393983 ], [ 14.759815, 53.393829 ], [ 14.757427, 53.395993 ] ] ] } },
{ "type": "Feature", "properties": { "fid": 1511, "hex_id": 1510 }, "geometry": { "type": "Polygon", "coordinates": [ [ [ 14.757873, 53.39151 ], [ 14.759815, 53.393829 ], [ 14.764146, 53.393983 ], [ 14.766534, 53.391818 ], [ 14.764592, 53.389499 ], [ 14.760261, 53.389345 ], [ 14.757873, 53.39151 ] ] ] } },
{ "type": "Feature", "properties": { "fid": 1512, "hex_id": 1511 }, "geometry": { "type": "Polygon", "coordinates": [ [ [ 14.75832, 53.387026 ], [ 14.760261, 53.389345 ], [ 14.764592, 53.389499 ], [ 14.766979, 53.387334 ], [ 14.765037, 53.385016 ], [ 14.760708, 53.384862 ], [ 14.75832, 53.387026 ] ] ] } },
{ "type": "Feature", "properties": { "fid": 1513, "hex_id": 1512 }, "geometry": { "type": "Polygon", "coordinates": [ [ [ 14.758766, 53.382543 ], [ 14.760708, 53.384862 ], [ 14.765037, 53.385016 ], [ 14.767425, 53.382851 ], [ 14.765483, 53.380532 ], [ 14.761154, 53.380378 ], [ 14.758766, 53.382543 ] ] ] } },
{ "type": "Feature", "properties": { "fid": 1514, "hex_id": 1513 }, "geometry": { "type": "Polygon", "coordinates": [ [ [ 14.759212, 53.378059 ], [ 14.761154, 53.380378 ], [ 14.765483, 53.380532 ], [ 14.76787, 53.378367 ], [ 14.765929, 53.376049 ], [ 14.7616, 53.375895 ], [ 14.759212, 53.378059 ] ] ] } },
{ "type": "Feature", "properties": { "fid": 1515, "hex_id": 1514 }, "geometry": { "type": "Polygon", "coordinates": [ [ [ 14.761888, 53.351159 ], [ 14.763828, 53.353477 ], [ 14.768154, 53.353631 ], [ 14.77054, 53.351466 ], [ 14.768599, 53.349148 ], [ 14.764273, 53.348994 ], [ 14.761888, 53.351159 ] ] ] } },
{ "type": "Feature", "properties": { "fid": 1516, "hex_id": 1515 }, "geometry": { "type": "Polygon", "coordinates": [ [ [ 14.762333, 53.346675 ], [ 14.764273, 53.348994 ], [ 14.768599, 53.349148 ], [ 14.770985, 53.346983 ], [ 14.769044, 53.344664 ], [ 14.764718, 53.34451 ], [ 14.762333, 53.346675 ] ] ] } },
{ "type": "Feature", "properties": { "fid": 1517, "hex_id": 1516 }, "geometry": { "type": "Polygon", "coordinates": [ [ [ 14.762778, 53.342192 ], [ 14.764718, 53.34451 ], [ 14.769044, 53.344664 ], [ 14.771429, 53.342499 ], [ 14.769489, 53.34018 ], [ 14.765163, 53.340027 ], [ 14.762778, 53.342192 ] ] ] } },
{ "type": "Feature", "properties": { "fid": 1518, "hex_id": 1517 }, "geometry": { "type": "Polygon", "coordinates": [ [ [ 14.763224, 53.337708 ], [ 14.765163, 53.340027 ], [ 14.769489, 53.34018 ], [ 14.771873, 53.338015 ], [ 14.769933, 53.335697 ], [ 14.765608, 53.335543 ], [ 14.763224, 53.337708 ] ] ] } },
{ "type": "Feature", "properties": { "fid": 1519, "hex_id": 1518 }, "geometry": { "type": "Polygon", "coordinates": [ [ [ 14.763669, 53.333225 ], [ 14.765608, 53.335543 ], [ 14.769933, 53.335697 ], [ 14.772317, 53.333532 ], [ 14.770377, 53.331213 ], [ 14.766053, 53.33106 ], [ 14.763669, 53.333225 ] ] ] } },
{ "type": "Feature", "properties": { "fid": 1520, "hex_id": 1519 }, "geometry": { "type": "Polygon", "coordinates": [ [ [ 14.764114, 53.328741 ], [ 14.766053, 53.33106 ], [ 14.770377, 53.331213 ], [ 14.772762, 53.329048 ], [ 14.770822, 53.32673 ], [ 14.766498, 53.326576 ], [ 14.764114, 53.328741 ] ] ] } },
{ "type": "Feature", "properties": { "fid": 1521, "hex_id": 1520 }, "geometry": { "type": "Polygon", "coordinates": [ [ [ 14.759233, 53.4433 ], [ 14.761177, 53.445619 ], [ 14.765513, 53.445773 ], [ 14.767904, 53.443608 ], [ 14.765959, 53.44129 ], [ 14.761624, 53.441136 ], [ 14.759233, 53.4433 ] ] ] } },
{ "type": "Feature", "properties": { "fid": 1522, "hex_id": 1521 }, "geometry": { "type": "Polygon", "coordinates": [ [ [ 14.75968, 53.438817 ], [ 14.761624, 53.441136 ], [ 14.765959, 53.44129 ], [ 14.76835, 53.439125 ], [ 14.766406, 53.436806 ], [ 14.762071, 53.436652 ], [ 14.75968, 53.438817 ] ] ] } },
{ "type": "Feature", "properties": { "fid": 1523, "hex_id": 1522 }, "geometry": { "type": "Polygon", "coordinates": [ [ [ 14.762807, 53.407433 ], [ 14.76475, 53.409752 ], [ 14.769082, 53.409906 ], [ 14.771471, 53.407741 ], [ 14.769528, 53.405422 ], [ 14.765196, 53.405268 ], [ 14.762807, 53.407433 ] ] ] } },
{ "type": "Feature", "properties": { "fid": 1524, "hex_id": 1523 }, "geometry": { "type": "Polygon", "coordinates": [ [ [ 14.763253, 53.40295 ], [ 14.765196, 53.405268 ], [ 14.769528, 53.405422 ], [ 14.771916, 53.403257 ], [ 14.769973, 53.400939 ], [ 14.765642, 53.400785 ], [ 14.763253, 53.40295 ] ] ] } },
{ "type": "Feature", "properties": { "fid": 1525, "hex_id": 1524 }, "geometry": { "type": "Polygon", "coordinates": [ [ [ 14.7637, 53.398466 ], [ 14.765642, 53.400785 ], [ 14.769973, 53.400939 ], [ 14.772362, 53.398774 ], [ 14.770419, 53.396455 ], [ 14.766088, 53.396301 ], [ 14.7637, 53.398466 ] ] ] } },
{ "type": "Feature", "properties": { "fid": 1526, "hex_id": 1525 }, "geometry": { "type": "Polygon", "coordinates": [ [ [ 14.764146, 53.393983 ], [ 14.766088, 53.396301 ], [ 14.770419, 53.396455 ], [ 14.772807, 53.39429 ], [ 14.770864, 53.391971 ], [ 14.766534, 53.391818 ], [ 14.764146, 53.393983 ] ] ] } },
{ "type": "Feature", "properties": { "fid": 1527, "hex_id": 1526 }, "geometry": { "type": "Polygon", "coordinates": [ [ [ 14.764592, 53.389499 ], [ 14.766534, 53.391818 ], [ 14.770864, 53.391971 ], [ 14.773252, 53.389807 ], [ 14.771309, 53.387488 ], [ 14.766979, 53.387334 ], [ 14.764592, 53.389499 ] ] ] } },
{ "type": "Feature", "properties": { "fid": 1528, "hex_id": 1527 }, "geometry": { "type": "Polygon", "coordinates": [ [ [ 14.765037, 53.385016 ], [ 14.766979, 53.387334 ], [ 14.771309, 53.387488 ], [ 14.773697, 53.385323 ], [ 14.771754, 53.383004 ], [ 14.767425, 53.382851 ], [ 14.765037, 53.385016 ] ] ] } },
{ "type": "Feature", "properties": { "fid": 1529, "hex_id": 1528 }, "geometry": { "type": "Polygon", "coordinates": [ [ [ 14.765483, 53.380532 ], [ 14.767425, 53.382851 ], [ 14.771754, 53.383004 ], [ 14.774141, 53.380839 ], [ 14.772199, 53.378521 ], [ 14.76787, 53.378367 ], [ 14.765483, 53.380532 ] ] ] } },
{ "type": "Feature", "properties": { "fid": 1530, "hex_id": 1529 }, "geometry": { "type": "Polygon", "coordinates": [ [ [ 14.765929, 53.376049 ], [ 14.76787, 53.378367 ], [ 14.772199, 53.378521 ], [ 14.774586, 53.376356 ], [ 14.772644, 53.374037 ], [ 14.768316, 53.373884 ], [ 14.765929, 53.376049 ] ] ] } },
{ "type": "Feature", "properties": { "fid": 1531, "hex_id": 1530 }, "geometry": { "type": "Polygon", "coordinates": [ [ [ 14.768599, 53.349148 ], [ 14.77054, 53.351466 ], [ 14.774866, 53.35162 ], [ 14.777251, 53.349455 ], [ 14.77531, 53.347136 ], [ 14.770985, 53.346983 ], [ 14.768599, 53.349148 ] ] ] } },
{ "type": "Feature", "properties": { "fid": 1532, "hex_id": 1531 }, "geometry": { "type": "Polygon", "coordinates": [ [ [ 14.769044, 53.344664 ], [ 14.770985, 53.346983 ], [ 14.77531, 53.347136 ], [ 14.777695, 53.344971 ], [ 14.775754, 53.342652 ], [ 14.771429, 53.342499 ], [ 14.769044, 53.344664 ] ] ] } },
{ "type": "Feature", "properties": { "fid": 1533, "hex_id": 1532 }, "geometry": { "type": "Polygon", "coordinates": [ [ [ 14.769489, 53.34018 ], [ 14.771429, 53.342499 ], [ 14.775754, 53.342652 ], [ 14.778139, 53.340487 ], [ 14.776198, 53.338169 ], [ 14.771873, 53.338015 ], [ 14.769489, 53.34018 ] ] ] } },
{ "type": "Feature", "properties": { "fid": 1534, "hex_id": 1533 }, "geometry": { "type": "Polygon", "coordinates": [ [ [ 14.769933, 53.335697 ], [ 14.771873, 53.338015 ], [ 14.776198, 53.338169 ], [ 14.778582, 53.336004 ], [ 14.776642, 53.333685 ], [ 14.772317, 53.333532 ], [ 14.769933, 53.335697 ] ] ] } },
{ "type": "Feature", "properties": { "fid": 1535, "hex_id": 1534 }, "geometry": { "type": "Polygon", "coordinates": [ [ [ 14.769528, 53.405422 ], [ 14.771471, 53.407741 ], [ 14.775803, 53.407894 ], [ 14.778191, 53.405729 ], [ 14.776248, 53.403411 ], [ 14.771916, 53.403257 ], [ 14.769528, 53.405422 ] ] ] } },
{ "type": "Feature", "properties": { "fid": 1536, "hex_id": 1535 }, "geometry": { "type": "Polygon", "coordinates": [ [ [ 14.769973, 53.400939 ], [ 14.771916, 53.403257 ], [ 14.776248, 53.403411 ], [ 14.778636, 53.401246 ], [ 14.776693, 53.398927 ], [ 14.772362, 53.398774 ], [ 14.769973, 53.400939 ] ] ] } },
{ "type": "Feature", "properties": { "fid": 1537, "hex_id": 1536 }, "geometry": { "type": "Polygon", "coordinates": [ [ [ 14.770419, 53.396455 ], [ 14.772362, 53.398774 ], [ 14.776693, 53.398927 ], [ 14.779081, 53.396762 ], [ 14.777137, 53.394444 ], [ 14.772807, 53.39429 ], [ 14.770419, 53.396455 ] ] ] } },
{ "type": "Feature", "properties": { "fid": 1538, "hex_id": 1537 }, "geometry": { "type": "Polygon", "coordinates": [ [ [ 14.770864, 53.391971 ], [ 14.772807, 53.39429 ], [ 14.777137, 53.394444 ], [ 14.779525, 53.392278 ], [ 14.777582, 53.38996 ], [ 14.773252, 53.389807 ], [ 14.770864, 53.391971 ] ] ] } },
{ "type": "Feature", "properties": { "fid": 1539, "hex_id": 1538 }, "geometry": { "type": "Polygon", "coordinates": [ [ [ 14.771309, 53.387488 ], [ 14.773252, 53.389807 ], [ 14.777582, 53.38996 ], [ 14.779969, 53.387795 ], [ 14.778026, 53.385476 ], [ 14.773697, 53.385323 ], [ 14.771309, 53.387488 ] ] ] } },
{ "type": "Feature", "properties": { "fid": 1540, "hex_id": 1539 }, "geometry": { "type": "Polygon", "coordinates": [ [ [ 14.771754, 53.383004 ], [ 14.773697, 53.385323 ], [ 14.778026, 53.385476 ], [ 14.780413, 53.383311 ], [ 14.778471, 53.380993 ], [ 14.774141, 53.380839 ], [ 14.771754, 53.383004 ] ] ] } },
{ "type": "Feature", "properties": { "fid": 1541, "hex_id": 1540 }, "geometry": { "type": "Polygon", "coordinates": [ [ [ 14.772199, 53.378521 ], [ 14.774141, 53.380839 ], [ 14.778471, 53.380993 ], [ 14.780857, 53.378828 ], [ 14.778915, 53.376509 ], [ 14.774586, 53.376356 ], [ 14.772199, 53.378521 ] ] ] } },
{ "type": "Feature", "properties": { "fid": 1542, "hex_id": 1541 }, "geometry": { "type": "Polygon", "coordinates": [ [ [ 14.774866, 53.35162 ], [ 14.776808, 53.353938 ], [ 14.781134, 53.354091 ], [ 14.783519, 53.351926 ], [ 14.781578, 53.349608 ], [ 14.777251, 53.349455 ], [ 14.774866, 53.35162 ] ] ] } },
{ "type": "Feature", "properties": { "fid": 1543, "hex_id": 1542 }, "geometry": { "type": "Polygon", "coordinates": [ [ [ 14.77531, 53.347136 ], [ 14.777251, 53.349455 ], [ 14.781578, 53.349608 ], [ 14.783962, 53.347443 ], [ 14.782021, 53.345124 ], [ 14.777695, 53.344971 ], [ 14.77531, 53.347136 ] ] ] } },
{ "type": "Feature", "properties": { "fid": 1544, "hex_id": 1543 }, "geometry": { "type": "Polygon", "coordinates": [ [ [ 14.775754, 53.342652 ], [ 14.777695, 53.344971 ], [ 14.782021, 53.345124 ], [ 14.784405, 53.342959 ], [ 14.782464, 53.340641 ], [ 14.778139, 53.340487 ], [ 14.775754, 53.342652 ] ] ] } },
{ "type": "Feature", "properties": { "fid": 1545, "hex_id": 1544 }, "geometry": { "type": "Polygon", "coordinates": [ [ [ 14.776198, 53.338169 ], [ 14.778139, 53.340487 ], [ 14.782464, 53.340641 ], [ 14.784848, 53.338475 ], [ 14.782907, 53.336157 ], [ 14.778582, 53.336004 ], [ 14.776198, 53.338169 ] ] ] } },
{ "type": "Feature", "properties": { "fid": 1546, "hex_id": 1545 }, "geometry": { "type": "Polygon", "coordinates": [ [ [ 14.776248, 53.403411 ], [ 14.778191, 53.405729 ], [ 14.782523, 53.405882 ], [ 14.784911, 53.403717 ], [ 14.782967, 53.401399 ], [ 14.778636, 53.401246 ], [ 14.776248, 53.403411 ] ] ] } },
{ "type": "Feature", "properties": { "fid": 1547, "hex_id": 1546 }, "geometry": { "type": "Polygon", "coordinates": [ [ [ 14.776693, 53.398927 ], [ 14.778636, 53.401246 ], [ 14.782967, 53.401399 ], [ 14.785355, 53.399234 ], [ 14.783412, 53.396915 ], [ 14.779081, 53.396762 ], [ 14.776693, 53.398927 ] ] ] } },
{ "type": "Feature", "properties": { "fid": 1548, "hex_id": 1547 }, "geometry": { "type": "Polygon", "coordinates": [ [ [ 14.777137, 53.394444 ], [ 14.779081, 53.396762 ], [ 14.783412, 53.396915 ], [ 14.785799, 53.39475 ], [ 14.783855, 53.392432 ], [ 14.779525, 53.392278 ], [ 14.777137, 53.394444 ] ] ] } },
{ "type": "Feature", "properties": { "fid": 1549, "hex_id": 1548 }, "geometry": { "type": "Polygon", "coordinates": [ [ [ 14.777582, 53.38996 ], [ 14.779525, 53.392278 ], [ 14.783855, 53.392432 ], [ 14.786243, 53.390267 ], [ 14.784299, 53.387948 ], [ 14.779969, 53.387795 ], [ 14.777582, 53.38996 ] ] ] } },
{ "type": "Feature", "properties": { "fid": 1550, "hex_id": 1549 }, "geometry": { "type": "Polygon", "coordinates": [ [ [ 14.781578, 53.349608 ], [ 14.783519, 53.351926 ], [ 14.787845, 53.352079 ], [ 14.79023, 53.349914 ], [ 14.788288, 53.347596 ], [ 14.783962, 53.347443 ], [ 14.781578, 53.349608 ] ] ] } },
{ "type": "Feature", "properties": { "fid": 1551, "hex_id": 1550 }, "geometry": { "type": "Polygon", "coordinates": [ [ [ 14.782021, 53.345124 ], [ 14.783962, 53.347443 ], [ 14.788288, 53.347596 ], [ 14.790672, 53.34543 ], [ 14.788731, 53.343112 ], [ 14.784405, 53.342959 ], [ 14.782021, 53.345124 ] ] ] } },
{ "type": "Feature", "properties": { "fid": 1552, "hex_id": 1551 }, "geometry": { "type": "Polygon", "coordinates": [ [ [ 14.782464, 53.340641 ], [ 14.784405, 53.342959 ], [ 14.788731, 53.343112 ], [ 14.791115, 53.340947 ], [ 14.789173, 53.338628 ], [ 14.784848, 53.338475 ], [ 14.782464, 53.340641 ] ] ] } },
{ "type": "Feature", "properties": { "fid": 1553, "hex_id": 1552 }, "geometry": { "type": "Polygon", "coordinates": [ [ [ 14.782907, 53.336157 ], [ 14.784848, 53.338475 ], [ 14.789173, 53.338628 ], [ 14.791557, 53.336463 ], [ 14.789616, 53.334145 ], [ 14.785291, 53.333992 ], [ 14.782907, 53.336157 ] ] ] } },
{ "type": "Feature", "properties": { "fid": 1554, "hex_id": 1553 }, "geometry": { "type": "Polygon", "coordinates": [ [ [ 14.782967, 53.401399 ], [ 14.784911, 53.403717 ], [ 14.789243, 53.40387 ], [ 14.79163, 53.401705 ], [ 14.789686, 53.399387 ], [ 14.785355, 53.399234 ], [ 14.782967, 53.401399 ] ] ] } },
{ "type": "Feature", "properties": { "fid": 1555, "hex_id": 1554 }, "geometry": { "type": "Polygon", "coordinates": [ [ [ 14.783412, 53.396915 ], [ 14.785355, 53.399234 ], [ 14.789686, 53.399387 ], [ 14.792074, 53.397221 ], [ 14.79013, 53.394903 ], [ 14.785799, 53.39475 ], [ 14.783412, 53.396915 ] ] ] } },
{ "type": "Feature", "properties": { "fid": 1556, "hex_id": 1555 }, "geometry": { "type": "Polygon", "coordinates": [ [ [ 14.783855, 53.392432 ], [ 14.785799, 53.39475 ], [ 14.79013, 53.394903 ], [ 14.792517, 53.392738 ], [ 14.790573, 53.39042 ], [ 14.786243, 53.390267 ], [ 14.783855, 53.392432 ] ] ] } },
{ "type": "Feature", "properties": { "fid": 1557, "hex_id": 1556 }, "geometry": { "type": "Polygon", "coordinates": [ [ [ 14.788288, 53.347596 ], [ 14.79023, 53.349914 ], [ 14.794556, 53.350067 ], [ 14.79694, 53.347901 ], [ 14.794998, 53.345583 ], [ 14.790672, 53.34543 ], [ 14.788288, 53.347596 ] ] ] } },
{ "type": "Feature", "properties": { "fid": 1558, "hex_id": 1557 }, "geometry": { "type": "Polygon", "coordinates": [ [ [ 14.788731, 53.343112 ], [ 14.790672, 53.34543 ], [ 14.794998, 53.345583 ], [ 14.797382, 53.343417 ], [ 14.79544, 53.341099 ], [ 14.791115, 53.340947 ], [ 14.788731, 53.343112 ] ] ] } },
{ "type": "Feature", "properties": { "fid": 1559, "hex_id": 1558 }, "geometry": { "type": "Polygon", "coordinates": [ [ [ 14.789173, 53.338628 ], [ 14.791115, 53.340947 ], [ 14.79544, 53.341099 ], [ 14.797824, 53.338934 ], [ 14.795882, 53.336616 ], [ 14.791557, 53.336463 ], [ 14.789173, 53.338628 ] ] ] } },
{ "type": "Feature", "properties": { "fid": 1560, "hex_id": 1559 }, "geometry": { "type": "Polygon", "coordinates": [ [ [ 14.789616, 53.334145 ], [ 14.791557, 53.336463 ], [ 14.795882, 53.336616 ], [ 14.798265, 53.33445 ], [ 14.796323, 53.332132 ], [ 14.791999, 53.331979 ], [ 14.789616, 53.334145 ] ] ] } },
{ "type": "Feature", "properties": { "fid": 1561, "hex_id": 1560 }, "geometry": { "type": "Polygon", "coordinates": [ [ [ 14.790058, 53.329661 ], [ 14.791999, 53.331979 ], [ 14.796323, 53.332132 ], [ 14.798706, 53.329966 ], [ 14.796765, 53.327648 ], [ 14.792441, 53.327495 ], [ 14.790058, 53.329661 ] ] ] } },
{ "type": "Feature", "properties": { "fid": 1562, "hex_id": 1561 }, "geometry": { "type": "Polygon", "coordinates": [ [ [ 14.79013, 53.394903 ], [ 14.792074, 53.397221 ], [ 14.796405, 53.397374 ], [ 14.798791, 53.395209 ], [ 14.796847, 53.392891 ], [ 14.792517, 53.392738 ], [ 14.79013, 53.394903 ] ] ] } },
{ "type": "Feature", "properties": { "fid": 1563, "hex_id": 1562 }, "geometry": { "type": "Polygon", "coordinates": [ [ [ 14.795882, 53.336616 ], [ 14.797824, 53.338934 ], [ 14.802149, 53.339086 ], [ 14.804532, 53.336921 ], [ 14.80259, 53.334602 ], [ 14.798265, 53.33445 ], [ 14.795882, 53.336616 ] ] ] } },
{ "type": "Feature", "properties": { "fid": 1564, "hex_id": 1563 }, "geometry": { "type": "Polygon", "coordinates": [ [ [ 14.796323, 53.332132 ], [ 14.798265, 53.33445 ], [ 14.80259, 53.334602 ], [ 14.804972, 53.332437 ], [ 14.803031, 53.330119 ], [ 14.798706, 53.329966 ], [ 14.796323, 53.332132 ] ] ] } },
{ "type": "Feature", "properties": { "fid": 1565, "hex_id": 1564 }, "geometry": { "type": "Polygon", "coordinates": [ [ [ 14.796765, 53.327648 ], [ 14.798706, 53.329966 ], [ 14.803031, 53.330119 ], [ 14.805413, 53.327953 ], [ 14.803471, 53.325635 ], [ 14.799148, 53.325483 ], [ 14.796765, 53.327648 ] ] ] } },
{ "type": "Feature", "properties": { "fid": 1566, "hex_id": 1565 }, "geometry": { "type": "Polygon", "coordinates": [ [ [ 14.80259, 53.334602 ], [ 14.804532, 53.336921 ], [ 14.808857, 53.337073 ], [ 14.811239, 53.334907 ], [ 14.809297, 53.332589 ], [ 14.804972, 53.332437 ], [ 14.80259, 53.334602 ] ] ] } },
{ "type": "Feature", "properties": { "fid": 1567, "hex_id": 1566 }, "geometry": { "type": "Polygon", "coordinates": [ [ [ 14.803031, 53.330119 ], [ 14.804972, 53.332437 ], [ 14.809297, 53.332589 ], [ 14.811679, 53.330423 ], [ 14.809737, 53.328105 ], [ 14.805413, 53.327953 ], [ 14.803031, 53.330119 ] ] ] } }
]
}
