{
"type": "FeatureCollection",
"name": "siatka_warszawa_500",
"crs": { "type": "name", "properties": { "name": "urn:ogc:def:crs:OGC:1.3:CRS84" } },
"xy_coordinate_resolution": 1e-06,
"features": [
{ "type": "Feature", "properties": { "fid": 1, "hex_id": 0 }, "geometry": { "type": "Polygon", "coordinates": [ [ [ 20.851932, 52.206827 ], [ 20.854137, 52.209041 ], [ 20.858361, 52.208974 ], [ 20.860379, 52.206694 ], [ 20.858173, 52.20448 ], [ 20.85395, 52.204546 ], [ 20.851932, 52.206827 ] ] ] } },
{ "type": "Feature", "properties": { "fid": 2, "hex_id": 1 }, "geometry": { "type": "Polygon", "coordinates": [ [ [ 20.851745, 52.202332 ], [ 20.85395, 52.204546 ], [ 20.858173, 52.20448 ], [ 20.860191, 52.2022 ], [ 20.857986, 52.199986 ], [ 20.853763, 52.200052 ], [ 20.851745, 52.202332 ] ] ] } },
{ "type": "Feature", "properties": { "fid": 3, "hex_id": 2 }, "geometry": { "type": "Polygon", "coordinates": [ [ [ 20.851558, 52.197838 ], [ 20.853763, 52.200052 ], [ 20.857986, 52.199986 ], [ 20.860003, 52.197705 ], [ 20.857798, 52.195491 ], [ 20.853576, 52.195558 ], [ 20.851558, 52.197838 ] ] ] } },
{ "type": "Feature", "properties": { "fid": 4, "hex_id": 3 }, "geometry": { "type": "Polygon", "coordinates": [ [ [ 20.851371, 52.193344 ], [ 20.853576, 52.195558 ], [ 20.857798, 52.195491 ], [ 20.859816, 52.193211 ], [ 20.857611, 52.190997 ], [ 20.853389, 52.191063 ], [ 20.851371, 52.193344 ] ] ] } },
{ "type": "Feature", "properties": { "fid": 5, "hex_id": 4 }, "geometry": { "type": "Polygon", "coordinates": [ [ [ 20.851184, 52.188849 ], [ 20.853389, 52.191063 ], [ 20.857611, 52.190997 ], [ 20.859628, 52.188717 ], [ 20.857423, 52.186503 ], [ 20.853202, 52.186569 ], [ 20.851184, 52.188849 ] ] ] } },
{ "type": "Feature", "properties": { "fid": 6, "hex_id": 5 }, "geometry": { "type": "Polygon", "coordinates": [ [ [ 20.860239, 52.253917 ], [ 20.862447, 52.256131 ], [ 20.866675, 52.256064 ], [ 20.868695, 52.253784 ], [ 20.866487, 52.25157 ], [ 20.862259, 52.251637 ], [ 20.860239, 52.253917 ] ] ] } },
{ "type": "Feature", "properties": { "fid": 7, "hex_id": 6 }, "geometry": { "type": "Polygon", "coordinates": [ [ [ 20.860051, 52.249423 ], [ 20.862259, 52.251637 ], [ 20.866487, 52.25157 ], [ 20.868506, 52.249289 ], [ 20.866298, 52.247076 ], [ 20.862071, 52.247142 ], [ 20.860051, 52.249423 ] ] ] } },
{ "type": "Feature", "properties": { "fid": 8, "hex_id": 7 }, "geometry": { "type": "Polygon", "coordinates": [ [ [ 20.858361, 52.208974 ], [ 20.860566, 52.211188 ], [ 20.86479, 52.211121 ], [ 20.866808, 52.208841 ], [ 20.864602, 52.206627 ], [ 20.860379, 52.206694 ], [ 20.858361, 52.208974 ] ] ] } },
{ "type": "Feature", "properties": { "fid": 9, "hex_id": 8 }, "geometry": { "type": "Polygon", "coordinates": [ [ [ 20.858173, 52.20448 ], [ 20.860379, 52.206694 ], [ 20.864602, 52.206627 ], [ 20.86662, 52.204347 ], [ 20.864414, 52.202133 ], [ 20.860191, 52.2022 ], [ 20.858173, 52.20448 ] ] ] } },
{ "type": "Feature", "properties": { "fid": 10, "hex_id": 9 }, "geometry": { "type": "Polygon", "coordinates": [ [ [ 20.857986, 52.199986 ], [ 20.860191, 52.2022 ], [ 20.864414, 52.202133 ], [ 20.866431, 52.199852 ], [ 20.864226, 52.197639 ], [ 20.860003, 52.197705 ], [ 20.857986, 52.199986 ] ] ] } },
{ "type": "Feature", "properties": { "fid": 11, "hex_id": 10 }, "geometry": { "type": "Polygon", "coordinates": [ [ [ 20.857798, 52.195491 ], [ 20.860003, 52.197705 ], [ 20.864226, 52.197639 ], [ 20.866243, 52.195358 ], [ 20.864038, 52.193144 ], [ 20.859816, 52.193211 ], [ 20.857798, 52.195491 ] ] ] } },
{ "type": "Feature", "properties": { "fid": 12, "hex_id": 11 }, "geometry": { "type": "Polygon", "coordinates": [ [ [ 20.857611, 52.190997 ], [ 20.859816, 52.193211 ], [ 20.864038, 52.193144 ], [ 20.866055, 52.190864 ], [ 20.86385, 52.18865 ], [ 20.859628, 52.188717 ], [ 20.857611, 52.190997 ] ] ] } },
{ "type": "Feature", "properties": { "fid": 13, "hex_id": 12 }, "geometry": { "type": "Polygon", "coordinates": [ [ [ 20.857423, 52.186503 ], [ 20.859628, 52.188717 ], [ 20.86385, 52.18865 ], [ 20.865867, 52.186369 ], [ 20.863662, 52.184156 ], [ 20.85944, 52.184222 ], [ 20.857423, 52.186503 ] ] ] } },
{ "type": "Feature", "properties": { "fid": 14, "hex_id": 13 }, "geometry": { "type": "Polygon", "coordinates": [ [ [ 20.869133, 52.314489 ], [ 20.871345, 52.316702 ], [ 20.875579, 52.316635 ], [ 20.877601, 52.314355 ], [ 20.875389, 52.312141 ], [ 20.871155, 52.312208 ], [ 20.869133, 52.314489 ] ] ] } },
{ "type": "Feature", "properties": { "fid": 15, "hex_id": 14 }, "geometry": { "type": "Polygon", "coordinates": [ [ [ 20.868565, 52.301006 ], [ 20.870776, 52.30322 ], [ 20.875009, 52.303153 ], [ 20.87703, 52.300872 ], [ 20.874819, 52.298659 ], [ 20.870587, 52.298726 ], [ 20.868565, 52.301006 ] ] ] } },
{ "type": "Feature", "properties": { "fid": 16, "hex_id": 15 }, "geometry": { "type": "Polygon", "coordinates": [ [ [ 20.868376, 52.296512 ], [ 20.870587, 52.298726 ], [ 20.874819, 52.298659 ], [ 20.87684, 52.296378 ], [ 20.874629, 52.294164 ], [ 20.870397, 52.294232 ], [ 20.868376, 52.296512 ] ] ] } },
{ "type": "Feature", "properties": { "fid": 17, "hex_id": 16 }, "geometry": { "type": "Polygon", "coordinates": [ [ [ 20.867998, 52.287524 ], [ 20.870208, 52.289737 ], [ 20.874439, 52.28967 ], [ 20.87646, 52.287389 ], [ 20.87425, 52.285176 ], [ 20.870019, 52.285243 ], [ 20.867998, 52.287524 ] ] ] } },
{ "type": "Feature", "properties": { "fid": 18, "hex_id": 17 }, "geometry": { "type": "Polygon", "coordinates": [ [ [ 20.867809, 52.283029 ], [ 20.870019, 52.285243 ], [ 20.87425, 52.285176 ], [ 20.87627, 52.282895 ], [ 20.87406, 52.280682 ], [ 20.869829, 52.280749 ], [ 20.867809, 52.283029 ] ] ] } },
{ "type": "Feature", "properties": { "fid": 19, "hex_id": 18 }, "geometry": { "type": "Polygon", "coordinates": [ [ [ 20.866864, 52.260558 ], [ 20.869073, 52.262772 ], [ 20.873302, 52.262705 ], [ 20.875321, 52.260424 ], [ 20.873112, 52.258211 ], [ 20.868884, 52.258278 ], [ 20.866864, 52.260558 ] ] ] } },
{ "type": "Feature", "properties": { "fid": 20, "hex_id": 19 }, "geometry": { "type": "Polygon", "coordinates": [ [ [ 20.866675, 52.256064 ], [ 20.868884, 52.258278 ], [ 20.873112, 52.258211 ], [ 20.875132, 52.25593 ], [ 20.872923, 52.253716 ], [ 20.868695, 52.253784 ], [ 20.866675, 52.256064 ] ] ] } },
{ "type": "Feature", "properties": { "fid": 21, "hex_id": 20 }, "geometry": { "type": "Polygon", "coordinates": [ [ [ 20.866487, 52.25157 ], [ 20.868695, 52.253784 ], [ 20.872923, 52.253716 ], [ 20.874942, 52.251436 ], [ 20.872734, 52.249222 ], [ 20.868506, 52.249289 ], [ 20.866487, 52.25157 ] ] ] } },
{ "type": "Feature", "properties": { "fid": 22, "hex_id": 21 }, "geometry": { "type": "Polygon", "coordinates": [ [ [ 20.865544, 52.229099 ], [ 20.867751, 52.231312 ], [ 20.871977, 52.231245 ], [ 20.873995, 52.228965 ], [ 20.871788, 52.226751 ], [ 20.867562, 52.226818 ], [ 20.865544, 52.229099 ] ] ] } },
{ "type": "Feature", "properties": { "fid": 23, "hex_id": 22 }, "geometry": { "type": "Polygon", "coordinates": [ [ [ 20.865355, 52.224604 ], [ 20.867562, 52.226818 ], [ 20.871788, 52.226751 ], [ 20.873806, 52.22447 ], [ 20.871599, 52.222257 ], [ 20.867374, 52.222324 ], [ 20.865355, 52.224604 ] ] ] } },
{ "type": "Feature", "properties": { "fid": 24, "hex_id": 23 }, "geometry": { "type": "Polygon", "coordinates": [ [ [ 20.864979, 52.215616 ], [ 20.867185, 52.217829 ], [ 20.87141, 52.217763 ], [ 20.873427, 52.215482 ], [ 20.871221, 52.213268 ], [ 20.866997, 52.213335 ], [ 20.864979, 52.215616 ] ] ] } },
{ "type": "Feature", "properties": { "fid": 25, "hex_id": 24 }, "geometry": { "type": "Polygon", "coordinates": [ [ [ 20.86479, 52.211121 ], [ 20.866997, 52.213335 ], [ 20.871221, 52.213268 ], [ 20.873238, 52.210988 ], [ 20.871032, 52.208774 ], [ 20.866808, 52.208841 ], [ 20.86479, 52.211121 ] ] ] } },
{ "type": "Feature", "properties": { "fid": 26, "hex_id": 25 }, "geometry": { "type": "Polygon", "coordinates": [ [ [ 20.864602, 52.206627 ], [ 20.866808, 52.208841 ], [ 20.871032, 52.208774 ], [ 20.873049, 52.206493 ], [ 20.870843, 52.20428 ], [ 20.86662, 52.204347 ], [ 20.864602, 52.206627 ] ] ] } },
{ "type": "Feature", "properties": { "fid": 27, "hex_id": 26 }, "geometry": { "type": "Polygon", "coordinates": [ [ [ 20.864414, 52.202133 ], [ 20.86662, 52.204347 ], [ 20.870843, 52.20428 ], [ 20.87286, 52.201999 ], [ 20.870654, 52.199785 ], [ 20.866431, 52.199852 ], [ 20.864414, 52.202133 ] ] ] } },
{ "type": "Feature", "properties": { "fid": 28, "hex_id": 27 }, "geometry": { "type": "Polygon", "coordinates": [ [ [ 20.864226, 52.197639 ], [ 20.866431, 52.199852 ], [ 20.870654, 52.199785 ], [ 20.872671, 52.197505 ], [ 20.870465, 52.195291 ], [ 20.866243, 52.195358 ], [ 20.864226, 52.197639 ] ] ] } },
{ "type": "Feature", "properties": { "fid": 29, "hex_id": 28 }, "geometry": { "type": "Polygon", "coordinates": [ [ [ 20.864038, 52.193144 ], [ 20.866243, 52.195358 ], [ 20.870465, 52.195291 ], [ 20.872482, 52.193011 ], [ 20.870277, 52.190797 ], [ 20.866055, 52.190864 ], [ 20.864038, 52.193144 ] ] ] } },
{ "type": "Feature", "properties": { "fid": 30, "hex_id": 29 }, "geometry": { "type": "Polygon", "coordinates": [ [ [ 20.86385, 52.18865 ], [ 20.866055, 52.190864 ], [ 20.870277, 52.190797 ], [ 20.872293, 52.188516 ], [ 20.870088, 52.186303 ], [ 20.865867, 52.186369 ], [ 20.86385, 52.18865 ] ] ] } },
{ "type": "Feature", "properties": { "fid": 31, "hex_id": 30 }, "geometry": { "type": "Polygon", "coordinates": [ [ [ 20.863662, 52.184156 ], [ 20.865867, 52.186369 ], [ 20.870088, 52.186303 ], [ 20.872105, 52.184022 ], [ 20.8699, 52.181808 ], [ 20.865678, 52.181875 ], [ 20.863662, 52.184156 ] ] ] } },
{ "type": "Feature", "properties": { "fid": 32, "hex_id": 31 }, "geometry": { "type": "Polygon", "coordinates": [ [ [ 20.875389, 52.312141 ], [ 20.877601, 52.314355 ], [ 20.881834, 52.314287 ], [ 20.883856, 52.312006 ], [ 20.881644, 52.309793 ], [ 20.87741, 52.30986 ], [ 20.875389, 52.312141 ] ] ] } },
{ "type": "Feature", "properties": { "fid": 33, "hex_id": 32 }, "geometry": { "type": "Polygon", "coordinates": [ [ [ 20.875199, 52.307647 ], [ 20.87741, 52.30986 ], [ 20.881644, 52.309793 ], [ 20.883665, 52.307512 ], [ 20.881453, 52.305299 ], [ 20.87722, 52.305366 ], [ 20.875199, 52.307647 ] ] ] } },
{ "type": "Feature", "properties": { "fid": 34, "hex_id": 33 }, "geometry": { "type": "Polygon", "coordinates": [ [ [ 20.875009, 52.303153 ], [ 20.87722, 52.305366 ], [ 20.881453, 52.305299 ], [ 20.883474, 52.303018 ], [ 20.881262, 52.300805 ], [ 20.87703, 52.300872 ], [ 20.875009, 52.303153 ] ] ] } },
{ "type": "Feature", "properties": { "fid": 35, "hex_id": 34 }, "geometry": { "type": "Polygon", "coordinates": [ [ [ 20.874819, 52.298659 ], [ 20.87703, 52.300872 ], [ 20.881262, 52.300805 ], [ 20.883283, 52.298524 ], [ 20.881072, 52.296311 ], [ 20.87684, 52.296378 ], [ 20.874819, 52.298659 ] ] ] } },
{ "type": "Feature", "properties": { "fid": 36, "hex_id": 35 }, "geometry": { "type": "Polygon", "coordinates": [ [ [ 20.874629, 52.294164 ], [ 20.87684, 52.296378 ], [ 20.881072, 52.296311 ], [ 20.883093, 52.29403 ], [ 20.880882, 52.291816 ], [ 20.87665, 52.291884 ], [ 20.874629, 52.294164 ] ] ] } },
{ "type": "Feature", "properties": { "fid": 37, "hex_id": 36 }, "geometry": { "type": "Polygon", "coordinates": [ [ [ 20.874439, 52.28967 ], [ 20.87665, 52.291884 ], [ 20.880882, 52.291816 ], [ 20.882902, 52.289536 ], [ 20.880691, 52.287322 ], [ 20.87646, 52.287389 ], [ 20.874439, 52.28967 ] ] ] } },
{ "type": "Feature", "properties": { "fid": 38, "hex_id": 37 }, "geometry": { "type": "Polygon", "coordinates": [ [ [ 20.87425, 52.285176 ], [ 20.87646, 52.287389 ], [ 20.880691, 52.287322 ], [ 20.882711, 52.285041 ], [ 20.880501, 52.282828 ], [ 20.87627, 52.282895 ], [ 20.87425, 52.285176 ] ] ] } },
{ "type": "Feature", "properties": { "fid": 39, "hex_id": 38 }, "geometry": { "type": "Polygon", "coordinates": [ [ [ 20.87406, 52.280682 ], [ 20.87627, 52.282895 ], [ 20.880501, 52.282828 ], [ 20.882521, 52.280547 ], [ 20.88031, 52.278334 ], [ 20.87608, 52.278401 ], [ 20.87406, 52.280682 ] ] ] } },
{ "type": "Feature", "properties": { "fid": 40, "hex_id": 39 }, "geometry": { "type": "Polygon", "coordinates": [ [ [ 20.87387, 52.276188 ], [ 20.87608, 52.278401 ], [ 20.88031, 52.278334 ], [ 20.88233, 52.276053 ], [ 20.88012, 52.27384 ], [ 20.87589, 52.273907 ], [ 20.87387, 52.276188 ] ] ] } },
{ "type": "Feature", "properties": { "fid": 41, "hex_id": 40 }, "geometry": { "type": "Polygon", "coordinates": [ [ [ 20.873681, 52.271693 ], [ 20.87589, 52.273907 ], [ 20.88012, 52.27384 ], [ 20.88214, 52.271559 ], [ 20.87993, 52.269345 ], [ 20.875701, 52.269413 ], [ 20.873681, 52.271693 ] ] ] } },
{ "type": "Feature", "properties": { "fid": 42, "hex_id": 41 }, "geometry": { "type": "Polygon", "coordinates": [ [ [ 20.873491, 52.267199 ], [ 20.875701, 52.269413 ], [ 20.87993, 52.269345 ], [ 20.88195, 52.267065 ], [ 20.87974, 52.264851 ], [ 20.875511, 52.264918 ], [ 20.873491, 52.267199 ] ] ] } },
{ "type": "Feature", "properties": { "fid": 43, "hex_id": 42 }, "geometry": { "type": "Polygon", "coordinates": [ [ [ 20.873302, 52.262705 ], [ 20.875511, 52.264918 ], [ 20.87974, 52.264851 ], [ 20.881759, 52.26257 ], [ 20.87955, 52.260357 ], [ 20.875321, 52.260424 ], [ 20.873302, 52.262705 ] ] ] } },
{ "type": "Feature", "properties": { "fid": 44, "hex_id": 43 }, "geometry": { "type": "Polygon", "coordinates": [ [ [ 20.873112, 52.258211 ], [ 20.875321, 52.260424 ], [ 20.87955, 52.260357 ], [ 20.881569, 52.258076 ], [ 20.87936, 52.255863 ], [ 20.875132, 52.25593 ], [ 20.873112, 52.258211 ] ] ] } },
{ "type": "Feature", "properties": { "fid": 45, "hex_id": 44 }, "geometry": { "type": "Polygon", "coordinates": [ [ [ 20.872923, 52.253716 ], [ 20.875132, 52.25593 ], [ 20.87936, 52.255863 ], [ 20.881379, 52.253582 ], [ 20.87917, 52.251369 ], [ 20.874942, 52.251436 ], [ 20.872923, 52.253716 ] ] ] } },
{ "type": "Feature", "properties": { "fid": 46, "hex_id": 45 }, "geometry": { "type": "Polygon", "coordinates": [ [ [ 20.872734, 52.249222 ], [ 20.874942, 52.251436 ], [ 20.87917, 52.251369 ], [ 20.881189, 52.249088 ], [ 20.87898, 52.246874 ], [ 20.874753, 52.246942 ], [ 20.872734, 52.249222 ] ] ] } },
{ "type": "Feature", "properties": { "fid": 47, "hex_id": 46 }, "geometry": { "type": "Polygon", "coordinates": [ [ [ 20.871977, 52.231245 ], [ 20.874184, 52.233459 ], [ 20.87841, 52.233392 ], [ 20.880428, 52.231111 ], [ 20.878221, 52.228897 ], [ 20.873995, 52.228965 ], [ 20.871977, 52.231245 ] ] ] } },
{ "type": "Feature", "properties": { "fid": 48, "hex_id": 47 }, "geometry": { "type": "Polygon", "coordinates": [ [ [ 20.871788, 52.226751 ], [ 20.873995, 52.228965 ], [ 20.878221, 52.228897 ], [ 20.880238, 52.226617 ], [ 20.878031, 52.224403 ], [ 20.873806, 52.22447 ], [ 20.871788, 52.226751 ] ] ] } },
{ "type": "Feature", "properties": { "fid": 49, "hex_id": 48 }, "geometry": { "type": "Polygon", "coordinates": [ [ [ 20.871599, 52.222257 ], [ 20.873806, 52.22447 ], [ 20.878031, 52.224403 ], [ 20.880049, 52.222122 ], [ 20.877841, 52.219909 ], [ 20.873616, 52.219976 ], [ 20.871599, 52.222257 ] ] ] } },
{ "type": "Feature", "properties": { "fid": 50, "hex_id": 49 }, "geometry": { "type": "Polygon", "coordinates": [ [ [ 20.87141, 52.217763 ], [ 20.873616, 52.219976 ], [ 20.877841, 52.219909 ], [ 20.879859, 52.217628 ], [ 20.877652, 52.215415 ], [ 20.873427, 52.215482 ], [ 20.87141, 52.217763 ] ] ] } },
{ "type": "Feature", "properties": { "fid": 51, "hex_id": 50 }, "geometry": { "type": "Polygon", "coordinates": [ [ [ 20.871221, 52.213268 ], [ 20.873427, 52.215482 ], [ 20.877652, 52.215415 ], [ 20.879669, 52.213134 ], [ 20.877462, 52.21092 ], [ 20.873238, 52.210988 ], [ 20.871221, 52.213268 ] ] ] } },
{ "type": "Feature", "properties": { "fid": 52, "hex_id": 51 }, "geometry": { "type": "Polygon", "coordinates": [ [ [ 20.871032, 52.208774 ], [ 20.873238, 52.210988 ], [ 20.877462, 52.21092 ], [ 20.879479, 52.20864 ], [ 20.877273, 52.206426 ], [ 20.873049, 52.206493 ], [ 20.871032, 52.208774 ] ] ] } },
{ "type": "Feature", "properties": { "fid": 53, "hex_id": 52 }, "geometry": { "type": "Polygon", "coordinates": [ [ [ 20.870843, 52.20428 ], [ 20.873049, 52.206493 ], [ 20.877273, 52.206426 ], [ 20.879289, 52.204145 ], [ 20.877083, 52.201932 ], [ 20.87286, 52.201999 ], [ 20.870843, 52.20428 ] ] ] } },
{ "type": "Feature", "properties": { "fid": 54, "hex_id": 53 }, "geometry": { "type": "Polygon", "coordinates": [ [ [ 20.870654, 52.199785 ], [ 20.87286, 52.201999 ], [ 20.877083, 52.201932 ], [ 20.8791, 52.199651 ], [ 20.876894, 52.197438 ], [ 20.872671, 52.197505 ], [ 20.870654, 52.199785 ] ] ] } },
{ "type": "Feature", "properties": { "fid": 55, "hex_id": 54 }, "geometry": { "type": "Polygon", "coordinates": [ [ [ 20.870465, 52.195291 ], [ 20.872671, 52.197505 ], [ 20.876894, 52.197438 ], [ 20.87891, 52.195157 ], [ 20.876704, 52.192943 ], [ 20.872482, 52.193011 ], [ 20.870465, 52.195291 ] ] ] } },
{ "type": "Feature", "properties": { "fid": 56, "hex_id": 55 }, "geometry": { "type": "Polygon", "coordinates": [ [ [ 20.870277, 52.190797 ], [ 20.872482, 52.193011 ], [ 20.876704, 52.192943 ], [ 20.878721, 52.190663 ], [ 20.876515, 52.188449 ], [ 20.872293, 52.188516 ], [ 20.870277, 52.190797 ] ] ] } },
{ "type": "Feature", "properties": { "fid": 57, "hex_id": 56 }, "geometry": { "type": "Polygon", "coordinates": [ [ [ 20.870088, 52.186303 ], [ 20.872293, 52.188516 ], [ 20.876515, 52.188449 ], [ 20.878531, 52.186168 ], [ 20.876326, 52.183955 ], [ 20.872105, 52.184022 ], [ 20.870088, 52.186303 ] ] ] } },
{ "type": "Feature", "properties": { "fid": 58, "hex_id": 57 }, "geometry": { "type": "Polygon", "coordinates": [ [ [ 20.8699, 52.181808 ], [ 20.872105, 52.184022 ], [ 20.876326, 52.183955 ], [ 20.878342, 52.181674 ], [ 20.876137, 52.179461 ], [ 20.871916, 52.179528 ], [ 20.8699, 52.181808 ] ] ] } },
{ "type": "Feature", "properties": { "fid": 59, "hex_id": 58 }, "geometry": { "type": "Polygon", "coordinates": [ [ [ 20.881834, 52.314287 ], [ 20.884047, 52.316501 ], [ 20.88828, 52.316433 ], [ 20.890302, 52.314152 ], [ 20.888089, 52.311939 ], [ 20.883856, 52.312006 ], [ 20.881834, 52.314287 ] ] ] } },
{ "type": "Feature", "properties": { "fid": 60, "hex_id": 59 }, "geometry": { "type": "Polygon", "coordinates": [ [ [ 20.881644, 52.309793 ], [ 20.883856, 52.312006 ], [ 20.888089, 52.311939 ], [ 20.89011, 52.309658 ], [ 20.887898, 52.307445 ], [ 20.883665, 52.307512 ], [ 20.881644, 52.309793 ] ] ] } },
{ "type": "Feature", "properties": { "fid": 61, "hex_id": 60 }, "geometry": { "type": "Polygon", "coordinates": [ [ [ 20.881453, 52.305299 ], [ 20.883665, 52.307512 ], [ 20.887898, 52.307445 ], [ 20.889919, 52.305164 ], [ 20.887707, 52.30295 ], [ 20.883474, 52.303018 ], [ 20.881453, 52.305299 ] ] ] } },
{ "type": "Feature", "properties": { "fid": 62, "hex_id": 61 }, "geometry": { "type": "Polygon", "coordinates": [ [ [ 20.881262, 52.300805 ], [ 20.883474, 52.303018 ], [ 20.887707, 52.30295 ], [ 20.889727, 52.30067 ], [ 20.887515, 52.298456 ], [ 20.883283, 52.298524 ], [ 20.881262, 52.300805 ] ] ] } },
{ "type": "Feature", "properties": { "fid": 63, "hex_id": 62 }, "geometry": { "type": "Polygon", "coordinates": [ [ [ 20.881072, 52.296311 ], [ 20.883283, 52.298524 ], [ 20.887515, 52.298456 ], [ 20.889536, 52.296175 ], [ 20.887324, 52.293962 ], [ 20.883093, 52.29403 ], [ 20.881072, 52.296311 ] ] ] } },
{ "type": "Feature", "properties": { "fid": 64, "hex_id": 63 }, "geometry": { "type": "Polygon", "coordinates": [ [ [ 20.880882, 52.291816 ], [ 20.883093, 52.29403 ], [ 20.887324, 52.293962 ], [ 20.889345, 52.291681 ], [ 20.887133, 52.289468 ], [ 20.882902, 52.289536 ], [ 20.880882, 52.291816 ] ] ] } },
{ "type": "Feature", "properties": { "fid": 65, "hex_id": 64 }, "geometry": { "type": "Polygon", "coordinates": [ [ [ 20.880691, 52.287322 ], [ 20.882902, 52.289536 ], [ 20.887133, 52.289468 ], [ 20.889153, 52.287187 ], [ 20.886942, 52.284974 ], [ 20.882711, 52.285041 ], [ 20.880691, 52.287322 ] ] ] } },
{ "type": "Feature", "properties": { "fid": 66, "hex_id": 65 }, "geometry": { "type": "Polygon", "coordinates": [ [ [ 20.880501, 52.282828 ], [ 20.882711, 52.285041 ], [ 20.886942, 52.284974 ], [ 20.888962, 52.282693 ], [ 20.886751, 52.28048 ], [ 20.882521, 52.280547 ], [ 20.880501, 52.282828 ] ] ] } },
{ "type": "Feature", "properties": { "fid": 67, "hex_id": 66 }, "geometry": { "type": "Polygon", "coordinates": [ [ [ 20.88031, 52.278334 ], [ 20.882521, 52.280547 ], [ 20.886751, 52.28048 ], [ 20.888771, 52.278199 ], [ 20.88656, 52.275985 ], [ 20.88233, 52.276053 ], [ 20.88031, 52.278334 ] ] ] } },
{ "type": "Feature", "properties": { "fid": 68, "hex_id": 67 }, "geometry": { "type": "Polygon", "coordinates": [ [ [ 20.88012, 52.27384 ], [ 20.88233, 52.276053 ], [ 20.88656, 52.275985 ], [ 20.88858, 52.273705 ], [ 20.88637, 52.271491 ], [ 20.88214, 52.271559 ], [ 20.88012, 52.27384 ] ] ] } },
{ "type": "Feature", "properties": { "fid": 69, "hex_id": 68 }, "geometry": { "type": "Polygon", "coordinates": [ [ [ 20.87993, 52.269345 ], [ 20.88214, 52.271559 ], [ 20.88637, 52.271491 ], [ 20.888389, 52.26921 ], [ 20.886179, 52.266997 ], [ 20.88195, 52.267065 ], [ 20.87993, 52.269345 ] ] ] } },
{ "type": "Feature", "properties": { "fid": 70, "hex_id": 69 }, "geometry": { "type": "Polygon", "coordinates": [ [ [ 20.87974, 52.264851 ], [ 20.88195, 52.267065 ], [ 20.886179, 52.266997 ], [ 20.888198, 52.264716 ], [ 20.885988, 52.262503 ], [ 20.881759, 52.26257 ], [ 20.87974, 52.264851 ] ] ] } },
{ "type": "Feature", "properties": { "fid": 71, "hex_id": 70 }, "geometry": { "type": "Polygon", "coordinates": [ [ [ 20.87955, 52.260357 ], [ 20.881759, 52.26257 ], [ 20.885988, 52.262503 ], [ 20.888007, 52.260222 ], [ 20.885797, 52.258009 ], [ 20.881569, 52.258076 ], [ 20.87955, 52.260357 ] ] ] } },
{ "type": "Feature", "properties": { "fid": 72, "hex_id": 71 }, "geometry": { "type": "Polygon", "coordinates": [ [ [ 20.87936, 52.255863 ], [ 20.881569, 52.258076 ], [ 20.885797, 52.258009 ], [ 20.887816, 52.255728 ], [ 20.885607, 52.253515 ], [ 20.881379, 52.253582 ], [ 20.87936, 52.255863 ] ] ] } },
{ "type": "Feature", "properties": { "fid": 73, "hex_id": 72 }, "geometry": { "type": "Polygon", "coordinates": [ [ [ 20.87917, 52.251369 ], [ 20.881379, 52.253582 ], [ 20.885607, 52.253515 ], [ 20.887625, 52.251234 ], [ 20.885416, 52.24902 ], [ 20.881189, 52.249088 ], [ 20.87917, 52.251369 ] ] ] } },
{ "type": "Feature", "properties": { "fid": 74, "hex_id": 73 }, "geometry": { "type": "Polygon", "coordinates": [ [ [ 20.87898, 52.246874 ], [ 20.881189, 52.249088 ], [ 20.885416, 52.24902 ], [ 20.887434, 52.246739 ], [ 20.885225, 52.244526 ], [ 20.880998, 52.244594 ], [ 20.87898, 52.246874 ] ] ] } },
{ "type": "Feature", "properties": { "fid": 75, "hex_id": 74 }, "geometry": { "type": "Polygon", "coordinates": [ [ [ 20.87841, 52.233392 ], [ 20.880618, 52.235605 ], [ 20.884845, 52.235538 ], [ 20.886862, 52.233257 ], [ 20.884654, 52.231043 ], [ 20.880428, 52.231111 ], [ 20.87841, 52.233392 ] ] ] } },
{ "type": "Feature", "properties": { "fid": 76, "hex_id": 75 }, "geometry": { "type": "Polygon", "coordinates": [ [ [ 20.878221, 52.228897 ], [ 20.880428, 52.231111 ], [ 20.884654, 52.231043 ], [ 20.886672, 52.228763 ], [ 20.884464, 52.226549 ], [ 20.880238, 52.226617 ], [ 20.878221, 52.228897 ] ] ] } },
{ "type": "Feature", "properties": { "fid": 77, "hex_id": 76 }, "geometry": { "type": "Polygon", "coordinates": [ [ [ 20.878031, 52.224403 ], [ 20.880238, 52.226617 ], [ 20.884464, 52.226549 ], [ 20.886481, 52.224268 ], [ 20.884273, 52.222055 ], [ 20.880049, 52.222122 ], [ 20.878031, 52.224403 ] ] ] } },
{ "type": "Feature", "properties": { "fid": 78, "hex_id": 77 }, "geometry": { "type": "Polygon", "coordinates": [ [ [ 20.877841, 52.219909 ], [ 20.880049, 52.222122 ], [ 20.884273, 52.222055 ], [ 20.886291, 52.219774 ], [ 20.884083, 52.217561 ], [ 20.879859, 52.217628 ], [ 20.877841, 52.219909 ] ] ] } },
{ "type": "Feature", "properties": { "fid": 79, "hex_id": 78 }, "geometry": { "type": "Polygon", "coordinates": [ [ [ 20.877652, 52.215415 ], [ 20.879859, 52.217628 ], [ 20.884083, 52.217561 ], [ 20.8861, 52.21528 ], [ 20.883893, 52.213067 ], [ 20.879669, 52.213134 ], [ 20.877652, 52.215415 ] ] ] } },
{ "type": "Feature", "properties": { "fid": 80, "hex_id": 79 }, "geometry": { "type": "Polygon", "coordinates": [ [ [ 20.877462, 52.21092 ], [ 20.879669, 52.213134 ], [ 20.883893, 52.213067 ], [ 20.88591, 52.210786 ], [ 20.883703, 52.208572 ], [ 20.879479, 52.20864 ], [ 20.877462, 52.21092 ] ] ] } },
{ "type": "Feature", "properties": { "fid": 81, "hex_id": 80 }, "geometry": { "type": "Polygon", "coordinates": [ [ [ 20.877273, 52.206426 ], [ 20.879479, 52.20864 ], [ 20.883703, 52.208572 ], [ 20.885719, 52.206292 ], [ 20.883513, 52.204078 ], [ 20.879289, 52.204145 ], [ 20.877273, 52.206426 ] ] ] } },
{ "type": "Feature", "properties": { "fid": 82, "hex_id": 81 }, "geometry": { "type": "Polygon", "coordinates": [ [ [ 20.877083, 52.201932 ], [ 20.879289, 52.204145 ], [ 20.883513, 52.204078 ], [ 20.885529, 52.201797 ], [ 20.883323, 52.199584 ], [ 20.8791, 52.199651 ], [ 20.877083, 52.201932 ] ] ] } },
{ "type": "Feature", "properties": { "fid": 83, "hex_id": 82 }, "geometry": { "type": "Polygon", "coordinates": [ [ [ 20.876894, 52.197438 ], [ 20.8791, 52.199651 ], [ 20.883323, 52.199584 ], [ 20.885339, 52.197303 ], [ 20.883133, 52.19509 ], [ 20.87891, 52.195157 ], [ 20.876894, 52.197438 ] ] ] } },
{ "type": "Feature", "properties": { "fid": 84, "hex_id": 83 }, "geometry": { "type": "Polygon", "coordinates": [ [ [ 20.876704, 52.192943 ], [ 20.87891, 52.195157 ], [ 20.883133, 52.19509 ], [ 20.885149, 52.192809 ], [ 20.882943, 52.190595 ], [ 20.878721, 52.190663 ], [ 20.876704, 52.192943 ] ] ] } },
{ "type": "Feature", "properties": { "fid": 85, "hex_id": 84 }, "geometry": { "type": "Polygon", "coordinates": [ [ [ 20.876515, 52.188449 ], [ 20.878721, 52.190663 ], [ 20.882943, 52.190595 ], [ 20.884959, 52.188315 ], [ 20.882753, 52.186101 ], [ 20.878531, 52.186168 ], [ 20.876515, 52.188449 ] ] ] } },
{ "type": "Feature", "properties": { "fid": 86, "hex_id": 85 }, "geometry": { "type": "Polygon", "coordinates": [ [ [ 20.876326, 52.183955 ], [ 20.878531, 52.186168 ], [ 20.882753, 52.186101 ], [ 20.884768, 52.18382 ], [ 20.882563, 52.181607 ], [ 20.878342, 52.181674 ], [ 20.876326, 52.183955 ] ] ] } },
{ "type": "Feature", "properties": { "fid": 87, "hex_id": 86 }, "geometry": { "type": "Polygon", "coordinates": [ [ [ 20.888472, 52.320927 ], [ 20.890685, 52.32314 ], [ 20.894919, 52.323072 ], [ 20.89694, 52.320791 ], [ 20.894727, 52.318578 ], [ 20.890493, 52.318646 ], [ 20.888472, 52.320927 ] ] ] } },
{ "type": "Feature", "properties": { "fid": 88, "hex_id": 87 }, "geometry": { "type": "Polygon", "coordinates": [ [ [ 20.88828, 52.316433 ], [ 20.890493, 52.318646 ], [ 20.894727, 52.318578 ], [ 20.896748, 52.316297 ], [ 20.894535, 52.314084 ], [ 20.890302, 52.314152 ], [ 20.88828, 52.316433 ] ] ] } },
{ "type": "Feature", "properties": { "fid": 89, "hex_id": 88 }, "geometry": { "type": "Polygon", "coordinates": [ [ [ 20.888089, 52.311939 ], [ 20.890302, 52.314152 ], [ 20.894535, 52.314084 ], [ 20.896556, 52.311803 ], [ 20.894343, 52.30959 ], [ 20.89011, 52.309658 ], [ 20.888089, 52.311939 ] ] ] } },
{ "type": "Feature", "properties": { "fid": 90, "hex_id": 89 }, "geometry": { "type": "Polygon", "coordinates": [ [ [ 20.887898, 52.307445 ], [ 20.89011, 52.309658 ], [ 20.894343, 52.30959 ], [ 20.896364, 52.307309 ], [ 20.894151, 52.305096 ], [ 20.889919, 52.305164 ], [ 20.887898, 52.307445 ] ] ] } },
{ "type": "Feature", "properties": { "fid": 91, "hex_id": 90 }, "geometry": { "type": "Polygon", "coordinates": [ [ [ 20.887707, 52.30295 ], [ 20.889919, 52.305164 ], [ 20.894151, 52.305096 ], [ 20.896172, 52.302815 ], [ 20.89396, 52.300602 ], [ 20.889727, 52.30067 ], [ 20.887707, 52.30295 ] ] ] } },
{ "type": "Feature", "properties": { "fid": 92, "hex_id": 91 }, "geometry": { "type": "Polygon", "coordinates": [ [ [ 20.887515, 52.298456 ], [ 20.889727, 52.30067 ], [ 20.89396, 52.300602 ], [ 20.89598, 52.298321 ], [ 20.893768, 52.296108 ], [ 20.889536, 52.296175 ], [ 20.887515, 52.298456 ] ] ] } },
{ "type": "Feature", "properties": { "fid": 93, "hex_id": 92 }, "geometry": { "type": "Polygon", "coordinates": [ [ [ 20.887324, 52.293962 ], [ 20.889536, 52.296175 ], [ 20.893768, 52.296108 ], [ 20.895788, 52.293827 ], [ 20.893576, 52.291613 ], [ 20.889345, 52.291681 ], [ 20.887324, 52.293962 ] ] ] } },
{ "type": "Feature", "properties": { "fid": 94, "hex_id": 93 }, "geometry": { "type": "Polygon", "coordinates": [ [ [ 20.887133, 52.289468 ], [ 20.889345, 52.291681 ], [ 20.893576, 52.291613 ], [ 20.895596, 52.289332 ], [ 20.893384, 52.287119 ], [ 20.889153, 52.287187 ], [ 20.887133, 52.289468 ] ] ] } },
{ "type": "Feature", "properties": { "fid": 95, "hex_id": 94 }, "geometry": { "type": "Polygon", "coordinates": [ [ [ 20.886942, 52.284974 ], [ 20.889153, 52.287187 ], [ 20.893384, 52.287119 ], [ 20.895404, 52.284838 ], [ 20.893193, 52.282625 ], [ 20.888962, 52.282693 ], [ 20.886942, 52.284974 ] ] ] } },
{ "type": "Feature", "properties": { "fid": 96, "hex_id": 95 }, "geometry": { "type": "Polygon", "coordinates": [ [ [ 20.886751, 52.28048 ], [ 20.888962, 52.282693 ], [ 20.893193, 52.282625 ], [ 20.895212, 52.280344 ], [ 20.893001, 52.278131 ], [ 20.888771, 52.278199 ], [ 20.886751, 52.28048 ] ] ] } },
{ "type": "Feature", "properties": { "fid": 97, "hex_id": 96 }, "geometry": { "type": "Polygon", "coordinates": [ [ [ 20.88656, 52.275985 ], [ 20.888771, 52.278199 ], [ 20.893001, 52.278131 ], [ 20.89502, 52.27585 ], [ 20.89281, 52.273637 ], [ 20.88858, 52.273705 ], [ 20.88656, 52.275985 ] ] ] } },
{ "type": "Feature", "properties": { "fid": 98, "hex_id": 97 }, "geometry": { "type": "Polygon", "coordinates": [ [ [ 20.88637, 52.271491 ], [ 20.88858, 52.273705 ], [ 20.89281, 52.273637 ], [ 20.894829, 52.271356 ], [ 20.892618, 52.269143 ], [ 20.888389, 52.26921 ], [ 20.88637, 52.271491 ] ] ] } },
{ "type": "Feature", "properties": { "fid": 99, "hex_id": 98 }, "geometry": { "type": "Polygon", "coordinates": [ [ [ 20.886179, 52.266997 ], [ 20.888389, 52.26921 ], [ 20.892618, 52.269143 ], [ 20.894637, 52.266862 ], [ 20.892427, 52.264648 ], [ 20.888198, 52.264716 ], [ 20.886179, 52.266997 ] ] ] } },
{ "type": "Feature", "properties": { "fid": 100, "hex_id": 99 }, "geometry": { "type": "Polygon", "coordinates": [ [ [ 20.885988, 52.262503 ], [ 20.888198, 52.264716 ], [ 20.892427, 52.264648 ], [ 20.894445, 52.262367 ], [ 20.892235, 52.260154 ], [ 20.888007, 52.260222 ], [ 20.885988, 52.262503 ] ] ] } },
{ "type": "Feature", "properties": { "fid": 101, "hex_id": 100 }, "geometry": { "type": "Polygon", "coordinates": [ [ [ 20.885797, 52.258009 ], [ 20.888007, 52.260222 ], [ 20.892235, 52.260154 ], [ 20.894254, 52.257873 ], [ 20.892044, 52.25566 ], [ 20.887816, 52.255728 ], [ 20.885797, 52.258009 ] ] ] } },
{ "type": "Feature", "properties": { "fid": 102, "hex_id": 101 }, "geometry": { "type": "Polygon", "coordinates": [ [ [ 20.885607, 52.253515 ], [ 20.887816, 52.255728 ], [ 20.892044, 52.25566 ], [ 20.894062, 52.253379 ], [ 20.891853, 52.251166 ], [ 20.887625, 52.251234 ], [ 20.885607, 52.253515 ] ] ] } },
{ "type": "Feature", "properties": { "fid": 103, "hex_id": 102 }, "geometry": { "type": "Polygon", "coordinates": [ [ [ 20.885416, 52.24902 ], [ 20.887625, 52.251234 ], [ 20.891853, 52.251166 ], [ 20.893871, 52.248885 ], [ 20.891662, 52.246672 ], [ 20.887434, 52.246739 ], [ 20.885416, 52.24902 ] ] ] } },
{ "type": "Feature", "properties": { "fid": 104, "hex_id": 103 }, "geometry": { "type": "Polygon", "coordinates": [ [ [ 20.885225, 52.244526 ], [ 20.887434, 52.246739 ], [ 20.891662, 52.246672 ], [ 20.89368, 52.244391 ], [ 20.89147, 52.242178 ], [ 20.887244, 52.242245 ], [ 20.885225, 52.244526 ] ] ] } },
{ "type": "Feature", "properties": { "fid": 105, "hex_id": 104 }, "geometry": { "type": "Polygon", "coordinates": [ [ [ 20.885035, 52.240032 ], [ 20.887244, 52.242245 ], [ 20.89147, 52.242178 ], [ 20.893488, 52.239897 ], [ 20.891279, 52.237683 ], [ 20.887053, 52.237751 ], [ 20.885035, 52.240032 ] ] ] } },
{ "type": "Feature", "properties": { "fid": 106, "hex_id": 105 }, "geometry": { "type": "Polygon", "coordinates": [ [ [ 20.884845, 52.235538 ], [ 20.887053, 52.237751 ], [ 20.891279, 52.237683 ], [ 20.893297, 52.235402 ], [ 20.891088, 52.233189 ], [ 20.886862, 52.233257 ], [ 20.884845, 52.235538 ] ] ] } },
{ "type": "Feature", "properties": { "fid": 107, "hex_id": 106 }, "geometry": { "type": "Polygon", "coordinates": [ [ [ 20.884654, 52.231043 ], [ 20.886862, 52.233257 ], [ 20.891088, 52.233189 ], [ 20.893106, 52.230908 ], [ 20.890897, 52.228695 ], [ 20.886672, 52.228763 ], [ 20.884654, 52.231043 ] ] ] } },
{ "type": "Feature", "properties": { "fid": 108, "hex_id": 107 }, "geometry": { "type": "Polygon", "coordinates": [ [ [ 20.884464, 52.226549 ], [ 20.886672, 52.228763 ], [ 20.890897, 52.228695 ], [ 20.892914, 52.226414 ], [ 20.890706, 52.224201 ], [ 20.886481, 52.224268 ], [ 20.884464, 52.226549 ] ] ] } },
{ "type": "Feature", "properties": { "fid": 109, "hex_id": 108 }, "geometry": { "type": "Polygon", "coordinates": [ [ [ 20.884273, 52.222055 ], [ 20.886481, 52.224268 ], [ 20.890706, 52.224201 ], [ 20.892723, 52.22192 ], [ 20.890515, 52.219707 ], [ 20.886291, 52.219774 ], [ 20.884273, 52.222055 ] ] ] } },
{ "type": "Feature", "properties": { "fid": 110, "hex_id": 109 }, "geometry": { "type": "Polygon", "coordinates": [ [ [ 20.884083, 52.217561 ], [ 20.886291, 52.219774 ], [ 20.890515, 52.219707 ], [ 20.892532, 52.217426 ], [ 20.890324, 52.215212 ], [ 20.8861, 52.21528 ], [ 20.884083, 52.217561 ] ] ] } },
{ "type": "Feature", "properties": { "fid": 111, "hex_id": 110 }, "geometry": { "type": "Polygon", "coordinates": [ [ [ 20.883893, 52.213067 ], [ 20.8861, 52.21528 ], [ 20.890324, 52.215212 ], [ 20.892341, 52.212931 ], [ 20.890134, 52.210718 ], [ 20.88591, 52.210786 ], [ 20.883893, 52.213067 ] ] ] } },
{ "type": "Feature", "properties": { "fid": 112, "hex_id": 111 }, "geometry": { "type": "Polygon", "coordinates": [ [ [ 20.883703, 52.208572 ], [ 20.88591, 52.210786 ], [ 20.890134, 52.210718 ], [ 20.89215, 52.208437 ], [ 20.889943, 52.206224 ], [ 20.885719, 52.206292 ], [ 20.883703, 52.208572 ] ] ] } },
{ "type": "Feature", "properties": { "fid": 113, "hex_id": 112 }, "geometry": { "type": "Polygon", "coordinates": [ [ [ 20.883513, 52.204078 ], [ 20.885719, 52.206292 ], [ 20.889943, 52.206224 ], [ 20.891959, 52.203943 ], [ 20.889752, 52.20173 ], [ 20.885529, 52.201797 ], [ 20.883513, 52.204078 ] ] ] } },
{ "type": "Feature", "properties": { "fid": 114, "hex_id": 113 }, "geometry": { "type": "Polygon", "coordinates": [ [ [ 20.883323, 52.199584 ], [ 20.885529, 52.201797 ], [ 20.889752, 52.20173 ], [ 20.891768, 52.199449 ], [ 20.889561, 52.197235 ], [ 20.885339, 52.197303 ], [ 20.883323, 52.199584 ] ] ] } },
{ "type": "Feature", "properties": { "fid": 115, "hex_id": 114 }, "geometry": { "type": "Polygon", "coordinates": [ [ [ 20.883133, 52.19509 ], [ 20.885339, 52.197303 ], [ 20.889561, 52.197235 ], [ 20.891577, 52.194955 ], [ 20.889371, 52.192741 ], [ 20.885149, 52.192809 ], [ 20.883133, 52.19509 ] ] ] } },
{ "type": "Feature", "properties": { "fid": 116, "hex_id": 115 }, "geometry": { "type": "Polygon", "coordinates": [ [ [ 20.882943, 52.190595 ], [ 20.885149, 52.192809 ], [ 20.889371, 52.192741 ], [ 20.891387, 52.19046 ], [ 20.88918, 52.188247 ], [ 20.884959, 52.188315 ], [ 20.882943, 52.190595 ] ] ] } },
{ "type": "Feature", "properties": { "fid": 117, "hex_id": 116 }, "geometry": { "type": "Polygon", "coordinates": [ [ [ 20.882753, 52.186101 ], [ 20.884959, 52.188315 ], [ 20.88918, 52.188247 ], [ 20.891196, 52.185966 ], [ 20.88899, 52.183753 ], [ 20.884768, 52.18382 ], [ 20.882753, 52.186101 ] ] ] } },
{ "type": "Feature", "properties": { "fid": 118, "hex_id": 117 }, "geometry": { "type": "Polygon", "coordinates": [ [ [ 20.882563, 52.181607 ], [ 20.884768, 52.18382 ], [ 20.88899, 52.183753 ], [ 20.891005, 52.181472 ], [ 20.888799, 52.179259 ], [ 20.884578, 52.179326 ], [ 20.882563, 52.181607 ] ] ] } },
{ "type": "Feature", "properties": { "fid": 119, "hex_id": 118 }, "geometry": { "type": "Polygon", "coordinates": [ [ [ 20.894919, 52.323072 ], [ 20.897133, 52.325285 ], [ 20.901367, 52.325217 ], [ 20.903388, 52.322936 ], [ 20.901175, 52.320723 ], [ 20.89694, 52.320791 ], [ 20.894919, 52.323072 ] ] ] } },
{ "type": "Feature", "properties": { "fid": 120, "hex_id": 119 }, "geometry": { "type": "Polygon", "coordinates": [ [ [ 20.894727, 52.318578 ], [ 20.89694, 52.320791 ], [ 20.901175, 52.320723 ], [ 20.903195, 52.318442 ], [ 20.900982, 52.316229 ], [ 20.896748, 52.316297 ], [ 20.894727, 52.318578 ] ] ] } },
{ "type": "Feature", "properties": { "fid": 121, "hex_id": 120 }, "geometry": { "type": "Polygon", "coordinates": [ [ [ 20.894535, 52.314084 ], [ 20.896748, 52.316297 ], [ 20.900982, 52.316229 ], [ 20.903003, 52.313948 ], [ 20.900789, 52.311735 ], [ 20.896556, 52.311803 ], [ 20.894535, 52.314084 ] ] ] } },
{ "type": "Feature", "properties": { "fid": 122, "hex_id": 121 }, "geometry": { "type": "Polygon", "coordinates": [ [ [ 20.894343, 52.30959 ], [ 20.896556, 52.311803 ], [ 20.900789, 52.311735 ], [ 20.90281, 52.309454 ], [ 20.900597, 52.307241 ], [ 20.896364, 52.307309 ], [ 20.894343, 52.30959 ] ] ] } },
{ "type": "Feature", "properties": { "fid": 123, "hex_id": 122 }, "geometry": { "type": "Polygon", "coordinates": [ [ [ 20.894151, 52.305096 ], [ 20.896364, 52.307309 ], [ 20.900597, 52.307241 ], [ 20.902617, 52.30496 ], [ 20.900404, 52.302747 ], [ 20.896172, 52.302815 ], [ 20.894151, 52.305096 ] ] ] } },
{ "type": "Feature", "properties": { "fid": 124, "hex_id": 123 }, "geometry": { "type": "Polygon", "coordinates": [ [ [ 20.89396, 52.300602 ], [ 20.896172, 52.302815 ], [ 20.900404, 52.302747 ], [ 20.902424, 52.300466 ], [ 20.900212, 52.298253 ], [ 20.89598, 52.298321 ], [ 20.89396, 52.300602 ] ] ] } },
{ "type": "Feature", "properties": { "fid": 125, "hex_id": 124 }, "geometry": { "type": "Polygon", "coordinates": [ [ [ 20.893768, 52.296108 ], [ 20.89598, 52.298321 ], [ 20.900212, 52.298253 ], [ 20.902232, 52.295972 ], [ 20.90002, 52.293759 ], [ 20.895788, 52.293827 ], [ 20.893768, 52.296108 ] ] ] } },
{ "type": "Feature", "properties": { "fid": 126, "hex_id": 125 }, "geometry": { "type": "Polygon", "coordinates": [ [ [ 20.893576, 52.291613 ], [ 20.895788, 52.293827 ], [ 20.90002, 52.293759 ], [ 20.902039, 52.291477 ], [ 20.899827, 52.289264 ], [ 20.895596, 52.289332 ], [ 20.893576, 52.291613 ] ] ] } },
{ "type": "Feature", "properties": { "fid": 127, "hex_id": 126 }, "geometry": { "type": "Polygon", "coordinates": [ [ [ 20.893384, 52.287119 ], [ 20.895596, 52.289332 ], [ 20.899827, 52.289264 ], [ 20.901847, 52.286983 ], [ 20.899635, 52.28477 ], [ 20.895404, 52.284838 ], [ 20.893384, 52.287119 ] ] ] } },
{ "type": "Feature", "properties": { "fid": 128, "hex_id": 127 }, "geometry": { "type": "Polygon", "coordinates": [ [ [ 20.893193, 52.282625 ], [ 20.895404, 52.284838 ], [ 20.899635, 52.28477 ], [ 20.901654, 52.282489 ], [ 20.899443, 52.280276 ], [ 20.895212, 52.280344 ], [ 20.893193, 52.282625 ] ] ] } },
{ "type": "Feature", "properties": { "fid": 129, "hex_id": 128 }, "geometry": { "type": "Polygon", "coordinates": [ [ [ 20.893001, 52.278131 ], [ 20.895212, 52.280344 ], [ 20.899443, 52.280276 ], [ 20.901462, 52.277995 ], [ 20.89925, 52.275782 ], [ 20.89502, 52.27585 ], [ 20.893001, 52.278131 ] ] ] } },
{ "type": "Feature", "properties": { "fid": 130, "hex_id": 129 }, "geometry": { "type": "Polygon", "coordinates": [ [ [ 20.89281, 52.273637 ], [ 20.89502, 52.27585 ], [ 20.89925, 52.275782 ], [ 20.901269, 52.273501 ], [ 20.899058, 52.271288 ], [ 20.894829, 52.271356 ], [ 20.89281, 52.273637 ] ] ] } },
{ "type": "Feature", "properties": { "fid": 131, "hex_id": 130 }, "geometry": { "type": "Polygon", "coordinates": [ [ [ 20.892618, 52.269143 ], [ 20.894829, 52.271356 ], [ 20.899058, 52.271288 ], [ 20.901077, 52.269007 ], [ 20.898866, 52.266794 ], [ 20.894637, 52.266862 ], [ 20.892618, 52.269143 ] ] ] } },
{ "type": "Feature", "properties": { "fid": 132, "hex_id": 131 }, "geometry": { "type": "Polygon", "coordinates": [ [ [ 20.892427, 52.264648 ], [ 20.894637, 52.266862 ], [ 20.898866, 52.266794 ], [ 20.900885, 52.264513 ], [ 20.898674, 52.2623 ], [ 20.894445, 52.262367 ], [ 20.892427, 52.264648 ] ] ] } },
{ "type": "Feature", "properties": { "fid": 133, "hex_id": 132 }, "geometry": { "type": "Polygon", "coordinates": [ [ [ 20.892235, 52.260154 ], [ 20.894445, 52.262367 ], [ 20.898674, 52.2623 ], [ 20.900692, 52.260018 ], [ 20.898482, 52.257805 ], [ 20.894254, 52.257873 ], [ 20.892235, 52.260154 ] ] ] } },
{ "type": "Feature", "properties": { "fid": 134, "hex_id": 133 }, "geometry": { "type": "Polygon", "coordinates": [ [ [ 20.892044, 52.25566 ], [ 20.894254, 52.257873 ], [ 20.898482, 52.257805 ], [ 20.9005, 52.255524 ], [ 20.89829, 52.253311 ], [ 20.894062, 52.253379 ], [ 20.892044, 52.25566 ] ] ] } },
{ "type": "Feature", "properties": { "fid": 135, "hex_id": 134 }, "geometry": { "type": "Polygon", "coordinates": [ [ [ 20.891853, 52.251166 ], [ 20.894062, 52.253379 ], [ 20.89829, 52.253311 ], [ 20.900308, 52.25103 ], [ 20.898098, 52.248817 ], [ 20.893871, 52.248885 ], [ 20.891853, 52.251166 ] ] ] } },
{ "type": "Feature", "properties": { "fid": 136, "hex_id": 135 }, "geometry": { "type": "Polygon", "coordinates": [ [ [ 20.891662, 52.246672 ], [ 20.893871, 52.248885 ], [ 20.898098, 52.248817 ], [ 20.900116, 52.246536 ], [ 20.897907, 52.244323 ], [ 20.89368, 52.244391 ], [ 20.891662, 52.246672 ] ] ] } },
{ "type": "Feature", "properties": { "fid": 137, "hex_id": 136 }, "geometry": { "type": "Polygon", "coordinates": [ [ [ 20.89147, 52.242178 ], [ 20.89368, 52.244391 ], [ 20.897907, 52.244323 ], [ 20.899924, 52.242042 ], [ 20.897715, 52.239829 ], [ 20.893488, 52.239897 ], [ 20.89147, 52.242178 ] ] ] } },
{ "type": "Feature", "properties": { "fid": 138, "hex_id": 137 }, "geometry": { "type": "Polygon", "coordinates": [ [ [ 20.891279, 52.237683 ], [ 20.893488, 52.239897 ], [ 20.897715, 52.239829 ], [ 20.899732, 52.237548 ], [ 20.897523, 52.235335 ], [ 20.893297, 52.235402 ], [ 20.891279, 52.237683 ] ] ] } },
{ "type": "Feature", "properties": { "fid": 139, "hex_id": 138 }, "geometry": { "type": "Polygon", "coordinates": [ [ [ 20.891088, 52.233189 ], [ 20.893297, 52.235402 ], [ 20.897523, 52.235335 ], [ 20.89954, 52.233053 ], [ 20.897331, 52.23084 ], [ 20.893106, 52.230908 ], [ 20.891088, 52.233189 ] ] ] } },
{ "type": "Feature", "properties": { "fid": 140, "hex_id": 139 }, "geometry": { "type": "Polygon", "coordinates": [ [ [ 20.890897, 52.228695 ], [ 20.893106, 52.230908 ], [ 20.897331, 52.23084 ], [ 20.899348, 52.228559 ], [ 20.89714, 52.226346 ], [ 20.892914, 52.226414 ], [ 20.890897, 52.228695 ] ] ] } },
{ "type": "Feature", "properties": { "fid": 141, "hex_id": 140 }, "geometry": { "type": "Polygon", "coordinates": [ [ [ 20.890706, 52.224201 ], [ 20.892914, 52.226414 ], [ 20.89714, 52.226346 ], [ 20.899156, 52.224065 ], [ 20.896948, 52.221852 ], [ 20.892723, 52.22192 ], [ 20.890706, 52.224201 ] ] ] } },
{ "type": "Feature", "properties": { "fid": 142, "hex_id": 141 }, "geometry": { "type": "Polygon", "coordinates": [ [ [ 20.890515, 52.219707 ], [ 20.892723, 52.22192 ], [ 20.896948, 52.221852 ], [ 20.898965, 52.219571 ], [ 20.896757, 52.217358 ], [ 20.892532, 52.217426 ], [ 20.890515, 52.219707 ] ] ] } },
{ "type": "Feature", "properties": { "fid": 143, "hex_id": 142 }, "geometry": { "type": "Polygon", "coordinates": [ [ [ 20.890324, 52.215212 ], [ 20.892532, 52.217426 ], [ 20.896757, 52.217358 ], [ 20.898773, 52.215077 ], [ 20.896565, 52.212864 ], [ 20.892341, 52.212931 ], [ 20.890324, 52.215212 ] ] ] } },
{ "type": "Feature", "properties": { "fid": 144, "hex_id": 143 }, "geometry": { "type": "Polygon", "coordinates": [ [ [ 20.890134, 52.210718 ], [ 20.892341, 52.212931 ], [ 20.896565, 52.212864 ], [ 20.898581, 52.210583 ], [ 20.896374, 52.208369 ], [ 20.89215, 52.208437 ], [ 20.890134, 52.210718 ] ] ] } },
{ "type": "Feature", "properties": { "fid": 145, "hex_id": 144 }, "geometry": { "type": "Polygon", "coordinates": [ [ [ 20.889943, 52.206224 ], [ 20.89215, 52.208437 ], [ 20.896374, 52.208369 ], [ 20.89839, 52.206088 ], [ 20.896182, 52.203875 ], [ 20.891959, 52.203943 ], [ 20.889943, 52.206224 ] ] ] } },
{ "type": "Feature", "properties": { "fid": 146, "hex_id": 145 }, "geometry": { "type": "Polygon", "coordinates": [ [ [ 20.889752, 52.20173 ], [ 20.891959, 52.203943 ], [ 20.896182, 52.203875 ], [ 20.898198, 52.201594 ], [ 20.895991, 52.199381 ], [ 20.891768, 52.199449 ], [ 20.889752, 52.20173 ] ] ] } },
{ "type": "Feature", "properties": { "fid": 147, "hex_id": 146 }, "geometry": { "type": "Polygon", "coordinates": [ [ [ 20.889561, 52.197235 ], [ 20.891768, 52.199449 ], [ 20.895991, 52.199381 ], [ 20.898007, 52.1971 ], [ 20.8958, 52.194887 ], [ 20.891577, 52.194955 ], [ 20.889561, 52.197235 ] ] ] } },
{ "type": "Feature", "properties": { "fid": 148, "hex_id": 147 }, "geometry": { "type": "Polygon", "coordinates": [ [ [ 20.889371, 52.192741 ], [ 20.891577, 52.194955 ], [ 20.8958, 52.194887 ], [ 20.897815, 52.192606 ], [ 20.895608, 52.190393 ], [ 20.891387, 52.19046 ], [ 20.889371, 52.192741 ] ] ] } },
{ "type": "Feature", "properties": { "fid": 149, "hex_id": 148 }, "geometry": { "type": "Polygon", "coordinates": [ [ [ 20.88918, 52.188247 ], [ 20.891387, 52.19046 ], [ 20.895608, 52.190393 ], [ 20.897624, 52.188111 ], [ 20.895417, 52.185898 ], [ 20.891196, 52.185966 ], [ 20.88918, 52.188247 ] ] ] } },
{ "type": "Feature", "properties": { "fid": 150, "hex_id": 149 }, "geometry": { "type": "Polygon", "coordinates": [ [ [ 20.88899, 52.183753 ], [ 20.891196, 52.185966 ], [ 20.895417, 52.185898 ], [ 20.897432, 52.183617 ], [ 20.895226, 52.181404 ], [ 20.891005, 52.181472 ], [ 20.88899, 52.183753 ] ] ] } },
{ "type": "Feature", "properties": { "fid": 151, "hex_id": 150 }, "geometry": { "type": "Polygon", "coordinates": [ [ [ 20.901367, 52.325217 ], [ 20.903581, 52.32743 ], [ 20.907816, 52.327362 ], [ 20.909837, 52.325081 ], [ 20.907623, 52.322868 ], [ 20.903388, 52.322936 ], [ 20.901367, 52.325217 ] ] ] } },
{ "type": "Feature", "properties": { "fid": 152, "hex_id": 151 }, "geometry": { "type": "Polygon", "coordinates": [ [ [ 20.901175, 52.320723 ], [ 20.903388, 52.322936 ], [ 20.907623, 52.322868 ], [ 20.909643, 52.320587 ], [ 20.907429, 52.318374 ], [ 20.903195, 52.318442 ], [ 20.901175, 52.320723 ] ] ] } },
{ "type": "Feature", "properties": { "fid": 153, "hex_id": 152 }, "geometry": { "type": "Polygon", "coordinates": [ [ [ 20.900982, 52.316229 ], [ 20.903195, 52.318442 ], [ 20.907429, 52.318374 ], [ 20.90945, 52.316093 ], [ 20.907236, 52.31388 ], [ 20.903003, 52.313948 ], [ 20.900982, 52.316229 ] ] ] } },
{ "type": "Feature", "properties": { "fid": 154, "hex_id": 153 }, "geometry": { "type": "Polygon", "coordinates": [ [ [ 20.900789, 52.311735 ], [ 20.903003, 52.313948 ], [ 20.907236, 52.31388 ], [ 20.909256, 52.311598 ], [ 20.907043, 52.309386 ], [ 20.90281, 52.309454 ], [ 20.900789, 52.311735 ] ] ] } },
{ "type": "Feature", "properties": { "fid": 155, "hex_id": 154 }, "geometry": { "type": "Polygon", "coordinates": [ [ [ 20.900597, 52.307241 ], [ 20.90281, 52.309454 ], [ 20.907043, 52.309386 ], [ 20.909063, 52.307104 ], [ 20.90685, 52.304891 ], [ 20.902617, 52.30496 ], [ 20.900597, 52.307241 ] ] ] } },
{ "type": "Feature", "properties": { "fid": 156, "hex_id": 155 }, "geometry": { "type": "Polygon", "coordinates": [ [ [ 20.900404, 52.302747 ], [ 20.902617, 52.30496 ], [ 20.90685, 52.304891 ], [ 20.908869, 52.30261 ], [ 20.906657, 52.300397 ], [ 20.902424, 52.300466 ], [ 20.900404, 52.302747 ] ] ] } },
{ "type": "Feature", "properties": { "fid": 157, "hex_id": 156 }, "geometry": { "type": "Polygon", "coordinates": [ [ [ 20.900212, 52.298253 ], [ 20.902424, 52.300466 ], [ 20.906657, 52.300397 ], [ 20.908676, 52.298116 ], [ 20.906464, 52.295903 ], [ 20.902232, 52.295972 ], [ 20.900212, 52.298253 ] ] ] } },
{ "type": "Feature", "properties": { "fid": 158, "hex_id": 157 }, "geometry": { "type": "Polygon", "coordinates": [ [ [ 20.90002, 52.293759 ], [ 20.902232, 52.295972 ], [ 20.906464, 52.295903 ], [ 20.908483, 52.293622 ], [ 20.906271, 52.291409 ], [ 20.902039, 52.291477 ], [ 20.90002, 52.293759 ] ] ] } },
{ "type": "Feature", "properties": { "fid": 159, "hex_id": 158 }, "geometry": { "type": "Polygon", "coordinates": [ [ [ 20.899827, 52.289264 ], [ 20.902039, 52.291477 ], [ 20.906271, 52.291409 ], [ 20.90829, 52.289128 ], [ 20.906078, 52.286915 ], [ 20.901847, 52.286983 ], [ 20.899827, 52.289264 ] ] ] } },
{ "type": "Feature", "properties": { "fid": 160, "hex_id": 159 }, "geometry": { "type": "Polygon", "coordinates": [ [ [ 20.899635, 52.28477 ], [ 20.901847, 52.286983 ], [ 20.906078, 52.286915 ], [ 20.908097, 52.284634 ], [ 20.905885, 52.282421 ], [ 20.901654, 52.282489 ], [ 20.899635, 52.28477 ] ] ] } },
{ "type": "Feature", "properties": { "fid": 161, "hex_id": 160 }, "geometry": { "type": "Polygon", "coordinates": [ [ [ 20.899443, 52.280276 ], [ 20.901654, 52.282489 ], [ 20.905885, 52.282421 ], [ 20.907903, 52.28014 ], [ 20.905692, 52.277927 ], [ 20.901462, 52.277995 ], [ 20.899443, 52.280276 ] ] ] } },
{ "type": "Feature", "properties": { "fid": 162, "hex_id": 161 }, "geometry": { "type": "Polygon", "coordinates": [ [ [ 20.89925, 52.275782 ], [ 20.901462, 52.277995 ], [ 20.905692, 52.277927 ], [ 20.90771, 52.275646 ], [ 20.905499, 52.273433 ], [ 20.901269, 52.273501 ], [ 20.89925, 52.275782 ] ] ] } },
{ "type": "Feature", "properties": { "fid": 163, "hex_id": 162 }, "geometry": { "type": "Polygon", "coordinates": [ [ [ 20.899058, 52.271288 ], [ 20.901269, 52.273501 ], [ 20.905499, 52.273433 ], [ 20.907517, 52.271151 ], [ 20.905306, 52.268939 ], [ 20.901077, 52.269007 ], [ 20.899058, 52.271288 ] ] ] } },
{ "type": "Feature", "properties": { "fid": 164, "hex_id": 163 }, "geometry": { "type": "Polygon", "coordinates": [ [ [ 20.898866, 52.266794 ], [ 20.901077, 52.269007 ], [ 20.905306, 52.268939 ], [ 20.907324, 52.266657 ], [ 20.905114, 52.264444 ], [ 20.900885, 52.264513 ], [ 20.898866, 52.266794 ] ] ] } },
{ "type": "Feature", "properties": { "fid": 165, "hex_id": 164 }, "geometry": { "type": "Polygon", "coordinates": [ [ [ 20.898674, 52.2623 ], [ 20.900885, 52.264513 ], [ 20.905114, 52.264444 ], [ 20.907132, 52.262163 ], [ 20.904921, 52.25995 ], [ 20.900692, 52.260018 ], [ 20.898674, 52.2623 ] ] ] } },
{ "type": "Feature", "properties": { "fid": 166, "hex_id": 165 }, "geometry": { "type": "Polygon", "coordinates": [ [ [ 20.898482, 52.257805 ], [ 20.900692, 52.260018 ], [ 20.904921, 52.25995 ], [ 20.906939, 52.257669 ], [ 20.904728, 52.255456 ], [ 20.9005, 52.255524 ], [ 20.898482, 52.257805 ] ] ] } },
{ "type": "Feature", "properties": { "fid": 167, "hex_id": 166 }, "geometry": { "type": "Polygon", "coordinates": [ [ [ 20.89829, 52.253311 ], [ 20.9005, 52.255524 ], [ 20.904728, 52.255456 ], [ 20.906746, 52.253175 ], [ 20.904536, 52.250962 ], [ 20.900308, 52.25103 ], [ 20.89829, 52.253311 ] ] ] } },
{ "type": "Feature", "properties": { "fid": 168, "hex_id": 167 }, "geometry": { "type": "Polygon", "coordinates": [ [ [ 20.898098, 52.248817 ], [ 20.900308, 52.25103 ], [ 20.904536, 52.250962 ], [ 20.906553, 52.248681 ], [ 20.904343, 52.246468 ], [ 20.900116, 52.246536 ], [ 20.898098, 52.248817 ] ] ] } },
{ "type": "Feature", "properties": { "fid": 169, "hex_id": 168 }, "geometry": { "type": "Polygon", "coordinates": [ [ [ 20.897907, 52.244323 ], [ 20.900116, 52.246536 ], [ 20.904343, 52.246468 ], [ 20.906361, 52.244187 ], [ 20.904151, 52.241974 ], [ 20.899924, 52.242042 ], [ 20.897907, 52.244323 ] ] ] } },
{ "type": "Feature", "properties": { "fid": 170, "hex_id": 169 }, "geometry": { "type": "Polygon", "coordinates": [ [ [ 20.897715, 52.239829 ], [ 20.899924, 52.242042 ], [ 20.904151, 52.241974 ], [ 20.906168, 52.239692 ], [ 20.903958, 52.237479 ], [ 20.899732, 52.237548 ], [ 20.897715, 52.239829 ] ] ] } },
{ "type": "Feature", "properties": { "fid": 171, "hex_id": 170 }, "geometry": { "type": "Polygon", "coordinates": [ [ [ 20.897523, 52.235335 ], [ 20.899732, 52.237548 ], [ 20.903958, 52.237479 ], [ 20.905975, 52.235198 ], [ 20.903766, 52.232985 ], [ 20.89954, 52.233053 ], [ 20.897523, 52.235335 ] ] ] } },
{ "type": "Feature", "properties": { "fid": 172, "hex_id": 171 }, "geometry": { "type": "Polygon", "coordinates": [ [ [ 20.897331, 52.23084 ], [ 20.89954, 52.233053 ], [ 20.903766, 52.232985 ], [ 20.905783, 52.230704 ], [ 20.903574, 52.228491 ], [ 20.899348, 52.228559 ], [ 20.897331, 52.23084 ] ] ] } },
{ "type": "Feature", "properties": { "fid": 173, "hex_id": 172 }, "geometry": { "type": "Polygon", "coordinates": [ [ [ 20.89714, 52.226346 ], [ 20.899348, 52.228559 ], [ 20.903574, 52.228491 ], [ 20.90559, 52.22621 ], [ 20.903381, 52.223997 ], [ 20.899156, 52.224065 ], [ 20.89714, 52.226346 ] ] ] } },
{ "type": "Feature", "properties": { "fid": 174, "hex_id": 173 }, "geometry": { "type": "Polygon", "coordinates": [ [ [ 20.896948, 52.221852 ], [ 20.899156, 52.224065 ], [ 20.903381, 52.223997 ], [ 20.905398, 52.221716 ], [ 20.903189, 52.219503 ], [ 20.898965, 52.219571 ], [ 20.896948, 52.221852 ] ] ] } },
{ "type": "Feature", "properties": { "fid": 175, "hex_id": 174 }, "geometry": { "type": "Polygon", "coordinates": [ [ [ 20.896757, 52.217358 ], [ 20.898965, 52.219571 ], [ 20.903189, 52.219503 ], [ 20.905205, 52.217222 ], [ 20.902997, 52.215009 ], [ 20.898773, 52.215077 ], [ 20.896757, 52.217358 ] ] ] } },
{ "type": "Feature", "properties": { "fid": 176, "hex_id": 175 }, "geometry": { "type": "Polygon", "coordinates": [ [ [ 20.896565, 52.212864 ], [ 20.898773, 52.215077 ], [ 20.902997, 52.215009 ], [ 20.905013, 52.212727 ], [ 20.902805, 52.210514 ], [ 20.898581, 52.210583 ], [ 20.896565, 52.212864 ] ] ] } },
{ "type": "Feature", "properties": { "fid": 177, "hex_id": 176 }, "geometry": { "type": "Polygon", "coordinates": [ [ [ 20.896374, 52.208369 ], [ 20.898581, 52.210583 ], [ 20.902805, 52.210514 ], [ 20.904821, 52.208233 ], [ 20.902613, 52.20602 ], [ 20.89839, 52.206088 ], [ 20.896374, 52.208369 ] ] ] } },
{ "type": "Feature", "properties": { "fid": 178, "hex_id": 177 }, "geometry": { "type": "Polygon", "coordinates": [ [ [ 20.896182, 52.203875 ], [ 20.89839, 52.206088 ], [ 20.902613, 52.20602 ], [ 20.904629, 52.203739 ], [ 20.902421, 52.201526 ], [ 20.898198, 52.201594 ], [ 20.896182, 52.203875 ] ] ] } },
{ "type": "Feature", "properties": { "fid": 179, "hex_id": 178 }, "geometry": { "type": "Polygon", "coordinates": [ [ [ 20.895991, 52.199381 ], [ 20.898198, 52.201594 ], [ 20.902421, 52.201526 ], [ 20.904436, 52.199245 ], [ 20.902229, 52.197032 ], [ 20.898007, 52.1971 ], [ 20.895991, 52.199381 ] ] ] } },
{ "type": "Feature", "properties": { "fid": 180, "hex_id": 179 }, "geometry": { "type": "Polygon", "coordinates": [ [ [ 20.8958, 52.194887 ], [ 20.898007, 52.1971 ], [ 20.902229, 52.197032 ], [ 20.904244, 52.194751 ], [ 20.902037, 52.192538 ], [ 20.897815, 52.192606 ], [ 20.8958, 52.194887 ] ] ] } },
{ "type": "Feature", "properties": { "fid": 181, "hex_id": 180 }, "geometry": { "type": "Polygon", "coordinates": [ [ [ 20.895608, 52.190393 ], [ 20.897815, 52.192606 ], [ 20.902037, 52.192538 ], [ 20.904052, 52.190257 ], [ 20.901845, 52.188043 ], [ 20.897624, 52.188111 ], [ 20.895608, 52.190393 ] ] ] } },
{ "type": "Feature", "properties": { "fid": 182, "hex_id": 181 }, "geometry": { "type": "Polygon", "coordinates": [ [ [ 20.895417, 52.185898 ], [ 20.897624, 52.188111 ], [ 20.901845, 52.188043 ], [ 20.90386, 52.185762 ], [ 20.901654, 52.183549 ], [ 20.897432, 52.183617 ], [ 20.895417, 52.185898 ] ] ] } },
{ "type": "Feature", "properties": { "fid": 183, "hex_id": 182 }, "geometry": { "type": "Polygon", "coordinates": [ [ [ 20.895226, 52.181404 ], [ 20.897432, 52.183617 ], [ 20.901654, 52.183549 ], [ 20.903668, 52.181268 ], [ 20.901462, 52.179055 ], [ 20.897241, 52.179123 ], [ 20.895226, 52.181404 ] ] ] } },
{ "type": "Feature", "properties": { "fid": 184, "hex_id": 183 }, "geometry": { "type": "Polygon", "coordinates": [ [ [ 20.908977, 52.354326 ], [ 20.911193, 52.356539 ], [ 20.915431, 52.356471 ], [ 20.917452, 52.354189 ], [ 20.915236, 52.351976 ], [ 20.910999, 52.352045 ], [ 20.908977, 52.354326 ] ] ] } },
{ "type": "Feature", "properties": { "fid": 185, "hex_id": 184 }, "geometry": { "type": "Polygon", "coordinates": [ [ [ 20.908784, 52.349832 ], [ 20.910999, 52.352045 ], [ 20.915236, 52.351976 ], [ 20.917258, 52.349695 ], [ 20.915042, 52.347482 ], [ 20.910805, 52.347551 ], [ 20.908784, 52.349832 ] ] ] } },
{ "type": "Feature", "properties": { "fid": 186, "hex_id": 185 }, "geometry": { "type": "Polygon", "coordinates": [ [ [ 20.907623, 52.322868 ], [ 20.909837, 52.325081 ], [ 20.914071, 52.325012 ], [ 20.916092, 52.322731 ], [ 20.913877, 52.320518 ], [ 20.909643, 52.320587 ], [ 20.907623, 52.322868 ] ] ] } },
{ "type": "Feature", "properties": { "fid": 187, "hex_id": 186 }, "geometry": { "type": "Polygon", "coordinates": [ [ [ 20.907429, 52.318374 ], [ 20.909643, 52.320587 ], [ 20.913877, 52.320518 ], [ 20.915897, 52.318237 ], [ 20.913683, 52.316024 ], [ 20.90945, 52.316093 ], [ 20.907429, 52.318374 ] ] ] } },
{ "type": "Feature", "properties": { "fid": 188, "hex_id": 187 }, "geometry": { "type": "Polygon", "coordinates": [ [ [ 20.907236, 52.31388 ], [ 20.90945, 52.316093 ], [ 20.913683, 52.316024 ], [ 20.915703, 52.313743 ], [ 20.91349, 52.31153 ], [ 20.909256, 52.311598 ], [ 20.907236, 52.31388 ] ] ] } },
{ "type": "Feature", "properties": { "fid": 189, "hex_id": 188 }, "geometry": { "type": "Polygon", "coordinates": [ [ [ 20.907043, 52.309386 ], [ 20.909256, 52.311598 ], [ 20.91349, 52.31153 ], [ 20.915509, 52.309249 ], [ 20.913296, 52.307036 ], [ 20.909063, 52.307104 ], [ 20.907043, 52.309386 ] ] ] } },
{ "type": "Feature", "properties": { "fid": 190, "hex_id": 189 }, "geometry": { "type": "Polygon", "coordinates": [ [ [ 20.90685, 52.304891 ], [ 20.909063, 52.307104 ], [ 20.913296, 52.307036 ], [ 20.915315, 52.304754 ], [ 20.913102, 52.302542 ], [ 20.908869, 52.30261 ], [ 20.90685, 52.304891 ] ] ] } },
{ "type": "Feature", "properties": { "fid": 191, "hex_id": 190 }, "geometry": { "type": "Polygon", "coordinates": [ [ [ 20.906657, 52.300397 ], [ 20.908869, 52.30261 ], [ 20.913102, 52.302542 ], [ 20.915121, 52.30026 ], [ 20.912908, 52.298048 ], [ 20.908676, 52.298116 ], [ 20.906657, 52.300397 ] ] ] } },
{ "type": "Feature", "properties": { "fid": 192, "hex_id": 191 }, "geometry": { "type": "Polygon", "coordinates": [ [ [ 20.906464, 52.295903 ], [ 20.908676, 52.298116 ], [ 20.912908, 52.298048 ], [ 20.914927, 52.295766 ], [ 20.912715, 52.293554 ], [ 20.908483, 52.293622 ], [ 20.906464, 52.295903 ] ] ] } },
{ "type": "Feature", "properties": { "fid": 193, "hex_id": 192 }, "geometry": { "type": "Polygon", "coordinates": [ [ [ 20.906271, 52.291409 ], [ 20.908483, 52.293622 ], [ 20.912715, 52.293554 ], [ 20.914733, 52.291272 ], [ 20.912521, 52.289059 ], [ 20.90829, 52.289128 ], [ 20.906271, 52.291409 ] ] ] } },
{ "type": "Feature", "properties": { "fid": 194, "hex_id": 193 }, "geometry": { "type": "Polygon", "coordinates": [ [ [ 20.906078, 52.286915 ], [ 20.90829, 52.289128 ], [ 20.912521, 52.289059 ], [ 20.91454, 52.286778 ], [ 20.912327, 52.284565 ], [ 20.908097, 52.284634 ], [ 20.906078, 52.286915 ] ] ] } },
{ "type": "Feature", "properties": { "fid": 195, "hex_id": 194 }, "geometry": { "type": "Polygon", "coordinates": [ [ [ 20.905885, 52.282421 ], [ 20.908097, 52.284634 ], [ 20.912327, 52.284565 ], [ 20.914346, 52.282284 ], [ 20.912134, 52.280071 ], [ 20.907903, 52.28014 ], [ 20.905885, 52.282421 ] ] ] } },
{ "type": "Feature", "properties": { "fid": 196, "hex_id": 195 }, "geometry": { "type": "Polygon", "coordinates": [ [ [ 20.905692, 52.277927 ], [ 20.907903, 52.28014 ], [ 20.912134, 52.280071 ], [ 20.914152, 52.27779 ], [ 20.91194, 52.275577 ], [ 20.90771, 52.275646 ], [ 20.905692, 52.277927 ] ] ] } },
{ "type": "Feature", "properties": { "fid": 197, "hex_id": 196 }, "geometry": { "type": "Polygon", "coordinates": [ [ [ 20.905499, 52.273433 ], [ 20.90771, 52.275646 ], [ 20.91194, 52.275577 ], [ 20.913958, 52.273296 ], [ 20.911747, 52.271083 ], [ 20.907517, 52.271151 ], [ 20.905499, 52.273433 ] ] ] } },
{ "type": "Feature", "properties": { "fid": 198, "hex_id": 197 }, "geometry": { "type": "Polygon", "coordinates": [ [ [ 20.905306, 52.268939 ], [ 20.907517, 52.271151 ], [ 20.911747, 52.271083 ], [ 20.913765, 52.268802 ], [ 20.911554, 52.266589 ], [ 20.907324, 52.266657 ], [ 20.905306, 52.268939 ] ] ] } },
{ "type": "Feature", "properties": { "fid": 199, "hex_id": 198 }, "geometry": { "type": "Polygon", "coordinates": [ [ [ 20.905114, 52.264444 ], [ 20.907324, 52.266657 ], [ 20.911554, 52.266589 ], [ 20.913571, 52.264308 ], [ 20.91136, 52.262095 ], [ 20.907132, 52.262163 ], [ 20.905114, 52.264444 ] ] ] } },
{ "type": "Feature", "properties": { "fid": 200, "hex_id": 199 }, "geometry": { "type": "Polygon", "coordinates": [ [ [ 20.904921, 52.25995 ], [ 20.907132, 52.262163 ], [ 20.91136, 52.262095 ], [ 20.913378, 52.259813 ], [ 20.911167, 52.257601 ], [ 20.906939, 52.257669 ], [ 20.904921, 52.25995 ] ] ] } },
{ "type": "Feature", "properties": { "fid": 201, "hex_id": 200 }, "geometry": { "type": "Polygon", "coordinates": [ [ [ 20.904728, 52.255456 ], [ 20.906939, 52.257669 ], [ 20.911167, 52.257601 ], [ 20.913184, 52.255319 ], [ 20.910974, 52.253107 ], [ 20.906746, 52.253175 ], [ 20.904728, 52.255456 ] ] ] } },
{ "type": "Feature", "properties": { "fid": 202, "hex_id": 201 }, "geometry": { "type": "Polygon", "coordinates": [ [ [ 20.904536, 52.250962 ], [ 20.906746, 52.253175 ], [ 20.910974, 52.253107 ], [ 20.912991, 52.250825 ], [ 20.910781, 52.248612 ], [ 20.906553, 52.248681 ], [ 20.904536, 52.250962 ] ] ] } },
{ "type": "Feature", "properties": { "fid": 203, "hex_id": 202 }, "geometry": { "type": "Polygon", "coordinates": [ [ [ 20.904343, 52.246468 ], [ 20.906553, 52.248681 ], [ 20.910781, 52.248612 ], [ 20.912798, 52.246331 ], [ 20.910587, 52.244118 ], [ 20.906361, 52.244187 ], [ 20.904343, 52.246468 ] ] ] } },
{ "type": "Feature", "properties": { "fid": 204, "hex_id": 203 }, "geometry": { "type": "Polygon", "coordinates": [ [ [ 20.904151, 52.241974 ], [ 20.906361, 52.244187 ], [ 20.910587, 52.244118 ], [ 20.912604, 52.241837 ], [ 20.910394, 52.239624 ], [ 20.906168, 52.239692 ], [ 20.904151, 52.241974 ] ] ] } },
{ "type": "Feature", "properties": { "fid": 205, "hex_id": 204 }, "geometry": { "type": "Polygon", "coordinates": [ [ [ 20.903958, 52.237479 ], [ 20.906168, 52.239692 ], [ 20.910394, 52.239624 ], [ 20.912411, 52.237343 ], [ 20.910201, 52.23513 ], [ 20.905975, 52.235198 ], [ 20.903958, 52.237479 ] ] ] } },
{ "type": "Feature", "properties": { "fid": 206, "hex_id": 205 }, "geometry": { "type": "Polygon", "coordinates": [ [ [ 20.903766, 52.232985 ], [ 20.905975, 52.235198 ], [ 20.910201, 52.23513 ], [ 20.912218, 52.232849 ], [ 20.910008, 52.230636 ], [ 20.905783, 52.230704 ], [ 20.903766, 52.232985 ] ] ] } },
{ "type": "Feature", "properties": { "fid": 207, "hex_id": 206 }, "geometry": { "type": "Polygon", "coordinates": [ [ [ 20.903574, 52.228491 ], [ 20.905783, 52.230704 ], [ 20.910008, 52.230636 ], [ 20.912025, 52.228355 ], [ 20.909815, 52.226142 ], [ 20.90559, 52.22621 ], [ 20.903574, 52.228491 ] ] ] } },
{ "type": "Feature", "properties": { "fid": 208, "hex_id": 207 }, "geometry": { "type": "Polygon", "coordinates": [ [ [ 20.903381, 52.223997 ], [ 20.90559, 52.22621 ], [ 20.909815, 52.226142 ], [ 20.911832, 52.22386 ], [ 20.909623, 52.221648 ], [ 20.905398, 52.221716 ], [ 20.903381, 52.223997 ] ] ] } },
{ "type": "Feature", "properties": { "fid": 209, "hex_id": 208 }, "geometry": { "type": "Polygon", "coordinates": [ [ [ 20.903189, 52.219503 ], [ 20.905398, 52.221716 ], [ 20.909623, 52.221648 ], [ 20.911639, 52.219366 ], [ 20.90943, 52.217153 ], [ 20.905205, 52.217222 ], [ 20.903189, 52.219503 ] ] ] } },
{ "type": "Feature", "properties": { "fid": 210, "hex_id": 209 }, "geometry": { "type": "Polygon", "coordinates": [ [ [ 20.902997, 52.215009 ], [ 20.905205, 52.217222 ], [ 20.90943, 52.217153 ], [ 20.911446, 52.214872 ], [ 20.909237, 52.212659 ], [ 20.905013, 52.212727 ], [ 20.902997, 52.215009 ] ] ] } },
{ "type": "Feature", "properties": { "fid": 211, "hex_id": 210 }, "geometry": { "type": "Polygon", "coordinates": [ [ [ 20.902805, 52.210514 ], [ 20.905013, 52.212727 ], [ 20.909237, 52.212659 ], [ 20.911253, 52.210378 ], [ 20.909044, 52.208165 ], [ 20.904821, 52.208233 ], [ 20.902805, 52.210514 ] ] ] } },
{ "type": "Feature", "properties": { "fid": 212, "hex_id": 211 }, "geometry": { "type": "Polygon", "coordinates": [ [ [ 20.902613, 52.20602 ], [ 20.904821, 52.208233 ], [ 20.909044, 52.208165 ], [ 20.91106, 52.205884 ], [ 20.908852, 52.203671 ], [ 20.904629, 52.203739 ], [ 20.902613, 52.20602 ] ] ] } },
{ "type": "Feature", "properties": { "fid": 213, "hex_id": 212 }, "geometry": { "type": "Polygon", "coordinates": [ [ [ 20.902421, 52.201526 ], [ 20.904629, 52.203739 ], [ 20.908852, 52.203671 ], [ 20.910867, 52.20139 ], [ 20.908659, 52.199177 ], [ 20.904436, 52.199245 ], [ 20.902421, 52.201526 ] ] ] } },
{ "type": "Feature", "properties": { "fid": 214, "hex_id": 213 }, "geometry": { "type": "Polygon", "coordinates": [ [ [ 20.902229, 52.197032 ], [ 20.904436, 52.199245 ], [ 20.908659, 52.199177 ], [ 20.910674, 52.196895 ], [ 20.908467, 52.194682 ], [ 20.904244, 52.194751 ], [ 20.902229, 52.197032 ] ] ] } },
{ "type": "Feature", "properties": { "fid": 215, "hex_id": 214 }, "geometry": { "type": "Polygon", "coordinates": [ [ [ 20.902037, 52.192538 ], [ 20.904244, 52.194751 ], [ 20.908467, 52.194682 ], [ 20.910481, 52.192401 ], [ 20.908274, 52.190188 ], [ 20.904052, 52.190257 ], [ 20.902037, 52.192538 ] ] ] } },
{ "type": "Feature", "properties": { "fid": 216, "hex_id": 215 }, "geometry": { "type": "Polygon", "coordinates": [ [ [ 20.901845, 52.188043 ], [ 20.904052, 52.190257 ], [ 20.908274, 52.190188 ], [ 20.910289, 52.187907 ], [ 20.908082, 52.185694 ], [ 20.90386, 52.185762 ], [ 20.901845, 52.188043 ] ] ] } },
{ "type": "Feature", "properties": { "fid": 217, "hex_id": 216 }, "geometry": { "type": "Polygon", "coordinates": [ [ [ 20.901654, 52.183549 ], [ 20.90386, 52.185762 ], [ 20.908082, 52.185694 ], [ 20.910096, 52.183413 ], [ 20.907889, 52.1812 ], [ 20.903668, 52.181268 ], [ 20.901654, 52.183549 ] ] ] } },
{ "type": "Feature", "properties": { "fid": 218, "hex_id": 217 }, "geometry": { "type": "Polygon", "coordinates": [ [ [ 20.915431, 52.356471 ], [ 20.917647, 52.358683 ], [ 20.921885, 52.358614 ], [ 20.923906, 52.356333 ], [ 20.92169, 52.35412 ], [ 20.917452, 52.354189 ], [ 20.915431, 52.356471 ] ] ] } },
{ "type": "Feature", "properties": { "fid": 219, "hex_id": 218 }, "geometry": { "type": "Polygon", "coordinates": [ [ [ 20.915236, 52.351976 ], [ 20.917452, 52.354189 ], [ 20.92169, 52.35412 ], [ 20.923711, 52.351839 ], [ 20.921495, 52.349626 ], [ 20.917258, 52.349695 ], [ 20.915236, 52.351976 ] ] ] } },
{ "type": "Feature", "properties": { "fid": 220, "hex_id": 219 }, "geometry": { "type": "Polygon", "coordinates": [ [ [ 20.915042, 52.347482 ], [ 20.917258, 52.349695 ], [ 20.921495, 52.349626 ], [ 20.923516, 52.347345 ], [ 20.9213, 52.345132 ], [ 20.917063, 52.345201 ], [ 20.915042, 52.347482 ] ] ] } },
{ "type": "Feature", "properties": { "fid": 221, "hex_id": 220 }, "geometry": { "type": "Polygon", "coordinates": [ [ [ 20.914071, 52.325012 ], [ 20.916286, 52.327225 ], [ 20.920521, 52.327156 ], [ 20.922541, 52.324875 ], [ 20.920326, 52.322662 ], [ 20.916092, 52.322731 ], [ 20.914071, 52.325012 ] ] ] } },
{ "type": "Feature", "properties": { "fid": 222, "hex_id": 221 }, "geometry": { "type": "Polygon", "coordinates": [ [ [ 20.913877, 52.320518 ], [ 20.916092, 52.322731 ], [ 20.920326, 52.322662 ], [ 20.922346, 52.320381 ], [ 20.920131, 52.318168 ], [ 20.915897, 52.318237 ], [ 20.913877, 52.320518 ] ] ] } },
{ "type": "Feature", "properties": { "fid": 223, "hex_id": 222 }, "geometry": { "type": "Polygon", "coordinates": [ [ [ 20.913683, 52.316024 ], [ 20.915897, 52.318237 ], [ 20.920131, 52.318168 ], [ 20.922151, 52.315886 ], [ 20.919937, 52.313674 ], [ 20.915703, 52.313743 ], [ 20.913683, 52.316024 ] ] ] } },
{ "type": "Feature", "properties": { "fid": 224, "hex_id": 223 }, "geometry": { "type": "Polygon", "coordinates": [ [ [ 20.91349, 52.31153 ], [ 20.915703, 52.313743 ], [ 20.919937, 52.313674 ], [ 20.921956, 52.311392 ], [ 20.919742, 52.30918 ], [ 20.915509, 52.309249 ], [ 20.91349, 52.31153 ] ] ] } },
{ "type": "Feature", "properties": { "fid": 225, "hex_id": 224 }, "geometry": { "type": "Polygon", "coordinates": [ [ [ 20.913296, 52.307036 ], [ 20.915509, 52.309249 ], [ 20.919742, 52.30918 ], [ 20.921762, 52.306898 ], [ 20.919548, 52.304686 ], [ 20.915315, 52.304754 ], [ 20.913296, 52.307036 ] ] ] } },
{ "type": "Feature", "properties": { "fid": 226, "hex_id": 225 }, "geometry": { "type": "Polygon", "coordinates": [ [ [ 20.913102, 52.302542 ], [ 20.915315, 52.304754 ], [ 20.919548, 52.304686 ], [ 20.921567, 52.302404 ], [ 20.919353, 52.300192 ], [ 20.915121, 52.30026 ], [ 20.913102, 52.302542 ] ] ] } },
{ "type": "Feature", "properties": { "fid": 227, "hex_id": 226 }, "geometry": { "type": "Polygon", "coordinates": [ [ [ 20.912908, 52.298048 ], [ 20.915121, 52.30026 ], [ 20.919353, 52.300192 ], [ 20.921372, 52.29791 ], [ 20.919159, 52.295698 ], [ 20.914927, 52.295766 ], [ 20.912908, 52.298048 ] ] ] } },
{ "type": "Feature", "properties": { "fid": 228, "hex_id": 227 }, "geometry": { "type": "Polygon", "coordinates": [ [ [ 20.912715, 52.293554 ], [ 20.914927, 52.295766 ], [ 20.919159, 52.295698 ], [ 20.921178, 52.293416 ], [ 20.918965, 52.291204 ], [ 20.914733, 52.291272 ], [ 20.912715, 52.293554 ] ] ] } },
{ "type": "Feature", "properties": { "fid": 229, "hex_id": 228 }, "geometry": { "type": "Polygon", "coordinates": [ [ [ 20.912521, 52.289059 ], [ 20.914733, 52.291272 ], [ 20.918965, 52.291204 ], [ 20.920983, 52.288922 ], [ 20.918771, 52.286709 ], [ 20.91454, 52.286778 ], [ 20.912521, 52.289059 ] ] ] } },
{ "type": "Feature", "properties": { "fid": 230, "hex_id": 229 }, "geometry": { "type": "Polygon", "coordinates": [ [ [ 20.912327, 52.284565 ], [ 20.91454, 52.286778 ], [ 20.918771, 52.286709 ], [ 20.920789, 52.284428 ], [ 20.918576, 52.282215 ], [ 20.914346, 52.282284 ], [ 20.912327, 52.284565 ] ] ] } },
{ "type": "Feature", "properties": { "fid": 231, "hex_id": 230 }, "geometry": { "type": "Polygon", "coordinates": [ [ [ 20.912134, 52.280071 ], [ 20.914346, 52.282284 ], [ 20.918576, 52.282215 ], [ 20.920595, 52.279934 ], [ 20.918382, 52.277721 ], [ 20.914152, 52.27779 ], [ 20.912134, 52.280071 ] ] ] } },
{ "type": "Feature", "properties": { "fid": 232, "hex_id": 231 }, "geometry": { "type": "Polygon", "coordinates": [ [ [ 20.91194, 52.275577 ], [ 20.914152, 52.27779 ], [ 20.918382, 52.277721 ], [ 20.9204, 52.27544 ], [ 20.918188, 52.273227 ], [ 20.913958, 52.273296 ], [ 20.91194, 52.275577 ] ] ] } },
{ "type": "Feature", "properties": { "fid": 233, "hex_id": 232 }, "geometry": { "type": "Polygon", "coordinates": [ [ [ 20.911747, 52.271083 ], [ 20.913958, 52.273296 ], [ 20.918188, 52.273227 ], [ 20.920206, 52.270946 ], [ 20.917994, 52.268733 ], [ 20.913765, 52.268802 ], [ 20.911747, 52.271083 ] ] ] } },
{ "type": "Feature", "properties": { "fid": 234, "hex_id": 233 }, "geometry": { "type": "Polygon", "coordinates": [ [ [ 20.911554, 52.266589 ], [ 20.913765, 52.268802 ], [ 20.917994, 52.268733 ], [ 20.920012, 52.266452 ], [ 20.9178, 52.264239 ], [ 20.913571, 52.264308 ], [ 20.911554, 52.266589 ] ] ] } },
{ "type": "Feature", "properties": { "fid": 235, "hex_id": 234 }, "geometry": { "type": "Polygon", "coordinates": [ [ [ 20.91136, 52.262095 ], [ 20.913571, 52.264308 ], [ 20.9178, 52.264239 ], [ 20.919818, 52.261958 ], [ 20.917606, 52.259745 ], [ 20.913378, 52.259813 ], [ 20.91136, 52.262095 ] ] ] } },
{ "type": "Feature", "properties": { "fid": 236, "hex_id": 235 }, "geometry": { "type": "Polygon", "coordinates": [ [ [ 20.911167, 52.257601 ], [ 20.913378, 52.259813 ], [ 20.917606, 52.259745 ], [ 20.919623, 52.257463 ], [ 20.917412, 52.255251 ], [ 20.913184, 52.255319 ], [ 20.911167, 52.257601 ] ] ] } },
{ "type": "Feature", "properties": { "fid": 237, "hex_id": 236 }, "geometry": { "type": "Polygon", "coordinates": [ [ [ 20.910974, 52.253107 ], [ 20.913184, 52.255319 ], [ 20.917412, 52.255251 ], [ 20.919429, 52.252969 ], [ 20.917219, 52.250757 ], [ 20.912991, 52.250825 ], [ 20.910974, 52.253107 ] ] ] } },
{ "type": "Feature", "properties": { "fid": 238, "hex_id": 237 }, "geometry": { "type": "Polygon", "coordinates": [ [ [ 20.910781, 52.248612 ], [ 20.912991, 52.250825 ], [ 20.917219, 52.250757 ], [ 20.919235, 52.248475 ], [ 20.917025, 52.246262 ], [ 20.912798, 52.246331 ], [ 20.910781, 52.248612 ] ] ] } },
{ "type": "Feature", "properties": { "fid": 239, "hex_id": 238 }, "geometry": { "type": "Polygon", "coordinates": [ [ [ 20.910587, 52.244118 ], [ 20.912798, 52.246331 ], [ 20.917025, 52.246262 ], [ 20.919041, 52.243981 ], [ 20.916831, 52.241768 ], [ 20.912604, 52.241837 ], [ 20.910587, 52.244118 ] ] ] } },
{ "type": "Feature", "properties": { "fid": 240, "hex_id": 239 }, "geometry": { "type": "Polygon", "coordinates": [ [ [ 20.910394, 52.239624 ], [ 20.912604, 52.241837 ], [ 20.916831, 52.241768 ], [ 20.918847, 52.239487 ], [ 20.916637, 52.237274 ], [ 20.912411, 52.237343 ], [ 20.910394, 52.239624 ] ] ] } },
{ "type": "Feature", "properties": { "fid": 241, "hex_id": 240 }, "geometry": { "type": "Polygon", "coordinates": [ [ [ 20.910201, 52.23513 ], [ 20.912411, 52.237343 ], [ 20.916637, 52.237274 ], [ 20.918654, 52.234993 ], [ 20.916444, 52.23278 ], [ 20.912218, 52.232849 ], [ 20.910201, 52.23513 ] ] ] } },
{ "type": "Feature", "properties": { "fid": 242, "hex_id": 241 }, "geometry": { "type": "Polygon", "coordinates": [ [ [ 20.910008, 52.230636 ], [ 20.912218, 52.232849 ], [ 20.916444, 52.23278 ], [ 20.91846, 52.230499 ], [ 20.91625, 52.228286 ], [ 20.912025, 52.228355 ], [ 20.910008, 52.230636 ] ] ] } },
{ "type": "Feature", "properties": { "fid": 243, "hex_id": 242 }, "geometry": { "type": "Polygon", "coordinates": [ [ [ 20.909815, 52.226142 ], [ 20.912025, 52.228355 ], [ 20.91625, 52.228286 ], [ 20.918266, 52.226005 ], [ 20.916057, 52.223792 ], [ 20.911832, 52.22386 ], [ 20.909815, 52.226142 ] ] ] } },
{ "type": "Feature", "properties": { "fid": 244, "hex_id": 243 }, "geometry": { "type": "Polygon", "coordinates": [ [ [ 20.909623, 52.221648 ], [ 20.911832, 52.22386 ], [ 20.916057, 52.223792 ], [ 20.918072, 52.22151 ], [ 20.915863, 52.219298 ], [ 20.911639, 52.219366 ], [ 20.909623, 52.221648 ] ] ] } },
{ "type": "Feature", "properties": { "fid": 245, "hex_id": 244 }, "geometry": { "type": "Polygon", "coordinates": [ [ [ 20.90943, 52.217153 ], [ 20.911639, 52.219366 ], [ 20.915863, 52.219298 ], [ 20.917879, 52.217016 ], [ 20.91567, 52.214804 ], [ 20.911446, 52.214872 ], [ 20.90943, 52.217153 ] ] ] } },
{ "type": "Feature", "properties": { "fid": 246, "hex_id": 245 }, "geometry": { "type": "Polygon", "coordinates": [ [ [ 20.909237, 52.212659 ], [ 20.911446, 52.214872 ], [ 20.91567, 52.214804 ], [ 20.917685, 52.212522 ], [ 20.915476, 52.210309 ], [ 20.911253, 52.210378 ], [ 20.909237, 52.212659 ] ] ] } },
{ "type": "Feature", "properties": { "fid": 247, "hex_id": 246 }, "geometry": { "type": "Polygon", "coordinates": [ [ [ 20.909044, 52.208165 ], [ 20.911253, 52.210378 ], [ 20.915476, 52.210309 ], [ 20.917491, 52.208028 ], [ 20.915283, 52.205815 ], [ 20.91106, 52.205884 ], [ 20.909044, 52.208165 ] ] ] } },
{ "type": "Feature", "properties": { "fid": 248, "hex_id": 247 }, "geometry": { "type": "Polygon", "coordinates": [ [ [ 20.908852, 52.203671 ], [ 20.91106, 52.205884 ], [ 20.915283, 52.205815 ], [ 20.917298, 52.203534 ], [ 20.91509, 52.201321 ], [ 20.910867, 52.20139 ], [ 20.908852, 52.203671 ] ] ] } },
{ "type": "Feature", "properties": { "fid": 249, "hex_id": 248 }, "geometry": { "type": "Polygon", "coordinates": [ [ [ 20.908659, 52.199177 ], [ 20.910867, 52.20139 ], [ 20.91509, 52.201321 ], [ 20.917104, 52.19904 ], [ 20.914896, 52.196827 ], [ 20.910674, 52.196895 ], [ 20.908659, 52.199177 ] ] ] } },
{ "type": "Feature", "properties": { "fid": 250, "hex_id": 249 }, "geometry": { "type": "Polygon", "coordinates": [ [ [ 20.908467, 52.194682 ], [ 20.910674, 52.196895 ], [ 20.914896, 52.196827 ], [ 20.916911, 52.194546 ], [ 20.914703, 52.192333 ], [ 20.910481, 52.192401 ], [ 20.908467, 52.194682 ] ] ] } },
{ "type": "Feature", "properties": { "fid": 251, "hex_id": 250 }, "geometry": { "type": "Polygon", "coordinates": [ [ [ 20.908274, 52.190188 ], [ 20.910481, 52.192401 ], [ 20.914703, 52.192333 ], [ 20.916718, 52.190051 ], [ 20.91451, 52.187839 ], [ 20.910289, 52.187907 ], [ 20.908274, 52.190188 ] ] ] } },
{ "type": "Feature", "properties": { "fid": 252, "hex_id": 251 }, "geometry": { "type": "Polygon", "coordinates": [ [ [ 20.908082, 52.185694 ], [ 20.910289, 52.187907 ], [ 20.91451, 52.187839 ], [ 20.916524, 52.185557 ], [ 20.914317, 52.183344 ], [ 20.910096, 52.183413 ], [ 20.908082, 52.185694 ] ] ] } },
{ "type": "Feature", "properties": { "fid": 253, "hex_id": 252 }, "geometry": { "type": "Polygon", "coordinates": [ [ [ 20.907889, 52.1812 ], [ 20.910096, 52.183413 ], [ 20.914317, 52.183344 ], [ 20.916331, 52.181063 ], [ 20.914124, 52.17885 ], [ 20.909903, 52.178919 ], [ 20.907889, 52.1812 ] ] ] } },
{ "type": "Feature", "properties": { "fid": 254, "hex_id": 253 }, "geometry": { "type": "Polygon", "coordinates": [ [ [ 20.921885, 52.358614 ], [ 20.924101, 52.360827 ], [ 20.928339, 52.360758 ], [ 20.93036, 52.358476 ], [ 20.928144, 52.356264 ], [ 20.923906, 52.356333 ], [ 20.921885, 52.358614 ] ] ] } },
{ "type": "Feature", "properties": { "fid": 255, "hex_id": 254 }, "geometry": { "type": "Polygon", "coordinates": [ [ [ 20.92169, 52.35412 ], [ 20.923906, 52.356333 ], [ 20.928144, 52.356264 ], [ 20.930164, 52.353982 ], [ 20.927948, 52.35177 ], [ 20.923711, 52.351839 ], [ 20.92169, 52.35412 ] ] ] } },
{ "type": "Feature", "properties": { "fid": 256, "hex_id": 255 }, "geometry": { "type": "Polygon", "coordinates": [ [ [ 20.921495, 52.349626 ], [ 20.923711, 52.351839 ], [ 20.927948, 52.35177 ], [ 20.929969, 52.349488 ], [ 20.927752, 52.347276 ], [ 20.923516, 52.347345 ], [ 20.921495, 52.349626 ] ] ] } },
{ "type": "Feature", "properties": { "fid": 257, "hex_id": 256 }, "geometry": { "type": "Polygon", "coordinates": [ [ [ 20.9213, 52.345132 ], [ 20.923516, 52.347345 ], [ 20.927752, 52.347276 ], [ 20.929773, 52.344994 ], [ 20.927557, 52.342782 ], [ 20.92332, 52.342851 ], [ 20.9213, 52.345132 ] ] ] } },
{ "type": "Feature", "properties": { "fid": 258, "hex_id": 257 }, "geometry": { "type": "Polygon", "coordinates": [ [ [ 20.921105, 52.340638 ], [ 20.92332, 52.342851 ], [ 20.927557, 52.342782 ], [ 20.929577, 52.3405 ], [ 20.927361, 52.338288 ], [ 20.923125, 52.338357 ], [ 20.921105, 52.340638 ] ] ] } },
{ "type": "Feature", "properties": { "fid": 259, "hex_id": 258 }, "geometry": { "type": "Polygon", "coordinates": [ [ [ 20.92091, 52.336144 ], [ 20.923125, 52.338357 ], [ 20.927361, 52.338288 ], [ 20.929381, 52.336006 ], [ 20.927166, 52.333794 ], [ 20.92293, 52.333863 ], [ 20.92091, 52.336144 ] ] ] } },
{ "type": "Feature", "properties": { "fid": 260, "hex_id": 259 }, "geometry": { "type": "Polygon", "coordinates": [ [ [ 20.920715, 52.33165 ], [ 20.92293, 52.333863 ], [ 20.927166, 52.333794 ], [ 20.929186, 52.331512 ], [ 20.926971, 52.3293 ], [ 20.922736, 52.329369 ], [ 20.920715, 52.33165 ] ] ] } },
{ "type": "Feature", "properties": { "fid": 261, "hex_id": 260 }, "geometry": { "type": "Polygon", "coordinates": [ [ [ 20.920521, 52.327156 ], [ 20.922736, 52.329369 ], [ 20.926971, 52.3293 ], [ 20.92899, 52.327018 ], [ 20.926775, 52.324806 ], [ 20.922541, 52.324875 ], [ 20.920521, 52.327156 ] ] ] } },
{ "type": "Feature", "properties": { "fid": 262, "hex_id": 261 }, "geometry": { "type": "Polygon", "coordinates": [ [ [ 20.920326, 52.322662 ], [ 20.922541, 52.324875 ], [ 20.926775, 52.324806 ], [ 20.928795, 52.322524 ], [ 20.92658, 52.320312 ], [ 20.922346, 52.320381 ], [ 20.920326, 52.322662 ] ] ] } },
{ "type": "Feature", "properties": { "fid": 263, "hex_id": 262 }, "geometry": { "type": "Polygon", "coordinates": [ [ [ 20.920131, 52.318168 ], [ 20.922346, 52.320381 ], [ 20.92658, 52.320312 ], [ 20.928599, 52.31803 ], [ 20.926385, 52.315817 ], [ 20.922151, 52.315886 ], [ 20.920131, 52.318168 ] ] ] } },
{ "type": "Feature", "properties": { "fid": 264, "hex_id": 263 }, "geometry": { "type": "Polygon", "coordinates": [ [ [ 20.919937, 52.313674 ], [ 20.922151, 52.315886 ], [ 20.926385, 52.315817 ], [ 20.928404, 52.313536 ], [ 20.92619, 52.311323 ], [ 20.921956, 52.311392 ], [ 20.919937, 52.313674 ] ] ] } },
{ "type": "Feature", "properties": { "fid": 265, "hex_id": 264 }, "geometry": { "type": "Polygon", "coordinates": [ [ [ 20.919742, 52.30918 ], [ 20.921956, 52.311392 ], [ 20.92619, 52.311323 ], [ 20.928209, 52.309042 ], [ 20.925994, 52.306829 ], [ 20.921762, 52.306898 ], [ 20.919742, 52.30918 ] ] ] } },
{ "type": "Feature", "properties": { "fid": 266, "hex_id": 265 }, "geometry": { "type": "Polygon", "coordinates": [ [ [ 20.919548, 52.304686 ], [ 20.921762, 52.306898 ], [ 20.925994, 52.306829 ], [ 20.928013, 52.304548 ], [ 20.925799, 52.302335 ], [ 20.921567, 52.302404 ], [ 20.919548, 52.304686 ] ] ] } },
{ "type": "Feature", "properties": { "fid": 267, "hex_id": 266 }, "geometry": { "type": "Polygon", "coordinates": [ [ [ 20.919353, 52.300192 ], [ 20.921567, 52.302404 ], [ 20.925799, 52.302335 ], [ 20.927818, 52.300054 ], [ 20.925604, 52.297841 ], [ 20.921372, 52.29791 ], [ 20.919353, 52.300192 ] ] ] } },
{ "type": "Feature", "properties": { "fid": 268, "hex_id": 267 }, "geometry": { "type": "Polygon", "coordinates": [ [ [ 20.919159, 52.295698 ], [ 20.921372, 52.29791 ], [ 20.925604, 52.297841 ], [ 20.927623, 52.29556 ], [ 20.925409, 52.293347 ], [ 20.921178, 52.293416 ], [ 20.919159, 52.295698 ] ] ] } },
{ "type": "Feature", "properties": { "fid": 269, "hex_id": 268 }, "geometry": { "type": "Polygon", "coordinates": [ [ [ 20.918965, 52.291204 ], [ 20.921178, 52.293416 ], [ 20.925409, 52.293347 ], [ 20.927428, 52.291066 ], [ 20.925214, 52.288853 ], [ 20.920983, 52.288922 ], [ 20.918965, 52.291204 ] ] ] } },
{ "type": "Feature", "properties": { "fid": 270, "hex_id": 269 }, "geometry": { "type": "Polygon", "coordinates": [ [ [ 20.918771, 52.286709 ], [ 20.920983, 52.288922 ], [ 20.925214, 52.288853 ], [ 20.927233, 52.286572 ], [ 20.92502, 52.284359 ], [ 20.920789, 52.284428 ], [ 20.918771, 52.286709 ] ] ] } },
{ "type": "Feature", "properties": { "fid": 271, "hex_id": 270 }, "geometry": { "type": "Polygon", "coordinates": [ [ [ 20.918576, 52.282215 ], [ 20.920789, 52.284428 ], [ 20.92502, 52.284359 ], [ 20.927037, 52.282078 ], [ 20.924825, 52.279865 ], [ 20.920595, 52.279934 ], [ 20.918576, 52.282215 ] ] ] } },
{ "type": "Feature", "properties": { "fid": 272, "hex_id": 271 }, "geometry": { "type": "Polygon", "coordinates": [ [ [ 20.918382, 52.277721 ], [ 20.920595, 52.279934 ], [ 20.924825, 52.279865 ], [ 20.926842, 52.277583 ], [ 20.92463, 52.275371 ], [ 20.9204, 52.27544 ], [ 20.918382, 52.277721 ] ] ] } },
{ "type": "Feature", "properties": { "fid": 273, "hex_id": 272 }, "geometry": { "type": "Polygon", "coordinates": [ [ [ 20.918188, 52.273227 ], [ 20.9204, 52.27544 ], [ 20.92463, 52.275371 ], [ 20.926648, 52.273089 ], [ 20.924435, 52.270877 ], [ 20.920206, 52.270946 ], [ 20.918188, 52.273227 ] ] ] } },
{ "type": "Feature", "properties": { "fid": 274, "hex_id": 273 }, "geometry": { "type": "Polygon", "coordinates": [ [ [ 20.917994, 52.268733 ], [ 20.920206, 52.270946 ], [ 20.924435, 52.270877 ], [ 20.926453, 52.268595 ], [ 20.924241, 52.266383 ], [ 20.920012, 52.266452 ], [ 20.917994, 52.268733 ] ] ] } },
{ "type": "Feature", "properties": { "fid": 275, "hex_id": 274 }, "geometry": { "type": "Polygon", "coordinates": [ [ [ 20.9178, 52.264239 ], [ 20.920012, 52.266452 ], [ 20.924241, 52.266383 ], [ 20.926258, 52.264101 ], [ 20.924046, 52.261889 ], [ 20.919818, 52.261958 ], [ 20.9178, 52.264239 ] ] ] } },
{ "type": "Feature", "properties": { "fid": 276, "hex_id": 275 }, "geometry": { "type": "Polygon", "coordinates": [ [ [ 20.917606, 52.259745 ], [ 20.919818, 52.261958 ], [ 20.924046, 52.261889 ], [ 20.926063, 52.259607 ], [ 20.923852, 52.257395 ], [ 20.919623, 52.257463 ], [ 20.917606, 52.259745 ] ] ] } },
{ "type": "Feature", "properties": { "fid": 277, "hex_id": 276 }, "geometry": { "type": "Polygon", "coordinates": [ [ [ 20.917412, 52.255251 ], [ 20.919623, 52.257463 ], [ 20.923852, 52.257395 ], [ 20.925868, 52.255113 ], [ 20.923657, 52.2529 ], [ 20.919429, 52.252969 ], [ 20.917412, 52.255251 ] ] ] } },
{ "type": "Feature", "properties": { "fid": 278, "hex_id": 277 }, "geometry": { "type": "Polygon", "coordinates": [ [ [ 20.917219, 52.250757 ], [ 20.919429, 52.252969 ], [ 20.923657, 52.2529 ], [ 20.925674, 52.250619 ], [ 20.923463, 52.248406 ], [ 20.919235, 52.248475 ], [ 20.917219, 52.250757 ] ] ] } },
{ "type": "Feature", "properties": { "fid": 279, "hex_id": 278 }, "geometry": { "type": "Polygon", "coordinates": [ [ [ 20.917025, 52.246262 ], [ 20.919235, 52.248475 ], [ 20.923463, 52.248406 ], [ 20.925479, 52.246125 ], [ 20.923268, 52.243912 ], [ 20.919041, 52.243981 ], [ 20.917025, 52.246262 ] ] ] } },
{ "type": "Feature", "properties": { "fid": 280, "hex_id": 279 }, "geometry": { "type": "Polygon", "coordinates": [ [ [ 20.916831, 52.241768 ], [ 20.919041, 52.243981 ], [ 20.923268, 52.243912 ], [ 20.925284, 52.241631 ], [ 20.923074, 52.239418 ], [ 20.918847, 52.239487 ], [ 20.916831, 52.241768 ] ] ] } },
{ "type": "Feature", "properties": { "fid": 281, "hex_id": 280 }, "geometry": { "type": "Polygon", "coordinates": [ [ [ 20.916637, 52.237274 ], [ 20.918847, 52.239487 ], [ 20.923074, 52.239418 ], [ 20.92509, 52.237137 ], [ 20.92288, 52.234924 ], [ 20.918654, 52.234993 ], [ 20.916637, 52.237274 ] ] ] } },
{ "type": "Feature", "properties": { "fid": 282, "hex_id": 281 }, "geometry": { "type": "Polygon", "coordinates": [ [ [ 20.916444, 52.23278 ], [ 20.918654, 52.234993 ], [ 20.92288, 52.234924 ], [ 20.924895, 52.232643 ], [ 20.922685, 52.23043 ], [ 20.91846, 52.230499 ], [ 20.916444, 52.23278 ] ] ] } },
{ "type": "Feature", "properties": { "fid": 283, "hex_id": 282 }, "geometry": { "type": "Polygon", "coordinates": [ [ [ 20.91625, 52.228286 ], [ 20.91846, 52.230499 ], [ 20.922685, 52.23043 ], [ 20.924701, 52.228148 ], [ 20.922491, 52.225936 ], [ 20.918266, 52.226005 ], [ 20.91625, 52.228286 ] ] ] } },
{ "type": "Feature", "properties": { "fid": 284, "hex_id": 283 }, "geometry": { "type": "Polygon", "coordinates": [ [ [ 20.916057, 52.223792 ], [ 20.918266, 52.226005 ], [ 20.922491, 52.225936 ], [ 20.924507, 52.223654 ], [ 20.922297, 52.221442 ], [ 20.918072, 52.22151 ], [ 20.916057, 52.223792 ] ] ] } },
{ "type": "Feature", "properties": { "fid": 285, "hex_id": 284 }, "geometry": { "type": "Polygon", "coordinates": [ [ [ 20.915863, 52.219298 ], [ 20.918072, 52.22151 ], [ 20.922297, 52.221442 ], [ 20.924312, 52.21916 ], [ 20.922103, 52.216948 ], [ 20.917879, 52.217016 ], [ 20.915863, 52.219298 ] ] ] } },
{ "type": "Feature", "properties": { "fid": 286, "hex_id": 285 }, "geometry": { "type": "Polygon", "coordinates": [ [ [ 20.91567, 52.214804 ], [ 20.917879, 52.217016 ], [ 20.922103, 52.216948 ], [ 20.924118, 52.214666 ], [ 20.921909, 52.212453 ], [ 20.917685, 52.212522 ], [ 20.91567, 52.214804 ] ] ] } },
{ "type": "Feature", "properties": { "fid": 287, "hex_id": 286 }, "geometry": { "type": "Polygon", "coordinates": [ [ [ 20.915476, 52.210309 ], [ 20.917685, 52.212522 ], [ 20.921909, 52.212453 ], [ 20.923924, 52.210172 ], [ 20.921715, 52.207959 ], [ 20.917491, 52.208028 ], [ 20.915476, 52.210309 ] ] ] } },
{ "type": "Feature", "properties": { "fid": 288, "hex_id": 287 }, "geometry": { "type": "Polygon", "coordinates": [ [ [ 20.915283, 52.205815 ], [ 20.917491, 52.208028 ], [ 20.921715, 52.207959 ], [ 20.92373, 52.205678 ], [ 20.921521, 52.203465 ], [ 20.917298, 52.203534 ], [ 20.915283, 52.205815 ] ] ] } },
{ "type": "Feature", "properties": { "fid": 289, "hex_id": 288 }, "geometry": { "type": "Polygon", "coordinates": [ [ [ 20.91509, 52.201321 ], [ 20.917298, 52.203534 ], [ 20.921521, 52.203465 ], [ 20.923535, 52.201184 ], [ 20.921327, 52.198971 ], [ 20.917104, 52.19904 ], [ 20.91509, 52.201321 ] ] ] } },
{ "type": "Feature", "properties": { "fid": 290, "hex_id": 289 }, "geometry": { "type": "Polygon", "coordinates": [ [ [ 20.914896, 52.196827 ], [ 20.917104, 52.19904 ], [ 20.921327, 52.198971 ], [ 20.923341, 52.19669 ], [ 20.921133, 52.194477 ], [ 20.916911, 52.194546 ], [ 20.914896, 52.196827 ] ] ] } },
{ "type": "Feature", "properties": { "fid": 291, "hex_id": 290 }, "geometry": { "type": "Polygon", "coordinates": [ [ [ 20.914703, 52.192333 ], [ 20.916911, 52.194546 ], [ 20.921133, 52.194477 ], [ 20.923147, 52.192195 ], [ 20.920939, 52.189983 ], [ 20.916718, 52.190051 ], [ 20.914703, 52.192333 ] ] ] } },
{ "type": "Feature", "properties": { "fid": 292, "hex_id": 291 }, "geometry": { "type": "Polygon", "coordinates": [ [ [ 20.91451, 52.187839 ], [ 20.916718, 52.190051 ], [ 20.920939, 52.189983 ], [ 20.922953, 52.187701 ], [ 20.920746, 52.185489 ], [ 20.916524, 52.185557 ], [ 20.91451, 52.187839 ] ] ] } },
{ "type": "Feature", "properties": { "fid": 293, "hex_id": 292 }, "geometry": { "type": "Polygon", "coordinates": [ [ [ 20.914317, 52.183344 ], [ 20.916524, 52.185557 ], [ 20.920746, 52.185489 ], [ 20.922759, 52.183207 ], [ 20.920552, 52.180994 ], [ 20.916331, 52.181063 ], [ 20.914317, 52.183344 ] ] ] } },
{ "type": "Feature", "properties": { "fid": 294, "hex_id": 293 }, "geometry": { "type": "Polygon", "coordinates": [ [ [ 20.914124, 52.17885 ], [ 20.916331, 52.181063 ], [ 20.920552, 52.180994 ], [ 20.922566, 52.178713 ], [ 20.920358, 52.1765 ], [ 20.916138, 52.176569 ], [ 20.914124, 52.17885 ] ] ] } },
{ "type": "Feature", "properties": { "fid": 295, "hex_id": 294 }, "geometry": { "type": "Polygon", "coordinates": [ [ [ 20.913931, 52.174356 ], [ 20.916138, 52.176569 ], [ 20.920358, 52.1765 ], [ 20.922372, 52.174219 ], [ 20.920165, 52.172006 ], [ 20.915945, 52.172075 ], [ 20.913931, 52.174356 ] ] ] } },
{ "type": "Feature", "properties": { "fid": 296, "hex_id": 295 }, "geometry": { "type": "Polygon", "coordinates": [ [ [ 20.913738, 52.169862 ], [ 20.915945, 52.172075 ], [ 20.920165, 52.172006 ], [ 20.922178, 52.169725 ], [ 20.919971, 52.167512 ], [ 20.915752, 52.167581 ], [ 20.913738, 52.169862 ] ] ] } },
{ "type": "Feature", "properties": { "fid": 297, "hex_id": 296 }, "geometry": { "type": "Polygon", "coordinates": [ [ [ 20.928535, 52.365252 ], [ 20.930752, 52.367464 ], [ 20.934991, 52.367395 ], [ 20.937012, 52.365113 ], [ 20.934794, 52.362901 ], [ 20.930556, 52.36297 ], [ 20.928535, 52.365252 ] ] ] } },
{ "type": "Feature", "properties": { "fid": 298, "hex_id": 297 }, "geometry": { "type": "Polygon", "coordinates": [ [ [ 20.928339, 52.360758 ], [ 20.930556, 52.36297 ], [ 20.934794, 52.362901 ], [ 20.936815, 52.360619 ], [ 20.934598, 52.358407 ], [ 20.93036, 52.358476 ], [ 20.928339, 52.360758 ] ] ] } },
{ "type": "Feature", "properties": { "fid": 299, "hex_id": 298 }, "geometry": { "type": "Polygon", "coordinates": [ [ [ 20.928144, 52.356264 ], [ 20.93036, 52.358476 ], [ 20.934598, 52.358407 ], [ 20.936619, 52.356125 ], [ 20.934402, 52.353913 ], [ 20.930164, 52.353982 ], [ 20.928144, 52.356264 ] ] ] } },
{ "type": "Feature", "properties": { "fid": 300, "hex_id": 299 }, "geometry": { "type": "Polygon", "coordinates": [ [ [ 20.927948, 52.35177 ], [ 20.930164, 52.353982 ], [ 20.934402, 52.353913 ], [ 20.936422, 52.351631 ], [ 20.934206, 52.349419 ], [ 20.929969, 52.349488 ], [ 20.927948, 52.35177 ] ] ] } },
{ "type": "Feature", "properties": { "fid": 301, "hex_id": 300 }, "geometry": { "type": "Polygon", "coordinates": [ [ [ 20.927752, 52.347276 ], [ 20.929969, 52.349488 ], [ 20.934206, 52.349419 ], [ 20.936226, 52.347137 ], [ 20.934009, 52.344925 ], [ 20.929773, 52.344994 ], [ 20.927752, 52.347276 ] ] ] } },
{ "type": "Feature", "properties": { "fid": 302, "hex_id": 301 }, "geometry": { "type": "Polygon", "coordinates": [ [ [ 20.927557, 52.342782 ], [ 20.929773, 52.344994 ], [ 20.934009, 52.344925 ], [ 20.936029, 52.342643 ], [ 20.933813, 52.340431 ], [ 20.929577, 52.3405 ], [ 20.927557, 52.342782 ] ] ] } },
{ "type": "Feature", "properties": { "fid": 303, "hex_id": 302 }, "geometry": { "type": "Polygon", "coordinates": [ [ [ 20.927361, 52.338288 ], [ 20.929577, 52.3405 ], [ 20.933813, 52.340431 ], [ 20.935833, 52.338149 ], [ 20.933617, 52.335937 ], [ 20.929381, 52.336006 ], [ 20.927361, 52.338288 ] ] ] } },
{ "type": "Feature", "properties": { "fid": 304, "hex_id": 303 }, "geometry": { "type": "Polygon", "coordinates": [ [ [ 20.927166, 52.333794 ], [ 20.929381, 52.336006 ], [ 20.933617, 52.335937 ], [ 20.935637, 52.333655 ], [ 20.933421, 52.331443 ], [ 20.929186, 52.331512 ], [ 20.927166, 52.333794 ] ] ] } },
{ "type": "Feature", "properties": { "fid": 305, "hex_id": 304 }, "geometry": { "type": "Polygon", "coordinates": [ [ [ 20.926971, 52.3293 ], [ 20.929186, 52.331512 ], [ 20.933421, 52.331443 ], [ 20.935441, 52.329161 ], [ 20.933225, 52.326949 ], [ 20.92899, 52.327018 ], [ 20.926971, 52.3293 ] ] ] } },
{ "type": "Feature", "properties": { "fid": 306, "hex_id": 305 }, "geometry": { "type": "Polygon", "coordinates": [ [ [ 20.926775, 52.324806 ], [ 20.92899, 52.327018 ], [ 20.933225, 52.326949 ], [ 20.935244, 52.324667 ], [ 20.933029, 52.322455 ], [ 20.928795, 52.322524 ], [ 20.926775, 52.324806 ] ] ] } },
{ "type": "Feature", "properties": { "fid": 307, "hex_id": 306 }, "geometry": { "type": "Polygon", "coordinates": [ [ [ 20.92658, 52.320312 ], [ 20.928795, 52.322524 ], [ 20.933029, 52.322455 ], [ 20.935048, 52.320173 ], [ 20.932833, 52.317961 ], [ 20.928599, 52.31803 ], [ 20.92658, 52.320312 ] ] ] } },
{ "type": "Feature", "properties": { "fid": 308, "hex_id": 307 }, "geometry": { "type": "Polygon", "coordinates": [ [ [ 20.926385, 52.315817 ], [ 20.928599, 52.31803 ], [ 20.932833, 52.317961 ], [ 20.934852, 52.315679 ], [ 20.932637, 52.313467 ], [ 20.928404, 52.313536 ], [ 20.926385, 52.315817 ] ] ] } },
{ "type": "Feature", "properties": { "fid": 309, "hex_id": 308 }, "geometry": { "type": "Polygon", "coordinates": [ [ [ 20.92619, 52.311323 ], [ 20.928404, 52.313536 ], [ 20.932637, 52.313467 ], [ 20.934656, 52.311185 ], [ 20.932442, 52.308973 ], [ 20.928209, 52.309042 ], [ 20.92619, 52.311323 ] ] ] } },
{ "type": "Feature", "properties": { "fid": 310, "hex_id": 309 }, "geometry": { "type": "Polygon", "coordinates": [ [ [ 20.925994, 52.306829 ], [ 20.928209, 52.309042 ], [ 20.932442, 52.308973 ], [ 20.93446, 52.306691 ], [ 20.932246, 52.304479 ], [ 20.928013, 52.304548 ], [ 20.925994, 52.306829 ] ] ] } },
{ "type": "Feature", "properties": { "fid": 311, "hex_id": 310 }, "geometry": { "type": "Polygon", "coordinates": [ [ [ 20.925799, 52.302335 ], [ 20.928013, 52.304548 ], [ 20.932246, 52.304479 ], [ 20.934264, 52.302197 ], [ 20.93205, 52.299985 ], [ 20.927818, 52.300054 ], [ 20.925799, 52.302335 ] ] ] } },
{ "type": "Feature", "properties": { "fid": 312, "hex_id": 311 }, "geometry": { "type": "Polygon", "coordinates": [ [ [ 20.925604, 52.297841 ], [ 20.927818, 52.300054 ], [ 20.93205, 52.299985 ], [ 20.934068, 52.297703 ], [ 20.931855, 52.295491 ], [ 20.927623, 52.29556 ], [ 20.925604, 52.297841 ] ] ] } },
{ "type": "Feature", "properties": { "fid": 313, "hex_id": 312 }, "geometry": { "type": "Polygon", "coordinates": [ [ [ 20.925409, 52.293347 ], [ 20.927623, 52.29556 ], [ 20.931855, 52.295491 ], [ 20.933873, 52.293209 ], [ 20.931659, 52.290996 ], [ 20.927428, 52.291066 ], [ 20.925409, 52.293347 ] ] ] } },
{ "type": "Feature", "properties": { "fid": 314, "hex_id": 313 }, "geometry": { "type": "Polygon", "coordinates": [ [ [ 20.925214, 52.288853 ], [ 20.927428, 52.291066 ], [ 20.931659, 52.290996 ], [ 20.933677, 52.288715 ], [ 20.931463, 52.286502 ], [ 20.927233, 52.286572 ], [ 20.925214, 52.288853 ] ] ] } },
{ "type": "Feature", "properties": { "fid": 315, "hex_id": 314 }, "geometry": { "type": "Polygon", "coordinates": [ [ [ 20.92502, 52.284359 ], [ 20.927233, 52.286572 ], [ 20.931463, 52.286502 ], [ 20.933481, 52.284221 ], [ 20.931268, 52.282008 ], [ 20.927037, 52.282078 ], [ 20.92502, 52.284359 ] ] ] } },
{ "type": "Feature", "properties": { "fid": 316, "hex_id": 315 }, "geometry": { "type": "Polygon", "coordinates": [ [ [ 20.924825, 52.279865 ], [ 20.927037, 52.282078 ], [ 20.931268, 52.282008 ], [ 20.933285, 52.279727 ], [ 20.931073, 52.277514 ], [ 20.926842, 52.277583 ], [ 20.924825, 52.279865 ] ] ] } },
{ "type": "Feature", "properties": { "fid": 317, "hex_id": 316 }, "geometry": { "type": "Polygon", "coordinates": [ [ [ 20.92463, 52.275371 ], [ 20.926842, 52.277583 ], [ 20.931073, 52.277514 ], [ 20.93309, 52.275233 ], [ 20.930877, 52.27302 ], [ 20.926648, 52.273089 ], [ 20.92463, 52.275371 ] ] ] } },
{ "type": "Feature", "properties": { "fid": 318, "hex_id": 317 }, "geometry": { "type": "Polygon", "coordinates": [ [ [ 20.924435, 52.270877 ], [ 20.926648, 52.273089 ], [ 20.930877, 52.27302 ], [ 20.932894, 52.270739 ], [ 20.930682, 52.268526 ], [ 20.926453, 52.268595 ], [ 20.924435, 52.270877 ] ] ] } },
{ "type": "Feature", "properties": { "fid": 319, "hex_id": 318 }, "geometry": { "type": "Polygon", "coordinates": [ [ [ 20.924241, 52.266383 ], [ 20.926453, 52.268595 ], [ 20.930682, 52.268526 ], [ 20.932699, 52.266245 ], [ 20.930487, 52.264032 ], [ 20.926258, 52.264101 ], [ 20.924241, 52.266383 ] ] ] } },
{ "type": "Feature", "properties": { "fid": 320, "hex_id": 319 }, "geometry": { "type": "Polygon", "coordinates": [ [ [ 20.924046, 52.261889 ], [ 20.926258, 52.264101 ], [ 20.930487, 52.264032 ], [ 20.932503, 52.261751 ], [ 20.930291, 52.259538 ], [ 20.926063, 52.259607 ], [ 20.924046, 52.261889 ] ] ] } },
{ "type": "Feature", "properties": { "fid": 321, "hex_id": 320 }, "geometry": { "type": "Polygon", "coordinates": [ [ [ 20.923852, 52.257395 ], [ 20.926063, 52.259607 ], [ 20.930291, 52.259538 ], [ 20.932308, 52.257256 ], [ 20.930096, 52.255044 ], [ 20.925868, 52.255113 ], [ 20.923852, 52.257395 ] ] ] } },
{ "type": "Feature", "properties": { "fid": 322, "hex_id": 321 }, "geometry": { "type": "Polygon", "coordinates": [ [ [ 20.923657, 52.2529 ], [ 20.925868, 52.255113 ], [ 20.930096, 52.255044 ], [ 20.932113, 52.252762 ], [ 20.929901, 52.25055 ], [ 20.925674, 52.250619 ], [ 20.923657, 52.2529 ] ] ] } },
{ "type": "Feature", "properties": { "fid": 323, "hex_id": 322 }, "geometry": { "type": "Polygon", "coordinates": [ [ [ 20.923463, 52.248406 ], [ 20.925674, 52.250619 ], [ 20.929901, 52.25055 ], [ 20.931917, 52.248268 ], [ 20.929706, 52.246056 ], [ 20.925479, 52.246125 ], [ 20.923463, 52.248406 ] ] ] } },
{ "type": "Feature", "properties": { "fid": 324, "hex_id": 323 }, "geometry": { "type": "Polygon", "coordinates": [ [ [ 20.923268, 52.243912 ], [ 20.925479, 52.246125 ], [ 20.929706, 52.246056 ], [ 20.931722, 52.243774 ], [ 20.929511, 52.241562 ], [ 20.925284, 52.241631 ], [ 20.923268, 52.243912 ] ] ] } },
{ "type": "Feature", "properties": { "fid": 325, "hex_id": 324 }, "geometry": { "type": "Polygon", "coordinates": [ [ [ 20.923074, 52.239418 ], [ 20.925284, 52.241631 ], [ 20.929511, 52.241562 ], [ 20.931527, 52.23928 ], [ 20.929316, 52.237068 ], [ 20.92509, 52.237137 ], [ 20.923074, 52.239418 ] ] ] } },
{ "type": "Feature", "properties": { "fid": 326, "hex_id": 325 }, "geometry": { "type": "Polygon", "coordinates": [ [ [ 20.92288, 52.234924 ], [ 20.92509, 52.237137 ], [ 20.929316, 52.237068 ], [ 20.931332, 52.234786 ], [ 20.929121, 52.232574 ], [ 20.924895, 52.232643 ], [ 20.92288, 52.234924 ] ] ] } },
{ "type": "Feature", "properties": { "fid": 327, "hex_id": 326 }, "geometry": { "type": "Polygon", "coordinates": [ [ [ 20.922685, 52.23043 ], [ 20.924895, 52.232643 ], [ 20.929121, 52.232574 ], [ 20.931137, 52.230292 ], [ 20.928926, 52.228079 ], [ 20.924701, 52.228148 ], [ 20.922685, 52.23043 ] ] ] } },
{ "type": "Feature", "properties": { "fid": 328, "hex_id": 327 }, "geometry": { "type": "Polygon", "coordinates": [ [ [ 20.922491, 52.225936 ], [ 20.924701, 52.228148 ], [ 20.928926, 52.228079 ], [ 20.930941, 52.225798 ], [ 20.928732, 52.223585 ], [ 20.924507, 52.223654 ], [ 20.922491, 52.225936 ] ] ] } },
{ "type": "Feature", "properties": { "fid": 329, "hex_id": 328 }, "geometry": { "type": "Polygon", "coordinates": [ [ [ 20.922297, 52.221442 ], [ 20.924507, 52.223654 ], [ 20.928732, 52.223585 ], [ 20.930746, 52.221304 ], [ 20.928537, 52.219091 ], [ 20.924312, 52.21916 ], [ 20.922297, 52.221442 ] ] ] } },
{ "type": "Feature", "properties": { "fid": 330, "hex_id": 329 }, "geometry": { "type": "Polygon", "coordinates": [ [ [ 20.922103, 52.216948 ], [ 20.924312, 52.21916 ], [ 20.928537, 52.219091 ], [ 20.930552, 52.21681 ], [ 20.928342, 52.214597 ], [ 20.924118, 52.214666 ], [ 20.922103, 52.216948 ] ] ] } },
{ "type": "Feature", "properties": { "fid": 331, "hex_id": 330 }, "geometry": { "type": "Polygon", "coordinates": [ [ [ 20.921909, 52.212453 ], [ 20.924118, 52.214666 ], [ 20.928342, 52.214597 ], [ 20.930357, 52.212316 ], [ 20.928147, 52.210103 ], [ 20.923924, 52.210172 ], [ 20.921909, 52.212453 ] ] ] } },
{ "type": "Feature", "properties": { "fid": 332, "hex_id": 331 }, "geometry": { "type": "Polygon", "coordinates": [ [ [ 20.921715, 52.207959 ], [ 20.923924, 52.210172 ], [ 20.928147, 52.210103 ], [ 20.930162, 52.207821 ], [ 20.927953, 52.205609 ], [ 20.92373, 52.205678 ], [ 20.921715, 52.207959 ] ] ] } },
{ "type": "Feature", "properties": { "fid": 333, "hex_id": 332 }, "geometry": { "type": "Polygon", "coordinates": [ [ [ 20.921521, 52.203465 ], [ 20.92373, 52.205678 ], [ 20.927953, 52.205609 ], [ 20.929967, 52.203327 ], [ 20.927758, 52.201115 ], [ 20.923535, 52.201184 ], [ 20.921521, 52.203465 ] ] ] } },
{ "type": "Feature", "properties": { "fid": 334, "hex_id": 333 }, "geometry": { "type": "Polygon", "coordinates": [ [ [ 20.921327, 52.198971 ], [ 20.923535, 52.201184 ], [ 20.927758, 52.201115 ], [ 20.929772, 52.198833 ], [ 20.927564, 52.196621 ], [ 20.923341, 52.19669 ], [ 20.921327, 52.198971 ] ] ] } },
{ "type": "Feature", "properties": { "fid": 335, "hex_id": 334 }, "geometry": { "type": "Polygon", "coordinates": [ [ [ 20.921133, 52.194477 ], [ 20.923341, 52.19669 ], [ 20.927564, 52.196621 ], [ 20.929578, 52.194339 ], [ 20.927369, 52.192126 ], [ 20.923147, 52.192195 ], [ 20.921133, 52.194477 ] ] ] } },
{ "type": "Feature", "properties": { "fid": 336, "hex_id": 335 }, "geometry": { "type": "Polygon", "coordinates": [ [ [ 20.920939, 52.189983 ], [ 20.923147, 52.192195 ], [ 20.927369, 52.192126 ], [ 20.929383, 52.189845 ], [ 20.927175, 52.187632 ], [ 20.922953, 52.187701 ], [ 20.920939, 52.189983 ] ] ] } },
{ "type": "Feature", "properties": { "fid": 337, "hex_id": 336 }, "geometry": { "type": "Polygon", "coordinates": [ [ [ 20.920746, 52.185489 ], [ 20.922953, 52.187701 ], [ 20.927175, 52.187632 ], [ 20.929188, 52.185351 ], [ 20.926981, 52.183138 ], [ 20.922759, 52.183207 ], [ 20.920746, 52.185489 ] ] ] } },
{ "type": "Feature", "properties": { "fid": 338, "hex_id": 337 }, "geometry": { "type": "Polygon", "coordinates": [ [ [ 20.920552, 52.180994 ], [ 20.922759, 52.183207 ], [ 20.926981, 52.183138 ], [ 20.928994, 52.180857 ], [ 20.926786, 52.178644 ], [ 20.922566, 52.178713 ], [ 20.920552, 52.180994 ] ] ] } },
{ "type": "Feature", "properties": { "fid": 339, "hex_id": 338 }, "geometry": { "type": "Polygon", "coordinates": [ [ [ 20.920358, 52.1765 ], [ 20.922566, 52.178713 ], [ 20.926786, 52.178644 ], [ 20.928799, 52.176362 ], [ 20.926592, 52.17415 ], [ 20.922372, 52.174219 ], [ 20.920358, 52.1765 ] ] ] } },
{ "type": "Feature", "properties": { "fid": 340, "hex_id": 339 }, "geometry": { "type": "Polygon", "coordinates": [ [ [ 20.920165, 52.172006 ], [ 20.922372, 52.174219 ], [ 20.926592, 52.17415 ], [ 20.928605, 52.171868 ], [ 20.926398, 52.169656 ], [ 20.922178, 52.169725 ], [ 20.920165, 52.172006 ] ] ] } },
{ "type": "Feature", "properties": { "fid": 341, "hex_id": 340 }, "geometry": { "type": "Polygon", "coordinates": [ [ [ 20.919971, 52.167512 ], [ 20.922178, 52.169725 ], [ 20.926398, 52.169656 ], [ 20.928411, 52.167374 ], [ 20.926204, 52.165162 ], [ 20.921984, 52.16523 ], [ 20.919971, 52.167512 ] ] ] } },
{ "type": "Feature", "properties": { "fid": 342, "hex_id": 341 }, "geometry": { "type": "Polygon", "coordinates": [ [ [ 20.934794, 52.362901 ], [ 20.937012, 52.365113 ], [ 20.94125, 52.365043 ], [ 20.943271, 52.362762 ], [ 20.941053, 52.360549 ], [ 20.936815, 52.360619 ], [ 20.934794, 52.362901 ] ] ] } },
{ "type": "Feature", "properties": { "fid": 343, "hex_id": 342 }, "geometry": { "type": "Polygon", "coordinates": [ [ [ 20.934598, 52.358407 ], [ 20.936815, 52.360619 ], [ 20.941053, 52.360549 ], [ 20.943074, 52.358268 ], [ 20.940856, 52.356056 ], [ 20.936619, 52.356125 ], [ 20.934598, 52.358407 ] ] ] } },
{ "type": "Feature", "properties": { "fid": 344, "hex_id": 343 }, "geometry": { "type": "Polygon", "coordinates": [ [ [ 20.934402, 52.353913 ], [ 20.936619, 52.356125 ], [ 20.940856, 52.356056 ], [ 20.942876, 52.353774 ], [ 20.940659, 52.351562 ], [ 20.936422, 52.351631 ], [ 20.934402, 52.353913 ] ] ] } },
{ "type": "Feature", "properties": { "fid": 345, "hex_id": 344 }, "geometry": { "type": "Polygon", "coordinates": [ [ [ 20.934206, 52.349419 ], [ 20.936422, 52.351631 ], [ 20.940659, 52.351562 ], [ 20.942679, 52.34928 ], [ 20.940462, 52.347068 ], [ 20.936226, 52.347137 ], [ 20.934206, 52.349419 ] ] ] } },
{ "type": "Feature", "properties": { "fid": 346, "hex_id": 345 }, "geometry": { "type": "Polygon", "coordinates": [ [ [ 20.934009, 52.344925 ], [ 20.936226, 52.347137 ], [ 20.940462, 52.347068 ], [ 20.942482, 52.344786 ], [ 20.940266, 52.342574 ], [ 20.936029, 52.342643 ], [ 20.934009, 52.344925 ] ] ] } },
{ "type": "Feature", "properties": { "fid": 347, "hex_id": 346 }, "geometry": { "type": "Polygon", "coordinates": [ [ [ 20.933813, 52.340431 ], [ 20.936029, 52.342643 ], [ 20.940266, 52.342574 ], [ 20.942285, 52.340292 ], [ 20.940069, 52.33808 ], [ 20.935833, 52.338149 ], [ 20.933813, 52.340431 ] ] ] } },
{ "type": "Feature", "properties": { "fid": 348, "hex_id": 347 }, "geometry": { "type": "Polygon", "coordinates": [ [ [ 20.933617, 52.335937 ], [ 20.935833, 52.338149 ], [ 20.940069, 52.33808 ], [ 20.942088, 52.335798 ], [ 20.939872, 52.333586 ], [ 20.935637, 52.333655 ], [ 20.933617, 52.335937 ] ] ] } },
{ "type": "Feature", "properties": { "fid": 349, "hex_id": 348 }, "geometry": { "type": "Polygon", "coordinates": [ [ [ 20.933421, 52.331443 ], [ 20.935637, 52.333655 ], [ 20.939872, 52.333586 ], [ 20.941891, 52.331304 ], [ 20.939676, 52.329092 ], [ 20.935441, 52.329161 ], [ 20.933421, 52.331443 ] ] ] } },
{ "type": "Feature", "properties": { "fid": 350, "hex_id": 349 }, "geometry": { "type": "Polygon", "coordinates": [ [ [ 20.933225, 52.326949 ], [ 20.935441, 52.329161 ], [ 20.939676, 52.329092 ], [ 20.941695, 52.32681 ], [ 20.939479, 52.324598 ], [ 20.935244, 52.324667 ], [ 20.933225, 52.326949 ] ] ] } },
{ "type": "Feature", "properties": { "fid": 351, "hex_id": 350 }, "geometry": { "type": "Polygon", "coordinates": [ [ [ 20.933029, 52.322455 ], [ 20.935244, 52.324667 ], [ 20.939479, 52.324598 ], [ 20.941498, 52.322316 ], [ 20.939282, 52.320104 ], [ 20.935048, 52.320173 ], [ 20.933029, 52.322455 ] ] ] } },
{ "type": "Feature", "properties": { "fid": 352, "hex_id": 351 }, "geometry": { "type": "Polygon", "coordinates": [ [ [ 20.932833, 52.317961 ], [ 20.935048, 52.320173 ], [ 20.939282, 52.320104 ], [ 20.941301, 52.317822 ], [ 20.939086, 52.31561 ], [ 20.934852, 52.315679 ], [ 20.932833, 52.317961 ] ] ] } },
{ "type": "Feature", "properties": { "fid": 353, "hex_id": 352 }, "geometry": { "type": "Polygon", "coordinates": [ [ [ 20.932637, 52.313467 ], [ 20.934852, 52.315679 ], [ 20.939086, 52.31561 ], [ 20.941104, 52.313328 ], [ 20.938889, 52.311116 ], [ 20.934656, 52.311185 ], [ 20.932637, 52.313467 ] ] ] } },
{ "type": "Feature", "properties": { "fid": 354, "hex_id": 353 }, "geometry": { "type": "Polygon", "coordinates": [ [ [ 20.932442, 52.308973 ], [ 20.934656, 52.311185 ], [ 20.938889, 52.311116 ], [ 20.940908, 52.308834 ], [ 20.938693, 52.306622 ], [ 20.93446, 52.306691 ], [ 20.932442, 52.308973 ] ] ] } },
{ "type": "Feature", "properties": { "fid": 355, "hex_id": 354 }, "geometry": { "type": "Polygon", "coordinates": [ [ [ 20.932246, 52.304479 ], [ 20.93446, 52.306691 ], [ 20.938693, 52.306622 ], [ 20.940711, 52.30434 ], [ 20.938497, 52.302128 ], [ 20.934264, 52.302197 ], [ 20.932246, 52.304479 ] ] ] } },
{ "type": "Feature", "properties": { "fid": 356, "hex_id": 355 }, "geometry": { "type": "Polygon", "coordinates": [ [ [ 20.93205, 52.299985 ], [ 20.934264, 52.302197 ], [ 20.938497, 52.302128 ], [ 20.940515, 52.299846 ], [ 20.9383, 52.297634 ], [ 20.934068, 52.297703 ], [ 20.93205, 52.299985 ] ] ] } },
{ "type": "Feature", "properties": { "fid": 357, "hex_id": 356 }, "geometry": { "type": "Polygon", "coordinates": [ [ [ 20.931855, 52.295491 ], [ 20.934068, 52.297703 ], [ 20.9383, 52.297634 ], [ 20.940318, 52.295352 ], [ 20.938104, 52.293139 ], [ 20.933873, 52.293209 ], [ 20.931855, 52.295491 ] ] ] } },
{ "type": "Feature", "properties": { "fid": 358, "hex_id": 357 }, "geometry": { "type": "Polygon", "coordinates": [ [ [ 20.931659, 52.290996 ], [ 20.933873, 52.293209 ], [ 20.938104, 52.293139 ], [ 20.940122, 52.290858 ], [ 20.937908, 52.288645 ], [ 20.933677, 52.288715 ], [ 20.931659, 52.290996 ] ] ] } },
{ "type": "Feature", "properties": { "fid": 359, "hex_id": 358 }, "geometry": { "type": "Polygon", "coordinates": [ [ [ 20.931463, 52.286502 ], [ 20.933677, 52.288715 ], [ 20.937908, 52.288645 ], [ 20.939925, 52.286364 ], [ 20.937712, 52.284151 ], [ 20.933481, 52.284221 ], [ 20.931463, 52.286502 ] ] ] } },
{ "type": "Feature", "properties": { "fid": 360, "hex_id": 359 }, "geometry": { "type": "Polygon", "coordinates": [ [ [ 20.931268, 52.282008 ], [ 20.933481, 52.284221 ], [ 20.937712, 52.284151 ], [ 20.939729, 52.28187 ], [ 20.937516, 52.279657 ], [ 20.933285, 52.279727 ], [ 20.931268, 52.282008 ] ] ] } },
{ "type": "Feature", "properties": { "fid": 361, "hex_id": 360 }, "geometry": { "type": "Polygon", "coordinates": [ [ [ 20.931073, 52.277514 ], [ 20.933285, 52.279727 ], [ 20.937516, 52.279657 ], [ 20.939533, 52.277376 ], [ 20.93732, 52.275163 ], [ 20.93309, 52.275233 ], [ 20.931073, 52.277514 ] ] ] } },
{ "type": "Feature", "properties": { "fid": 362, "hex_id": 361 }, "geometry": { "type": "Polygon", "coordinates": [ [ [ 20.930877, 52.27302 ], [ 20.93309, 52.275233 ], [ 20.93732, 52.275163 ], [ 20.939336, 52.272882 ], [ 20.937124, 52.270669 ], [ 20.932894, 52.270739 ], [ 20.930877, 52.27302 ] ] ] } },
{ "type": "Feature", "properties": { "fid": 363, "hex_id": 362 }, "geometry": { "type": "Polygon", "coordinates": [ [ [ 20.930682, 52.268526 ], [ 20.932894, 52.270739 ], [ 20.937124, 52.270669 ], [ 20.93914, 52.268388 ], [ 20.936928, 52.266175 ], [ 20.932699, 52.266245 ], [ 20.930682, 52.268526 ] ] ] } },
{ "type": "Feature", "properties": { "fid": 364, "hex_id": 363 }, "geometry": { "type": "Polygon", "coordinates": [ [ [ 20.930487, 52.264032 ], [ 20.932699, 52.266245 ], [ 20.936928, 52.266175 ], [ 20.938944, 52.263894 ], [ 20.936732, 52.261681 ], [ 20.932503, 52.261751 ], [ 20.930487, 52.264032 ] ] ] } },
{ "type": "Feature", "properties": { "fid": 365, "hex_id": 364 }, "geometry": { "type": "Polygon", "coordinates": [ [ [ 20.930291, 52.259538 ], [ 20.932503, 52.261751 ], [ 20.936732, 52.261681 ], [ 20.938748, 52.259399 ], [ 20.936536, 52.257187 ], [ 20.932308, 52.257256 ], [ 20.930291, 52.259538 ] ] ] } },
{ "type": "Feature", "properties": { "fid": 366, "hex_id": 365 }, "geometry": { "type": "Polygon", "coordinates": [ [ [ 20.930096, 52.255044 ], [ 20.932308, 52.257256 ], [ 20.936536, 52.257187 ], [ 20.938552, 52.254905 ], [ 20.93634, 52.252693 ], [ 20.932113, 52.252762 ], [ 20.930096, 52.255044 ] ] ] } },
{ "type": "Feature", "properties": { "fid": 367, "hex_id": 366 }, "geometry": { "type": "Polygon", "coordinates": [ [ [ 20.929901, 52.25055 ], [ 20.932113, 52.252762 ], [ 20.93634, 52.252693 ], [ 20.938356, 52.250411 ], [ 20.936145, 52.248199 ], [ 20.931917, 52.248268 ], [ 20.929901, 52.25055 ] ] ] } },
{ "type": "Feature", "properties": { "fid": 368, "hex_id": 367 }, "geometry": { "type": "Polygon", "coordinates": [ [ [ 20.929706, 52.246056 ], [ 20.931917, 52.248268 ], [ 20.936145, 52.248199 ], [ 20.93816, 52.245917 ], [ 20.935949, 52.243705 ], [ 20.931722, 52.243774 ], [ 20.929706, 52.246056 ] ] ] } },
{ "type": "Feature", "properties": { "fid": 369, "hex_id": 368 }, "geometry": { "type": "Polygon", "coordinates": [ [ [ 20.929511, 52.241562 ], [ 20.931722, 52.243774 ], [ 20.935949, 52.243705 ], [ 20.937964, 52.241423 ], [ 20.935753, 52.239211 ], [ 20.931527, 52.23928 ], [ 20.929511, 52.241562 ] ] ] } },
{ "type": "Feature", "properties": { "fid": 370, "hex_id": 369 }, "geometry": { "type": "Polygon", "coordinates": [ [ [ 20.929316, 52.237068 ], [ 20.931527, 52.23928 ], [ 20.935753, 52.239211 ], [ 20.937769, 52.236929 ], [ 20.935558, 52.234717 ], [ 20.931332, 52.234786 ], [ 20.929316, 52.237068 ] ] ] } },
{ "type": "Feature", "properties": { "fid": 371, "hex_id": 370 }, "geometry": { "type": "Polygon", "coordinates": [ [ [ 20.929121, 52.232574 ], [ 20.931332, 52.234786 ], [ 20.935558, 52.234717 ], [ 20.937573, 52.232435 ], [ 20.935362, 52.230223 ], [ 20.931137, 52.230292 ], [ 20.929121, 52.232574 ] ] ] } },
{ "type": "Feature", "properties": { "fid": 372, "hex_id": 371 }, "geometry": { "type": "Polygon", "coordinates": [ [ [ 20.928926, 52.228079 ], [ 20.931137, 52.230292 ], [ 20.935362, 52.230223 ], [ 20.937377, 52.227941 ], [ 20.935167, 52.225729 ], [ 20.930941, 52.225798 ], [ 20.928926, 52.228079 ] ] ] } },
{ "type": "Feature", "properties": { "fid": 373, "hex_id": 372 }, "geometry": { "type": "Polygon", "coordinates": [ [ [ 20.928732, 52.223585 ], [ 20.930941, 52.225798 ], [ 20.935167, 52.225729 ], [ 20.937181, 52.223447 ], [ 20.934971, 52.221235 ], [ 20.930746, 52.221304 ], [ 20.928732, 52.223585 ] ] ] } },
{ "type": "Feature", "properties": { "fid": 374, "hex_id": 373 }, "geometry": { "type": "Polygon", "coordinates": [ [ [ 20.928537, 52.219091 ], [ 20.930746, 52.221304 ], [ 20.934971, 52.221235 ], [ 20.936986, 52.218953 ], [ 20.934776, 52.21674 ], [ 20.930552, 52.21681 ], [ 20.928537, 52.219091 ] ] ] } },
{ "type": "Feature", "properties": { "fid": 375, "hex_id": 374 }, "geometry": { "type": "Polygon", "coordinates": [ [ [ 20.928342, 52.214597 ], [ 20.930552, 52.21681 ], [ 20.934776, 52.21674 ], [ 20.93679, 52.214459 ], [ 20.934581, 52.212246 ], [ 20.930357, 52.212316 ], [ 20.928342, 52.214597 ] ] ] } },
{ "type": "Feature", "properties": { "fid": 376, "hex_id": 375 }, "geometry": { "type": "Polygon", "coordinates": [ [ [ 20.928147, 52.210103 ], [ 20.930357, 52.212316 ], [ 20.934581, 52.212246 ], [ 20.936595, 52.209965 ], [ 20.934385, 52.207752 ], [ 20.930162, 52.207821 ], [ 20.928147, 52.210103 ] ] ] } },
{ "type": "Feature", "properties": { "fid": 377, "hex_id": 376 }, "geometry": { "type": "Polygon", "coordinates": [ [ [ 20.927953, 52.205609 ], [ 20.930162, 52.207821 ], [ 20.934385, 52.207752 ], [ 20.936399, 52.205471 ], [ 20.93419, 52.203258 ], [ 20.929967, 52.203327 ], [ 20.927953, 52.205609 ] ] ] } },
{ "type": "Feature", "properties": { "fid": 378, "hex_id": 377 }, "geometry": { "type": "Polygon", "coordinates": [ [ [ 20.927758, 52.201115 ], [ 20.929967, 52.203327 ], [ 20.93419, 52.203258 ], [ 20.936204, 52.200976 ], [ 20.933995, 52.198764 ], [ 20.929772, 52.198833 ], [ 20.927758, 52.201115 ] ] ] } },
{ "type": "Feature", "properties": { "fid": 379, "hex_id": 378 }, "geometry": { "type": "Polygon", "coordinates": [ [ [ 20.927564, 52.196621 ], [ 20.929772, 52.198833 ], [ 20.933995, 52.198764 ], [ 20.936009, 52.196482 ], [ 20.9338, 52.19427 ], [ 20.929578, 52.194339 ], [ 20.927564, 52.196621 ] ] ] } },
{ "type": "Feature", "properties": { "fid": 380, "hex_id": 379 }, "geometry": { "type": "Polygon", "coordinates": [ [ [ 20.927369, 52.192126 ], [ 20.929578, 52.194339 ], [ 20.9338, 52.19427 ], [ 20.935813, 52.191988 ], [ 20.933605, 52.189776 ], [ 20.929383, 52.189845 ], [ 20.927369, 52.192126 ] ] ] } },
{ "type": "Feature", "properties": { "fid": 381, "hex_id": 380 }, "geometry": { "type": "Polygon", "coordinates": [ [ [ 20.927175, 52.187632 ], [ 20.929383, 52.189845 ], [ 20.933605, 52.189776 ], [ 20.935618, 52.187494 ], [ 20.93341, 52.185282 ], [ 20.929188, 52.185351 ], [ 20.927175, 52.187632 ] ] ] } },
{ "type": "Feature", "properties": { "fid": 382, "hex_id": 381 }, "geometry": { "type": "Polygon", "coordinates": [ [ [ 20.926981, 52.183138 ], [ 20.929188, 52.185351 ], [ 20.93341, 52.185282 ], [ 20.935423, 52.183 ], [ 20.933215, 52.180788 ], [ 20.928994, 52.180857 ], [ 20.926981, 52.183138 ] ] ] } },
{ "type": "Feature", "properties": { "fid": 383, "hex_id": 382 }, "geometry": { "type": "Polygon", "coordinates": [ [ [ 20.926786, 52.178644 ], [ 20.928994, 52.180857 ], [ 20.933215, 52.180788 ], [ 20.935228, 52.178506 ], [ 20.93302, 52.176293 ], [ 20.928799, 52.176362 ], [ 20.926786, 52.178644 ] ] ] } },
{ "type": "Feature", "properties": { "fid": 384, "hex_id": 383 }, "geometry": { "type": "Polygon", "coordinates": [ [ [ 20.926592, 52.17415 ], [ 20.928799, 52.176362 ], [ 20.93302, 52.176293 ], [ 20.935033, 52.174012 ], [ 20.932825, 52.171799 ], [ 20.928605, 52.171868 ], [ 20.926592, 52.17415 ] ] ] } },
{ "type": "Feature", "properties": { "fid": 385, "hex_id": 384 }, "geometry": { "type": "Polygon", "coordinates": [ [ [ 20.926398, 52.169656 ], [ 20.928605, 52.171868 ], [ 20.932825, 52.171799 ], [ 20.934837, 52.169518 ], [ 20.93263, 52.167305 ], [ 20.928411, 52.167374 ], [ 20.926398, 52.169656 ] ] ] } },
{ "type": "Feature", "properties": { "fid": 386, "hex_id": 385 }, "geometry": { "type": "Polygon", "coordinates": [ [ [ 20.926204, 52.165162 ], [ 20.928411, 52.167374 ], [ 20.93263, 52.167305 ], [ 20.934642, 52.165023 ], [ 20.932435, 52.162811 ], [ 20.928216, 52.16288 ], [ 20.926204, 52.165162 ] ] ] } },
{ "type": "Feature", "properties": { "fid": 387, "hex_id": 386 }, "geometry": { "type": "Polygon", "coordinates": [ [ [ 20.92601, 52.160667 ], [ 20.928216, 52.16288 ], [ 20.932435, 52.162811 ], [ 20.934448, 52.160529 ], [ 20.932241, 52.158317 ], [ 20.928022, 52.158386 ], [ 20.92601, 52.160667 ] ] ] } },
{ "type": "Feature", "properties": { "fid": 388, "hex_id": 387 }, "geometry": { "type": "Polygon", "coordinates": [ [ [ 20.94125, 52.365043 ], [ 20.943468, 52.367256 ], [ 20.947707, 52.367186 ], [ 20.949727, 52.364904 ], [ 20.947509, 52.362692 ], [ 20.943271, 52.362762 ], [ 20.94125, 52.365043 ] ] ] } },
{ "type": "Feature", "properties": { "fid": 389, "hex_id": 388 }, "geometry": { "type": "Polygon", "coordinates": [ [ [ 20.941053, 52.360549 ], [ 20.943271, 52.362762 ], [ 20.947509, 52.362692 ], [ 20.949529, 52.36041 ], [ 20.947311, 52.358198 ], [ 20.943074, 52.358268 ], [ 20.941053, 52.360549 ] ] ] } },
{ "type": "Feature", "properties": { "fid": 390, "hex_id": 389 }, "geometry": { "type": "Polygon", "coordinates": [ [ [ 20.940856, 52.356056 ], [ 20.943074, 52.358268 ], [ 20.947311, 52.358198 ], [ 20.949331, 52.355916 ], [ 20.947114, 52.353704 ], [ 20.942876, 52.353774 ], [ 20.940856, 52.356056 ] ] ] } },
{ "type": "Feature", "properties": { "fid": 391, "hex_id": 390 }, "geometry": { "type": "Polygon", "coordinates": [ [ [ 20.940659, 52.351562 ], [ 20.942876, 52.353774 ], [ 20.947114, 52.353704 ], [ 20.949134, 52.351422 ], [ 20.946916, 52.34921 ], [ 20.942679, 52.34928 ], [ 20.940659, 52.351562 ] ] ] } },
{ "type": "Feature", "properties": { "fid": 392, "hex_id": 391 }, "geometry": { "type": "Polygon", "coordinates": [ [ [ 20.940462, 52.347068 ], [ 20.942679, 52.34928 ], [ 20.946916, 52.34921 ], [ 20.948936, 52.346928 ], [ 20.946719, 52.344716 ], [ 20.942482, 52.344786 ], [ 20.940462, 52.347068 ] ] ] } },
{ "type": "Feature", "properties": { "fid": 393, "hex_id": 392 }, "geometry": { "type": "Polygon", "coordinates": [ [ [ 20.940266, 52.342574 ], [ 20.942482, 52.344786 ], [ 20.946719, 52.344716 ], [ 20.948738, 52.342434 ], [ 20.946521, 52.340222 ], [ 20.942285, 52.340292 ], [ 20.940266, 52.342574 ] ] ] } },
{ "type": "Feature", "properties": { "fid": 394, "hex_id": 393 }, "geometry": { "type": "Polygon", "coordinates": [ [ [ 20.940069, 52.33808 ], [ 20.942285, 52.340292 ], [ 20.946521, 52.340222 ], [ 20.94854, 52.33794 ], [ 20.946324, 52.335728 ], [ 20.942088, 52.335798 ], [ 20.940069, 52.33808 ] ] ] } },
{ "type": "Feature", "properties": { "fid": 395, "hex_id": 394 }, "geometry": { "type": "Polygon", "coordinates": [ [ [ 20.939872, 52.333586 ], [ 20.942088, 52.335798 ], [ 20.946324, 52.335728 ], [ 20.948343, 52.333446 ], [ 20.946127, 52.331234 ], [ 20.941891, 52.331304 ], [ 20.939872, 52.333586 ] ] ] } },
{ "type": "Feature", "properties": { "fid": 396, "hex_id": 395 }, "geometry": { "type": "Polygon", "coordinates": [ [ [ 20.939676, 52.329092 ], [ 20.941891, 52.331304 ], [ 20.946127, 52.331234 ], [ 20.948145, 52.328952 ], [ 20.945929, 52.32674 ], [ 20.941695, 52.32681 ], [ 20.939676, 52.329092 ] ] ] } },
{ "type": "Feature", "properties": { "fid": 397, "hex_id": 396 }, "geometry": { "type": "Polygon", "coordinates": [ [ [ 20.939479, 52.324598 ], [ 20.941695, 52.32681 ], [ 20.945929, 52.32674 ], [ 20.947948, 52.324458 ], [ 20.945732, 52.322246 ], [ 20.941498, 52.322316 ], [ 20.939479, 52.324598 ] ] ] } },
{ "type": "Feature", "properties": { "fid": 398, "hex_id": 397 }, "geometry": { "type": "Polygon", "coordinates": [ [ [ 20.939282, 52.320104 ], [ 20.941498, 52.322316 ], [ 20.945732, 52.322246 ], [ 20.947751, 52.319964 ], [ 20.945535, 52.317752 ], [ 20.941301, 52.317822 ], [ 20.939282, 52.320104 ] ] ] } },
{ "type": "Feature", "properties": { "fid": 399, "hex_id": 398 }, "geometry": { "type": "Polygon", "coordinates": [ [ [ 20.939086, 52.31561 ], [ 20.941301, 52.317822 ], [ 20.945535, 52.317752 ], [ 20.947553, 52.31547 ], [ 20.945338, 52.313258 ], [ 20.941104, 52.313328 ], [ 20.939086, 52.31561 ] ] ] } },
{ "type": "Feature", "properties": { "fid": 400, "hex_id": 399 }, "geometry": { "type": "Polygon", "coordinates": [ [ [ 20.938889, 52.311116 ], [ 20.941104, 52.313328 ], [ 20.945338, 52.313258 ], [ 20.947356, 52.310976 ], [ 20.945141, 52.308764 ], [ 20.940908, 52.308834 ], [ 20.938889, 52.311116 ] ] ] } },
{ "type": "Feature", "properties": { "fid": 401, "hex_id": 400 }, "geometry": { "type": "Polygon", "coordinates": [ [ [ 20.938693, 52.306622 ], [ 20.940908, 52.308834 ], [ 20.945141, 52.308764 ], [ 20.947159, 52.306482 ], [ 20.944944, 52.30427 ], [ 20.940711, 52.30434 ], [ 20.938693, 52.306622 ] ] ] } },
{ "type": "Feature", "properties": { "fid": 402, "hex_id": 401 }, "geometry": { "type": "Polygon", "coordinates": [ [ [ 20.938497, 52.302128 ], [ 20.940711, 52.30434 ], [ 20.944944, 52.30427 ], [ 20.946961, 52.301988 ], [ 20.944747, 52.299776 ], [ 20.940515, 52.299846 ], [ 20.938497, 52.302128 ] ] ] } },
{ "type": "Feature", "properties": { "fid": 403, "hex_id": 402 }, "geometry": { "type": "Polygon", "coordinates": [ [ [ 20.9383, 52.297634 ], [ 20.940515, 52.299846 ], [ 20.944747, 52.299776 ], [ 20.946764, 52.297494 ], [ 20.94455, 52.295282 ], [ 20.940318, 52.295352 ], [ 20.9383, 52.297634 ] ] ] } },
{ "type": "Feature", "properties": { "fid": 404, "hex_id": 403 }, "geometry": { "type": "Polygon", "coordinates": [ [ [ 20.938104, 52.293139 ], [ 20.940318, 52.295352 ], [ 20.94455, 52.295282 ], [ 20.946567, 52.293 ], [ 20.944353, 52.290788 ], [ 20.940122, 52.290858 ], [ 20.938104, 52.293139 ] ] ] } },
{ "type": "Feature", "properties": { "fid": 405, "hex_id": 404 }, "geometry": { "type": "Polygon", "coordinates": [ [ [ 20.937908, 52.288645 ], [ 20.940122, 52.290858 ], [ 20.944353, 52.290788 ], [ 20.94637, 52.288506 ], [ 20.944156, 52.286294 ], [ 20.939925, 52.286364 ], [ 20.937908, 52.288645 ] ] ] } },
{ "type": "Feature", "properties": { "fid": 406, "hex_id": 405 }, "geometry": { "type": "Polygon", "coordinates": [ [ [ 20.937712, 52.284151 ], [ 20.939925, 52.286364 ], [ 20.944156, 52.286294 ], [ 20.946173, 52.284012 ], [ 20.943959, 52.2818 ], [ 20.939729, 52.28187 ], [ 20.937712, 52.284151 ] ] ] } },
{ "type": "Feature", "properties": { "fid": 407, "hex_id": 406 }, "geometry": { "type": "Polygon", "coordinates": [ [ [ 20.937516, 52.279657 ], [ 20.939729, 52.28187 ], [ 20.943959, 52.2818 ], [ 20.945976, 52.279518 ], [ 20.943763, 52.277306 ], [ 20.939533, 52.277376 ], [ 20.937516, 52.279657 ] ] ] } },
{ "type": "Feature", "properties": { "fid": 408, "hex_id": 407 }, "geometry": { "type": "Polygon", "coordinates": [ [ [ 20.93732, 52.275163 ], [ 20.939533, 52.277376 ], [ 20.943763, 52.277306 ], [ 20.945779, 52.275024 ], [ 20.943566, 52.272812 ], [ 20.939336, 52.272882 ], [ 20.93732, 52.275163 ] ] ] } },
{ "type": "Feature", "properties": { "fid": 409, "hex_id": 408 }, "geometry": { "type": "Polygon", "coordinates": [ [ [ 20.937124, 52.270669 ], [ 20.939336, 52.272882 ], [ 20.943566, 52.272812 ], [ 20.945582, 52.27053 ], [ 20.943369, 52.268318 ], [ 20.93914, 52.268388 ], [ 20.937124, 52.270669 ] ] ] } },
{ "type": "Feature", "properties": { "fid": 410, "hex_id": 409 }, "geometry": { "type": "Polygon", "coordinates": [ [ [ 20.936928, 52.266175 ], [ 20.93914, 52.268388 ], [ 20.943369, 52.268318 ], [ 20.945386, 52.266036 ], [ 20.943173, 52.263824 ], [ 20.938944, 52.263894 ], [ 20.936928, 52.266175 ] ] ] } },
{ "type": "Feature", "properties": { "fid": 411, "hex_id": 410 }, "geometry": { "type": "Polygon", "coordinates": [ [ [ 20.936732, 52.261681 ], [ 20.938944, 52.263894 ], [ 20.943173, 52.263824 ], [ 20.945189, 52.261542 ], [ 20.942976, 52.25933 ], [ 20.938748, 52.259399 ], [ 20.936732, 52.261681 ] ] ] } },
{ "type": "Feature", "properties": { "fid": 412, "hex_id": 411 }, "geometry": { "type": "Polygon", "coordinates": [ [ [ 20.936536, 52.257187 ], [ 20.938748, 52.259399 ], [ 20.942976, 52.25933 ], [ 20.944992, 52.257048 ], [ 20.94278, 52.254836 ], [ 20.938552, 52.254905 ], [ 20.936536, 52.257187 ] ] ] } },
{ "type": "Feature", "properties": { "fid": 413, "hex_id": 412 }, "geometry": { "type": "Polygon", "coordinates": [ [ [ 20.93634, 52.252693 ], [ 20.938552, 52.254905 ], [ 20.94278, 52.254836 ], [ 20.944796, 52.252554 ], [ 20.942584, 52.250342 ], [ 20.938356, 52.250411 ], [ 20.93634, 52.252693 ] ] ] } },
{ "type": "Feature", "properties": { "fid": 414, "hex_id": 413 }, "geometry": { "type": "Polygon", "coordinates": [ [ [ 20.936145, 52.248199 ], [ 20.938356, 52.250411 ], [ 20.942584, 52.250342 ], [ 20.944599, 52.24806 ], [ 20.942387, 52.245848 ], [ 20.93816, 52.245917 ], [ 20.936145, 52.248199 ] ] ] } },
{ "type": "Feature", "properties": { "fid": 415, "hex_id": 414 }, "geometry": { "type": "Polygon", "coordinates": [ [ [ 20.935949, 52.243705 ], [ 20.93816, 52.245917 ], [ 20.942387, 52.245848 ], [ 20.944402, 52.243566 ], [ 20.942191, 52.241354 ], [ 20.937964, 52.241423 ], [ 20.935949, 52.243705 ] ] ] } },
{ "type": "Feature", "properties": { "fid": 416, "hex_id": 415 }, "geometry": { "type": "Polygon", "coordinates": [ [ [ 20.935753, 52.239211 ], [ 20.937964, 52.241423 ], [ 20.942191, 52.241354 ], [ 20.944206, 52.239072 ], [ 20.941995, 52.23686 ], [ 20.937769, 52.236929 ], [ 20.935753, 52.239211 ] ] ] } },
{ "type": "Feature", "properties": { "fid": 417, "hex_id": 416 }, "geometry": { "type": "Polygon", "coordinates": [ [ [ 20.935558, 52.234717 ], [ 20.937769, 52.236929 ], [ 20.941995, 52.23686 ], [ 20.94401, 52.234578 ], [ 20.941799, 52.232366 ], [ 20.937573, 52.232435 ], [ 20.935558, 52.234717 ] ] ] } },
{ "type": "Feature", "properties": { "fid": 418, "hex_id": 417 }, "geometry": { "type": "Polygon", "coordinates": [ [ [ 20.935362, 52.230223 ], [ 20.937573, 52.232435 ], [ 20.941799, 52.232366 ], [ 20.943813, 52.230084 ], [ 20.941602, 52.227872 ], [ 20.937377, 52.227941 ], [ 20.935362, 52.230223 ] ] ] } },
{ "type": "Feature", "properties": { "fid": 419, "hex_id": 418 }, "geometry": { "type": "Polygon", "coordinates": [ [ [ 20.935167, 52.225729 ], [ 20.937377, 52.227941 ], [ 20.941602, 52.227872 ], [ 20.943617, 52.22559 ], [ 20.941406, 52.223377 ], [ 20.937181, 52.223447 ], [ 20.935167, 52.225729 ] ] ] } },
{ "type": "Feature", "properties": { "fid": 420, "hex_id": 419 }, "geometry": { "type": "Polygon", "coordinates": [ [ [ 20.934971, 52.221235 ], [ 20.937181, 52.223447 ], [ 20.941406, 52.223377 ], [ 20.943421, 52.221096 ], [ 20.94121, 52.218883 ], [ 20.936986, 52.218953 ], [ 20.934971, 52.221235 ] ] ] } },
{ "type": "Feature", "properties": { "fid": 421, "hex_id": 420 }, "geometry": { "type": "Polygon", "coordinates": [ [ [ 20.934776, 52.21674 ], [ 20.936986, 52.218953 ], [ 20.94121, 52.218883 ], [ 20.943224, 52.216602 ], [ 20.941014, 52.214389 ], [ 20.93679, 52.214459 ], [ 20.934776, 52.21674 ] ] ] } },
{ "type": "Feature", "properties": { "fid": 422, "hex_id": 421 }, "geometry": { "type": "Polygon", "coordinates": [ [ [ 20.934581, 52.212246 ], [ 20.93679, 52.214459 ], [ 20.941014, 52.214389 ], [ 20.943028, 52.212108 ], [ 20.940818, 52.209895 ], [ 20.936595, 52.209965 ], [ 20.934581, 52.212246 ] ] ] } },
{ "type": "Feature", "properties": { "fid": 423, "hex_id": 422 }, "geometry": { "type": "Polygon", "coordinates": [ [ [ 20.934385, 52.207752 ], [ 20.936595, 52.209965 ], [ 20.940818, 52.209895 ], [ 20.942832, 52.207613 ], [ 20.940622, 52.205401 ], [ 20.936399, 52.205471 ], [ 20.934385, 52.207752 ] ] ] } },
{ "type": "Feature", "properties": { "fid": 424, "hex_id": 423 }, "geometry": { "type": "Polygon", "coordinates": [ [ [ 20.93419, 52.203258 ], [ 20.936399, 52.205471 ], [ 20.940622, 52.205401 ], [ 20.942636, 52.203119 ], [ 20.940427, 52.200907 ], [ 20.936204, 52.200976 ], [ 20.93419, 52.203258 ] ] ] } },
{ "type": "Feature", "properties": { "fid": 425, "hex_id": 424 }, "geometry": { "type": "Polygon", "coordinates": [ [ [ 20.933995, 52.198764 ], [ 20.936204, 52.200976 ], [ 20.940427, 52.200907 ], [ 20.94244, 52.198625 ], [ 20.940231, 52.196413 ], [ 20.936009, 52.196482 ], [ 20.933995, 52.198764 ] ] ] } },
{ "type": "Feature", "properties": { "fid": 426, "hex_id": 425 }, "geometry": { "type": "Polygon", "coordinates": [ [ [ 20.9338, 52.19427 ], [ 20.936009, 52.196482 ], [ 20.940231, 52.196413 ], [ 20.942244, 52.194131 ], [ 20.940035, 52.191919 ], [ 20.935813, 52.191988 ], [ 20.9338, 52.19427 ] ] ] } },
{ "type": "Feature", "properties": { "fid": 427, "hex_id": 426 }, "geometry": { "type": "Polygon", "coordinates": [ [ [ 20.933605, 52.189776 ], [ 20.935813, 52.191988 ], [ 20.940035, 52.191919 ], [ 20.942048, 52.189637 ], [ 20.939839, 52.187425 ], [ 20.935618, 52.187494 ], [ 20.933605, 52.189776 ] ] ] } },
{ "type": "Feature", "properties": { "fid": 428, "hex_id": 427 }, "geometry": { "type": "Polygon", "coordinates": [ [ [ 20.93341, 52.185282 ], [ 20.935618, 52.187494 ], [ 20.939839, 52.187425 ], [ 20.941852, 52.185143 ], [ 20.939644, 52.182931 ], [ 20.935423, 52.183 ], [ 20.93341, 52.185282 ] ] ] } },
{ "type": "Feature", "properties": { "fid": 429, "hex_id": 428 }, "geometry": { "type": "Polygon", "coordinates": [ [ [ 20.933215, 52.180788 ], [ 20.935423, 52.183 ], [ 20.939644, 52.182931 ], [ 20.941656, 52.180649 ], [ 20.939448, 52.178437 ], [ 20.935228, 52.178506 ], [ 20.933215, 52.180788 ] ] ] } },
{ "type": "Feature", "properties": { "fid": 430, "hex_id": 429 }, "geometry": { "type": "Polygon", "coordinates": [ [ [ 20.93302, 52.176293 ], [ 20.935228, 52.178506 ], [ 20.939448, 52.178437 ], [ 20.941461, 52.176155 ], [ 20.939253, 52.173942 ], [ 20.935033, 52.174012 ], [ 20.93302, 52.176293 ] ] ] } },
{ "type": "Feature", "properties": { "fid": 431, "hex_id": 430 }, "geometry": { "type": "Polygon", "coordinates": [ [ [ 20.932825, 52.171799 ], [ 20.935033, 52.174012 ], [ 20.939253, 52.173942 ], [ 20.941265, 52.171661 ], [ 20.939057, 52.169448 ], [ 20.934837, 52.169518 ], [ 20.932825, 52.171799 ] ] ] } },
{ "type": "Feature", "properties": { "fid": 432, "hex_id": 431 }, "geometry": { "type": "Polygon", "coordinates": [ [ [ 20.93263, 52.167305 ], [ 20.934837, 52.169518 ], [ 20.939057, 52.169448 ], [ 20.941069, 52.167167 ], [ 20.938862, 52.164954 ], [ 20.934642, 52.165023 ], [ 20.93263, 52.167305 ] ] ] } },
{ "type": "Feature", "properties": { "fid": 433, "hex_id": 432 }, "geometry": { "type": "Polygon", "coordinates": [ [ [ 20.932435, 52.162811 ], [ 20.934642, 52.165023 ], [ 20.938862, 52.164954 ], [ 20.940874, 52.162672 ], [ 20.938667, 52.16046 ], [ 20.934448, 52.160529 ], [ 20.932435, 52.162811 ] ] ] } },
{ "type": "Feature", "properties": { "fid": 434, "hex_id": 433 }, "geometry": { "type": "Polygon", "coordinates": [ [ [ 20.932241, 52.158317 ], [ 20.934448, 52.160529 ], [ 20.938667, 52.16046 ], [ 20.940678, 52.158178 ], [ 20.938471, 52.155966 ], [ 20.934253, 52.156035 ], [ 20.932241, 52.158317 ] ] ] } },
{ "type": "Feature", "properties": { "fid": 435, "hex_id": 434 }, "geometry": { "type": "Polygon", "coordinates": [ [ [ 20.947707, 52.367186 ], [ 20.949925, 52.369398 ], [ 20.954164, 52.369328 ], [ 20.956184, 52.367046 ], [ 20.953965, 52.364834 ], [ 20.949727, 52.364904 ], [ 20.947707, 52.367186 ] ] ] } },
{ "type": "Feature", "properties": { "fid": 436, "hex_id": 435 }, "geometry": { "type": "Polygon", "coordinates": [ [ [ 20.947509, 52.362692 ], [ 20.949727, 52.364904 ], [ 20.953965, 52.364834 ], [ 20.955985, 52.362552 ], [ 20.953767, 52.36034 ], [ 20.949529, 52.36041 ], [ 20.947509, 52.362692 ] ] ] } },
{ "type": "Feature", "properties": { "fid": 437, "hex_id": 436 }, "geometry": { "type": "Polygon", "coordinates": [ [ [ 20.947311, 52.358198 ], [ 20.949529, 52.36041 ], [ 20.953767, 52.36034 ], [ 20.955787, 52.358058 ], [ 20.953569, 52.355846 ], [ 20.949331, 52.355916 ], [ 20.947311, 52.358198 ] ] ] } },
{ "type": "Feature", "properties": { "fid": 438, "hex_id": 437 }, "geometry": { "type": "Polygon", "coordinates": [ [ [ 20.947114, 52.353704 ], [ 20.949331, 52.355916 ], [ 20.953569, 52.355846 ], [ 20.955588, 52.353564 ], [ 20.953371, 52.351352 ], [ 20.949134, 52.351422 ], [ 20.947114, 52.353704 ] ] ] } },
{ "type": "Feature", "properties": { "fid": 439, "hex_id": 438 }, "geometry": { "type": "Polygon", "coordinates": [ [ [ 20.946916, 52.34921 ], [ 20.949134, 52.351422 ], [ 20.953371, 52.351352 ], [ 20.95539, 52.34907 ], [ 20.953172, 52.346858 ], [ 20.948936, 52.346928 ], [ 20.946916, 52.34921 ] ] ] } },
{ "type": "Feature", "properties": { "fid": 440, "hex_id": 439 }, "geometry": { "type": "Polygon", "coordinates": [ [ [ 20.946719, 52.344716 ], [ 20.948936, 52.346928 ], [ 20.953172, 52.346858 ], [ 20.955192, 52.344576 ], [ 20.952974, 52.342364 ], [ 20.948738, 52.342434 ], [ 20.946719, 52.344716 ] ] ] } },
{ "type": "Feature", "properties": { "fid": 441, "hex_id": 440 }, "geometry": { "type": "Polygon", "coordinates": [ [ [ 20.946521, 52.340222 ], [ 20.948738, 52.342434 ], [ 20.952974, 52.342364 ], [ 20.954993, 52.340082 ], [ 20.952776, 52.33787 ], [ 20.94854, 52.33794 ], [ 20.946521, 52.340222 ] ] ] } },
{ "type": "Feature", "properties": { "fid": 442, "hex_id": 441 }, "geometry": { "type": "Polygon", "coordinates": [ [ [ 20.946324, 52.335728 ], [ 20.94854, 52.33794 ], [ 20.952776, 52.33787 ], [ 20.954795, 52.335588 ], [ 20.952578, 52.333376 ], [ 20.948343, 52.333446 ], [ 20.946324, 52.335728 ] ] ] } },
{ "type": "Feature", "properties": { "fid": 443, "hex_id": 442 }, "geometry": { "type": "Polygon", "coordinates": [ [ [ 20.946127, 52.331234 ], [ 20.948343, 52.333446 ], [ 20.952578, 52.333376 ], [ 20.954597, 52.331094 ], [ 20.95238, 52.328882 ], [ 20.948145, 52.328952 ], [ 20.946127, 52.331234 ] ] ] } },
{ "type": "Feature", "properties": { "fid": 444, "hex_id": 443 }, "geometry": { "type": "Polygon", "coordinates": [ [ [ 20.945929, 52.32674 ], [ 20.948145, 52.328952 ], [ 20.95238, 52.328882 ], [ 20.954399, 52.3266 ], [ 20.952182, 52.324388 ], [ 20.947948, 52.324458 ], [ 20.945929, 52.32674 ] ] ] } },
{ "type": "Feature", "properties": { "fid": 445, "hex_id": 444 }, "geometry": { "type": "Polygon", "coordinates": [ [ [ 20.945732, 52.322246 ], [ 20.947948, 52.324458 ], [ 20.952182, 52.324388 ], [ 20.954201, 52.322106 ], [ 20.951985, 52.319894 ], [ 20.947751, 52.319964 ], [ 20.945732, 52.322246 ] ] ] } },
{ "type": "Feature", "properties": { "fid": 446, "hex_id": 445 }, "geometry": { "type": "Polygon", "coordinates": [ [ [ 20.945535, 52.317752 ], [ 20.947751, 52.319964 ], [ 20.951985, 52.319894 ], [ 20.954003, 52.317612 ], [ 20.951787, 52.3154 ], [ 20.947553, 52.31547 ], [ 20.945535, 52.317752 ] ] ] } },
{ "type": "Feature", "properties": { "fid": 447, "hex_id": 446 }, "geometry": { "type": "Polygon", "coordinates": [ [ [ 20.945338, 52.313258 ], [ 20.947553, 52.31547 ], [ 20.951787, 52.3154 ], [ 20.953805, 52.313118 ], [ 20.951589, 52.310906 ], [ 20.947356, 52.310976 ], [ 20.945338, 52.313258 ] ] ] } },
{ "type": "Feature", "properties": { "fid": 448, "hex_id": 447 }, "geometry": { "type": "Polygon", "coordinates": [ [ [ 20.945141, 52.308764 ], [ 20.947356, 52.310976 ], [ 20.951589, 52.310906 ], [ 20.953607, 52.308624 ], [ 20.951391, 52.306412 ], [ 20.947159, 52.306482 ], [ 20.945141, 52.308764 ] ] ] } },
{ "type": "Feature", "properties": { "fid": 449, "hex_id": 448 }, "geometry": { "type": "Polygon", "coordinates": [ [ [ 20.944944, 52.30427 ], [ 20.947159, 52.306482 ], [ 20.951391, 52.306412 ], [ 20.953409, 52.30413 ], [ 20.951194, 52.301918 ], [ 20.946961, 52.301988 ], [ 20.944944, 52.30427 ] ] ] } },
{ "type": "Feature", "properties": { "fid": 450, "hex_id": 449 }, "geometry": { "type": "Polygon", "coordinates": [ [ [ 20.944747, 52.299776 ], [ 20.946961, 52.301988 ], [ 20.951194, 52.301918 ], [ 20.953211, 52.299636 ], [ 20.950996, 52.297424 ], [ 20.946764, 52.297494 ], [ 20.944747, 52.299776 ] ] ] } },
{ "type": "Feature", "properties": { "fid": 451, "hex_id": 450 }, "geometry": { "type": "Polygon", "coordinates": [ [ [ 20.94455, 52.295282 ], [ 20.946764, 52.297494 ], [ 20.950996, 52.297424 ], [ 20.953013, 52.295142 ], [ 20.950799, 52.29293 ], [ 20.946567, 52.293 ], [ 20.94455, 52.295282 ] ] ] } },
{ "type": "Feature", "properties": { "fid": 452, "hex_id": 451 }, "geometry": { "type": "Polygon", "coordinates": [ [ [ 20.944353, 52.290788 ], [ 20.946567, 52.293 ], [ 20.950799, 52.29293 ], [ 20.952816, 52.290648 ], [ 20.950601, 52.288436 ], [ 20.94637, 52.288506 ], [ 20.944353, 52.290788 ] ] ] } },
{ "type": "Feature", "properties": { "fid": 453, "hex_id": 452 }, "geometry": { "type": "Polygon", "coordinates": [ [ [ 20.944156, 52.286294 ], [ 20.94637, 52.288506 ], [ 20.950601, 52.288436 ], [ 20.952618, 52.286154 ], [ 20.950404, 52.283942 ], [ 20.946173, 52.284012 ], [ 20.944156, 52.286294 ] ] ] } },
{ "type": "Feature", "properties": { "fid": 454, "hex_id": 453 }, "geometry": { "type": "Polygon", "coordinates": [ [ [ 20.943959, 52.2818 ], [ 20.946173, 52.284012 ], [ 20.950404, 52.283942 ], [ 20.95242, 52.28166 ], [ 20.950206, 52.279448 ], [ 20.945976, 52.279518 ], [ 20.943959, 52.2818 ] ] ] } },
{ "type": "Feature", "properties": { "fid": 455, "hex_id": 454 }, "geometry": { "type": "Polygon", "coordinates": [ [ [ 20.943763, 52.277306 ], [ 20.945976, 52.279518 ], [ 20.950206, 52.279448 ], [ 20.952223, 52.277166 ], [ 20.950009, 52.274954 ], [ 20.945779, 52.275024 ], [ 20.943763, 52.277306 ] ] ] } },
{ "type": "Feature", "properties": { "fid": 456, "hex_id": 455 }, "geometry": { "type": "Polygon", "coordinates": [ [ [ 20.943566, 52.272812 ], [ 20.945779, 52.275024 ], [ 20.950009, 52.274954 ], [ 20.952025, 52.272672 ], [ 20.949812, 52.27046 ], [ 20.945582, 52.27053 ], [ 20.943566, 52.272812 ] ] ] } },
{ "type": "Feature", "properties": { "fid": 457, "hex_id": 456 }, "geometry": { "type": "Polygon", "coordinates": [ [ [ 20.943369, 52.268318 ], [ 20.945582, 52.27053 ], [ 20.949812, 52.27046 ], [ 20.951828, 52.268178 ], [ 20.949615, 52.265966 ], [ 20.945386, 52.266036 ], [ 20.943369, 52.268318 ] ] ] } },
{ "type": "Feature", "properties": { "fid": 458, "hex_id": 457 }, "geometry": { "type": "Polygon", "coordinates": [ [ [ 20.943173, 52.263824 ], [ 20.945386, 52.266036 ], [ 20.949615, 52.265966 ], [ 20.95163, 52.263684 ], [ 20.949417, 52.261472 ], [ 20.945189, 52.261542 ], [ 20.943173, 52.263824 ] ] ] } },
{ "type": "Feature", "properties": { "fid": 459, "hex_id": 458 }, "geometry": { "type": "Polygon", "coordinates": [ [ [ 20.942976, 52.25933 ], [ 20.945189, 52.261542 ], [ 20.949417, 52.261472 ], [ 20.951433, 52.25919 ], [ 20.94922, 52.256978 ], [ 20.944992, 52.257048 ], [ 20.942976, 52.25933 ] ] ] } },
{ "type": "Feature", "properties": { "fid": 460, "hex_id": 459 }, "geometry": { "type": "Polygon", "coordinates": [ [ [ 20.94278, 52.254836 ], [ 20.944992, 52.257048 ], [ 20.94922, 52.256978 ], [ 20.951236, 52.254696 ], [ 20.949023, 52.252484 ], [ 20.944796, 52.252554 ], [ 20.94278, 52.254836 ] ] ] } },
{ "type": "Feature", "properties": { "fid": 461, "hex_id": 460 }, "geometry": { "type": "Polygon", "coordinates": [ [ [ 20.942584, 52.250342 ], [ 20.944796, 52.252554 ], [ 20.949023, 52.252484 ], [ 20.951038, 52.250202 ], [ 20.948826, 52.24799 ], [ 20.944599, 52.24806 ], [ 20.942584, 52.250342 ] ] ] } },
{ "type": "Feature", "properties": { "fid": 462, "hex_id": 461 }, "geometry": { "type": "Polygon", "coordinates": [ [ [ 20.942387, 52.245848 ], [ 20.944599, 52.24806 ], [ 20.948826, 52.24799 ], [ 20.950841, 52.245708 ], [ 20.948629, 52.243496 ], [ 20.944402, 52.243566 ], [ 20.942387, 52.245848 ] ] ] } },
{ "type": "Feature", "properties": { "fid": 463, "hex_id": 462 }, "geometry": { "type": "Polygon", "coordinates": [ [ [ 20.942191, 52.241354 ], [ 20.944402, 52.243566 ], [ 20.948629, 52.243496 ], [ 20.950644, 52.241214 ], [ 20.948432, 52.239002 ], [ 20.944206, 52.239072 ], [ 20.942191, 52.241354 ] ] ] } },
{ "type": "Feature", "properties": { "fid": 464, "hex_id": 463 }, "geometry": { "type": "Polygon", "coordinates": [ [ [ 20.941995, 52.23686 ], [ 20.944206, 52.239072 ], [ 20.948432, 52.239002 ], [ 20.950447, 52.23672 ], [ 20.948236, 52.234508 ], [ 20.94401, 52.234578 ], [ 20.941995, 52.23686 ] ] ] } },
{ "type": "Feature", "properties": { "fid": 465, "hex_id": 464 }, "geometry": { "type": "Polygon", "coordinates": [ [ [ 20.941799, 52.232366 ], [ 20.94401, 52.234578 ], [ 20.948236, 52.234508 ], [ 20.95025, 52.232226 ], [ 20.948039, 52.230014 ], [ 20.943813, 52.230084 ], [ 20.941799, 52.232366 ] ] ] } },
{ "type": "Feature", "properties": { "fid": 466, "hex_id": 465 }, "geometry": { "type": "Polygon", "coordinates": [ [ [ 20.941602, 52.227872 ], [ 20.943813, 52.230084 ], [ 20.948039, 52.230014 ], [ 20.950053, 52.227732 ], [ 20.947842, 52.22552 ], [ 20.943617, 52.22559 ], [ 20.941602, 52.227872 ] ] ] } },
{ "type": "Feature", "properties": { "fid": 467, "hex_id": 466 }, "geometry": { "type": "Polygon", "coordinates": [ [ [ 20.941406, 52.223377 ], [ 20.943617, 52.22559 ], [ 20.947842, 52.22552 ], [ 20.949856, 52.223238 ], [ 20.947645, 52.221026 ], [ 20.943421, 52.221096 ], [ 20.941406, 52.223377 ] ] ] } },
{ "type": "Feature", "properties": { "fid": 468, "hex_id": 467 }, "geometry": { "type": "Polygon", "coordinates": [ [ [ 20.94121, 52.218883 ], [ 20.943421, 52.221096 ], [ 20.947645, 52.221026 ], [ 20.949659, 52.218744 ], [ 20.947449, 52.216532 ], [ 20.943224, 52.216602 ], [ 20.94121, 52.218883 ] ] ] } },
{ "type": "Feature", "properties": { "fid": 469, "hex_id": 468 }, "geometry": { "type": "Polygon", "coordinates": [ [ [ 20.941014, 52.214389 ], [ 20.943224, 52.216602 ], [ 20.947449, 52.216532 ], [ 20.949462, 52.21425 ], [ 20.947252, 52.212038 ], [ 20.943028, 52.212108 ], [ 20.941014, 52.214389 ] ] ] } },
{ "type": "Feature", "properties": { "fid": 470, "hex_id": 469 }, "geometry": { "type": "Polygon", "coordinates": [ [ [ 20.940818, 52.209895 ], [ 20.943028, 52.212108 ], [ 20.947252, 52.212038 ], [ 20.949266, 52.209756 ], [ 20.947055, 52.207544 ], [ 20.942832, 52.207613 ], [ 20.940818, 52.209895 ] ] ] } },
{ "type": "Feature", "properties": { "fid": 471, "hex_id": 470 }, "geometry": { "type": "Polygon", "coordinates": [ [ [ 20.940622, 52.205401 ], [ 20.942832, 52.207613 ], [ 20.947055, 52.207544 ], [ 20.949069, 52.205262 ], [ 20.946859, 52.20305 ], [ 20.942636, 52.203119 ], [ 20.940622, 52.205401 ] ] ] } },
{ "type": "Feature", "properties": { "fid": 472, "hex_id": 471 }, "geometry": { "type": "Polygon", "coordinates": [ [ [ 20.940427, 52.200907 ], [ 20.942636, 52.203119 ], [ 20.946859, 52.20305 ], [ 20.948872, 52.200768 ], [ 20.946663, 52.198556 ], [ 20.94244, 52.198625 ], [ 20.940427, 52.200907 ] ] ] } },
{ "type": "Feature", "properties": { "fid": 473, "hex_id": 472 }, "geometry": { "type": "Polygon", "coordinates": [ [ [ 20.940231, 52.196413 ], [ 20.94244, 52.198625 ], [ 20.946663, 52.198556 ], [ 20.948676, 52.196274 ], [ 20.946466, 52.194062 ], [ 20.942244, 52.194131 ], [ 20.940231, 52.196413 ] ] ] } },
{ "type": "Feature", "properties": { "fid": 474, "hex_id": 473 }, "geometry": { "type": "Polygon", "coordinates": [ [ [ 20.940035, 52.191919 ], [ 20.942244, 52.194131 ], [ 20.946466, 52.194062 ], [ 20.948479, 52.19178 ], [ 20.94627, 52.189567 ], [ 20.942048, 52.189637 ], [ 20.940035, 52.191919 ] ] ] } },
{ "type": "Feature", "properties": { "fid": 475, "hex_id": 474 }, "geometry": { "type": "Polygon", "coordinates": [ [ [ 20.939839, 52.187425 ], [ 20.942048, 52.189637 ], [ 20.94627, 52.189567 ], [ 20.948282, 52.187286 ], [ 20.946074, 52.185073 ], [ 20.941852, 52.185143 ], [ 20.939839, 52.187425 ] ] ] } },
{ "type": "Feature", "properties": { "fid": 476, "hex_id": 475 }, "geometry": { "type": "Polygon", "coordinates": [ [ [ 20.939644, 52.182931 ], [ 20.941852, 52.185143 ], [ 20.946074, 52.185073 ], [ 20.948086, 52.182792 ], [ 20.945877, 52.180579 ], [ 20.941656, 52.180649 ], [ 20.939644, 52.182931 ] ] ] } },
{ "type": "Feature", "properties": { "fid": 477, "hex_id": 476 }, "geometry": { "type": "Polygon", "coordinates": [ [ [ 20.939448, 52.178437 ], [ 20.941656, 52.180649 ], [ 20.945877, 52.180579 ], [ 20.94789, 52.178297 ], [ 20.945681, 52.176085 ], [ 20.941461, 52.176155 ], [ 20.939448, 52.178437 ] ] ] } },
{ "type": "Feature", "properties": { "fid": 478, "hex_id": 477 }, "geometry": { "type": "Polygon", "coordinates": [ [ [ 20.939253, 52.173942 ], [ 20.941461, 52.176155 ], [ 20.945681, 52.176085 ], [ 20.947693, 52.173803 ], [ 20.945485, 52.171591 ], [ 20.941265, 52.171661 ], [ 20.939253, 52.173942 ] ] ] } },
{ "type": "Feature", "properties": { "fid": 479, "hex_id": 478 }, "geometry": { "type": "Polygon", "coordinates": [ [ [ 20.939057, 52.169448 ], [ 20.941265, 52.171661 ], [ 20.945485, 52.171591 ], [ 20.947497, 52.169309 ], [ 20.945289, 52.167097 ], [ 20.941069, 52.167167 ], [ 20.939057, 52.169448 ] ] ] } },
{ "type": "Feature", "properties": { "fid": 480, "hex_id": 479 }, "geometry": { "type": "Polygon", "coordinates": [ [ [ 20.938862, 52.164954 ], [ 20.941069, 52.167167 ], [ 20.945289, 52.167097 ], [ 20.947301, 52.164815 ], [ 20.945093, 52.162603 ], [ 20.940874, 52.162672 ], [ 20.938862, 52.164954 ] ] ] } },
{ "type": "Feature", "properties": { "fid": 481, "hex_id": 480 }, "geometry": { "type": "Polygon", "coordinates": [ [ [ 20.938667, 52.16046 ], [ 20.940874, 52.162672 ], [ 20.945093, 52.162603 ], [ 20.947104, 52.160321 ], [ 20.944897, 52.158109 ], [ 20.940678, 52.158178 ], [ 20.938667, 52.16046 ] ] ] } },
{ "type": "Feature", "properties": { "fid": 482, "hex_id": 481 }, "geometry": { "type": "Polygon", "coordinates": [ [ [ 20.953965, 52.364834 ], [ 20.956184, 52.367046 ], [ 20.960422, 52.366975 ], [ 20.962442, 52.364693 ], [ 20.960223, 52.362482 ], [ 20.955985, 52.362552 ], [ 20.953965, 52.364834 ] ] ] } },
{ "type": "Feature", "properties": { "fid": 483, "hex_id": 482 }, "geometry": { "type": "Polygon", "coordinates": [ [ [ 20.953767, 52.36034 ], [ 20.955985, 52.362552 ], [ 20.960223, 52.362482 ], [ 20.962243, 52.360199 ], [ 20.960024, 52.357988 ], [ 20.955787, 52.358058 ], [ 20.953767, 52.36034 ] ] ] } },
{ "type": "Feature", "properties": { "fid": 484, "hex_id": 483 }, "geometry": { "type": "Polygon", "coordinates": [ [ [ 20.953569, 52.355846 ], [ 20.955787, 52.358058 ], [ 20.960024, 52.357988 ], [ 20.962044, 52.355706 ], [ 20.959826, 52.353494 ], [ 20.955588, 52.353564 ], [ 20.953569, 52.355846 ] ] ] } },
{ "type": "Feature", "properties": { "fid": 485, "hex_id": 484 }, "geometry": { "type": "Polygon", "coordinates": [ [ [ 20.953371, 52.351352 ], [ 20.955588, 52.353564 ], [ 20.959826, 52.353494 ], [ 20.961845, 52.351212 ], [ 20.959627, 52.349 ], [ 20.95539, 52.34907 ], [ 20.953371, 52.351352 ] ] ] } },
{ "type": "Feature", "properties": { "fid": 486, "hex_id": 485 }, "geometry": { "type": "Polygon", "coordinates": [ [ [ 20.953172, 52.346858 ], [ 20.95539, 52.34907 ], [ 20.959627, 52.349 ], [ 20.961646, 52.346718 ], [ 20.959428, 52.344506 ], [ 20.955192, 52.344576 ], [ 20.953172, 52.346858 ] ] ] } },
{ "type": "Feature", "properties": { "fid": 487, "hex_id": 486 }, "geometry": { "type": "Polygon", "coordinates": [ [ [ 20.952974, 52.342364 ], [ 20.955192, 52.344576 ], [ 20.959428, 52.344506 ], [ 20.961447, 52.342224 ], [ 20.959229, 52.340012 ], [ 20.954993, 52.340082 ], [ 20.952974, 52.342364 ] ] ] } },
{ "type": "Feature", "properties": { "fid": 488, "hex_id": 487 }, "geometry": { "type": "Polygon", "coordinates": [ [ [ 20.952776, 52.33787 ], [ 20.954993, 52.340082 ], [ 20.959229, 52.340012 ], [ 20.961248, 52.33773 ], [ 20.959031, 52.335518 ], [ 20.954795, 52.335588 ], [ 20.952776, 52.33787 ] ] ] } },
{ "type": "Feature", "properties": { "fid": 489, "hex_id": 488 }, "geometry": { "type": "Polygon", "coordinates": [ [ [ 20.952578, 52.333376 ], [ 20.954795, 52.335588 ], [ 20.959031, 52.335518 ], [ 20.961049, 52.333236 ], [ 20.958832, 52.331024 ], [ 20.954597, 52.331094 ], [ 20.952578, 52.333376 ] ] ] } },
{ "type": "Feature", "properties": { "fid": 490, "hex_id": 489 }, "geometry": { "type": "Polygon", "coordinates": [ [ [ 20.95238, 52.328882 ], [ 20.954597, 52.331094 ], [ 20.958832, 52.331024 ], [ 20.96085, 52.328742 ], [ 20.958633, 52.32653 ], [ 20.954399, 52.3266 ], [ 20.95238, 52.328882 ] ] ] } },
{ "type": "Feature", "properties": { "fid": 491, "hex_id": 490 }, "geometry": { "type": "Polygon", "coordinates": [ [ [ 20.952182, 52.324388 ], [ 20.954399, 52.3266 ], [ 20.958633, 52.32653 ], [ 20.960651, 52.324248 ], [ 20.958435, 52.322036 ], [ 20.954201, 52.322106 ], [ 20.952182, 52.324388 ] ] ] } },
{ "type": "Feature", "properties": { "fid": 492, "hex_id": 491 }, "geometry": { "type": "Polygon", "coordinates": [ [ [ 20.951985, 52.319894 ], [ 20.954201, 52.322106 ], [ 20.958435, 52.322036 ], [ 20.960453, 52.319754 ], [ 20.958236, 52.317542 ], [ 20.954003, 52.317612 ], [ 20.951985, 52.319894 ] ] ] } },
{ "type": "Feature", "properties": { "fid": 493, "hex_id": 492 }, "geometry": { "type": "Polygon", "coordinates": [ [ [ 20.951787, 52.3154 ], [ 20.954003, 52.317612 ], [ 20.958236, 52.317542 ], [ 20.960254, 52.31526 ], [ 20.958038, 52.313048 ], [ 20.953805, 52.313118 ], [ 20.951787, 52.3154 ] ] ] } },
{ "type": "Feature", "properties": { "fid": 494, "hex_id": 493 }, "geometry": { "type": "Polygon", "coordinates": [ [ [ 20.951589, 52.310906 ], [ 20.953805, 52.313118 ], [ 20.958038, 52.313048 ], [ 20.960055, 52.310766 ], [ 20.95784, 52.308554 ], [ 20.953607, 52.308624 ], [ 20.951589, 52.310906 ] ] ] } },
{ "type": "Feature", "properties": { "fid": 495, "hex_id": 494 }, "geometry": { "type": "Polygon", "coordinates": [ [ [ 20.951391, 52.306412 ], [ 20.953607, 52.308624 ], [ 20.95784, 52.308554 ], [ 20.959857, 52.306272 ], [ 20.957641, 52.30406 ], [ 20.953409, 52.30413 ], [ 20.951391, 52.306412 ] ] ] } },
{ "type": "Feature", "properties": { "fid": 496, "hex_id": 495 }, "geometry": { "type": "Polygon", "coordinates": [ [ [ 20.951194, 52.301918 ], [ 20.953409, 52.30413 ], [ 20.957641, 52.30406 ], [ 20.959658, 52.301778 ], [ 20.957443, 52.299566 ], [ 20.953211, 52.299636 ], [ 20.951194, 52.301918 ] ] ] } },
{ "type": "Feature", "properties": { "fid": 497, "hex_id": 496 }, "geometry": { "type": "Polygon", "coordinates": [ [ [ 20.950996, 52.297424 ], [ 20.953211, 52.299636 ], [ 20.957443, 52.299566 ], [ 20.95946, 52.297284 ], [ 20.957245, 52.295072 ], [ 20.953013, 52.295142 ], [ 20.950996, 52.297424 ] ] ] } },
{ "type": "Feature", "properties": { "fid": 498, "hex_id": 497 }, "geometry": { "type": "Polygon", "coordinates": [ [ [ 20.950799, 52.29293 ], [ 20.953013, 52.295142 ], [ 20.957245, 52.295072 ], [ 20.959262, 52.29279 ], [ 20.957047, 52.290578 ], [ 20.952816, 52.290648 ], [ 20.950799, 52.29293 ] ] ] } },
{ "type": "Feature", "properties": { "fid": 499, "hex_id": 498 }, "geometry": { "type": "Polygon", "coordinates": [ [ [ 20.950601, 52.288436 ], [ 20.952816, 52.290648 ], [ 20.957047, 52.290578 ], [ 20.959063, 52.288296 ], [ 20.956849, 52.286084 ], [ 20.952618, 52.286154 ], [ 20.950601, 52.288436 ] ] ] } },
{ "type": "Feature", "properties": { "fid": 500, "hex_id": 499 }, "geometry": { "type": "Polygon", "coordinates": [ [ [ 20.950404, 52.283942 ], [ 20.952618, 52.286154 ], [ 20.956849, 52.286084 ], [ 20.958865, 52.283802 ], [ 20.956651, 52.28159 ], [ 20.95242, 52.28166 ], [ 20.950404, 52.283942 ] ] ] } },
{ "type": "Feature", "properties": { "fid": 501, "hex_id": 500 }, "geometry": { "type": "Polygon", "coordinates": [ [ [ 20.950206, 52.279448 ], [ 20.95242, 52.28166 ], [ 20.956651, 52.28159 ], [ 20.958667, 52.279308 ], [ 20.956453, 52.277096 ], [ 20.952223, 52.277166 ], [ 20.950206, 52.279448 ] ] ] } },
{ "type": "Feature", "properties": { "fid": 502, "hex_id": 501 }, "geometry": { "type": "Polygon", "coordinates": [ [ [ 20.950009, 52.274954 ], [ 20.952223, 52.277166 ], [ 20.956453, 52.277096 ], [ 20.958469, 52.274814 ], [ 20.956255, 52.272602 ], [ 20.952025, 52.272672 ], [ 20.950009, 52.274954 ] ] ] } },
{ "type": "Feature", "properties": { "fid": 503, "hex_id": 502 }, "geometry": { "type": "Polygon", "coordinates": [ [ [ 20.949812, 52.27046 ], [ 20.952025, 52.272672 ], [ 20.956255, 52.272602 ], [ 20.95827, 52.27032 ], [ 20.956057, 52.268108 ], [ 20.951828, 52.268178 ], [ 20.949812, 52.27046 ] ] ] } },
{ "type": "Feature", "properties": { "fid": 504, "hex_id": 503 }, "geometry": { "type": "Polygon", "coordinates": [ [ [ 20.949615, 52.265966 ], [ 20.951828, 52.268178 ], [ 20.956057, 52.268108 ], [ 20.958072, 52.265826 ], [ 20.955859, 52.263614 ], [ 20.95163, 52.263684 ], [ 20.949615, 52.265966 ] ] ] } },
{ "type": "Feature", "properties": { "fid": 505, "hex_id": 504 }, "geometry": { "type": "Polygon", "coordinates": [ [ [ 20.949417, 52.261472 ], [ 20.95163, 52.263684 ], [ 20.955859, 52.263614 ], [ 20.957874, 52.261332 ], [ 20.955661, 52.25912 ], [ 20.951433, 52.25919 ], [ 20.949417, 52.261472 ] ] ] } },
{ "type": "Feature", "properties": { "fid": 506, "hex_id": 505 }, "geometry": { "type": "Polygon", "coordinates": [ [ [ 20.94922, 52.256978 ], [ 20.951433, 52.25919 ], [ 20.955661, 52.25912 ], [ 20.957676, 52.256838 ], [ 20.955464, 52.254626 ], [ 20.951236, 52.254696 ], [ 20.94922, 52.256978 ] ] ] } },
{ "type": "Feature", "properties": { "fid": 507, "hex_id": 506 }, "geometry": { "type": "Polygon", "coordinates": [ [ [ 20.949023, 52.252484 ], [ 20.951236, 52.254696 ], [ 20.955464, 52.254626 ], [ 20.957479, 52.252344 ], [ 20.955266, 52.250132 ], [ 20.951038, 52.250202 ], [ 20.949023, 52.252484 ] ] ] } },
{ "type": "Feature", "properties": { "fid": 508, "hex_id": 507 }, "geometry": { "type": "Polygon", "coordinates": [ [ [ 20.948826, 52.24799 ], [ 20.951038, 52.250202 ], [ 20.955266, 52.250132 ], [ 20.957281, 52.24785 ], [ 20.955068, 52.245638 ], [ 20.950841, 52.245708 ], [ 20.948826, 52.24799 ] ] ] } },
{ "type": "Feature", "properties": { "fid": 509, "hex_id": 508 }, "geometry": { "type": "Polygon", "coordinates": [ [ [ 20.948629, 52.243496 ], [ 20.950841, 52.245708 ], [ 20.955068, 52.245638 ], [ 20.957083, 52.243356 ], [ 20.954871, 52.241144 ], [ 20.950644, 52.241214 ], [ 20.948629, 52.243496 ] ] ] } },
{ "type": "Feature", "properties": { "fid": 510, "hex_id": 509 }, "geometry": { "type": "Polygon", "coordinates": [ [ [ 20.948432, 52.239002 ], [ 20.950644, 52.241214 ], [ 20.954871, 52.241144 ], [ 20.956885, 52.238862 ], [ 20.954673, 52.23665 ], [ 20.950447, 52.23672 ], [ 20.948432, 52.239002 ] ] ] } },
{ "type": "Feature", "properties": { "fid": 511, "hex_id": 510 }, "geometry": { "type": "Polygon", "coordinates": [ [ [ 20.948236, 52.234508 ], [ 20.950447, 52.23672 ], [ 20.954673, 52.23665 ], [ 20.956687, 52.234368 ], [ 20.954476, 52.232156 ], [ 20.95025, 52.232226 ], [ 20.948236, 52.234508 ] ] ] } },
{ "type": "Feature", "properties": { "fid": 512, "hex_id": 511 }, "geometry": { "type": "Polygon", "coordinates": [ [ [ 20.948039, 52.230014 ], [ 20.95025, 52.232226 ], [ 20.954476, 52.232156 ], [ 20.95649, 52.229874 ], [ 20.954278, 52.227662 ], [ 20.950053, 52.227732 ], [ 20.948039, 52.230014 ] ] ] } },
{ "type": "Feature", "properties": { "fid": 513, "hex_id": 512 }, "geometry": { "type": "Polygon", "coordinates": [ [ [ 20.947842, 52.22552 ], [ 20.950053, 52.227732 ], [ 20.954278, 52.227662 ], [ 20.956292, 52.22538 ], [ 20.954081, 52.223168 ], [ 20.949856, 52.223238 ], [ 20.947842, 52.22552 ] ] ] } },
{ "type": "Feature", "properties": { "fid": 514, "hex_id": 513 }, "geometry": { "type": "Polygon", "coordinates": [ [ [ 20.947645, 52.221026 ], [ 20.949856, 52.223238 ], [ 20.954081, 52.223168 ], [ 20.956095, 52.220886 ], [ 20.953884, 52.218674 ], [ 20.949659, 52.218744 ], [ 20.947645, 52.221026 ] ] ] } },
{ "type": "Feature", "properties": { "fid": 515, "hex_id": 514 }, "geometry": { "type": "Polygon", "coordinates": [ [ [ 20.947449, 52.216532 ], [ 20.949659, 52.218744 ], [ 20.953884, 52.218674 ], [ 20.955897, 52.216392 ], [ 20.953686, 52.21418 ], [ 20.949462, 52.21425 ], [ 20.947449, 52.216532 ] ] ] } },
{ "type": "Feature", "properties": { "fid": 516, "hex_id": 515 }, "geometry": { "type": "Polygon", "coordinates": [ [ [ 20.947252, 52.212038 ], [ 20.949462, 52.21425 ], [ 20.953686, 52.21418 ], [ 20.9557, 52.211898 ], [ 20.953489, 52.209686 ], [ 20.949266, 52.209756 ], [ 20.947252, 52.212038 ] ] ] } },
{ "type": "Feature", "properties": { "fid": 517, "hex_id": 516 }, "geometry": { "type": "Polygon", "coordinates": [ [ [ 20.947055, 52.207544 ], [ 20.949266, 52.209756 ], [ 20.953489, 52.209686 ], [ 20.955502, 52.207404 ], [ 20.953292, 52.205192 ], [ 20.949069, 52.205262 ], [ 20.947055, 52.207544 ] ] ] } },
{ "type": "Feature", "properties": { "fid": 518, "hex_id": 517 }, "geometry": { "type": "Polygon", "coordinates": [ [ [ 20.946859, 52.20305 ], [ 20.949069, 52.205262 ], [ 20.953292, 52.205192 ], [ 20.955305, 52.20291 ], [ 20.953095, 52.200698 ], [ 20.948872, 52.200768 ], [ 20.946859, 52.20305 ] ] ] } },
{ "type": "Feature", "properties": { "fid": 519, "hex_id": 518 }, "geometry": { "type": "Polygon", "coordinates": [ [ [ 20.946663, 52.198556 ], [ 20.948872, 52.200768 ], [ 20.953095, 52.200698 ], [ 20.955108, 52.198416 ], [ 20.952898, 52.196204 ], [ 20.948676, 52.196274 ], [ 20.946663, 52.198556 ] ] ] } },
{ "type": "Feature", "properties": { "fid": 520, "hex_id": 519 }, "geometry": { "type": "Polygon", "coordinates": [ [ [ 20.946466, 52.194062 ], [ 20.948676, 52.196274 ], [ 20.952898, 52.196204 ], [ 20.95491, 52.193922 ], [ 20.952701, 52.19171 ], [ 20.948479, 52.19178 ], [ 20.946466, 52.194062 ] ] ] } },
{ "type": "Feature", "properties": { "fid": 521, "hex_id": 520 }, "geometry": { "type": "Polygon", "coordinates": [ [ [ 20.94627, 52.189567 ], [ 20.948479, 52.19178 ], [ 20.952701, 52.19171 ], [ 20.954713, 52.189428 ], [ 20.952504, 52.187216 ], [ 20.948282, 52.187286 ], [ 20.94627, 52.189567 ] ] ] } },
{ "type": "Feature", "properties": { "fid": 522, "hex_id": 521 }, "geometry": { "type": "Polygon", "coordinates": [ [ [ 20.946074, 52.185073 ], [ 20.948282, 52.187286 ], [ 20.952504, 52.187216 ], [ 20.954516, 52.184934 ], [ 20.952307, 52.182722 ], [ 20.948086, 52.182792 ], [ 20.946074, 52.185073 ] ] ] } },
{ "type": "Feature", "properties": { "fid": 523, "hex_id": 522 }, "geometry": { "type": "Polygon", "coordinates": [ [ [ 20.945877, 52.180579 ], [ 20.948086, 52.182792 ], [ 20.952307, 52.182722 ], [ 20.954319, 52.18044 ], [ 20.95211, 52.178228 ], [ 20.94789, 52.178297 ], [ 20.945877, 52.180579 ] ] ] } },
{ "type": "Feature", "properties": { "fid": 524, "hex_id": 523 }, "geometry": { "type": "Polygon", "coordinates": [ [ [ 20.945681, 52.176085 ], [ 20.94789, 52.178297 ], [ 20.95211, 52.178228 ], [ 20.954122, 52.175946 ], [ 20.951913, 52.173734 ], [ 20.947693, 52.173803 ], [ 20.945681, 52.176085 ] ] ] } },
{ "type": "Feature", "properties": { "fid": 525, "hex_id": 524 }, "geometry": { "type": "Polygon", "coordinates": [ [ [ 20.945485, 52.171591 ], [ 20.947693, 52.173803 ], [ 20.951913, 52.173734 ], [ 20.953925, 52.171452 ], [ 20.951717, 52.169239 ], [ 20.947497, 52.169309 ], [ 20.945485, 52.171591 ] ] ] } },
{ "type": "Feature", "properties": { "fid": 526, "hex_id": 525 }, "geometry": { "type": "Polygon", "coordinates": [ [ [ 20.945289, 52.167097 ], [ 20.947497, 52.169309 ], [ 20.951717, 52.169239 ], [ 20.953728, 52.166957 ], [ 20.95152, 52.164745 ], [ 20.947301, 52.164815 ], [ 20.945289, 52.167097 ] ] ] } },
{ "type": "Feature", "properties": { "fid": 527, "hex_id": 526 }, "geometry": { "type": "Polygon", "coordinates": [ [ [ 20.945093, 52.162603 ], [ 20.947301, 52.164815 ], [ 20.95152, 52.164745 ], [ 20.953531, 52.162463 ], [ 20.951323, 52.160251 ], [ 20.947104, 52.160321 ], [ 20.945093, 52.162603 ] ] ] } },
{ "type": "Feature", "properties": { "fid": 528, "hex_id": 527 }, "geometry": { "type": "Polygon", "coordinates": [ [ [ 20.944897, 52.158109 ], [ 20.947104, 52.160321 ], [ 20.951323, 52.160251 ], [ 20.953334, 52.157969 ], [ 20.951127, 52.155757 ], [ 20.946908, 52.155827 ], [ 20.944897, 52.158109 ] ] ] } },
{ "type": "Feature", "properties": { "fid": 529, "hex_id": 528 }, "geometry": { "type": "Polygon", "coordinates": [ [ [ 20.960422, 52.366975 ], [ 20.962641, 52.369187 ], [ 20.96688, 52.369117 ], [ 20.968899, 52.366835 ], [ 20.96668, 52.364623 ], [ 20.962442, 52.364693 ], [ 20.960422, 52.366975 ] ] ] } },
{ "type": "Feature", "properties": { "fid": 530, "hex_id": 529 }, "geometry": { "type": "Polygon", "coordinates": [ [ [ 20.960223, 52.362482 ], [ 20.962442, 52.364693 ], [ 20.96668, 52.364623 ], [ 20.9687, 52.362341 ], [ 20.966481, 52.360129 ], [ 20.962243, 52.360199 ], [ 20.960223, 52.362482 ] ] ] } },
{ "type": "Feature", "properties": { "fid": 531, "hex_id": 530 }, "geometry": { "type": "Polygon", "coordinates": [ [ [ 20.960024, 52.357988 ], [ 20.962243, 52.360199 ], [ 20.966481, 52.360129 ], [ 20.9685, 52.357847 ], [ 20.966281, 52.355635 ], [ 20.962044, 52.355706 ], [ 20.960024, 52.357988 ] ] ] } },
{ "type": "Feature", "properties": { "fid": 532, "hex_id": 531 }, "geometry": { "type": "Polygon", "coordinates": [ [ [ 20.959826, 52.353494 ], [ 20.962044, 52.355706 ], [ 20.966281, 52.355635 ], [ 20.9683, 52.353353 ], [ 20.966082, 52.351141 ], [ 20.961845, 52.351212 ], [ 20.959826, 52.353494 ] ] ] } },
{ "type": "Feature", "properties": { "fid": 533, "hex_id": 532 }, "geometry": { "type": "Polygon", "coordinates": [ [ [ 20.959627, 52.349 ], [ 20.961845, 52.351212 ], [ 20.966082, 52.351141 ], [ 20.9681, 52.348859 ], [ 20.965882, 52.346647 ], [ 20.961646, 52.346718 ], [ 20.959627, 52.349 ] ] ] } },
{ "type": "Feature", "properties": { "fid": 534, "hex_id": 533 }, "geometry": { "type": "Polygon", "coordinates": [ [ [ 20.959428, 52.344506 ], [ 20.961646, 52.346718 ], [ 20.965882, 52.346647 ], [ 20.967901, 52.344365 ], [ 20.965683, 52.342153 ], [ 20.961447, 52.342224 ], [ 20.959428, 52.344506 ] ] ] } },
{ "type": "Feature", "properties": { "fid": 535, "hex_id": 534 }, "geometry": { "type": "Polygon", "coordinates": [ [ [ 20.959229, 52.340012 ], [ 20.961447, 52.342224 ], [ 20.965683, 52.342153 ], [ 20.967701, 52.339871 ], [ 20.965484, 52.337659 ], [ 20.961248, 52.33773 ], [ 20.959229, 52.340012 ] ] ] } },
{ "type": "Feature", "properties": { "fid": 536, "hex_id": 535 }, "geometry": { "type": "Polygon", "coordinates": [ [ [ 20.959031, 52.335518 ], [ 20.961248, 52.33773 ], [ 20.965484, 52.337659 ], [ 20.967502, 52.335377 ], [ 20.965284, 52.333165 ], [ 20.961049, 52.333236 ], [ 20.959031, 52.335518 ] ] ] } },
{ "type": "Feature", "properties": { "fid": 537, "hex_id": 536 }, "geometry": { "type": "Polygon", "coordinates": [ [ [ 20.958832, 52.331024 ], [ 20.961049, 52.333236 ], [ 20.965284, 52.333165 ], [ 20.967302, 52.330883 ], [ 20.965085, 52.328672 ], [ 20.96085, 52.328742 ], [ 20.958832, 52.331024 ] ] ] } },
{ "type": "Feature", "properties": { "fid": 538, "hex_id": 537 }, "geometry": { "type": "Polygon", "coordinates": [ [ [ 20.958633, 52.32653 ], [ 20.96085, 52.328742 ], [ 20.965085, 52.328672 ], [ 20.967103, 52.326389 ], [ 20.964886, 52.324178 ], [ 20.960651, 52.324248 ], [ 20.958633, 52.32653 ] ] ] } },
{ "type": "Feature", "properties": { "fid": 539, "hex_id": 538 }, "geometry": { "type": "Polygon", "coordinates": [ [ [ 20.958435, 52.322036 ], [ 20.960651, 52.324248 ], [ 20.964886, 52.324178 ], [ 20.966903, 52.321895 ], [ 20.964687, 52.319684 ], [ 20.960453, 52.319754 ], [ 20.958435, 52.322036 ] ] ] } },
{ "type": "Feature", "properties": { "fid": 540, "hex_id": 539 }, "geometry": { "type": "Polygon", "coordinates": [ [ [ 20.958236, 52.317542 ], [ 20.960453, 52.319754 ], [ 20.964687, 52.319684 ], [ 20.966704, 52.317401 ], [ 20.964488, 52.31519 ], [ 20.960254, 52.31526 ], [ 20.958236, 52.317542 ] ] ] } },
{ "type": "Feature", "properties": { "fid": 541, "hex_id": 540 }, "geometry": { "type": "Polygon", "coordinates": [ [ [ 20.958038, 52.313048 ], [ 20.960254, 52.31526 ], [ 20.964488, 52.31519 ], [ 20.966505, 52.312908 ], [ 20.964289, 52.310696 ], [ 20.960055, 52.310766 ], [ 20.958038, 52.313048 ] ] ] } },
{ "type": "Feature", "properties": { "fid": 542, "hex_id": 541 }, "geometry": { "type": "Polygon", "coordinates": [ [ [ 20.95784, 52.308554 ], [ 20.960055, 52.310766 ], [ 20.964289, 52.310696 ], [ 20.966306, 52.308414 ], [ 20.96409, 52.306202 ], [ 20.959857, 52.306272 ], [ 20.95784, 52.308554 ] ] ] } },
{ "type": "Feature", "properties": { "fid": 543, "hex_id": 542 }, "geometry": { "type": "Polygon", "coordinates": [ [ [ 20.957641, 52.30406 ], [ 20.959857, 52.306272 ], [ 20.96409, 52.306202 ], [ 20.966106, 52.30392 ], [ 20.963891, 52.301708 ], [ 20.959658, 52.301778 ], [ 20.957641, 52.30406 ] ] ] } },
{ "type": "Feature", "properties": { "fid": 544, "hex_id": 543 }, "geometry": { "type": "Polygon", "coordinates": [ [ [ 20.957443, 52.299566 ], [ 20.959658, 52.301778 ], [ 20.963891, 52.301708 ], [ 20.965907, 52.299426 ], [ 20.963692, 52.297214 ], [ 20.95946, 52.297284 ], [ 20.957443, 52.299566 ] ] ] } },
{ "type": "Feature", "properties": { "fid": 545, "hex_id": 544 }, "geometry": { "type": "Polygon", "coordinates": [ [ [ 20.957245, 52.295072 ], [ 20.95946, 52.297284 ], [ 20.963692, 52.297214 ], [ 20.965708, 52.294932 ], [ 20.963493, 52.29272 ], [ 20.959262, 52.29279 ], [ 20.957245, 52.295072 ] ] ] } },
{ "type": "Feature", "properties": { "fid": 546, "hex_id": 545 }, "geometry": { "type": "Polygon", "coordinates": [ [ [ 20.957047, 52.290578 ], [ 20.959262, 52.29279 ], [ 20.963493, 52.29272 ], [ 20.965509, 52.290438 ], [ 20.963294, 52.288226 ], [ 20.959063, 52.288296 ], [ 20.957047, 52.290578 ] ] ] } },
{ "type": "Feature", "properties": { "fid": 547, "hex_id": 546 }, "geometry": { "type": "Polygon", "coordinates": [ [ [ 20.956849, 52.286084 ], [ 20.959063, 52.288296 ], [ 20.963294, 52.288226 ], [ 20.96531, 52.285944 ], [ 20.963096, 52.283732 ], [ 20.958865, 52.283802 ], [ 20.956849, 52.286084 ] ] ] } },
{ "type": "Feature", "properties": { "fid": 548, "hex_id": 547 }, "geometry": { "type": "Polygon", "coordinates": [ [ [ 20.956651, 52.28159 ], [ 20.958865, 52.283802 ], [ 20.963096, 52.283732 ], [ 20.965111, 52.28145 ], [ 20.962897, 52.279238 ], [ 20.958667, 52.279308 ], [ 20.956651, 52.28159 ] ] ] } },
{ "type": "Feature", "properties": { "fid": 549, "hex_id": 548 }, "geometry": { "type": "Polygon", "coordinates": [ [ [ 20.956453, 52.277096 ], [ 20.958667, 52.279308 ], [ 20.962897, 52.279238 ], [ 20.964913, 52.276956 ], [ 20.962698, 52.274744 ], [ 20.958469, 52.274814 ], [ 20.956453, 52.277096 ] ] ] } },
{ "type": "Feature", "properties": { "fid": 550, "hex_id": 549 }, "geometry": { "type": "Polygon", "coordinates": [ [ [ 20.956255, 52.272602 ], [ 20.958469, 52.274814 ], [ 20.962698, 52.274744 ], [ 20.964714, 52.272462 ], [ 20.9625, 52.27025 ], [ 20.95827, 52.27032 ], [ 20.956255, 52.272602 ] ] ] } },
{ "type": "Feature", "properties": { "fid": 551, "hex_id": 550 }, "geometry": { "type": "Polygon", "coordinates": [ [ [ 20.956057, 52.268108 ], [ 20.95827, 52.27032 ], [ 20.9625, 52.27025 ], [ 20.964515, 52.267968 ], [ 20.962301, 52.265756 ], [ 20.958072, 52.265826 ], [ 20.956057, 52.268108 ] ] ] } },
{ "type": "Feature", "properties": { "fid": 552, "hex_id": 551 }, "geometry": { "type": "Polygon", "coordinates": [ [ [ 20.955859, 52.263614 ], [ 20.958072, 52.265826 ], [ 20.962301, 52.265756 ], [ 20.964316, 52.263474 ], [ 20.962103, 52.261262 ], [ 20.957874, 52.261332 ], [ 20.955859, 52.263614 ] ] ] } },
{ "type": "Feature", "properties": { "fid": 553, "hex_id": 552 }, "geometry": { "type": "Polygon", "coordinates": [ [ [ 20.955661, 52.25912 ], [ 20.957874, 52.261332 ], [ 20.962103, 52.261262 ], [ 20.964118, 52.25898 ], [ 20.961904, 52.256768 ], [ 20.957676, 52.256838 ], [ 20.955661, 52.25912 ] ] ] } },
{ "type": "Feature", "properties": { "fid": 554, "hex_id": 553 }, "geometry": { "type": "Polygon", "coordinates": [ [ [ 20.955464, 52.254626 ], [ 20.957676, 52.256838 ], [ 20.961904, 52.256768 ], [ 20.963919, 52.254486 ], [ 20.961706, 52.252274 ], [ 20.957479, 52.252344 ], [ 20.955464, 52.254626 ] ] ] } },
{ "type": "Feature", "properties": { "fid": 555, "hex_id": 554 }, "geometry": { "type": "Polygon", "coordinates": [ [ [ 20.955266, 52.250132 ], [ 20.957479, 52.252344 ], [ 20.961706, 52.252274 ], [ 20.963721, 52.249992 ], [ 20.961508, 52.24778 ], [ 20.957281, 52.24785 ], [ 20.955266, 52.250132 ] ] ] } },
{ "type": "Feature", "properties": { "fid": 556, "hex_id": 555 }, "geometry": { "type": "Polygon", "coordinates": [ [ [ 20.955068, 52.245638 ], [ 20.957281, 52.24785 ], [ 20.961508, 52.24778 ], [ 20.963522, 52.245498 ], [ 20.96131, 52.243286 ], [ 20.957083, 52.243356 ], [ 20.955068, 52.245638 ] ] ] } },
{ "type": "Feature", "properties": { "fid": 557, "hex_id": 556 }, "geometry": { "type": "Polygon", "coordinates": [ [ [ 20.954871, 52.241144 ], [ 20.957083, 52.243356 ], [ 20.96131, 52.243286 ], [ 20.963324, 52.241004 ], [ 20.961111, 52.238792 ], [ 20.956885, 52.238862 ], [ 20.954871, 52.241144 ] ] ] } },
{ "type": "Feature", "properties": { "fid": 558, "hex_id": 557 }, "geometry": { "type": "Polygon", "coordinates": [ [ [ 20.954673, 52.23665 ], [ 20.956885, 52.238862 ], [ 20.961111, 52.238792 ], [ 20.963125, 52.23651 ], [ 20.960913, 52.234298 ], [ 20.956687, 52.234368 ], [ 20.954673, 52.23665 ] ] ] } },
{ "type": "Feature", "properties": { "fid": 559, "hex_id": 558 }, "geometry": { "type": "Polygon", "coordinates": [ [ [ 20.954476, 52.232156 ], [ 20.956687, 52.234368 ], [ 20.960913, 52.234298 ], [ 20.962927, 52.232016 ], [ 20.960715, 52.229804 ], [ 20.95649, 52.229874 ], [ 20.954476, 52.232156 ] ] ] } },
{ "type": "Feature", "properties": { "fid": 560, "hex_id": 559 }, "geometry": { "type": "Polygon", "coordinates": [ [ [ 20.954278, 52.227662 ], [ 20.95649, 52.229874 ], [ 20.960715, 52.229804 ], [ 20.962729, 52.227522 ], [ 20.960517, 52.22531 ], [ 20.956292, 52.22538 ], [ 20.954278, 52.227662 ] ] ] } },
{ "type": "Feature", "properties": { "fid": 561, "hex_id": 560 }, "geometry": { "type": "Polygon", "coordinates": [ [ [ 20.954081, 52.223168 ], [ 20.956292, 52.22538 ], [ 20.960517, 52.22531 ], [ 20.962531, 52.223028 ], [ 20.960319, 52.220816 ], [ 20.956095, 52.220886 ], [ 20.954081, 52.223168 ] ] ] } },
{ "type": "Feature", "properties": { "fid": 562, "hex_id": 561 }, "geometry": { "type": "Polygon", "coordinates": [ [ [ 20.953884, 52.218674 ], [ 20.956095, 52.220886 ], [ 20.960319, 52.220816 ], [ 20.962332, 52.218534 ], [ 20.960121, 52.216322 ], [ 20.955897, 52.216392 ], [ 20.953884, 52.218674 ] ] ] } },
{ "type": "Feature", "properties": { "fid": 563, "hex_id": 562 }, "geometry": { "type": "Polygon", "coordinates": [ [ [ 20.953686, 52.21418 ], [ 20.955897, 52.216392 ], [ 20.960121, 52.216322 ], [ 20.962134, 52.21404 ], [ 20.959923, 52.211828 ], [ 20.9557, 52.211898 ], [ 20.953686, 52.21418 ] ] ] } },
{ "type": "Feature", "properties": { "fid": 564, "hex_id": 563 }, "geometry": { "type": "Polygon", "coordinates": [ [ [ 20.953489, 52.209686 ], [ 20.9557, 52.211898 ], [ 20.959923, 52.211828 ], [ 20.961936, 52.209546 ], [ 20.959726, 52.207334 ], [ 20.955502, 52.207404 ], [ 20.953489, 52.209686 ] ] ] } },
{ "type": "Feature", "properties": { "fid": 565, "hex_id": 564 }, "geometry": { "type": "Polygon", "coordinates": [ [ [ 20.953292, 52.205192 ], [ 20.955502, 52.207404 ], [ 20.959726, 52.207334 ], [ 20.961738, 52.205052 ], [ 20.959528, 52.20284 ], [ 20.955305, 52.20291 ], [ 20.953292, 52.205192 ] ] ] } },
{ "type": "Feature", "properties": { "fid": 566, "hex_id": 565 }, "geometry": { "type": "Polygon", "coordinates": [ [ [ 20.953095, 52.200698 ], [ 20.955305, 52.20291 ], [ 20.959528, 52.20284 ], [ 20.96154, 52.200558 ], [ 20.95933, 52.198346 ], [ 20.955108, 52.198416 ], [ 20.953095, 52.200698 ] ] ] } },
{ "type": "Feature", "properties": { "fid": 567, "hex_id": 566 }, "geometry": { "type": "Polygon", "coordinates": [ [ [ 20.952898, 52.196204 ], [ 20.955108, 52.198416 ], [ 20.95933, 52.198346 ], [ 20.961342, 52.196064 ], [ 20.959132, 52.193852 ], [ 20.95491, 52.193922 ], [ 20.952898, 52.196204 ] ] ] } },
{ "type": "Feature", "properties": { "fid": 568, "hex_id": 567 }, "geometry": { "type": "Polygon", "coordinates": [ [ [ 20.952701, 52.19171 ], [ 20.95491, 52.193922 ], [ 20.959132, 52.193852 ], [ 20.961145, 52.19157 ], [ 20.958935, 52.189358 ], [ 20.954713, 52.189428 ], [ 20.952701, 52.19171 ] ] ] } },
{ "type": "Feature", "properties": { "fid": 569, "hex_id": 568 }, "geometry": { "type": "Polygon", "coordinates": [ [ [ 20.952504, 52.187216 ], [ 20.954713, 52.189428 ], [ 20.958935, 52.189358 ], [ 20.960947, 52.187076 ], [ 20.958737, 52.184864 ], [ 20.954516, 52.184934 ], [ 20.952504, 52.187216 ] ] ] } },
{ "type": "Feature", "properties": { "fid": 570, "hex_id": 569 }, "geometry": { "type": "Polygon", "coordinates": [ [ [ 20.952307, 52.182722 ], [ 20.954516, 52.184934 ], [ 20.958737, 52.184864 ], [ 20.960749, 52.182582 ], [ 20.95854, 52.18037 ], [ 20.954319, 52.18044 ], [ 20.952307, 52.182722 ] ] ] } },
{ "type": "Feature", "properties": { "fid": 571, "hex_id": 570 }, "geometry": { "type": "Polygon", "coordinates": [ [ [ 20.95211, 52.178228 ], [ 20.954319, 52.18044 ], [ 20.95854, 52.18037 ], [ 20.960551, 52.178088 ], [ 20.958342, 52.175876 ], [ 20.954122, 52.175946 ], [ 20.95211, 52.178228 ] ] ] } },
{ "type": "Feature", "properties": { "fid": 572, "hex_id": 571 }, "geometry": { "type": "Polygon", "coordinates": [ [ [ 20.951913, 52.173734 ], [ 20.954122, 52.175946 ], [ 20.958342, 52.175876 ], [ 20.960354, 52.173594 ], [ 20.958145, 52.171382 ], [ 20.953925, 52.171452 ], [ 20.951913, 52.173734 ] ] ] } },
{ "type": "Feature", "properties": { "fid": 573, "hex_id": 572 }, "geometry": { "type": "Polygon", "coordinates": [ [ [ 20.951717, 52.169239 ], [ 20.953925, 52.171452 ], [ 20.958145, 52.171382 ], [ 20.960156, 52.169099 ], [ 20.957948, 52.166888 ], [ 20.953728, 52.166957 ], [ 20.951717, 52.169239 ] ] ] } },
{ "type": "Feature", "properties": { "fid": 574, "hex_id": 573 }, "geometry": { "type": "Polygon", "coordinates": [ [ [ 20.95152, 52.164745 ], [ 20.953728, 52.166957 ], [ 20.957948, 52.166888 ], [ 20.959959, 52.164605 ], [ 20.95775, 52.162393 ], [ 20.953531, 52.162463 ], [ 20.95152, 52.164745 ] ] ] } },
{ "type": "Feature", "properties": { "fid": 575, "hex_id": 574 }, "geometry": { "type": "Polygon", "coordinates": [ [ [ 20.951323, 52.160251 ], [ 20.953531, 52.162463 ], [ 20.95775, 52.162393 ], [ 20.959761, 52.160111 ], [ 20.957553, 52.157899 ], [ 20.953334, 52.157969 ], [ 20.951323, 52.160251 ] ] ] } },
{ "type": "Feature", "properties": { "fid": 576, "hex_id": 575 }, "geometry": { "type": "Polygon", "coordinates": [ [ [ 20.951127, 52.155757 ], [ 20.953334, 52.157969 ], [ 20.957553, 52.157899 ], [ 20.959564, 52.155617 ], [ 20.957356, 52.153405 ], [ 20.953138, 52.153475 ], [ 20.951127, 52.155757 ] ] ] } },
{ "type": "Feature", "properties": { "fid": 577, "hex_id": 576 }, "geometry": { "type": "Polygon", "coordinates": [ [ [ 20.95093, 52.151263 ], [ 20.953138, 52.153475 ], [ 20.957356, 52.153405 ], [ 20.959366, 52.151123 ], [ 20.957159, 52.148911 ], [ 20.952941, 52.148981 ], [ 20.95093, 52.151263 ] ] ] } },
{ "type": "Feature", "properties": { "fid": 578, "hex_id": 577 }, "geometry": { "type": "Polygon", "coordinates": [ [ [ 20.96668, 52.364623 ], [ 20.968899, 52.366835 ], [ 20.973138, 52.366764 ], [ 20.975157, 52.364481 ], [ 20.972938, 52.36227 ], [ 20.9687, 52.362341 ], [ 20.96668, 52.364623 ] ] ] } },
{ "type": "Feature", "properties": { "fid": 579, "hex_id": 578 }, "geometry": { "type": "Polygon", "coordinates": [ [ [ 20.966481, 52.360129 ], [ 20.9687, 52.362341 ], [ 20.972938, 52.36227 ], [ 20.974956, 52.359988 ], [ 20.972737, 52.357776 ], [ 20.9685, 52.357847 ], [ 20.966481, 52.360129 ] ] ] } },
{ "type": "Feature", "properties": { "fid": 580, "hex_id": 579 }, "geometry": { "type": "Polygon", "coordinates": [ [ [ 20.966281, 52.355635 ], [ 20.9685, 52.357847 ], [ 20.972737, 52.357776 ], [ 20.974756, 52.355494 ], [ 20.972537, 52.353282 ], [ 20.9683, 52.353353 ], [ 20.966281, 52.355635 ] ] ] } },
{ "type": "Feature", "properties": { "fid": 581, "hex_id": 580 }, "geometry": { "type": "Polygon", "coordinates": [ [ [ 20.966082, 52.351141 ], [ 20.9683, 52.353353 ], [ 20.972537, 52.353282 ], [ 20.974556, 52.351 ], [ 20.972337, 52.348788 ], [ 20.9681, 52.348859 ], [ 20.966082, 52.351141 ] ] ] } },
{ "type": "Feature", "properties": { "fid": 582, "hex_id": 581 }, "geometry": { "type": "Polygon", "coordinates": [ [ [ 20.965882, 52.346647 ], [ 20.9681, 52.348859 ], [ 20.972337, 52.348788 ], [ 20.974355, 52.346506 ], [ 20.972137, 52.344294 ], [ 20.967901, 52.344365 ], [ 20.965882, 52.346647 ] ] ] } },
{ "type": "Feature", "properties": { "fid": 583, "hex_id": 582 }, "geometry": { "type": "Polygon", "coordinates": [ [ [ 20.965683, 52.342153 ], [ 20.967901, 52.344365 ], [ 20.972137, 52.344294 ], [ 20.974155, 52.342012 ], [ 20.971937, 52.3398 ], [ 20.967701, 52.339871 ], [ 20.965683, 52.342153 ] ] ] } },
{ "type": "Feature", "properties": { "fid": 584, "hex_id": 583 }, "geometry": { "type": "Polygon", "coordinates": [ [ [ 20.965484, 52.337659 ], [ 20.967701, 52.339871 ], [ 20.971937, 52.3398 ], [ 20.973955, 52.337518 ], [ 20.971737, 52.335307 ], [ 20.967502, 52.335377 ], [ 20.965484, 52.337659 ] ] ] } },
{ "type": "Feature", "properties": { "fid": 585, "hex_id": 584 }, "geometry": { "type": "Polygon", "coordinates": [ [ [ 20.965284, 52.333165 ], [ 20.967502, 52.335377 ], [ 20.971737, 52.335307 ], [ 20.973755, 52.333024 ], [ 20.971537, 52.330813 ], [ 20.967302, 52.330883 ], [ 20.965284, 52.333165 ] ] ] } },
{ "type": "Feature", "properties": { "fid": 586, "hex_id": 585 }, "geometry": { "type": "Polygon", "coordinates": [ [ [ 20.965085, 52.328672 ], [ 20.967302, 52.330883 ], [ 20.971537, 52.330813 ], [ 20.973555, 52.32853 ], [ 20.971337, 52.326319 ], [ 20.967103, 52.326389 ], [ 20.965085, 52.328672 ] ] ] } },
{ "type": "Feature", "properties": { "fid": 587, "hex_id": 586 }, "geometry": { "type": "Polygon", "coordinates": [ [ [ 20.964886, 52.324178 ], [ 20.967103, 52.326389 ], [ 20.971337, 52.326319 ], [ 20.973355, 52.324036 ], [ 20.971138, 52.321825 ], [ 20.966903, 52.321895 ], [ 20.964886, 52.324178 ] ] ] } },
{ "type": "Feature", "properties": { "fid": 588, "hex_id": 587 }, "geometry": { "type": "Polygon", "coordinates": [ [ [ 20.964687, 52.319684 ], [ 20.966903, 52.321895 ], [ 20.971138, 52.321825 ], [ 20.973155, 52.319543 ], [ 20.970938, 52.317331 ], [ 20.966704, 52.317401 ], [ 20.964687, 52.319684 ] ] ] } },
{ "type": "Feature", "properties": { "fid": 589, "hex_id": 588 }, "geometry": { "type": "Polygon", "coordinates": [ [ [ 20.964488, 52.31519 ], [ 20.966704, 52.317401 ], [ 20.970938, 52.317331 ], [ 20.972955, 52.315049 ], [ 20.970738, 52.312837 ], [ 20.966505, 52.312908 ], [ 20.964488, 52.31519 ] ] ] } },
{ "type": "Feature", "properties": { "fid": 590, "hex_id": 589 }, "geometry": { "type": "Polygon", "coordinates": [ [ [ 20.964289, 52.310696 ], [ 20.966505, 52.312908 ], [ 20.970738, 52.312837 ], [ 20.972755, 52.310555 ], [ 20.970539, 52.308343 ], [ 20.966306, 52.308414 ], [ 20.964289, 52.310696 ] ] ] } },
{ "type": "Feature", "properties": { "fid": 591, "hex_id": 590 }, "geometry": { "type": "Polygon", "coordinates": [ [ [ 20.96409, 52.306202 ], [ 20.966306, 52.308414 ], [ 20.970539, 52.308343 ], [ 20.972555, 52.306061 ], [ 20.970339, 52.303849 ], [ 20.966106, 52.30392 ], [ 20.96409, 52.306202 ] ] ] } },
{ "type": "Feature", "properties": { "fid": 592, "hex_id": 591 }, "geometry": { "type": "Polygon", "coordinates": [ [ [ 20.963891, 52.301708 ], [ 20.966106, 52.30392 ], [ 20.970339, 52.303849 ], [ 20.972355, 52.301567 ], [ 20.970139, 52.299355 ], [ 20.965907, 52.299426 ], [ 20.963891, 52.301708 ] ] ] } },
{ "type": "Feature", "properties": { "fid": 593, "hex_id": 592 }, "geometry": { "type": "Polygon", "coordinates": [ [ [ 20.963692, 52.297214 ], [ 20.965907, 52.299426 ], [ 20.970139, 52.299355 ], [ 20.972156, 52.297073 ], [ 20.96994, 52.294861 ], [ 20.965708, 52.294932 ], [ 20.963692, 52.297214 ] ] ] } },
{ "type": "Feature", "properties": { "fid": 594, "hex_id": 593 }, "geometry": { "type": "Polygon", "coordinates": [ [ [ 20.963493, 52.29272 ], [ 20.965708, 52.294932 ], [ 20.96994, 52.294861 ], [ 20.971956, 52.292579 ], [ 20.96974, 52.290367 ], [ 20.965509, 52.290438 ], [ 20.963493, 52.29272 ] ] ] } },
{ "type": "Feature", "properties": { "fid": 595, "hex_id": 594 }, "geometry": { "type": "Polygon", "coordinates": [ [ [ 20.963294, 52.288226 ], [ 20.965509, 52.290438 ], [ 20.96974, 52.290367 ], [ 20.971756, 52.288085 ], [ 20.969541, 52.285873 ], [ 20.96531, 52.285944 ], [ 20.963294, 52.288226 ] ] ] } },
{ "type": "Feature", "properties": { "fid": 596, "hex_id": 595 }, "geometry": { "type": "Polygon", "coordinates": [ [ [ 20.963096, 52.283732 ], [ 20.96531, 52.285944 ], [ 20.969541, 52.285873 ], [ 20.971557, 52.283591 ], [ 20.969342, 52.281379 ], [ 20.965111, 52.28145 ], [ 20.963096, 52.283732 ] ] ] } },
{ "type": "Feature", "properties": { "fid": 597, "hex_id": 596 }, "geometry": { "type": "Polygon", "coordinates": [ [ [ 20.962897, 52.279238 ], [ 20.965111, 52.28145 ], [ 20.969342, 52.281379 ], [ 20.971357, 52.279097 ], [ 20.969143, 52.276885 ], [ 20.964913, 52.276956 ], [ 20.962897, 52.279238 ] ] ] } },
{ "type": "Feature", "properties": { "fid": 598, "hex_id": 597 }, "geometry": { "type": "Polygon", "coordinates": [ [ [ 20.962698, 52.274744 ], [ 20.964913, 52.276956 ], [ 20.969143, 52.276885 ], [ 20.971158, 52.274603 ], [ 20.968943, 52.272391 ], [ 20.964714, 52.272462 ], [ 20.962698, 52.274744 ] ] ] } },
{ "type": "Feature", "properties": { "fid": 599, "hex_id": 598 }, "geometry": { "type": "Polygon", "coordinates": [ [ [ 20.9625, 52.27025 ], [ 20.964714, 52.272462 ], [ 20.968943, 52.272391 ], [ 20.970958, 52.270109 ], [ 20.968744, 52.267898 ], [ 20.964515, 52.267968 ], [ 20.9625, 52.27025 ] ] ] } },
{ "type": "Feature", "properties": { "fid": 600, "hex_id": 599 }, "geometry": { "type": "Polygon", "coordinates": [ [ [ 20.962301, 52.265756 ], [ 20.964515, 52.267968 ], [ 20.968744, 52.267898 ], [ 20.970759, 52.265615 ], [ 20.968545, 52.263404 ], [ 20.964316, 52.263474 ], [ 20.962301, 52.265756 ] ] ] } },
{ "type": "Feature", "properties": { "fid": 601, "hex_id": 600 }, "geometry": { "type": "Polygon", "coordinates": [ [ [ 20.962103, 52.261262 ], [ 20.964316, 52.263474 ], [ 20.968545, 52.263404 ], [ 20.97056, 52.261121 ], [ 20.968346, 52.25891 ], [ 20.964118, 52.25898 ], [ 20.962103, 52.261262 ] ] ] } },
{ "type": "Feature", "properties": { "fid": 602, "hex_id": 601 }, "geometry": { "type": "Polygon", "coordinates": [ [ [ 20.961904, 52.256768 ], [ 20.964118, 52.25898 ], [ 20.968346, 52.25891 ], [ 20.97036, 52.256627 ], [ 20.968147, 52.254416 ], [ 20.963919, 52.254486 ], [ 20.961904, 52.256768 ] ] ] } },
{ "type": "Feature", "properties": { "fid": 603, "hex_id": 602 }, "geometry": { "type": "Polygon", "coordinates": [ [ [ 20.961706, 52.252274 ], [ 20.963919, 52.254486 ], [ 20.968147, 52.254416 ], [ 20.970161, 52.252133 ], [ 20.967948, 52.249922 ], [ 20.963721, 52.249992 ], [ 20.961706, 52.252274 ] ] ] } },
{ "type": "Feature", "properties": { "fid": 604, "hex_id": 603 }, "geometry": { "type": "Polygon", "coordinates": [ [ [ 20.961508, 52.24778 ], [ 20.963721, 52.249992 ], [ 20.967948, 52.249922 ], [ 20.969962, 52.247639 ], [ 20.967749, 52.245428 ], [ 20.963522, 52.245498 ], [ 20.961508, 52.24778 ] ] ] } },
{ "type": "Feature", "properties": { "fid": 605, "hex_id": 604 }, "geometry": { "type": "Polygon", "coordinates": [ [ [ 20.96131, 52.243286 ], [ 20.963522, 52.245498 ], [ 20.967749, 52.245428 ], [ 20.969763, 52.243145 ], [ 20.96755, 52.240934 ], [ 20.963324, 52.241004 ], [ 20.96131, 52.243286 ] ] ] } },
{ "type": "Feature", "properties": { "fid": 606, "hex_id": 605 }, "geometry": { "type": "Polygon", "coordinates": [ [ [ 20.961111, 52.238792 ], [ 20.963324, 52.241004 ], [ 20.96755, 52.240934 ], [ 20.969564, 52.238651 ], [ 20.967351, 52.23644 ], [ 20.963125, 52.23651 ], [ 20.961111, 52.238792 ] ] ] } },
{ "type": "Feature", "properties": { "fid": 607, "hex_id": 606 }, "geometry": { "type": "Polygon", "coordinates": [ [ [ 20.960913, 52.234298 ], [ 20.963125, 52.23651 ], [ 20.967351, 52.23644 ], [ 20.969365, 52.234157 ], [ 20.967153, 52.231946 ], [ 20.962927, 52.232016 ], [ 20.960913, 52.234298 ] ] ] } },
{ "type": "Feature", "properties": { "fid": 608, "hex_id": 607 }, "geometry": { "type": "Polygon", "coordinates": [ [ [ 20.960715, 52.229804 ], [ 20.962927, 52.232016 ], [ 20.967153, 52.231946 ], [ 20.969166, 52.229663 ], [ 20.966954, 52.227452 ], [ 20.962729, 52.227522 ], [ 20.960715, 52.229804 ] ] ] } },
{ "type": "Feature", "properties": { "fid": 609, "hex_id": 608 }, "geometry": { "type": "Polygon", "coordinates": [ [ [ 20.960517, 52.22531 ], [ 20.962729, 52.227522 ], [ 20.966954, 52.227452 ], [ 20.968967, 52.225169 ], [ 20.966755, 52.222958 ], [ 20.962531, 52.223028 ], [ 20.960517, 52.22531 ] ] ] } },
{ "type": "Feature", "properties": { "fid": 610, "hex_id": 609 }, "geometry": { "type": "Polygon", "coordinates": [ [ [ 20.960319, 52.220816 ], [ 20.962531, 52.223028 ], [ 20.966755, 52.222958 ], [ 20.968768, 52.220675 ], [ 20.966557, 52.218464 ], [ 20.962332, 52.218534 ], [ 20.960319, 52.220816 ] ] ] } },
{ "type": "Feature", "properties": { "fid": 611, "hex_id": 610 }, "geometry": { "type": "Polygon", "coordinates": [ [ [ 20.960121, 52.216322 ], [ 20.962332, 52.218534 ], [ 20.966557, 52.218464 ], [ 20.96857, 52.216181 ], [ 20.966358, 52.21397 ], [ 20.962134, 52.21404 ], [ 20.960121, 52.216322 ] ] ] } },
{ "type": "Feature", "properties": { "fid": 612, "hex_id": 611 }, "geometry": { "type": "Polygon", "coordinates": [ [ [ 20.959923, 52.211828 ], [ 20.962134, 52.21404 ], [ 20.966358, 52.21397 ], [ 20.968371, 52.211687 ], [ 20.96616, 52.209476 ], [ 20.961936, 52.209546 ], [ 20.959923, 52.211828 ] ] ] } },
{ "type": "Feature", "properties": { "fid": 613, "hex_id": 612 }, "geometry": { "type": "Polygon", "coordinates": [ [ [ 20.959726, 52.207334 ], [ 20.961936, 52.209546 ], [ 20.96616, 52.209476 ], [ 20.968172, 52.207193 ], [ 20.965961, 52.204982 ], [ 20.961738, 52.205052 ], [ 20.959726, 52.207334 ] ] ] } },
{ "type": "Feature", "properties": { "fid": 614, "hex_id": 613 }, "geometry": { "type": "Polygon", "coordinates": [ [ [ 20.959528, 52.20284 ], [ 20.961738, 52.205052 ], [ 20.965961, 52.204982 ], [ 20.967974, 52.202699 ], [ 20.965763, 52.200488 ], [ 20.96154, 52.200558 ], [ 20.959528, 52.20284 ] ] ] } },
{ "type": "Feature", "properties": { "fid": 615, "hex_id": 614 }, "geometry": { "type": "Polygon", "coordinates": [ [ [ 20.95933, 52.198346 ], [ 20.96154, 52.200558 ], [ 20.965763, 52.200488 ], [ 20.967775, 52.198205 ], [ 20.965565, 52.195994 ], [ 20.961342, 52.196064 ], [ 20.95933, 52.198346 ] ] ] } },
{ "type": "Feature", "properties": { "fid": 616, "hex_id": 615 }, "geometry": { "type": "Polygon", "coordinates": [ [ [ 20.959132, 52.193852 ], [ 20.961342, 52.196064 ], [ 20.965565, 52.195994 ], [ 20.967577, 52.193711 ], [ 20.965366, 52.191499 ], [ 20.961145, 52.19157 ], [ 20.959132, 52.193852 ] ] ] } },
{ "type": "Feature", "properties": { "fid": 617, "hex_id": 616 }, "geometry": { "type": "Polygon", "coordinates": [ [ [ 20.958935, 52.189358 ], [ 20.961145, 52.19157 ], [ 20.965366, 52.191499 ], [ 20.967378, 52.189217 ], [ 20.965168, 52.187005 ], [ 20.960947, 52.187076 ], [ 20.958935, 52.189358 ] ] ] } },
{ "type": "Feature", "properties": { "fid": 618, "hex_id": 617 }, "geometry": { "type": "Polygon", "coordinates": [ [ [ 20.958737, 52.184864 ], [ 20.960947, 52.187076 ], [ 20.965168, 52.187005 ], [ 20.96718, 52.184723 ], [ 20.96497, 52.182511 ], [ 20.960749, 52.182582 ], [ 20.958737, 52.184864 ] ] ] } },
{ "type": "Feature", "properties": { "fid": 619, "hex_id": 618 }, "geometry": { "type": "Polygon", "coordinates": [ [ [ 20.95854, 52.18037 ], [ 20.960749, 52.182582 ], [ 20.96497, 52.182511 ], [ 20.966981, 52.180229 ], [ 20.964772, 52.178017 ], [ 20.960551, 52.178088 ], [ 20.95854, 52.18037 ] ] ] } },
{ "type": "Feature", "properties": { "fid": 620, "hex_id": 619 }, "geometry": { "type": "Polygon", "coordinates": [ [ [ 20.958342, 52.175876 ], [ 20.960551, 52.178088 ], [ 20.964772, 52.178017 ], [ 20.966783, 52.175735 ], [ 20.964574, 52.173523 ], [ 20.960354, 52.173594 ], [ 20.958342, 52.175876 ] ] ] } },
{ "type": "Feature", "properties": { "fid": 621, "hex_id": 620 }, "geometry": { "type": "Polygon", "coordinates": [ [ [ 20.958145, 52.171382 ], [ 20.960354, 52.173594 ], [ 20.964574, 52.173523 ], [ 20.966585, 52.171241 ], [ 20.964376, 52.169029 ], [ 20.960156, 52.169099 ], [ 20.958145, 52.171382 ] ] ] } },
{ "type": "Feature", "properties": { "fid": 622, "hex_id": 621 }, "geometry": { "type": "Polygon", "coordinates": [ [ [ 20.957948, 52.166888 ], [ 20.960156, 52.169099 ], [ 20.964376, 52.169029 ], [ 20.966387, 52.166747 ], [ 20.964178, 52.164535 ], [ 20.959959, 52.164605 ], [ 20.957948, 52.166888 ] ] ] } },
{ "type": "Feature", "properties": { "fid": 623, "hex_id": 622 }, "geometry": { "type": "Polygon", "coordinates": [ [ [ 20.95775, 52.162393 ], [ 20.959959, 52.164605 ], [ 20.964178, 52.164535 ], [ 20.966188, 52.162253 ], [ 20.96398, 52.160041 ], [ 20.959761, 52.160111 ], [ 20.95775, 52.162393 ] ] ] } },
{ "type": "Feature", "properties": { "fid": 624, "hex_id": 623 }, "geometry": { "type": "Polygon", "coordinates": [ [ [ 20.957553, 52.157899 ], [ 20.959761, 52.160111 ], [ 20.96398, 52.160041 ], [ 20.96599, 52.157759 ], [ 20.963782, 52.155547 ], [ 20.959564, 52.155617 ], [ 20.957553, 52.157899 ] ] ] } },
{ "type": "Feature", "properties": { "fid": 625, "hex_id": 624 }, "geometry": { "type": "Polygon", "coordinates": [ [ [ 20.957356, 52.153405 ], [ 20.959564, 52.155617 ], [ 20.963782, 52.155547 ], [ 20.965792, 52.153265 ], [ 20.963584, 52.151053 ], [ 20.959366, 52.151123 ], [ 20.957356, 52.153405 ] ] ] } },
{ "type": "Feature", "properties": { "fid": 626, "hex_id": 625 }, "geometry": { "type": "Polygon", "coordinates": [ [ [ 20.957159, 52.148911 ], [ 20.959366, 52.151123 ], [ 20.963584, 52.151053 ], [ 20.965594, 52.148771 ], [ 20.963386, 52.146559 ], [ 20.959169, 52.146629 ], [ 20.957159, 52.148911 ] ] ] } },
{ "type": "Feature", "properties": { "fid": 627, "hex_id": 626 }, "geometry": { "type": "Polygon", "coordinates": [ [ [ 20.972737, 52.357776 ], [ 20.974956, 52.359988 ], [ 20.979194, 52.359917 ], [ 20.981213, 52.357634 ], [ 20.978993, 52.355423 ], [ 20.974756, 52.355494 ], [ 20.972737, 52.357776 ] ] ] } },
{ "type": "Feature", "properties": { "fid": 628, "hex_id": 627 }, "geometry": { "type": "Polygon", "coordinates": [ [ [ 20.972537, 52.353282 ], [ 20.974756, 52.355494 ], [ 20.978993, 52.355423 ], [ 20.981012, 52.35314 ], [ 20.978793, 52.350929 ], [ 20.974556, 52.351 ], [ 20.972537, 52.353282 ] ] ] } },
{ "type": "Feature", "properties": { "fid": 629, "hex_id": 628 }, "geometry": { "type": "Polygon", "coordinates": [ [ [ 20.972337, 52.348788 ], [ 20.974556, 52.351 ], [ 20.978793, 52.350929 ], [ 20.980811, 52.348646 ], [ 20.978592, 52.346435 ], [ 20.974355, 52.346506 ], [ 20.972337, 52.348788 ] ] ] } },
{ "type": "Feature", "properties": { "fid": 630, "hex_id": 629 }, "geometry": { "type": "Polygon", "coordinates": [ [ [ 20.972137, 52.344294 ], [ 20.974355, 52.346506 ], [ 20.978592, 52.346435 ], [ 20.98061, 52.344153 ], [ 20.978391, 52.341941 ], [ 20.974155, 52.342012 ], [ 20.972137, 52.344294 ] ] ] } },
{ "type": "Feature", "properties": { "fid": 631, "hex_id": 630 }, "geometry": { "type": "Polygon", "coordinates": [ [ [ 20.971937, 52.3398 ], [ 20.974155, 52.342012 ], [ 20.978391, 52.341941 ], [ 20.980409, 52.339659 ], [ 20.978191, 52.337447 ], [ 20.973955, 52.337518 ], [ 20.971937, 52.3398 ] ] ] } },
{ "type": "Feature", "properties": { "fid": 632, "hex_id": 631 }, "geometry": { "type": "Polygon", "coordinates": [ [ [ 20.971737, 52.335307 ], [ 20.973955, 52.337518 ], [ 20.978191, 52.337447 ], [ 20.980208, 52.335165 ], [ 20.97799, 52.332953 ], [ 20.973755, 52.333024 ], [ 20.971737, 52.335307 ] ] ] } },
{ "type": "Feature", "properties": { "fid": 633, "hex_id": 632 }, "geometry": { "type": "Polygon", "coordinates": [ [ [ 20.971537, 52.330813 ], [ 20.973755, 52.333024 ], [ 20.97799, 52.332953 ], [ 20.980007, 52.330671 ], [ 20.97779, 52.328459 ], [ 20.973555, 52.32853 ], [ 20.971537, 52.330813 ] ] ] } },
{ "type": "Feature", "properties": { "fid": 634, "hex_id": 633 }, "geometry": { "type": "Polygon", "coordinates": [ [ [ 20.971337, 52.326319 ], [ 20.973555, 52.32853 ], [ 20.97779, 52.328459 ], [ 20.979807, 52.326177 ], [ 20.977589, 52.323966 ], [ 20.973355, 52.324036 ], [ 20.971337, 52.326319 ] ] ] } },
{ "type": "Feature", "properties": { "fid": 635, "hex_id": 634 }, "geometry": { "type": "Polygon", "coordinates": [ [ [ 20.971138, 52.321825 ], [ 20.973355, 52.324036 ], [ 20.977589, 52.323966 ], [ 20.979606, 52.321683 ], [ 20.977389, 52.319472 ], [ 20.973155, 52.319543 ], [ 20.971138, 52.321825 ] ] ] } },
{ "type": "Feature", "properties": { "fid": 636, "hex_id": 635 }, "geometry": { "type": "Polygon", "coordinates": [ [ [ 20.970938, 52.317331 ], [ 20.973155, 52.319543 ], [ 20.977389, 52.319472 ], [ 20.979405, 52.317189 ], [ 20.977188, 52.314978 ], [ 20.972955, 52.315049 ], [ 20.970938, 52.317331 ] ] ] } },
{ "type": "Feature", "properties": { "fid": 637, "hex_id": 636 }, "geometry": { "type": "Polygon", "coordinates": [ [ [ 20.970738, 52.312837 ], [ 20.972955, 52.315049 ], [ 20.977188, 52.314978 ], [ 20.979205, 52.312695 ], [ 20.976988, 52.310484 ], [ 20.972755, 52.310555 ], [ 20.970738, 52.312837 ] ] ] } },
{ "type": "Feature", "properties": { "fid": 638, "hex_id": 637 }, "geometry": { "type": "Polygon", "coordinates": [ [ [ 20.970539, 52.308343 ], [ 20.972755, 52.310555 ], [ 20.976988, 52.310484 ], [ 20.979004, 52.308201 ], [ 20.976788, 52.30599 ], [ 20.972555, 52.306061 ], [ 20.970539, 52.308343 ] ] ] } },
{ "type": "Feature", "properties": { "fid": 639, "hex_id": 638 }, "geometry": { "type": "Polygon", "coordinates": [ [ [ 20.970339, 52.303849 ], [ 20.972555, 52.306061 ], [ 20.976788, 52.30599 ], [ 20.978804, 52.303708 ], [ 20.976588, 52.301496 ], [ 20.972355, 52.301567 ], [ 20.970339, 52.303849 ] ] ] } },
{ "type": "Feature", "properties": { "fid": 640, "hex_id": 639 }, "geometry": { "type": "Polygon", "coordinates": [ [ [ 20.970139, 52.299355 ], [ 20.972355, 52.301567 ], [ 20.976588, 52.301496 ], [ 20.978603, 52.299214 ], [ 20.976387, 52.297002 ], [ 20.972156, 52.297073 ], [ 20.970139, 52.299355 ] ] ] } },
{ "type": "Feature", "properties": { "fid": 641, "hex_id": 640 }, "geometry": { "type": "Polygon", "coordinates": [ [ [ 20.96994, 52.294861 ], [ 20.972156, 52.297073 ], [ 20.976387, 52.297002 ], [ 20.978403, 52.29472 ], [ 20.976187, 52.292508 ], [ 20.971956, 52.292579 ], [ 20.96994, 52.294861 ] ] ] } },
{ "type": "Feature", "properties": { "fid": 642, "hex_id": 641 }, "geometry": { "type": "Polygon", "coordinates": [ [ [ 20.96974, 52.290367 ], [ 20.971956, 52.292579 ], [ 20.976187, 52.292508 ], [ 20.978203, 52.290226 ], [ 20.975987, 52.288014 ], [ 20.971756, 52.288085 ], [ 20.96974, 52.290367 ] ] ] } },
{ "type": "Feature", "properties": { "fid": 643, "hex_id": 642 }, "geometry": { "type": "Polygon", "coordinates": [ [ [ 20.969541, 52.285873 ], [ 20.971756, 52.288085 ], [ 20.975987, 52.288014 ], [ 20.978003, 52.285732 ], [ 20.975787, 52.28352 ], [ 20.971557, 52.283591 ], [ 20.969541, 52.285873 ] ] ] } },
{ "type": "Feature", "properties": { "fid": 644, "hex_id": 643 }, "geometry": { "type": "Polygon", "coordinates": [ [ [ 20.969342, 52.281379 ], [ 20.971557, 52.283591 ], [ 20.975787, 52.28352 ], [ 20.977802, 52.281238 ], [ 20.975587, 52.279026 ], [ 20.971357, 52.279097 ], [ 20.969342, 52.281379 ] ] ] } },
{ "type": "Feature", "properties": { "fid": 645, "hex_id": 644 }, "geometry": { "type": "Polygon", "coordinates": [ [ [ 20.969143, 52.276885 ], [ 20.971357, 52.279097 ], [ 20.975587, 52.279026 ], [ 20.977602, 52.276744 ], [ 20.975387, 52.274532 ], [ 20.971158, 52.274603 ], [ 20.969143, 52.276885 ] ] ] } },
{ "type": "Feature", "properties": { "fid": 646, "hex_id": 645 }, "geometry": { "type": "Polygon", "coordinates": [ [ [ 20.968943, 52.272391 ], [ 20.971158, 52.274603 ], [ 20.975387, 52.274532 ], [ 20.977402, 52.27225 ], [ 20.975188, 52.270039 ], [ 20.970958, 52.270109 ], [ 20.968943, 52.272391 ] ] ] } },
{ "type": "Feature", "properties": { "fid": 647, "hex_id": 646 }, "geometry": { "type": "Polygon", "coordinates": [ [ [ 20.968744, 52.267898 ], [ 20.970958, 52.270109 ], [ 20.975188, 52.270039 ], [ 20.977202, 52.267756 ], [ 20.974988, 52.265545 ], [ 20.970759, 52.265615 ], [ 20.968744, 52.267898 ] ] ] } },
{ "type": "Feature", "properties": { "fid": 648, "hex_id": 647 }, "geometry": { "type": "Polygon", "coordinates": [ [ [ 20.968545, 52.263404 ], [ 20.970759, 52.265615 ], [ 20.974988, 52.265545 ], [ 20.977002, 52.263262 ], [ 20.974788, 52.261051 ], [ 20.97056, 52.261121 ], [ 20.968545, 52.263404 ] ] ] } },
{ "type": "Feature", "properties": { "fid": 649, "hex_id": 648 }, "geometry": { "type": "Polygon", "coordinates": [ [ [ 20.968346, 52.25891 ], [ 20.97056, 52.261121 ], [ 20.974788, 52.261051 ], [ 20.976802, 52.258768 ], [ 20.974588, 52.256557 ], [ 20.97036, 52.256627 ], [ 20.968346, 52.25891 ] ] ] } },
{ "type": "Feature", "properties": { "fid": 650, "hex_id": 649 }, "geometry": { "type": "Polygon", "coordinates": [ [ [ 20.968147, 52.254416 ], [ 20.97036, 52.256627 ], [ 20.974588, 52.256557 ], [ 20.976603, 52.254274 ], [ 20.974389, 52.252063 ], [ 20.970161, 52.252133 ], [ 20.968147, 52.254416 ] ] ] } },
{ "type": "Feature", "properties": { "fid": 651, "hex_id": 650 }, "geometry": { "type": "Polygon", "coordinates": [ [ [ 20.967948, 52.249922 ], [ 20.970161, 52.252133 ], [ 20.974389, 52.252063 ], [ 20.976403, 52.24978 ], [ 20.974189, 52.247569 ], [ 20.969962, 52.247639 ], [ 20.967948, 52.249922 ] ] ] } },
{ "type": "Feature", "properties": { "fid": 652, "hex_id": 651 }, "geometry": { "type": "Polygon", "coordinates": [ [ [ 20.967749, 52.245428 ], [ 20.969962, 52.247639 ], [ 20.974189, 52.247569 ], [ 20.976203, 52.245286 ], [ 20.97399, 52.243075 ], [ 20.969763, 52.243145 ], [ 20.967749, 52.245428 ] ] ] } },
{ "type": "Feature", "properties": { "fid": 653, "hex_id": 652 }, "geometry": { "type": "Polygon", "coordinates": [ [ [ 20.96755, 52.240934 ], [ 20.969763, 52.243145 ], [ 20.97399, 52.243075 ], [ 20.976003, 52.240792 ], [ 20.97379, 52.238581 ], [ 20.969564, 52.238651 ], [ 20.96755, 52.240934 ] ] ] } },
{ "type": "Feature", "properties": { "fid": 654, "hex_id": 653 }, "geometry": { "type": "Polygon", "coordinates": [ [ [ 20.967351, 52.23644 ], [ 20.969564, 52.238651 ], [ 20.97379, 52.238581 ], [ 20.975804, 52.236298 ], [ 20.973591, 52.234087 ], [ 20.969365, 52.234157 ], [ 20.967351, 52.23644 ] ] ] } },
{ "type": "Feature", "properties": { "fid": 655, "hex_id": 654 }, "geometry": { "type": "Polygon", "coordinates": [ [ [ 20.967153, 52.231946 ], [ 20.969365, 52.234157 ], [ 20.973591, 52.234087 ], [ 20.975604, 52.231804 ], [ 20.973392, 52.229593 ], [ 20.969166, 52.229663 ], [ 20.967153, 52.231946 ] ] ] } },
{ "type": "Feature", "properties": { "fid": 656, "hex_id": 655 }, "geometry": { "type": "Polygon", "coordinates": [ [ [ 20.966954, 52.227452 ], [ 20.969166, 52.229663 ], [ 20.973392, 52.229593 ], [ 20.975404, 52.22731 ], [ 20.973192, 52.225099 ], [ 20.968967, 52.225169 ], [ 20.966954, 52.227452 ] ] ] } },
{ "type": "Feature", "properties": { "fid": 657, "hex_id": 656 }, "geometry": { "type": "Polygon", "coordinates": [ [ [ 20.966755, 52.222958 ], [ 20.968967, 52.225169 ], [ 20.973192, 52.225099 ], [ 20.975205, 52.222816 ], [ 20.972993, 52.220605 ], [ 20.968768, 52.220675 ], [ 20.966755, 52.222958 ] ] ] } },
{ "type": "Feature", "properties": { "fid": 658, "hex_id": 657 }, "geometry": { "type": "Polygon", "coordinates": [ [ [ 20.966557, 52.218464 ], [ 20.968768, 52.220675 ], [ 20.972993, 52.220605 ], [ 20.975006, 52.218323 ], [ 20.972794, 52.216111 ], [ 20.96857, 52.216181 ], [ 20.966557, 52.218464 ] ] ] } },
{ "type": "Feature", "properties": { "fid": 659, "hex_id": 658 }, "geometry": { "type": "Polygon", "coordinates": [ [ [ 20.966358, 52.21397 ], [ 20.96857, 52.216181 ], [ 20.972794, 52.216111 ], [ 20.974806, 52.213829 ], [ 20.972595, 52.211617 ], [ 20.968371, 52.211687 ], [ 20.966358, 52.21397 ] ] ] } },
{ "type": "Feature", "properties": { "fid": 660, "hex_id": 659 }, "geometry": { "type": "Polygon", "coordinates": [ [ [ 20.96616, 52.209476 ], [ 20.968371, 52.211687 ], [ 20.972595, 52.211617 ], [ 20.974607, 52.209335 ], [ 20.972395, 52.207123 ], [ 20.968172, 52.207193 ], [ 20.96616, 52.209476 ] ] ] } },
{ "type": "Feature", "properties": { "fid": 661, "hex_id": 660 }, "geometry": { "type": "Polygon", "coordinates": [ [ [ 20.965961, 52.204982 ], [ 20.968172, 52.207193 ], [ 20.972395, 52.207123 ], [ 20.974408, 52.204841 ], [ 20.972196, 52.202629 ], [ 20.967974, 52.202699 ], [ 20.965961, 52.204982 ] ] ] } },
{ "type": "Feature", "properties": { "fid": 662, "hex_id": 661 }, "geometry": { "type": "Polygon", "coordinates": [ [ [ 20.965763, 52.200488 ], [ 20.967974, 52.202699 ], [ 20.972196, 52.202629 ], [ 20.974208, 52.200347 ], [ 20.971997, 52.198135 ], [ 20.967775, 52.198205 ], [ 20.965763, 52.200488 ] ] ] } },
{ "type": "Feature", "properties": { "fid": 663, "hex_id": 662 }, "geometry": { "type": "Polygon", "coordinates": [ [ [ 20.965565, 52.195994 ], [ 20.967775, 52.198205 ], [ 20.971997, 52.198135 ], [ 20.974009, 52.195853 ], [ 20.971799, 52.193641 ], [ 20.967577, 52.193711 ], [ 20.965565, 52.195994 ] ] ] } },
{ "type": "Feature", "properties": { "fid": 664, "hex_id": 663 }, "geometry": { "type": "Polygon", "coordinates": [ [ [ 20.965366, 52.191499 ], [ 20.967577, 52.193711 ], [ 20.971799, 52.193641 ], [ 20.97381, 52.191359 ], [ 20.9716, 52.189147 ], [ 20.967378, 52.189217 ], [ 20.965366, 52.191499 ] ] ] } },
{ "type": "Feature", "properties": { "fid": 665, "hex_id": 664 }, "geometry": { "type": "Polygon", "coordinates": [ [ [ 20.965168, 52.187005 ], [ 20.967378, 52.189217 ], [ 20.9716, 52.189147 ], [ 20.973611, 52.186864 ], [ 20.971401, 52.184653 ], [ 20.96718, 52.184723 ], [ 20.965168, 52.187005 ] ] ] } },
{ "type": "Feature", "properties": { "fid": 666, "hex_id": 665 }, "geometry": { "type": "Polygon", "coordinates": [ [ [ 20.96497, 52.182511 ], [ 20.96718, 52.184723 ], [ 20.971401, 52.184653 ], [ 20.973412, 52.18237 ], [ 20.971202, 52.180159 ], [ 20.966981, 52.180229 ], [ 20.96497, 52.182511 ] ] ] } },
{ "type": "Feature", "properties": { "fid": 667, "hex_id": 666 }, "geometry": { "type": "Polygon", "coordinates": [ [ [ 20.964772, 52.178017 ], [ 20.966981, 52.180229 ], [ 20.971202, 52.180159 ], [ 20.973213, 52.177876 ], [ 20.971003, 52.175665 ], [ 20.966783, 52.175735 ], [ 20.964772, 52.178017 ] ] ] } },
{ "type": "Feature", "properties": { "fid": 668, "hex_id": 667 }, "geometry": { "type": "Polygon", "coordinates": [ [ [ 20.964574, 52.173523 ], [ 20.966783, 52.175735 ], [ 20.971003, 52.175665 ], [ 20.973014, 52.173382 ], [ 20.970805, 52.171171 ], [ 20.966585, 52.171241 ], [ 20.964574, 52.173523 ] ] ] } },
{ "type": "Feature", "properties": { "fid": 669, "hex_id": 668 }, "geometry": { "type": "Polygon", "coordinates": [ [ [ 20.964376, 52.169029 ], [ 20.966585, 52.171241 ], [ 20.970805, 52.171171 ], [ 20.972815, 52.168888 ], [ 20.970606, 52.166677 ], [ 20.966387, 52.166747 ], [ 20.964376, 52.169029 ] ] ] } },
{ "type": "Feature", "properties": { "fid": 670, "hex_id": 669 }, "geometry": { "type": "Polygon", "coordinates": [ [ [ 20.964178, 52.164535 ], [ 20.966387, 52.166747 ], [ 20.970606, 52.166677 ], [ 20.972616, 52.164394 ], [ 20.970407, 52.162183 ], [ 20.966188, 52.162253 ], [ 20.964178, 52.164535 ] ] ] } },
{ "type": "Feature", "properties": { "fid": 671, "hex_id": 670 }, "geometry": { "type": "Polygon", "coordinates": [ [ [ 20.96398, 52.160041 ], [ 20.966188, 52.162253 ], [ 20.970407, 52.162183 ], [ 20.972418, 52.1599 ], [ 20.970209, 52.157689 ], [ 20.96599, 52.157759 ], [ 20.96398, 52.160041 ] ] ] } },
{ "type": "Feature", "properties": { "fid": 672, "hex_id": 671 }, "geometry": { "type": "Polygon", "coordinates": [ [ [ 20.963782, 52.155547 ], [ 20.96599, 52.157759 ], [ 20.970209, 52.157689 ], [ 20.972219, 52.155406 ], [ 20.97001, 52.153195 ], [ 20.965792, 52.153265 ], [ 20.963782, 52.155547 ] ] ] } },
{ "type": "Feature", "properties": { "fid": 673, "hex_id": 672 }, "geometry": { "type": "Polygon", "coordinates": [ [ [ 20.963584, 52.151053 ], [ 20.965792, 52.153265 ], [ 20.97001, 52.153195 ], [ 20.97202, 52.150912 ], [ 20.969812, 52.1487 ], [ 20.965594, 52.148771 ], [ 20.963584, 52.151053 ] ] ] } },
{ "type": "Feature", "properties": { "fid": 674, "hex_id": 673 }, "geometry": { "type": "Polygon", "coordinates": [ [ [ 20.963386, 52.146559 ], [ 20.965594, 52.148771 ], [ 20.969812, 52.1487 ], [ 20.971822, 52.146418 ], [ 20.969614, 52.144206 ], [ 20.965396, 52.144277 ], [ 20.963386, 52.146559 ] ] ] } },
{ "type": "Feature", "properties": { "fid": 675, "hex_id": 674 }, "geometry": { "type": "Polygon", "coordinates": [ [ [ 20.979194, 52.359917 ], [ 20.981414, 52.362128 ], [ 20.985652, 52.362057 ], [ 20.98767, 52.359774 ], [ 20.98545, 52.357563 ], [ 20.981213, 52.357634 ], [ 20.979194, 52.359917 ] ] ] } },
{ "type": "Feature", "properties": { "fid": 676, "hex_id": 675 }, "geometry": { "type": "Polygon", "coordinates": [ [ [ 20.978993, 52.355423 ], [ 20.981213, 52.357634 ], [ 20.98545, 52.357563 ], [ 20.987468, 52.355281 ], [ 20.985249, 52.353069 ], [ 20.981012, 52.35314 ], [ 20.978993, 52.355423 ] ] ] } },
{ "type": "Feature", "properties": { "fid": 677, "hex_id": 676 }, "geometry": { "type": "Polygon", "coordinates": [ [ [ 20.978793, 52.350929 ], [ 20.981012, 52.35314 ], [ 20.985249, 52.353069 ], [ 20.987267, 52.350787 ], [ 20.985047, 52.348575 ], [ 20.980811, 52.348646 ], [ 20.978793, 52.350929 ] ] ] } },
{ "type": "Feature", "properties": { "fid": 678, "hex_id": 677 }, "geometry": { "type": "Polygon", "coordinates": [ [ [ 20.978592, 52.346435 ], [ 20.980811, 52.348646 ], [ 20.985047, 52.348575 ], [ 20.987065, 52.346293 ], [ 20.984846, 52.344081 ], [ 20.98061, 52.344153 ], [ 20.978592, 52.346435 ] ] ] } },
{ "type": "Feature", "properties": { "fid": 679, "hex_id": 678 }, "geometry": { "type": "Polygon", "coordinates": [ [ [ 20.978391, 52.341941 ], [ 20.98061, 52.344153 ], [ 20.984846, 52.344081 ], [ 20.986863, 52.341799 ], [ 20.984645, 52.339588 ], [ 20.980409, 52.339659 ], [ 20.978391, 52.341941 ] ] ] } },
{ "type": "Feature", "properties": { "fid": 680, "hex_id": 679 }, "geometry": { "type": "Polygon", "coordinates": [ [ [ 20.978191, 52.337447 ], [ 20.980409, 52.339659 ], [ 20.984645, 52.339588 ], [ 20.986662, 52.337305 ], [ 20.984443, 52.335094 ], [ 20.980208, 52.335165 ], [ 20.978191, 52.337447 ] ] ] } },
{ "type": "Feature", "properties": { "fid": 681, "hex_id": 680 }, "geometry": { "type": "Polygon", "coordinates": [ [ [ 20.97799, 52.332953 ], [ 20.980208, 52.335165 ], [ 20.984443, 52.335094 ], [ 20.98646, 52.332811 ], [ 20.984242, 52.3306 ], [ 20.980007, 52.330671 ], [ 20.97799, 52.332953 ] ] ] } },
{ "type": "Feature", "properties": { "fid": 682, "hex_id": 681 }, "geometry": { "type": "Polygon", "coordinates": [ [ [ 20.97779, 52.328459 ], [ 20.980007, 52.330671 ], [ 20.984242, 52.3306 ], [ 20.986259, 52.328317 ], [ 20.984041, 52.326106 ], [ 20.979807, 52.326177 ], [ 20.97779, 52.328459 ] ] ] } },
{ "type": "Feature", "properties": { "fid": 683, "hex_id": 682 }, "geometry": { "type": "Polygon", "coordinates": [ [ [ 20.977589, 52.323966 ], [ 20.979807, 52.326177 ], [ 20.984041, 52.326106 ], [ 20.986058, 52.323823 ], [ 20.98384, 52.321612 ], [ 20.979606, 52.321683 ], [ 20.977589, 52.323966 ] ] ] } },
{ "type": "Feature", "properties": { "fid": 684, "hex_id": 683 }, "geometry": { "type": "Polygon", "coordinates": [ [ [ 20.977389, 52.319472 ], [ 20.979606, 52.321683 ], [ 20.98384, 52.321612 ], [ 20.985857, 52.31933 ], [ 20.983639, 52.317118 ], [ 20.979405, 52.317189 ], [ 20.977389, 52.319472 ] ] ] } },
{ "type": "Feature", "properties": { "fid": 685, "hex_id": 684 }, "geometry": { "type": "Polygon", "coordinates": [ [ [ 20.977188, 52.314978 ], [ 20.979405, 52.317189 ], [ 20.983639, 52.317118 ], [ 20.985655, 52.314836 ], [ 20.983438, 52.312624 ], [ 20.979205, 52.312695 ], [ 20.977188, 52.314978 ] ] ] } },
{ "type": "Feature", "properties": { "fid": 686, "hex_id": 685 }, "geometry": { "type": "Polygon", "coordinates": [ [ [ 20.976988, 52.310484 ], [ 20.979205, 52.312695 ], [ 20.983438, 52.312624 ], [ 20.985454, 52.310342 ], [ 20.983237, 52.30813 ], [ 20.979004, 52.308201 ], [ 20.976988, 52.310484 ] ] ] } },
{ "type": "Feature", "properties": { "fid": 687, "hex_id": 686 }, "geometry": { "type": "Polygon", "coordinates": [ [ [ 20.976788, 52.30599 ], [ 20.979004, 52.308201 ], [ 20.983237, 52.30813 ], [ 20.985253, 52.305848 ], [ 20.983036, 52.303637 ], [ 20.978804, 52.303708 ], [ 20.976788, 52.30599 ] ] ] } },
{ "type": "Feature", "properties": { "fid": 688, "hex_id": 687 }, "geometry": { "type": "Polygon", "coordinates": [ [ [ 20.976588, 52.301496 ], [ 20.978804, 52.303708 ], [ 20.983036, 52.303637 ], [ 20.985052, 52.301354 ], [ 20.982835, 52.299143 ], [ 20.978603, 52.299214 ], [ 20.976588, 52.301496 ] ] ] } },
{ "type": "Feature", "properties": { "fid": 689, "hex_id": 688 }, "geometry": { "type": "Polygon", "coordinates": [ [ [ 20.976387, 52.297002 ], [ 20.978603, 52.299214 ], [ 20.982835, 52.299143 ], [ 20.984851, 52.29686 ], [ 20.982635, 52.294649 ], [ 20.978403, 52.29472 ], [ 20.976387, 52.297002 ] ] ] } },
{ "type": "Feature", "properties": { "fid": 690, "hex_id": 689 }, "geometry": { "type": "Polygon", "coordinates": [ [ [ 20.976187, 52.292508 ], [ 20.978403, 52.29472 ], [ 20.982635, 52.294649 ], [ 20.98465, 52.292366 ], [ 20.982434, 52.290155 ], [ 20.978203, 52.290226 ], [ 20.976187, 52.292508 ] ] ] } },
{ "type": "Feature", "properties": { "fid": 691, "hex_id": 690 }, "geometry": { "type": "Polygon", "coordinates": [ [ [ 20.975987, 52.288014 ], [ 20.978203, 52.290226 ], [ 20.982434, 52.290155 ], [ 20.984449, 52.287872 ], [ 20.982233, 52.285661 ], [ 20.978003, 52.285732 ], [ 20.975987, 52.288014 ] ] ] } },
{ "type": "Feature", "properties": { "fid": 692, "hex_id": 691 }, "geometry": { "type": "Polygon", "coordinates": [ [ [ 20.975787, 52.28352 ], [ 20.978003, 52.285732 ], [ 20.982233, 52.285661 ], [ 20.984248, 52.283378 ], [ 20.982033, 52.281167 ], [ 20.977802, 52.281238 ], [ 20.975787, 52.28352 ] ] ] } },
{ "type": "Feature", "properties": { "fid": 693, "hex_id": 692 }, "geometry": { "type": "Polygon", "coordinates": [ [ [ 20.975587, 52.279026 ], [ 20.977802, 52.281238 ], [ 20.982033, 52.281167 ], [ 20.984048, 52.278885 ], [ 20.981832, 52.276673 ], [ 20.977602, 52.276744 ], [ 20.975587, 52.279026 ] ] ] } },
{ "type": "Feature", "properties": { "fid": 694, "hex_id": 693 }, "geometry": { "type": "Polygon", "coordinates": [ [ [ 20.975387, 52.274532 ], [ 20.977602, 52.276744 ], [ 20.981832, 52.276673 ], [ 20.983847, 52.274391 ], [ 20.981632, 52.272179 ], [ 20.977402, 52.27225 ], [ 20.975387, 52.274532 ] ] ] } },
{ "type": "Feature", "properties": { "fid": 695, "hex_id": 694 }, "geometry": { "type": "Polygon", "coordinates": [ [ [ 20.975188, 52.270039 ], [ 20.977402, 52.27225 ], [ 20.981632, 52.272179 ], [ 20.983646, 52.269897 ], [ 20.981431, 52.267685 ], [ 20.977202, 52.267756 ], [ 20.975188, 52.270039 ] ] ] } },
{ "type": "Feature", "properties": { "fid": 696, "hex_id": 695 }, "geometry": { "type": "Polygon", "coordinates": [ [ [ 20.974988, 52.265545 ], [ 20.977202, 52.267756 ], [ 20.981431, 52.267685 ], [ 20.983445, 52.265403 ], [ 20.981231, 52.263191 ], [ 20.977002, 52.263262 ], [ 20.974988, 52.265545 ] ] ] } },
{ "type": "Feature", "properties": { "fid": 697, "hex_id": 696 }, "geometry": { "type": "Polygon", "coordinates": [ [ [ 20.974788, 52.261051 ], [ 20.977002, 52.263262 ], [ 20.981231, 52.263191 ], [ 20.983245, 52.260909 ], [ 20.981031, 52.258697 ], [ 20.976802, 52.258768 ], [ 20.974788, 52.261051 ] ] ] } },
{ "type": "Feature", "properties": { "fid": 698, "hex_id": 697 }, "geometry": { "type": "Polygon", "coordinates": [ [ [ 20.974588, 52.256557 ], [ 20.976802, 52.258768 ], [ 20.981031, 52.258697 ], [ 20.983044, 52.256415 ], [ 20.98083, 52.254203 ], [ 20.976603, 52.254274 ], [ 20.974588, 52.256557 ] ] ] } },
{ "type": "Feature", "properties": { "fid": 699, "hex_id": 698 }, "geometry": { "type": "Polygon", "coordinates": [ [ [ 20.974389, 52.252063 ], [ 20.976603, 52.254274 ], [ 20.98083, 52.254203 ], [ 20.982844, 52.251921 ], [ 20.98063, 52.249709 ], [ 20.976403, 52.24978 ], [ 20.974389, 52.252063 ] ] ] } },
{ "type": "Feature", "properties": { "fid": 700, "hex_id": 699 }, "geometry": { "type": "Polygon", "coordinates": [ [ [ 20.974189, 52.247569 ], [ 20.976403, 52.24978 ], [ 20.98063, 52.249709 ], [ 20.982643, 52.247427 ], [ 20.98043, 52.245216 ], [ 20.976203, 52.245286 ], [ 20.974189, 52.247569 ] ] ] } },
{ "type": "Feature", "properties": { "fid": 701, "hex_id": 700 }, "geometry": { "type": "Polygon", "coordinates": [ [ [ 20.97399, 52.243075 ], [ 20.976203, 52.245286 ], [ 20.98043, 52.245216 ], [ 20.982443, 52.242933 ], [ 20.98023, 52.240722 ], [ 20.976003, 52.240792 ], [ 20.97399, 52.243075 ] ] ] } },
{ "type": "Feature", "properties": { "fid": 702, "hex_id": 701 }, "geometry": { "type": "Polygon", "coordinates": [ [ [ 20.97379, 52.238581 ], [ 20.976003, 52.240792 ], [ 20.98023, 52.240722 ], [ 20.982243, 52.238439 ], [ 20.98003, 52.236228 ], [ 20.975804, 52.236298 ], [ 20.97379, 52.238581 ] ] ] } },
{ "type": "Feature", "properties": { "fid": 703, "hex_id": 702 }, "geometry": { "type": "Polygon", "coordinates": [ [ [ 20.973591, 52.234087 ], [ 20.975804, 52.236298 ], [ 20.98003, 52.236228 ], [ 20.982043, 52.233945 ], [ 20.97983, 52.231734 ], [ 20.975604, 52.231804 ], [ 20.973591, 52.234087 ] ] ] } },
{ "type": "Feature", "properties": { "fid": 704, "hex_id": 703 }, "geometry": { "type": "Polygon", "coordinates": [ [ [ 20.973392, 52.229593 ], [ 20.975604, 52.231804 ], [ 20.97983, 52.231734 ], [ 20.981842, 52.229451 ], [ 20.97963, 52.22724 ], [ 20.975404, 52.22731 ], [ 20.973392, 52.229593 ] ] ] } },
{ "type": "Feature", "properties": { "fid": 705, "hex_id": 704 }, "geometry": { "type": "Polygon", "coordinates": [ [ [ 20.973192, 52.225099 ], [ 20.975404, 52.22731 ], [ 20.97963, 52.22724 ], [ 20.981642, 52.224957 ], [ 20.97943, 52.222746 ], [ 20.975205, 52.222816 ], [ 20.973192, 52.225099 ] ] ] } },
{ "type": "Feature", "properties": { "fid": 706, "hex_id": 705 }, "geometry": { "type": "Polygon", "coordinates": [ [ [ 20.972993, 52.220605 ], [ 20.975205, 52.222816 ], [ 20.97943, 52.222746 ], [ 20.981442, 52.220463 ], [ 20.97923, 52.218252 ], [ 20.975006, 52.218323 ], [ 20.972993, 52.220605 ] ] ] } },
{ "type": "Feature", "properties": { "fid": 707, "hex_id": 706 }, "geometry": { "type": "Polygon", "coordinates": [ [ [ 20.972794, 52.216111 ], [ 20.975006, 52.218323 ], [ 20.97923, 52.218252 ], [ 20.981242, 52.215969 ], [ 20.97903, 52.213758 ], [ 20.974806, 52.213829 ], [ 20.972794, 52.216111 ] ] ] } },
{ "type": "Feature", "properties": { "fid": 708, "hex_id": 707 }, "geometry": { "type": "Polygon", "coordinates": [ [ [ 20.972595, 52.211617 ], [ 20.974806, 52.213829 ], [ 20.97903, 52.213758 ], [ 20.981042, 52.211475 ], [ 20.97883, 52.209264 ], [ 20.974607, 52.209335 ], [ 20.972595, 52.211617 ] ] ] } },
{ "type": "Feature", "properties": { "fid": 709, "hex_id": 708 }, "geometry": { "type": "Polygon", "coordinates": [ [ [ 20.972395, 52.207123 ], [ 20.974607, 52.209335 ], [ 20.97883, 52.209264 ], [ 20.980842, 52.206981 ], [ 20.978631, 52.20477 ], [ 20.974408, 52.204841 ], [ 20.972395, 52.207123 ] ] ] } },
{ "type": "Feature", "properties": { "fid": 710, "hex_id": 709 }, "geometry": { "type": "Polygon", "coordinates": [ [ [ 20.972196, 52.202629 ], [ 20.974408, 52.204841 ], [ 20.978631, 52.20477 ], [ 20.980642, 52.202487 ], [ 20.978431, 52.200276 ], [ 20.974208, 52.200347 ], [ 20.972196, 52.202629 ] ] ] } },
{ "type": "Feature", "properties": { "fid": 711, "hex_id": 710 }, "geometry": { "type": "Polygon", "coordinates": [ [ [ 20.971997, 52.198135 ], [ 20.974208, 52.200347 ], [ 20.978431, 52.200276 ], [ 20.980442, 52.197993 ], [ 20.978231, 52.195782 ], [ 20.974009, 52.195853 ], [ 20.971997, 52.198135 ] ] ] } },
{ "type": "Feature", "properties": { "fid": 712, "hex_id": 711 }, "geometry": { "type": "Polygon", "coordinates": [ [ [ 20.971799, 52.193641 ], [ 20.974009, 52.195853 ], [ 20.978231, 52.195782 ], [ 20.980242, 52.193499 ], [ 20.978032, 52.191288 ], [ 20.97381, 52.191359 ], [ 20.971799, 52.193641 ] ] ] } },
{ "type": "Feature", "properties": { "fid": 713, "hex_id": 712 }, "geometry": { "type": "Polygon", "coordinates": [ [ [ 20.9716, 52.189147 ], [ 20.97381, 52.191359 ], [ 20.978032, 52.191288 ], [ 20.980043, 52.189005 ], [ 20.977832, 52.186794 ], [ 20.973611, 52.186864 ], [ 20.9716, 52.189147 ] ] ] } },
{ "type": "Feature", "properties": { "fid": 714, "hex_id": 713 }, "geometry": { "type": "Polygon", "coordinates": [ [ [ 20.971401, 52.184653 ], [ 20.973611, 52.186864 ], [ 20.977832, 52.186794 ], [ 20.979843, 52.184511 ], [ 20.977633, 52.1823 ], [ 20.973412, 52.18237 ], [ 20.971401, 52.184653 ] ] ] } },
{ "type": "Feature", "properties": { "fid": 715, "hex_id": 714 }, "geometry": { "type": "Polygon", "coordinates": [ [ [ 20.971202, 52.180159 ], [ 20.973412, 52.18237 ], [ 20.977633, 52.1823 ], [ 20.979643, 52.180017 ], [ 20.977433, 52.177806 ], [ 20.973213, 52.177876 ], [ 20.971202, 52.180159 ] ] ] } },
{ "type": "Feature", "properties": { "fid": 716, "hex_id": 715 }, "geometry": { "type": "Polygon", "coordinates": [ [ [ 20.971003, 52.175665 ], [ 20.973213, 52.177876 ], [ 20.977433, 52.177806 ], [ 20.979444, 52.175523 ], [ 20.977234, 52.173312 ], [ 20.973014, 52.173382 ], [ 20.971003, 52.175665 ] ] ] } },
{ "type": "Feature", "properties": { "fid": 717, "hex_id": 716 }, "geometry": { "type": "Polygon", "coordinates": [ [ [ 20.970805, 52.171171 ], [ 20.973014, 52.173382 ], [ 20.977234, 52.173312 ], [ 20.979244, 52.171029 ], [ 20.977035, 52.168818 ], [ 20.972815, 52.168888 ], [ 20.970805, 52.171171 ] ] ] } },
{ "type": "Feature", "properties": { "fid": 718, "hex_id": 717 }, "geometry": { "type": "Polygon", "coordinates": [ [ [ 20.970606, 52.166677 ], [ 20.972815, 52.168888 ], [ 20.977035, 52.168818 ], [ 20.979045, 52.166535 ], [ 20.976836, 52.164324 ], [ 20.972616, 52.164394 ], [ 20.970606, 52.166677 ] ] ] } },
{ "type": "Feature", "properties": { "fid": 719, "hex_id": 718 }, "geometry": { "type": "Polygon", "coordinates": [ [ [ 20.970407, 52.162183 ], [ 20.972616, 52.164394 ], [ 20.976836, 52.164324 ], [ 20.978845, 52.162041 ], [ 20.976636, 52.15983 ], [ 20.972418, 52.1599 ], [ 20.970407, 52.162183 ] ] ] } },
{ "type": "Feature", "properties": { "fid": 720, "hex_id": 719 }, "geometry": { "type": "Polygon", "coordinates": [ [ [ 20.970209, 52.157689 ], [ 20.972418, 52.1599 ], [ 20.976636, 52.15983 ], [ 20.978646, 52.157547 ], [ 20.976437, 52.155336 ], [ 20.972219, 52.155406 ], [ 20.970209, 52.157689 ] ] ] } },
{ "type": "Feature", "properties": { "fid": 721, "hex_id": 720 }, "geometry": { "type": "Polygon", "coordinates": [ [ [ 20.97001, 52.153195 ], [ 20.972219, 52.155406 ], [ 20.976437, 52.155336 ], [ 20.978447, 52.153053 ], [ 20.976238, 52.150842 ], [ 20.97202, 52.150912 ], [ 20.97001, 52.153195 ] ] ] } },
{ "type": "Feature", "properties": { "fid": 722, "hex_id": 721 }, "geometry": { "type": "Polygon", "coordinates": [ [ [ 20.969812, 52.1487 ], [ 20.97202, 52.150912 ], [ 20.976238, 52.150842 ], [ 20.978247, 52.148559 ], [ 20.976039, 52.146348 ], [ 20.971822, 52.146418 ], [ 20.969812, 52.1487 ] ] ] } },
{ "type": "Feature", "properties": { "fid": 723, "hex_id": 722 }, "geometry": { "type": "Polygon", "coordinates": [ [ [ 20.969614, 52.144206 ], [ 20.971822, 52.146418 ], [ 20.976039, 52.146348 ], [ 20.978048, 52.144065 ], [ 20.97584, 52.141854 ], [ 20.971623, 52.141924 ], [ 20.969614, 52.144206 ] ] ] } },
{ "type": "Feature", "properties": { "fid": 724, "hex_id": 723 }, "geometry": { "type": "Polygon", "coordinates": [ [ [ 20.985652, 52.362057 ], [ 20.987872, 52.364268 ], [ 20.99211, 52.364197 ], [ 20.994128, 52.361914 ], [ 20.991908, 52.359703 ], [ 20.98767, 52.359774 ], [ 20.985652, 52.362057 ] ] ] } },
{ "type": "Feature", "properties": { "fid": 725, "hex_id": 724 }, "geometry": { "type": "Polygon", "coordinates": [ [ [ 20.98545, 52.357563 ], [ 20.98767, 52.359774 ], [ 20.991908, 52.359703 ], [ 20.993925, 52.35742 ], [ 20.991705, 52.355209 ], [ 20.987468, 52.355281 ], [ 20.98545, 52.357563 ] ] ] } },
{ "type": "Feature", "properties": { "fid": 726, "hex_id": 725 }, "geometry": { "type": "Polygon", "coordinates": [ [ [ 20.985249, 52.353069 ], [ 20.987468, 52.355281 ], [ 20.991705, 52.355209 ], [ 20.993723, 52.352926 ], [ 20.991503, 52.350715 ], [ 20.987267, 52.350787 ], [ 20.985249, 52.353069 ] ] ] } },
{ "type": "Feature", "properties": { "fid": 727, "hex_id": 726 }, "geometry": { "type": "Polygon", "coordinates": [ [ [ 20.985047, 52.348575 ], [ 20.987267, 52.350787 ], [ 20.991503, 52.350715 ], [ 20.993521, 52.348433 ], [ 20.991301, 52.346221 ], [ 20.987065, 52.346293 ], [ 20.985047, 52.348575 ] ] ] } },
{ "type": "Feature", "properties": { "fid": 728, "hex_id": 727 }, "geometry": { "type": "Polygon", "coordinates": [ [ [ 20.984846, 52.344081 ], [ 20.987065, 52.346293 ], [ 20.991301, 52.346221 ], [ 20.993319, 52.343939 ], [ 20.991099, 52.341728 ], [ 20.986863, 52.341799 ], [ 20.984846, 52.344081 ] ] ] } },
{ "type": "Feature", "properties": { "fid": 729, "hex_id": 728 }, "geometry": { "type": "Polygon", "coordinates": [ [ [ 20.984645, 52.339588 ], [ 20.986863, 52.341799 ], [ 20.991099, 52.341728 ], [ 20.993116, 52.339445 ], [ 20.990898, 52.337234 ], [ 20.986662, 52.337305 ], [ 20.984645, 52.339588 ] ] ] } },
{ "type": "Feature", "properties": { "fid": 730, "hex_id": 729 }, "geometry": { "type": "Polygon", "coordinates": [ [ [ 20.984443, 52.335094 ], [ 20.986662, 52.337305 ], [ 20.990898, 52.337234 ], [ 20.992914, 52.334951 ], [ 20.990696, 52.33274 ], [ 20.98646, 52.332811 ], [ 20.984443, 52.335094 ] ] ] } },
{ "type": "Feature", "properties": { "fid": 731, "hex_id": 730 }, "geometry": { "type": "Polygon", "coordinates": [ [ [ 20.984242, 52.3306 ], [ 20.98646, 52.332811 ], [ 20.990696, 52.33274 ], [ 20.992712, 52.330457 ], [ 20.990494, 52.328246 ], [ 20.986259, 52.328317 ], [ 20.984242, 52.3306 ] ] ] } },
{ "type": "Feature", "properties": { "fid": 732, "hex_id": 731 }, "geometry": { "type": "Polygon", "coordinates": [ [ [ 20.984041, 52.326106 ], [ 20.986259, 52.328317 ], [ 20.990494, 52.328246 ], [ 20.99251, 52.325963 ], [ 20.990292, 52.323752 ], [ 20.986058, 52.323823 ], [ 20.984041, 52.326106 ] ] ] } },
{ "type": "Feature", "properties": { "fid": 733, "hex_id": 732 }, "geometry": { "type": "Polygon", "coordinates": [ [ [ 20.98384, 52.321612 ], [ 20.986058, 52.323823 ], [ 20.990292, 52.323752 ], [ 20.992308, 52.32147 ], [ 20.99009, 52.319258 ], [ 20.985857, 52.31933 ], [ 20.98384, 52.321612 ] ] ] } },
{ "type": "Feature", "properties": { "fid": 734, "hex_id": 733 }, "geometry": { "type": "Polygon", "coordinates": [ [ [ 20.983639, 52.317118 ], [ 20.985857, 52.31933 ], [ 20.99009, 52.319258 ], [ 20.992106, 52.316976 ], [ 20.989889, 52.314764 ], [ 20.985655, 52.314836 ], [ 20.983639, 52.317118 ] ] ] } },
{ "type": "Feature", "properties": { "fid": 735, "hex_id": 734 }, "geometry": { "type": "Polygon", "coordinates": [ [ [ 20.983438, 52.312624 ], [ 20.985655, 52.314836 ], [ 20.989889, 52.314764 ], [ 20.991905, 52.312482 ], [ 20.989687, 52.310271 ], [ 20.985454, 52.310342 ], [ 20.983438, 52.312624 ] ] ] } },
{ "type": "Feature", "properties": { "fid": 736, "hex_id": 735 }, "geometry": { "type": "Polygon", "coordinates": [ [ [ 20.983237, 52.30813 ], [ 20.985454, 52.310342 ], [ 20.989687, 52.310271 ], [ 20.991703, 52.307988 ], [ 20.989486, 52.305777 ], [ 20.985253, 52.305848 ], [ 20.983237, 52.30813 ] ] ] } },
{ "type": "Feature", "properties": { "fid": 737, "hex_id": 736 }, "geometry": { "type": "Polygon", "coordinates": [ [ [ 20.983036, 52.303637 ], [ 20.985253, 52.305848 ], [ 20.989486, 52.305777 ], [ 20.991501, 52.303494 ], [ 20.989284, 52.301283 ], [ 20.985052, 52.301354 ], [ 20.983036, 52.303637 ] ] ] } },
{ "type": "Feature", "properties": { "fid": 738, "hex_id": 737 }, "geometry": { "type": "Polygon", "coordinates": [ [ [ 20.982835, 52.299143 ], [ 20.985052, 52.301354 ], [ 20.989284, 52.301283 ], [ 20.991299, 52.299 ], [ 20.989083, 52.296789 ], [ 20.984851, 52.29686 ], [ 20.982835, 52.299143 ] ] ] } },
{ "type": "Feature", "properties": { "fid": 739, "hex_id": 738 }, "geometry": { "type": "Polygon", "coordinates": [ [ [ 20.982635, 52.294649 ], [ 20.984851, 52.29686 ], [ 20.989083, 52.296789 ], [ 20.991098, 52.294506 ], [ 20.988881, 52.292295 ], [ 20.98465, 52.292366 ], [ 20.982635, 52.294649 ] ] ] } },
{ "type": "Feature", "properties": { "fid": 740, "hex_id": 739 }, "geometry": { "type": "Polygon", "coordinates": [ [ [ 20.982434, 52.290155 ], [ 20.98465, 52.292366 ], [ 20.988881, 52.292295 ], [ 20.990896, 52.290012 ], [ 20.98868, 52.287801 ], [ 20.984449, 52.287872 ], [ 20.982434, 52.290155 ] ] ] } },
{ "type": "Feature", "properties": { "fid": 741, "hex_id": 740 }, "geometry": { "type": "Polygon", "coordinates": [ [ [ 20.982233, 52.285661 ], [ 20.984449, 52.287872 ], [ 20.98868, 52.287801 ], [ 20.990695, 52.285519 ], [ 20.988479, 52.283307 ], [ 20.984248, 52.283378 ], [ 20.982233, 52.285661 ] ] ] } },
{ "type": "Feature", "properties": { "fid": 742, "hex_id": 741 }, "geometry": { "type": "Polygon", "coordinates": [ [ [ 20.982033, 52.281167 ], [ 20.984248, 52.283378 ], [ 20.988479, 52.283307 ], [ 20.990493, 52.281025 ], [ 20.988278, 52.278813 ], [ 20.984048, 52.278885 ], [ 20.982033, 52.281167 ] ] ] } },
{ "type": "Feature", "properties": { "fid": 743, "hex_id": 742 }, "geometry": { "type": "Polygon", "coordinates": [ [ [ 20.981832, 52.276673 ], [ 20.984048, 52.278885 ], [ 20.988278, 52.278813 ], [ 20.990292, 52.276531 ], [ 20.988076, 52.274319 ], [ 20.983847, 52.274391 ], [ 20.981832, 52.276673 ] ] ] } },
{ "type": "Feature", "properties": { "fid": 744, "hex_id": 743 }, "geometry": { "type": "Polygon", "coordinates": [ [ [ 20.981632, 52.272179 ], [ 20.983847, 52.274391 ], [ 20.988076, 52.274319 ], [ 20.990091, 52.272037 ], [ 20.987875, 52.269826 ], [ 20.983646, 52.269897 ], [ 20.981632, 52.272179 ] ] ] } },
{ "type": "Feature", "properties": { "fid": 745, "hex_id": 744 }, "geometry": { "type": "Polygon", "coordinates": [ [ [ 20.981431, 52.267685 ], [ 20.983646, 52.269897 ], [ 20.987875, 52.269826 ], [ 20.989889, 52.267543 ], [ 20.987674, 52.265332 ], [ 20.983445, 52.265403 ], [ 20.981431, 52.267685 ] ] ] } },
{ "type": "Feature", "properties": { "fid": 746, "hex_id": 745 }, "geometry": { "type": "Polygon", "coordinates": [ [ [ 20.981231, 52.263191 ], [ 20.983445, 52.265403 ], [ 20.987674, 52.265332 ], [ 20.989688, 52.263049 ], [ 20.987473, 52.260838 ], [ 20.983245, 52.260909 ], [ 20.981231, 52.263191 ] ] ] } },
{ "type": "Feature", "properties": { "fid": 747, "hex_id": 746 }, "geometry": { "type": "Polygon", "coordinates": [ [ [ 20.981031, 52.258697 ], [ 20.983245, 52.260909 ], [ 20.987473, 52.260838 ], [ 20.989487, 52.258555 ], [ 20.987272, 52.256344 ], [ 20.983044, 52.256415 ], [ 20.981031, 52.258697 ] ] ] } },
{ "type": "Feature", "properties": { "fid": 748, "hex_id": 747 }, "geometry": { "type": "Polygon", "coordinates": [ [ [ 20.98083, 52.254203 ], [ 20.983044, 52.256415 ], [ 20.987272, 52.256344 ], [ 20.989286, 52.254061 ], [ 20.987071, 52.25185 ], [ 20.982844, 52.251921 ], [ 20.98083, 52.254203 ] ] ] } },
{ "type": "Feature", "properties": { "fid": 749, "hex_id": 748 }, "geometry": { "type": "Polygon", "coordinates": [ [ [ 20.98063, 52.249709 ], [ 20.982844, 52.251921 ], [ 20.987071, 52.25185 ], [ 20.989085, 52.249567 ], [ 20.986871, 52.247356 ], [ 20.982643, 52.247427 ], [ 20.98063, 52.249709 ] ] ] } },
{ "type": "Feature", "properties": { "fid": 750, "hex_id": 749 }, "geometry": { "type": "Polygon", "coordinates": [ [ [ 20.98043, 52.245216 ], [ 20.982643, 52.247427 ], [ 20.986871, 52.247356 ], [ 20.988884, 52.245073 ], [ 20.98667, 52.242862 ], [ 20.982443, 52.242933 ], [ 20.98043, 52.245216 ] ] ] } },
{ "type": "Feature", "properties": { "fid": 751, "hex_id": 750 }, "geometry": { "type": "Polygon", "coordinates": [ [ [ 20.98023, 52.240722 ], [ 20.982443, 52.242933 ], [ 20.98667, 52.242862 ], [ 20.988683, 52.240579 ], [ 20.986469, 52.238368 ], [ 20.982243, 52.238439 ], [ 20.98023, 52.240722 ] ] ] } },
{ "type": "Feature", "properties": { "fid": 752, "hex_id": 751 }, "geometry": { "type": "Polygon", "coordinates": [ [ [ 20.98003, 52.236228 ], [ 20.982243, 52.238439 ], [ 20.986469, 52.238368 ], [ 20.988482, 52.236085 ], [ 20.986268, 52.233874 ], [ 20.982043, 52.233945 ], [ 20.98003, 52.236228 ] ] ] } },
{ "type": "Feature", "properties": { "fid": 753, "hex_id": 752 }, "geometry": { "type": "Polygon", "coordinates": [ [ [ 20.97983, 52.231734 ], [ 20.982043, 52.233945 ], [ 20.986268, 52.233874 ], [ 20.988281, 52.231592 ], [ 20.986068, 52.22938 ], [ 20.981842, 52.229451 ], [ 20.97983, 52.231734 ] ] ] } },
{ "type": "Feature", "properties": { "fid": 754, "hex_id": 753 }, "geometry": { "type": "Polygon", "coordinates": [ [ [ 20.97963, 52.22724 ], [ 20.981842, 52.229451 ], [ 20.986068, 52.22938 ], [ 20.98808, 52.227098 ], [ 20.985867, 52.224886 ], [ 20.981642, 52.224957 ], [ 20.97963, 52.22724 ] ] ] } },
{ "type": "Feature", "properties": { "fid": 755, "hex_id": 754 }, "geometry": { "type": "Polygon", "coordinates": [ [ [ 20.97943, 52.222746 ], [ 20.981642, 52.224957 ], [ 20.985867, 52.224886 ], [ 20.987879, 52.222604 ], [ 20.985667, 52.220392 ], [ 20.981442, 52.220463 ], [ 20.97943, 52.222746 ] ] ] } },
{ "type": "Feature", "properties": { "fid": 756, "hex_id": 755 }, "geometry": { "type": "Polygon", "coordinates": [ [ [ 20.97923, 52.218252 ], [ 20.981442, 52.220463 ], [ 20.985667, 52.220392 ], [ 20.987678, 52.21811 ], [ 20.985466, 52.215898 ], [ 20.981242, 52.215969 ], [ 20.97923, 52.218252 ] ] ] } },
{ "type": "Feature", "properties": { "fid": 757, "hex_id": 756 }, "geometry": { "type": "Polygon", "coordinates": [ [ [ 20.97903, 52.213758 ], [ 20.981242, 52.215969 ], [ 20.985466, 52.215898 ], [ 20.987478, 52.213616 ], [ 20.985266, 52.211404 ], [ 20.981042, 52.211475 ], [ 20.97903, 52.213758 ] ] ] } },
{ "type": "Feature", "properties": { "fid": 758, "hex_id": 757 }, "geometry": { "type": "Polygon", "coordinates": [ [ [ 20.97883, 52.209264 ], [ 20.981042, 52.211475 ], [ 20.985266, 52.211404 ], [ 20.987277, 52.209122 ], [ 20.985065, 52.20691 ], [ 20.980842, 52.206981 ], [ 20.97883, 52.209264 ] ] ] } },
{ "type": "Feature", "properties": { "fid": 759, "hex_id": 758 }, "geometry": { "type": "Polygon", "coordinates": [ [ [ 20.978631, 52.20477 ], [ 20.980842, 52.206981 ], [ 20.985065, 52.20691 ], [ 20.987077, 52.204628 ], [ 20.984865, 52.202416 ], [ 20.980642, 52.202487 ], [ 20.978631, 52.20477 ] ] ] } },
{ "type": "Feature", "properties": { "fid": 760, "hex_id": 759 }, "geometry": { "type": "Polygon", "coordinates": [ [ [ 20.978431, 52.200276 ], [ 20.980642, 52.202487 ], [ 20.984865, 52.202416 ], [ 20.986876, 52.200134 ], [ 20.984665, 52.197922 ], [ 20.980442, 52.197993 ], [ 20.978431, 52.200276 ] ] ] } },
{ "type": "Feature", "properties": { "fid": 761, "hex_id": 760 }, "geometry": { "type": "Polygon", "coordinates": [ [ [ 20.978231, 52.195782 ], [ 20.980442, 52.197993 ], [ 20.984665, 52.197922 ], [ 20.986676, 52.19564 ], [ 20.984464, 52.193428 ], [ 20.980242, 52.193499 ], [ 20.978231, 52.195782 ] ] ] } },
{ "type": "Feature", "properties": { "fid": 762, "hex_id": 761 }, "geometry": { "type": "Polygon", "coordinates": [ [ [ 20.978032, 52.191288 ], [ 20.980242, 52.193499 ], [ 20.984464, 52.193428 ], [ 20.986475, 52.191146 ], [ 20.984264, 52.188934 ], [ 20.980043, 52.189005 ], [ 20.978032, 52.191288 ] ] ] } },
{ "type": "Feature", "properties": { "fid": 763, "hex_id": 762 }, "geometry": { "type": "Polygon", "coordinates": [ [ [ 20.977832, 52.186794 ], [ 20.980043, 52.189005 ], [ 20.984264, 52.188934 ], [ 20.986275, 52.186652 ], [ 20.984064, 52.18444 ], [ 20.979843, 52.184511 ], [ 20.977832, 52.186794 ] ] ] } },
{ "type": "Feature", "properties": { "fid": 764, "hex_id": 763 }, "geometry": { "type": "Polygon", "coordinates": [ [ [ 20.977633, 52.1823 ], [ 20.979843, 52.184511 ], [ 20.984064, 52.18444 ], [ 20.986075, 52.182158 ], [ 20.983864, 52.179946 ], [ 20.979643, 52.180017 ], [ 20.977633, 52.1823 ] ] ] } },
{ "type": "Feature", "properties": { "fid": 765, "hex_id": 764 }, "geometry": { "type": "Polygon", "coordinates": [ [ [ 20.977433, 52.177806 ], [ 20.979643, 52.180017 ], [ 20.983864, 52.179946 ], [ 20.985874, 52.177664 ], [ 20.983664, 52.175452 ], [ 20.979444, 52.175523 ], [ 20.977433, 52.177806 ] ] ] } },
{ "type": "Feature", "properties": { "fid": 766, "hex_id": 765 }, "geometry": { "type": "Polygon", "coordinates": [ [ [ 20.977234, 52.173312 ], [ 20.979444, 52.175523 ], [ 20.983664, 52.175452 ], [ 20.985674, 52.17317 ], [ 20.983464, 52.170958 ], [ 20.979244, 52.171029 ], [ 20.977234, 52.173312 ] ] ] } },
{ "type": "Feature", "properties": { "fid": 767, "hex_id": 766 }, "geometry": { "type": "Polygon", "coordinates": [ [ [ 20.977035, 52.168818 ], [ 20.979244, 52.171029 ], [ 20.983464, 52.170958 ], [ 20.985474, 52.168676 ], [ 20.983264, 52.166464 ], [ 20.979045, 52.166535 ], [ 20.977035, 52.168818 ] ] ] } },
{ "type": "Feature", "properties": { "fid": 768, "hex_id": 767 }, "geometry": { "type": "Polygon", "coordinates": [ [ [ 20.976836, 52.164324 ], [ 20.979045, 52.166535 ], [ 20.983264, 52.166464 ], [ 20.985274, 52.164182 ], [ 20.983064, 52.16197 ], [ 20.978845, 52.162041 ], [ 20.976836, 52.164324 ] ] ] } },
{ "type": "Feature", "properties": { "fid": 769, "hex_id": 768 }, "geometry": { "type": "Polygon", "coordinates": [ [ [ 20.976636, 52.15983 ], [ 20.978845, 52.162041 ], [ 20.983064, 52.16197 ], [ 20.985074, 52.159688 ], [ 20.982865, 52.157476 ], [ 20.978646, 52.157547 ], [ 20.976636, 52.15983 ] ] ] } },
{ "type": "Feature", "properties": { "fid": 770, "hex_id": 769 }, "geometry": { "type": "Polygon", "coordinates": [ [ [ 20.976437, 52.155336 ], [ 20.978646, 52.157547 ], [ 20.982865, 52.157476 ], [ 20.984874, 52.155194 ], [ 20.982665, 52.152982 ], [ 20.978447, 52.153053 ], [ 20.976437, 52.155336 ] ] ] } },
{ "type": "Feature", "properties": { "fid": 771, "hex_id": 770 }, "geometry": { "type": "Polygon", "coordinates": [ [ [ 20.976238, 52.150842 ], [ 20.978447, 52.153053 ], [ 20.982665, 52.152982 ], [ 20.984674, 52.1507 ], [ 20.982465, 52.148488 ], [ 20.978247, 52.148559 ], [ 20.976238, 52.150842 ] ] ] } },
{ "type": "Feature", "properties": { "fid": 772, "hex_id": 771 }, "geometry": { "type": "Polygon", "coordinates": [ [ [ 20.976039, 52.146348 ], [ 20.978247, 52.148559 ], [ 20.982465, 52.148488 ], [ 20.984474, 52.146206 ], [ 20.982266, 52.143994 ], [ 20.978048, 52.144065 ], [ 20.976039, 52.146348 ] ] ] } },
{ "type": "Feature", "properties": { "fid": 773, "hex_id": 772 }, "geometry": { "type": "Polygon", "coordinates": [ [ [ 20.97584, 52.141854 ], [ 20.978048, 52.144065 ], [ 20.982266, 52.143994 ], [ 20.984274, 52.141712 ], [ 20.982066, 52.1395 ], [ 20.977849, 52.139571 ], [ 20.97584, 52.141854 ] ] ] } },
{ "type": "Feature", "properties": { "fid": 774, "hex_id": 773 }, "geometry": { "type": "Polygon", "coordinates": [ [ [ 20.975641, 52.137359 ], [ 20.977849, 52.139571 ], [ 20.982066, 52.1395 ], [ 20.984075, 52.137218 ], [ 20.981866, 52.135006 ], [ 20.97765, 52.135077 ], [ 20.975641, 52.137359 ] ] ] } },
{ "type": "Feature", "properties": { "fid": 775, "hex_id": 774 }, "geometry": { "type": "Polygon", "coordinates": [ [ [ 20.975442, 52.132865 ], [ 20.97765, 52.135077 ], [ 20.981866, 52.135006 ], [ 20.983875, 52.132724 ], [ 20.981667, 52.130512 ], [ 20.977451, 52.130583 ], [ 20.975442, 52.132865 ] ] ] } },
{ "type": "Feature", "properties": { "fid": 776, "hex_id": 775 }, "geometry": { "type": "Polygon", "coordinates": [ [ [ 20.975243, 52.128371 ], [ 20.977451, 52.130583 ], [ 20.981667, 52.130512 ], [ 20.983675, 52.12823 ], [ 20.981468, 52.126018 ], [ 20.977252, 52.126089 ], [ 20.975243, 52.128371 ] ] ] } },
{ "type": "Feature", "properties": { "fid": 777, "hex_id": 776 }, "geometry": { "type": "Polygon", "coordinates": [ [ [ 20.975045, 52.123877 ], [ 20.977252, 52.126089 ], [ 20.981468, 52.126018 ], [ 20.983475, 52.123736 ], [ 20.981268, 52.121524 ], [ 20.977053, 52.121595 ], [ 20.975045, 52.123877 ] ] ] } },
{ "type": "Feature", "properties": { "fid": 778, "hex_id": 777 }, "geometry": { "type": "Polygon", "coordinates": [ [ [ 20.99211, 52.364197 ], [ 20.99433, 52.366408 ], [ 20.998568, 52.366336 ], [ 21.000586, 52.364054 ], [ 20.998366, 52.361843 ], [ 20.994128, 52.361914 ], [ 20.99211, 52.364197 ] ] ] } },
{ "type": "Feature", "properties": { "fid": 779, "hex_id": 778 }, "geometry": { "type": "Polygon", "coordinates": [ [ [ 20.991908, 52.359703 ], [ 20.994128, 52.361914 ], [ 20.998366, 52.361843 ], [ 21.000383, 52.35956 ], [ 20.998163, 52.357349 ], [ 20.993925, 52.35742 ], [ 20.991908, 52.359703 ] ] ] } },
{ "type": "Feature", "properties": { "fid": 780, "hex_id": 779 }, "geometry": { "type": "Polygon", "coordinates": [ [ [ 20.991705, 52.355209 ], [ 20.993925, 52.35742 ], [ 20.998163, 52.357349 ], [ 21.00018, 52.355066 ], [ 20.99796, 52.352855 ], [ 20.993723, 52.352926 ], [ 20.991705, 52.355209 ] ] ] } },
{ "type": "Feature", "properties": { "fid": 781, "hex_id": 780 }, "geometry": { "type": "Polygon", "coordinates": [ [ [ 20.991503, 52.350715 ], [ 20.993723, 52.352926 ], [ 20.99796, 52.352855 ], [ 20.999977, 52.350572 ], [ 20.997757, 52.348361 ], [ 20.993521, 52.348433 ], [ 20.991503, 52.350715 ] ] ] } },
{ "type": "Feature", "properties": { "fid": 782, "hex_id": 781 }, "geometry": { "type": "Polygon", "coordinates": [ [ [ 20.991301, 52.346221 ], [ 20.993521, 52.348433 ], [ 20.997757, 52.348361 ], [ 20.999774, 52.346078 ], [ 20.997555, 52.343867 ], [ 20.993319, 52.343939 ], [ 20.991301, 52.346221 ] ] ] } },
{ "type": "Feature", "properties": { "fid": 783, "hex_id": 782 }, "geometry": { "type": "Polygon", "coordinates": [ [ [ 20.991099, 52.341728 ], [ 20.993319, 52.343939 ], [ 20.997555, 52.343867 ], [ 20.999572, 52.341584 ], [ 20.997352, 52.339373 ], [ 20.993116, 52.339445 ], [ 20.991099, 52.341728 ] ] ] } },
{ "type": "Feature", "properties": { "fid": 784, "hex_id": 783 }, "geometry": { "type": "Polygon", "coordinates": [ [ [ 20.990898, 52.337234 ], [ 20.993116, 52.339445 ], [ 20.997352, 52.339373 ], [ 20.999369, 52.337091 ], [ 20.99715, 52.33488 ], [ 20.992914, 52.334951 ], [ 20.990898, 52.337234 ] ] ] } },
{ "type": "Feature", "properties": { "fid": 785, "hex_id": 784 }, "geometry": { "type": "Polygon", "coordinates": [ [ [ 20.990696, 52.33274 ], [ 20.992914, 52.334951 ], [ 20.99715, 52.33488 ], [ 20.999166, 52.332597 ], [ 20.996947, 52.330386 ], [ 20.992712, 52.330457 ], [ 20.990696, 52.33274 ] ] ] } },
{ "type": "Feature", "properties": { "fid": 786, "hex_id": 785 }, "geometry": { "type": "Polygon", "coordinates": [ [ [ 20.990494, 52.328246 ], [ 20.992712, 52.330457 ], [ 20.996947, 52.330386 ], [ 20.998963, 52.328103 ], [ 20.996745, 52.325892 ], [ 20.99251, 52.325963 ], [ 20.990494, 52.328246 ] ] ] } },
{ "type": "Feature", "properties": { "fid": 787, "hex_id": 786 }, "geometry": { "type": "Polygon", "coordinates": [ [ [ 20.990292, 52.323752 ], [ 20.99251, 52.325963 ], [ 20.996745, 52.325892 ], [ 20.998761, 52.323609 ], [ 20.996542, 52.321398 ], [ 20.992308, 52.32147 ], [ 20.990292, 52.323752 ] ] ] } },
{ "type": "Feature", "properties": { "fid": 788, "hex_id": 787 }, "geometry": { "type": "Polygon", "coordinates": [ [ [ 20.99009, 52.319258 ], [ 20.992308, 52.32147 ], [ 20.996542, 52.321398 ], [ 20.998558, 52.319115 ], [ 20.99634, 52.316904 ], [ 20.992106, 52.316976 ], [ 20.99009, 52.319258 ] ] ] } },
{ "type": "Feature", "properties": { "fid": 789, "hex_id": 788 }, "geometry": { "type": "Polygon", "coordinates": [ [ [ 20.989889, 52.314764 ], [ 20.992106, 52.316976 ], [ 20.99634, 52.316904 ], [ 20.998356, 52.314621 ], [ 20.996138, 52.31241 ], [ 20.991905, 52.312482 ], [ 20.989889, 52.314764 ] ] ] } },
{ "type": "Feature", "properties": { "fid": 790, "hex_id": 789 }, "geometry": { "type": "Polygon", "coordinates": [ [ [ 20.989687, 52.310271 ], [ 20.991905, 52.312482 ], [ 20.996138, 52.31241 ], [ 20.998153, 52.310128 ], [ 20.995936, 52.307916 ], [ 20.991703, 52.307988 ], [ 20.989687, 52.310271 ] ] ] } },
{ "type": "Feature", "properties": { "fid": 791, "hex_id": 790 }, "geometry": { "type": "Polygon", "coordinates": [ [ [ 20.989486, 52.305777 ], [ 20.991703, 52.307988 ], [ 20.995936, 52.307916 ], [ 20.997951, 52.305634 ], [ 20.995734, 52.303423 ], [ 20.991501, 52.303494 ], [ 20.989486, 52.305777 ] ] ] } },
{ "type": "Feature", "properties": { "fid": 792, "hex_id": 791 }, "geometry": { "type": "Polygon", "coordinates": [ [ [ 20.989284, 52.301283 ], [ 20.991501, 52.303494 ], [ 20.995734, 52.303423 ], [ 20.997749, 52.30114 ], [ 20.995531, 52.298929 ], [ 20.991299, 52.299 ], [ 20.989284, 52.301283 ] ] ] } },
{ "type": "Feature", "properties": { "fid": 793, "hex_id": 792 }, "geometry": { "type": "Polygon", "coordinates": [ [ [ 20.989083, 52.296789 ], [ 20.991299, 52.299 ], [ 20.995531, 52.298929 ], [ 20.997546, 52.296646 ], [ 20.995329, 52.294435 ], [ 20.991098, 52.294506 ], [ 20.989083, 52.296789 ] ] ] } },
{ "type": "Feature", "properties": { "fid": 794, "hex_id": 793 }, "geometry": { "type": "Polygon", "coordinates": [ [ [ 20.988881, 52.292295 ], [ 20.991098, 52.294506 ], [ 20.995329, 52.294435 ], [ 20.997344, 52.292152 ], [ 20.995127, 52.289941 ], [ 20.990896, 52.290012 ], [ 20.988881, 52.292295 ] ] ] } },
{ "type": "Feature", "properties": { "fid": 795, "hex_id": 794 }, "geometry": { "type": "Polygon", "coordinates": [ [ [ 20.98868, 52.287801 ], [ 20.990896, 52.290012 ], [ 20.995127, 52.289941 ], [ 20.997142, 52.287658 ], [ 20.994925, 52.285447 ], [ 20.990695, 52.285519 ], [ 20.98868, 52.287801 ] ] ] } },
{ "type": "Feature", "properties": { "fid": 796, "hex_id": 795 }, "geometry": { "type": "Polygon", "coordinates": [ [ [ 20.988479, 52.283307 ], [ 20.990695, 52.285519 ], [ 20.994925, 52.285447 ], [ 20.99694, 52.283164 ], [ 20.994724, 52.280953 ], [ 20.990493, 52.281025 ], [ 20.988479, 52.283307 ] ] ] } },
{ "type": "Feature", "properties": { "fid": 797, "hex_id": 796 }, "geometry": { "type": "Polygon", "coordinates": [ [ [ 20.988278, 52.278813 ], [ 20.990493, 52.281025 ], [ 20.994724, 52.280953 ], [ 20.996738, 52.278671 ], [ 20.994522, 52.276459 ], [ 20.990292, 52.276531 ], [ 20.988278, 52.278813 ] ] ] } },
{ "type": "Feature", "properties": { "fid": 798, "hex_id": 797 }, "geometry": { "type": "Polygon", "coordinates": [ [ [ 20.988076, 52.274319 ], [ 20.990292, 52.276531 ], [ 20.994522, 52.276459 ], [ 20.996536, 52.274177 ], [ 20.99432, 52.271965 ], [ 20.990091, 52.272037 ], [ 20.988076, 52.274319 ] ] ] } },
{ "type": "Feature", "properties": { "fid": 799, "hex_id": 798 }, "geometry": { "type": "Polygon", "coordinates": [ [ [ 20.987875, 52.269826 ], [ 20.990091, 52.272037 ], [ 20.99432, 52.271965 ], [ 20.996334, 52.269683 ], [ 20.994118, 52.267472 ], [ 20.989889, 52.267543 ], [ 20.987875, 52.269826 ] ] ] } },
{ "type": "Feature", "properties": { "fid": 800, "hex_id": 799 }, "geometry": { "type": "Polygon", "coordinates": [ [ [ 20.987674, 52.265332 ], [ 20.989889, 52.267543 ], [ 20.994118, 52.267472 ], [ 20.996132, 52.265189 ], [ 20.993917, 52.262978 ], [ 20.989688, 52.263049 ], [ 20.987674, 52.265332 ] ] ] } },
{ "type": "Feature", "properties": { "fid": 801, "hex_id": 800 }, "geometry": { "type": "Polygon", "coordinates": [ [ [ 20.987473, 52.260838 ], [ 20.989688, 52.263049 ], [ 20.993917, 52.262978 ], [ 20.99593, 52.260695 ], [ 20.993715, 52.258484 ], [ 20.989487, 52.258555 ], [ 20.987473, 52.260838 ] ] ] } },
{ "type": "Feature", "properties": { "fid": 802, "hex_id": 801 }, "geometry": { "type": "Polygon", "coordinates": [ [ [ 20.987272, 52.256344 ], [ 20.989487, 52.258555 ], [ 20.993715, 52.258484 ], [ 20.995728, 52.256201 ], [ 20.993513, 52.25399 ], [ 20.989286, 52.254061 ], [ 20.987272, 52.256344 ] ] ] } },
{ "type": "Feature", "properties": { "fid": 803, "hex_id": 802 }, "geometry": { "type": "Polygon", "coordinates": [ [ [ 20.987071, 52.25185 ], [ 20.989286, 52.254061 ], [ 20.993513, 52.25399 ], [ 20.995526, 52.251707 ], [ 20.993312, 52.249496 ], [ 20.989085, 52.249567 ], [ 20.987071, 52.25185 ] ] ] } },
{ "type": "Feature", "properties": { "fid": 804, "hex_id": 803 }, "geometry": { "type": "Polygon", "coordinates": [ [ [ 20.986871, 52.247356 ], [ 20.989085, 52.249567 ], [ 20.993312, 52.249496 ], [ 20.995325, 52.247213 ], [ 20.99311, 52.245002 ], [ 20.988884, 52.245073 ], [ 20.986871, 52.247356 ] ] ] } },
{ "type": "Feature", "properties": { "fid": 805, "hex_id": 804 }, "geometry": { "type": "Polygon", "coordinates": [ [ [ 20.98667, 52.242862 ], [ 20.988884, 52.245073 ], [ 20.99311, 52.245002 ], [ 20.995123, 52.242719 ], [ 20.992909, 52.240508 ], [ 20.988683, 52.240579 ], [ 20.98667, 52.242862 ] ] ] } },
{ "type": "Feature", "properties": { "fid": 806, "hex_id": 805 }, "geometry": { "type": "Polygon", "coordinates": [ [ [ 20.986469, 52.238368 ], [ 20.988683, 52.240579 ], [ 20.992909, 52.240508 ], [ 20.994921, 52.238225 ], [ 20.992708, 52.236014 ], [ 20.988482, 52.236085 ], [ 20.986469, 52.238368 ] ] ] } },
{ "type": "Feature", "properties": { "fid": 807, "hex_id": 806 }, "geometry": { "type": "Polygon", "coordinates": [ [ [ 20.986268, 52.233874 ], [ 20.988482, 52.236085 ], [ 20.992708, 52.236014 ], [ 20.99472, 52.233732 ], [ 20.992506, 52.23152 ], [ 20.988281, 52.231592 ], [ 20.986268, 52.233874 ] ] ] } },
{ "type": "Feature", "properties": { "fid": 808, "hex_id": 807 }, "geometry": { "type": "Polygon", "coordinates": [ [ [ 20.986068, 52.22938 ], [ 20.988281, 52.231592 ], [ 20.992506, 52.23152 ], [ 20.994518, 52.229238 ], [ 20.992305, 52.227026 ], [ 20.98808, 52.227098 ], [ 20.986068, 52.22938 ] ] ] } },
{ "type": "Feature", "properties": { "fid": 809, "hex_id": 808 }, "geometry": { "type": "Polygon", "coordinates": [ [ [ 20.985867, 52.224886 ], [ 20.98808, 52.227098 ], [ 20.992305, 52.227026 ], [ 20.994317, 52.224744 ], [ 20.992104, 52.222532 ], [ 20.987879, 52.222604 ], [ 20.985867, 52.224886 ] ] ] } },
{ "type": "Feature", "properties": { "fid": 810, "hex_id": 809 }, "geometry": { "type": "Polygon", "coordinates": [ [ [ 20.985667, 52.220392 ], [ 20.987879, 52.222604 ], [ 20.992104, 52.222532 ], [ 20.994116, 52.22025 ], [ 20.991903, 52.218038 ], [ 20.987678, 52.21811 ], [ 20.985667, 52.220392 ] ] ] } },
{ "type": "Feature", "properties": { "fid": 811, "hex_id": 810 }, "geometry": { "type": "Polygon", "coordinates": [ [ [ 20.985466, 52.215898 ], [ 20.987678, 52.21811 ], [ 20.991903, 52.218038 ], [ 20.993914, 52.215756 ], [ 20.991702, 52.213544 ], [ 20.987478, 52.213616 ], [ 20.985466, 52.215898 ] ] ] } },
{ "type": "Feature", "properties": { "fid": 812, "hex_id": 811 }, "geometry": { "type": "Polygon", "coordinates": [ [ [ 20.985266, 52.211404 ], [ 20.987478, 52.213616 ], [ 20.991702, 52.213544 ], [ 20.993713, 52.211262 ], [ 20.991501, 52.209051 ], [ 20.987277, 52.209122 ], [ 20.985266, 52.211404 ] ] ] } },
{ "type": "Feature", "properties": { "fid": 813, "hex_id": 812 }, "geometry": { "type": "Polygon", "coordinates": [ [ [ 20.985065, 52.20691 ], [ 20.987277, 52.209122 ], [ 20.991501, 52.209051 ], [ 20.993512, 52.206768 ], [ 20.9913, 52.204557 ], [ 20.987077, 52.204628 ], [ 20.985065, 52.20691 ] ] ] } },
{ "type": "Feature", "properties": { "fid": 814, "hex_id": 813 }, "geometry": { "type": "Polygon", "coordinates": [ [ [ 20.984865, 52.202416 ], [ 20.987077, 52.204628 ], [ 20.9913, 52.204557 ], [ 20.993311, 52.202274 ], [ 20.991099, 52.200063 ], [ 20.986876, 52.200134 ], [ 20.984865, 52.202416 ] ] ] } },
{ "type": "Feature", "properties": { "fid": 815, "hex_id": 814 }, "geometry": { "type": "Polygon", "coordinates": [ [ [ 20.984665, 52.197922 ], [ 20.986876, 52.200134 ], [ 20.991099, 52.200063 ], [ 20.993109, 52.19778 ], [ 20.990898, 52.195569 ], [ 20.986676, 52.19564 ], [ 20.984665, 52.197922 ] ] ] } },
{ "type": "Feature", "properties": { "fid": 816, "hex_id": 815 }, "geometry": { "type": "Polygon", "coordinates": [ [ [ 20.984464, 52.193428 ], [ 20.986676, 52.19564 ], [ 20.990898, 52.195569 ], [ 20.992908, 52.193286 ], [ 20.990697, 52.191075 ], [ 20.986475, 52.191146 ], [ 20.984464, 52.193428 ] ] ] } },
{ "type": "Feature", "properties": { "fid": 817, "hex_id": 816 }, "geometry": { "type": "Polygon", "coordinates": [ [ [ 20.984264, 52.188934 ], [ 20.986475, 52.191146 ], [ 20.990697, 52.191075 ], [ 20.992707, 52.188792 ], [ 20.990496, 52.186581 ], [ 20.986275, 52.186652 ], [ 20.984264, 52.188934 ] ] ] } },
{ "type": "Feature", "properties": { "fid": 818, "hex_id": 817 }, "geometry": { "type": "Polygon", "coordinates": [ [ [ 20.984064, 52.18444 ], [ 20.986275, 52.186652 ], [ 20.990496, 52.186581 ], [ 20.992506, 52.184298 ], [ 20.990295, 52.182087 ], [ 20.986075, 52.182158 ], [ 20.984064, 52.18444 ] ] ] } },
{ "type": "Feature", "properties": { "fid": 819, "hex_id": 818 }, "geometry": { "type": "Polygon", "coordinates": [ [ [ 20.983864, 52.179946 ], [ 20.986075, 52.182158 ], [ 20.990295, 52.182087 ], [ 20.992305, 52.179804 ], [ 20.990095, 52.177593 ], [ 20.985874, 52.177664 ], [ 20.983864, 52.179946 ] ] ] } },
{ "type": "Feature", "properties": { "fid": 820, "hex_id": 819 }, "geometry": { "type": "Polygon", "coordinates": [ [ [ 20.983664, 52.175452 ], [ 20.985874, 52.177664 ], [ 20.990095, 52.177593 ], [ 20.992105, 52.17531 ], [ 20.989894, 52.173099 ], [ 20.985674, 52.17317 ], [ 20.983664, 52.175452 ] ] ] } },
{ "type": "Feature", "properties": { "fid": 821, "hex_id": 820 }, "geometry": { "type": "Polygon", "coordinates": [ [ [ 20.983464, 52.170958 ], [ 20.985674, 52.17317 ], [ 20.989894, 52.173099 ], [ 20.991904, 52.170816 ], [ 20.989694, 52.168605 ], [ 20.985474, 52.168676 ], [ 20.983464, 52.170958 ] ] ] } },
{ "type": "Feature", "properties": { "fid": 822, "hex_id": 821 }, "geometry": { "type": "Polygon", "coordinates": [ [ [ 20.983264, 52.166464 ], [ 20.985474, 52.168676 ], [ 20.989694, 52.168605 ], [ 20.991703, 52.166322 ], [ 20.989493, 52.164111 ], [ 20.985274, 52.164182 ], [ 20.983264, 52.166464 ] ] ] } },
{ "type": "Feature", "properties": { "fid": 823, "hex_id": 822 }, "geometry": { "type": "Polygon", "coordinates": [ [ [ 20.983064, 52.16197 ], [ 20.985274, 52.164182 ], [ 20.989493, 52.164111 ], [ 20.991502, 52.161828 ], [ 20.989293, 52.159617 ], [ 20.985074, 52.159688 ], [ 20.983064, 52.16197 ] ] ] } },
{ "type": "Feature", "properties": { "fid": 824, "hex_id": 823 }, "geometry": { "type": "Polygon", "coordinates": [ [ [ 20.982865, 52.157476 ], [ 20.985074, 52.159688 ], [ 20.989293, 52.159617 ], [ 20.991302, 52.157334 ], [ 20.989092, 52.155123 ], [ 20.984874, 52.155194 ], [ 20.982865, 52.157476 ] ] ] } },
{ "type": "Feature", "properties": { "fid": 825, "hex_id": 824 }, "geometry": { "type": "Polygon", "coordinates": [ [ [ 20.982665, 52.152982 ], [ 20.984874, 52.155194 ], [ 20.989092, 52.155123 ], [ 20.991101, 52.15284 ], [ 20.988892, 52.150629 ], [ 20.984674, 52.1507 ], [ 20.982665, 52.152982 ] ] ] } },
{ "type": "Feature", "properties": { "fid": 826, "hex_id": 825 }, "geometry": { "type": "Polygon", "coordinates": [ [ [ 20.982465, 52.148488 ], [ 20.984674, 52.1507 ], [ 20.988892, 52.150629 ], [ 20.990901, 52.148346 ], [ 20.988692, 52.146135 ], [ 20.984474, 52.146206 ], [ 20.982465, 52.148488 ] ] ] } },
{ "type": "Feature", "properties": { "fid": 827, "hex_id": 826 }, "geometry": { "type": "Polygon", "coordinates": [ [ [ 20.982266, 52.143994 ], [ 20.984474, 52.146206 ], [ 20.988692, 52.146135 ], [ 20.9907, 52.143852 ], [ 20.988491, 52.141641 ], [ 20.984274, 52.141712 ], [ 20.982266, 52.143994 ] ] ] } },
{ "type": "Feature", "properties": { "fid": 828, "hex_id": 827 }, "geometry": { "type": "Polygon", "coordinates": [ [ [ 20.982066, 52.1395 ], [ 20.984274, 52.141712 ], [ 20.988491, 52.141641 ], [ 20.9905, 52.139358 ], [ 20.988291, 52.137147 ], [ 20.984075, 52.137218 ], [ 20.982066, 52.1395 ] ] ] } },
{ "type": "Feature", "properties": { "fid": 829, "hex_id": 828 }, "geometry": { "type": "Polygon", "coordinates": [ [ [ 20.981866, 52.135006 ], [ 20.984075, 52.137218 ], [ 20.988291, 52.137147 ], [ 20.990299, 52.134864 ], [ 20.988091, 52.132653 ], [ 20.983875, 52.132724 ], [ 20.981866, 52.135006 ] ] ] } },
{ "type": "Feature", "properties": { "fid": 830, "hex_id": 829 }, "geometry": { "type": "Polygon", "coordinates": [ [ [ 20.981667, 52.130512 ], [ 20.983875, 52.132724 ], [ 20.988091, 52.132653 ], [ 20.990099, 52.13037 ], [ 20.987891, 52.128159 ], [ 20.983675, 52.12823 ], [ 20.981667, 52.130512 ] ] ] } },
{ "type": "Feature", "properties": { "fid": 831, "hex_id": 830 }, "geometry": { "type": "Polygon", "coordinates": [ [ [ 20.981468, 52.126018 ], [ 20.983675, 52.12823 ], [ 20.987891, 52.128159 ], [ 20.989899, 52.125876 ], [ 20.987691, 52.123665 ], [ 20.983475, 52.123736 ], [ 20.981468, 52.126018 ] ] ] } },
{ "type": "Feature", "properties": { "fid": 832, "hex_id": 831 }, "geometry": { "type": "Polygon", "coordinates": [ [ [ 20.981268, 52.121524 ], [ 20.983475, 52.123736 ], [ 20.987691, 52.123665 ], [ 20.989698, 52.121382 ], [ 20.987491, 52.119171 ], [ 20.983276, 52.119242 ], [ 20.981268, 52.121524 ] ] ] } },
{ "type": "Feature", "properties": { "fid": 833, "hex_id": 832 }, "geometry": { "type": "Polygon", "coordinates": [ [ [ 20.981069, 52.11703 ], [ 20.983276, 52.119242 ], [ 20.987491, 52.119171 ], [ 20.989498, 52.116888 ], [ 20.987291, 52.114677 ], [ 20.983076, 52.114748 ], [ 20.981069, 52.11703 ] ] ] } },
{ "type": "Feature", "properties": { "fid": 834, "hex_id": 833 }, "geometry": { "type": "Polygon", "coordinates": [ [ [ 20.98087, 52.112536 ], [ 20.983076, 52.114748 ], [ 20.987291, 52.114677 ], [ 20.989298, 52.112394 ], [ 20.987091, 52.110183 ], [ 20.982877, 52.110254 ], [ 20.98087, 52.112536 ] ] ] } },
{ "type": "Feature", "properties": { "fid": 835, "hex_id": 834 }, "geometry": { "type": "Polygon", "coordinates": [ [ [ 20.98067, 52.108042 ], [ 20.982877, 52.110254 ], [ 20.987091, 52.110183 ], [ 20.989098, 52.1079 ], [ 20.986891, 52.105689 ], [ 20.982678, 52.10576 ], [ 20.98067, 52.108042 ] ] ] } },
{ "type": "Feature", "properties": { "fid": 836, "hex_id": 835 }, "geometry": { "type": "Polygon", "coordinates": [ [ [ 20.980471, 52.103548 ], [ 20.982678, 52.10576 ], [ 20.986891, 52.105689 ], [ 20.988898, 52.103406 ], [ 20.986691, 52.101195 ], [ 20.982478, 52.101266 ], [ 20.980471, 52.103548 ] ] ] } },
{ "type": "Feature", "properties": { "fid": 837, "hex_id": 836 }, "geometry": { "type": "Polygon", "coordinates": [ [ [ 20.998366, 52.361843 ], [ 21.000586, 52.364054 ], [ 21.004824, 52.363982 ], [ 21.006842, 52.361699 ], [ 21.004621, 52.359488 ], [ 21.000383, 52.35956 ], [ 20.998366, 52.361843 ] ] ] } },
{ "type": "Feature", "properties": { "fid": 838, "hex_id": 837 }, "geometry": { "type": "Polygon", "coordinates": [ [ [ 20.998163, 52.357349 ], [ 21.000383, 52.35956 ], [ 21.004621, 52.359488 ], [ 21.006638, 52.357205 ], [ 21.004417, 52.354994 ], [ 21.00018, 52.355066 ], [ 20.998163, 52.357349 ] ] ] } },
{ "type": "Feature", "properties": { "fid": 839, "hex_id": 838 }, "geometry": { "type": "Polygon", "coordinates": [ [ [ 20.99796, 52.352855 ], [ 21.00018, 52.355066 ], [ 21.004417, 52.354994 ], [ 21.006434, 52.352711 ], [ 21.004214, 52.3505 ], [ 20.999977, 52.350572 ], [ 20.99796, 52.352855 ] ] ] } },
{ "type": "Feature", "properties": { "fid": 840, "hex_id": 839 }, "geometry": { "type": "Polygon", "coordinates": [ [ [ 20.997757, 52.348361 ], [ 20.999977, 52.350572 ], [ 21.004214, 52.3505 ], [ 21.006231, 52.348217 ], [ 21.004011, 52.346007 ], [ 20.999774, 52.346078 ], [ 20.997757, 52.348361 ] ] ] } },
{ "type": "Feature", "properties": { "fid": 841, "hex_id": 840 }, "geometry": { "type": "Polygon", "coordinates": [ [ [ 20.997555, 52.343867 ], [ 20.999774, 52.346078 ], [ 21.004011, 52.346007 ], [ 21.006027, 52.343724 ], [ 21.003808, 52.341513 ], [ 20.999572, 52.341584 ], [ 20.997555, 52.343867 ] ] ] } },
{ "type": "Feature", "properties": { "fid": 842, "hex_id": 841 }, "geometry": { "type": "Polygon", "coordinates": [ [ [ 20.997352, 52.339373 ], [ 20.999572, 52.341584 ], [ 21.003808, 52.341513 ], [ 21.005824, 52.33923 ], [ 21.003604, 52.337019 ], [ 20.999369, 52.337091 ], [ 20.997352, 52.339373 ] ] ] } },
{ "type": "Feature", "properties": { "fid": 843, "hex_id": 842 }, "geometry": { "type": "Polygon", "coordinates": [ [ [ 20.99715, 52.33488 ], [ 20.999369, 52.337091 ], [ 21.003604, 52.337019 ], [ 21.00562, 52.334736 ], [ 21.003401, 52.332525 ], [ 20.999166, 52.332597 ], [ 20.99715, 52.33488 ] ] ] } },
{ "type": "Feature", "properties": { "fid": 844, "hex_id": 843 }, "geometry": { "type": "Polygon", "coordinates": [ [ [ 20.996947, 52.330386 ], [ 20.999166, 52.332597 ], [ 21.003401, 52.332525 ], [ 21.005417, 52.330242 ], [ 21.003198, 52.328031 ], [ 20.998963, 52.328103 ], [ 20.996947, 52.330386 ] ] ] } },
{ "type": "Feature", "properties": { "fid": 845, "hex_id": 844 }, "geometry": { "type": "Polygon", "coordinates": [ [ [ 20.996745, 52.325892 ], [ 20.998963, 52.328103 ], [ 21.003198, 52.328031 ], [ 21.005214, 52.325748 ], [ 21.002995, 52.323537 ], [ 20.998761, 52.323609 ], [ 20.996745, 52.325892 ] ] ] } },
{ "type": "Feature", "properties": { "fid": 846, "hex_id": 845 }, "geometry": { "type": "Polygon", "coordinates": [ [ [ 20.996542, 52.321398 ], [ 20.998761, 52.323609 ], [ 21.002995, 52.323537 ], [ 21.005011, 52.321255 ], [ 21.002792, 52.319044 ], [ 20.998558, 52.319115 ], [ 20.996542, 52.321398 ] ] ] } },
{ "type": "Feature", "properties": { "fid": 847, "hex_id": 846 }, "geometry": { "type": "Polygon", "coordinates": [ [ [ 20.99634, 52.316904 ], [ 20.998558, 52.319115 ], [ 21.002792, 52.319044 ], [ 21.004807, 52.316761 ], [ 21.002589, 52.31455 ], [ 20.998356, 52.314621 ], [ 20.99634, 52.316904 ] ] ] } },
{ "type": "Feature", "properties": { "fid": 848, "hex_id": 847 }, "geometry": { "type": "Polygon", "coordinates": [ [ [ 20.996138, 52.31241 ], [ 20.998356, 52.314621 ], [ 21.002589, 52.31455 ], [ 21.004604, 52.312267 ], [ 21.002386, 52.310056 ], [ 20.998153, 52.310128 ], [ 20.996138, 52.31241 ] ] ] } },
{ "type": "Feature", "properties": { "fid": 849, "hex_id": 848 }, "geometry": { "type": "Polygon", "coordinates": [ [ [ 20.995936, 52.307916 ], [ 20.998153, 52.310128 ], [ 21.002386, 52.310056 ], [ 21.004401, 52.307773 ], [ 21.002183, 52.305562 ], [ 20.997951, 52.305634 ], [ 20.995936, 52.307916 ] ] ] } },
{ "type": "Feature", "properties": { "fid": 850, "hex_id": 849 }, "geometry": { "type": "Polygon", "coordinates": [ [ [ 20.995734, 52.303423 ], [ 20.997951, 52.305634 ], [ 21.002183, 52.305562 ], [ 21.004198, 52.303279 ], [ 21.001981, 52.301068 ], [ 20.997749, 52.30114 ], [ 20.995734, 52.303423 ] ] ] } },
{ "type": "Feature", "properties": { "fid": 851, "hex_id": 850 }, "geometry": { "type": "Polygon", "coordinates": [ [ [ 20.995531, 52.298929 ], [ 20.997749, 52.30114 ], [ 21.001981, 52.301068 ], [ 21.003995, 52.298785 ], [ 21.001778, 52.296574 ], [ 20.997546, 52.296646 ], [ 20.995531, 52.298929 ] ] ] } },
{ "type": "Feature", "properties": { "fid": 852, "hex_id": 851 }, "geometry": { "type": "Polygon", "coordinates": [ [ [ 20.995329, 52.294435 ], [ 20.997546, 52.296646 ], [ 21.001778, 52.296574 ], [ 21.003792, 52.294292 ], [ 21.001575, 52.292081 ], [ 20.997344, 52.292152 ], [ 20.995329, 52.294435 ] ] ] } },
{ "type": "Feature", "properties": { "fid": 853, "hex_id": 852 }, "geometry": { "type": "Polygon", "coordinates": [ [ [ 20.995127, 52.289941 ], [ 20.997344, 52.292152 ], [ 21.001575, 52.292081 ], [ 21.00359, 52.289798 ], [ 21.001373, 52.287587 ], [ 20.997142, 52.287658 ], [ 20.995127, 52.289941 ] ] ] } },
{ "type": "Feature", "properties": { "fid": 854, "hex_id": 853 }, "geometry": { "type": "Polygon", "coordinates": [ [ [ 20.994925, 52.285447 ], [ 20.997142, 52.287658 ], [ 21.001373, 52.287587 ], [ 21.003387, 52.285304 ], [ 21.00117, 52.283093 ], [ 20.99694, 52.283164 ], [ 20.994925, 52.285447 ] ] ] } },
{ "type": "Feature", "properties": { "fid": 855, "hex_id": 854 }, "geometry": { "type": "Polygon", "coordinates": [ [ [ 20.994724, 52.280953 ], [ 20.99694, 52.283164 ], [ 21.00117, 52.283093 ], [ 21.003184, 52.28081 ], [ 21.000968, 52.278599 ], [ 20.996738, 52.278671 ], [ 20.994724, 52.280953 ] ] ] } },
{ "type": "Feature", "properties": { "fid": 856, "hex_id": 855 }, "geometry": { "type": "Polygon", "coordinates": [ [ [ 20.994522, 52.276459 ], [ 20.996738, 52.278671 ], [ 21.000968, 52.278599 ], [ 21.002981, 52.276316 ], [ 21.000765, 52.274105 ], [ 20.996536, 52.274177 ], [ 20.994522, 52.276459 ] ] ] } },
{ "type": "Feature", "properties": { "fid": 857, "hex_id": 856 }, "geometry": { "type": "Polygon", "coordinates": [ [ [ 20.99432, 52.271965 ], [ 20.996536, 52.274177 ], [ 21.000765, 52.274105 ], [ 21.002779, 52.271822 ], [ 21.000563, 52.269611 ], [ 20.996334, 52.269683 ], [ 20.99432, 52.271965 ] ] ] } },
{ "type": "Feature", "properties": { "fid": 858, "hex_id": 857 }, "geometry": { "type": "Polygon", "coordinates": [ [ [ 20.994118, 52.267472 ], [ 20.996334, 52.269683 ], [ 21.000563, 52.269611 ], [ 21.002576, 52.267328 ], [ 21.00036, 52.265117 ], [ 20.996132, 52.265189 ], [ 20.994118, 52.267472 ] ] ] } },
{ "type": "Feature", "properties": { "fid": 859, "hex_id": 858 }, "geometry": { "type": "Polygon", "coordinates": [ [ [ 20.993917, 52.262978 ], [ 20.996132, 52.265189 ], [ 21.00036, 52.265117 ], [ 21.002374, 52.262834 ], [ 21.000158, 52.260623 ], [ 20.99593, 52.260695 ], [ 20.993917, 52.262978 ] ] ] } },
{ "type": "Feature", "properties": { "fid": 860, "hex_id": 859 }, "geometry": { "type": "Polygon", "coordinates": [ [ [ 20.993715, 52.258484 ], [ 20.99593, 52.260695 ], [ 21.000158, 52.260623 ], [ 21.002171, 52.258341 ], [ 20.999956, 52.25613 ], [ 20.995728, 52.256201 ], [ 20.993715, 52.258484 ] ] ] } },
{ "type": "Feature", "properties": { "fid": 861, "hex_id": 860 }, "geometry": { "type": "Polygon", "coordinates": [ [ [ 20.993513, 52.25399 ], [ 20.995728, 52.256201 ], [ 20.999956, 52.25613 ], [ 21.001969, 52.253847 ], [ 20.999754, 52.251636 ], [ 20.995526, 52.251707 ], [ 20.993513, 52.25399 ] ] ] } },
{ "type": "Feature", "properties": { "fid": 862, "hex_id": 861 }, "geometry": { "type": "Polygon", "coordinates": [ [ [ 20.993312, 52.249496 ], [ 20.995526, 52.251707 ], [ 20.999754, 52.251636 ], [ 21.001766, 52.249353 ], [ 20.999552, 52.247142 ], [ 20.995325, 52.247213 ], [ 20.993312, 52.249496 ] ] ] } },
{ "type": "Feature", "properties": { "fid": 863, "hex_id": 862 }, "geometry": { "type": "Polygon", "coordinates": [ [ [ 20.99311, 52.245002 ], [ 20.995325, 52.247213 ], [ 20.999552, 52.247142 ], [ 21.001564, 52.244859 ], [ 20.99935, 52.242648 ], [ 20.995123, 52.242719 ], [ 20.99311, 52.245002 ] ] ] } },
{ "type": "Feature", "properties": { "fid": 864, "hex_id": 863 }, "geometry": { "type": "Polygon", "coordinates": [ [ [ 20.992909, 52.240508 ], [ 20.995123, 52.242719 ], [ 20.99935, 52.242648 ], [ 21.001362, 52.240365 ], [ 20.999148, 52.238154 ], [ 20.994921, 52.238225 ], [ 20.992909, 52.240508 ] ] ] } },
{ "type": "Feature", "properties": { "fid": 865, "hex_id": 864 }, "geometry": { "type": "Polygon", "coordinates": [ [ [ 20.992708, 52.236014 ], [ 20.994921, 52.238225 ], [ 20.999148, 52.238154 ], [ 21.00116, 52.235871 ], [ 20.998946, 52.23366 ], [ 20.99472, 52.233732 ], [ 20.992708, 52.236014 ] ] ] } },
{ "type": "Feature", "properties": { "fid": 866, "hex_id": 865 }, "geometry": { "type": "Polygon", "coordinates": [ [ [ 20.992506, 52.23152 ], [ 20.99472, 52.233732 ], [ 20.998946, 52.23366 ], [ 21.000957, 52.231377 ], [ 20.998744, 52.229166 ], [ 20.994518, 52.229238 ], [ 20.992506, 52.23152 ] ] ] } },
{ "type": "Feature", "properties": { "fid": 867, "hex_id": 866 }, "geometry": { "type": "Polygon", "coordinates": [ [ [ 20.992305, 52.227026 ], [ 20.994518, 52.229238 ], [ 20.998744, 52.229166 ], [ 21.000755, 52.226883 ], [ 20.998542, 52.224672 ], [ 20.994317, 52.224744 ], [ 20.992305, 52.227026 ] ] ] } },
{ "type": "Feature", "properties": { "fid": 868, "hex_id": 867 }, "geometry": { "type": "Polygon", "coordinates": [ [ [ 20.992104, 52.222532 ], [ 20.994317, 52.224744 ], [ 20.998542, 52.224672 ], [ 21.000553, 52.222389 ], [ 20.99834, 52.220178 ], [ 20.994116, 52.22025 ], [ 20.992104, 52.222532 ] ] ] } },
{ "type": "Feature", "properties": { "fid": 869, "hex_id": 868 }, "geometry": { "type": "Polygon", "coordinates": [ [ [ 20.991903, 52.218038 ], [ 20.994116, 52.22025 ], [ 20.99834, 52.220178 ], [ 21.000351, 52.217895 ], [ 20.998138, 52.215684 ], [ 20.993914, 52.215756 ], [ 20.991903, 52.218038 ] ] ] } },
{ "type": "Feature", "properties": { "fid": 870, "hex_id": 869 }, "geometry": { "type": "Polygon", "coordinates": [ [ [ 20.991702, 52.213544 ], [ 20.993914, 52.215756 ], [ 20.998138, 52.215684 ], [ 21.000149, 52.213402 ], [ 20.997937, 52.21119 ], [ 20.993713, 52.211262 ], [ 20.991702, 52.213544 ] ] ] } },
{ "type": "Feature", "properties": { "fid": 871, "hex_id": 870 }, "geometry": { "type": "Polygon", "coordinates": [ [ [ 20.991501, 52.209051 ], [ 20.993713, 52.211262 ], [ 20.997937, 52.21119 ], [ 20.999947, 52.208908 ], [ 20.997735, 52.206696 ], [ 20.993512, 52.206768 ], [ 20.991501, 52.209051 ] ] ] } },
{ "type": "Feature", "properties": { "fid": 872, "hex_id": 871 }, "geometry": { "type": "Polygon", "coordinates": [ [ [ 20.9913, 52.204557 ], [ 20.993512, 52.206768 ], [ 20.997735, 52.206696 ], [ 20.999746, 52.204414 ], [ 20.997533, 52.202203 ], [ 20.993311, 52.202274 ], [ 20.9913, 52.204557 ] ] ] } },
{ "type": "Feature", "properties": { "fid": 873, "hex_id": 872 }, "geometry": { "type": "Polygon", "coordinates": [ [ [ 20.991099, 52.200063 ], [ 20.993311, 52.202274 ], [ 20.997533, 52.202203 ], [ 20.999544, 52.19992 ], [ 20.997332, 52.197709 ], [ 20.993109, 52.19778 ], [ 20.991099, 52.200063 ] ] ] } },
{ "type": "Feature", "properties": { "fid": 874, "hex_id": 873 }, "geometry": { "type": "Polygon", "coordinates": [ [ [ 20.990898, 52.195569 ], [ 20.993109, 52.19778 ], [ 20.997332, 52.197709 ], [ 20.999342, 52.195426 ], [ 20.99713, 52.193215 ], [ 20.992908, 52.193286 ], [ 20.990898, 52.195569 ] ] ] } },
{ "type": "Feature", "properties": { "fid": 875, "hex_id": 874 }, "geometry": { "type": "Polygon", "coordinates": [ [ [ 20.990697, 52.191075 ], [ 20.992908, 52.193286 ], [ 20.99713, 52.193215 ], [ 20.99914, 52.190932 ], [ 20.996929, 52.188721 ], [ 20.992707, 52.188792 ], [ 20.990697, 52.191075 ] ] ] } },
{ "type": "Feature", "properties": { "fid": 876, "hex_id": 875 }, "geometry": { "type": "Polygon", "coordinates": [ [ [ 20.990496, 52.186581 ], [ 20.992707, 52.188792 ], [ 20.996929, 52.188721 ], [ 20.998939, 52.186438 ], [ 20.996727, 52.184227 ], [ 20.992506, 52.184298 ], [ 20.990496, 52.186581 ] ] ] } },
{ "type": "Feature", "properties": { "fid": 877, "hex_id": 876 }, "geometry": { "type": "Polygon", "coordinates": [ [ [ 20.990295, 52.182087 ], [ 20.992506, 52.184298 ], [ 20.996727, 52.184227 ], [ 20.998737, 52.181944 ], [ 20.996526, 52.179733 ], [ 20.992305, 52.179804 ], [ 20.990295, 52.182087 ] ] ] } },
{ "type": "Feature", "properties": { "fid": 878, "hex_id": 877 }, "geometry": { "type": "Polygon", "coordinates": [ [ [ 20.990095, 52.177593 ], [ 20.992305, 52.179804 ], [ 20.996526, 52.179733 ], [ 20.998536, 52.17745 ], [ 20.996325, 52.175239 ], [ 20.992105, 52.17531 ], [ 20.990095, 52.177593 ] ] ] } },
{ "type": "Feature", "properties": { "fid": 879, "hex_id": 878 }, "geometry": { "type": "Polygon", "coordinates": [ [ [ 20.989894, 52.173099 ], [ 20.992105, 52.17531 ], [ 20.996325, 52.175239 ], [ 20.998334, 52.172956 ], [ 20.996124, 52.170745 ], [ 20.991904, 52.170816 ], [ 20.989894, 52.173099 ] ] ] } },
{ "type": "Feature", "properties": { "fid": 880, "hex_id": 879 }, "geometry": { "type": "Polygon", "coordinates": [ [ [ 20.989694, 52.168605 ], [ 20.991904, 52.170816 ], [ 20.996124, 52.170745 ], [ 20.998133, 52.168462 ], [ 20.995922, 52.166251 ], [ 20.991703, 52.166322 ], [ 20.989694, 52.168605 ] ] ] } },
{ "type": "Feature", "properties": { "fid": 881, "hex_id": 880 }, "geometry": { "type": "Polygon", "coordinates": [ [ [ 20.989493, 52.164111 ], [ 20.991703, 52.166322 ], [ 20.995922, 52.166251 ], [ 20.997931, 52.163968 ], [ 20.995721, 52.161757 ], [ 20.991502, 52.161828 ], [ 20.989493, 52.164111 ] ] ] } },
{ "type": "Feature", "properties": { "fid": 882, "hex_id": 881 }, "geometry": { "type": "Polygon", "coordinates": [ [ [ 20.989293, 52.159617 ], [ 20.991502, 52.161828 ], [ 20.995721, 52.161757 ], [ 20.99773, 52.159474 ], [ 20.99552, 52.157263 ], [ 20.991302, 52.157334 ], [ 20.989293, 52.159617 ] ] ] } },
{ "type": "Feature", "properties": { "fid": 883, "hex_id": 882 }, "geometry": { "type": "Polygon", "coordinates": [ [ [ 20.989092, 52.155123 ], [ 20.991302, 52.157334 ], [ 20.99552, 52.157263 ], [ 20.997529, 52.15498 ], [ 20.995319, 52.152769 ], [ 20.991101, 52.15284 ], [ 20.989092, 52.155123 ] ] ] } },
{ "type": "Feature", "properties": { "fid": 884, "hex_id": 883 }, "geometry": { "type": "Polygon", "coordinates": [ [ [ 20.988892, 52.150629 ], [ 20.991101, 52.15284 ], [ 20.995319, 52.152769 ], [ 20.997328, 52.150486 ], [ 20.995118, 52.148275 ], [ 20.990901, 52.148346 ], [ 20.988892, 52.150629 ] ] ] } },
{ "type": "Feature", "properties": { "fid": 885, "hex_id": 884 }, "geometry": { "type": "Polygon", "coordinates": [ [ [ 20.988692, 52.146135 ], [ 20.990901, 52.148346 ], [ 20.995118, 52.148275 ], [ 20.997126, 52.145992 ], [ 20.994917, 52.143781 ], [ 20.9907, 52.143852 ], [ 20.988692, 52.146135 ] ] ] } },
{ "type": "Feature", "properties": { "fid": 886, "hex_id": 885 }, "geometry": { "type": "Polygon", "coordinates": [ [ [ 20.988491, 52.141641 ], [ 20.9907, 52.143852 ], [ 20.994917, 52.143781 ], [ 20.996925, 52.141498 ], [ 20.994716, 52.139287 ], [ 20.9905, 52.139358 ], [ 20.988491, 52.141641 ] ] ] } },
{ "type": "Feature", "properties": { "fid": 887, "hex_id": 886 }, "geometry": { "type": "Polygon", "coordinates": [ [ [ 20.988291, 52.137147 ], [ 20.9905, 52.139358 ], [ 20.994716, 52.139287 ], [ 20.996724, 52.137004 ], [ 20.994516, 52.134793 ], [ 20.990299, 52.134864 ], [ 20.988291, 52.137147 ] ] ] } },
{ "type": "Feature", "properties": { "fid": 888, "hex_id": 887 }, "geometry": { "type": "Polygon", "coordinates": [ [ [ 20.988091, 52.132653 ], [ 20.990299, 52.134864 ], [ 20.994516, 52.134793 ], [ 20.996523, 52.13251 ], [ 20.994315, 52.130299 ], [ 20.990099, 52.13037 ], [ 20.988091, 52.132653 ] ] ] } },
{ "type": "Feature", "properties": { "fid": 889, "hex_id": 888 }, "geometry": { "type": "Polygon", "coordinates": [ [ [ 20.987891, 52.128159 ], [ 20.990099, 52.13037 ], [ 20.994315, 52.130299 ], [ 20.996322, 52.128016 ], [ 20.994114, 52.125805 ], [ 20.989899, 52.125876 ], [ 20.987891, 52.128159 ] ] ] } },
{ "type": "Feature", "properties": { "fid": 890, "hex_id": 889 }, "geometry": { "type": "Polygon", "coordinates": [ [ [ 20.987691, 52.123665 ], [ 20.989899, 52.125876 ], [ 20.994114, 52.125805 ], [ 20.996122, 52.123522 ], [ 20.993914, 52.121311 ], [ 20.989698, 52.121382 ], [ 20.987691, 52.123665 ] ] ] } },
{ "type": "Feature", "properties": { "fid": 891, "hex_id": 890 }, "geometry": { "type": "Polygon", "coordinates": [ [ [ 20.987491, 52.119171 ], [ 20.989698, 52.121382 ], [ 20.993914, 52.121311 ], [ 20.995921, 52.119028 ], [ 20.993713, 52.116817 ], [ 20.989498, 52.116888 ], [ 20.987491, 52.119171 ] ] ] } },
{ "type": "Feature", "properties": { "fid": 892, "hex_id": 891 }, "geometry": { "type": "Polygon", "coordinates": [ [ [ 20.987291, 52.114677 ], [ 20.989498, 52.116888 ], [ 20.993713, 52.116817 ], [ 20.99572, 52.114534 ], [ 20.993512, 52.112323 ], [ 20.989298, 52.112394 ], [ 20.987291, 52.114677 ] ] ] } },
{ "type": "Feature", "properties": { "fid": 893, "hex_id": 892 }, "geometry": { "type": "Polygon", "coordinates": [ [ [ 20.987091, 52.110183 ], [ 20.989298, 52.112394 ], [ 20.993512, 52.112323 ], [ 20.995519, 52.11004 ], [ 20.993312, 52.107829 ], [ 20.989098, 52.1079 ], [ 20.987091, 52.110183 ] ] ] } },
{ "type": "Feature", "properties": { "fid": 894, "hex_id": 893 }, "geometry": { "type": "Polygon", "coordinates": [ [ [ 20.986891, 52.105689 ], [ 20.989098, 52.1079 ], [ 20.993312, 52.107829 ], [ 20.995318, 52.105546 ], [ 20.993111, 52.103335 ], [ 20.988898, 52.103406 ], [ 20.986891, 52.105689 ] ] ] } },
{ "type": "Feature", "properties": { "fid": 895, "hex_id": 894 }, "geometry": { "type": "Polygon", "coordinates": [ [ [ 20.986691, 52.101195 ], [ 20.988898, 52.103406 ], [ 20.993111, 52.103335 ], [ 20.995118, 52.101052 ], [ 20.992911, 52.098841 ], [ 20.988698, 52.098912 ], [ 20.986691, 52.101195 ] ] ] } },
{ "type": "Feature", "properties": { "fid": 896, "hex_id": 895 }, "geometry": { "type": "Polygon", "coordinates": [ [ [ 21.004824, 52.363982 ], [ 21.007045, 52.366193 ], [ 21.011284, 52.366121 ], [ 21.013301, 52.363838 ], [ 21.011079, 52.361627 ], [ 21.006842, 52.361699 ], [ 21.004824, 52.363982 ] ] ] } },
{ "type": "Feature", "properties": { "fid": 897, "hex_id": 896 }, "geometry": { "type": "Polygon", "coordinates": [ [ [ 21.004621, 52.359488 ], [ 21.006842, 52.361699 ], [ 21.011079, 52.361627 ], [ 21.013096, 52.359344 ], [ 21.010875, 52.357133 ], [ 21.006638, 52.357205 ], [ 21.004621, 52.359488 ] ] ] } },
{ "type": "Feature", "properties": { "fid": 898, "hex_id": 897 }, "geometry": { "type": "Polygon", "coordinates": [ [ [ 21.004417, 52.354994 ], [ 21.006638, 52.357205 ], [ 21.010875, 52.357133 ], [ 21.012892, 52.35485 ], [ 21.010671, 52.352639 ], [ 21.006434, 52.352711 ], [ 21.004417, 52.354994 ] ] ] } },
{ "type": "Feature", "properties": { "fid": 899, "hex_id": 898 }, "geometry": { "type": "Polygon", "coordinates": [ [ [ 21.004214, 52.3505 ], [ 21.006434, 52.352711 ], [ 21.010671, 52.352639 ], [ 21.012688, 52.350356 ], [ 21.010467, 52.348145 ], [ 21.006231, 52.348217 ], [ 21.004214, 52.3505 ] ] ] } },
{ "type": "Feature", "properties": { "fid": 900, "hex_id": 899 }, "geometry": { "type": "Polygon", "coordinates": [ [ [ 21.004011, 52.346007 ], [ 21.006231, 52.348217 ], [ 21.010467, 52.348145 ], [ 21.012484, 52.345862 ], [ 21.010263, 52.343652 ], [ 21.006027, 52.343724 ], [ 21.004011, 52.346007 ] ] ] } },
{ "type": "Feature", "properties": { "fid": 901, "hex_id": 900 }, "geometry": { "type": "Polygon", "coordinates": [ [ [ 21.003808, 52.341513 ], [ 21.006027, 52.343724 ], [ 21.010263, 52.343652 ], [ 21.012279, 52.341369 ], [ 21.01006, 52.339158 ], [ 21.005824, 52.33923 ], [ 21.003808, 52.341513 ] ] ] } },
{ "type": "Feature", "properties": { "fid": 902, "hex_id": 901 }, "geometry": { "type": "Polygon", "coordinates": [ [ [ 21.003604, 52.337019 ], [ 21.005824, 52.33923 ], [ 21.01006, 52.339158 ], [ 21.012075, 52.336875 ], [ 21.009856, 52.334664 ], [ 21.00562, 52.334736 ], [ 21.003604, 52.337019 ] ] ] } },
{ "type": "Feature", "properties": { "fid": 903, "hex_id": 902 }, "geometry": { "type": "Polygon", "coordinates": [ [ [ 21.003401, 52.332525 ], [ 21.00562, 52.334736 ], [ 21.009856, 52.334664 ], [ 21.011871, 52.332381 ], [ 21.009652, 52.33017 ], [ 21.005417, 52.330242 ], [ 21.003401, 52.332525 ] ] ] } },
{ "type": "Feature", "properties": { "fid": 904, "hex_id": 903 }, "geometry": { "type": "Polygon", "coordinates": [ [ [ 21.003198, 52.328031 ], [ 21.005417, 52.330242 ], [ 21.009652, 52.33017 ], [ 21.011667, 52.327887 ], [ 21.009448, 52.325676 ], [ 21.005214, 52.325748 ], [ 21.003198, 52.328031 ] ] ] } },
{ "type": "Feature", "properties": { "fid": 905, "hex_id": 904 }, "geometry": { "type": "Polygon", "coordinates": [ [ [ 21.002995, 52.323537 ], [ 21.005214, 52.325748 ], [ 21.009448, 52.325676 ], [ 21.011464, 52.323393 ], [ 21.009245, 52.321183 ], [ 21.005011, 52.321255 ], [ 21.002995, 52.323537 ] ] ] } },
{ "type": "Feature", "properties": { "fid": 906, "hex_id": 905 }, "geometry": { "type": "Polygon", "coordinates": [ [ [ 21.002792, 52.319044 ], [ 21.005011, 52.321255 ], [ 21.009245, 52.321183 ], [ 21.01126, 52.3189 ], [ 21.009041, 52.316689 ], [ 21.004807, 52.316761 ], [ 21.002792, 52.319044 ] ] ] } },
{ "type": "Feature", "properties": { "fid": 907, "hex_id": 906 }, "geometry": { "type": "Polygon", "coordinates": [ [ [ 21.002589, 52.31455 ], [ 21.004807, 52.316761 ], [ 21.009041, 52.316689 ], [ 21.011056, 52.314406 ], [ 21.008837, 52.312195 ], [ 21.004604, 52.312267 ], [ 21.002589, 52.31455 ] ] ] } },
{ "type": "Feature", "properties": { "fid": 908, "hex_id": 907 }, "geometry": { "type": "Polygon", "coordinates": [ [ [ 21.002386, 52.310056 ], [ 21.004604, 52.312267 ], [ 21.008837, 52.312195 ], [ 21.010852, 52.309912 ], [ 21.008634, 52.307701 ], [ 21.004401, 52.307773 ], [ 21.002386, 52.310056 ] ] ] } },
{ "type": "Feature", "properties": { "fid": 909, "hex_id": 908 }, "geometry": { "type": "Polygon", "coordinates": [ [ [ 21.002183, 52.305562 ], [ 21.004401, 52.307773 ], [ 21.008634, 52.307701 ], [ 21.010649, 52.305418 ], [ 21.008431, 52.303207 ], [ 21.004198, 52.303279 ], [ 21.002183, 52.305562 ] ] ] } },
{ "type": "Feature", "properties": { "fid": 910, "hex_id": 909 }, "geometry": { "type": "Polygon", "coordinates": [ [ [ 21.001981, 52.301068 ], [ 21.004198, 52.303279 ], [ 21.008431, 52.303207 ], [ 21.010445, 52.300924 ], [ 21.008227, 52.298713 ], [ 21.003995, 52.298785 ], [ 21.001981, 52.301068 ] ] ] } },
{ "type": "Feature", "properties": { "fid": 911, "hex_id": 910 }, "geometry": { "type": "Polygon", "coordinates": [ [ [ 21.001778, 52.296574 ], [ 21.003995, 52.298785 ], [ 21.008227, 52.298713 ], [ 21.010241, 52.296431 ], [ 21.008024, 52.29422 ], [ 21.003792, 52.294292 ], [ 21.001778, 52.296574 ] ] ] } },
{ "type": "Feature", "properties": { "fid": 912, "hex_id": 911 }, "geometry": { "type": "Polygon", "coordinates": [ [ [ 21.001575, 52.292081 ], [ 21.003792, 52.294292 ], [ 21.008024, 52.29422 ], [ 21.010038, 52.291937 ], [ 21.007821, 52.289726 ], [ 21.00359, 52.289798 ], [ 21.001575, 52.292081 ] ] ] } },
{ "type": "Feature", "properties": { "fid": 913, "hex_id": 912 }, "geometry": { "type": "Polygon", "coordinates": [ [ [ 21.001373, 52.287587 ], [ 21.00359, 52.289798 ], [ 21.007821, 52.289726 ], [ 21.009834, 52.287443 ], [ 21.007617, 52.285232 ], [ 21.003387, 52.285304 ], [ 21.001373, 52.287587 ] ] ] } },
{ "type": "Feature", "properties": { "fid": 914, "hex_id": 913 }, "geometry": { "type": "Polygon", "coordinates": [ [ [ 21.00117, 52.283093 ], [ 21.003387, 52.285304 ], [ 21.007617, 52.285232 ], [ 21.009631, 52.282949 ], [ 21.007414, 52.280738 ], [ 21.003184, 52.28081 ], [ 21.00117, 52.283093 ] ] ] } },
{ "type": "Feature", "properties": { "fid": 915, "hex_id": 914 }, "geometry": { "type": "Polygon", "coordinates": [ [ [ 21.000968, 52.278599 ], [ 21.003184, 52.28081 ], [ 21.007414, 52.280738 ], [ 21.009428, 52.278455 ], [ 21.007211, 52.276244 ], [ 21.002981, 52.276316 ], [ 21.000968, 52.278599 ] ] ] } },
{ "type": "Feature", "properties": { "fid": 916, "hex_id": 915 }, "geometry": { "type": "Polygon", "coordinates": [ [ [ 21.000765, 52.274105 ], [ 21.002981, 52.276316 ], [ 21.007211, 52.276244 ], [ 21.009224, 52.273961 ], [ 21.007008, 52.27175 ], [ 21.002779, 52.271822 ], [ 21.000765, 52.274105 ] ] ] } },
{ "type": "Feature", "properties": { "fid": 917, "hex_id": 916 }, "geometry": { "type": "Polygon", "coordinates": [ [ [ 21.000563, 52.269611 ], [ 21.002779, 52.271822 ], [ 21.007008, 52.27175 ], [ 21.009021, 52.269467 ], [ 21.006805, 52.267257 ], [ 21.002576, 52.267328 ], [ 21.000563, 52.269611 ] ] ] } },
{ "type": "Feature", "properties": { "fid": 918, "hex_id": 917 }, "geometry": { "type": "Polygon", "coordinates": [ [ [ 21.00036, 52.265117 ], [ 21.002576, 52.267328 ], [ 21.006805, 52.267257 ], [ 21.008818, 52.264974 ], [ 21.006602, 52.262763 ], [ 21.002374, 52.262834 ], [ 21.00036, 52.265117 ] ] ] } },
{ "type": "Feature", "properties": { "fid": 919, "hex_id": 918 }, "geometry": { "type": "Polygon", "coordinates": [ [ [ 21.000158, 52.260623 ], [ 21.002374, 52.262834 ], [ 21.006602, 52.262763 ], [ 21.008615, 52.26048 ], [ 21.006399, 52.258269 ], [ 21.002171, 52.258341 ], [ 21.000158, 52.260623 ] ] ] } },
{ "type": "Feature", "properties": { "fid": 920, "hex_id": 919 }, "geometry": { "type": "Polygon", "coordinates": [ [ [ 20.999956, 52.25613 ], [ 21.002171, 52.258341 ], [ 21.006399, 52.258269 ], [ 21.008412, 52.255986 ], [ 21.006196, 52.253775 ], [ 21.001969, 52.253847 ], [ 20.999956, 52.25613 ] ] ] } },
{ "type": "Feature", "properties": { "fid": 921, "hex_id": 920 }, "geometry": { "type": "Polygon", "coordinates": [ [ [ 20.999754, 52.251636 ], [ 21.001969, 52.253847 ], [ 21.006196, 52.253775 ], [ 21.008209, 52.251492 ], [ 21.005994, 52.249281 ], [ 21.001766, 52.249353 ], [ 20.999754, 52.251636 ] ] ] } },
{ "type": "Feature", "properties": { "fid": 922, "hex_id": 921 }, "geometry": { "type": "Polygon", "coordinates": [ [ [ 20.999552, 52.247142 ], [ 21.001766, 52.249353 ], [ 21.005994, 52.249281 ], [ 21.008006, 52.246998 ], [ 21.005791, 52.244787 ], [ 21.001564, 52.244859 ], [ 20.999552, 52.247142 ] ] ] } },
{ "type": "Feature", "properties": { "fid": 923, "hex_id": 922 }, "geometry": { "type": "Polygon", "coordinates": [ [ [ 20.99935, 52.242648 ], [ 21.001564, 52.244859 ], [ 21.005791, 52.244787 ], [ 21.007803, 52.242504 ], [ 21.005588, 52.240293 ], [ 21.001362, 52.240365 ], [ 20.99935, 52.242648 ] ] ] } },
{ "type": "Feature", "properties": { "fid": 924, "hex_id": 923 }, "geometry": { "type": "Polygon", "coordinates": [ [ [ 20.999148, 52.238154 ], [ 21.001362, 52.240365 ], [ 21.005588, 52.240293 ], [ 21.0076, 52.23801 ], [ 21.005385, 52.235799 ], [ 21.00116, 52.235871 ], [ 20.999148, 52.238154 ] ] ] } },
{ "type": "Feature", "properties": { "fid": 925, "hex_id": 924 }, "geometry": { "type": "Polygon", "coordinates": [ [ [ 20.998946, 52.23366 ], [ 21.00116, 52.235871 ], [ 21.005385, 52.235799 ], [ 21.007397, 52.233517 ], [ 21.005183, 52.231306 ], [ 21.000957, 52.231377 ], [ 20.998946, 52.23366 ] ] ] } },
{ "type": "Feature", "properties": { "fid": 926, "hex_id": 925 }, "geometry": { "type": "Polygon", "coordinates": [ [ [ 20.998744, 52.229166 ], [ 21.000957, 52.231377 ], [ 21.005183, 52.231306 ], [ 21.007194, 52.229023 ], [ 21.00498, 52.226812 ], [ 21.000755, 52.226883 ], [ 20.998744, 52.229166 ] ] ] } },
{ "type": "Feature", "properties": { "fid": 927, "hex_id": 926 }, "geometry": { "type": "Polygon", "coordinates": [ [ [ 20.998542, 52.224672 ], [ 21.000755, 52.226883 ], [ 21.00498, 52.226812 ], [ 21.006992, 52.224529 ], [ 21.004778, 52.222318 ], [ 21.000553, 52.222389 ], [ 20.998542, 52.224672 ] ] ] } },
{ "type": "Feature", "properties": { "fid": 928, "hex_id": 927 }, "geometry": { "type": "Polygon", "coordinates": [ [ [ 20.99834, 52.220178 ], [ 21.000553, 52.222389 ], [ 21.004778, 52.222318 ], [ 21.006789, 52.220035 ], [ 21.004575, 52.217824 ], [ 21.000351, 52.217895 ], [ 20.99834, 52.220178 ] ] ] } },
{ "type": "Feature", "properties": { "fid": 929, "hex_id": 928 }, "geometry": { "type": "Polygon", "coordinates": [ [ [ 20.998138, 52.215684 ], [ 21.000351, 52.217895 ], [ 21.004575, 52.217824 ], [ 21.006586, 52.215541 ], [ 21.004373, 52.21333 ], [ 21.000149, 52.213402 ], [ 20.998138, 52.215684 ] ] ] } },
{ "type": "Feature", "properties": { "fid": 930, "hex_id": 929 }, "geometry": { "type": "Polygon", "coordinates": [ [ [ 20.997937, 52.21119 ], [ 21.000149, 52.213402 ], [ 21.004373, 52.21333 ], [ 21.006384, 52.211047 ], [ 21.004171, 52.208836 ], [ 20.999947, 52.208908 ], [ 20.997937, 52.21119 ] ] ] } },
{ "type": "Feature", "properties": { "fid": 931, "hex_id": 930 }, "geometry": { "type": "Polygon", "coordinates": [ [ [ 20.997735, 52.206696 ], [ 20.999947, 52.208908 ], [ 21.004171, 52.208836 ], [ 21.006181, 52.206553 ], [ 21.003968, 52.204342 ], [ 20.999746, 52.204414 ], [ 20.997735, 52.206696 ] ] ] } },
{ "type": "Feature", "properties": { "fid": 932, "hex_id": 931 }, "geometry": { "type": "Polygon", "coordinates": [ [ [ 20.997533, 52.202203 ], [ 20.999746, 52.204414 ], [ 21.003968, 52.204342 ], [ 21.005979, 52.202059 ], [ 21.003766, 52.199848 ], [ 20.999544, 52.19992 ], [ 20.997533, 52.202203 ] ] ] } },
{ "type": "Feature", "properties": { "fid": 933, "hex_id": 932 }, "geometry": { "type": "Polygon", "coordinates": [ [ [ 20.997332, 52.197709 ], [ 20.999544, 52.19992 ], [ 21.003766, 52.199848 ], [ 21.005776, 52.197565 ], [ 21.003564, 52.195354 ], [ 20.999342, 52.195426 ], [ 20.997332, 52.197709 ] ] ] } },
{ "type": "Feature", "properties": { "fid": 934, "hex_id": 933 }, "geometry": { "type": "Polygon", "coordinates": [ [ [ 20.99713, 52.193215 ], [ 20.999342, 52.195426 ], [ 21.003564, 52.195354 ], [ 21.005574, 52.193071 ], [ 21.003362, 52.19086 ], [ 20.99914, 52.190932 ], [ 20.99713, 52.193215 ] ] ] } },
{ "type": "Feature", "properties": { "fid": 935, "hex_id": 934 }, "geometry": { "type": "Polygon", "coordinates": [ [ [ 20.996929, 52.188721 ], [ 20.99914, 52.190932 ], [ 21.003362, 52.19086 ], [ 21.005372, 52.188577 ], [ 21.00316, 52.186366 ], [ 20.998939, 52.186438 ], [ 20.996929, 52.188721 ] ] ] } },
{ "type": "Feature", "properties": { "fid": 936, "hex_id": 935 }, "geometry": { "type": "Polygon", "coordinates": [ [ [ 20.996727, 52.184227 ], [ 20.998939, 52.186438 ], [ 21.00316, 52.186366 ], [ 21.005169, 52.184084 ], [ 21.002958, 52.181872 ], [ 20.998737, 52.181944 ], [ 20.996727, 52.184227 ] ] ] } },
{ "type": "Feature", "properties": { "fid": 937, "hex_id": 936 }, "geometry": { "type": "Polygon", "coordinates": [ [ [ 20.996526, 52.179733 ], [ 20.998737, 52.181944 ], [ 21.002958, 52.181872 ], [ 21.004967, 52.17959 ], [ 21.002756, 52.177378 ], [ 20.998536, 52.17745 ], [ 20.996526, 52.179733 ] ] ] } },
{ "type": "Feature", "properties": { "fid": 938, "hex_id": 937 }, "geometry": { "type": "Polygon", "coordinates": [ [ [ 20.996325, 52.175239 ], [ 20.998536, 52.17745 ], [ 21.002756, 52.177378 ], [ 21.004765, 52.175096 ], [ 21.002554, 52.172885 ], [ 20.998334, 52.172956 ], [ 20.996325, 52.175239 ] ] ] } },
{ "type": "Feature", "properties": { "fid": 939, "hex_id": 938 }, "geometry": { "type": "Polygon", "coordinates": [ [ [ 20.996124, 52.170745 ], [ 20.998334, 52.172956 ], [ 21.002554, 52.172885 ], [ 21.004563, 52.170602 ], [ 21.002352, 52.168391 ], [ 20.998133, 52.168462 ], [ 20.996124, 52.170745 ] ] ] } },
{ "type": "Feature", "properties": { "fid": 940, "hex_id": 939 }, "geometry": { "type": "Polygon", "coordinates": [ [ [ 20.995922, 52.166251 ], [ 20.998133, 52.168462 ], [ 21.002352, 52.168391 ], [ 21.004361, 52.166108 ], [ 21.002151, 52.163897 ], [ 20.997931, 52.163968 ], [ 20.995922, 52.166251 ] ] ] } },
{ "type": "Feature", "properties": { "fid": 941, "hex_id": 940 }, "geometry": { "type": "Polygon", "coordinates": [ [ [ 20.995721, 52.161757 ], [ 20.997931, 52.163968 ], [ 21.002151, 52.163897 ], [ 21.004159, 52.161614 ], [ 21.001949, 52.159403 ], [ 20.99773, 52.159474 ], [ 20.995721, 52.161757 ] ] ] } },
{ "type": "Feature", "properties": { "fid": 942, "hex_id": 941 }, "geometry": { "type": "Polygon", "coordinates": [ [ [ 20.99552, 52.157263 ], [ 20.99773, 52.159474 ], [ 21.001949, 52.159403 ], [ 21.003957, 52.15712 ], [ 21.001747, 52.154909 ], [ 20.997529, 52.15498 ], [ 20.99552, 52.157263 ] ] ] } },
{ "type": "Feature", "properties": { "fid": 943, "hex_id": 942 }, "geometry": { "type": "Polygon", "coordinates": [ [ [ 20.995319, 52.152769 ], [ 20.997529, 52.15498 ], [ 21.001747, 52.154909 ], [ 21.003755, 52.152626 ], [ 21.001545, 52.150415 ], [ 20.997328, 52.150486 ], [ 20.995319, 52.152769 ] ] ] } },
{ "type": "Feature", "properties": { "fid": 944, "hex_id": 943 }, "geometry": { "type": "Polygon", "coordinates": [ [ [ 20.995118, 52.148275 ], [ 20.997328, 52.150486 ], [ 21.001545, 52.150415 ], [ 21.003553, 52.148132 ], [ 21.001344, 52.145921 ], [ 20.997126, 52.145992 ], [ 20.995118, 52.148275 ] ] ] } },
{ "type": "Feature", "properties": { "fid": 945, "hex_id": 944 }, "geometry": { "type": "Polygon", "coordinates": [ [ [ 20.994917, 52.143781 ], [ 20.997126, 52.145992 ], [ 21.001344, 52.145921 ], [ 21.003352, 52.143638 ], [ 21.001142, 52.141427 ], [ 20.996925, 52.141498 ], [ 20.994917, 52.143781 ] ] ] } },
{ "type": "Feature", "properties": { "fid": 946, "hex_id": 945 }, "geometry": { "type": "Polygon", "coordinates": [ [ [ 20.994716, 52.139287 ], [ 20.996925, 52.141498 ], [ 21.001142, 52.141427 ], [ 21.00315, 52.139144 ], [ 21.000941, 52.136933 ], [ 20.996724, 52.137004 ], [ 20.994716, 52.139287 ] ] ] } },
{ "type": "Feature", "properties": { "fid": 947, "hex_id": 946 }, "geometry": { "type": "Polygon", "coordinates": [ [ [ 20.994516, 52.134793 ], [ 20.996724, 52.137004 ], [ 21.000941, 52.136933 ], [ 21.002948, 52.13465 ], [ 21.000739, 52.132439 ], [ 20.996523, 52.13251 ], [ 20.994516, 52.134793 ] ] ] } },
{ "type": "Feature", "properties": { "fid": 948, "hex_id": 947 }, "geometry": { "type": "Polygon", "coordinates": [ [ [ 20.994315, 52.130299 ], [ 20.996523, 52.13251 ], [ 21.000739, 52.132439 ], [ 21.002747, 52.130156 ], [ 21.000538, 52.127945 ], [ 20.996322, 52.128016 ], [ 20.994315, 52.130299 ] ] ] } },
{ "type": "Feature", "properties": { "fid": 949, "hex_id": 948 }, "geometry": { "type": "Polygon", "coordinates": [ [ [ 20.994114, 52.125805 ], [ 20.996322, 52.128016 ], [ 21.000538, 52.127945 ], [ 21.002545, 52.125662 ], [ 21.000337, 52.123451 ], [ 20.996122, 52.123522 ], [ 20.994114, 52.125805 ] ] ] } },
{ "type": "Feature", "properties": { "fid": 950, "hex_id": 949 }, "geometry": { "type": "Polygon", "coordinates": [ [ [ 20.993914, 52.121311 ], [ 20.996122, 52.123522 ], [ 21.000337, 52.123451 ], [ 21.002344, 52.121168 ], [ 21.000136, 52.118957 ], [ 20.995921, 52.119028 ], [ 20.993914, 52.121311 ] ] ] } },
{ "type": "Feature", "properties": { "fid": 951, "hex_id": 950 }, "geometry": { "type": "Polygon", "coordinates": [ [ [ 20.993713, 52.116817 ], [ 20.995921, 52.119028 ], [ 21.000136, 52.118957 ], [ 21.002142, 52.116674 ], [ 20.999934, 52.114463 ], [ 20.99572, 52.114534 ], [ 20.993713, 52.116817 ] ] ] } },
{ "type": "Feature", "properties": { "fid": 952, "hex_id": 951 }, "geometry": { "type": "Polygon", "coordinates": [ [ [ 20.993512, 52.112323 ], [ 20.99572, 52.114534 ], [ 20.999934, 52.114463 ], [ 21.001941, 52.11218 ], [ 20.999733, 52.109969 ], [ 20.995519, 52.11004 ], [ 20.993512, 52.112323 ] ] ] } },
{ "type": "Feature", "properties": { "fid": 953, "hex_id": 952 }, "geometry": { "type": "Polygon", "coordinates": [ [ [ 20.993312, 52.107829 ], [ 20.995519, 52.11004 ], [ 20.999733, 52.109969 ], [ 21.00174, 52.107686 ], [ 20.999532, 52.105475 ], [ 20.995318, 52.105546 ], [ 20.993312, 52.107829 ] ] ] } },
{ "type": "Feature", "properties": { "fid": 954, "hex_id": 953 }, "geometry": { "type": "Polygon", "coordinates": [ [ [ 20.993111, 52.103335 ], [ 20.995318, 52.105546 ], [ 20.999532, 52.105475 ], [ 21.001538, 52.103192 ], [ 20.999331, 52.100981 ], [ 20.995118, 52.101052 ], [ 20.993111, 52.103335 ] ] ] } },
{ "type": "Feature", "properties": { "fid": 955, "hex_id": 954 }, "geometry": { "type": "Polygon", "coordinates": [ [ [ 21.010875, 52.357133 ], [ 21.013096, 52.359344 ], [ 21.017334, 52.359272 ], [ 21.01935, 52.356988 ], [ 21.017129, 52.354778 ], [ 21.012892, 52.35485 ], [ 21.010875, 52.357133 ] ] ] } },
{ "type": "Feature", "properties": { "fid": 956, "hex_id": 955 }, "geometry": { "type": "Polygon", "coordinates": [ [ [ 21.010671, 52.352639 ], [ 21.012892, 52.35485 ], [ 21.017129, 52.354778 ], [ 21.019145, 52.352495 ], [ 21.016925, 52.350284 ], [ 21.012688, 52.350356 ], [ 21.010671, 52.352639 ] ] ] } },
{ "type": "Feature", "properties": { "fid": 957, "hex_id": 956 }, "geometry": { "type": "Polygon", "coordinates": [ [ [ 21.010467, 52.348145 ], [ 21.012688, 52.350356 ], [ 21.016925, 52.350284 ], [ 21.018941, 52.348001 ], [ 21.01672, 52.34579 ], [ 21.012484, 52.345862 ], [ 21.010467, 52.348145 ] ] ] } },
{ "type": "Feature", "properties": { "fid": 958, "hex_id": 957 }, "geometry": { "type": "Polygon", "coordinates": [ [ [ 21.010263, 52.343652 ], [ 21.012484, 52.345862 ], [ 21.01672, 52.34579 ], [ 21.018736, 52.343507 ], [ 21.016515, 52.341296 ], [ 21.012279, 52.341369 ], [ 21.010263, 52.343652 ] ] ] } },
{ "type": "Feature", "properties": { "fid": 959, "hex_id": 958 }, "geometry": { "type": "Polygon", "coordinates": [ [ [ 21.01006, 52.339158 ], [ 21.012279, 52.341369 ], [ 21.016515, 52.341296 ], [ 21.018531, 52.339013 ], [ 21.016311, 52.336803 ], [ 21.012075, 52.336875 ], [ 21.01006, 52.339158 ] ] ] } },
{ "type": "Feature", "properties": { "fid": 960, "hex_id": 959 }, "geometry": { "type": "Polygon", "coordinates": [ [ [ 21.009856, 52.334664 ], [ 21.012075, 52.336875 ], [ 21.016311, 52.336803 ], [ 21.018326, 52.33452 ], [ 21.016106, 52.332309 ], [ 21.011871, 52.332381 ], [ 21.009856, 52.334664 ] ] ] } },
{ "type": "Feature", "properties": { "fid": 961, "hex_id": 960 }, "geometry": { "type": "Polygon", "coordinates": [ [ [ 21.009652, 52.33017 ], [ 21.011871, 52.332381 ], [ 21.016106, 52.332309 ], [ 21.018122, 52.330026 ], [ 21.015902, 52.327815 ], [ 21.011667, 52.327887 ], [ 21.009652, 52.33017 ] ] ] } },
{ "type": "Feature", "properties": { "fid": 962, "hex_id": 961 }, "geometry": { "type": "Polygon", "coordinates": [ [ [ 21.009448, 52.325676 ], [ 21.011667, 52.327887 ], [ 21.015902, 52.327815 ], [ 21.017917, 52.325532 ], [ 21.015698, 52.323321 ], [ 21.011464, 52.323393 ], [ 21.009448, 52.325676 ] ] ] } },
{ "type": "Feature", "properties": { "fid": 963, "hex_id": 962 }, "geometry": { "type": "Polygon", "coordinates": [ [ [ 21.009245, 52.321183 ], [ 21.011464, 52.323393 ], [ 21.015698, 52.323321 ], [ 21.017713, 52.321038 ], [ 21.015494, 52.318827 ], [ 21.01126, 52.3189 ], [ 21.009245, 52.321183 ] ] ] } },
{ "type": "Feature", "properties": { "fid": 964, "hex_id": 963 }, "geometry": { "type": "Polygon", "coordinates": [ [ [ 21.009041, 52.316689 ], [ 21.01126, 52.3189 ], [ 21.015494, 52.318827 ], [ 21.017508, 52.316544 ], [ 21.015289, 52.314334 ], [ 21.011056, 52.314406 ], [ 21.009041, 52.316689 ] ] ] } },
{ "type": "Feature", "properties": { "fid": 965, "hex_id": 964 }, "geometry": { "type": "Polygon", "coordinates": [ [ [ 21.008837, 52.312195 ], [ 21.011056, 52.314406 ], [ 21.015289, 52.314334 ], [ 21.017304, 52.312051 ], [ 21.015085, 52.30984 ], [ 21.010852, 52.309912 ], [ 21.008837, 52.312195 ] ] ] } },
{ "type": "Feature", "properties": { "fid": 966, "hex_id": 965 }, "geometry": { "type": "Polygon", "coordinates": [ [ [ 21.008634, 52.307701 ], [ 21.010852, 52.309912 ], [ 21.015085, 52.30984 ], [ 21.017099, 52.307557 ], [ 21.014881, 52.305346 ], [ 21.010649, 52.305418 ], [ 21.008634, 52.307701 ] ] ] } },
{ "type": "Feature", "properties": { "fid": 967, "hex_id": 966 }, "geometry": { "type": "Polygon", "coordinates": [ [ [ 21.008431, 52.303207 ], [ 21.010649, 52.305418 ], [ 21.014881, 52.305346 ], [ 21.016895, 52.303063 ], [ 21.014677, 52.300852 ], [ 21.010445, 52.300924 ], [ 21.008431, 52.303207 ] ] ] } },
{ "type": "Feature", "properties": { "fid": 968, "hex_id": 967 }, "geometry": { "type": "Polygon", "coordinates": [ [ [ 21.008227, 52.298713 ], [ 21.010445, 52.300924 ], [ 21.014677, 52.300852 ], [ 21.016691, 52.298569 ], [ 21.014473, 52.296358 ], [ 21.010241, 52.296431 ], [ 21.008227, 52.298713 ] ] ] } },
{ "type": "Feature", "properties": { "fid": 969, "hex_id": 968 }, "geometry": { "type": "Polygon", "coordinates": [ [ [ 21.008024, 52.29422 ], [ 21.010241, 52.296431 ], [ 21.014473, 52.296358 ], [ 21.016487, 52.294075 ], [ 21.014269, 52.291865 ], [ 21.010038, 52.291937 ], [ 21.008024, 52.29422 ] ] ] } },
{ "type": "Feature", "properties": { "fid": 970, "hex_id": 969 }, "geometry": { "type": "Polygon", "coordinates": [ [ [ 21.007821, 52.289726 ], [ 21.010038, 52.291937 ], [ 21.014269, 52.291865 ], [ 21.016283, 52.289582 ], [ 21.014065, 52.287371 ], [ 21.009834, 52.287443 ], [ 21.007821, 52.289726 ] ] ] } },
{ "type": "Feature", "properties": { "fid": 971, "hex_id": 970 }, "geometry": { "type": "Polygon", "coordinates": [ [ [ 21.007617, 52.285232 ], [ 21.009834, 52.287443 ], [ 21.014065, 52.287371 ], [ 21.016079, 52.285088 ], [ 21.013861, 52.282877 ], [ 21.009631, 52.282949 ], [ 21.007617, 52.285232 ] ] ] } },
{ "type": "Feature", "properties": { "fid": 972, "hex_id": 971 }, "geometry": { "type": "Polygon", "coordinates": [ [ [ 21.007414, 52.280738 ], [ 21.009631, 52.282949 ], [ 21.013861, 52.282877 ], [ 21.015875, 52.280594 ], [ 21.013658, 52.278383 ], [ 21.009428, 52.278455 ], [ 21.007414, 52.280738 ] ] ] } },
{ "type": "Feature", "properties": { "fid": 973, "hex_id": 972 }, "geometry": { "type": "Polygon", "coordinates": [ [ [ 21.007211, 52.276244 ], [ 21.009428, 52.278455 ], [ 21.013658, 52.278383 ], [ 21.015671, 52.2761 ], [ 21.013454, 52.273889 ], [ 21.009224, 52.273961 ], [ 21.007211, 52.276244 ] ] ] } },
{ "type": "Feature", "properties": { "fid": 974, "hex_id": 973 }, "geometry": { "type": "Polygon", "coordinates": [ [ [ 21.007008, 52.27175 ], [ 21.009224, 52.273961 ], [ 21.013454, 52.273889 ], [ 21.015467, 52.271606 ], [ 21.01325, 52.269395 ], [ 21.009021, 52.269467 ], [ 21.007008, 52.27175 ] ] ] } },
{ "type": "Feature", "properties": { "fid": 975, "hex_id": 974 }, "geometry": { "type": "Polygon", "coordinates": [ [ [ 21.006805, 52.267257 ], [ 21.009021, 52.269467 ], [ 21.01325, 52.269395 ], [ 21.015263, 52.267112 ], [ 21.013047, 52.264902 ], [ 21.008818, 52.264974 ], [ 21.006805, 52.267257 ] ] ] } },
{ "type": "Feature", "properties": { "fid": 976, "hex_id": 975 }, "geometry": { "type": "Polygon", "coordinates": [ [ [ 21.006602, 52.262763 ], [ 21.008818, 52.264974 ], [ 21.013047, 52.264902 ], [ 21.015059, 52.262619 ], [ 21.012843, 52.260408 ], [ 21.008615, 52.26048 ], [ 21.006602, 52.262763 ] ] ] } },
{ "type": "Feature", "properties": { "fid": 977, "hex_id": 976 }, "geometry": { "type": "Polygon", "coordinates": [ [ [ 21.006399, 52.258269 ], [ 21.008615, 52.26048 ], [ 21.012843, 52.260408 ], [ 21.014855, 52.258125 ], [ 21.012639, 52.255914 ], [ 21.008412, 52.255986 ], [ 21.006399, 52.258269 ] ] ] } },
{ "type": "Feature", "properties": { "fid": 978, "hex_id": 977 }, "geometry": { "type": "Polygon", "coordinates": [ [ [ 21.006196, 52.253775 ], [ 21.008412, 52.255986 ], [ 21.012639, 52.255914 ], [ 21.014652, 52.253631 ], [ 21.012436, 52.25142 ], [ 21.008209, 52.251492 ], [ 21.006196, 52.253775 ] ] ] } },
{ "type": "Feature", "properties": { "fid": 979, "hex_id": 978 }, "geometry": { "type": "Polygon", "coordinates": [ [ [ 21.005994, 52.249281 ], [ 21.008209, 52.251492 ], [ 21.012436, 52.25142 ], [ 21.014448, 52.249137 ], [ 21.012233, 52.246926 ], [ 21.008006, 52.246998 ], [ 21.005994, 52.249281 ] ] ] } },
{ "type": "Feature", "properties": { "fid": 980, "hex_id": 979 }, "geometry": { "type": "Polygon", "coordinates": [ [ [ 21.005791, 52.244787 ], [ 21.008006, 52.246998 ], [ 21.012233, 52.246926 ], [ 21.014244, 52.244643 ], [ 21.012029, 52.242432 ], [ 21.007803, 52.242504 ], [ 21.005791, 52.244787 ] ] ] } },
{ "type": "Feature", "properties": { "fid": 981, "hex_id": 980 }, "geometry": { "type": "Polygon", "coordinates": [ [ [ 21.005588, 52.240293 ], [ 21.007803, 52.242504 ], [ 21.012029, 52.242432 ], [ 21.014041, 52.240149 ], [ 21.011826, 52.237938 ], [ 21.0076, 52.23801 ], [ 21.005588, 52.240293 ] ] ] } },
{ "type": "Feature", "properties": { "fid": 982, "hex_id": 981 }, "geometry": { "type": "Polygon", "coordinates": [ [ [ 21.005385, 52.235799 ], [ 21.0076, 52.23801 ], [ 21.011826, 52.237938 ], [ 21.013837, 52.235655 ], [ 21.011623, 52.233445 ], [ 21.007397, 52.233517 ], [ 21.005385, 52.235799 ] ] ] } },
{ "type": "Feature", "properties": { "fid": 983, "hex_id": 982 }, "geometry": { "type": "Polygon", "coordinates": [ [ [ 21.005183, 52.231306 ], [ 21.007397, 52.233517 ], [ 21.011623, 52.233445 ], [ 21.013634, 52.231162 ], [ 21.011419, 52.228951 ], [ 21.007194, 52.229023 ], [ 21.005183, 52.231306 ] ] ] } },
{ "type": "Feature", "properties": { "fid": 984, "hex_id": 983 }, "geometry": { "type": "Polygon", "coordinates": [ [ [ 21.00498, 52.226812 ], [ 21.007194, 52.229023 ], [ 21.011419, 52.228951 ], [ 21.01343, 52.226668 ], [ 21.011216, 52.224457 ], [ 21.006992, 52.224529 ], [ 21.00498, 52.226812 ] ] ] } },
{ "type": "Feature", "properties": { "fid": 985, "hex_id": 984 }, "geometry": { "type": "Polygon", "coordinates": [ [ [ 21.004778, 52.222318 ], [ 21.006992, 52.224529 ], [ 21.011216, 52.224457 ], [ 21.013227, 52.222174 ], [ 21.011013, 52.219963 ], [ 21.006789, 52.220035 ], [ 21.004778, 52.222318 ] ] ] } },
{ "type": "Feature", "properties": { "fid": 986, "hex_id": 985 }, "geometry": { "type": "Polygon", "coordinates": [ [ [ 21.004575, 52.217824 ], [ 21.006789, 52.220035 ], [ 21.011013, 52.219963 ], [ 21.013024, 52.21768 ], [ 21.01081, 52.215469 ], [ 21.006586, 52.215541 ], [ 21.004575, 52.217824 ] ] ] } },
{ "type": "Feature", "properties": { "fid": 987, "hex_id": 986 }, "geometry": { "type": "Polygon", "coordinates": [ [ [ 21.004373, 52.21333 ], [ 21.006586, 52.215541 ], [ 21.01081, 52.215469 ], [ 21.012821, 52.213186 ], [ 21.010607, 52.210975 ], [ 21.006384, 52.211047 ], [ 21.004373, 52.21333 ] ] ] } },
{ "type": "Feature", "properties": { "fid": 988, "hex_id": 987 }, "geometry": { "type": "Polygon", "coordinates": [ [ [ 21.004171, 52.208836 ], [ 21.006384, 52.211047 ], [ 21.010607, 52.210975 ], [ 21.012617, 52.208692 ], [ 21.010404, 52.206481 ], [ 21.006181, 52.206553 ], [ 21.004171, 52.208836 ] ] ] } },
{ "type": "Feature", "properties": { "fid": 989, "hex_id": 988 }, "geometry": { "type": "Polygon", "coordinates": [ [ [ 21.003968, 52.204342 ], [ 21.006181, 52.206553 ], [ 21.010404, 52.206481 ], [ 21.012414, 52.204198 ], [ 21.010201, 52.201987 ], [ 21.005979, 52.202059 ], [ 21.003968, 52.204342 ] ] ] } },
{ "type": "Feature", "properties": { "fid": 990, "hex_id": 989 }, "geometry": { "type": "Polygon", "coordinates": [ [ [ 21.003766, 52.199848 ], [ 21.005979, 52.202059 ], [ 21.010201, 52.201987 ], [ 21.012211, 52.199704 ], [ 21.009999, 52.197493 ], [ 21.005776, 52.197565 ], [ 21.003766, 52.199848 ] ] ] } },
{ "type": "Feature", "properties": { "fid": 991, "hex_id": 990 }, "geometry": { "type": "Polygon", "coordinates": [ [ [ 21.003564, 52.195354 ], [ 21.005776, 52.197565 ], [ 21.009999, 52.197493 ], [ 21.012008, 52.19521 ], [ 21.009796, 52.193 ], [ 21.005574, 52.193071 ], [ 21.003564, 52.195354 ] ] ] } },
{ "type": "Feature", "properties": { "fid": 992, "hex_id": 991 }, "geometry": { "type": "Polygon", "coordinates": [ [ [ 21.003362, 52.19086 ], [ 21.005574, 52.193071 ], [ 21.009796, 52.193 ], [ 21.011805, 52.190717 ], [ 21.009593, 52.188506 ], [ 21.005372, 52.188577 ], [ 21.003362, 52.19086 ] ] ] } },
{ "type": "Feature", "properties": { "fid": 993, "hex_id": 992 }, "geometry": { "type": "Polygon", "coordinates": [ [ [ 21.00316, 52.186366 ], [ 21.005372, 52.188577 ], [ 21.009593, 52.188506 ], [ 21.011602, 52.186223 ], [ 21.00939, 52.184012 ], [ 21.005169, 52.184084 ], [ 21.00316, 52.186366 ] ] ] } },
{ "type": "Feature", "properties": { "fid": 994, "hex_id": 993 }, "geometry": { "type": "Polygon", "coordinates": [ [ [ 21.002958, 52.181872 ], [ 21.005169, 52.184084 ], [ 21.00939, 52.184012 ], [ 21.0114, 52.181729 ], [ 21.009188, 52.179518 ], [ 21.004967, 52.17959 ], [ 21.002958, 52.181872 ] ] ] } },
{ "type": "Feature", "properties": { "fid": 995, "hex_id": 994 }, "geometry": { "type": "Polygon", "coordinates": [ [ [ 21.002756, 52.177378 ], [ 21.004967, 52.17959 ], [ 21.009188, 52.179518 ], [ 21.011197, 52.177235 ], [ 21.008985, 52.175024 ], [ 21.004765, 52.175096 ], [ 21.002756, 52.177378 ] ] ] } },
{ "type": "Feature", "properties": { "fid": 996, "hex_id": 995 }, "geometry": { "type": "Polygon", "coordinates": [ [ [ 21.002554, 52.172885 ], [ 21.004765, 52.175096 ], [ 21.008985, 52.175024 ], [ 21.010994, 52.172741 ], [ 21.008783, 52.17053 ], [ 21.004563, 52.170602 ], [ 21.002554, 52.172885 ] ] ] } },
{ "type": "Feature", "properties": { "fid": 997, "hex_id": 996 }, "geometry": { "type": "Polygon", "coordinates": [ [ [ 21.002352, 52.168391 ], [ 21.004563, 52.170602 ], [ 21.008783, 52.17053 ], [ 21.010791, 52.168247 ], [ 21.00858, 52.166036 ], [ 21.004361, 52.166108 ], [ 21.002352, 52.168391 ] ] ] } },
{ "type": "Feature", "properties": { "fid": 998, "hex_id": 997 }, "geometry": { "type": "Polygon", "coordinates": [ [ [ 21.002151, 52.163897 ], [ 21.004361, 52.166108 ], [ 21.00858, 52.166036 ], [ 21.010589, 52.163753 ], [ 21.008378, 52.161542 ], [ 21.004159, 52.161614 ], [ 21.002151, 52.163897 ] ] ] } },
{ "type": "Feature", "properties": { "fid": 999, "hex_id": 998 }, "geometry": { "type": "Polygon", "coordinates": [ [ [ 21.001949, 52.159403 ], [ 21.004159, 52.161614 ], [ 21.008378, 52.161542 ], [ 21.010386, 52.159259 ], [ 21.008176, 52.157048 ], [ 21.003957, 52.15712 ], [ 21.001949, 52.159403 ] ] ] } },
{ "type": "Feature", "properties": { "fid": 1000, "hex_id": 999 }, "geometry": { "type": "Polygon", "coordinates": [ [ [ 21.001747, 52.154909 ], [ 21.003957, 52.15712 ], [ 21.008176, 52.157048 ], [ 21.010184, 52.154765 ], [ 21.007973, 52.152554 ], [ 21.003755, 52.152626 ], [ 21.001747, 52.154909 ] ] ] } },
{ "type": "Feature", "properties": { "fid": 1001, "hex_id": 1000 }, "geometry": { "type": "Polygon", "coordinates": [ [ [ 21.001545, 52.150415 ], [ 21.003755, 52.152626 ], [ 21.007973, 52.152554 ], [ 21.009981, 52.150271 ], [ 21.007771, 52.14806 ], [ 21.003553, 52.148132 ], [ 21.001545, 52.150415 ] ] ] } },
{ "type": "Feature", "properties": { "fid": 1002, "hex_id": 1001 }, "geometry": { "type": "Polygon", "coordinates": [ [ [ 21.001344, 52.145921 ], [ 21.003553, 52.148132 ], [ 21.007771, 52.14806 ], [ 21.009779, 52.145777 ], [ 21.007569, 52.143566 ], [ 21.003352, 52.143638 ], [ 21.001344, 52.145921 ] ] ] } },
{ "type": "Feature", "properties": { "fid": 1003, "hex_id": 1002 }, "geometry": { "type": "Polygon", "coordinates": [ [ [ 21.001142, 52.141427 ], [ 21.003352, 52.143638 ], [ 21.007569, 52.143566 ], [ 21.009576, 52.141283 ], [ 21.007367, 52.139072 ], [ 21.00315, 52.139144 ], [ 21.001142, 52.141427 ] ] ] } },
{ "type": "Feature", "properties": { "fid": 1004, "hex_id": 1003 }, "geometry": { "type": "Polygon", "coordinates": [ [ [ 21.000941, 52.136933 ], [ 21.00315, 52.139144 ], [ 21.007367, 52.139072 ], [ 21.009374, 52.136789 ], [ 21.007165, 52.134578 ], [ 21.002948, 52.13465 ], [ 21.000941, 52.136933 ] ] ] } },
{ "type": "Feature", "properties": { "fid": 1005, "hex_id": 1004 }, "geometry": { "type": "Polygon", "coordinates": [ [ [ 21.000739, 52.132439 ], [ 21.002948, 52.13465 ], [ 21.007165, 52.134578 ], [ 21.009172, 52.132295 ], [ 21.006963, 52.130084 ], [ 21.002747, 52.130156 ], [ 21.000739, 52.132439 ] ] ] } },
{ "type": "Feature", "properties": { "fid": 1006, "hex_id": 1005 }, "geometry": { "type": "Polygon", "coordinates": [ [ [ 21.000538, 52.127945 ], [ 21.002747, 52.130156 ], [ 21.006963, 52.130084 ], [ 21.00897, 52.127801 ], [ 21.006761, 52.12559 ], [ 21.002545, 52.125662 ], [ 21.000538, 52.127945 ] ] ] } },
{ "type": "Feature", "properties": { "fid": 1007, "hex_id": 1006 }, "geometry": { "type": "Polygon", "coordinates": [ [ [ 21.000337, 52.123451 ], [ 21.002545, 52.125662 ], [ 21.006761, 52.12559 ], [ 21.008767, 52.123308 ], [ 21.006559, 52.121096 ], [ 21.002344, 52.121168 ], [ 21.000337, 52.123451 ] ] ] } },
{ "type": "Feature", "properties": { "fid": 1008, "hex_id": 1007 }, "geometry": { "type": "Polygon", "coordinates": [ [ [ 21.000136, 52.118957 ], [ 21.002344, 52.121168 ], [ 21.006559, 52.121096 ], [ 21.008565, 52.118814 ], [ 21.006357, 52.116602 ], [ 21.002142, 52.116674 ], [ 21.000136, 52.118957 ] ] ] } },
{ "type": "Feature", "properties": { "fid": 1009, "hex_id": 1008 }, "geometry": { "type": "Polygon", "coordinates": [ [ [ 20.999934, 52.114463 ], [ 21.002142, 52.116674 ], [ 21.006357, 52.116602 ], [ 21.008363, 52.11432 ], [ 21.006155, 52.112108 ], [ 21.001941, 52.11218 ], [ 20.999934, 52.114463 ] ] ] } },
{ "type": "Feature", "properties": { "fid": 1010, "hex_id": 1009 }, "geometry": { "type": "Polygon", "coordinates": [ [ [ 20.999733, 52.109969 ], [ 21.001941, 52.11218 ], [ 21.006155, 52.112108 ], [ 21.008161, 52.109826 ], [ 21.005953, 52.107614 ], [ 21.00174, 52.107686 ], [ 20.999733, 52.109969 ] ] ] } },
{ "type": "Feature", "properties": { "fid": 1011, "hex_id": 1010 }, "geometry": { "type": "Polygon", "coordinates": [ [ [ 20.999532, 52.105475 ], [ 21.00174, 52.107686 ], [ 21.005953, 52.107614 ], [ 21.007959, 52.105332 ], [ 21.005752, 52.10312 ], [ 21.001538, 52.103192 ], [ 20.999532, 52.105475 ] ] ] } },
{ "type": "Feature", "properties": { "fid": 1012, "hex_id": 1011 }, "geometry": { "type": "Polygon", "coordinates": [ [ [ 21.017539, 52.363765 ], [ 21.01976, 52.365976 ], [ 21.023998, 52.365903 ], [ 21.026015, 52.36362 ], [ 21.023793, 52.36141 ], [ 21.019555, 52.361482 ], [ 21.017539, 52.363765 ] ] ] } },
{ "type": "Feature", "properties": { "fid": 1013, "hex_id": 1012 }, "geometry": { "type": "Polygon", "coordinates": [ [ [ 21.017334, 52.359272 ], [ 21.019555, 52.361482 ], [ 21.023793, 52.36141 ], [ 21.025809, 52.359126 ], [ 21.023588, 52.356916 ], [ 21.01935, 52.356988 ], [ 21.017334, 52.359272 ] ] ] } },
{ "type": "Feature", "properties": { "fid": 1014, "hex_id": 1013 }, "geometry": { "type": "Polygon", "coordinates": [ [ [ 21.017129, 52.354778 ], [ 21.01935, 52.356988 ], [ 21.023588, 52.356916 ], [ 21.025604, 52.354633 ], [ 21.023382, 52.352422 ], [ 21.019145, 52.352495 ], [ 21.017129, 52.354778 ] ] ] } },
{ "type": "Feature", "properties": { "fid": 1015, "hex_id": 1014 }, "geometry": { "type": "Polygon", "coordinates": [ [ [ 21.016925, 52.350284 ], [ 21.019145, 52.352495 ], [ 21.023382, 52.352422 ], [ 21.025398, 52.350139 ], [ 21.023177, 52.347928 ], [ 21.018941, 52.348001 ], [ 21.016925, 52.350284 ] ] ] } },
{ "type": "Feature", "properties": { "fid": 1016, "hex_id": 1015 }, "geometry": { "type": "Polygon", "coordinates": [ [ [ 21.01672, 52.34579 ], [ 21.018941, 52.348001 ], [ 21.023177, 52.347928 ], [ 21.025193, 52.345645 ], [ 21.022972, 52.343435 ], [ 21.018736, 52.343507 ], [ 21.01672, 52.34579 ] ] ] } },
{ "type": "Feature", "properties": { "fid": 1017, "hex_id": 1016 }, "geometry": { "type": "Polygon", "coordinates": [ [ [ 21.016515, 52.341296 ], [ 21.018736, 52.343507 ], [ 21.022972, 52.343435 ], [ 21.024987, 52.341151 ], [ 21.022767, 52.338941 ], [ 21.018531, 52.339013 ], [ 21.016515, 52.341296 ] ] ] } },
{ "type": "Feature", "properties": { "fid": 1018, "hex_id": 1017 }, "geometry": { "type": "Polygon", "coordinates": [ [ [ 21.016311, 52.336803 ], [ 21.018531, 52.339013 ], [ 21.022767, 52.338941 ], [ 21.024782, 52.336658 ], [ 21.022562, 52.334447 ], [ 21.018326, 52.33452 ], [ 21.016311, 52.336803 ] ] ] } },
{ "type": "Feature", "properties": { "fid": 1019, "hex_id": 1018 }, "geometry": { "type": "Polygon", "coordinates": [ [ [ 21.016106, 52.332309 ], [ 21.018326, 52.33452 ], [ 21.022562, 52.334447 ], [ 21.024577, 52.332164 ], [ 21.022357, 52.329953 ], [ 21.018122, 52.330026 ], [ 21.016106, 52.332309 ] ] ] } },
{ "type": "Feature", "properties": { "fid": 1020, "hex_id": 1019 }, "geometry": { "type": "Polygon", "coordinates": [ [ [ 21.015902, 52.327815 ], [ 21.018122, 52.330026 ], [ 21.022357, 52.329953 ], [ 21.024371, 52.32767 ], [ 21.022152, 52.32546 ], [ 21.017917, 52.325532 ], [ 21.015902, 52.327815 ] ] ] } },
{ "type": "Feature", "properties": { "fid": 1021, "hex_id": 1020 }, "geometry": { "type": "Polygon", "coordinates": [ [ [ 21.015698, 52.323321 ], [ 21.017917, 52.325532 ], [ 21.022152, 52.32546 ], [ 21.024166, 52.323176 ], [ 21.021947, 52.320966 ], [ 21.017713, 52.321038 ], [ 21.015698, 52.323321 ] ] ] } },
{ "type": "Feature", "properties": { "fid": 1022, "hex_id": 1021 }, "geometry": { "type": "Polygon", "coordinates": [ [ [ 21.015494, 52.318827 ], [ 21.017713, 52.321038 ], [ 21.021947, 52.320966 ], [ 21.023961, 52.318683 ], [ 21.021742, 52.316472 ], [ 21.017508, 52.316544 ], [ 21.015494, 52.318827 ] ] ] } },
{ "type": "Feature", "properties": { "fid": 1023, "hex_id": 1022 }, "geometry": { "type": "Polygon", "coordinates": [ [ [ 21.015289, 52.314334 ], [ 21.017508, 52.316544 ], [ 21.021742, 52.316472 ], [ 21.023756, 52.314189 ], [ 21.021537, 52.311978 ], [ 21.017304, 52.312051 ], [ 21.015289, 52.314334 ] ] ] } },
{ "type": "Feature", "properties": { "fid": 1024, "hex_id": 1023 }, "geometry": { "type": "Polygon", "coordinates": [ [ [ 21.015085, 52.30984 ], [ 21.017304, 52.312051 ], [ 21.021537, 52.311978 ], [ 21.023551, 52.309695 ], [ 21.021332, 52.307484 ], [ 21.017099, 52.307557 ], [ 21.015085, 52.30984 ] ] ] } },
{ "type": "Feature", "properties": { "fid": 1025, "hex_id": 1024 }, "geometry": { "type": "Polygon", "coordinates": [ [ [ 21.014881, 52.305346 ], [ 21.017099, 52.307557 ], [ 21.021332, 52.307484 ], [ 21.023346, 52.305201 ], [ 21.021127, 52.302991 ], [ 21.016895, 52.303063 ], [ 21.014881, 52.305346 ] ] ] } },
{ "type": "Feature", "properties": { "fid": 1026, "hex_id": 1025 }, "geometry": { "type": "Polygon", "coordinates": [ [ [ 21.014677, 52.300852 ], [ 21.016895, 52.303063 ], [ 21.021127, 52.302991 ], [ 21.023141, 52.300708 ], [ 21.020923, 52.298497 ], [ 21.016691, 52.298569 ], [ 21.014677, 52.300852 ] ] ] } },
{ "type": "Feature", "properties": { "fid": 1027, "hex_id": 1026 }, "geometry": { "type": "Polygon", "coordinates": [ [ [ 21.014473, 52.296358 ], [ 21.016691, 52.298569 ], [ 21.020923, 52.298497 ], [ 21.022936, 52.296214 ], [ 21.020718, 52.294003 ], [ 21.016487, 52.294075 ], [ 21.014473, 52.296358 ] ] ] } },
{ "type": "Feature", "properties": { "fid": 1028, "hex_id": 1027 }, "geometry": { "type": "Polygon", "coordinates": [ [ [ 21.014269, 52.291865 ], [ 21.016487, 52.294075 ], [ 21.020718, 52.294003 ], [ 21.022731, 52.29172 ], [ 21.020514, 52.289509 ], [ 21.016283, 52.289582 ], [ 21.014269, 52.291865 ] ] ] } },
{ "type": "Feature", "properties": { "fid": 1029, "hex_id": 1028 }, "geometry": { "type": "Polygon", "coordinates": [ [ [ 21.014065, 52.287371 ], [ 21.016283, 52.289582 ], [ 21.020514, 52.289509 ], [ 21.022527, 52.287226 ], [ 21.020309, 52.285015 ], [ 21.016079, 52.285088 ], [ 21.014065, 52.287371 ] ] ] } },
{ "type": "Feature", "properties": { "fid": 1030, "hex_id": 1029 }, "geometry": { "type": "Polygon", "coordinates": [ [ [ 21.013861, 52.282877 ], [ 21.016079, 52.285088 ], [ 21.020309, 52.285015 ], [ 21.022322, 52.282732 ], [ 21.020105, 52.280522 ], [ 21.015875, 52.280594 ], [ 21.013861, 52.282877 ] ] ] } },
{ "type": "Feature", "properties": { "fid": 1031, "hex_id": 1030 }, "geometry": { "type": "Polygon", "coordinates": [ [ [ 21.013658, 52.278383 ], [ 21.015875, 52.280594 ], [ 21.020105, 52.280522 ], [ 21.022117, 52.278239 ], [ 21.0199, 52.276028 ], [ 21.015671, 52.2761 ], [ 21.013658, 52.278383 ] ] ] } },
{ "type": "Feature", "properties": { "fid": 1032, "hex_id": 1031 }, "geometry": { "type": "Polygon", "coordinates": [ [ [ 21.013454, 52.273889 ], [ 21.015671, 52.2761 ], [ 21.0199, 52.276028 ], [ 21.021913, 52.273745 ], [ 21.019696, 52.271534 ], [ 21.015467, 52.271606 ], [ 21.013454, 52.273889 ] ] ] } },
{ "type": "Feature", "properties": { "fid": 1033, "hex_id": 1032 }, "geometry": { "type": "Polygon", "coordinates": [ [ [ 21.01325, 52.269395 ], [ 21.015467, 52.271606 ], [ 21.019696, 52.271534 ], [ 21.021708, 52.269251 ], [ 21.019492, 52.26704 ], [ 21.015263, 52.267112 ], [ 21.01325, 52.269395 ] ] ] } },
{ "type": "Feature", "properties": { "fid": 1034, "hex_id": 1033 }, "geometry": { "type": "Polygon", "coordinates": [ [ [ 21.013047, 52.264902 ], [ 21.015263, 52.267112 ], [ 21.019492, 52.26704 ], [ 21.021504, 52.264757 ], [ 21.019287, 52.262546 ], [ 21.015059, 52.262619 ], [ 21.013047, 52.264902 ] ] ] } },
{ "type": "Feature", "properties": { "fid": 1035, "hex_id": 1034 }, "geometry": { "type": "Polygon", "coordinates": [ [ [ 21.012843, 52.260408 ], [ 21.015059, 52.262619 ], [ 21.019287, 52.262546 ], [ 21.021299, 52.260263 ], [ 21.019083, 52.258052 ], [ 21.014855, 52.258125 ], [ 21.012843, 52.260408 ] ] ] } },
{ "type": "Feature", "properties": { "fid": 1036, "hex_id": 1035 }, "geometry": { "type": "Polygon", "coordinates": [ [ [ 21.012639, 52.255914 ], [ 21.014855, 52.258125 ], [ 21.019083, 52.258052 ], [ 21.021095, 52.255769 ], [ 21.018879, 52.253559 ], [ 21.014652, 52.253631 ], [ 21.012639, 52.255914 ] ] ] } },
{ "type": "Feature", "properties": { "fid": 1037, "hex_id": 1036 }, "geometry": { "type": "Polygon", "coordinates": [ [ [ 21.012436, 52.25142 ], [ 21.014652, 52.253631 ], [ 21.018879, 52.253559 ], [ 21.020891, 52.251276 ], [ 21.018675, 52.249065 ], [ 21.014448, 52.249137 ], [ 21.012436, 52.25142 ] ] ] } },
{ "type": "Feature", "properties": { "fid": 1038, "hex_id": 1037 }, "geometry": { "type": "Polygon", "coordinates": [ [ [ 21.012233, 52.246926 ], [ 21.014448, 52.249137 ], [ 21.018675, 52.249065 ], [ 21.020686, 52.246782 ], [ 21.018471, 52.244571 ], [ 21.014244, 52.244643 ], [ 21.012233, 52.246926 ] ] ] } },
{ "type": "Feature", "properties": { "fid": 1039, "hex_id": 1038 }, "geometry": { "type": "Polygon", "coordinates": [ [ [ 21.012029, 52.242432 ], [ 21.014244, 52.244643 ], [ 21.018471, 52.244571 ], [ 21.020482, 52.242288 ], [ 21.018267, 52.240077 ], [ 21.014041, 52.240149 ], [ 21.012029, 52.242432 ] ] ] } },
{ "type": "Feature", "properties": { "fid": 1040, "hex_id": 1039 }, "geometry": { "type": "Polygon", "coordinates": [ [ [ 21.011826, 52.237938 ], [ 21.014041, 52.240149 ], [ 21.018267, 52.240077 ], [ 21.020278, 52.237794 ], [ 21.018063, 52.235583 ], [ 21.013837, 52.235655 ], [ 21.011826, 52.237938 ] ] ] } },
{ "type": "Feature", "properties": { "fid": 1041, "hex_id": 1040 }, "geometry": { "type": "Polygon", "coordinates": [ [ [ 21.011623, 52.233445 ], [ 21.013837, 52.235655 ], [ 21.018063, 52.235583 ], [ 21.020074, 52.2333 ], [ 21.017859, 52.231089 ], [ 21.013634, 52.231162 ], [ 21.011623, 52.233445 ] ] ] } },
{ "type": "Feature", "properties": { "fid": 1042, "hex_id": 1041 }, "geometry": { "type": "Polygon", "coordinates": [ [ [ 21.011419, 52.228951 ], [ 21.013634, 52.231162 ], [ 21.017859, 52.231089 ], [ 21.01987, 52.228806 ], [ 21.017655, 52.226596 ], [ 21.01343, 52.226668 ], [ 21.011419, 52.228951 ] ] ] } },
{ "type": "Feature", "properties": { "fid": 1043, "hex_id": 1042 }, "geometry": { "type": "Polygon", "coordinates": [ [ [ 21.011216, 52.224457 ], [ 21.01343, 52.226668 ], [ 21.017655, 52.226596 ], [ 21.019666, 52.224312 ], [ 21.017452, 52.222102 ], [ 21.013227, 52.222174 ], [ 21.011216, 52.224457 ] ] ] } },
{ "type": "Feature", "properties": { "fid": 1044, "hex_id": 1043 }, "geometry": { "type": "Polygon", "coordinates": [ [ [ 21.011013, 52.219963 ], [ 21.013227, 52.222174 ], [ 21.017452, 52.222102 ], [ 21.019462, 52.219819 ], [ 21.017248, 52.217608 ], [ 21.013024, 52.21768 ], [ 21.011013, 52.219963 ] ] ] } },
{ "type": "Feature", "properties": { "fid": 1045, "hex_id": 1044 }, "geometry": { "type": "Polygon", "coordinates": [ [ [ 21.01081, 52.215469 ], [ 21.013024, 52.21768 ], [ 21.017248, 52.217608 ], [ 21.019258, 52.215325 ], [ 21.017044, 52.213114 ], [ 21.012821, 52.213186 ], [ 21.01081, 52.215469 ] ] ] } },
{ "type": "Feature", "properties": { "fid": 1046, "hex_id": 1045 }, "geometry": { "type": "Polygon", "coordinates": [ [ [ 21.010607, 52.210975 ], [ 21.012821, 52.213186 ], [ 21.017044, 52.213114 ], [ 21.019054, 52.210831 ], [ 21.016841, 52.20862 ], [ 21.012617, 52.208692 ], [ 21.010607, 52.210975 ] ] ] } },
{ "type": "Feature", "properties": { "fid": 1047, "hex_id": 1046 }, "geometry": { "type": "Polygon", "coordinates": [ [ [ 21.010404, 52.206481 ], [ 21.012617, 52.208692 ], [ 21.016841, 52.20862 ], [ 21.018851, 52.206337 ], [ 21.016637, 52.204126 ], [ 21.012414, 52.204198 ], [ 21.010404, 52.206481 ] ] ] } },
{ "type": "Feature", "properties": { "fid": 1048, "hex_id": 1047 }, "geometry": { "type": "Polygon", "coordinates": [ [ [ 21.010201, 52.201987 ], [ 21.012414, 52.204198 ], [ 21.016637, 52.204126 ], [ 21.018647, 52.201843 ], [ 21.016434, 52.199632 ], [ 21.012211, 52.199704 ], [ 21.010201, 52.201987 ] ] ] } },
{ "type": "Feature", "properties": { "fid": 1049, "hex_id": 1048 }, "geometry": { "type": "Polygon", "coordinates": [ [ [ 21.009999, 52.197493 ], [ 21.012211, 52.199704 ], [ 21.016434, 52.199632 ], [ 21.018443, 52.197349 ], [ 21.01623, 52.195138 ], [ 21.012008, 52.19521 ], [ 21.009999, 52.197493 ] ] ] } },
{ "type": "Feature", "properties": { "fid": 1050, "hex_id": 1049 }, "geometry": { "type": "Polygon", "coordinates": [ [ [ 21.009796, 52.193 ], [ 21.012008, 52.19521 ], [ 21.01623, 52.195138 ], [ 21.01824, 52.192855 ], [ 21.016027, 52.190644 ], [ 21.011805, 52.190717 ], [ 21.009796, 52.193 ] ] ] } },
{ "type": "Feature", "properties": { "fid": 1051, "hex_id": 1050 }, "geometry": { "type": "Polygon", "coordinates": [ [ [ 21.009593, 52.188506 ], [ 21.011805, 52.190717 ], [ 21.016027, 52.190644 ], [ 21.018036, 52.188361 ], [ 21.015824, 52.186151 ], [ 21.011602, 52.186223 ], [ 21.009593, 52.188506 ] ] ] } },
{ "type": "Feature", "properties": { "fid": 1052, "hex_id": 1051 }, "geometry": { "type": "Polygon", "coordinates": [ [ [ 21.00939, 52.184012 ], [ 21.011602, 52.186223 ], [ 21.015824, 52.186151 ], [ 21.017832, 52.183868 ], [ 21.01562, 52.181657 ], [ 21.0114, 52.181729 ], [ 21.00939, 52.184012 ] ] ] } },
{ "type": "Feature", "properties": { "fid": 1053, "hex_id": 1052 }, "geometry": { "type": "Polygon", "coordinates": [ [ [ 21.009188, 52.179518 ], [ 21.0114, 52.181729 ], [ 21.01562, 52.181657 ], [ 21.017629, 52.179374 ], [ 21.015417, 52.177163 ], [ 21.011197, 52.177235 ], [ 21.009188, 52.179518 ] ] ] } },
{ "type": "Feature", "properties": { "fid": 1054, "hex_id": 1053 }, "geometry": { "type": "Polygon", "coordinates": [ [ [ 21.008985, 52.175024 ], [ 21.011197, 52.177235 ], [ 21.015417, 52.177163 ], [ 21.017426, 52.17488 ], [ 21.015214, 52.172669 ], [ 21.010994, 52.172741 ], [ 21.008985, 52.175024 ] ] ] } },
{ "type": "Feature", "properties": { "fid": 1055, "hex_id": 1054 }, "geometry": { "type": "Polygon", "coordinates": [ [ [ 21.008783, 52.17053 ], [ 21.010994, 52.172741 ], [ 21.015214, 52.172669 ], [ 21.017222, 52.170386 ], [ 21.015011, 52.168175 ], [ 21.010791, 52.168247 ], [ 21.008783, 52.17053 ] ] ] } },
{ "type": "Feature", "properties": { "fid": 1056, "hex_id": 1055 }, "geometry": { "type": "Polygon", "coordinates": [ [ [ 21.00858, 52.166036 ], [ 21.010791, 52.168247 ], [ 21.015011, 52.168175 ], [ 21.017019, 52.165892 ], [ 21.014808, 52.163681 ], [ 21.010589, 52.163753 ], [ 21.00858, 52.166036 ] ] ] } },
{ "type": "Feature", "properties": { "fid": 1057, "hex_id": 1056 }, "geometry": { "type": "Polygon", "coordinates": [ [ [ 21.008378, 52.161542 ], [ 21.010589, 52.163753 ], [ 21.014808, 52.163681 ], [ 21.016816, 52.161398 ], [ 21.014605, 52.159187 ], [ 21.010386, 52.159259 ], [ 21.008378, 52.161542 ] ] ] } },
{ "type": "Feature", "properties": { "fid": 1058, "hex_id": 1057 }, "geometry": { "type": "Polygon", "coordinates": [ [ [ 21.008176, 52.157048 ], [ 21.010386, 52.159259 ], [ 21.014605, 52.159187 ], [ 21.016612, 52.156904 ], [ 21.014402, 52.154693 ], [ 21.010184, 52.154765 ], [ 21.008176, 52.157048 ] ] ] } },
{ "type": "Feature", "properties": { "fid": 1059, "hex_id": 1058 }, "geometry": { "type": "Polygon", "coordinates": [ [ [ 21.007973, 52.152554 ], [ 21.010184, 52.154765 ], [ 21.014402, 52.154693 ], [ 21.016409, 52.15241 ], [ 21.014199, 52.150199 ], [ 21.009981, 52.150271 ], [ 21.007973, 52.152554 ] ] ] } },
{ "type": "Feature", "properties": { "fid": 1060, "hex_id": 1059 }, "geometry": { "type": "Polygon", "coordinates": [ [ [ 21.007771, 52.14806 ], [ 21.009981, 52.150271 ], [ 21.014199, 52.150199 ], [ 21.016206, 52.147916 ], [ 21.013996, 52.145705 ], [ 21.009779, 52.145777 ], [ 21.007771, 52.14806 ] ] ] } },
{ "type": "Feature", "properties": { "fid": 1061, "hex_id": 1060 }, "geometry": { "type": "Polygon", "coordinates": [ [ [ 21.007569, 52.143566 ], [ 21.009779, 52.145777 ], [ 21.013996, 52.145705 ], [ 21.016003, 52.143422 ], [ 21.013793, 52.141211 ], [ 21.009576, 52.141283 ], [ 21.007569, 52.143566 ] ] ] } },
{ "type": "Feature", "properties": { "fid": 1062, "hex_id": 1061 }, "geometry": { "type": "Polygon", "coordinates": [ [ [ 21.007367, 52.139072 ], [ 21.009576, 52.141283 ], [ 21.013793, 52.141211 ], [ 21.0158, 52.138928 ], [ 21.013591, 52.136717 ], [ 21.009374, 52.136789 ], [ 21.007367, 52.139072 ] ] ] } },
{ "type": "Feature", "properties": { "fid": 1063, "hex_id": 1062 }, "geometry": { "type": "Polygon", "coordinates": [ [ [ 21.007165, 52.134578 ], [ 21.009374, 52.136789 ], [ 21.013591, 52.136717 ], [ 21.015597, 52.134434 ], [ 21.013388, 52.132224 ], [ 21.009172, 52.132295 ], [ 21.007165, 52.134578 ] ] ] } },
{ "type": "Feature", "properties": { "fid": 1064, "hex_id": 1063 }, "geometry": { "type": "Polygon", "coordinates": [ [ [ 21.006963, 52.130084 ], [ 21.009172, 52.132295 ], [ 21.013388, 52.132224 ], [ 21.015394, 52.129941 ], [ 21.013185, 52.12773 ], [ 21.00897, 52.127801 ], [ 21.006963, 52.130084 ] ] ] } },
{ "type": "Feature", "properties": { "fid": 1065, "hex_id": 1064 }, "geometry": { "type": "Polygon", "coordinates": [ [ [ 21.006761, 52.12559 ], [ 21.00897, 52.127801 ], [ 21.013185, 52.12773 ], [ 21.015192, 52.125447 ], [ 21.012983, 52.123236 ], [ 21.008767, 52.123308 ], [ 21.006761, 52.12559 ] ] ] } },
{ "type": "Feature", "properties": { "fid": 1066, "hex_id": 1065 }, "geometry": { "type": "Polygon", "coordinates": [ [ [ 21.006559, 52.121096 ], [ 21.008767, 52.123308 ], [ 21.012983, 52.123236 ], [ 21.014989, 52.120953 ], [ 21.01278, 52.118742 ], [ 21.008565, 52.118814 ], [ 21.006559, 52.121096 ] ] ] } },
{ "type": "Feature", "properties": { "fid": 1067, "hex_id": 1066 }, "geometry": { "type": "Polygon", "coordinates": [ [ [ 21.006357, 52.116602 ], [ 21.008565, 52.118814 ], [ 21.01278, 52.118742 ], [ 21.014786, 52.116459 ], [ 21.012578, 52.114248 ], [ 21.008363, 52.11432 ], [ 21.006357, 52.116602 ] ] ] } },
{ "type": "Feature", "properties": { "fid": 1068, "hex_id": 1067 }, "geometry": { "type": "Polygon", "coordinates": [ [ [ 21.006155, 52.112108 ], [ 21.008363, 52.11432 ], [ 21.012578, 52.114248 ], [ 21.014584, 52.111965 ], [ 21.012375, 52.109754 ], [ 21.008161, 52.109826 ], [ 21.006155, 52.112108 ] ] ] } },
{ "type": "Feature", "properties": { "fid": 1069, "hex_id": 1068 }, "geometry": { "type": "Polygon", "coordinates": [ [ [ 21.005953, 52.107614 ], [ 21.008161, 52.109826 ], [ 21.012375, 52.109754 ], [ 21.014381, 52.107471 ], [ 21.012173, 52.10526 ], [ 21.007959, 52.105332 ], [ 21.005953, 52.107614 ] ] ] } },
{ "type": "Feature", "properties": { "fid": 1070, "hex_id": 1069 }, "geometry": { "type": "Polygon", "coordinates": [ [ [ 21.005752, 52.10312 ], [ 21.007959, 52.105332 ], [ 21.012173, 52.10526 ], [ 21.014178, 52.102977 ], [ 21.011971, 52.100766 ], [ 21.007757, 52.100838 ], [ 21.005752, 52.10312 ] ] ] } },
{ "type": "Feature", "properties": { "fid": 1071, "hex_id": 1070 }, "geometry": { "type": "Polygon", "coordinates": [ [ [ 21.023998, 52.365903 ], [ 21.02622, 52.368114 ], [ 21.030459, 52.368041 ], [ 21.032475, 52.365758 ], [ 21.030253, 52.363547 ], [ 21.026015, 52.36362 ], [ 21.023998, 52.365903 ] ] ] } },
{ "type": "Feature", "properties": { "fid": 1072, "hex_id": 1071 }, "geometry": { "type": "Polygon", "coordinates": [ [ [ 21.023793, 52.36141 ], [ 21.026015, 52.36362 ], [ 21.030253, 52.363547 ], [ 21.032269, 52.361264 ], [ 21.030047, 52.359054 ], [ 21.025809, 52.359126 ], [ 21.023793, 52.36141 ] ] ] } },
{ "type": "Feature", "properties": { "fid": 1073, "hex_id": 1072 }, "geometry": { "type": "Polygon", "coordinates": [ [ [ 21.023588, 52.356916 ], [ 21.025809, 52.359126 ], [ 21.030047, 52.359054 ], [ 21.032062, 52.35677 ], [ 21.029841, 52.35456 ], [ 21.025604, 52.354633 ], [ 21.023588, 52.356916 ] ] ] } },
{ "type": "Feature", "properties": { "fid": 1074, "hex_id": 1073 }, "geometry": { "type": "Polygon", "coordinates": [ [ [ 21.023382, 52.352422 ], [ 21.025604, 52.354633 ], [ 21.029841, 52.35456 ], [ 21.031856, 52.352277 ], [ 21.029635, 52.350066 ], [ 21.025398, 52.350139 ], [ 21.023382, 52.352422 ] ] ] } },
{ "type": "Feature", "properties": { "fid": 1075, "hex_id": 1074 }, "geometry": { "type": "Polygon", "coordinates": [ [ [ 21.023177, 52.347928 ], [ 21.025398, 52.350139 ], [ 21.029635, 52.350066 ], [ 21.03165, 52.347783 ], [ 21.029429, 52.345573 ], [ 21.025193, 52.345645 ], [ 21.023177, 52.347928 ] ] ] } },
{ "type": "Feature", "properties": { "fid": 1076, "hex_id": 1075 }, "geometry": { "type": "Polygon", "coordinates": [ [ [ 21.022972, 52.343435 ], [ 21.025193, 52.345645 ], [ 21.029429, 52.345573 ], [ 21.031444, 52.343289 ], [ 21.029223, 52.341079 ], [ 21.024987, 52.341151 ], [ 21.022972, 52.343435 ] ] ] } },
{ "type": "Feature", "properties": { "fid": 1077, "hex_id": 1076 }, "geometry": { "type": "Polygon", "coordinates": [ [ [ 21.022767, 52.338941 ], [ 21.024987, 52.341151 ], [ 21.029223, 52.341079 ], [ 21.031238, 52.338796 ], [ 21.029017, 52.336585 ], [ 21.024782, 52.336658 ], [ 21.022767, 52.338941 ] ] ] } },
{ "type": "Feature", "properties": { "fid": 1078, "hex_id": 1077 }, "geometry": { "type": "Polygon", "coordinates": [ [ [ 21.022562, 52.334447 ], [ 21.024782, 52.336658 ], [ 21.029017, 52.336585 ], [ 21.031032, 52.334302 ], [ 21.028812, 52.332091 ], [ 21.024577, 52.332164 ], [ 21.022562, 52.334447 ] ] ] } },
{ "type": "Feature", "properties": { "fid": 1079, "hex_id": 1078 }, "geometry": { "type": "Polygon", "coordinates": [ [ [ 21.022357, 52.329953 ], [ 21.024577, 52.332164 ], [ 21.028812, 52.332091 ], [ 21.030826, 52.329808 ], [ 21.028606, 52.327598 ], [ 21.024371, 52.32767 ], [ 21.022357, 52.329953 ] ] ] } },
{ "type": "Feature", "properties": { "fid": 1080, "hex_id": 1079 }, "geometry": { "type": "Polygon", "coordinates": [ [ [ 21.022152, 52.32546 ], [ 21.024371, 52.32767 ], [ 21.028606, 52.327598 ], [ 21.03062, 52.325314 ], [ 21.0284, 52.323104 ], [ 21.024166, 52.323176 ], [ 21.022152, 52.32546 ] ] ] } },
{ "type": "Feature", "properties": { "fid": 1081, "hex_id": 1080 }, "geometry": { "type": "Polygon", "coordinates": [ [ [ 21.021947, 52.320966 ], [ 21.024166, 52.323176 ], [ 21.0284, 52.323104 ], [ 21.030415, 52.320821 ], [ 21.028195, 52.31861 ], [ 21.023961, 52.318683 ], [ 21.021947, 52.320966 ] ] ] } },
{ "type": "Feature", "properties": { "fid": 1082, "hex_id": 1081 }, "geometry": { "type": "Polygon", "coordinates": [ [ [ 21.021742, 52.316472 ], [ 21.023961, 52.318683 ], [ 21.028195, 52.31861 ], [ 21.030209, 52.316327 ], [ 21.027989, 52.314116 ], [ 21.023756, 52.314189 ], [ 21.021742, 52.316472 ] ] ] } },
{ "type": "Feature", "properties": { "fid": 1083, "hex_id": 1082 }, "geometry": { "type": "Polygon", "coordinates": [ [ [ 21.021537, 52.311978 ], [ 21.023756, 52.314189 ], [ 21.027989, 52.314116 ], [ 21.030003, 52.311833 ], [ 21.027784, 52.309622 ], [ 21.023551, 52.309695 ], [ 21.021537, 52.311978 ] ] ] } },
{ "type": "Feature", "properties": { "fid": 1084, "hex_id": 1083 }, "geometry": { "type": "Polygon", "coordinates": [ [ [ 21.021332, 52.307484 ], [ 21.023551, 52.309695 ], [ 21.027784, 52.309622 ], [ 21.029798, 52.307339 ], [ 21.027579, 52.305129 ], [ 21.023346, 52.305201 ], [ 21.021332, 52.307484 ] ] ] } },
{ "type": "Feature", "properties": { "fid": 1085, "hex_id": 1084 }, "geometry": { "type": "Polygon", "coordinates": [ [ [ 21.021127, 52.302991 ], [ 21.023346, 52.305201 ], [ 21.027579, 52.305129 ], [ 21.029592, 52.302845 ], [ 21.027373, 52.300635 ], [ 21.023141, 52.300708 ], [ 21.021127, 52.302991 ] ] ] } },
{ "type": "Feature", "properties": { "fid": 1086, "hex_id": 1085 }, "geometry": { "type": "Polygon", "coordinates": [ [ [ 21.020923, 52.298497 ], [ 21.023141, 52.300708 ], [ 21.027373, 52.300635 ], [ 21.029386, 52.298352 ], [ 21.027168, 52.296141 ], [ 21.022936, 52.296214 ], [ 21.020923, 52.298497 ] ] ] } },
{ "type": "Feature", "properties": { "fid": 1087, "hex_id": 1086 }, "geometry": { "type": "Polygon", "coordinates": [ [ [ 21.020718, 52.294003 ], [ 21.022936, 52.296214 ], [ 21.027168, 52.296141 ], [ 21.029181, 52.293858 ], [ 21.026963, 52.291647 ], [ 21.022731, 52.29172 ], [ 21.020718, 52.294003 ] ] ] } },
{ "type": "Feature", "properties": { "fid": 1088, "hex_id": 1087 }, "geometry": { "type": "Polygon", "coordinates": [ [ [ 21.020514, 52.289509 ], [ 21.022731, 52.29172 ], [ 21.026963, 52.291647 ], [ 21.028976, 52.289364 ], [ 21.026758, 52.287154 ], [ 21.022527, 52.287226 ], [ 21.020514, 52.289509 ] ] ] } },
{ "type": "Feature", "properties": { "fid": 1089, "hex_id": 1088 }, "geometry": { "type": "Polygon", "coordinates": [ [ [ 21.020309, 52.285015 ], [ 21.022527, 52.287226 ], [ 21.026758, 52.287154 ], [ 21.02877, 52.28487 ], [ 21.026552, 52.28266 ], [ 21.022322, 52.282732 ], [ 21.020309, 52.285015 ] ] ] } },
{ "type": "Feature", "properties": { "fid": 1090, "hex_id": 1089 }, "geometry": { "type": "Polygon", "coordinates": [ [ [ 21.020105, 52.280522 ], [ 21.022322, 52.282732 ], [ 21.026552, 52.28266 ], [ 21.028565, 52.280377 ], [ 21.026347, 52.278166 ], [ 21.022117, 52.278239 ], [ 21.020105, 52.280522 ] ] ] } },
{ "type": "Feature", "properties": { "fid": 1091, "hex_id": 1090 }, "geometry": { "type": "Polygon", "coordinates": [ [ [ 21.0199, 52.276028 ], [ 21.022117, 52.278239 ], [ 21.026347, 52.278166 ], [ 21.02836, 52.275883 ], [ 21.026142, 52.273672 ], [ 21.021913, 52.273745 ], [ 21.0199, 52.276028 ] ] ] } },
{ "type": "Feature", "properties": { "fid": 1092, "hex_id": 1091 }, "geometry": { "type": "Polygon", "coordinates": [ [ [ 21.019696, 52.271534 ], [ 21.021913, 52.273745 ], [ 21.026142, 52.273672 ], [ 21.028154, 52.271389 ], [ 21.025937, 52.269178 ], [ 21.021708, 52.269251 ], [ 21.019696, 52.271534 ] ] ] } },
{ "type": "Feature", "properties": { "fid": 1093, "hex_id": 1092 }, "geometry": { "type": "Polygon", "coordinates": [ [ [ 21.019492, 52.26704 ], [ 21.021708, 52.269251 ], [ 21.025937, 52.269178 ], [ 21.027949, 52.266895 ], [ 21.025732, 52.264685 ], [ 21.021504, 52.264757 ], [ 21.019492, 52.26704 ] ] ] } },
{ "type": "Feature", "properties": { "fid": 1094, "hex_id": 1093 }, "geometry": { "type": "Polygon", "coordinates": [ [ [ 21.019287, 52.262546 ], [ 21.021504, 52.264757 ], [ 21.025732, 52.264685 ], [ 21.027744, 52.262401 ], [ 21.025528, 52.260191 ], [ 21.021299, 52.260263 ], [ 21.019287, 52.262546 ] ] ] } },
{ "type": "Feature", "properties": { "fid": 1095, "hex_id": 1094 }, "geometry": { "type": "Polygon", "coordinates": [ [ [ 21.019083, 52.258052 ], [ 21.021299, 52.260263 ], [ 21.025528, 52.260191 ], [ 21.027539, 52.257908 ], [ 21.025323, 52.255697 ], [ 21.021095, 52.255769 ], [ 21.019083, 52.258052 ] ] ] } },
{ "type": "Feature", "properties": { "fid": 1096, "hex_id": 1095 }, "geometry": { "type": "Polygon", "coordinates": [ [ [ 21.018879, 52.253559 ], [ 21.021095, 52.255769 ], [ 21.025323, 52.255697 ], [ 21.027334, 52.253414 ], [ 21.025118, 52.251203 ], [ 21.020891, 52.251276 ], [ 21.018879, 52.253559 ] ] ] } },
{ "type": "Feature", "properties": { "fid": 1097, "hex_id": 1096 }, "geometry": { "type": "Polygon", "coordinates": [ [ [ 21.018675, 52.249065 ], [ 21.020891, 52.251276 ], [ 21.025118, 52.251203 ], [ 21.027129, 52.24892 ], [ 21.024913, 52.246709 ], [ 21.020686, 52.246782 ], [ 21.018675, 52.249065 ] ] ] } },
{ "type": "Feature", "properties": { "fid": 1098, "hex_id": 1097 }, "geometry": { "type": "Polygon", "coordinates": [ [ [ 21.018471, 52.244571 ], [ 21.020686, 52.246782 ], [ 21.024913, 52.246709 ], [ 21.026924, 52.244426 ], [ 21.024709, 52.242215 ], [ 21.020482, 52.242288 ], [ 21.018471, 52.244571 ] ] ] } },
{ "type": "Feature", "properties": { "fid": 1099, "hex_id": 1098 }, "geometry": { "type": "Polygon", "coordinates": [ [ [ 21.018267, 52.240077 ], [ 21.020482, 52.242288 ], [ 21.024709, 52.242215 ], [ 21.02672, 52.239932 ], [ 21.024504, 52.237722 ], [ 21.020278, 52.237794 ], [ 21.018267, 52.240077 ] ] ] } },
{ "type": "Feature", "properties": { "fid": 1100, "hex_id": 1099 }, "geometry": { "type": "Polygon", "coordinates": [ [ [ 21.018063, 52.235583 ], [ 21.020278, 52.237794 ], [ 21.024504, 52.237722 ], [ 21.026515, 52.235438 ], [ 21.0243, 52.233228 ], [ 21.020074, 52.2333 ], [ 21.018063, 52.235583 ] ] ] } },
{ "type": "Feature", "properties": { "fid": 1101, "hex_id": 1100 }, "geometry": { "type": "Polygon", "coordinates": [ [ [ 21.017859, 52.231089 ], [ 21.020074, 52.2333 ], [ 21.0243, 52.233228 ], [ 21.02631, 52.230945 ], [ 21.024095, 52.228734 ], [ 21.01987, 52.228806 ], [ 21.017859, 52.231089 ] ] ] } },
{ "type": "Feature", "properties": { "fid": 1102, "hex_id": 1101 }, "geometry": { "type": "Polygon", "coordinates": [ [ [ 21.017655, 52.226596 ], [ 21.01987, 52.228806 ], [ 21.024095, 52.228734 ], [ 21.026105, 52.226451 ], [ 21.023891, 52.22424 ], [ 21.019666, 52.224312 ], [ 21.017655, 52.226596 ] ] ] } },
{ "type": "Feature", "properties": { "fid": 1103, "hex_id": 1102 }, "geometry": { "type": "Polygon", "coordinates": [ [ [ 21.017452, 52.222102 ], [ 21.019666, 52.224312 ], [ 21.023891, 52.22424 ], [ 21.025901, 52.221957 ], [ 21.023686, 52.219746 ], [ 21.019462, 52.219819 ], [ 21.017452, 52.222102 ] ] ] } },
{ "type": "Feature", "properties": { "fid": 1104, "hex_id": 1103 }, "geometry": { "type": "Polygon", "coordinates": [ [ [ 21.017248, 52.217608 ], [ 21.019462, 52.219819 ], [ 21.023686, 52.219746 ], [ 21.025696, 52.217463 ], [ 21.023482, 52.215252 ], [ 21.019258, 52.215325 ], [ 21.017248, 52.217608 ] ] ] } },
{ "type": "Feature", "properties": { "fid": 1105, "hex_id": 1104 }, "geometry": { "type": "Polygon", "coordinates": [ [ [ 21.017044, 52.213114 ], [ 21.019258, 52.215325 ], [ 21.023482, 52.215252 ], [ 21.025492, 52.212969 ], [ 21.023278, 52.210759 ], [ 21.019054, 52.210831 ], [ 21.017044, 52.213114 ] ] ] } },
{ "type": "Feature", "properties": { "fid": 1106, "hex_id": 1105 }, "geometry": { "type": "Polygon", "coordinates": [ [ [ 21.016841, 52.20862 ], [ 21.019054, 52.210831 ], [ 21.023278, 52.210759 ], [ 21.025287, 52.208475 ], [ 21.023074, 52.206265 ], [ 21.018851, 52.206337 ], [ 21.016841, 52.20862 ] ] ] } },
{ "type": "Feature", "properties": { "fid": 1107, "hex_id": 1106 }, "geometry": { "type": "Polygon", "coordinates": [ [ [ 21.016637, 52.204126 ], [ 21.018851, 52.206337 ], [ 21.023074, 52.206265 ], [ 21.025083, 52.203981 ], [ 21.022869, 52.201771 ], [ 21.018647, 52.201843 ], [ 21.016637, 52.204126 ] ] ] } },
{ "type": "Feature", "properties": { "fid": 1108, "hex_id": 1107 }, "geometry": { "type": "Polygon", "coordinates": [ [ [ 21.016434, 52.199632 ], [ 21.018647, 52.201843 ], [ 21.022869, 52.201771 ], [ 21.024879, 52.199488 ], [ 21.022665, 52.197277 ], [ 21.018443, 52.197349 ], [ 21.016434, 52.199632 ] ] ] } },
{ "type": "Feature", "properties": { "fid": 1109, "hex_id": 1108 }, "geometry": { "type": "Polygon", "coordinates": [ [ [ 21.01623, 52.195138 ], [ 21.018443, 52.197349 ], [ 21.022665, 52.197277 ], [ 21.024674, 52.194994 ], [ 21.022461, 52.192783 ], [ 21.01824, 52.192855 ], [ 21.01623, 52.195138 ] ] ] } },
{ "type": "Feature", "properties": { "fid": 1110, "hex_id": 1109 }, "geometry": { "type": "Polygon", "coordinates": [ [ [ 21.016027, 52.190644 ], [ 21.01824, 52.192855 ], [ 21.022461, 52.192783 ], [ 21.02447, 52.1905 ], [ 21.022257, 52.188289 ], [ 21.018036, 52.188361 ], [ 21.016027, 52.190644 ] ] ] } },
{ "type": "Feature", "properties": { "fid": 1111, "hex_id": 1110 }, "geometry": { "type": "Polygon", "coordinates": [ [ [ 21.015824, 52.186151 ], [ 21.018036, 52.188361 ], [ 21.022257, 52.188289 ], [ 21.024266, 52.186006 ], [ 21.022053, 52.183795 ], [ 21.017832, 52.183868 ], [ 21.015824, 52.186151 ] ] ] } },
{ "type": "Feature", "properties": { "fid": 1112, "hex_id": 1111 }, "geometry": { "type": "Polygon", "coordinates": [ [ [ 21.01562, 52.181657 ], [ 21.017832, 52.183868 ], [ 21.022053, 52.183795 ], [ 21.024062, 52.181512 ], [ 21.02185, 52.179301 ], [ 21.017629, 52.179374 ], [ 21.01562, 52.181657 ] ] ] } },
{ "type": "Feature", "properties": { "fid": 1113, "hex_id": 1112 }, "geometry": { "type": "Polygon", "coordinates": [ [ [ 21.015417, 52.177163 ], [ 21.017629, 52.179374 ], [ 21.02185, 52.179301 ], [ 21.023858, 52.177018 ], [ 21.021646, 52.174807 ], [ 21.017426, 52.17488 ], [ 21.015417, 52.177163 ] ] ] } },
{ "type": "Feature", "properties": { "fid": 1114, "hex_id": 1113 }, "geometry": { "type": "Polygon", "coordinates": [ [ [ 21.015214, 52.172669 ], [ 21.017426, 52.17488 ], [ 21.021646, 52.174807 ], [ 21.023654, 52.172524 ], [ 21.021442, 52.170314 ], [ 21.017222, 52.170386 ], [ 21.015214, 52.172669 ] ] ] } },
{ "type": "Feature", "properties": { "fid": 1115, "hex_id": 1114 }, "geometry": { "type": "Polygon", "coordinates": [ [ [ 21.015011, 52.168175 ], [ 21.017222, 52.170386 ], [ 21.021442, 52.170314 ], [ 21.02345, 52.16803 ], [ 21.021238, 52.16582 ], [ 21.017019, 52.165892 ], [ 21.015011, 52.168175 ] ] ] } },
{ "type": "Feature", "properties": { "fid": 1116, "hex_id": 1115 }, "geometry": { "type": "Polygon", "coordinates": [ [ [ 21.014808, 52.163681 ], [ 21.017019, 52.165892 ], [ 21.021238, 52.16582 ], [ 21.023246, 52.163537 ], [ 21.021035, 52.161326 ], [ 21.016816, 52.161398 ], [ 21.014808, 52.163681 ] ] ] } },
{ "type": "Feature", "properties": { "fid": 1117, "hex_id": 1116 }, "geometry": { "type": "Polygon", "coordinates": [ [ [ 21.014605, 52.159187 ], [ 21.016816, 52.161398 ], [ 21.021035, 52.161326 ], [ 21.023042, 52.159043 ], [ 21.020831, 52.156832 ], [ 21.016612, 52.156904 ], [ 21.014605, 52.159187 ] ] ] } },
{ "type": "Feature", "properties": { "fid": 1118, "hex_id": 1117 }, "geometry": { "type": "Polygon", "coordinates": [ [ [ 21.014402, 52.154693 ], [ 21.016612, 52.156904 ], [ 21.020831, 52.156832 ], [ 21.022838, 52.154549 ], [ 21.020627, 52.152338 ], [ 21.016409, 52.15241 ], [ 21.014402, 52.154693 ] ] ] } },
{ "type": "Feature", "properties": { "fid": 1119, "hex_id": 1118 }, "geometry": { "type": "Polygon", "coordinates": [ [ [ 21.014199, 52.150199 ], [ 21.016409, 52.15241 ], [ 21.020627, 52.152338 ], [ 21.022634, 52.150055 ], [ 21.020424, 52.147844 ], [ 21.016206, 52.147916 ], [ 21.014199, 52.150199 ] ] ] } },
{ "type": "Feature", "properties": { "fid": 1120, "hex_id": 1119 }, "geometry": { "type": "Polygon", "coordinates": [ [ [ 21.013996, 52.145705 ], [ 21.016206, 52.147916 ], [ 21.020424, 52.147844 ], [ 21.022431, 52.145561 ], [ 21.02022, 52.14335 ], [ 21.016003, 52.143422 ], [ 21.013996, 52.145705 ] ] ] } },
{ "type": "Feature", "properties": { "fid": 1121, "hex_id": 1120 }, "geometry": { "type": "Polygon", "coordinates": [ [ [ 21.013793, 52.141211 ], [ 21.016003, 52.143422 ], [ 21.02022, 52.14335 ], [ 21.022227, 52.141067 ], [ 21.020017, 52.138856 ], [ 21.0158, 52.138928 ], [ 21.013793, 52.141211 ] ] ] } },
{ "type": "Feature", "properties": { "fid": 1122, "hex_id": 1121 }, "geometry": { "type": "Polygon", "coordinates": [ [ [ 21.013591, 52.136717 ], [ 21.0158, 52.138928 ], [ 21.020017, 52.138856 ], [ 21.022024, 52.136573 ], [ 21.019814, 52.134362 ], [ 21.015597, 52.134434 ], [ 21.013591, 52.136717 ] ] ] } },
{ "type": "Feature", "properties": { "fid": 1123, "hex_id": 1122 }, "geometry": { "type": "Polygon", "coordinates": [ [ [ 21.013388, 52.132224 ], [ 21.015597, 52.134434 ], [ 21.019814, 52.134362 ], [ 21.02182, 52.132079 ], [ 21.01961, 52.129868 ], [ 21.015394, 52.129941 ], [ 21.013388, 52.132224 ] ] ] } },
{ "type": "Feature", "properties": { "fid": 1124, "hex_id": 1123 }, "geometry": { "type": "Polygon", "coordinates": [ [ [ 21.013185, 52.12773 ], [ 21.015394, 52.129941 ], [ 21.01961, 52.129868 ], [ 21.021617, 52.127585 ], [ 21.019407, 52.125374 ], [ 21.015192, 52.125447 ], [ 21.013185, 52.12773 ] ] ] } },
{ "type": "Feature", "properties": { "fid": 1125, "hex_id": 1124 }, "geometry": { "type": "Polygon", "coordinates": [ [ [ 21.012983, 52.123236 ], [ 21.015192, 52.125447 ], [ 21.019407, 52.125374 ], [ 21.021413, 52.123091 ], [ 21.019204, 52.12088 ], [ 21.014989, 52.120953 ], [ 21.012983, 52.123236 ] ] ] } },
{ "type": "Feature", "properties": { "fid": 1126, "hex_id": 1125 }, "geometry": { "type": "Polygon", "coordinates": [ [ [ 21.01278, 52.118742 ], [ 21.014989, 52.120953 ], [ 21.019204, 52.12088 ], [ 21.02121, 52.118597 ], [ 21.019001, 52.116387 ], [ 21.014786, 52.116459 ], [ 21.01278, 52.118742 ] ] ] } },
{ "type": "Feature", "properties": { "fid": 1127, "hex_id": 1126 }, "geometry": { "type": "Polygon", "coordinates": [ [ [ 21.012578, 52.114248 ], [ 21.014786, 52.116459 ], [ 21.019001, 52.116387 ], [ 21.021006, 52.114103 ], [ 21.018798, 52.111893 ], [ 21.014584, 52.111965 ], [ 21.012578, 52.114248 ] ] ] } },
{ "type": "Feature", "properties": { "fid": 1128, "hex_id": 1127 }, "geometry": { "type": "Polygon", "coordinates": [ [ [ 21.012375, 52.109754 ], [ 21.014584, 52.111965 ], [ 21.018798, 52.111893 ], [ 21.020803, 52.10961 ], [ 21.018595, 52.107399 ], [ 21.014381, 52.107471 ], [ 21.012375, 52.109754 ] ] ] } },
{ "type": "Feature", "properties": { "fid": 1129, "hex_id": 1128 }, "geometry": { "type": "Polygon", "coordinates": [ [ [ 21.012173, 52.10526 ], [ 21.014381, 52.107471 ], [ 21.018595, 52.107399 ], [ 21.0206, 52.105116 ], [ 21.018392, 52.102905 ], [ 21.014178, 52.102977 ], [ 21.012173, 52.10526 ] ] ] } },
{ "type": "Feature", "properties": { "fid": 1130, "hex_id": 1129 }, "geometry": { "type": "Polygon", "coordinates": [ [ [ 21.030253, 52.363547 ], [ 21.032475, 52.365758 ], [ 21.036713, 52.365685 ], [ 21.038729, 52.363401 ], [ 21.036506, 52.361191 ], [ 21.032269, 52.361264 ], [ 21.030253, 52.363547 ] ] ] } },
{ "type": "Feature", "properties": { "fid": 1131, "hex_id": 1130 }, "geometry": { "type": "Polygon", "coordinates": [ [ [ 21.030047, 52.359054 ], [ 21.032269, 52.361264 ], [ 21.036506, 52.361191 ], [ 21.038522, 52.358908 ], [ 21.0363, 52.356697 ], [ 21.032062, 52.35677 ], [ 21.030047, 52.359054 ] ] ] } },
{ "type": "Feature", "properties": { "fid": 1132, "hex_id": 1131 }, "geometry": { "type": "Polygon", "coordinates": [ [ [ 21.029841, 52.35456 ], [ 21.032062, 52.35677 ], [ 21.0363, 52.356697 ], [ 21.038315, 52.354414 ], [ 21.036093, 52.352204 ], [ 21.031856, 52.352277 ], [ 21.029841, 52.35456 ] ] ] } },
{ "type": "Feature", "properties": { "fid": 1133, "hex_id": 1132 }, "geometry": { "type": "Polygon", "coordinates": [ [ [ 21.029635, 52.350066 ], [ 21.031856, 52.352277 ], [ 21.036093, 52.352204 ], [ 21.038108, 52.34992 ], [ 21.035887, 52.34771 ], [ 21.03165, 52.347783 ], [ 21.029635, 52.350066 ] ] ] } },
{ "type": "Feature", "properties": { "fid": 1134, "hex_id": 1133 }, "geometry": { "type": "Polygon", "coordinates": [ [ [ 21.029429, 52.345573 ], [ 21.03165, 52.347783 ], [ 21.035887, 52.34771 ], [ 21.037902, 52.345427 ], [ 21.03568, 52.343216 ], [ 21.031444, 52.343289 ], [ 21.029429, 52.345573 ] ] ] } },
{ "type": "Feature", "properties": { "fid": 1135, "hex_id": 1134 }, "geometry": { "type": "Polygon", "coordinates": [ [ [ 21.029223, 52.341079 ], [ 21.031444, 52.343289 ], [ 21.03568, 52.343216 ], [ 21.037695, 52.340933 ], [ 21.035474, 52.338723 ], [ 21.031238, 52.338796 ], [ 21.029223, 52.341079 ] ] ] } },
{ "type": "Feature", "properties": { "fid": 1136, "hex_id": 1135 }, "geometry": { "type": "Polygon", "coordinates": [ [ [ 21.029017, 52.336585 ], [ 21.031238, 52.338796 ], [ 21.035474, 52.338723 ], [ 21.037488, 52.336439 ], [ 21.035267, 52.334229 ], [ 21.031032, 52.334302 ], [ 21.029017, 52.336585 ] ] ] } },
{ "type": "Feature", "properties": { "fid": 1137, "hex_id": 1136 }, "geometry": { "type": "Polygon", "coordinates": [ [ [ 21.028812, 52.332091 ], [ 21.031032, 52.334302 ], [ 21.035267, 52.334229 ], [ 21.037282, 52.331945 ], [ 21.035061, 52.329735 ], [ 21.030826, 52.329808 ], [ 21.028812, 52.332091 ] ] ] } },
{ "type": "Feature", "properties": { "fid": 1138, "hex_id": 1137 }, "geometry": { "type": "Polygon", "coordinates": [ [ [ 21.028606, 52.327598 ], [ 21.030826, 52.329808 ], [ 21.035061, 52.329735 ], [ 21.037075, 52.327452 ], [ 21.034855, 52.325241 ], [ 21.03062, 52.325314 ], [ 21.028606, 52.327598 ] ] ] } },
{ "type": "Feature", "properties": { "fid": 1139, "hex_id": 1138 }, "geometry": { "type": "Polygon", "coordinates": [ [ [ 21.0284, 52.323104 ], [ 21.03062, 52.325314 ], [ 21.034855, 52.325241 ], [ 21.036869, 52.322958 ], [ 21.034649, 52.320748 ], [ 21.030415, 52.320821 ], [ 21.0284, 52.323104 ] ] ] } },
{ "type": "Feature", "properties": { "fid": 1140, "hex_id": 1139 }, "geometry": { "type": "Polygon", "coordinates": [ [ [ 21.028195, 52.31861 ], [ 21.030415, 52.320821 ], [ 21.034649, 52.320748 ], [ 21.036662, 52.318464 ], [ 21.034442, 52.316254 ], [ 21.030209, 52.316327 ], [ 21.028195, 52.31861 ] ] ] } },
{ "type": "Feature", "properties": { "fid": 1141, "hex_id": 1140 }, "geometry": { "type": "Polygon", "coordinates": [ [ [ 21.027989, 52.314116 ], [ 21.030209, 52.316327 ], [ 21.034442, 52.316254 ], [ 21.036456, 52.313971 ], [ 21.034236, 52.31176 ], [ 21.030003, 52.311833 ], [ 21.027989, 52.314116 ] ] ] } },
{ "type": "Feature", "properties": { "fid": 1142, "hex_id": 1141 }, "geometry": { "type": "Polygon", "coordinates": [ [ [ 21.027784, 52.309622 ], [ 21.030003, 52.311833 ], [ 21.034236, 52.31176 ], [ 21.03625, 52.309477 ], [ 21.03403, 52.307266 ], [ 21.029798, 52.307339 ], [ 21.027784, 52.309622 ] ] ] } },
{ "type": "Feature", "properties": { "fid": 1143, "hex_id": 1142 }, "geometry": { "type": "Polygon", "coordinates": [ [ [ 21.027579, 52.305129 ], [ 21.029798, 52.307339 ], [ 21.03403, 52.307266 ], [ 21.036043, 52.304983 ], [ 21.033824, 52.302773 ], [ 21.029592, 52.302845 ], [ 21.027579, 52.305129 ] ] ] } },
{ "type": "Feature", "properties": { "fid": 1144, "hex_id": 1143 }, "geometry": { "type": "Polygon", "coordinates": [ [ [ 21.027373, 52.300635 ], [ 21.029592, 52.302845 ], [ 21.033824, 52.302773 ], [ 21.035837, 52.300489 ], [ 21.033618, 52.298279 ], [ 21.029386, 52.298352 ], [ 21.027373, 52.300635 ] ] ] } },
{ "type": "Feature", "properties": { "fid": 1145, "hex_id": 1144 }, "geometry": { "type": "Polygon", "coordinates": [ [ [ 21.027168, 52.296141 ], [ 21.029386, 52.298352 ], [ 21.033618, 52.298279 ], [ 21.035631, 52.295996 ], [ 21.033412, 52.293785 ], [ 21.029181, 52.293858 ], [ 21.027168, 52.296141 ] ] ] } },
{ "type": "Feature", "properties": { "fid": 1146, "hex_id": 1145 }, "geometry": { "type": "Polygon", "coordinates": [ [ [ 21.026963, 52.291647 ], [ 21.029181, 52.293858 ], [ 21.033412, 52.293785 ], [ 21.035425, 52.291502 ], [ 21.033207, 52.289291 ], [ 21.028976, 52.289364 ], [ 21.026963, 52.291647 ] ] ] } },
{ "type": "Feature", "properties": { "fid": 1147, "hex_id": 1146 }, "geometry": { "type": "Polygon", "coordinates": [ [ [ 21.026758, 52.287154 ], [ 21.028976, 52.289364 ], [ 21.033207, 52.289291 ], [ 21.035219, 52.287008 ], [ 21.033001, 52.284798 ], [ 21.02877, 52.28487 ], [ 21.026758, 52.287154 ] ] ] } },
{ "type": "Feature", "properties": { "fid": 1148, "hex_id": 1147 }, "geometry": { "type": "Polygon", "coordinates": [ [ [ 21.026552, 52.28266 ], [ 21.02877, 52.28487 ], [ 21.033001, 52.284798 ], [ 21.035013, 52.282514 ], [ 21.032795, 52.280304 ], [ 21.028565, 52.280377 ], [ 21.026552, 52.28266 ] ] ] } },
{ "type": "Feature", "properties": { "fid": 1149, "hex_id": 1148 }, "geometry": { "type": "Polygon", "coordinates": [ [ [ 21.026347, 52.278166 ], [ 21.028565, 52.280377 ], [ 21.032795, 52.280304 ], [ 21.034807, 52.27802 ], [ 21.032589, 52.27581 ], [ 21.02836, 52.275883 ], [ 21.026347, 52.278166 ] ] ] } },
{ "type": "Feature", "properties": { "fid": 1150, "hex_id": 1149 }, "geometry": { "type": "Polygon", "coordinates": [ [ [ 21.026142, 52.273672 ], [ 21.02836, 52.275883 ], [ 21.032589, 52.27581 ], [ 21.034601, 52.273527 ], [ 21.032384, 52.271316 ], [ 21.028154, 52.271389 ], [ 21.026142, 52.273672 ] ] ] } },
{ "type": "Feature", "properties": { "fid": 1151, "hex_id": 1150 }, "geometry": { "type": "Polygon", "coordinates": [ [ [ 21.025937, 52.269178 ], [ 21.028154, 52.271389 ], [ 21.032384, 52.271316 ], [ 21.034395, 52.269033 ], [ 21.032178, 52.266822 ], [ 21.027949, 52.266895 ], [ 21.025937, 52.269178 ] ] ] } },
{ "type": "Feature", "properties": { "fid": 1152, "hex_id": 1151 }, "geometry": { "type": "Polygon", "coordinates": [ [ [ 21.025732, 52.264685 ], [ 21.027949, 52.266895 ], [ 21.032178, 52.266822 ], [ 21.03419, 52.264539 ], [ 21.031973, 52.262329 ], [ 21.027744, 52.262401 ], [ 21.025732, 52.264685 ] ] ] } },
{ "type": "Feature", "properties": { "fid": 1153, "hex_id": 1152 }, "geometry": { "type": "Polygon", "coordinates": [ [ [ 21.025528, 52.260191 ], [ 21.027744, 52.262401 ], [ 21.031973, 52.262329 ], [ 21.033984, 52.260045 ], [ 21.031767, 52.257835 ], [ 21.027539, 52.257908 ], [ 21.025528, 52.260191 ] ] ] } },
{ "type": "Feature", "properties": { "fid": 1154, "hex_id": 1153 }, "geometry": { "type": "Polygon", "coordinates": [ [ [ 21.025323, 52.255697 ], [ 21.027539, 52.257908 ], [ 21.031767, 52.257835 ], [ 21.033778, 52.255552 ], [ 21.031562, 52.253341 ], [ 21.027334, 52.253414 ], [ 21.025323, 52.255697 ] ] ] } },
{ "type": "Feature", "properties": { "fid": 1155, "hex_id": 1154 }, "geometry": { "type": "Polygon", "coordinates": [ [ [ 21.025118, 52.251203 ], [ 21.027334, 52.253414 ], [ 21.031562, 52.253341 ], [ 21.033573, 52.251058 ], [ 21.031356, 52.248847 ], [ 21.027129, 52.24892 ], [ 21.025118, 52.251203 ] ] ] } },
{ "type": "Feature", "properties": { "fid": 1156, "hex_id": 1155 }, "geometry": { "type": "Polygon", "coordinates": [ [ [ 21.024913, 52.246709 ], [ 21.027129, 52.24892 ], [ 21.031356, 52.248847 ], [ 21.033367, 52.246564 ], [ 21.031151, 52.244353 ], [ 21.026924, 52.244426 ], [ 21.024913, 52.246709 ] ] ] } },
{ "type": "Feature", "properties": { "fid": 1157, "hex_id": 1156 }, "geometry": { "type": "Polygon", "coordinates": [ [ [ 21.024709, 52.242215 ], [ 21.026924, 52.244426 ], [ 21.031151, 52.244353 ], [ 21.033162, 52.24207 ], [ 21.030946, 52.23986 ], [ 21.02672, 52.239932 ], [ 21.024709, 52.242215 ] ] ] } },
{ "type": "Feature", "properties": { "fid": 1158, "hex_id": 1157 }, "geometry": { "type": "Polygon", "coordinates": [ [ [ 21.024504, 52.237722 ], [ 21.02672, 52.239932 ], [ 21.030946, 52.23986 ], [ 21.032956, 52.237576 ], [ 21.030741, 52.235366 ], [ 21.026515, 52.235438 ], [ 21.024504, 52.237722 ] ] ] } },
{ "type": "Feature", "properties": { "fid": 1159, "hex_id": 1158 }, "geometry": { "type": "Polygon", "coordinates": [ [ [ 21.0243, 52.233228 ], [ 21.026515, 52.235438 ], [ 21.030741, 52.235366 ], [ 21.032751, 52.233082 ], [ 21.030535, 52.230872 ], [ 21.02631, 52.230945 ], [ 21.0243, 52.233228 ] ] ] } },
{ "type": "Feature", "properties": { "fid": 1160, "hex_id": 1159 }, "geometry": { "type": "Polygon", "coordinates": [ [ [ 21.024095, 52.228734 ], [ 21.02631, 52.230945 ], [ 21.030535, 52.230872 ], [ 21.032546, 52.228589 ], [ 21.03033, 52.226378 ], [ 21.026105, 52.226451 ], [ 21.024095, 52.228734 ] ] ] } },
{ "type": "Feature", "properties": { "fid": 1161, "hex_id": 1160 }, "geometry": { "type": "Polygon", "coordinates": [ [ [ 21.023891, 52.22424 ], [ 21.026105, 52.226451 ], [ 21.03033, 52.226378 ], [ 21.03234, 52.224095 ], [ 21.030125, 52.221884 ], [ 21.025901, 52.221957 ], [ 21.023891, 52.22424 ] ] ] } },
{ "type": "Feature", "properties": { "fid": 1162, "hex_id": 1161 }, "geometry": { "type": "Polygon", "coordinates": [ [ [ 21.023686, 52.219746 ], [ 21.025901, 52.221957 ], [ 21.030125, 52.221884 ], [ 21.032135, 52.219601 ], [ 21.02992, 52.21739 ], [ 21.025696, 52.217463 ], [ 21.023686, 52.219746 ] ] ] } },
{ "type": "Feature", "properties": { "fid": 1163, "hex_id": 1162 }, "geometry": { "type": "Polygon", "coordinates": [ [ [ 21.023482, 52.215252 ], [ 21.025696, 52.217463 ], [ 21.02992, 52.21739 ], [ 21.03193, 52.215107 ], [ 21.029715, 52.212897 ], [ 21.025492, 52.212969 ], [ 21.023482, 52.215252 ] ] ] } },
{ "type": "Feature", "properties": { "fid": 1164, "hex_id": 1163 }, "geometry": { "type": "Polygon", "coordinates": [ [ [ 21.023278, 52.210759 ], [ 21.025492, 52.212969 ], [ 21.029715, 52.212897 ], [ 21.031725, 52.210613 ], [ 21.029511, 52.208403 ], [ 21.025287, 52.208475 ], [ 21.023278, 52.210759 ] ] ] } },
{ "type": "Feature", "properties": { "fid": 1165, "hex_id": 1164 }, "geometry": { "type": "Polygon", "coordinates": [ [ [ 21.023074, 52.206265 ], [ 21.025287, 52.208475 ], [ 21.029511, 52.208403 ], [ 21.03152, 52.206119 ], [ 21.029306, 52.203909 ], [ 21.025083, 52.203981 ], [ 21.023074, 52.206265 ] ] ] } },
{ "type": "Feature", "properties": { "fid": 1166, "hex_id": 1165 }, "geometry": { "type": "Polygon", "coordinates": [ [ [ 21.022869, 52.201771 ], [ 21.025083, 52.203981 ], [ 21.029306, 52.203909 ], [ 21.031315, 52.201626 ], [ 21.029101, 52.199415 ], [ 21.024879, 52.199488 ], [ 21.022869, 52.201771 ] ] ] } },
{ "type": "Feature", "properties": { "fid": 1167, "hex_id": 1166 }, "geometry": { "type": "Polygon", "coordinates": [ [ [ 21.022665, 52.197277 ], [ 21.024879, 52.199488 ], [ 21.029101, 52.199415 ], [ 21.03111, 52.197132 ], [ 21.028896, 52.194921 ], [ 21.024674, 52.194994 ], [ 21.022665, 52.197277 ] ] ] } },
{ "type": "Feature", "properties": { "fid": 1168, "hex_id": 1167 }, "geometry": { "type": "Polygon", "coordinates": [ [ [ 21.022461, 52.192783 ], [ 21.024674, 52.194994 ], [ 21.028896, 52.194921 ], [ 21.030905, 52.192638 ], [ 21.028692, 52.190427 ], [ 21.02447, 52.1905 ], [ 21.022461, 52.192783 ] ] ] } },
{ "type": "Feature", "properties": { "fid": 1169, "hex_id": 1168 }, "geometry": { "type": "Polygon", "coordinates": [ [ [ 21.022257, 52.188289 ], [ 21.02447, 52.1905 ], [ 21.028692, 52.190427 ], [ 21.0307, 52.188144 ], [ 21.028487, 52.185933 ], [ 21.024266, 52.186006 ], [ 21.022257, 52.188289 ] ] ] } },
{ "type": "Feature", "properties": { "fid": 1170, "hex_id": 1169 }, "geometry": { "type": "Polygon", "coordinates": [ [ [ 21.022053, 52.183795 ], [ 21.024266, 52.186006 ], [ 21.028487, 52.185933 ], [ 21.030495, 52.18365 ], [ 21.028283, 52.18144 ], [ 21.024062, 52.181512 ], [ 21.022053, 52.183795 ] ] ] } },
{ "type": "Feature", "properties": { "fid": 1171, "hex_id": 1170 }, "geometry": { "type": "Polygon", "coordinates": [ [ [ 21.02185, 52.179301 ], [ 21.024062, 52.181512 ], [ 21.028283, 52.18144 ], [ 21.030291, 52.179156 ], [ 21.028078, 52.176946 ], [ 21.023858, 52.177018 ], [ 21.02185, 52.179301 ] ] ] } },
{ "type": "Feature", "properties": { "fid": 1172, "hex_id": 1171 }, "geometry": { "type": "Polygon", "coordinates": [ [ [ 21.021646, 52.174807 ], [ 21.023858, 52.177018 ], [ 21.028078, 52.176946 ], [ 21.030086, 52.174663 ], [ 21.027874, 52.172452 ], [ 21.023654, 52.172524 ], [ 21.021646, 52.174807 ] ] ] } },
{ "type": "Feature", "properties": { "fid": 1173, "hex_id": 1172 }, "geometry": { "type": "Polygon", "coordinates": [ [ [ 21.021442, 52.170314 ], [ 21.023654, 52.172524 ], [ 21.027874, 52.172452 ], [ 21.029881, 52.170169 ], [ 21.027669, 52.167958 ], [ 21.02345, 52.16803 ], [ 21.021442, 52.170314 ] ] ] } },
{ "type": "Feature", "properties": { "fid": 1174, "hex_id": 1173 }, "geometry": { "type": "Polygon", "coordinates": [ [ [ 21.021238, 52.16582 ], [ 21.02345, 52.16803 ], [ 21.027669, 52.167958 ], [ 21.029677, 52.165675 ], [ 21.027465, 52.163464 ], [ 21.023246, 52.163537 ], [ 21.021238, 52.16582 ] ] ] } },
{ "type": "Feature", "properties": { "fid": 1175, "hex_id": 1174 }, "geometry": { "type": "Polygon", "coordinates": [ [ [ 21.021035, 52.161326 ], [ 21.023246, 52.163537 ], [ 21.027465, 52.163464 ], [ 21.029472, 52.161181 ], [ 21.027261, 52.15897 ], [ 21.023042, 52.159043 ], [ 21.021035, 52.161326 ] ] ] } },
{ "type": "Feature", "properties": { "fid": 1176, "hex_id": 1175 }, "geometry": { "type": "Polygon", "coordinates": [ [ [ 21.020831, 52.156832 ], [ 21.023042, 52.159043 ], [ 21.027261, 52.15897 ], [ 21.029268, 52.156687 ], [ 21.027056, 52.154476 ], [ 21.022838, 52.154549 ], [ 21.020831, 52.156832 ] ] ] } },
{ "type": "Feature", "properties": { "fid": 1177, "hex_id": 1176 }, "geometry": { "type": "Polygon", "coordinates": [ [ [ 21.020627, 52.152338 ], [ 21.022838, 52.154549 ], [ 21.027056, 52.154476 ], [ 21.029063, 52.152193 ], [ 21.026852, 52.149982 ], [ 21.022634, 52.150055 ], [ 21.020627, 52.152338 ] ] ] } },
{ "type": "Feature", "properties": { "fid": 1178, "hex_id": 1177 }, "geometry": { "type": "Polygon", "coordinates": [ [ [ 21.020424, 52.147844 ], [ 21.022634, 52.150055 ], [ 21.026852, 52.149982 ], [ 21.028859, 52.147699 ], [ 21.026648, 52.145489 ], [ 21.022431, 52.145561 ], [ 21.020424, 52.147844 ] ] ] } },
{ "type": "Feature", "properties": { "fid": 1179, "hex_id": 1178 }, "geometry": { "type": "Polygon", "coordinates": [ [ [ 21.02022, 52.14335 ], [ 21.022431, 52.145561 ], [ 21.026648, 52.145489 ], [ 21.028655, 52.143205 ], [ 21.026444, 52.140995 ], [ 21.022227, 52.141067 ], [ 21.02022, 52.14335 ] ] ] } },
{ "type": "Feature", "properties": { "fid": 1180, "hex_id": 1179 }, "geometry": { "type": "Polygon", "coordinates": [ [ [ 21.020017, 52.138856 ], [ 21.022227, 52.141067 ], [ 21.026444, 52.140995 ], [ 21.02845, 52.138711 ], [ 21.02624, 52.136501 ], [ 21.022024, 52.136573 ], [ 21.020017, 52.138856 ] ] ] } },
{ "type": "Feature", "properties": { "fid": 1181, "hex_id": 1180 }, "geometry": { "type": "Polygon", "coordinates": [ [ [ 21.019814, 52.134362 ], [ 21.022024, 52.136573 ], [ 21.02624, 52.136501 ], [ 21.028246, 52.134218 ], [ 21.026036, 52.132007 ], [ 21.02182, 52.132079 ], [ 21.019814, 52.134362 ] ] ] } },
{ "type": "Feature", "properties": { "fid": 1182, "hex_id": 1181 }, "geometry": { "type": "Polygon", "coordinates": [ [ [ 21.01961, 52.129868 ], [ 21.02182, 52.132079 ], [ 21.026036, 52.132007 ], [ 21.028042, 52.129724 ], [ 21.025832, 52.127513 ], [ 21.021617, 52.127585 ], [ 21.01961, 52.129868 ] ] ] } },
{ "type": "Feature", "properties": { "fid": 1183, "hex_id": 1182 }, "geometry": { "type": "Polygon", "coordinates": [ [ [ 21.019407, 52.125374 ], [ 21.021617, 52.127585 ], [ 21.025832, 52.127513 ], [ 21.027838, 52.12523 ], [ 21.025628, 52.123019 ], [ 21.021413, 52.123091 ], [ 21.019407, 52.125374 ] ] ] } },
{ "type": "Feature", "properties": { "fid": 1184, "hex_id": 1183 }, "geometry": { "type": "Polygon", "coordinates": [ [ [ 21.019204, 52.12088 ], [ 21.021413, 52.123091 ], [ 21.025628, 52.123019 ], [ 21.027634, 52.120736 ], [ 21.025424, 52.118525 ], [ 21.02121, 52.118597 ], [ 21.019204, 52.12088 ] ] ] } },
{ "type": "Feature", "properties": { "fid": 1185, "hex_id": 1184 }, "geometry": { "type": "Polygon", "coordinates": [ [ [ 21.019001, 52.116387 ], [ 21.02121, 52.118597 ], [ 21.025424, 52.118525 ], [ 21.02743, 52.116242 ], [ 21.025221, 52.114031 ], [ 21.021006, 52.114103 ], [ 21.019001, 52.116387 ] ] ] } },
{ "type": "Feature", "properties": { "fid": 1186, "hex_id": 1185 }, "geometry": { "type": "Polygon", "coordinates": [ [ [ 21.018798, 52.111893 ], [ 21.021006, 52.114103 ], [ 21.025221, 52.114031 ], [ 21.027226, 52.111748 ], [ 21.025017, 52.109537 ], [ 21.020803, 52.10961 ], [ 21.018798, 52.111893 ] ] ] } },
{ "type": "Feature", "properties": { "fid": 1187, "hex_id": 1186 }, "geometry": { "type": "Polygon", "coordinates": [ [ [ 21.018595, 52.107399 ], [ 21.020803, 52.10961 ], [ 21.025017, 52.109537 ], [ 21.027022, 52.107254 ], [ 21.024813, 52.105043 ], [ 21.0206, 52.105116 ], [ 21.018595, 52.107399 ] ] ] } },
{ "type": "Feature", "properties": { "fid": 1188, "hex_id": 1187 }, "geometry": { "type": "Polygon", "coordinates": [ [ [ 21.036713, 52.365685 ], [ 21.038936, 52.367895 ], [ 21.043174, 52.367822 ], [ 21.04519, 52.365538 ], [ 21.042967, 52.363328 ], [ 21.038729, 52.363401 ], [ 21.036713, 52.365685 ] ] ] } },
{ "type": "Feature", "properties": { "fid": 1189, "hex_id": 1188 }, "geometry": { "type": "Polygon", "coordinates": [ [ [ 21.036506, 52.361191 ], [ 21.038729, 52.363401 ], [ 21.042967, 52.363328 ], [ 21.044982, 52.361045 ], [ 21.042759, 52.358835 ], [ 21.038522, 52.358908 ], [ 21.036506, 52.361191 ] ] ] } },
{ "type": "Feature", "properties": { "fid": 1190, "hex_id": 1189 }, "geometry": { "type": "Polygon", "coordinates": [ [ [ 21.0363, 52.356697 ], [ 21.038522, 52.358908 ], [ 21.042759, 52.358835 ], [ 21.044774, 52.356551 ], [ 21.042552, 52.354341 ], [ 21.038315, 52.354414 ], [ 21.0363, 52.356697 ] ] ] } },
{ "type": "Feature", "properties": { "fid": 1191, "hex_id": 1190 }, "geometry": { "type": "Polygon", "coordinates": [ [ [ 21.036093, 52.352204 ], [ 21.038315, 52.354414 ], [ 21.042552, 52.354341 ], [ 21.044567, 52.352057 ], [ 21.042345, 52.349847 ], [ 21.038108, 52.34992 ], [ 21.036093, 52.352204 ] ] ] } },
{ "type": "Feature", "properties": { "fid": 1192, "hex_id": 1191 }, "geometry": { "type": "Polygon", "coordinates": [ [ [ 21.035887, 52.34771 ], [ 21.038108, 52.34992 ], [ 21.042345, 52.349847 ], [ 21.04436, 52.347564 ], [ 21.042138, 52.345353 ], [ 21.037902, 52.345427 ], [ 21.035887, 52.34771 ] ] ] } },
{ "type": "Feature", "properties": { "fid": 1193, "hex_id": 1192 }, "geometry": { "type": "Polygon", "coordinates": [ [ [ 21.03568, 52.343216 ], [ 21.037902, 52.345427 ], [ 21.042138, 52.345353 ], [ 21.044152, 52.34307 ], [ 21.041931, 52.34086 ], [ 21.037695, 52.340933 ], [ 21.03568, 52.343216 ] ] ] } },
{ "type": "Feature", "properties": { "fid": 1194, "hex_id": 1193 }, "geometry": { "type": "Polygon", "coordinates": [ [ [ 21.035474, 52.338723 ], [ 21.037695, 52.340933 ], [ 21.041931, 52.34086 ], [ 21.043945, 52.338576 ], [ 21.041724, 52.336366 ], [ 21.037488, 52.336439 ], [ 21.035474, 52.338723 ] ] ] } },
{ "type": "Feature", "properties": { "fid": 1195, "hex_id": 1194 }, "geometry": { "type": "Polygon", "coordinates": [ [ [ 21.035267, 52.334229 ], [ 21.037488, 52.336439 ], [ 21.041724, 52.336366 ], [ 21.043738, 52.334083 ], [ 21.041517, 52.331872 ], [ 21.037282, 52.331945 ], [ 21.035267, 52.334229 ] ] ] } },
{ "type": "Feature", "properties": { "fid": 1196, "hex_id": 1195 }, "geometry": { "type": "Polygon", "coordinates": [ [ [ 21.035061, 52.329735 ], [ 21.037282, 52.331945 ], [ 21.041517, 52.331872 ], [ 21.043531, 52.329589 ], [ 21.04131, 52.327379 ], [ 21.037075, 52.327452 ], [ 21.035061, 52.329735 ] ] ] } },
{ "type": "Feature", "properties": { "fid": 1197, "hex_id": 1196 }, "geometry": { "type": "Polygon", "coordinates": [ [ [ 21.034855, 52.325241 ], [ 21.037075, 52.327452 ], [ 21.04131, 52.327379 ], [ 21.043323, 52.325095 ], [ 21.041103, 52.322885 ], [ 21.036869, 52.322958 ], [ 21.034855, 52.325241 ] ] ] } },
{ "type": "Feature", "properties": { "fid": 1198, "hex_id": 1197 }, "geometry": { "type": "Polygon", "coordinates": [ [ [ 21.034649, 52.320748 ], [ 21.036869, 52.322958 ], [ 21.041103, 52.322885 ], [ 21.043116, 52.320601 ], [ 21.040896, 52.318391 ], [ 21.036662, 52.318464 ], [ 21.034649, 52.320748 ] ] ] } },
{ "type": "Feature", "properties": { "fid": 1199, "hex_id": 1198 }, "geometry": { "type": "Polygon", "coordinates": [ [ [ 21.034442, 52.316254 ], [ 21.036662, 52.318464 ], [ 21.040896, 52.318391 ], [ 21.042909, 52.316108 ], [ 21.040689, 52.313897 ], [ 21.036456, 52.313971 ], [ 21.034442, 52.316254 ] ] ] } },
{ "type": "Feature", "properties": { "fid": 1200, "hex_id": 1199 }, "geometry": { "type": "Polygon", "coordinates": [ [ [ 21.034236, 52.31176 ], [ 21.036456, 52.313971 ], [ 21.040689, 52.313897 ], [ 21.042702, 52.311614 ], [ 21.040482, 52.309404 ], [ 21.03625, 52.309477 ], [ 21.034236, 52.31176 ] ] ] } },
{ "type": "Feature", "properties": { "fid": 1201, "hex_id": 1200 }, "geometry": { "type": "Polygon", "coordinates": [ [ [ 21.03403, 52.307266 ], [ 21.03625, 52.309477 ], [ 21.040482, 52.309404 ], [ 21.042495, 52.30712 ], [ 21.040276, 52.30491 ], [ 21.036043, 52.304983 ], [ 21.03403, 52.307266 ] ] ] } },
{ "type": "Feature", "properties": { "fid": 1202, "hex_id": 1201 }, "geometry": { "type": "Polygon", "coordinates": [ [ [ 21.033824, 52.302773 ], [ 21.036043, 52.304983 ], [ 21.040276, 52.30491 ], [ 21.042289, 52.302627 ], [ 21.040069, 52.300416 ], [ 21.035837, 52.300489 ], [ 21.033824, 52.302773 ] ] ] } },
{ "type": "Feature", "properties": { "fid": 1203, "hex_id": 1202 }, "geometry": { "type": "Polygon", "coordinates": [ [ [ 21.033618, 52.298279 ], [ 21.035837, 52.300489 ], [ 21.040069, 52.300416 ], [ 21.042082, 52.298133 ], [ 21.039863, 52.295922 ], [ 21.035631, 52.295996 ], [ 21.033618, 52.298279 ] ] ] } },
{ "type": "Feature", "properties": { "fid": 1204, "hex_id": 1203 }, "geometry": { "type": "Polygon", "coordinates": [ [ [ 21.033412, 52.293785 ], [ 21.035631, 52.295996 ], [ 21.039863, 52.295922 ], [ 21.041875, 52.293639 ], [ 21.039656, 52.291429 ], [ 21.035425, 52.291502 ], [ 21.033412, 52.293785 ] ] ] } },
{ "type": "Feature", "properties": { "fid": 1205, "hex_id": 1204 }, "geometry": { "type": "Polygon", "coordinates": [ [ [ 21.033207, 52.289291 ], [ 21.035425, 52.291502 ], [ 21.039656, 52.291429 ], [ 21.041668, 52.289145 ], [ 21.03945, 52.286935 ], [ 21.035219, 52.287008 ], [ 21.033207, 52.289291 ] ] ] } },
{ "type": "Feature", "properties": { "fid": 1206, "hex_id": 1205 }, "geometry": { "type": "Polygon", "coordinates": [ [ [ 21.033001, 52.284798 ], [ 21.035219, 52.287008 ], [ 21.03945, 52.286935 ], [ 21.041462, 52.284652 ], [ 21.039243, 52.282441 ], [ 21.035013, 52.282514 ], [ 21.033001, 52.284798 ] ] ] } },
{ "type": "Feature", "properties": { "fid": 1207, "hex_id": 1206 }, "geometry": { "type": "Polygon", "coordinates": [ [ [ 21.032795, 52.280304 ], [ 21.035013, 52.282514 ], [ 21.039243, 52.282441 ], [ 21.041255, 52.280158 ], [ 21.039037, 52.277947 ], [ 21.034807, 52.27802 ], [ 21.032795, 52.280304 ] ] ] } },
{ "type": "Feature", "properties": { "fid": 1208, "hex_id": 1207 }, "geometry": { "type": "Polygon", "coordinates": [ [ [ 21.032589, 52.27581 ], [ 21.034807, 52.27802 ], [ 21.039037, 52.277947 ], [ 21.041049, 52.275664 ], [ 21.038831, 52.273454 ], [ 21.034601, 52.273527 ], [ 21.032589, 52.27581 ] ] ] } },
{ "type": "Feature", "properties": { "fid": 1209, "hex_id": 1208 }, "geometry": { "type": "Polygon", "coordinates": [ [ [ 21.032384, 52.271316 ], [ 21.034601, 52.273527 ], [ 21.038831, 52.273454 ], [ 21.040842, 52.27117 ], [ 21.038624, 52.26896 ], [ 21.034395, 52.269033 ], [ 21.032384, 52.271316 ] ] ] } },
{ "type": "Feature", "properties": { "fid": 1210, "hex_id": 1209 }, "geometry": { "type": "Polygon", "coordinates": [ [ [ 21.032178, 52.266822 ], [ 21.034395, 52.269033 ], [ 21.038624, 52.26896 ], [ 21.040636, 52.266676 ], [ 21.038418, 52.264466 ], [ 21.03419, 52.264539 ], [ 21.032178, 52.266822 ] ] ] } },
{ "type": "Feature", "properties": { "fid": 1211, "hex_id": 1210 }, "geometry": { "type": "Polygon", "coordinates": [ [ [ 21.031973, 52.262329 ], [ 21.03419, 52.264539 ], [ 21.038418, 52.264466 ], [ 21.040429, 52.262183 ], [ 21.038212, 52.259972 ], [ 21.033984, 52.260045 ], [ 21.031973, 52.262329 ] ] ] } },
{ "type": "Feature", "properties": { "fid": 1212, "hex_id": 1211 }, "geometry": { "type": "Polygon", "coordinates": [ [ [ 21.031767, 52.257835 ], [ 21.033984, 52.260045 ], [ 21.038212, 52.259972 ], [ 21.040223, 52.257689 ], [ 21.038006, 52.255479 ], [ 21.033778, 52.255552 ], [ 21.031767, 52.257835 ] ] ] } },
{ "type": "Feature", "properties": { "fid": 1213, "hex_id": 1212 }, "geometry": { "type": "Polygon", "coordinates": [ [ [ 21.031562, 52.253341 ], [ 21.033778, 52.255552 ], [ 21.038006, 52.255479 ], [ 21.040017, 52.253195 ], [ 21.0378, 52.250985 ], [ 21.033573, 52.251058 ], [ 21.031562, 52.253341 ] ] ] } },
{ "type": "Feature", "properties": { "fid": 1214, "hex_id": 1213 }, "geometry": { "type": "Polygon", "coordinates": [ [ [ 21.031356, 52.248847 ], [ 21.033573, 52.251058 ], [ 21.0378, 52.250985 ], [ 21.039811, 52.248701 ], [ 21.037594, 52.246491 ], [ 21.033367, 52.246564 ], [ 21.031356, 52.248847 ] ] ] } },
{ "type": "Feature", "properties": { "fid": 1215, "hex_id": 1214 }, "geometry": { "type": "Polygon", "coordinates": [ [ [ 21.031151, 52.244353 ], [ 21.033367, 52.246564 ], [ 21.037594, 52.246491 ], [ 21.039604, 52.244208 ], [ 21.037388, 52.241997 ], [ 21.033162, 52.24207 ], [ 21.031151, 52.244353 ] ] ] } },
{ "type": "Feature", "properties": { "fid": 1216, "hex_id": 1215 }, "geometry": { "type": "Polygon", "coordinates": [ [ [ 21.030946, 52.23986 ], [ 21.033162, 52.24207 ], [ 21.037388, 52.241997 ], [ 21.039398, 52.239714 ], [ 21.037182, 52.237503 ], [ 21.032956, 52.237576 ], [ 21.030946, 52.23986 ] ] ] } },
{ "type": "Feature", "properties": { "fid": 1217, "hex_id": 1216 }, "geometry": { "type": "Polygon", "coordinates": [ [ [ 21.030741, 52.235366 ], [ 21.032956, 52.237576 ], [ 21.037182, 52.237503 ], [ 21.039192, 52.23522 ], [ 21.036976, 52.23301 ], [ 21.032751, 52.233082 ], [ 21.030741, 52.235366 ] ] ] } },
{ "type": "Feature", "properties": { "fid": 1218, "hex_id": 1217 }, "geometry": { "type": "Polygon", "coordinates": [ [ [ 21.030535, 52.230872 ], [ 21.032751, 52.233082 ], [ 21.036976, 52.23301 ], [ 21.038986, 52.230726 ], [ 21.036771, 52.228516 ], [ 21.032546, 52.228589 ], [ 21.030535, 52.230872 ] ] ] } },
{ "type": "Feature", "properties": { "fid": 1219, "hex_id": 1218 }, "geometry": { "type": "Polygon", "coordinates": [ [ [ 21.03033, 52.226378 ], [ 21.032546, 52.228589 ], [ 21.036771, 52.228516 ], [ 21.03878, 52.226232 ], [ 21.036565, 52.224022 ], [ 21.03234, 52.224095 ], [ 21.03033, 52.226378 ] ] ] } },
{ "type": "Feature", "properties": { "fid": 1220, "hex_id": 1219 }, "geometry": { "type": "Polygon", "coordinates": [ [ [ 21.030125, 52.221884 ], [ 21.03234, 52.224095 ], [ 21.036565, 52.224022 ], [ 21.038574, 52.221739 ], [ 21.036359, 52.219528 ], [ 21.032135, 52.219601 ], [ 21.030125, 52.221884 ] ] ] } },
{ "type": "Feature", "properties": { "fid": 1221, "hex_id": 1220 }, "geometry": { "type": "Polygon", "coordinates": [ [ [ 21.02992, 52.21739 ], [ 21.032135, 52.219601 ], [ 21.036359, 52.219528 ], [ 21.038369, 52.217245 ], [ 21.036154, 52.215034 ], [ 21.03193, 52.215107 ], [ 21.02992, 52.21739 ] ] ] } },
{ "type": "Feature", "properties": { "fid": 1222, "hex_id": 1221 }, "geometry": { "type": "Polygon", "coordinates": [ [ [ 21.029715, 52.212897 ], [ 21.03193, 52.215107 ], [ 21.036154, 52.215034 ], [ 21.038163, 52.212751 ], [ 21.035948, 52.210541 ], [ 21.031725, 52.210613 ], [ 21.029715, 52.212897 ] ] ] } },
{ "type": "Feature", "properties": { "fid": 1223, "hex_id": 1222 }, "geometry": { "type": "Polygon", "coordinates": [ [ [ 21.029511, 52.208403 ], [ 21.031725, 52.210613 ], [ 21.035948, 52.210541 ], [ 21.037957, 52.208257 ], [ 21.035743, 52.206047 ], [ 21.03152, 52.206119 ], [ 21.029511, 52.208403 ] ] ] } },
{ "type": "Feature", "properties": { "fid": 1224, "hex_id": 1223 }, "geometry": { "type": "Polygon", "coordinates": [ [ [ 21.029306, 52.203909 ], [ 21.03152, 52.206119 ], [ 21.035743, 52.206047 ], [ 21.037751, 52.203763 ], [ 21.035537, 52.201553 ], [ 21.031315, 52.201626 ], [ 21.029306, 52.203909 ] ] ] } },
{ "type": "Feature", "properties": { "fid": 1225, "hex_id": 1224 }, "geometry": { "type": "Polygon", "coordinates": [ [ [ 21.029101, 52.199415 ], [ 21.031315, 52.201626 ], [ 21.035537, 52.201553 ], [ 21.037546, 52.199269 ], [ 21.035332, 52.197059 ], [ 21.03111, 52.197132 ], [ 21.029101, 52.199415 ] ] ] } },
{ "type": "Feature", "properties": { "fid": 1226, "hex_id": 1225 }, "geometry": { "type": "Polygon", "coordinates": [ [ [ 21.028896, 52.194921 ], [ 21.03111, 52.197132 ], [ 21.035332, 52.197059 ], [ 21.03734, 52.194776 ], [ 21.035127, 52.192565 ], [ 21.030905, 52.192638 ], [ 21.028896, 52.194921 ] ] ] } },
{ "type": "Feature", "properties": { "fid": 1227, "hex_id": 1226 }, "geometry": { "type": "Polygon", "coordinates": [ [ [ 21.028692, 52.190427 ], [ 21.030905, 52.192638 ], [ 21.035127, 52.192565 ], [ 21.037135, 52.190282 ], [ 21.034921, 52.188071 ], [ 21.0307, 52.188144 ], [ 21.028692, 52.190427 ] ] ] } },
{ "type": "Feature", "properties": { "fid": 1228, "hex_id": 1227 }, "geometry": { "type": "Polygon", "coordinates": [ [ [ 21.028487, 52.185933 ], [ 21.0307, 52.188144 ], [ 21.034921, 52.188071 ], [ 21.036929, 52.185788 ], [ 21.034716, 52.183577 ], [ 21.030495, 52.18365 ], [ 21.028487, 52.185933 ] ] ] } },
{ "type": "Feature", "properties": { "fid": 1229, "hex_id": 1228 }, "geometry": { "type": "Polygon", "coordinates": [ [ [ 21.028283, 52.18144 ], [ 21.030495, 52.18365 ], [ 21.034716, 52.183577 ], [ 21.036724, 52.181294 ], [ 21.034511, 52.179084 ], [ 21.030291, 52.179156 ], [ 21.028283, 52.18144 ] ] ] } },
{ "type": "Feature", "properties": { "fid": 1230, "hex_id": 1229 }, "geometry": { "type": "Polygon", "coordinates": [ [ [ 21.028078, 52.176946 ], [ 21.030291, 52.179156 ], [ 21.034511, 52.179084 ], [ 21.036519, 52.1768 ], [ 21.034306, 52.17459 ], [ 21.030086, 52.174663 ], [ 21.028078, 52.176946 ] ] ] } },
{ "type": "Feature", "properties": { "fid": 1231, "hex_id": 1230 }, "geometry": { "type": "Polygon", "coordinates": [ [ [ 21.027874, 52.172452 ], [ 21.030086, 52.174663 ], [ 21.034306, 52.17459 ], [ 21.036313, 52.172306 ], [ 21.034101, 52.170096 ], [ 21.029881, 52.170169 ], [ 21.027874, 52.172452 ] ] ] } },
{ "type": "Feature", "properties": { "fid": 1232, "hex_id": 1231 }, "geometry": { "type": "Polygon", "coordinates": [ [ [ 21.027669, 52.167958 ], [ 21.029881, 52.170169 ], [ 21.034101, 52.170096 ], [ 21.036108, 52.167813 ], [ 21.033896, 52.165602 ], [ 21.029677, 52.165675 ], [ 21.027669, 52.167958 ] ] ] } },
{ "type": "Feature", "properties": { "fid": 1233, "hex_id": 1232 }, "geometry": { "type": "Polygon", "coordinates": [ [ [ 21.027465, 52.163464 ], [ 21.029677, 52.165675 ], [ 21.033896, 52.165602 ], [ 21.035903, 52.163319 ], [ 21.033691, 52.161108 ], [ 21.029472, 52.161181 ], [ 21.027465, 52.163464 ] ] ] } },
{ "type": "Feature", "properties": { "fid": 1234, "hex_id": 1233 }, "geometry": { "type": "Polygon", "coordinates": [ [ [ 21.027261, 52.15897 ], [ 21.029472, 52.161181 ], [ 21.033691, 52.161108 ], [ 21.035698, 52.158825 ], [ 21.033486, 52.156614 ], [ 21.029268, 52.156687 ], [ 21.027261, 52.15897 ] ] ] } },
{ "type": "Feature", "properties": { "fid": 1235, "hex_id": 1234 }, "geometry": { "type": "Polygon", "coordinates": [ [ [ 21.027056, 52.154476 ], [ 21.029268, 52.156687 ], [ 21.033486, 52.156614 ], [ 21.035493, 52.154331 ], [ 21.033281, 52.15212 ], [ 21.029063, 52.152193 ], [ 21.027056, 52.154476 ] ] ] } },
{ "type": "Feature", "properties": { "fid": 1236, "hex_id": 1235 }, "geometry": { "type": "Polygon", "coordinates": [ [ [ 21.026852, 52.149982 ], [ 21.029063, 52.152193 ], [ 21.033281, 52.15212 ], [ 21.035288, 52.149837 ], [ 21.033076, 52.147627 ], [ 21.028859, 52.147699 ], [ 21.026852, 52.149982 ] ] ] } },
{ "type": "Feature", "properties": { "fid": 1237, "hex_id": 1236 }, "geometry": { "type": "Polygon", "coordinates": [ [ [ 21.026648, 52.145489 ], [ 21.028859, 52.147699 ], [ 21.033076, 52.147627 ], [ 21.035083, 52.145343 ], [ 21.032872, 52.143133 ], [ 21.028655, 52.143205 ], [ 21.026648, 52.145489 ] ] ] } },
{ "type": "Feature", "properties": { "fid": 1238, "hex_id": 1237 }, "geometry": { "type": "Polygon", "coordinates": [ [ [ 21.026444, 52.140995 ], [ 21.028655, 52.143205 ], [ 21.032872, 52.143133 ], [ 21.034878, 52.140849 ], [ 21.032667, 52.138639 ], [ 21.02845, 52.138711 ], [ 21.026444, 52.140995 ] ] ] } },
{ "type": "Feature", "properties": { "fid": 1239, "hex_id": 1238 }, "geometry": { "type": "Polygon", "coordinates": [ [ [ 21.02624, 52.136501 ], [ 21.02845, 52.138711 ], [ 21.032667, 52.138639 ], [ 21.034673, 52.136355 ], [ 21.032462, 52.134145 ], [ 21.028246, 52.134218 ], [ 21.02624, 52.136501 ] ] ] } },
{ "type": "Feature", "properties": { "fid": 1240, "hex_id": 1239 }, "geometry": { "type": "Polygon", "coordinates": [ [ [ 21.026036, 52.132007 ], [ 21.028246, 52.134218 ], [ 21.032462, 52.134145 ], [ 21.034468, 52.131862 ], [ 21.032258, 52.129651 ], [ 21.028042, 52.129724 ], [ 21.026036, 52.132007 ] ] ] } },
{ "type": "Feature", "properties": { "fid": 1241, "hex_id": 1240 }, "geometry": { "type": "Polygon", "coordinates": [ [ [ 21.025832, 52.127513 ], [ 21.028042, 52.129724 ], [ 21.032258, 52.129651 ], [ 21.034263, 52.127368 ], [ 21.032053, 52.125157 ], [ 21.027838, 52.12523 ], [ 21.025832, 52.127513 ] ] ] } },
{ "type": "Feature", "properties": { "fid": 1242, "hex_id": 1241 }, "geometry": { "type": "Polygon", "coordinates": [ [ [ 21.025628, 52.123019 ], [ 21.027838, 52.12523 ], [ 21.032053, 52.125157 ], [ 21.034059, 52.122874 ], [ 21.031849, 52.120663 ], [ 21.027634, 52.120736 ], [ 21.025628, 52.123019 ] ] ] } },
{ "type": "Feature", "properties": { "fid": 1243, "hex_id": 1242 }, "geometry": { "type": "Polygon", "coordinates": [ [ [ 21.025424, 52.118525 ], [ 21.027634, 52.120736 ], [ 21.031849, 52.120663 ], [ 21.033854, 52.11838 ], [ 21.031644, 52.116169 ], [ 21.02743, 52.116242 ], [ 21.025424, 52.118525 ] ] ] } },
{ "type": "Feature", "properties": { "fid": 1244, "hex_id": 1243 }, "geometry": { "type": "Polygon", "coordinates": [ [ [ 21.025221, 52.114031 ], [ 21.02743, 52.116242 ], [ 21.031644, 52.116169 ], [ 21.033649, 52.113886 ], [ 21.03144, 52.111675 ], [ 21.027226, 52.111748 ], [ 21.025221, 52.114031 ] ] ] } },
{ "type": "Feature", "properties": { "fid": 1245, "hex_id": 1244 }, "geometry": { "type": "Polygon", "coordinates": [ [ [ 21.025017, 52.109537 ], [ 21.027226, 52.111748 ], [ 21.03144, 52.111675 ], [ 21.033445, 52.109392 ], [ 21.031236, 52.107181 ], [ 21.027022, 52.107254 ], [ 21.025017, 52.109537 ] ] ] } },
{ "type": "Feature", "properties": { "fid": 1246, "hex_id": 1245 }, "geometry": { "type": "Polygon", "coordinates": [ [ [ 21.024813, 52.105043 ], [ 21.027022, 52.107254 ], [ 21.031236, 52.107181 ], [ 21.03324, 52.104898 ], [ 21.031032, 52.102688 ], [ 21.026818, 52.10276 ], [ 21.024813, 52.105043 ] ] ] } },
{ "type": "Feature", "properties": { "fid": 1247, "hex_id": 1246 }, "geometry": { "type": "Polygon", "coordinates": [ [ [ 21.042967, 52.363328 ], [ 21.04519, 52.365538 ], [ 21.049428, 52.365465 ], [ 21.051443, 52.363181 ], [ 21.04922, 52.360971 ], [ 21.044982, 52.361045 ], [ 21.042967, 52.363328 ] ] ] } },
{ "type": "Feature", "properties": { "fid": 1248, "hex_id": 1247 }, "geometry": { "type": "Polygon", "coordinates": [ [ [ 21.042759, 52.358835 ], [ 21.044982, 52.361045 ], [ 21.04922, 52.360971 ], [ 21.051235, 52.358688 ], [ 21.049012, 52.356478 ], [ 21.044774, 52.356551 ], [ 21.042759, 52.358835 ] ] ] } },
{ "type": "Feature", "properties": { "fid": 1249, "hex_id": 1248 }, "geometry": { "type": "Polygon", "coordinates": [ [ [ 21.042552, 52.354341 ], [ 21.044774, 52.356551 ], [ 21.049012, 52.356478 ], [ 21.051026, 52.354194 ], [ 21.048804, 52.351984 ], [ 21.044567, 52.352057 ], [ 21.042552, 52.354341 ] ] ] } },
{ "type": "Feature", "properties": { "fid": 1250, "hex_id": 1249 }, "geometry": { "type": "Polygon", "coordinates": [ [ [ 21.042345, 52.349847 ], [ 21.044567, 52.352057 ], [ 21.048804, 52.351984 ], [ 21.050818, 52.3497 ], [ 21.048596, 52.34749 ], [ 21.04436, 52.347564 ], [ 21.042345, 52.349847 ] ] ] } },
{ "type": "Feature", "properties": { "fid": 1251, "hex_id": 1250 }, "geometry": { "type": "Polygon", "coordinates": [ [ [ 21.042138, 52.345353 ], [ 21.04436, 52.347564 ], [ 21.048596, 52.34749 ], [ 21.05061, 52.345207 ], [ 21.048388, 52.342997 ], [ 21.044152, 52.34307 ], [ 21.042138, 52.345353 ] ] ] } },
{ "type": "Feature", "properties": { "fid": 1252, "hex_id": 1251 }, "geometry": { "type": "Polygon", "coordinates": [ [ [ 21.041931, 52.34086 ], [ 21.044152, 52.34307 ], [ 21.048388, 52.342997 ], [ 21.050402, 52.340713 ], [ 21.048181, 52.338503 ], [ 21.043945, 52.338576 ], [ 21.041931, 52.34086 ] ] ] } },
{ "type": "Feature", "properties": { "fid": 1253, "hex_id": 1252 }, "geometry": { "type": "Polygon", "coordinates": [ [ [ 21.041724, 52.336366 ], [ 21.043945, 52.338576 ], [ 21.048181, 52.338503 ], [ 21.050194, 52.336219 ], [ 21.047973, 52.334009 ], [ 21.043738, 52.334083 ], [ 21.041724, 52.336366 ] ] ] } },
{ "type": "Feature", "properties": { "fid": 1254, "hex_id": 1253 }, "geometry": { "type": "Polygon", "coordinates": [ [ [ 21.041517, 52.331872 ], [ 21.043738, 52.334083 ], [ 21.047973, 52.334009 ], [ 21.049987, 52.331726 ], [ 21.047765, 52.329516 ], [ 21.043531, 52.329589 ], [ 21.041517, 52.331872 ] ] ] } },
{ "type": "Feature", "properties": { "fid": 1255, "hex_id": 1254 }, "geometry": { "type": "Polygon", "coordinates": [ [ [ 21.04131, 52.327379 ], [ 21.043531, 52.329589 ], [ 21.047765, 52.329516 ], [ 21.049779, 52.327232 ], [ 21.047558, 52.325022 ], [ 21.043323, 52.325095 ], [ 21.04131, 52.327379 ] ] ] } },
{ "type": "Feature", "properties": { "fid": 1256, "hex_id": 1255 }, "geometry": { "type": "Polygon", "coordinates": [ [ [ 21.041103, 52.322885 ], [ 21.043323, 52.325095 ], [ 21.047558, 52.325022 ], [ 21.049571, 52.322738 ], [ 21.04735, 52.320528 ], [ 21.043116, 52.320601 ], [ 21.041103, 52.322885 ] ] ] } },
{ "type": "Feature", "properties": { "fid": 1257, "hex_id": 1256 }, "geometry": { "type": "Polygon", "coordinates": [ [ [ 21.040896, 52.318391 ], [ 21.043116, 52.320601 ], [ 21.04735, 52.320528 ], [ 21.049363, 52.318245 ], [ 21.047143, 52.316034 ], [ 21.042909, 52.316108 ], [ 21.040896, 52.318391 ] ] ] } },
{ "type": "Feature", "properties": { "fid": 1258, "hex_id": 1257 }, "geometry": { "type": "Polygon", "coordinates": [ [ [ 21.040689, 52.313897 ], [ 21.042909, 52.316108 ], [ 21.047143, 52.316034 ], [ 21.049156, 52.313751 ], [ 21.046935, 52.311541 ], [ 21.042702, 52.311614 ], [ 21.040689, 52.313897 ] ] ] } },
{ "type": "Feature", "properties": { "fid": 1259, "hex_id": 1258 }, "geometry": { "type": "Polygon", "coordinates": [ [ [ 21.040482, 52.309404 ], [ 21.042702, 52.311614 ], [ 21.046935, 52.311541 ], [ 21.048948, 52.309257 ], [ 21.046728, 52.307047 ], [ 21.042495, 52.30712 ], [ 21.040482, 52.309404 ] ] ] } },
{ "type": "Feature", "properties": { "fid": 1260, "hex_id": 1259 }, "geometry": { "type": "Polygon", "coordinates": [ [ [ 21.040276, 52.30491 ], [ 21.042495, 52.30712 ], [ 21.046728, 52.307047 ], [ 21.048741, 52.304763 ], [ 21.046521, 52.302553 ], [ 21.042289, 52.302627 ], [ 21.040276, 52.30491 ] ] ] } },
{ "type": "Feature", "properties": { "fid": 1261, "hex_id": 1260 }, "geometry": { "type": "Polygon", "coordinates": [ [ [ 21.040069, 52.300416 ], [ 21.042289, 52.302627 ], [ 21.046521, 52.302553 ], [ 21.048533, 52.30027 ], [ 21.046314, 52.29806 ], [ 21.042082, 52.298133 ], [ 21.040069, 52.300416 ] ] ] } },
{ "type": "Feature", "properties": { "fid": 1262, "hex_id": 1261 }, "geometry": { "type": "Polygon", "coordinates": [ [ [ 21.039863, 52.295922 ], [ 21.042082, 52.298133 ], [ 21.046314, 52.29806 ], [ 21.048326, 52.295776 ], [ 21.046106, 52.293566 ], [ 21.041875, 52.293639 ], [ 21.039863, 52.295922 ] ] ] } },
{ "type": "Feature", "properties": { "fid": 1263, "hex_id": 1262 }, "geometry": { "type": "Polygon", "coordinates": [ [ [ 21.039656, 52.291429 ], [ 21.041875, 52.293639 ], [ 21.046106, 52.293566 ], [ 21.048118, 52.291282 ], [ 21.045899, 52.289072 ], [ 21.041668, 52.289145 ], [ 21.039656, 52.291429 ] ] ] } },
{ "type": "Feature", "properties": { "fid": 1264, "hex_id": 1263 }, "geometry": { "type": "Polygon", "coordinates": [ [ [ 21.03945, 52.286935 ], [ 21.041668, 52.289145 ], [ 21.045899, 52.289072 ], [ 21.047911, 52.286789 ], [ 21.045692, 52.284578 ], [ 21.041462, 52.284652 ], [ 21.03945, 52.286935 ] ] ] } },
{ "type": "Feature", "properties": { "fid": 1265, "hex_id": 1264 }, "geometry": { "type": "Polygon", "coordinates": [ [ [ 21.039243, 52.282441 ], [ 21.041462, 52.284652 ], [ 21.045692, 52.284578 ], [ 21.047704, 52.282295 ], [ 21.045485, 52.280085 ], [ 21.041255, 52.280158 ], [ 21.039243, 52.282441 ] ] ] } },
{ "type": "Feature", "properties": { "fid": 1266, "hex_id": 1265 }, "geometry": { "type": "Polygon", "coordinates": [ [ [ 21.039037, 52.277947 ], [ 21.041255, 52.280158 ], [ 21.045485, 52.280085 ], [ 21.047497, 52.277801 ], [ 21.045278, 52.275591 ], [ 21.041049, 52.275664 ], [ 21.039037, 52.277947 ] ] ] } },
{ "type": "Feature", "properties": { "fid": 1267, "hex_id": 1266 }, "geometry": { "type": "Polygon", "coordinates": [ [ [ 21.038831, 52.273454 ], [ 21.041049, 52.275664 ], [ 21.045278, 52.275591 ], [ 21.047289, 52.273307 ], [ 21.045071, 52.271097 ], [ 21.040842, 52.27117 ], [ 21.038831, 52.273454 ] ] ] } },
{ "type": "Feature", "properties": { "fid": 1268, "hex_id": 1267 }, "geometry": { "type": "Polygon", "coordinates": [ [ [ 21.038624, 52.26896 ], [ 21.040842, 52.27117 ], [ 21.045071, 52.271097 ], [ 21.047082, 52.268814 ], [ 21.044864, 52.266603 ], [ 21.040636, 52.266676 ], [ 21.038624, 52.26896 ] ] ] } },
{ "type": "Feature", "properties": { "fid": 1269, "hex_id": 1268 }, "geometry": { "type": "Polygon", "coordinates": [ [ [ 21.038418, 52.264466 ], [ 21.040636, 52.266676 ], [ 21.044864, 52.266603 ], [ 21.046875, 52.26432 ], [ 21.044658, 52.26211 ], [ 21.040429, 52.262183 ], [ 21.038418, 52.264466 ] ] ] } },
{ "type": "Feature", "properties": { "fid": 1270, "hex_id": 1269 }, "geometry": { "type": "Polygon", "coordinates": [ [ [ 21.038212, 52.259972 ], [ 21.040429, 52.262183 ], [ 21.044658, 52.26211 ], [ 21.046668, 52.259826 ], [ 21.044451, 52.257616 ], [ 21.040223, 52.257689 ], [ 21.038212, 52.259972 ] ] ] } },
{ "type": "Feature", "properties": { "fid": 1271, "hex_id": 1270 }, "geometry": { "type": "Polygon", "coordinates": [ [ [ 21.038006, 52.255479 ], [ 21.040223, 52.257689 ], [ 21.044451, 52.257616 ], [ 21.046461, 52.255332 ], [ 21.044244, 52.253122 ], [ 21.040017, 52.253195 ], [ 21.038006, 52.255479 ] ] ] } },
{ "type": "Feature", "properties": { "fid": 1272, "hex_id": 1271 }, "geometry": { "type": "Polygon", "coordinates": [ [ [ 21.0378, 52.250985 ], [ 21.040017, 52.253195 ], [ 21.044244, 52.253122 ], [ 21.046254, 52.250839 ], [ 21.044038, 52.248628 ], [ 21.039811, 52.248701 ], [ 21.0378, 52.250985 ] ] ] } },
{ "type": "Feature", "properties": { "fid": 1273, "hex_id": 1272 }, "geometry": { "type": "Polygon", "coordinates": [ [ [ 21.037594, 52.246491 ], [ 21.039811, 52.248701 ], [ 21.044038, 52.248628 ], [ 21.046048, 52.246345 ], [ 21.043831, 52.244134 ], [ 21.039604, 52.244208 ], [ 21.037594, 52.246491 ] ] ] } },
{ "type": "Feature", "properties": { "fid": 1274, "hex_id": 1273 }, "geometry": { "type": "Polygon", "coordinates": [ [ [ 21.037388, 52.241997 ], [ 21.039604, 52.244208 ], [ 21.043831, 52.244134 ], [ 21.045841, 52.241851 ], [ 21.043624, 52.239641 ], [ 21.039398, 52.239714 ], [ 21.037388, 52.241997 ] ] ] } },
{ "type": "Feature", "properties": { "fid": 1275, "hex_id": 1274 }, "geometry": { "type": "Polygon", "coordinates": [ [ [ 21.037182, 52.237503 ], [ 21.039398, 52.239714 ], [ 21.043624, 52.239641 ], [ 21.045634, 52.237357 ], [ 21.043418, 52.235147 ], [ 21.039192, 52.23522 ], [ 21.037182, 52.237503 ] ] ] } },
{ "type": "Feature", "properties": { "fid": 1276, "hex_id": 1275 }, "geometry": { "type": "Polygon", "coordinates": [ [ [ 21.036976, 52.23301 ], [ 21.039192, 52.23522 ], [ 21.043418, 52.235147 ], [ 21.045428, 52.232863 ], [ 21.043212, 52.230653 ], [ 21.038986, 52.230726 ], [ 21.036976, 52.23301 ] ] ] } },
{ "type": "Feature", "properties": { "fid": 1277, "hex_id": 1276 }, "geometry": { "type": "Polygon", "coordinates": [ [ [ 21.036771, 52.228516 ], [ 21.038986, 52.230726 ], [ 21.043212, 52.230653 ], [ 21.045221, 52.22837 ], [ 21.043005, 52.226159 ], [ 21.03878, 52.226232 ], [ 21.036771, 52.228516 ] ] ] } },
{ "type": "Feature", "properties": { "fid": 1278, "hex_id": 1277 }, "geometry": { "type": "Polygon", "coordinates": [ [ [ 21.036565, 52.224022 ], [ 21.03878, 52.226232 ], [ 21.043005, 52.226159 ], [ 21.045014, 52.223876 ], [ 21.042799, 52.221666 ], [ 21.038574, 52.221739 ], [ 21.036565, 52.224022 ] ] ] } },
{ "type": "Feature", "properties": { "fid": 1279, "hex_id": 1278 }, "geometry": { "type": "Polygon", "coordinates": [ [ [ 21.036359, 52.219528 ], [ 21.038574, 52.221739 ], [ 21.042799, 52.221666 ], [ 21.044808, 52.219382 ], [ 21.042593, 52.217172 ], [ 21.038369, 52.217245 ], [ 21.036359, 52.219528 ] ] ] } },
{ "type": "Feature", "properties": { "fid": 1280, "hex_id": 1279 }, "geometry": { "type": "Polygon", "coordinates": [ [ [ 21.036154, 52.215034 ], [ 21.038369, 52.217245 ], [ 21.042593, 52.217172 ], [ 21.044601, 52.214888 ], [ 21.042386, 52.212678 ], [ 21.038163, 52.212751 ], [ 21.036154, 52.215034 ] ] ] } },
{ "type": "Feature", "properties": { "fid": 1281, "hex_id": 1280 }, "geometry": { "type": "Polygon", "coordinates": [ [ [ 21.035948, 52.210541 ], [ 21.038163, 52.212751 ], [ 21.042386, 52.212678 ], [ 21.044395, 52.210394 ], [ 21.04218, 52.208184 ], [ 21.037957, 52.208257 ], [ 21.035948, 52.210541 ] ] ] } },
{ "type": "Feature", "properties": { "fid": 1282, "hex_id": 1281 }, "geometry": { "type": "Polygon", "coordinates": [ [ [ 21.035743, 52.206047 ], [ 21.037957, 52.208257 ], [ 21.04218, 52.208184 ], [ 21.044189, 52.205901 ], [ 21.041974, 52.20369 ], [ 21.037751, 52.203763 ], [ 21.035743, 52.206047 ] ] ] } },
{ "type": "Feature", "properties": { "fid": 1283, "hex_id": 1282 }, "geometry": { "type": "Polygon", "coordinates": [ [ [ 21.035537, 52.201553 ], [ 21.037751, 52.203763 ], [ 21.041974, 52.20369 ], [ 21.043982, 52.201407 ], [ 21.041768, 52.199196 ], [ 21.037546, 52.199269 ], [ 21.035537, 52.201553 ] ] ] } },
{ "type": "Feature", "properties": { "fid": 1284, "hex_id": 1283 }, "geometry": { "type": "Polygon", "coordinates": [ [ [ 21.035332, 52.197059 ], [ 21.037546, 52.199269 ], [ 21.041768, 52.199196 ], [ 21.043776, 52.196913 ], [ 21.041562, 52.194703 ], [ 21.03734, 52.194776 ], [ 21.035332, 52.197059 ] ] ] } },
{ "type": "Feature", "properties": { "fid": 1285, "hex_id": 1284 }, "geometry": { "type": "Polygon", "coordinates": [ [ [ 21.035127, 52.192565 ], [ 21.03734, 52.194776 ], [ 21.041562, 52.194703 ], [ 21.04357, 52.192419 ], [ 21.041356, 52.190209 ], [ 21.037135, 52.190282 ], [ 21.035127, 52.192565 ] ] ] } },
{ "type": "Feature", "properties": { "fid": 1286, "hex_id": 1285 }, "geometry": { "type": "Polygon", "coordinates": [ [ [ 21.034921, 52.188071 ], [ 21.037135, 52.190282 ], [ 21.041356, 52.190209 ], [ 21.043364, 52.187925 ], [ 21.04115, 52.185715 ], [ 21.036929, 52.185788 ], [ 21.034921, 52.188071 ] ] ] } },
{ "type": "Feature", "properties": { "fid": 1287, "hex_id": 1286 }, "geometry": { "type": "Polygon", "coordinates": [ [ [ 21.034716, 52.183577 ], [ 21.036929, 52.185788 ], [ 21.04115, 52.185715 ], [ 21.043158, 52.183432 ], [ 21.040945, 52.181221 ], [ 21.036724, 52.181294 ], [ 21.034716, 52.183577 ] ] ] } },
{ "type": "Feature", "properties": { "fid": 1288, "hex_id": 1287 }, "geometry": { "type": "Polygon", "coordinates": [ [ [ 21.034511, 52.179084 ], [ 21.036724, 52.181294 ], [ 21.040945, 52.181221 ], [ 21.042952, 52.178938 ], [ 21.040739, 52.176727 ], [ 21.036519, 52.1768 ], [ 21.034511, 52.179084 ] ] ] } },
{ "type": "Feature", "properties": { "fid": 1289, "hex_id": 1288 }, "geometry": { "type": "Polygon", "coordinates": [ [ [ 21.034306, 52.17459 ], [ 21.036519, 52.1768 ], [ 21.040739, 52.176727 ], [ 21.042746, 52.174444 ], [ 21.040533, 52.172234 ], [ 21.036313, 52.172306 ], [ 21.034306, 52.17459 ] ] ] } },
{ "type": "Feature", "properties": { "fid": 1290, "hex_id": 1289 }, "geometry": { "type": "Polygon", "coordinates": [ [ [ 21.034101, 52.170096 ], [ 21.036313, 52.172306 ], [ 21.040533, 52.172234 ], [ 21.04254, 52.16995 ], [ 21.040327, 52.16774 ], [ 21.036108, 52.167813 ], [ 21.034101, 52.170096 ] ] ] } },
{ "type": "Feature", "properties": { "fid": 1291, "hex_id": 1290 }, "geometry": { "type": "Polygon", "coordinates": [ [ [ 21.033896, 52.165602 ], [ 21.036108, 52.167813 ], [ 21.040327, 52.16774 ], [ 21.042334, 52.165456 ], [ 21.040122, 52.163246 ], [ 21.035903, 52.163319 ], [ 21.033896, 52.165602 ] ] ] } },
{ "type": "Feature", "properties": { "fid": 1292, "hex_id": 1291 }, "geometry": { "type": "Polygon", "coordinates": [ [ [ 21.033691, 52.161108 ], [ 21.035903, 52.163319 ], [ 21.040122, 52.163246 ], [ 21.042128, 52.160962 ], [ 21.039916, 52.158752 ], [ 21.035698, 52.158825 ], [ 21.033691, 52.161108 ] ] ] } },
{ "type": "Feature", "properties": { "fid": 1293, "hex_id": 1292 }, "geometry": { "type": "Polygon", "coordinates": [ [ [ 21.033486, 52.156614 ], [ 21.035698, 52.158825 ], [ 21.039916, 52.158752 ], [ 21.041923, 52.156469 ], [ 21.039711, 52.154258 ], [ 21.035493, 52.154331 ], [ 21.033486, 52.156614 ] ] ] } },
{ "type": "Feature", "properties": { "fid": 1294, "hex_id": 1293 }, "geometry": { "type": "Polygon", "coordinates": [ [ [ 21.033281, 52.15212 ], [ 21.035493, 52.154331 ], [ 21.039711, 52.154258 ], [ 21.041717, 52.151975 ], [ 21.039505, 52.149764 ], [ 21.035288, 52.149837 ], [ 21.033281, 52.15212 ] ] ] } },
{ "type": "Feature", "properties": { "fid": 1295, "hex_id": 1294 }, "geometry": { "type": "Polygon", "coordinates": [ [ [ 21.033076, 52.147627 ], [ 21.035288, 52.149837 ], [ 21.039505, 52.149764 ], [ 21.041511, 52.147481 ], [ 21.0393, 52.14527 ], [ 21.035083, 52.145343 ], [ 21.033076, 52.147627 ] ] ] } },
{ "type": "Feature", "properties": { "fid": 1296, "hex_id": 1295 }, "geometry": { "type": "Polygon", "coordinates": [ [ [ 21.032872, 52.143133 ], [ 21.035083, 52.145343 ], [ 21.0393, 52.14527 ], [ 21.041306, 52.142987 ], [ 21.039095, 52.140777 ], [ 21.034878, 52.140849 ], [ 21.032872, 52.143133 ] ] ] } },
{ "type": "Feature", "properties": { "fid": 1297, "hex_id": 1296 }, "geometry": { "type": "Polygon", "coordinates": [ [ [ 21.032667, 52.138639 ], [ 21.034878, 52.140849 ], [ 21.039095, 52.140777 ], [ 21.0411, 52.138493 ], [ 21.038889, 52.136283 ], [ 21.034673, 52.136355 ], [ 21.032667, 52.138639 ] ] ] } },
{ "type": "Feature", "properties": { "fid": 1298, "hex_id": 1297 }, "geometry": { "type": "Polygon", "coordinates": [ [ [ 21.032462, 52.134145 ], [ 21.034673, 52.136355 ], [ 21.038889, 52.136283 ], [ 21.040895, 52.133999 ], [ 21.038684, 52.131789 ], [ 21.034468, 52.131862 ], [ 21.032462, 52.134145 ] ] ] } },
{ "type": "Feature", "properties": { "fid": 1299, "hex_id": 1298 }, "geometry": { "type": "Polygon", "coordinates": [ [ [ 21.032258, 52.129651 ], [ 21.034468, 52.131862 ], [ 21.038684, 52.131789 ], [ 21.040689, 52.129505 ], [ 21.038479, 52.127295 ], [ 21.034263, 52.127368 ], [ 21.032258, 52.129651 ] ] ] } },
{ "type": "Feature", "properties": { "fid": 1300, "hex_id": 1299 }, "geometry": { "type": "Polygon", "coordinates": [ [ [ 21.032053, 52.125157 ], [ 21.034263, 52.127368 ], [ 21.038479, 52.127295 ], [ 21.040484, 52.125011 ], [ 21.038274, 52.122801 ], [ 21.034059, 52.122874 ], [ 21.032053, 52.125157 ] ] ] } },
{ "type": "Feature", "properties": { "fid": 1301, "hex_id": 1300 }, "geometry": { "type": "Polygon", "coordinates": [ [ [ 21.031849, 52.120663 ], [ 21.034059, 52.122874 ], [ 21.038274, 52.122801 ], [ 21.040279, 52.120518 ], [ 21.038069, 52.118307 ], [ 21.033854, 52.11838 ], [ 21.031849, 52.120663 ] ] ] } },
{ "type": "Feature", "properties": { "fid": 1302, "hex_id": 1301 }, "geometry": { "type": "Polygon", "coordinates": [ [ [ 21.031644, 52.116169 ], [ 21.033854, 52.11838 ], [ 21.038069, 52.118307 ], [ 21.040073, 52.116024 ], [ 21.037864, 52.113813 ], [ 21.033649, 52.113886 ], [ 21.031644, 52.116169 ] ] ] } },
{ "type": "Feature", "properties": { "fid": 1303, "hex_id": 1302 }, "geometry": { "type": "Polygon", "coordinates": [ [ [ 21.03144, 52.111675 ], [ 21.033649, 52.113886 ], [ 21.037864, 52.113813 ], [ 21.039868, 52.11153 ], [ 21.037659, 52.109319 ], [ 21.033445, 52.109392 ], [ 21.03144, 52.111675 ] ] ] } },
{ "type": "Feature", "properties": { "fid": 1304, "hex_id": 1303 }, "geometry": { "type": "Polygon", "coordinates": [ [ [ 21.031236, 52.107181 ], [ 21.033445, 52.109392 ], [ 21.037659, 52.109319 ], [ 21.039663, 52.107036 ], [ 21.037454, 52.104825 ], [ 21.03324, 52.104898 ], [ 21.031236, 52.107181 ] ] ] } },
{ "type": "Feature", "properties": { "fid": 1305, "hex_id": 1304 }, "geometry": { "type": "Polygon", "coordinates": [ [ [ 21.04922, 52.360971 ], [ 21.051443, 52.363181 ], [ 21.055681, 52.363108 ], [ 21.057695, 52.360824 ], [ 21.055472, 52.358614 ], [ 21.051235, 52.358688 ], [ 21.04922, 52.360971 ] ] ] } },
{ "type": "Feature", "properties": { "fid": 1306, "hex_id": 1305 }, "geometry": { "type": "Polygon", "coordinates": [ [ [ 21.049012, 52.356478 ], [ 21.051235, 52.358688 ], [ 21.055472, 52.358614 ], [ 21.057486, 52.35633 ], [ 21.055263, 52.35412 ], [ 21.051026, 52.354194 ], [ 21.049012, 52.356478 ] ] ] } },
{ "type": "Feature", "properties": { "fid": 1307, "hex_id": 1306 }, "geometry": { "type": "Polygon", "coordinates": [ [ [ 21.048804, 52.351984 ], [ 21.051026, 52.354194 ], [ 21.055263, 52.35412 ], [ 21.057278, 52.351837 ], [ 21.055055, 52.349627 ], [ 21.050818, 52.3497 ], [ 21.048804, 52.351984 ] ] ] } },
{ "type": "Feature", "properties": { "fid": 1308, "hex_id": 1307 }, "geometry": { "type": "Polygon", "coordinates": [ [ [ 21.048596, 52.34749 ], [ 21.050818, 52.3497 ], [ 21.055055, 52.349627 ], [ 21.057069, 52.347343 ], [ 21.054847, 52.345133 ], [ 21.05061, 52.345207 ], [ 21.048596, 52.34749 ] ] ] } },
{ "type": "Feature", "properties": { "fid": 1309, "hex_id": 1308 }, "geometry": { "type": "Polygon", "coordinates": [ [ [ 21.048388, 52.342997 ], [ 21.05061, 52.345207 ], [ 21.054847, 52.345133 ], [ 21.05686, 52.342849 ], [ 21.054638, 52.340639 ], [ 21.050402, 52.340713 ], [ 21.048388, 52.342997 ] ] ] } },
{ "type": "Feature", "properties": { "fid": 1310, "hex_id": 1309 }, "geometry": { "type": "Polygon", "coordinates": [ [ [ 21.048181, 52.338503 ], [ 21.050402, 52.340713 ], [ 21.054638, 52.340639 ], [ 21.056652, 52.338356 ], [ 21.05443, 52.336146 ], [ 21.050194, 52.336219 ], [ 21.048181, 52.338503 ] ] ] } },
{ "type": "Feature", "properties": { "fid": 1311, "hex_id": 1310 }, "geometry": { "type": "Polygon", "coordinates": [ [ [ 21.047973, 52.334009 ], [ 21.050194, 52.336219 ], [ 21.05443, 52.336146 ], [ 21.056443, 52.333862 ], [ 21.054221, 52.331652 ], [ 21.049987, 52.331726 ], [ 21.047973, 52.334009 ] ] ] } },
{ "type": "Feature", "properties": { "fid": 1312, "hex_id": 1311 }, "geometry": { "type": "Polygon", "coordinates": [ [ [ 21.047765, 52.329516 ], [ 21.049987, 52.331726 ], [ 21.054221, 52.331652 ], [ 21.056235, 52.329368 ], [ 21.054013, 52.327158 ], [ 21.049779, 52.327232 ], [ 21.047765, 52.329516 ] ] ] } },
{ "type": "Feature", "properties": { "fid": 1313, "hex_id": 1312 }, "geometry": { "type": "Polygon", "coordinates": [ [ [ 21.047558, 52.325022 ], [ 21.049779, 52.327232 ], [ 21.054013, 52.327158 ], [ 21.056026, 52.324875 ], [ 21.053805, 52.322665 ], [ 21.049571, 52.322738 ], [ 21.047558, 52.325022 ] ] ] } },
{ "type": "Feature", "properties": { "fid": 1314, "hex_id": 1313 }, "geometry": { "type": "Polygon", "coordinates": [ [ [ 21.04735, 52.320528 ], [ 21.049571, 52.322738 ], [ 21.053805, 52.322665 ], [ 21.055818, 52.320381 ], [ 21.053597, 52.318171 ], [ 21.049363, 52.318245 ], [ 21.04735, 52.320528 ] ] ] } },
{ "type": "Feature", "properties": { "fid": 1315, "hex_id": 1314 }, "geometry": { "type": "Polygon", "coordinates": [ [ [ 21.047143, 52.316034 ], [ 21.049363, 52.318245 ], [ 21.053597, 52.318171 ], [ 21.05561, 52.315887 ], [ 21.053389, 52.313677 ], [ 21.049156, 52.313751 ], [ 21.047143, 52.316034 ] ] ] } },
{ "type": "Feature", "properties": { "fid": 1316, "hex_id": 1315 }, "geometry": { "type": "Polygon", "coordinates": [ [ [ 21.046935, 52.311541 ], [ 21.049156, 52.313751 ], [ 21.053389, 52.313677 ], [ 21.055401, 52.311394 ], [ 21.053181, 52.309184 ], [ 21.048948, 52.309257 ], [ 21.046935, 52.311541 ] ] ] } },
{ "type": "Feature", "properties": { "fid": 1317, "hex_id": 1316 }, "geometry": { "type": "Polygon", "coordinates": [ [ [ 21.046728, 52.307047 ], [ 21.048948, 52.309257 ], [ 21.053181, 52.309184 ], [ 21.055193, 52.3069 ], [ 21.052973, 52.30469 ], [ 21.048741, 52.304763 ], [ 21.046728, 52.307047 ] ] ] } },
{ "type": "Feature", "properties": { "fid": 1318, "hex_id": 1317 }, "geometry": { "type": "Polygon", "coordinates": [ [ [ 21.046521, 52.302553 ], [ 21.048741, 52.304763 ], [ 21.052973, 52.30469 ], [ 21.054985, 52.302406 ], [ 21.052765, 52.300196 ], [ 21.048533, 52.30027 ], [ 21.046521, 52.302553 ] ] ] } },
{ "type": "Feature", "properties": { "fid": 1319, "hex_id": 1318 }, "geometry": { "type": "Polygon", "coordinates": [ [ [ 21.046314, 52.29806 ], [ 21.048533, 52.30027 ], [ 21.052765, 52.300196 ], [ 21.054777, 52.297913 ], [ 21.052557, 52.295702 ], [ 21.048326, 52.295776 ], [ 21.046314, 52.29806 ] ] ] } },
{ "type": "Feature", "properties": { "fid": 1320, "hex_id": 1319 }, "geometry": { "type": "Polygon", "coordinates": [ [ [ 21.046106, 52.293566 ], [ 21.048326, 52.295776 ], [ 21.052557, 52.295702 ], [ 21.054569, 52.293419 ], [ 21.052349, 52.291209 ], [ 21.048118, 52.291282 ], [ 21.046106, 52.293566 ] ] ] } },
{ "type": "Feature", "properties": { "fid": 1321, "hex_id": 1320 }, "geometry": { "type": "Polygon", "coordinates": [ [ [ 21.045899, 52.289072 ], [ 21.048118, 52.291282 ], [ 21.052349, 52.291209 ], [ 21.054361, 52.288925 ], [ 21.052142, 52.286715 ], [ 21.047911, 52.286789 ], [ 21.045899, 52.289072 ] ] ] } },
{ "type": "Feature", "properties": { "fid": 1322, "hex_id": 1321 }, "geometry": { "type": "Polygon", "coordinates": [ [ [ 21.045692, 52.284578 ], [ 21.047911, 52.286789 ], [ 21.052142, 52.286715 ], [ 21.054153, 52.284431 ], [ 21.051934, 52.282221 ], [ 21.047704, 52.282295 ], [ 21.045692, 52.284578 ] ] ] } },
{ "type": "Feature", "properties": { "fid": 1323, "hex_id": 1322 }, "geometry": { "type": "Polygon", "coordinates": [ [ [ 21.045485, 52.280085 ], [ 21.047704, 52.282295 ], [ 21.051934, 52.282221 ], [ 21.053945, 52.279938 ], [ 21.051726, 52.277728 ], [ 21.047497, 52.277801 ], [ 21.045485, 52.280085 ] ] ] } },
{ "type": "Feature", "properties": { "fid": 1324, "hex_id": 1323 }, "geometry": { "type": "Polygon", "coordinates": [ [ [ 21.045278, 52.275591 ], [ 21.047497, 52.277801 ], [ 21.051726, 52.277728 ], [ 21.053737, 52.275444 ], [ 21.051519, 52.273234 ], [ 21.047289, 52.273307 ], [ 21.045278, 52.275591 ] ] ] } },
{ "type": "Feature", "properties": { "fid": 1325, "hex_id": 1324 }, "geometry": { "type": "Polygon", "coordinates": [ [ [ 21.045071, 52.271097 ], [ 21.047289, 52.273307 ], [ 21.051519, 52.273234 ], [ 21.05353, 52.27095 ], [ 21.051311, 52.26874 ], [ 21.047082, 52.268814 ], [ 21.045071, 52.271097 ] ] ] } },
{ "type": "Feature", "properties": { "fid": 1326, "hex_id": 1325 }, "geometry": { "type": "Polygon", "coordinates": [ [ [ 21.044864, 52.266603 ], [ 21.047082, 52.268814 ], [ 21.051311, 52.26874 ], [ 21.053322, 52.266456 ], [ 21.051104, 52.264246 ], [ 21.046875, 52.26432 ], [ 21.044864, 52.266603 ] ] ] } },
{ "type": "Feature", "properties": { "fid": 1327, "hex_id": 1326 }, "geometry": { "type": "Polygon", "coordinates": [ [ [ 21.044658, 52.26211 ], [ 21.046875, 52.26432 ], [ 21.051104, 52.264246 ], [ 21.053114, 52.261963 ], [ 21.050896, 52.259753 ], [ 21.046668, 52.259826 ], [ 21.044658, 52.26211 ] ] ] } },
{ "type": "Feature", "properties": { "fid": 1328, "hex_id": 1327 }, "geometry": { "type": "Polygon", "coordinates": [ [ [ 21.044451, 52.257616 ], [ 21.046668, 52.259826 ], [ 21.050896, 52.259753 ], [ 21.052907, 52.257469 ], [ 21.050689, 52.255259 ], [ 21.046461, 52.255332 ], [ 21.044451, 52.257616 ] ] ] } },
{ "type": "Feature", "properties": { "fid": 1329, "hex_id": 1328 }, "geometry": { "type": "Polygon", "coordinates": [ [ [ 21.044244, 52.253122 ], [ 21.046461, 52.255332 ], [ 21.050689, 52.255259 ], [ 21.052699, 52.252975 ], [ 21.050482, 52.250765 ], [ 21.046254, 52.250839 ], [ 21.044244, 52.253122 ] ] ] } },
{ "type": "Feature", "properties": { "fid": 1330, "hex_id": 1329 }, "geometry": { "type": "Polygon", "coordinates": [ [ [ 21.044038, 52.248628 ], [ 21.046254, 52.250839 ], [ 21.050482, 52.250765 ], [ 21.052492, 52.248482 ], [ 21.050274, 52.246271 ], [ 21.046048, 52.246345 ], [ 21.044038, 52.248628 ] ] ] } },
{ "type": "Feature", "properties": { "fid": 1331, "hex_id": 1330 }, "geometry": { "type": "Polygon", "coordinates": [ [ [ 21.043831, 52.244134 ], [ 21.046048, 52.246345 ], [ 21.050274, 52.246271 ], [ 21.052284, 52.243988 ], [ 21.050067, 52.241778 ], [ 21.045841, 52.241851 ], [ 21.043831, 52.244134 ] ] ] } },
{ "type": "Feature", "properties": { "fid": 1332, "hex_id": 1331 }, "geometry": { "type": "Polygon", "coordinates": [ [ [ 21.043624, 52.239641 ], [ 21.045841, 52.241851 ], [ 21.050067, 52.241778 ], [ 21.052077, 52.239494 ], [ 21.04986, 52.237284 ], [ 21.045634, 52.237357 ], [ 21.043624, 52.239641 ] ] ] } },
{ "type": "Feature", "properties": { "fid": 1333, "hex_id": 1332 }, "geometry": { "type": "Polygon", "coordinates": [ [ [ 21.043418, 52.235147 ], [ 21.045634, 52.237357 ], [ 21.04986, 52.237284 ], [ 21.051869, 52.235 ], [ 21.049653, 52.23279 ], [ 21.045428, 52.232863 ], [ 21.043418, 52.235147 ] ] ] } },
{ "type": "Feature", "properties": { "fid": 1334, "hex_id": 1333 }, "geometry": { "type": "Polygon", "coordinates": [ [ [ 21.043212, 52.230653 ], [ 21.045428, 52.232863 ], [ 21.049653, 52.23279 ], [ 21.051662, 52.230506 ], [ 21.049446, 52.228296 ], [ 21.045221, 52.22837 ], [ 21.043212, 52.230653 ] ] ] } },
{ "type": "Feature", "properties": { "fid": 1335, "hex_id": 1334 }, "geometry": { "type": "Polygon", "coordinates": [ [ [ 21.043005, 52.226159 ], [ 21.045221, 52.22837 ], [ 21.049446, 52.228296 ], [ 21.051455, 52.226013 ], [ 21.049239, 52.223803 ], [ 21.045014, 52.223876 ], [ 21.043005, 52.226159 ] ] ] } },
{ "type": "Feature", "properties": { "fid": 1336, "hex_id": 1335 }, "geometry": { "type": "Polygon", "coordinates": [ [ [ 21.042799, 52.221666 ], [ 21.045014, 52.223876 ], [ 21.049239, 52.223803 ], [ 21.051248, 52.221519 ], [ 21.049032, 52.219309 ], [ 21.044808, 52.219382 ], [ 21.042799, 52.221666 ] ] ] } },
{ "type": "Feature", "properties": { "fid": 1337, "hex_id": 1336 }, "geometry": { "type": "Polygon", "coordinates": [ [ [ 21.042593, 52.217172 ], [ 21.044808, 52.219382 ], [ 21.049032, 52.219309 ], [ 21.051041, 52.217025 ], [ 21.048825, 52.214815 ], [ 21.044601, 52.214888 ], [ 21.042593, 52.217172 ] ] ] } },
{ "type": "Feature", "properties": { "fid": 1338, "hex_id": 1337 }, "geometry": { "type": "Polygon", "coordinates": [ [ [ 21.042386, 52.212678 ], [ 21.044601, 52.214888 ], [ 21.048825, 52.214815 ], [ 21.050834, 52.212531 ], [ 21.048618, 52.210321 ], [ 21.044395, 52.210394 ], [ 21.042386, 52.212678 ] ] ] } },
{ "type": "Feature", "properties": { "fid": 1339, "hex_id": 1338 }, "geometry": { "type": "Polygon", "coordinates": [ [ [ 21.04218, 52.208184 ], [ 21.044395, 52.210394 ], [ 21.048618, 52.210321 ], [ 21.050627, 52.208038 ], [ 21.048412, 52.205827 ], [ 21.044189, 52.205901 ], [ 21.04218, 52.208184 ] ] ] } },
{ "type": "Feature", "properties": { "fid": 1340, "hex_id": 1339 }, "geometry": { "type": "Polygon", "coordinates": [ [ [ 21.041974, 52.20369 ], [ 21.044189, 52.205901 ], [ 21.048412, 52.205827 ], [ 21.05042, 52.203544 ], [ 21.048205, 52.201334 ], [ 21.043982, 52.201407 ], [ 21.041974, 52.20369 ] ] ] } },
{ "type": "Feature", "properties": { "fid": 1341, "hex_id": 1340 }, "geometry": { "type": "Polygon", "coordinates": [ [ [ 21.041768, 52.199196 ], [ 21.043982, 52.201407 ], [ 21.048205, 52.201334 ], [ 21.050213, 52.19905 ], [ 21.047998, 52.19684 ], [ 21.043776, 52.196913 ], [ 21.041768, 52.199196 ] ] ] } },
{ "type": "Feature", "properties": { "fid": 1342, "hex_id": 1341 }, "geometry": { "type": "Polygon", "coordinates": [ [ [ 21.041562, 52.194703 ], [ 21.043776, 52.196913 ], [ 21.047998, 52.19684 ], [ 21.050006, 52.194556 ], [ 21.047792, 52.192346 ], [ 21.04357, 52.192419 ], [ 21.041562, 52.194703 ] ] ] } },
{ "type": "Feature", "properties": { "fid": 1343, "hex_id": 1342 }, "geometry": { "type": "Polygon", "coordinates": [ [ [ 21.041356, 52.190209 ], [ 21.04357, 52.192419 ], [ 21.047792, 52.192346 ], [ 21.049799, 52.190062 ], [ 21.047585, 52.187852 ], [ 21.043364, 52.187925 ], [ 21.041356, 52.190209 ] ] ] } },
{ "type": "Feature", "properties": { "fid": 1344, "hex_id": 1343 }, "geometry": { "type": "Polygon", "coordinates": [ [ [ 21.04115, 52.185715 ], [ 21.043364, 52.187925 ], [ 21.047585, 52.187852 ], [ 21.049592, 52.185569 ], [ 21.047379, 52.183358 ], [ 21.043158, 52.183432 ], [ 21.04115, 52.185715 ] ] ] } },
{ "type": "Feature", "properties": { "fid": 1345, "hex_id": 1344 }, "geometry": { "type": "Polygon", "coordinates": [ [ [ 21.040945, 52.181221 ], [ 21.043158, 52.183432 ], [ 21.047379, 52.183358 ], [ 21.049386, 52.181075 ], [ 21.047172, 52.178865 ], [ 21.042952, 52.178938 ], [ 21.040945, 52.181221 ] ] ] } },
{ "type": "Feature", "properties": { "fid": 1346, "hex_id": 1345 }, "geometry": { "type": "Polygon", "coordinates": [ [ [ 21.040739, 52.176727 ], [ 21.042952, 52.178938 ], [ 21.047172, 52.178865 ], [ 21.049179, 52.176581 ], [ 21.046966, 52.174371 ], [ 21.042746, 52.174444 ], [ 21.040739, 52.176727 ] ] ] } },
{ "type": "Feature", "properties": { "fid": 1347, "hex_id": 1346 }, "geometry": { "type": "Polygon", "coordinates": [ [ [ 21.040533, 52.172234 ], [ 21.042746, 52.174444 ], [ 21.046966, 52.174371 ], [ 21.048973, 52.172087 ], [ 21.04676, 52.169877 ], [ 21.04254, 52.16995 ], [ 21.040533, 52.172234 ] ] ] } },
{ "type": "Feature", "properties": { "fid": 1348, "hex_id": 1347 }, "geometry": { "type": "Polygon", "coordinates": [ [ [ 21.040327, 52.16774 ], [ 21.04254, 52.16995 ], [ 21.04676, 52.169877 ], [ 21.048766, 52.167593 ], [ 21.046553, 52.165383 ], [ 21.042334, 52.165456 ], [ 21.040327, 52.16774 ] ] ] } },
{ "type": "Feature", "properties": { "fid": 1349, "hex_id": 1348 }, "geometry": { "type": "Polygon", "coordinates": [ [ [ 21.040122, 52.163246 ], [ 21.042334, 52.165456 ], [ 21.046553, 52.165383 ], [ 21.04856, 52.1631 ], [ 21.046347, 52.160889 ], [ 21.042128, 52.160962 ], [ 21.040122, 52.163246 ] ] ] } },
{ "type": "Feature", "properties": { "fid": 1350, "hex_id": 1349 }, "geometry": { "type": "Polygon", "coordinates": [ [ [ 21.039916, 52.158752 ], [ 21.042128, 52.160962 ], [ 21.046347, 52.160889 ], [ 21.048353, 52.158606 ], [ 21.046141, 52.156395 ], [ 21.041923, 52.156469 ], [ 21.039916, 52.158752 ] ] ] } },
{ "type": "Feature", "properties": { "fid": 1351, "hex_id": 1350 }, "geometry": { "type": "Polygon", "coordinates": [ [ [ 21.039711, 52.154258 ], [ 21.041923, 52.156469 ], [ 21.046141, 52.156395 ], [ 21.048147, 52.154112 ], [ 21.045935, 52.151902 ], [ 21.041717, 52.151975 ], [ 21.039711, 52.154258 ] ] ] } },
{ "type": "Feature", "properties": { "fid": 1352, "hex_id": 1351 }, "geometry": { "type": "Polygon", "coordinates": [ [ [ 21.039505, 52.149764 ], [ 21.041717, 52.151975 ], [ 21.045935, 52.151902 ], [ 21.047941, 52.149618 ], [ 21.045729, 52.147408 ], [ 21.041511, 52.147481 ], [ 21.039505, 52.149764 ] ] ] } },
{ "type": "Feature", "properties": { "fid": 1353, "hex_id": 1352 }, "geometry": { "type": "Polygon", "coordinates": [ [ [ 21.0393, 52.14527 ], [ 21.041511, 52.147481 ], [ 21.045729, 52.147408 ], [ 21.047734, 52.145124 ], [ 21.045523, 52.142914 ], [ 21.041306, 52.142987 ], [ 21.0393, 52.14527 ] ] ] } },
{ "type": "Feature", "properties": { "fid": 1354, "hex_id": 1353 }, "geometry": { "type": "Polygon", "coordinates": [ [ [ 21.039095, 52.140777 ], [ 21.041306, 52.142987 ], [ 21.045523, 52.142914 ], [ 21.047528, 52.14063 ], [ 21.045317, 52.13842 ], [ 21.0411, 52.138493 ], [ 21.039095, 52.140777 ] ] ] } },
{ "type": "Feature", "properties": { "fid": 1355, "hex_id": 1354 }, "geometry": { "type": "Polygon", "coordinates": [ [ [ 21.038889, 52.136283 ], [ 21.0411, 52.138493 ], [ 21.045317, 52.13842 ], [ 21.047322, 52.136136 ], [ 21.045111, 52.133926 ], [ 21.040895, 52.133999 ], [ 21.038889, 52.136283 ] ] ] } },
{ "type": "Feature", "properties": { "fid": 1356, "hex_id": 1355 }, "geometry": { "type": "Polygon", "coordinates": [ [ [ 21.038684, 52.131789 ], [ 21.040895, 52.133999 ], [ 21.045111, 52.133926 ], [ 21.047116, 52.131643 ], [ 21.044905, 52.129432 ], [ 21.040689, 52.129505 ], [ 21.038684, 52.131789 ] ] ] } },
{ "type": "Feature", "properties": { "fid": 1357, "hex_id": 1356 }, "geometry": { "type": "Polygon", "coordinates": [ [ [ 21.038479, 52.127295 ], [ 21.040689, 52.129505 ], [ 21.044905, 52.129432 ], [ 21.04691, 52.127149 ], [ 21.044699, 52.124938 ], [ 21.040484, 52.125011 ], [ 21.038479, 52.127295 ] ] ] } },
{ "type": "Feature", "properties": { "fid": 1358, "hex_id": 1357 }, "geometry": { "type": "Polygon", "coordinates": [ [ [ 21.038274, 52.122801 ], [ 21.040484, 52.125011 ], [ 21.044699, 52.124938 ], [ 21.046704, 52.122655 ], [ 21.044494, 52.120445 ], [ 21.040279, 52.120518 ], [ 21.038274, 52.122801 ] ] ] } },
{ "type": "Feature", "properties": { "fid": 1359, "hex_id": 1358 }, "geometry": { "type": "Polygon", "coordinates": [ [ [ 21.038069, 52.118307 ], [ 21.040279, 52.120518 ], [ 21.044494, 52.120445 ], [ 21.046498, 52.118161 ], [ 21.044288, 52.115951 ], [ 21.040073, 52.116024 ], [ 21.038069, 52.118307 ] ] ] } },
{ "type": "Feature", "properties": { "fid": 1360, "hex_id": 1359 }, "geometry": { "type": "Polygon", "coordinates": [ [ [ 21.037864, 52.113813 ], [ 21.040073, 52.116024 ], [ 21.044288, 52.115951 ], [ 21.046292, 52.113667 ], [ 21.044082, 52.111457 ], [ 21.039868, 52.11153 ], [ 21.037864, 52.113813 ] ] ] } },
{ "type": "Feature", "properties": { "fid": 1361, "hex_id": 1360 }, "geometry": { "type": "Polygon", "coordinates": [ [ [ 21.037659, 52.109319 ], [ 21.039868, 52.11153 ], [ 21.044082, 52.111457 ], [ 21.046086, 52.109173 ], [ 21.043877, 52.106963 ], [ 21.039663, 52.107036 ], [ 21.037659, 52.109319 ] ] ] } },
{ "type": "Feature", "properties": { "fid": 1362, "hex_id": 1361 }, "geometry": { "type": "Polygon", "coordinates": [ [ [ 21.055681, 52.363108 ], [ 21.057904, 52.365318 ], [ 21.062142, 52.365244 ], [ 21.064156, 52.36296 ], [ 21.061933, 52.36075 ], [ 21.057695, 52.360824 ], [ 21.055681, 52.363108 ] ] ] } },
{ "type": "Feature", "properties": { "fid": 1363, "hex_id": 1362 }, "geometry": { "type": "Polygon", "coordinates": [ [ [ 21.055472, 52.358614 ], [ 21.057695, 52.360824 ], [ 21.061933, 52.36075 ], [ 21.063947, 52.358466 ], [ 21.061724, 52.356256 ], [ 21.057486, 52.35633 ], [ 21.055472, 52.358614 ] ] ] } },
{ "type": "Feature", "properties": { "fid": 1364, "hex_id": 1363 }, "geometry": { "type": "Polygon", "coordinates": [ [ [ 21.055263, 52.35412 ], [ 21.057486, 52.35633 ], [ 21.061724, 52.356256 ], [ 21.063738, 52.353973 ], [ 21.061514, 52.351763 ], [ 21.057278, 52.351837 ], [ 21.055263, 52.35412 ] ] ] } },
{ "type": "Feature", "properties": { "fid": 1365, "hex_id": 1364 }, "geometry": { "type": "Polygon", "coordinates": [ [ [ 21.055055, 52.349627 ], [ 21.057278, 52.351837 ], [ 21.061514, 52.351763 ], [ 21.063528, 52.349479 ], [ 21.061305, 52.347269 ], [ 21.057069, 52.347343 ], [ 21.055055, 52.349627 ] ] ] } },
{ "type": "Feature", "properties": { "fid": 1366, "hex_id": 1365 }, "geometry": { "type": "Polygon", "coordinates": [ [ [ 21.054847, 52.345133 ], [ 21.057069, 52.347343 ], [ 21.061305, 52.347269 ], [ 21.063319, 52.344985 ], [ 21.061096, 52.342776 ], [ 21.05686, 52.342849 ], [ 21.054847, 52.345133 ] ] ] } },
{ "type": "Feature", "properties": { "fid": 1367, "hex_id": 1366 }, "geometry": { "type": "Polygon", "coordinates": [ [ [ 21.054638, 52.340639 ], [ 21.05686, 52.342849 ], [ 21.061096, 52.342776 ], [ 21.06311, 52.340492 ], [ 21.060887, 52.338282 ], [ 21.056652, 52.338356 ], [ 21.054638, 52.340639 ] ] ] } },
{ "type": "Feature", "properties": { "fid": 1368, "hex_id": 1367 }, "geometry": { "type": "Polygon", "coordinates": [ [ [ 21.05443, 52.336146 ], [ 21.056652, 52.338356 ], [ 21.060887, 52.338282 ], [ 21.0629, 52.335998 ], [ 21.060678, 52.333788 ], [ 21.056443, 52.333862 ], [ 21.05443, 52.336146 ] ] ] } },
{ "type": "Feature", "properties": { "fid": 1369, "hex_id": 1368 }, "geometry": { "type": "Polygon", "coordinates": [ [ [ 21.054221, 52.331652 ], [ 21.056443, 52.333862 ], [ 21.060678, 52.333788 ], [ 21.062691, 52.331504 ], [ 21.060469, 52.329295 ], [ 21.056235, 52.329368 ], [ 21.054221, 52.331652 ] ] ] } },
{ "type": "Feature", "properties": { "fid": 1370, "hex_id": 1369 }, "geometry": { "type": "Polygon", "coordinates": [ [ [ 21.054013, 52.327158 ], [ 21.056235, 52.329368 ], [ 21.060469, 52.329295 ], [ 21.062482, 52.327011 ], [ 21.060261, 52.324801 ], [ 21.056026, 52.324875 ], [ 21.054013, 52.327158 ] ] ] } },
{ "type": "Feature", "properties": { "fid": 1371, "hex_id": 1370 }, "geometry": { "type": "Polygon", "coordinates": [ [ [ 21.053805, 52.322665 ], [ 21.056026, 52.324875 ], [ 21.060261, 52.324801 ], [ 21.062273, 52.322517 ], [ 21.060052, 52.320307 ], [ 21.055818, 52.320381 ], [ 21.053805, 52.322665 ] ] ] } },
{ "type": "Feature", "properties": { "fid": 1372, "hex_id": 1371 }, "geometry": { "type": "Polygon", "coordinates": [ [ [ 21.053597, 52.318171 ], [ 21.055818, 52.320381 ], [ 21.060052, 52.320307 ], [ 21.062064, 52.318023 ], [ 21.059843, 52.315814 ], [ 21.05561, 52.315887 ], [ 21.053597, 52.318171 ] ] ] } },
{ "type": "Feature", "properties": { "fid": 1373, "hex_id": 1372 }, "geometry": { "type": "Polygon", "coordinates": [ [ [ 21.053389, 52.313677 ], [ 21.05561, 52.315887 ], [ 21.059843, 52.315814 ], [ 21.061855, 52.31353 ], [ 21.059634, 52.31132 ], [ 21.055401, 52.311394 ], [ 21.053389, 52.313677 ] ] ] } },
{ "type": "Feature", "properties": { "fid": 1374, "hex_id": 1373 }, "geometry": { "type": "Polygon", "coordinates": [ [ [ 21.053181, 52.309184 ], [ 21.055401, 52.311394 ], [ 21.059634, 52.31132 ], [ 21.061646, 52.309036 ], [ 21.059426, 52.306826 ], [ 21.055193, 52.3069 ], [ 21.053181, 52.309184 ] ] ] } },
{ "type": "Feature", "properties": { "fid": 1375, "hex_id": 1374 }, "geometry": { "type": "Polygon", "coordinates": [ [ [ 21.052973, 52.30469 ], [ 21.055193, 52.3069 ], [ 21.059426, 52.306826 ], [ 21.061438, 52.304542 ], [ 21.059217, 52.302332 ], [ 21.054985, 52.302406 ], [ 21.052973, 52.30469 ] ] ] } },
{ "type": "Feature", "properties": { "fid": 1376, "hex_id": 1375 }, "geometry": { "type": "Polygon", "coordinates": [ [ [ 21.052765, 52.300196 ], [ 21.054985, 52.302406 ], [ 21.059217, 52.302332 ], [ 21.061229, 52.300049 ], [ 21.059009, 52.297839 ], [ 21.054777, 52.297913 ], [ 21.052765, 52.300196 ] ] ] } },
{ "type": "Feature", "properties": { "fid": 1377, "hex_id": 1376 }, "geometry": { "type": "Polygon", "coordinates": [ [ [ 21.052557, 52.295702 ], [ 21.054777, 52.297913 ], [ 21.059009, 52.297839 ], [ 21.06102, 52.295555 ], [ 21.0588, 52.293345 ], [ 21.054569, 52.293419 ], [ 21.052557, 52.295702 ] ] ] } },
{ "type": "Feature", "properties": { "fid": 1378, "hex_id": 1377 }, "geometry": { "type": "Polygon", "coordinates": [ [ [ 21.052349, 52.291209 ], [ 21.054569, 52.293419 ], [ 21.0588, 52.293345 ], [ 21.060811, 52.291061 ], [ 21.058592, 52.288851 ], [ 21.054361, 52.288925 ], [ 21.052349, 52.291209 ] ] ] } },
{ "type": "Feature", "properties": { "fid": 1379, "hex_id": 1378 }, "geometry": { "type": "Polygon", "coordinates": [ [ [ 21.052142, 52.286715 ], [ 21.054361, 52.288925 ], [ 21.058592, 52.288851 ], [ 21.060603, 52.286568 ], [ 21.058383, 52.284358 ], [ 21.054153, 52.284431 ], [ 21.052142, 52.286715 ] ] ] } },
{ "type": "Feature", "properties": { "fid": 1380, "hex_id": 1379 }, "geometry": { "type": "Polygon", "coordinates": [ [ [ 21.051934, 52.282221 ], [ 21.054153, 52.284431 ], [ 21.058383, 52.284358 ], [ 21.060394, 52.282074 ], [ 21.058175, 52.279864 ], [ 21.053945, 52.279938 ], [ 21.051934, 52.282221 ] ] ] } },
{ "type": "Feature", "properties": { "fid": 1381, "hex_id": 1380 }, "geometry": { "type": "Polygon", "coordinates": [ [ [ 21.051726, 52.277728 ], [ 21.053945, 52.279938 ], [ 21.058175, 52.279864 ], [ 21.060186, 52.27758 ], [ 21.057967, 52.27537 ], [ 21.053737, 52.275444 ], [ 21.051726, 52.277728 ] ] ] } },
{ "type": "Feature", "properties": { "fid": 1382, "hex_id": 1381 }, "geometry": { "type": "Polygon", "coordinates": [ [ [ 21.051519, 52.273234 ], [ 21.053737, 52.275444 ], [ 21.057967, 52.27537 ], [ 21.059977, 52.273087 ], [ 21.057759, 52.270877 ], [ 21.05353, 52.27095 ], [ 21.051519, 52.273234 ] ] ] } },
{ "type": "Feature", "properties": { "fid": 1383, "hex_id": 1382 }, "geometry": { "type": "Polygon", "coordinates": [ [ [ 21.051311, 52.26874 ], [ 21.05353, 52.27095 ], [ 21.057759, 52.270877 ], [ 21.059769, 52.268593 ], [ 21.057551, 52.266383 ], [ 21.053322, 52.266456 ], [ 21.051311, 52.26874 ] ] ] } },
{ "type": "Feature", "properties": { "fid": 1384, "hex_id": 1383 }, "geometry": { "type": "Polygon", "coordinates": [ [ [ 21.051104, 52.264246 ], [ 21.053322, 52.266456 ], [ 21.057551, 52.266383 ], [ 21.059561, 52.264099 ], [ 21.057342, 52.261889 ], [ 21.053114, 52.261963 ], [ 21.051104, 52.264246 ] ] ] } },
{ "type": "Feature", "properties": { "fid": 1385, "hex_id": 1384 }, "geometry": { "type": "Polygon", "coordinates": [ [ [ 21.050896, 52.259753 ], [ 21.053114, 52.261963 ], [ 21.057342, 52.261889 ], [ 21.059352, 52.259605 ], [ 21.057134, 52.257395 ], [ 21.052907, 52.257469 ], [ 21.050896, 52.259753 ] ] ] } },
{ "type": "Feature", "properties": { "fid": 1386, "hex_id": 1385 }, "geometry": { "type": "Polygon", "coordinates": [ [ [ 21.050689, 52.255259 ], [ 21.052907, 52.257469 ], [ 21.057134, 52.257395 ], [ 21.059144, 52.255112 ], [ 21.056926, 52.252902 ], [ 21.052699, 52.252975 ], [ 21.050689, 52.255259 ] ] ] } },
{ "type": "Feature", "properties": { "fid": 1387, "hex_id": 1386 }, "geometry": { "type": "Polygon", "coordinates": [ [ [ 21.050482, 52.250765 ], [ 21.052699, 52.252975 ], [ 21.056926, 52.252902 ], [ 21.058936, 52.250618 ], [ 21.056719, 52.248408 ], [ 21.052492, 52.248482 ], [ 21.050482, 52.250765 ] ] ] } },
{ "type": "Feature", "properties": { "fid": 1388, "hex_id": 1387 }, "geometry": { "type": "Polygon", "coordinates": [ [ [ 21.050274, 52.246271 ], [ 21.052492, 52.248482 ], [ 21.056719, 52.248408 ], [ 21.058728, 52.246124 ], [ 21.056511, 52.243914 ], [ 21.052284, 52.243988 ], [ 21.050274, 52.246271 ] ] ] } },
{ "type": "Feature", "properties": { "fid": 1389, "hex_id": 1388 }, "geometry": { "type": "Polygon", "coordinates": [ [ [ 21.050067, 52.241778 ], [ 21.052284, 52.243988 ], [ 21.056511, 52.243914 ], [ 21.05852, 52.24163 ], [ 21.056303, 52.23942 ], [ 21.052077, 52.239494 ], [ 21.050067, 52.241778 ] ] ] } },
{ "type": "Feature", "properties": { "fid": 1390, "hex_id": 1389 }, "geometry": { "type": "Polygon", "coordinates": [ [ [ 21.04986, 52.237284 ], [ 21.052077, 52.239494 ], [ 21.056303, 52.23942 ], [ 21.058312, 52.237137 ], [ 21.056095, 52.234927 ], [ 21.051869, 52.235 ], [ 21.04986, 52.237284 ] ] ] } },
{ "type": "Feature", "properties": { "fid": 1391, "hex_id": 1390 }, "geometry": { "type": "Polygon", "coordinates": [ [ [ 21.049653, 52.23279 ], [ 21.051869, 52.235 ], [ 21.056095, 52.234927 ], [ 21.058104, 52.232643 ], [ 21.055887, 52.230433 ], [ 21.051662, 52.230506 ], [ 21.049653, 52.23279 ] ] ] } },
{ "type": "Feature", "properties": { "fid": 1392, "hex_id": 1391 }, "geometry": { "type": "Polygon", "coordinates": [ [ [ 21.049446, 52.228296 ], [ 21.051662, 52.230506 ], [ 21.055887, 52.230433 ], [ 21.057896, 52.228149 ], [ 21.05568, 52.225939 ], [ 21.051455, 52.226013 ], [ 21.049446, 52.228296 ] ] ] } },
{ "type": "Feature", "properties": { "fid": 1393, "hex_id": 1392 }, "geometry": { "type": "Polygon", "coordinates": [ [ [ 21.049239, 52.223803 ], [ 21.051455, 52.226013 ], [ 21.05568, 52.225939 ], [ 21.057688, 52.223655 ], [ 21.055472, 52.221445 ], [ 21.051248, 52.221519 ], [ 21.049239, 52.223803 ] ] ] } },
{ "type": "Feature", "properties": { "fid": 1394, "hex_id": 1393 }, "geometry": { "type": "Polygon", "coordinates": [ [ [ 21.049032, 52.219309 ], [ 21.051248, 52.221519 ], [ 21.055472, 52.221445 ], [ 21.057481, 52.219162 ], [ 21.055265, 52.216952 ], [ 21.051041, 52.217025 ], [ 21.049032, 52.219309 ] ] ] } },
{ "type": "Feature", "properties": { "fid": 1395, "hex_id": 1394 }, "geometry": { "type": "Polygon", "coordinates": [ [ [ 21.048825, 52.214815 ], [ 21.051041, 52.217025 ], [ 21.055265, 52.216952 ], [ 21.057273, 52.214668 ], [ 21.055057, 52.212458 ], [ 21.050834, 52.212531 ], [ 21.048825, 52.214815 ] ] ] } },
{ "type": "Feature", "properties": { "fid": 1396, "hex_id": 1395 }, "geometry": { "type": "Polygon", "coordinates": [ [ [ 21.048618, 52.210321 ], [ 21.050834, 52.212531 ], [ 21.055057, 52.212458 ], [ 21.057065, 52.210174 ], [ 21.05485, 52.207964 ], [ 21.050627, 52.208038 ], [ 21.048618, 52.210321 ] ] ] } },
{ "type": "Feature", "properties": { "fid": 1397, "hex_id": 1396 }, "geometry": { "type": "Polygon", "coordinates": [ [ [ 21.048412, 52.205827 ], [ 21.050627, 52.208038 ], [ 21.05485, 52.207964 ], [ 21.056858, 52.20568 ], [ 21.054642, 52.20347 ], [ 21.05042, 52.203544 ], [ 21.048412, 52.205827 ] ] ] } },
{ "type": "Feature", "properties": { "fid": 1398, "hex_id": 1397 }, "geometry": { "type": "Polygon", "coordinates": [ [ [ 21.048205, 52.201334 ], [ 21.05042, 52.203544 ], [ 21.054642, 52.20347 ], [ 21.05665, 52.201187 ], [ 21.054435, 52.198977 ], [ 21.050213, 52.19905 ], [ 21.048205, 52.201334 ] ] ] } },
{ "type": "Feature", "properties": { "fid": 1399, "hex_id": 1398 }, "geometry": { "type": "Polygon", "coordinates": [ [ [ 21.047998, 52.19684 ], [ 21.050213, 52.19905 ], [ 21.054435, 52.198977 ], [ 21.056443, 52.196693 ], [ 21.054228, 52.194483 ], [ 21.050006, 52.194556 ], [ 21.047998, 52.19684 ] ] ] } },
{ "type": "Feature", "properties": { "fid": 1400, "hex_id": 1399 }, "geometry": { "type": "Polygon", "coordinates": [ [ [ 21.047792, 52.192346 ], [ 21.050006, 52.194556 ], [ 21.054228, 52.194483 ], [ 21.056235, 52.192199 ], [ 21.054021, 52.189989 ], [ 21.049799, 52.190062 ], [ 21.047792, 52.192346 ] ] ] } },
{ "type": "Feature", "properties": { "fid": 1401, "hex_id": 1400 }, "geometry": { "type": "Polygon", "coordinates": [ [ [ 21.047585, 52.187852 ], [ 21.049799, 52.190062 ], [ 21.054021, 52.189989 ], [ 21.056028, 52.187705 ], [ 21.053814, 52.185495 ], [ 21.049592, 52.185569 ], [ 21.047585, 52.187852 ] ] ] } },
{ "type": "Feature", "properties": { "fid": 1402, "hex_id": 1401 }, "geometry": { "type": "Polygon", "coordinates": [ [ [ 21.047379, 52.183358 ], [ 21.049592, 52.185569 ], [ 21.053814, 52.185495 ], [ 21.05582, 52.183212 ], [ 21.053606, 52.181001 ], [ 21.049386, 52.181075 ], [ 21.047379, 52.183358 ] ] ] } },
{ "type": "Feature", "properties": { "fid": 1403, "hex_id": 1402 }, "geometry": { "type": "Polygon", "coordinates": [ [ [ 21.047172, 52.178865 ], [ 21.049386, 52.181075 ], [ 21.053606, 52.181001 ], [ 21.055613, 52.178718 ], [ 21.053399, 52.176508 ], [ 21.049179, 52.176581 ], [ 21.047172, 52.178865 ] ] ] } },
{ "type": "Feature", "properties": { "fid": 1404, "hex_id": 1403 }, "geometry": { "type": "Polygon", "coordinates": [ [ [ 21.046966, 52.174371 ], [ 21.049179, 52.176581 ], [ 21.053399, 52.176508 ], [ 21.055406, 52.174224 ], [ 21.053192, 52.172014 ], [ 21.048973, 52.172087 ], [ 21.046966, 52.174371 ] ] ] } },
{ "type": "Feature", "properties": { "fid": 1405, "hex_id": 1404 }, "geometry": { "type": "Polygon", "coordinates": [ [ [ 21.04676, 52.169877 ], [ 21.048973, 52.172087 ], [ 21.053192, 52.172014 ], [ 21.055199, 52.16973 ], [ 21.052985, 52.16752 ], [ 21.048766, 52.167593 ], [ 21.04676, 52.169877 ] ] ] } },
{ "type": "Feature", "properties": { "fid": 1406, "hex_id": 1405 }, "geometry": { "type": "Polygon", "coordinates": [ [ [ 21.046553, 52.165383 ], [ 21.048766, 52.167593 ], [ 21.052985, 52.16752 ], [ 21.054992, 52.165236 ], [ 21.052779, 52.163026 ], [ 21.04856, 52.1631 ], [ 21.046553, 52.165383 ] ] ] } },
{ "type": "Feature", "properties": { "fid": 1407, "hex_id": 1406 }, "geometry": { "type": "Polygon", "coordinates": [ [ [ 21.046347, 52.160889 ], [ 21.04856, 52.1631 ], [ 21.052779, 52.163026 ], [ 21.054784, 52.160743 ], [ 21.052572, 52.158532 ], [ 21.048353, 52.158606 ], [ 21.046347, 52.160889 ] ] ] } },
{ "type": "Feature", "properties": { "fid": 1408, "hex_id": 1407 }, "geometry": { "type": "Polygon", "coordinates": [ [ [ 21.046141, 52.156395 ], [ 21.048353, 52.158606 ], [ 21.052572, 52.158532 ], [ 21.054577, 52.156249 ], [ 21.052365, 52.154039 ], [ 21.048147, 52.154112 ], [ 21.046141, 52.156395 ] ] ] } },
{ "type": "Feature", "properties": { "fid": 1409, "hex_id": 1408 }, "geometry": { "type": "Polygon", "coordinates": [ [ [ 21.045935, 52.151902 ], [ 21.048147, 52.154112 ], [ 21.052365, 52.154039 ], [ 21.054371, 52.151755 ], [ 21.052158, 52.149545 ], [ 21.047941, 52.149618 ], [ 21.045935, 52.151902 ] ] ] } },
{ "type": "Feature", "properties": { "fid": 1410, "hex_id": 1409 }, "geometry": { "type": "Polygon", "coordinates": [ [ [ 21.045729, 52.147408 ], [ 21.047941, 52.149618 ], [ 21.052158, 52.149545 ], [ 21.054164, 52.147261 ], [ 21.051952, 52.145051 ], [ 21.047734, 52.145124 ], [ 21.045729, 52.147408 ] ] ] } },
{ "type": "Feature", "properties": { "fid": 1411, "hex_id": 1410 }, "geometry": { "type": "Polygon", "coordinates": [ [ [ 21.045523, 52.142914 ], [ 21.047734, 52.145124 ], [ 21.051952, 52.145051 ], [ 21.053957, 52.142767 ], [ 21.051745, 52.140557 ], [ 21.047528, 52.14063 ], [ 21.045523, 52.142914 ] ] ] } },
{ "type": "Feature", "properties": { "fid": 1412, "hex_id": 1411 }, "geometry": { "type": "Polygon", "coordinates": [ [ [ 21.045317, 52.13842 ], [ 21.047528, 52.14063 ], [ 21.051745, 52.140557 ], [ 21.05375, 52.138273 ], [ 21.051538, 52.136063 ], [ 21.047322, 52.136136 ], [ 21.045317, 52.13842 ] ] ] } },
{ "type": "Feature", "properties": { "fid": 1413, "hex_id": 1412 }, "geometry": { "type": "Polygon", "coordinates": [ [ [ 21.045111, 52.133926 ], [ 21.047322, 52.136136 ], [ 21.051538, 52.136063 ], [ 21.053543, 52.13378 ], [ 21.051332, 52.131569 ], [ 21.047116, 52.131643 ], [ 21.045111, 52.133926 ] ] ] } },
{ "type": "Feature", "properties": { "fid": 1414, "hex_id": 1413 }, "geometry": { "type": "Polygon", "coordinates": [ [ [ 21.044905, 52.129432 ], [ 21.047116, 52.131643 ], [ 21.051332, 52.131569 ], [ 21.053337, 52.129286 ], [ 21.051125, 52.127076 ], [ 21.04691, 52.127149 ], [ 21.044905, 52.129432 ] ] ] } },
{ "type": "Feature", "properties": { "fid": 1415, "hex_id": 1414 }, "geometry": { "type": "Polygon", "coordinates": [ [ [ 21.044699, 52.124938 ], [ 21.04691, 52.127149 ], [ 21.051125, 52.127076 ], [ 21.05313, 52.124792 ], [ 21.050919, 52.122582 ], [ 21.046704, 52.122655 ], [ 21.044699, 52.124938 ] ] ] } },
{ "type": "Feature", "properties": { "fid": 1416, "hex_id": 1415 }, "geometry": { "type": "Polygon", "coordinates": [ [ [ 21.044494, 52.120445 ], [ 21.046704, 52.122655 ], [ 21.050919, 52.122582 ], [ 21.052923, 52.120298 ], [ 21.050713, 52.118088 ], [ 21.046498, 52.118161 ], [ 21.044494, 52.120445 ] ] ] } },
{ "type": "Feature", "properties": { "fid": 1417, "hex_id": 1416 }, "geometry": { "type": "Polygon", "coordinates": [ [ [ 21.044288, 52.115951 ], [ 21.046498, 52.118161 ], [ 21.050713, 52.118088 ], [ 21.052717, 52.115804 ], [ 21.050506, 52.113594 ], [ 21.046292, 52.113667 ], [ 21.044288, 52.115951 ] ] ] } },
{ "type": "Feature", "properties": { "fid": 1418, "hex_id": 1417 }, "geometry": { "type": "Polygon", "coordinates": [ [ [ 21.044082, 52.111457 ], [ 21.046292, 52.113667 ], [ 21.050506, 52.113594 ], [ 21.05251, 52.11131 ], [ 21.0503, 52.1091 ], [ 21.046086, 52.109173 ], [ 21.044082, 52.111457 ] ] ] } },
{ "type": "Feature", "properties": { "fid": 1419, "hex_id": 1418 }, "geometry": { "type": "Polygon", "coordinates": [ [ [ 21.062142, 52.365244 ], [ 21.064366, 52.367454 ], [ 21.068604, 52.367379 ], [ 21.070618, 52.365096 ], [ 21.068394, 52.362886 ], [ 21.064156, 52.36296 ], [ 21.062142, 52.365244 ] ] ] } },
{ "type": "Feature", "properties": { "fid": 1420, "hex_id": 1419 }, "geometry": { "type": "Polygon", "coordinates": [ [ [ 21.061933, 52.36075 ], [ 21.064156, 52.36296 ], [ 21.068394, 52.362886 ], [ 21.070408, 52.360602 ], [ 21.068184, 52.358392 ], [ 21.063947, 52.358466 ], [ 21.061933, 52.36075 ] ] ] } },
{ "type": "Feature", "properties": { "fid": 1421, "hex_id": 1420 }, "geometry": { "type": "Polygon", "coordinates": [ [ [ 21.061724, 52.356256 ], [ 21.063947, 52.358466 ], [ 21.068184, 52.358392 ], [ 21.070198, 52.356108 ], [ 21.067975, 52.353899 ], [ 21.063738, 52.353973 ], [ 21.061724, 52.356256 ] ] ] } },
{ "type": "Feature", "properties": { "fid": 1422, "hex_id": 1421 }, "geometry": { "type": "Polygon", "coordinates": [ [ [ 21.061514, 52.351763 ], [ 21.063738, 52.353973 ], [ 21.067975, 52.353899 ], [ 21.069988, 52.351615 ], [ 21.067765, 52.349405 ], [ 21.063528, 52.349479 ], [ 21.061514, 52.351763 ] ] ] } },
{ "type": "Feature", "properties": { "fid": 1423, "hex_id": 1422 }, "geometry": { "type": "Polygon", "coordinates": [ [ [ 21.061305, 52.347269 ], [ 21.063528, 52.349479 ], [ 21.067765, 52.349405 ], [ 21.069778, 52.347121 ], [ 21.067555, 52.344911 ], [ 21.063319, 52.344985 ], [ 21.061305, 52.347269 ] ] ] } },
{ "type": "Feature", "properties": { "fid": 1424, "hex_id": 1423 }, "geometry": { "type": "Polygon", "coordinates": [ [ [ 21.061096, 52.342776 ], [ 21.063319, 52.344985 ], [ 21.067555, 52.344911 ], [ 21.069568, 52.342627 ], [ 21.067345, 52.340418 ], [ 21.06311, 52.340492 ], [ 21.061096, 52.342776 ] ] ] } },
{ "type": "Feature", "properties": { "fid": 1425, "hex_id": 1424 }, "geometry": { "type": "Polygon", "coordinates": [ [ [ 21.060887, 52.338282 ], [ 21.06311, 52.340492 ], [ 21.067345, 52.340418 ], [ 21.069358, 52.338134 ], [ 21.067136, 52.335924 ], [ 21.0629, 52.335998 ], [ 21.060887, 52.338282 ] ] ] } },
{ "type": "Feature", "properties": { "fid": 1426, "hex_id": 1425 }, "geometry": { "type": "Polygon", "coordinates": [ [ [ 21.060678, 52.333788 ], [ 21.0629, 52.335998 ], [ 21.067136, 52.335924 ], [ 21.069148, 52.33364 ], [ 21.066926, 52.33143 ], [ 21.062691, 52.331504 ], [ 21.060678, 52.333788 ] ] ] } },
{ "type": "Feature", "properties": { "fid": 1427, "hex_id": 1426 }, "geometry": { "type": "Polygon", "coordinates": [ [ [ 21.060469, 52.329295 ], [ 21.062691, 52.331504 ], [ 21.066926, 52.33143 ], [ 21.068939, 52.329146 ], [ 21.066717, 52.326937 ], [ 21.062482, 52.327011 ], [ 21.060469, 52.329295 ] ] ] } },
{ "type": "Feature", "properties": { "fid": 1428, "hex_id": 1427 }, "geometry": { "type": "Polygon", "coordinates": [ [ [ 21.060261, 52.324801 ], [ 21.062482, 52.327011 ], [ 21.066717, 52.326937 ], [ 21.068729, 52.324653 ], [ 21.066507, 52.322443 ], [ 21.062273, 52.322517 ], [ 21.060261, 52.324801 ] ] ] } },
{ "type": "Feature", "properties": { "fid": 1429, "hex_id": 1428 }, "geometry": { "type": "Polygon", "coordinates": [ [ [ 21.060052, 52.320307 ], [ 21.062273, 52.322517 ], [ 21.066507, 52.322443 ], [ 21.068519, 52.320159 ], [ 21.066298, 52.317949 ], [ 21.062064, 52.318023 ], [ 21.060052, 52.320307 ] ] ] } },
{ "type": "Feature", "properties": { "fid": 1430, "hex_id": 1429 }, "geometry": { "type": "Polygon", "coordinates": [ [ [ 21.059843, 52.315814 ], [ 21.062064, 52.318023 ], [ 21.066298, 52.317949 ], [ 21.06831, 52.315666 ], [ 21.066088, 52.313456 ], [ 21.061855, 52.31353 ], [ 21.059843, 52.315814 ] ] ] } },
{ "type": "Feature", "properties": { "fid": 1431, "hex_id": 1430 }, "geometry": { "type": "Polygon", "coordinates": [ [ [ 21.059634, 52.31132 ], [ 21.061855, 52.31353 ], [ 21.066088, 52.313456 ], [ 21.0681, 52.311172 ], [ 21.065879, 52.308962 ], [ 21.061646, 52.309036 ], [ 21.059634, 52.31132 ] ] ] } },
{ "type": "Feature", "properties": { "fid": 1432, "hex_id": 1431 }, "geometry": { "type": "Polygon", "coordinates": [ [ [ 21.059426, 52.306826 ], [ 21.061646, 52.309036 ], [ 21.065879, 52.308962 ], [ 21.067891, 52.306678 ], [ 21.06567, 52.304468 ], [ 21.061438, 52.304542 ], [ 21.059426, 52.306826 ] ] ] } },
{ "type": "Feature", "properties": { "fid": 1433, "hex_id": 1432 }, "geometry": { "type": "Polygon", "coordinates": [ [ [ 21.059217, 52.302332 ], [ 21.061438, 52.304542 ], [ 21.06567, 52.304468 ], [ 21.067681, 52.302185 ], [ 21.065461, 52.299975 ], [ 21.061229, 52.300049 ], [ 21.059217, 52.302332 ] ] ] } },
{ "type": "Feature", "properties": { "fid": 1434, "hex_id": 1433 }, "geometry": { "type": "Polygon", "coordinates": [ [ [ 21.059009, 52.297839 ], [ 21.061229, 52.300049 ], [ 21.065461, 52.299975 ], [ 21.067472, 52.297691 ], [ 21.065252, 52.295481 ], [ 21.06102, 52.295555 ], [ 21.059009, 52.297839 ] ] ] } },
{ "type": "Feature", "properties": { "fid": 1435, "hex_id": 1434 }, "geometry": { "type": "Polygon", "coordinates": [ [ [ 21.0588, 52.293345 ], [ 21.06102, 52.295555 ], [ 21.065252, 52.295481 ], [ 21.067263, 52.293197 ], [ 21.065043, 52.290987 ], [ 21.060811, 52.291061 ], [ 21.0588, 52.293345 ] ] ] } },
{ "type": "Feature", "properties": { "fid": 1436, "hex_id": 1435 }, "geometry": { "type": "Polygon", "coordinates": [ [ [ 21.058592, 52.288851 ], [ 21.060811, 52.291061 ], [ 21.065043, 52.290987 ], [ 21.067053, 52.288704 ], [ 21.064833, 52.286494 ], [ 21.060603, 52.286568 ], [ 21.058592, 52.288851 ] ] ] } },
{ "type": "Feature", "properties": { "fid": 1437, "hex_id": 1436 }, "geometry": { "type": "Polygon", "coordinates": [ [ [ 21.058383, 52.284358 ], [ 21.060603, 52.286568 ], [ 21.064833, 52.286494 ], [ 21.066844, 52.28421 ], [ 21.064625, 52.282 ], [ 21.060394, 52.282074 ], [ 21.058383, 52.284358 ] ] ] } },
{ "type": "Feature", "properties": { "fid": 1438, "hex_id": 1437 }, "geometry": { "type": "Polygon", "coordinates": [ [ [ 21.058175, 52.279864 ], [ 21.060394, 52.282074 ], [ 21.064625, 52.282 ], [ 21.066635, 52.279716 ], [ 21.064416, 52.277506 ], [ 21.060186, 52.27758 ], [ 21.058175, 52.279864 ] ] ] } },
{ "type": "Feature", "properties": { "fid": 1439, "hex_id": 1438 }, "geometry": { "type": "Polygon", "coordinates": [ [ [ 21.057967, 52.27537 ], [ 21.060186, 52.27758 ], [ 21.064416, 52.277506 ], [ 21.066426, 52.275222 ], [ 21.064207, 52.273013 ], [ 21.059977, 52.273087 ], [ 21.057967, 52.27537 ] ] ] } },
{ "type": "Feature", "properties": { "fid": 1440, "hex_id": 1439 }, "geometry": { "type": "Polygon", "coordinates": [ [ [ 21.057759, 52.270877 ], [ 21.059977, 52.273087 ], [ 21.064207, 52.273013 ], [ 21.066217, 52.270729 ], [ 21.063998, 52.268519 ], [ 21.059769, 52.268593 ], [ 21.057759, 52.270877 ] ] ] } },
{ "type": "Feature", "properties": { "fid": 1441, "hex_id": 1440 }, "geometry": { "type": "Polygon", "coordinates": [ [ [ 21.057551, 52.266383 ], [ 21.059769, 52.268593 ], [ 21.063998, 52.268519 ], [ 21.066008, 52.266235 ], [ 21.063789, 52.264025 ], [ 21.059561, 52.264099 ], [ 21.057551, 52.266383 ] ] ] } },
{ "type": "Feature", "properties": { "fid": 1442, "hex_id": 1441 }, "geometry": { "type": "Polygon", "coordinates": [ [ [ 21.057342, 52.261889 ], [ 21.059561, 52.264099 ], [ 21.063789, 52.264025 ], [ 21.065799, 52.261741 ], [ 21.063581, 52.259532 ], [ 21.059352, 52.259605 ], [ 21.057342, 52.261889 ] ] ] } },
{ "type": "Feature", "properties": { "fid": 1443, "hex_id": 1442 }, "geometry": { "type": "Polygon", "coordinates": [ [ [ 21.057134, 52.257395 ], [ 21.059352, 52.259605 ], [ 21.063581, 52.259532 ], [ 21.06559, 52.257248 ], [ 21.063372, 52.255038 ], [ 21.059144, 52.255112 ], [ 21.057134, 52.257395 ] ] ] } },
{ "type": "Feature", "properties": { "fid": 1444, "hex_id": 1443 }, "geometry": { "type": "Polygon", "coordinates": [ [ [ 21.056926, 52.252902 ], [ 21.059144, 52.255112 ], [ 21.063372, 52.255038 ], [ 21.065381, 52.252754 ], [ 21.063163, 52.250544 ], [ 21.058936, 52.250618 ], [ 21.056926, 52.252902 ] ] ] } },
{ "type": "Feature", "properties": { "fid": 1445, "hex_id": 1444 }, "geometry": { "type": "Polygon", "coordinates": [ [ [ 21.056719, 52.248408 ], [ 21.058936, 52.250618 ], [ 21.063163, 52.250544 ], [ 21.065173, 52.24826 ], [ 21.062955, 52.24605 ], [ 21.058728, 52.246124 ], [ 21.056719, 52.248408 ] ] ] } },
{ "type": "Feature", "properties": { "fid": 1446, "hex_id": 1445 }, "geometry": { "type": "Polygon", "coordinates": [ [ [ 21.056511, 52.243914 ], [ 21.058728, 52.246124 ], [ 21.062955, 52.24605 ], [ 21.064964, 52.243767 ], [ 21.062746, 52.241557 ], [ 21.05852, 52.24163 ], [ 21.056511, 52.243914 ] ] ] } },
{ "type": "Feature", "properties": { "fid": 1447, "hex_id": 1446 }, "geometry": { "type": "Polygon", "coordinates": [ [ [ 21.056303, 52.23942 ], [ 21.05852, 52.24163 ], [ 21.062746, 52.241557 ], [ 21.064755, 52.239273 ], [ 21.062538, 52.237063 ], [ 21.058312, 52.237137 ], [ 21.056303, 52.23942 ] ] ] } },
{ "type": "Feature", "properties": { "fid": 1448, "hex_id": 1447 }, "geometry": { "type": "Polygon", "coordinates": [ [ [ 21.056095, 52.234927 ], [ 21.058312, 52.237137 ], [ 21.062538, 52.237063 ], [ 21.064547, 52.234779 ], [ 21.06233, 52.232569 ], [ 21.058104, 52.232643 ], [ 21.056095, 52.234927 ] ] ] } },
{ "type": "Feature", "properties": { "fid": 1449, "hex_id": 1448 }, "geometry": { "type": "Polygon", "coordinates": [ [ [ 21.055887, 52.230433 ], [ 21.058104, 52.232643 ], [ 21.06233, 52.232569 ], [ 21.064338, 52.230285 ], [ 21.062121, 52.228075 ], [ 21.057896, 52.228149 ], [ 21.055887, 52.230433 ] ] ] } },
{ "type": "Feature", "properties": { "fid": 1450, "hex_id": 1449 }, "geometry": { "type": "Polygon", "coordinates": [ [ [ 21.05568, 52.225939 ], [ 21.057896, 52.228149 ], [ 21.062121, 52.228075 ], [ 21.064129, 52.225792 ], [ 21.061913, 52.223582 ], [ 21.057688, 52.223655 ], [ 21.05568, 52.225939 ] ] ] } },
{ "type": "Feature", "properties": { "fid": 1451, "hex_id": 1450 }, "geometry": { "type": "Polygon", "coordinates": [ [ [ 21.055472, 52.221445 ], [ 21.057688, 52.223655 ], [ 21.061913, 52.223582 ], [ 21.063921, 52.221298 ], [ 21.061705, 52.219088 ], [ 21.057481, 52.219162 ], [ 21.055472, 52.221445 ] ] ] } },
{ "type": "Feature", "properties": { "fid": 1452, "hex_id": 1451 }, "geometry": { "type": "Polygon", "coordinates": [ [ [ 21.055265, 52.216952 ], [ 21.057481, 52.219162 ], [ 21.061705, 52.219088 ], [ 21.063713, 52.216804 ], [ 21.061497, 52.214594 ], [ 21.057273, 52.214668 ], [ 21.055265, 52.216952 ] ] ] } },
{ "type": "Feature", "properties": { "fid": 1453, "hex_id": 1452 }, "geometry": { "type": "Polygon", "coordinates": [ [ [ 21.055057, 52.212458 ], [ 21.057273, 52.214668 ], [ 21.061497, 52.214594 ], [ 21.063504, 52.21231 ], [ 21.061289, 52.2101 ], [ 21.057065, 52.210174 ], [ 21.055057, 52.212458 ] ] ] } },
{ "type": "Feature", "properties": { "fid": 1454, "hex_id": 1453 }, "geometry": { "type": "Polygon", "coordinates": [ [ [ 21.05485, 52.207964 ], [ 21.057065, 52.210174 ], [ 21.061289, 52.2101 ], [ 21.063296, 52.207817 ], [ 21.06108, 52.205607 ], [ 21.056858, 52.20568 ], [ 21.05485, 52.207964 ] ] ] } },
{ "type": "Feature", "properties": { "fid": 1455, "hex_id": 1454 }, "geometry": { "type": "Polygon", "coordinates": [ [ [ 21.054642, 52.20347 ], [ 21.056858, 52.20568 ], [ 21.06108, 52.205607 ], [ 21.063088, 52.203323 ], [ 21.060873, 52.201113 ], [ 21.05665, 52.201187 ], [ 21.054642, 52.20347 ] ] ] } },
{ "type": "Feature", "properties": { "fid": 1456, "hex_id": 1455 }, "geometry": { "type": "Polygon", "coordinates": [ [ [ 21.054435, 52.198977 ], [ 21.05665, 52.201187 ], [ 21.060873, 52.201113 ], [ 21.06288, 52.198829 ], [ 21.060665, 52.196619 ], [ 21.056443, 52.196693 ], [ 21.054435, 52.198977 ] ] ] } },
{ "type": "Feature", "properties": { "fid": 1457, "hex_id": 1456 }, "geometry": { "type": "Polygon", "coordinates": [ [ [ 21.054228, 52.194483 ], [ 21.056443, 52.196693 ], [ 21.060665, 52.196619 ], [ 21.062672, 52.194335 ], [ 21.060457, 52.192125 ], [ 21.056235, 52.192199 ], [ 21.054228, 52.194483 ] ] ] } },
{ "type": "Feature", "properties": { "fid": 1458, "hex_id": 1457 }, "geometry": { "type": "Polygon", "coordinates": [ [ [ 21.054021, 52.189989 ], [ 21.056235, 52.192199 ], [ 21.060457, 52.192125 ], [ 21.062464, 52.189842 ], [ 21.060249, 52.187632 ], [ 21.056028, 52.187705 ], [ 21.054021, 52.189989 ] ] ] } },
{ "type": "Feature", "properties": { "fid": 1459, "hex_id": 1458 }, "geometry": { "type": "Polygon", "coordinates": [ [ [ 21.053814, 52.185495 ], [ 21.056028, 52.187705 ], [ 21.060249, 52.187632 ], [ 21.062256, 52.185348 ], [ 21.060041, 52.183138 ], [ 21.05582, 52.183212 ], [ 21.053814, 52.185495 ] ] ] } },
{ "type": "Feature", "properties": { "fid": 1460, "hex_id": 1459 }, "geometry": { "type": "Polygon", "coordinates": [ [ [ 21.053606, 52.181001 ], [ 21.05582, 52.183212 ], [ 21.060041, 52.183138 ], [ 21.062048, 52.180854 ], [ 21.059833, 52.178644 ], [ 21.055613, 52.178718 ], [ 21.053606, 52.181001 ] ] ] } },
{ "type": "Feature", "properties": { "fid": 1461, "hex_id": 1460 }, "geometry": { "type": "Polygon", "coordinates": [ [ [ 21.053399, 52.176508 ], [ 21.055613, 52.178718 ], [ 21.059833, 52.178644 ], [ 21.06184, 52.17636 ], [ 21.059626, 52.17415 ], [ 21.055406, 52.174224 ], [ 21.053399, 52.176508 ] ] ] } },
{ "type": "Feature", "properties": { "fid": 1462, "hex_id": 1461 }, "geometry": { "type": "Polygon", "coordinates": [ [ [ 21.053192, 52.172014 ], [ 21.055406, 52.174224 ], [ 21.059626, 52.17415 ], [ 21.061632, 52.171867 ], [ 21.059418, 52.169657 ], [ 21.055199, 52.16973 ], [ 21.053192, 52.172014 ] ] ] } },
{ "type": "Feature", "properties": { "fid": 1463, "hex_id": 1462 }, "geometry": { "type": "Polygon", "coordinates": [ [ [ 21.052985, 52.16752 ], [ 21.055199, 52.16973 ], [ 21.059418, 52.169657 ], [ 21.061424, 52.167373 ], [ 21.059211, 52.165163 ], [ 21.054992, 52.165236 ], [ 21.052985, 52.16752 ] ] ] } },
{ "type": "Feature", "properties": { "fid": 1464, "hex_id": 1463 }, "geometry": { "type": "Polygon", "coordinates": [ [ [ 21.052779, 52.163026 ], [ 21.054992, 52.165236 ], [ 21.059211, 52.165163 ], [ 21.061216, 52.162879 ], [ 21.059003, 52.160669 ], [ 21.054784, 52.160743 ], [ 21.052779, 52.163026 ] ] ] } },
{ "type": "Feature", "properties": { "fid": 1465, "hex_id": 1464 }, "geometry": { "type": "Polygon", "coordinates": [ [ [ 21.052572, 52.158532 ], [ 21.054784, 52.160743 ], [ 21.059003, 52.160669 ], [ 21.061009, 52.158385 ], [ 21.058796, 52.156175 ], [ 21.054577, 52.156249 ], [ 21.052572, 52.158532 ] ] ] } },
{ "type": "Feature", "properties": { "fid": 1466, "hex_id": 1465 }, "geometry": { "type": "Polygon", "coordinates": [ [ [ 21.052365, 52.154039 ], [ 21.054577, 52.156249 ], [ 21.058796, 52.156175 ], [ 21.060801, 52.153891 ], [ 21.058588, 52.151681 ], [ 21.054371, 52.151755 ], [ 21.052365, 52.154039 ] ] ] } },
{ "type": "Feature", "properties": { "fid": 1467, "hex_id": 1466 }, "geometry": { "type": "Polygon", "coordinates": [ [ [ 21.052158, 52.149545 ], [ 21.054371, 52.151755 ], [ 21.058588, 52.151681 ], [ 21.060593, 52.149398 ], [ 21.058381, 52.147188 ], [ 21.054164, 52.147261 ], [ 21.052158, 52.149545 ] ] ] } },
{ "type": "Feature", "properties": { "fid": 1468, "hex_id": 1467 }, "geometry": { "type": "Polygon", "coordinates": [ [ [ 21.051952, 52.145051 ], [ 21.054164, 52.147261 ], [ 21.058381, 52.147188 ], [ 21.060386, 52.144904 ], [ 21.058174, 52.142694 ], [ 21.053957, 52.142767 ], [ 21.051952, 52.145051 ] ] ] } },
{ "type": "Feature", "properties": { "fid": 1469, "hex_id": 1468 }, "geometry": { "type": "Polygon", "coordinates": [ [ [ 21.051745, 52.140557 ], [ 21.053957, 52.142767 ], [ 21.058174, 52.142694 ], [ 21.060179, 52.14041 ], [ 21.057967, 52.1382 ], [ 21.05375, 52.138273 ], [ 21.051745, 52.140557 ] ] ] } },
{ "type": "Feature", "properties": { "fid": 1470, "hex_id": 1469 }, "geometry": { "type": "Polygon", "coordinates": [ [ [ 21.051538, 52.136063 ], [ 21.05375, 52.138273 ], [ 21.057967, 52.1382 ], [ 21.059971, 52.135916 ], [ 21.057759, 52.133706 ], [ 21.053543, 52.13378 ], [ 21.051538, 52.136063 ] ] ] } },
{ "type": "Feature", "properties": { "fid": 1471, "hex_id": 1470 }, "geometry": { "type": "Polygon", "coordinates": [ [ [ 21.051332, 52.131569 ], [ 21.053543, 52.13378 ], [ 21.057759, 52.133706 ], [ 21.059764, 52.131422 ], [ 21.057552, 52.129212 ], [ 21.053337, 52.129286 ], [ 21.051332, 52.131569 ] ] ] } },
{ "type": "Feature", "properties": { "fid": 1472, "hex_id": 1471 }, "geometry": { "type": "Polygon", "coordinates": [ [ [ 21.051125, 52.127076 ], [ 21.053337, 52.129286 ], [ 21.057552, 52.129212 ], [ 21.059556, 52.126929 ], [ 21.057345, 52.124718 ], [ 21.05313, 52.124792 ], [ 21.051125, 52.127076 ] ] ] } },
{ "type": "Feature", "properties": { "fid": 1473, "hex_id": 1472 }, "geometry": { "type": "Polygon", "coordinates": [ [ [ 21.050919, 52.122582 ], [ 21.05313, 52.124792 ], [ 21.057345, 52.124718 ], [ 21.059349, 52.122435 ], [ 21.057138, 52.120225 ], [ 21.052923, 52.120298 ], [ 21.050919, 52.122582 ] ] ] } },
{ "type": "Feature", "properties": { "fid": 1474, "hex_id": 1473 }, "geometry": { "type": "Polygon", "coordinates": [ [ [ 21.050713, 52.118088 ], [ 21.052923, 52.120298 ], [ 21.057138, 52.120225 ], [ 21.059142, 52.117941 ], [ 21.056931, 52.115731 ], [ 21.052717, 52.115804 ], [ 21.050713, 52.118088 ] ] ] } },
{ "type": "Feature", "properties": { "fid": 1475, "hex_id": 1474 }, "geometry": { "type": "Polygon", "coordinates": [ [ [ 21.050506, 52.113594 ], [ 21.052717, 52.115804 ], [ 21.056931, 52.115731 ], [ 21.058935, 52.113447 ], [ 21.056724, 52.111237 ], [ 21.05251, 52.11131 ], [ 21.050506, 52.113594 ] ] ] } },
{ "type": "Feature", "properties": { "fid": 1476, "hex_id": 1475 }, "geometry": { "type": "Polygon", "coordinates": [ [ [ 21.0503, 52.1091 ], [ 21.05251, 52.11131 ], [ 21.056724, 52.111237 ], [ 21.058728, 52.108953 ], [ 21.056518, 52.106743 ], [ 21.052304, 52.106816 ], [ 21.0503, 52.1091 ] ] ] } },
{ "type": "Feature", "properties": { "fid": 1477, "hex_id": 1476 }, "geometry": { "type": "Polygon", "coordinates": [ [ [ 21.068394, 52.362886 ], [ 21.070618, 52.365096 ], [ 21.074856, 52.365021 ], [ 21.07687, 52.362737 ], [ 21.074646, 52.360528 ], [ 21.070408, 52.360602 ], [ 21.068394, 52.362886 ] ] ] } },
{ "type": "Feature", "properties": { "fid": 1478, "hex_id": 1477 }, "geometry": { "type": "Polygon", "coordinates": [ [ [ 21.068184, 52.358392 ], [ 21.070408, 52.360602 ], [ 21.074646, 52.360528 ], [ 21.076659, 52.358244 ], [ 21.074435, 52.356034 ], [ 21.070198, 52.356108 ], [ 21.068184, 52.358392 ] ] ] } },
{ "type": "Feature", "properties": { "fid": 1479, "hex_id": 1478 }, "geometry": { "type": "Polygon", "coordinates": [ [ [ 21.067975, 52.353899 ], [ 21.070198, 52.356108 ], [ 21.074435, 52.356034 ], [ 21.076449, 52.35375 ], [ 21.074225, 52.35154 ], [ 21.069988, 52.351615 ], [ 21.067975, 52.353899 ] ] ] } },
{ "type": "Feature", "properties": { "fid": 1480, "hex_id": 1479 }, "geometry": { "type": "Polygon", "coordinates": [ [ [ 21.067765, 52.349405 ], [ 21.069988, 52.351615 ], [ 21.074225, 52.35154 ], [ 21.076238, 52.349256 ], [ 21.074014, 52.347047 ], [ 21.069778, 52.347121 ], [ 21.067765, 52.349405 ] ] ] } },
{ "type": "Feature", "properties": { "fid": 1481, "hex_id": 1480 }, "geometry": { "type": "Polygon", "coordinates": [ [ [ 21.067555, 52.344911 ], [ 21.069778, 52.347121 ], [ 21.074014, 52.347047 ], [ 21.076027, 52.344763 ], [ 21.073804, 52.342553 ], [ 21.069568, 52.342627 ], [ 21.067555, 52.344911 ] ] ] } },
{ "type": "Feature", "properties": { "fid": 1482, "hex_id": 1481 }, "geometry": { "type": "Polygon", "coordinates": [ [ [ 21.067345, 52.340418 ], [ 21.069568, 52.342627 ], [ 21.073804, 52.342553 ], [ 21.075817, 52.340269 ], [ 21.073594, 52.338059 ], [ 21.069358, 52.338134 ], [ 21.067345, 52.340418 ] ] ] } },
{ "type": "Feature", "properties": { "fid": 1483, "hex_id": 1482 }, "geometry": { "type": "Polygon", "coordinates": [ [ [ 21.067136, 52.335924 ], [ 21.069358, 52.338134 ], [ 21.073594, 52.338059 ], [ 21.075606, 52.335775 ], [ 21.073384, 52.333566 ], [ 21.069148, 52.33364 ], [ 21.067136, 52.335924 ] ] ] } },
{ "type": "Feature", "properties": { "fid": 1484, "hex_id": 1483 }, "geometry": { "type": "Polygon", "coordinates": [ [ [ 21.066926, 52.33143 ], [ 21.069148, 52.33364 ], [ 21.073384, 52.333566 ], [ 21.075396, 52.331282 ], [ 21.073173, 52.329072 ], [ 21.068939, 52.329146 ], [ 21.066926, 52.33143 ] ] ] } },
{ "type": "Feature", "properties": { "fid": 1485, "hex_id": 1484 }, "geometry": { "type": "Polygon", "coordinates": [ [ [ 21.066717, 52.326937 ], [ 21.068939, 52.329146 ], [ 21.073173, 52.329072 ], [ 21.075185, 52.326788 ], [ 21.072963, 52.324579 ], [ 21.068729, 52.324653 ], [ 21.066717, 52.326937 ] ] ] } },
{ "type": "Feature", "properties": { "fid": 1486, "hex_id": 1485 }, "geometry": { "type": "Polygon", "coordinates": [ [ [ 21.066507, 52.322443 ], [ 21.068729, 52.324653 ], [ 21.072963, 52.324579 ], [ 21.074975, 52.322295 ], [ 21.072753, 52.320085 ], [ 21.068519, 52.320159 ], [ 21.066507, 52.322443 ] ] ] } },
{ "type": "Feature", "properties": { "fid": 1487, "hex_id": 1486 }, "geometry": { "type": "Polygon", "coordinates": [ [ [ 21.066298, 52.317949 ], [ 21.068519, 52.320159 ], [ 21.072753, 52.320085 ], [ 21.074765, 52.317801 ], [ 21.072543, 52.315591 ], [ 21.06831, 52.315666 ], [ 21.066298, 52.317949 ] ] ] } },
{ "type": "Feature", "properties": { "fid": 1488, "hex_id": 1487 }, "geometry": { "type": "Polygon", "coordinates": [ [ [ 21.066088, 52.313456 ], [ 21.06831, 52.315666 ], [ 21.072543, 52.315591 ], [ 21.074555, 52.313307 ], [ 21.072333, 52.311098 ], [ 21.0681, 52.311172 ], [ 21.066088, 52.313456 ] ] ] } },
{ "type": "Feature", "properties": { "fid": 1489, "hex_id": 1488 }, "geometry": { "type": "Polygon", "coordinates": [ [ [ 21.065879, 52.308962 ], [ 21.0681, 52.311172 ], [ 21.072333, 52.311098 ], [ 21.074345, 52.308814 ], [ 21.072123, 52.306604 ], [ 21.067891, 52.306678 ], [ 21.065879, 52.308962 ] ] ] } },
{ "type": "Feature", "properties": { "fid": 1490, "hex_id": 1489 }, "geometry": { "type": "Polygon", "coordinates": [ [ [ 21.06567, 52.304468 ], [ 21.067891, 52.306678 ], [ 21.072123, 52.306604 ], [ 21.074134, 52.30432 ], [ 21.071913, 52.30211 ], [ 21.067681, 52.302185 ], [ 21.06567, 52.304468 ] ] ] } },
{ "type": "Feature", "properties": { "fid": 1491, "hex_id": 1490 }, "geometry": { "type": "Polygon", "coordinates": [ [ [ 21.065461, 52.299975 ], [ 21.067681, 52.302185 ], [ 21.071913, 52.30211 ], [ 21.073924, 52.299826 ], [ 21.071704, 52.297617 ], [ 21.067472, 52.297691 ], [ 21.065461, 52.299975 ] ] ] } },
{ "type": "Feature", "properties": { "fid": 1492, "hex_id": 1491 }, "geometry": { "type": "Polygon", "coordinates": [ [ [ 21.065252, 52.295481 ], [ 21.067472, 52.297691 ], [ 21.071704, 52.297617 ], [ 21.073714, 52.295333 ], [ 21.071494, 52.293123 ], [ 21.067263, 52.293197 ], [ 21.065252, 52.295481 ] ] ] } },
{ "type": "Feature", "properties": { "fid": 1493, "hex_id": 1492 }, "geometry": { "type": "Polygon", "coordinates": [ [ [ 21.065043, 52.290987 ], [ 21.067263, 52.293197 ], [ 21.071494, 52.293123 ], [ 21.073504, 52.290839 ], [ 21.071284, 52.288629 ], [ 21.067053, 52.288704 ], [ 21.065043, 52.290987 ] ] ] } },
{ "type": "Feature", "properties": { "fid": 1494, "hex_id": 1493 }, "geometry": { "type": "Polygon", "coordinates": [ [ [ 21.064833, 52.286494 ], [ 21.067053, 52.288704 ], [ 21.071284, 52.288629 ], [ 21.073295, 52.286345 ], [ 21.071075, 52.284136 ], [ 21.066844, 52.28421 ], [ 21.064833, 52.286494 ] ] ] } },
{ "type": "Feature", "properties": { "fid": 1495, "hex_id": 1494 }, "geometry": { "type": "Polygon", "coordinates": [ [ [ 21.064625, 52.282 ], [ 21.066844, 52.28421 ], [ 21.071075, 52.284136 ], [ 21.073085, 52.281852 ], [ 21.070865, 52.279642 ], [ 21.066635, 52.279716 ], [ 21.064625, 52.282 ] ] ] } },
{ "type": "Feature", "properties": { "fid": 1496, "hex_id": 1495 }, "geometry": { "type": "Polygon", "coordinates": [ [ [ 21.064416, 52.277506 ], [ 21.066635, 52.279716 ], [ 21.070865, 52.279642 ], [ 21.072875, 52.277358 ], [ 21.070655, 52.275148 ], [ 21.066426, 52.275222 ], [ 21.064416, 52.277506 ] ] ] } },
{ "type": "Feature", "properties": { "fid": 1497, "hex_id": 1496 }, "geometry": { "type": "Polygon", "coordinates": [ [ [ 21.064207, 52.273013 ], [ 21.066426, 52.275222 ], [ 21.070655, 52.275148 ], [ 21.072665, 52.272864 ], [ 21.070446, 52.270655 ], [ 21.066217, 52.270729 ], [ 21.064207, 52.273013 ] ] ] } },
{ "type": "Feature", "properties": { "fid": 1498, "hex_id": 1497 }, "geometry": { "type": "Polygon", "coordinates": [ [ [ 21.063998, 52.268519 ], [ 21.066217, 52.270729 ], [ 21.070446, 52.270655 ], [ 21.072456, 52.268371 ], [ 21.070237, 52.266161 ], [ 21.066008, 52.266235 ], [ 21.063998, 52.268519 ] ] ] } },
{ "type": "Feature", "properties": { "fid": 1499, "hex_id": 1498 }, "geometry": { "type": "Polygon", "coordinates": [ [ [ 21.063789, 52.264025 ], [ 21.066008, 52.266235 ], [ 21.070237, 52.266161 ], [ 21.072246, 52.263877 ], [ 21.070027, 52.261667 ], [ 21.065799, 52.261741 ], [ 21.063789, 52.264025 ] ] ] } },
{ "type": "Feature", "properties": { "fid": 1500, "hex_id": 1499 }, "geometry": { "type": "Polygon", "coordinates": [ [ [ 21.063581, 52.259532 ], [ 21.065799, 52.261741 ], [ 21.070027, 52.261667 ], [ 21.072037, 52.259383 ], [ 21.069818, 52.257174 ], [ 21.06559, 52.257248 ], [ 21.063581, 52.259532 ] ] ] } },
{ "type": "Feature", "properties": { "fid": 1501, "hex_id": 1500 }, "geometry": { "type": "Polygon", "coordinates": [ [ [ 21.063372, 52.255038 ], [ 21.06559, 52.257248 ], [ 21.069818, 52.257174 ], [ 21.071827, 52.25489 ], [ 21.069609, 52.25268 ], [ 21.065381, 52.252754 ], [ 21.063372, 52.255038 ] ] ] } },
{ "type": "Feature", "properties": { "fid": 1502, "hex_id": 1501 }, "geometry": { "type": "Polygon", "coordinates": [ [ [ 21.063163, 52.250544 ], [ 21.065381, 52.252754 ], [ 21.069609, 52.25268 ], [ 21.071618, 52.250396 ], [ 21.069399, 52.248186 ], [ 21.065173, 52.24826 ], [ 21.063163, 52.250544 ] ] ] } },
{ "type": "Feature", "properties": { "fid": 1503, "hex_id": 1502 }, "geometry": { "type": "Polygon", "coordinates": [ [ [ 21.062955, 52.24605 ], [ 21.065173, 52.24826 ], [ 21.069399, 52.248186 ], [ 21.071408, 52.245902 ], [ 21.06919, 52.243693 ], [ 21.064964, 52.243767 ], [ 21.062955, 52.24605 ] ] ] } },
{ "type": "Feature", "properties": { "fid": 1504, "hex_id": 1503 }, "geometry": { "type": "Polygon", "coordinates": [ [ [ 21.062746, 52.241557 ], [ 21.064964, 52.243767 ], [ 21.06919, 52.243693 ], [ 21.071199, 52.241409 ], [ 21.068981, 52.239199 ], [ 21.064755, 52.239273 ], [ 21.062746, 52.241557 ] ] ] } },
{ "type": "Feature", "properties": { "fid": 1505, "hex_id": 1504 }, "geometry": { "type": "Polygon", "coordinates": [ [ [ 21.062538, 52.237063 ], [ 21.064755, 52.239273 ], [ 21.068981, 52.239199 ], [ 21.07099, 52.236915 ], [ 21.068772, 52.234705 ], [ 21.064547, 52.234779 ], [ 21.062538, 52.237063 ] ] ] } },
{ "type": "Feature", "properties": { "fid": 1506, "hex_id": 1505 }, "geometry": { "type": "Polygon", "coordinates": [ [ [ 21.06233, 52.232569 ], [ 21.064547, 52.234779 ], [ 21.068772, 52.234705 ], [ 21.07078, 52.232421 ], [ 21.068563, 52.230211 ], [ 21.064338, 52.230285 ], [ 21.06233, 52.232569 ] ] ] } },
{ "type": "Feature", "properties": { "fid": 1507, "hex_id": 1506 }, "geometry": { "type": "Polygon", "coordinates": [ [ [ 21.062121, 52.228075 ], [ 21.064338, 52.230285 ], [ 21.068563, 52.230211 ], [ 21.070571, 52.227927 ], [ 21.068354, 52.225718 ], [ 21.064129, 52.225792 ], [ 21.062121, 52.228075 ] ] ] } },
{ "type": "Feature", "properties": { "fid": 1508, "hex_id": 1507 }, "geometry": { "type": "Polygon", "coordinates": [ [ [ 21.061913, 52.223582 ], [ 21.064129, 52.225792 ], [ 21.068354, 52.225718 ], [ 21.070362, 52.223434 ], [ 21.068145, 52.221224 ], [ 21.063921, 52.221298 ], [ 21.061913, 52.223582 ] ] ] } },
{ "type": "Feature", "properties": { "fid": 1509, "hex_id": 1508 }, "geometry": { "type": "Polygon", "coordinates": [ [ [ 21.061705, 52.219088 ], [ 21.063921, 52.221298 ], [ 21.068145, 52.221224 ], [ 21.070153, 52.21894 ], [ 21.067937, 52.21673 ], [ 21.063713, 52.216804 ], [ 21.061705, 52.219088 ] ] ] } },
{ "type": "Feature", "properties": { "fid": 1510, "hex_id": 1509 }, "geometry": { "type": "Polygon", "coordinates": [ [ [ 21.061497, 52.214594 ], [ 21.063713, 52.216804 ], [ 21.067937, 52.21673 ], [ 21.069944, 52.214446 ], [ 21.067728, 52.212236 ], [ 21.063504, 52.21231 ], [ 21.061497, 52.214594 ] ] ] } },
{ "type": "Feature", "properties": { "fid": 1511, "hex_id": 1510 }, "geometry": { "type": "Polygon", "coordinates": [ [ [ 21.061289, 52.2101 ], [ 21.063504, 52.21231 ], [ 21.067728, 52.212236 ], [ 21.069735, 52.209953 ], [ 21.067519, 52.207743 ], [ 21.063296, 52.207817 ], [ 21.061289, 52.2101 ] ] ] } },
{ "type": "Feature", "properties": { "fid": 1512, "hex_id": 1511 }, "geometry": { "type": "Polygon", "coordinates": [ [ [ 21.06108, 52.205607 ], [ 21.063296, 52.207817 ], [ 21.067519, 52.207743 ], [ 21.069526, 52.205459 ], [ 21.067311, 52.203249 ], [ 21.063088, 52.203323 ], [ 21.06108, 52.205607 ] ] ] } },
{ "type": "Feature", "properties": { "fid": 1513, "hex_id": 1512 }, "geometry": { "type": "Polygon", "coordinates": [ [ [ 21.060873, 52.201113 ], [ 21.063088, 52.203323 ], [ 21.067311, 52.203249 ], [ 21.069317, 52.200965 ], [ 21.067102, 52.198755 ], [ 21.06288, 52.198829 ], [ 21.060873, 52.201113 ] ] ] } },
{ "type": "Feature", "properties": { "fid": 1514, "hex_id": 1513 }, "geometry": { "type": "Polygon", "coordinates": [ [ [ 21.060665, 52.196619 ], [ 21.06288, 52.198829 ], [ 21.067102, 52.198755 ], [ 21.069109, 52.196471 ], [ 21.066893, 52.194262 ], [ 21.062672, 52.194335 ], [ 21.060665, 52.196619 ] ] ] } },
{ "type": "Feature", "properties": { "fid": 1515, "hex_id": 1514 }, "geometry": { "type": "Polygon", "coordinates": [ [ [ 21.060457, 52.192125 ], [ 21.062672, 52.194335 ], [ 21.066893, 52.194262 ], [ 21.0689, 52.191978 ], [ 21.066685, 52.189768 ], [ 21.062464, 52.189842 ], [ 21.060457, 52.192125 ] ] ] } },
{ "type": "Feature", "properties": { "fid": 1516, "hex_id": 1515 }, "geometry": { "type": "Polygon", "coordinates": [ [ [ 21.060249, 52.187632 ], [ 21.062464, 52.189842 ], [ 21.066685, 52.189768 ], [ 21.068691, 52.187484 ], [ 21.066476, 52.185274 ], [ 21.062256, 52.185348 ], [ 21.060249, 52.187632 ] ] ] } },
{ "type": "Feature", "properties": { "fid": 1517, "hex_id": 1516 }, "geometry": { "type": "Polygon", "coordinates": [ [ [ 21.060041, 52.183138 ], [ 21.062256, 52.185348 ], [ 21.066476, 52.185274 ], [ 21.068483, 52.18299 ], [ 21.066268, 52.18078 ], [ 21.062048, 52.180854 ], [ 21.060041, 52.183138 ] ] ] } },
{ "type": "Feature", "properties": { "fid": 1518, "hex_id": 1517 }, "geometry": { "type": "Polygon", "coordinates": [ [ [ 21.059833, 52.178644 ], [ 21.062048, 52.180854 ], [ 21.066268, 52.18078 ], [ 21.068274, 52.178496 ], [ 21.06606, 52.176286 ], [ 21.06184, 52.17636 ], [ 21.059833, 52.178644 ] ] ] } },
{ "type": "Feature", "properties": { "fid": 1519, "hex_id": 1518 }, "geometry": { "type": "Polygon", "coordinates": [ [ [ 21.059626, 52.17415 ], [ 21.06184, 52.17636 ], [ 21.06606, 52.176286 ], [ 21.068066, 52.174003 ], [ 21.065852, 52.171793 ], [ 21.061632, 52.171867 ], [ 21.059626, 52.17415 ] ] ] } },
{ "type": "Feature", "properties": { "fid": 1520, "hex_id": 1519 }, "geometry": { "type": "Polygon", "coordinates": [ [ [ 21.059418, 52.169657 ], [ 21.061632, 52.171867 ], [ 21.065852, 52.171793 ], [ 21.067857, 52.169509 ], [ 21.065643, 52.167299 ], [ 21.061424, 52.167373 ], [ 21.059418, 52.169657 ] ] ] } },
{ "type": "Feature", "properties": { "fid": 1521, "hex_id": 1520 }, "geometry": { "type": "Polygon", "coordinates": [ [ [ 21.059211, 52.165163 ], [ 21.061424, 52.167373 ], [ 21.065643, 52.167299 ], [ 21.067649, 52.165015 ], [ 21.065435, 52.162805 ], [ 21.061216, 52.162879 ], [ 21.059211, 52.165163 ] ] ] } },
{ "type": "Feature", "properties": { "fid": 1522, "hex_id": 1521 }, "geometry": { "type": "Polygon", "coordinates": [ [ [ 21.059003, 52.160669 ], [ 21.061216, 52.162879 ], [ 21.065435, 52.162805 ], [ 21.06744, 52.160521 ], [ 21.065227, 52.158311 ], [ 21.061009, 52.158385 ], [ 21.059003, 52.160669 ] ] ] } },
{ "type": "Feature", "properties": { "fid": 1523, "hex_id": 1522 }, "geometry": { "type": "Polygon", "coordinates": [ [ [ 21.058796, 52.156175 ], [ 21.061009, 52.158385 ], [ 21.065227, 52.158311 ], [ 21.067232, 52.156028 ], [ 21.065019, 52.153818 ], [ 21.060801, 52.153891 ], [ 21.058796, 52.156175 ] ] ] } },
{ "type": "Feature", "properties": { "fid": 1524, "hex_id": 1523 }, "geometry": { "type": "Polygon", "coordinates": [ [ [ 21.058588, 52.151681 ], [ 21.060801, 52.153891 ], [ 21.065019, 52.153818 ], [ 21.067024, 52.151534 ], [ 21.064811, 52.149324 ], [ 21.060593, 52.149398 ], [ 21.058588, 52.151681 ] ] ] } },
{ "type": "Feature", "properties": { "fid": 1525, "hex_id": 1524 }, "geometry": { "type": "Polygon", "coordinates": [ [ [ 21.058381, 52.147188 ], [ 21.060593, 52.149398 ], [ 21.064811, 52.149324 ], [ 21.066816, 52.14704 ], [ 21.064603, 52.14483 ], [ 21.060386, 52.144904 ], [ 21.058381, 52.147188 ] ] ] } },
{ "type": "Feature", "properties": { "fid": 1526, "hex_id": 1525 }, "geometry": { "type": "Polygon", "coordinates": [ [ [ 21.058174, 52.142694 ], [ 21.060386, 52.144904 ], [ 21.064603, 52.14483 ], [ 21.066608, 52.142546 ], [ 21.064395, 52.140336 ], [ 21.060179, 52.14041 ], [ 21.058174, 52.142694 ] ] ] } },
{ "type": "Feature", "properties": { "fid": 1527, "hex_id": 1526 }, "geometry": { "type": "Polygon", "coordinates": [ [ [ 21.057967, 52.1382 ], [ 21.060179, 52.14041 ], [ 21.064395, 52.140336 ], [ 21.0664, 52.138052 ], [ 21.064187, 52.135842 ], [ 21.059971, 52.135916 ], [ 21.057967, 52.1382 ] ] ] } },
{ "type": "Feature", "properties": { "fid": 1528, "hex_id": 1527 }, "geometry": { "type": "Polygon", "coordinates": [ [ [ 21.057759, 52.133706 ], [ 21.059971, 52.135916 ], [ 21.064187, 52.135842 ], [ 21.066192, 52.133559 ], [ 21.06398, 52.131349 ], [ 21.059764, 52.131422 ], [ 21.057759, 52.133706 ] ] ] } },
{ "type": "Feature", "properties": { "fid": 1529, "hex_id": 1528 }, "geometry": { "type": "Polygon", "coordinates": [ [ [ 21.057552, 52.129212 ], [ 21.059764, 52.131422 ], [ 21.06398, 52.131349 ], [ 21.065984, 52.129065 ], [ 21.063772, 52.126855 ], [ 21.059556, 52.126929 ], [ 21.057552, 52.129212 ] ] ] } },
{ "type": "Feature", "properties": { "fid": 1530, "hex_id": 1529 }, "geometry": { "type": "Polygon", "coordinates": [ [ [ 21.057345, 52.124718 ], [ 21.059556, 52.126929 ], [ 21.063772, 52.126855 ], [ 21.065776, 52.124571 ], [ 21.063564, 52.122361 ], [ 21.059349, 52.122435 ], [ 21.057345, 52.124718 ] ] ] } },
{ "type": "Feature", "properties": { "fid": 1531, "hex_id": 1530 }, "geometry": { "type": "Polygon", "coordinates": [ [ [ 21.057138, 52.120225 ], [ 21.059349, 52.122435 ], [ 21.063564, 52.122361 ], [ 21.065568, 52.120077 ], [ 21.063357, 52.117867 ], [ 21.059142, 52.117941 ], [ 21.057138, 52.120225 ] ] ] } },
{ "type": "Feature", "properties": { "fid": 1532, "hex_id": 1531 }, "geometry": { "type": "Polygon", "coordinates": [ [ [ 21.056931, 52.115731 ], [ 21.059142, 52.117941 ], [ 21.063357, 52.117867 ], [ 21.06536, 52.115583 ], [ 21.063149, 52.113373 ], [ 21.058935, 52.113447 ], [ 21.056931, 52.115731 ] ] ] } },
{ "type": "Feature", "properties": { "fid": 1533, "hex_id": 1532 }, "geometry": { "type": "Polygon", "coordinates": [ [ [ 21.056724, 52.111237 ], [ 21.058935, 52.113447 ], [ 21.063149, 52.113373 ], [ 21.065152, 52.11109 ], [ 21.062942, 52.10888 ], [ 21.058728, 52.108953 ], [ 21.056724, 52.111237 ] ] ] } },
{ "type": "Feature", "properties": { "fid": 1534, "hex_id": 1533 }, "geometry": { "type": "Polygon", "coordinates": [ [ [ 21.056518, 52.106743 ], [ 21.058728, 52.108953 ], [ 21.062942, 52.10888 ], [ 21.064945, 52.106596 ], [ 21.062734, 52.104386 ], [ 21.058521, 52.104459 ], [ 21.056518, 52.106743 ] ] ] } },
{ "type": "Feature", "properties": { "fid": 1535, "hex_id": 1534 }, "geometry": { "type": "Polygon", "coordinates": [ [ [ 21.074646, 52.360528 ], [ 21.07687, 52.362737 ], [ 21.081108, 52.362663 ], [ 21.083121, 52.360378 ], [ 21.080897, 52.358169 ], [ 21.076659, 52.358244 ], [ 21.074646, 52.360528 ] ] ] } },
{ "type": "Feature", "properties": { "fid": 1536, "hex_id": 1535 }, "geometry": { "type": "Polygon", "coordinates": [ [ [ 21.074435, 52.356034 ], [ 21.076659, 52.358244 ], [ 21.080897, 52.358169 ], [ 21.08291, 52.355885 ], [ 21.080686, 52.353675 ], [ 21.076449, 52.35375 ], [ 21.074435, 52.356034 ] ] ] } },
{ "type": "Feature", "properties": { "fid": 1537, "hex_id": 1536 }, "geometry": { "type": "Polygon", "coordinates": [ [ [ 21.074225, 52.35154 ], [ 21.076449, 52.35375 ], [ 21.080686, 52.353675 ], [ 21.082698, 52.351391 ], [ 21.080474, 52.349182 ], [ 21.076238, 52.349256 ], [ 21.074225, 52.35154 ] ] ] } },
{ "type": "Feature", "properties": { "fid": 1538, "hex_id": 1537 }, "geometry": { "type": "Polygon", "coordinates": [ [ [ 21.074014, 52.347047 ], [ 21.076238, 52.349256 ], [ 21.080474, 52.349182 ], [ 21.082487, 52.346898 ], [ 21.080263, 52.344688 ], [ 21.076027, 52.344763 ], [ 21.074014, 52.347047 ] ] ] } },
{ "type": "Feature", "properties": { "fid": 1539, "hex_id": 1538 }, "geometry": { "type": "Polygon", "coordinates": [ [ [ 21.073804, 52.342553 ], [ 21.076027, 52.344763 ], [ 21.080263, 52.344688 ], [ 21.082276, 52.342404 ], [ 21.080052, 52.340195 ], [ 21.075817, 52.340269 ], [ 21.073804, 52.342553 ] ] ] } },
{ "type": "Feature", "properties": { "fid": 1540, "hex_id": 1539 }, "geometry": { "type": "Polygon", "coordinates": [ [ [ 21.073594, 52.338059 ], [ 21.075817, 52.340269 ], [ 21.080052, 52.340195 ], [ 21.082065, 52.33791 ], [ 21.079842, 52.335701 ], [ 21.075606, 52.335775 ], [ 21.073594, 52.338059 ] ] ] } },
{ "type": "Feature", "properties": { "fid": 1541, "hex_id": 1540 }, "geometry": { "type": "Polygon", "coordinates": [ [ [ 21.073384, 52.333566 ], [ 21.075606, 52.335775 ], [ 21.079842, 52.335701 ], [ 21.081854, 52.333417 ], [ 21.079631, 52.331207 ], [ 21.075396, 52.331282 ], [ 21.073384, 52.333566 ] ] ] } },
{ "type": "Feature", "properties": { "fid": 1542, "hex_id": 1541 }, "geometry": { "type": "Polygon", "coordinates": [ [ [ 21.073173, 52.329072 ], [ 21.075396, 52.331282 ], [ 21.079631, 52.331207 ], [ 21.081643, 52.328923 ], [ 21.07942, 52.326714 ], [ 21.075185, 52.326788 ], [ 21.073173, 52.329072 ] ] ] } },
{ "type": "Feature", "properties": { "fid": 1543, "hex_id": 1542 }, "geometry": { "type": "Polygon", "coordinates": [ [ [ 21.072963, 52.324579 ], [ 21.075185, 52.326788 ], [ 21.07942, 52.326714 ], [ 21.081432, 52.32443 ], [ 21.079209, 52.32222 ], [ 21.074975, 52.322295 ], [ 21.072963, 52.324579 ] ] ] } },
{ "type": "Feature", "properties": { "fid": 1544, "hex_id": 1543 }, "geometry": { "type": "Polygon", "coordinates": [ [ [ 21.072753, 52.320085 ], [ 21.074975, 52.322295 ], [ 21.079209, 52.32222 ], [ 21.081221, 52.319936 ], [ 21.078998, 52.317727 ], [ 21.074765, 52.317801 ], [ 21.072753, 52.320085 ] ] ] } },
{ "type": "Feature", "properties": { "fid": 1545, "hex_id": 1544 }, "geometry": { "type": "Polygon", "coordinates": [ [ [ 21.072543, 52.315591 ], [ 21.074765, 52.317801 ], [ 21.078998, 52.317727 ], [ 21.08101, 52.315442 ], [ 21.078788, 52.313233 ], [ 21.074555, 52.313307 ], [ 21.072543, 52.315591 ] ] ] } },
{ "type": "Feature", "properties": { "fid": 1546, "hex_id": 1545 }, "geometry": { "type": "Polygon", "coordinates": [ [ [ 21.072333, 52.311098 ], [ 21.074555, 52.313307 ], [ 21.078788, 52.313233 ], [ 21.080799, 52.310949 ], [ 21.078577, 52.308739 ], [ 21.074345, 52.308814 ], [ 21.072333, 52.311098 ] ] ] } },
{ "type": "Feature", "properties": { "fid": 1547, "hex_id": 1546 }, "geometry": { "type": "Polygon", "coordinates": [ [ [ 21.072123, 52.306604 ], [ 21.074345, 52.308814 ], [ 21.078577, 52.308739 ], [ 21.080588, 52.306455 ], [ 21.078367, 52.304246 ], [ 21.074134, 52.30432 ], [ 21.072123, 52.306604 ] ] ] } },
{ "type": "Feature", "properties": { "fid": 1548, "hex_id": 1547 }, "geometry": { "type": "Polygon", "coordinates": [ [ [ 21.071913, 52.30211 ], [ 21.074134, 52.30432 ], [ 21.078367, 52.304246 ], [ 21.080377, 52.301962 ], [ 21.078156, 52.299752 ], [ 21.073924, 52.299826 ], [ 21.071913, 52.30211 ] ] ] } },
{ "type": "Feature", "properties": { "fid": 1549, "hex_id": 1548 }, "geometry": { "type": "Polygon", "coordinates": [ [ [ 21.071704, 52.297617 ], [ 21.073924, 52.299826 ], [ 21.078156, 52.299752 ], [ 21.080167, 52.297468 ], [ 21.077946, 52.295258 ], [ 21.073714, 52.295333 ], [ 21.071704, 52.297617 ] ] ] } },
{ "type": "Feature", "properties": { "fid": 1550, "hex_id": 1549 }, "geometry": { "type": "Polygon", "coordinates": [ [ [ 21.071494, 52.293123 ], [ 21.073714, 52.295333 ], [ 21.077946, 52.295258 ], [ 21.079956, 52.292974 ], [ 21.077735, 52.290765 ], [ 21.073504, 52.290839 ], [ 21.071494, 52.293123 ] ] ] } },
{ "type": "Feature", "properties": { "fid": 1551, "hex_id": 1550 }, "geometry": { "type": "Polygon", "coordinates": [ [ [ 21.071284, 52.288629 ], [ 21.073504, 52.290839 ], [ 21.077735, 52.290765 ], [ 21.079746, 52.288481 ], [ 21.077525, 52.286271 ], [ 21.073295, 52.286345 ], [ 21.071284, 52.288629 ] ] ] } },
{ "type": "Feature", "properties": { "fid": 1552, "hex_id": 1551 }, "geometry": { "type": "Polygon", "coordinates": [ [ [ 21.071075, 52.284136 ], [ 21.073295, 52.286345 ], [ 21.077525, 52.286271 ], [ 21.079535, 52.283987 ], [ 21.077315, 52.281777 ], [ 21.073085, 52.281852 ], [ 21.071075, 52.284136 ] ] ] } },
{ "type": "Feature", "properties": { "fid": 1553, "hex_id": 1552 }, "geometry": { "type": "Polygon", "coordinates": [ [ [ 21.070865, 52.279642 ], [ 21.073085, 52.281852 ], [ 21.077315, 52.281777 ], [ 21.079325, 52.279493 ], [ 21.077105, 52.277284 ], [ 21.072875, 52.277358 ], [ 21.070865, 52.279642 ] ] ] } },
{ "type": "Feature", "properties": { "fid": 1554, "hex_id": 1553 }, "geometry": { "type": "Polygon", "coordinates": [ [ [ 21.070655, 52.275148 ], [ 21.072875, 52.277358 ], [ 21.077105, 52.277284 ], [ 21.079114, 52.275 ], [ 21.076895, 52.27279 ], [ 21.072665, 52.272864 ], [ 21.070655, 52.275148 ] ] ] } },
{ "type": "Feature", "properties": { "fid": 1555, "hex_id": 1554 }, "geometry": { "type": "Polygon", "coordinates": [ [ [ 21.070446, 52.270655 ], [ 21.072665, 52.272864 ], [ 21.076895, 52.27279 ], [ 21.078904, 52.270506 ], [ 21.076684, 52.268296 ], [ 21.072456, 52.268371 ], [ 21.070446, 52.270655 ] ] ] } },
{ "type": "Feature", "properties": { "fid": 1556, "hex_id": 1555 }, "geometry": { "type": "Polygon", "coordinates": [ [ [ 21.070237, 52.266161 ], [ 21.072456, 52.268371 ], [ 21.076684, 52.268296 ], [ 21.078694, 52.266012 ], [ 21.076474, 52.263803 ], [ 21.072246, 52.263877 ], [ 21.070237, 52.266161 ] ] ] } },
{ "type": "Feature", "properties": { "fid": 1557, "hex_id": 1556 }, "geometry": { "type": "Polygon", "coordinates": [ [ [ 21.070027, 52.261667 ], [ 21.072246, 52.263877 ], [ 21.076474, 52.263803 ], [ 21.078484, 52.261519 ], [ 21.076264, 52.259309 ], [ 21.072037, 52.259383 ], [ 21.070027, 52.261667 ] ] ] } },
{ "type": "Feature", "properties": { "fid": 1558, "hex_id": 1557 }, "geometry": { "type": "Polygon", "coordinates": [ [ [ 21.069818, 52.257174 ], [ 21.072037, 52.259383 ], [ 21.076264, 52.259309 ], [ 21.078273, 52.257025 ], [ 21.076055, 52.254815 ], [ 21.071827, 52.25489 ], [ 21.069818, 52.257174 ] ] ] } },
{ "type": "Feature", "properties": { "fid": 1559, "hex_id": 1558 }, "geometry": { "type": "Polygon", "coordinates": [ [ [ 21.069609, 52.25268 ], [ 21.071827, 52.25489 ], [ 21.076055, 52.254815 ], [ 21.078063, 52.252531 ], [ 21.075845, 52.250322 ], [ 21.071618, 52.250396 ], [ 21.069609, 52.25268 ] ] ] } },
{ "type": "Feature", "properties": { "fid": 1560, "hex_id": 1559 }, "geometry": { "type": "Polygon", "coordinates": [ [ [ 21.069399, 52.248186 ], [ 21.071618, 52.250396 ], [ 21.075845, 52.250322 ], [ 21.077853, 52.248038 ], [ 21.075635, 52.245828 ], [ 21.071408, 52.245902 ], [ 21.069399, 52.248186 ] ] ] } },
{ "type": "Feature", "properties": { "fid": 1561, "hex_id": 1560 }, "geometry": { "type": "Polygon", "coordinates": [ [ [ 21.06919, 52.243693 ], [ 21.071408, 52.245902 ], [ 21.075635, 52.245828 ], [ 21.077643, 52.243544 ], [ 21.075425, 52.241334 ], [ 21.071199, 52.241409 ], [ 21.06919, 52.243693 ] ] ] } },
{ "type": "Feature", "properties": { "fid": 1562, "hex_id": 1561 }, "geometry": { "type": "Polygon", "coordinates": [ [ [ 21.068981, 52.239199 ], [ 21.071199, 52.241409 ], [ 21.075425, 52.241334 ], [ 21.077433, 52.23905 ], [ 21.075215, 52.236841 ], [ 21.07099, 52.236915 ], [ 21.068981, 52.239199 ] ] ] } },
{ "type": "Feature", "properties": { "fid": 1563, "hex_id": 1562 }, "geometry": { "type": "Polygon", "coordinates": [ [ [ 21.068772, 52.234705 ], [ 21.07099, 52.236915 ], [ 21.075215, 52.236841 ], [ 21.077223, 52.234557 ], [ 21.075006, 52.232347 ], [ 21.07078, 52.232421 ], [ 21.068772, 52.234705 ] ] ] } },
{ "type": "Feature", "properties": { "fid": 1564, "hex_id": 1563 }, "geometry": { "type": "Polygon", "coordinates": [ [ [ 21.068563, 52.230211 ], [ 21.07078, 52.232421 ], [ 21.075006, 52.232347 ], [ 21.077014, 52.230063 ], [ 21.074796, 52.227853 ], [ 21.070571, 52.227927 ], [ 21.068563, 52.230211 ] ] ] } },
{ "type": "Feature", "properties": { "fid": 1565, "hex_id": 1564 }, "geometry": { "type": "Polygon", "coordinates": [ [ [ 21.068354, 52.225718 ], [ 21.070571, 52.227927 ], [ 21.074796, 52.227853 ], [ 21.076804, 52.225569 ], [ 21.074587, 52.22336 ], [ 21.070362, 52.223434 ], [ 21.068354, 52.225718 ] ] ] } },
{ "type": "Feature", "properties": { "fid": 1566, "hex_id": 1565 }, "geometry": { "type": "Polygon", "coordinates": [ [ [ 21.068145, 52.221224 ], [ 21.070362, 52.223434 ], [ 21.074587, 52.22336 ], [ 21.076594, 52.221076 ], [ 21.074377, 52.218866 ], [ 21.070153, 52.21894 ], [ 21.068145, 52.221224 ] ] ] } },
{ "type": "Feature", "properties": { "fid": 1567, "hex_id": 1566 }, "geometry": { "type": "Polygon", "coordinates": [ [ [ 21.067937, 52.21673 ], [ 21.070153, 52.21894 ], [ 21.074377, 52.218866 ], [ 21.076384, 52.216582 ], [ 21.074168, 52.214372 ], [ 21.069944, 52.214446 ], [ 21.067937, 52.21673 ] ] ] } },
{ "type": "Feature", "properties": { "fid": 1568, "hex_id": 1567 }, "geometry": { "type": "Polygon", "coordinates": [ [ [ 21.067728, 52.212236 ], [ 21.069944, 52.214446 ], [ 21.074168, 52.214372 ], [ 21.076175, 52.212088 ], [ 21.073958, 52.209878 ], [ 21.069735, 52.209953 ], [ 21.067728, 52.212236 ] ] ] } },
{ "type": "Feature", "properties": { "fid": 1569, "hex_id": 1568 }, "geometry": { "type": "Polygon", "coordinates": [ [ [ 21.067519, 52.207743 ], [ 21.069735, 52.209953 ], [ 21.073958, 52.209878 ], [ 21.075965, 52.207594 ], [ 21.073749, 52.205385 ], [ 21.069526, 52.205459 ], [ 21.067519, 52.207743 ] ] ] } },
{ "type": "Feature", "properties": { "fid": 1570, "hex_id": 1569 }, "geometry": { "type": "Polygon", "coordinates": [ [ [ 21.067311, 52.203249 ], [ 21.069526, 52.205459 ], [ 21.073749, 52.205385 ], [ 21.075756, 52.203101 ], [ 21.07354, 52.200891 ], [ 21.069317, 52.200965 ], [ 21.067311, 52.203249 ] ] ] } },
{ "type": "Feature", "properties": { "fid": 1571, "hex_id": 1570 }, "geometry": { "type": "Polygon", "coordinates": [ [ [ 21.067102, 52.198755 ], [ 21.069317, 52.200965 ], [ 21.07354, 52.200891 ], [ 21.075546, 52.198607 ], [ 21.073331, 52.196397 ], [ 21.069109, 52.196471 ], [ 21.067102, 52.198755 ] ] ] } },
{ "type": "Feature", "properties": { "fid": 1572, "hex_id": 1571 }, "geometry": { "type": "Polygon", "coordinates": [ [ [ 21.066893, 52.194262 ], [ 21.069109, 52.196471 ], [ 21.073331, 52.196397 ], [ 21.075337, 52.194113 ], [ 21.073122, 52.191904 ], [ 21.0689, 52.191978 ], [ 21.066893, 52.194262 ] ] ] } },
{ "type": "Feature", "properties": { "fid": 1573, "hex_id": 1572 }, "geometry": { "type": "Polygon", "coordinates": [ [ [ 21.066685, 52.189768 ], [ 21.0689, 52.191978 ], [ 21.073122, 52.191904 ], [ 21.075128, 52.18962 ], [ 21.072912, 52.18741 ], [ 21.068691, 52.187484 ], [ 21.066685, 52.189768 ] ] ] } },
{ "type": "Feature", "properties": { "fid": 1574, "hex_id": 1573 }, "geometry": { "type": "Polygon", "coordinates": [ [ [ 21.066476, 52.185274 ], [ 21.068691, 52.187484 ], [ 21.072912, 52.18741 ], [ 21.074918, 52.185126 ], [ 21.072703, 52.182916 ], [ 21.068483, 52.18299 ], [ 21.066476, 52.185274 ] ] ] } },
{ "type": "Feature", "properties": { "fid": 1575, "hex_id": 1574 }, "geometry": { "type": "Polygon", "coordinates": [ [ [ 21.066268, 52.18078 ], [ 21.068483, 52.18299 ], [ 21.072703, 52.182916 ], [ 21.074709, 52.180632 ], [ 21.072494, 52.178422 ], [ 21.068274, 52.178496 ], [ 21.066268, 52.18078 ] ] ] } },
{ "type": "Feature", "properties": { "fid": 1576, "hex_id": 1575 }, "geometry": { "type": "Polygon", "coordinates": [ [ [ 21.06606, 52.176286 ], [ 21.068274, 52.178496 ], [ 21.072494, 52.178422 ], [ 21.0745, 52.176138 ], [ 21.072286, 52.173929 ], [ 21.068066, 52.174003 ], [ 21.06606, 52.176286 ] ] ] } },
{ "type": "Feature", "properties": { "fid": 1577, "hex_id": 1576 }, "geometry": { "type": "Polygon", "coordinates": [ [ [ 21.065852, 52.171793 ], [ 21.068066, 52.174003 ], [ 21.072286, 52.173929 ], [ 21.074291, 52.171645 ], [ 21.072077, 52.169435 ], [ 21.067857, 52.169509 ], [ 21.065852, 52.171793 ] ] ] } },
{ "type": "Feature", "properties": { "fid": 1578, "hex_id": 1577 }, "geometry": { "type": "Polygon", "coordinates": [ [ [ 21.065643, 52.167299 ], [ 21.067857, 52.169509 ], [ 21.072077, 52.169435 ], [ 21.074082, 52.167151 ], [ 21.071868, 52.164941 ], [ 21.067649, 52.165015 ], [ 21.065643, 52.167299 ] ] ] } },
{ "type": "Feature", "properties": { "fid": 1579, "hex_id": 1578 }, "geometry": { "type": "Polygon", "coordinates": [ [ [ 21.065435, 52.162805 ], [ 21.067649, 52.165015 ], [ 21.071868, 52.164941 ], [ 21.073873, 52.162657 ], [ 21.071659, 52.160447 ], [ 21.06744, 52.160521 ], [ 21.065435, 52.162805 ] ] ] } },
{ "type": "Feature", "properties": { "fid": 1580, "hex_id": 1579 }, "geometry": { "type": "Polygon", "coordinates": [ [ [ 21.065227, 52.158311 ], [ 21.06744, 52.160521 ], [ 21.071659, 52.160447 ], [ 21.073664, 52.158163 ], [ 21.07145, 52.155953 ], [ 21.067232, 52.156028 ], [ 21.065227, 52.158311 ] ] ] } },
{ "type": "Feature", "properties": { "fid": 1581, "hex_id": 1580 }, "geometry": { "type": "Polygon", "coordinates": [ [ [ 21.065019, 52.153818 ], [ 21.067232, 52.156028 ], [ 21.07145, 52.155953 ], [ 21.073455, 52.15367 ], [ 21.071242, 52.15146 ], [ 21.067024, 52.151534 ], [ 21.065019, 52.153818 ] ] ] } },
{ "type": "Feature", "properties": { "fid": 1582, "hex_id": 1581 }, "geometry": { "type": "Polygon", "coordinates": [ [ [ 21.064811, 52.149324 ], [ 21.067024, 52.151534 ], [ 21.071242, 52.15146 ], [ 21.073246, 52.149176 ], [ 21.071033, 52.146966 ], [ 21.066816, 52.14704 ], [ 21.064811, 52.149324 ] ] ] } },
{ "type": "Feature", "properties": { "fid": 1583, "hex_id": 1582 }, "geometry": { "type": "Polygon", "coordinates": [ [ [ 21.064603, 52.14483 ], [ 21.066816, 52.14704 ], [ 21.071033, 52.146966 ], [ 21.073037, 52.144682 ], [ 21.070825, 52.142472 ], [ 21.066608, 52.142546 ], [ 21.064603, 52.14483 ] ] ] } },
{ "type": "Feature", "properties": { "fid": 1584, "hex_id": 1583 }, "geometry": { "type": "Polygon", "coordinates": [ [ [ 21.064395, 52.140336 ], [ 21.066608, 52.142546 ], [ 21.070825, 52.142472 ], [ 21.072829, 52.140188 ], [ 21.070616, 52.137978 ], [ 21.0664, 52.138052 ], [ 21.064395, 52.140336 ] ] ] } },
{ "type": "Feature", "properties": { "fid": 1585, "hex_id": 1584 }, "geometry": { "type": "Polygon", "coordinates": [ [ [ 21.064187, 52.135842 ], [ 21.0664, 52.138052 ], [ 21.070616, 52.137978 ], [ 21.07262, 52.135694 ], [ 21.070408, 52.133485 ], [ 21.066192, 52.133559 ], [ 21.064187, 52.135842 ] ] ] } },
{ "type": "Feature", "properties": { "fid": 1586, "hex_id": 1585 }, "geometry": { "type": "Polygon", "coordinates": [ [ [ 21.06398, 52.131349 ], [ 21.066192, 52.133559 ], [ 21.070408, 52.133485 ], [ 21.072411, 52.131201 ], [ 21.070199, 52.128991 ], [ 21.065984, 52.129065 ], [ 21.06398, 52.131349 ] ] ] } },
{ "type": "Feature", "properties": { "fid": 1587, "hex_id": 1586 }, "geometry": { "type": "Polygon", "coordinates": [ [ [ 21.063772, 52.126855 ], [ 21.065984, 52.129065 ], [ 21.070199, 52.128991 ], [ 21.072203, 52.126707 ], [ 21.069991, 52.124497 ], [ 21.065776, 52.124571 ], [ 21.063772, 52.126855 ] ] ] } },
{ "type": "Feature", "properties": { "fid": 1588, "hex_id": 1587 }, "geometry": { "type": "Polygon", "coordinates": [ [ [ 21.063564, 52.122361 ], [ 21.065776, 52.124571 ], [ 21.069991, 52.124497 ], [ 21.071994, 52.122213 ], [ 21.069783, 52.120003 ], [ 21.065568, 52.120077 ], [ 21.063564, 52.122361 ] ] ] } },
{ "type": "Feature", "properties": { "fid": 1589, "hex_id": 1588 }, "geometry": { "type": "Polygon", "coordinates": [ [ [ 21.063357, 52.117867 ], [ 21.065568, 52.120077 ], [ 21.069783, 52.120003 ], [ 21.071786, 52.117719 ], [ 21.069574, 52.115509 ], [ 21.06536, 52.115583 ], [ 21.063357, 52.117867 ] ] ] } },
{ "type": "Feature", "properties": { "fid": 1590, "hex_id": 1589 }, "geometry": { "type": "Polygon", "coordinates": [ [ [ 21.063149, 52.113373 ], [ 21.06536, 52.115583 ], [ 21.069574, 52.115509 ], [ 21.071577, 52.113225 ], [ 21.069366, 52.111016 ], [ 21.065152, 52.11109 ], [ 21.063149, 52.113373 ] ] ] } },
{ "type": "Feature", "properties": { "fid": 1591, "hex_id": 1590 }, "geometry": { "type": "Polygon", "coordinates": [ [ [ 21.062942, 52.10888 ], [ 21.065152, 52.11109 ], [ 21.069366, 52.111016 ], [ 21.071369, 52.108732 ], [ 21.069158, 52.106522 ], [ 21.064945, 52.106596 ], [ 21.062942, 52.10888 ] ] ] } },
{ "type": "Feature", "properties": { "fid": 1592, "hex_id": 1591 }, "geometry": { "type": "Polygon", "coordinates": [ [ [ 21.062734, 52.104386 ], [ 21.064945, 52.106596 ], [ 21.069158, 52.106522 ], [ 21.071161, 52.104238 ], [ 21.06895, 52.102028 ], [ 21.064737, 52.102102 ], [ 21.062734, 52.104386 ] ] ] } },
{ "type": "Feature", "properties": { "fid": 1593, "hex_id": 1592 }, "geometry": { "type": "Polygon", "coordinates": [ [ [ 21.080686, 52.353675 ], [ 21.08291, 52.355885 ], [ 21.087147, 52.35581 ], [ 21.089159, 52.353526 ], [ 21.086935, 52.351316 ], [ 21.082698, 52.351391 ], [ 21.080686, 52.353675 ] ] ] } },
{ "type": "Feature", "properties": { "fid": 1594, "hex_id": 1593 }, "geometry": { "type": "Polygon", "coordinates": [ [ [ 21.080474, 52.349182 ], [ 21.082698, 52.351391 ], [ 21.086935, 52.351316 ], [ 21.088947, 52.349032 ], [ 21.086723, 52.346823 ], [ 21.082487, 52.346898 ], [ 21.080474, 52.349182 ] ] ] } },
{ "type": "Feature", "properties": { "fid": 1595, "hex_id": 1594 }, "geometry": { "type": "Polygon", "coordinates": [ [ [ 21.080263, 52.344688 ], [ 21.082487, 52.346898 ], [ 21.086723, 52.346823 ], [ 21.088736, 52.344539 ], [ 21.086512, 52.342329 ], [ 21.082276, 52.342404 ], [ 21.080263, 52.344688 ] ] ] } },
{ "type": "Feature", "properties": { "fid": 1596, "hex_id": 1595 }, "geometry": { "type": "Polygon", "coordinates": [ [ [ 21.080052, 52.340195 ], [ 21.082276, 52.342404 ], [ 21.086512, 52.342329 ], [ 21.088524, 52.340045 ], [ 21.0863, 52.337836 ], [ 21.082065, 52.33791 ], [ 21.080052, 52.340195 ] ] ] } },
{ "type": "Feature", "properties": { "fid": 1597, "hex_id": 1596 }, "geometry": { "type": "Polygon", "coordinates": [ [ [ 21.079842, 52.335701 ], [ 21.082065, 52.33791 ], [ 21.0863, 52.337836 ], [ 21.088312, 52.335552 ], [ 21.086089, 52.333342 ], [ 21.081854, 52.333417 ], [ 21.079842, 52.335701 ] ] ] } },
{ "type": "Feature", "properties": { "fid": 1598, "hex_id": 1597 }, "geometry": { "type": "Polygon", "coordinates": [ [ [ 21.079631, 52.331207 ], [ 21.081854, 52.333417 ], [ 21.086089, 52.333342 ], [ 21.0881, 52.331058 ], [ 21.085877, 52.328849 ], [ 21.081643, 52.328923 ], [ 21.079631, 52.331207 ] ] ] } },
{ "type": "Feature", "properties": { "fid": 1599, "hex_id": 1598 }, "geometry": { "type": "Polygon", "coordinates": [ [ [ 21.07942, 52.326714 ], [ 21.081643, 52.328923 ], [ 21.085877, 52.328849 ], [ 21.087889, 52.326564 ], [ 21.085666, 52.324355 ], [ 21.081432, 52.32443 ], [ 21.07942, 52.326714 ] ] ] } },
{ "type": "Feature", "properties": { "fid": 1600, "hex_id": 1599 }, "geometry": { "type": "Polygon", "coordinates": [ [ [ 21.079209, 52.32222 ], [ 21.081432, 52.32443 ], [ 21.085666, 52.324355 ], [ 21.087677, 52.322071 ], [ 21.085454, 52.319861 ], [ 21.081221, 52.319936 ], [ 21.079209, 52.32222 ] ] ] } },
{ "type": "Feature", "properties": { "fid": 1601, "hex_id": 1600 }, "geometry": { "type": "Polygon", "coordinates": [ [ [ 21.078998, 52.317727 ], [ 21.081221, 52.319936 ], [ 21.085454, 52.319861 ], [ 21.087465, 52.317577 ], [ 21.085243, 52.315368 ], [ 21.08101, 52.315442 ], [ 21.078998, 52.317727 ] ] ] } },
{ "type": "Feature", "properties": { "fid": 1602, "hex_id": 1601 }, "geometry": { "type": "Polygon", "coordinates": [ [ [ 21.078788, 52.313233 ], [ 21.08101, 52.315442 ], [ 21.085243, 52.315368 ], [ 21.087254, 52.313084 ], [ 21.085032, 52.310874 ], [ 21.080799, 52.310949 ], [ 21.078788, 52.313233 ] ] ] } },
{ "type": "Feature", "properties": { "fid": 1603, "hex_id": 1602 }, "geometry": { "type": "Polygon", "coordinates": [ [ [ 21.078577, 52.308739 ], [ 21.080799, 52.310949 ], [ 21.085032, 52.310874 ], [ 21.087043, 52.30859 ], [ 21.084821, 52.306381 ], [ 21.080588, 52.306455 ], [ 21.078577, 52.308739 ] ] ] } },
{ "type": "Feature", "properties": { "fid": 1604, "hex_id": 1603 }, "geometry": { "type": "Polygon", "coordinates": [ [ [ 21.078367, 52.304246 ], [ 21.080588, 52.306455 ], [ 21.084821, 52.306381 ], [ 21.086831, 52.304096 ], [ 21.084609, 52.301887 ], [ 21.080377, 52.301962 ], [ 21.078367, 52.304246 ] ] ] } },
{ "type": "Feature", "properties": { "fid": 1605, "hex_id": 1604 }, "geometry": { "type": "Polygon", "coordinates": [ [ [ 21.078156, 52.299752 ], [ 21.080377, 52.301962 ], [ 21.084609, 52.301887 ], [ 21.08662, 52.299603 ], [ 21.084398, 52.297393 ], [ 21.080167, 52.297468 ], [ 21.078156, 52.299752 ] ] ] } },
{ "type": "Feature", "properties": { "fid": 1606, "hex_id": 1605 }, "geometry": { "type": "Polygon", "coordinates": [ [ [ 21.077946, 52.295258 ], [ 21.080167, 52.297468 ], [ 21.084398, 52.297393 ], [ 21.086409, 52.295109 ], [ 21.084187, 52.2929 ], [ 21.079956, 52.292974 ], [ 21.077946, 52.295258 ] ] ] } },
{ "type": "Feature", "properties": { "fid": 1607, "hex_id": 1606 }, "geometry": { "type": "Polygon", "coordinates": [ [ [ 21.077735, 52.290765 ], [ 21.079956, 52.292974 ], [ 21.084187, 52.2929 ], [ 21.086197, 52.290615 ], [ 21.083976, 52.288406 ], [ 21.079746, 52.288481 ], [ 21.077735, 52.290765 ] ] ] } },
{ "type": "Feature", "properties": { "fid": 1608, "hex_id": 1607 }, "geometry": { "type": "Polygon", "coordinates": [ [ [ 21.077525, 52.286271 ], [ 21.079746, 52.288481 ], [ 21.083976, 52.288406 ], [ 21.085986, 52.286122 ], [ 21.083765, 52.283912 ], [ 21.079535, 52.283987 ], [ 21.077525, 52.286271 ] ] ] } },
{ "type": "Feature", "properties": { "fid": 1609, "hex_id": 1608 }, "geometry": { "type": "Polygon", "coordinates": [ [ [ 21.077315, 52.281777 ], [ 21.079535, 52.283987 ], [ 21.083765, 52.283912 ], [ 21.085775, 52.281628 ], [ 21.083555, 52.279419 ], [ 21.079325, 52.279493 ], [ 21.077315, 52.281777 ] ] ] } },
{ "type": "Feature", "properties": { "fid": 1610, "hex_id": 1609 }, "geometry": { "type": "Polygon", "coordinates": [ [ [ 21.077105, 52.277284 ], [ 21.079325, 52.279493 ], [ 21.083555, 52.279419 ], [ 21.085564, 52.277135 ], [ 21.083344, 52.274925 ], [ 21.079114, 52.275 ], [ 21.077105, 52.277284 ] ] ] } },
{ "type": "Feature", "properties": { "fid": 1611, "hex_id": 1610 }, "geometry": { "type": "Polygon", "coordinates": [ [ [ 21.076895, 52.27279 ], [ 21.079114, 52.275 ], [ 21.083344, 52.274925 ], [ 21.085353, 52.272641 ], [ 21.083133, 52.270431 ], [ 21.078904, 52.270506 ], [ 21.076895, 52.27279 ] ] ] } },
{ "type": "Feature", "properties": { "fid": 1612, "hex_id": 1611 }, "geometry": { "type": "Polygon", "coordinates": [ [ [ 21.076684, 52.268296 ], [ 21.078904, 52.270506 ], [ 21.083133, 52.270431 ], [ 21.085142, 52.268147 ], [ 21.082922, 52.265938 ], [ 21.078694, 52.266012 ], [ 21.076684, 52.268296 ] ] ] } },
{ "type": "Feature", "properties": { "fid": 1613, "hex_id": 1612 }, "geometry": { "type": "Polygon", "coordinates": [ [ [ 21.076474, 52.263803 ], [ 21.078694, 52.266012 ], [ 21.082922, 52.265938 ], [ 21.084931, 52.263654 ], [ 21.082712, 52.261444 ], [ 21.078484, 52.261519 ], [ 21.076474, 52.263803 ] ] ] } },
{ "type": "Feature", "properties": { "fid": 1614, "hex_id": 1613 }, "geometry": { "type": "Polygon", "coordinates": [ [ [ 21.076264, 52.259309 ], [ 21.078484, 52.261519 ], [ 21.082712, 52.261444 ], [ 21.08472, 52.25916 ], [ 21.082501, 52.256951 ], [ 21.078273, 52.257025 ], [ 21.076264, 52.259309 ] ] ] } },
{ "type": "Feature", "properties": { "fid": 1615, "hex_id": 1614 }, "geometry": { "type": "Polygon", "coordinates": [ [ [ 21.076055, 52.254815 ], [ 21.078273, 52.257025 ], [ 21.082501, 52.256951 ], [ 21.08451, 52.254666 ], [ 21.082291, 52.252457 ], [ 21.078063, 52.252531 ], [ 21.076055, 52.254815 ] ] ] } },
{ "type": "Feature", "properties": { "fid": 1616, "hex_id": 1615 }, "geometry": { "type": "Polygon", "coordinates": [ [ [ 21.075845, 52.250322 ], [ 21.078063, 52.252531 ], [ 21.082291, 52.252457 ], [ 21.084299, 52.250173 ], [ 21.08208, 52.247963 ], [ 21.077853, 52.248038 ], [ 21.075845, 52.250322 ] ] ] } },
{ "type": "Feature", "properties": { "fid": 1617, "hex_id": 1616 }, "geometry": { "type": "Polygon", "coordinates": [ [ [ 21.075635, 52.245828 ], [ 21.077853, 52.248038 ], [ 21.08208, 52.247963 ], [ 21.084088, 52.245679 ], [ 21.08187, 52.24347 ], [ 21.077643, 52.243544 ], [ 21.075635, 52.245828 ] ] ] } },
{ "type": "Feature", "properties": { "fid": 1618, "hex_id": 1617 }, "geometry": { "type": "Polygon", "coordinates": [ [ [ 21.075425, 52.241334 ], [ 21.077643, 52.243544 ], [ 21.08187, 52.24347 ], [ 21.083878, 52.241185 ], [ 21.081659, 52.238976 ], [ 21.077433, 52.23905 ], [ 21.075425, 52.241334 ] ] ] } },
{ "type": "Feature", "properties": { "fid": 1619, "hex_id": 1618 }, "geometry": { "type": "Polygon", "coordinates": [ [ [ 21.075215, 52.236841 ], [ 21.077433, 52.23905 ], [ 21.081659, 52.238976 ], [ 21.083667, 52.236692 ], [ 21.081449, 52.234482 ], [ 21.077223, 52.234557 ], [ 21.075215, 52.236841 ] ] ] } },
{ "type": "Feature", "properties": { "fid": 1620, "hex_id": 1619 }, "geometry": { "type": "Polygon", "coordinates": [ [ [ 21.075006, 52.232347 ], [ 21.077223, 52.234557 ], [ 21.081449, 52.234482 ], [ 21.083457, 52.232198 ], [ 21.081239, 52.229988 ], [ 21.077014, 52.230063 ], [ 21.075006, 52.232347 ] ] ] } },
{ "type": "Feature", "properties": { "fid": 1621, "hex_id": 1620 }, "geometry": { "type": "Polygon", "coordinates": [ [ [ 21.074796, 52.227853 ], [ 21.077014, 52.230063 ], [ 21.081239, 52.229988 ], [ 21.083246, 52.227704 ], [ 21.081029, 52.225495 ], [ 21.076804, 52.225569 ], [ 21.074796, 52.227853 ] ] ] } },
{ "type": "Feature", "properties": { "fid": 1622, "hex_id": 1621 }, "geometry": { "type": "Polygon", "coordinates": [ [ [ 21.074587, 52.22336 ], [ 21.076804, 52.225569 ], [ 21.081029, 52.225495 ], [ 21.083036, 52.223211 ], [ 21.080818, 52.221001 ], [ 21.076594, 52.221076 ], [ 21.074587, 52.22336 ] ] ] } },
{ "type": "Feature", "properties": { "fid": 1623, "hex_id": 1622 }, "geometry": { "type": "Polygon", "coordinates": [ [ [ 21.074377, 52.218866 ], [ 21.076594, 52.221076 ], [ 21.080818, 52.221001 ], [ 21.082825, 52.218717 ], [ 21.080608, 52.216507 ], [ 21.076384, 52.216582 ], [ 21.074377, 52.218866 ] ] ] } },
{ "type": "Feature", "properties": { "fid": 1624, "hex_id": 1623 }, "geometry": { "type": "Polygon", "coordinates": [ [ [ 21.074168, 52.214372 ], [ 21.076384, 52.216582 ], [ 21.080608, 52.216507 ], [ 21.082615, 52.214223 ], [ 21.080398, 52.212014 ], [ 21.076175, 52.212088 ], [ 21.074168, 52.214372 ] ] ] } },
{ "type": "Feature", "properties": { "fid": 1625, "hex_id": 1624 }, "geometry": { "type": "Polygon", "coordinates": [ [ [ 21.073958, 52.209878 ], [ 21.076175, 52.212088 ], [ 21.080398, 52.212014 ], [ 21.082405, 52.20973 ], [ 21.080188, 52.20752 ], [ 21.075965, 52.207594 ], [ 21.073958, 52.209878 ] ] ] } },
{ "type": "Feature", "properties": { "fid": 1626, "hex_id": 1625 }, "geometry": { "type": "Polygon", "coordinates": [ [ [ 21.073749, 52.205385 ], [ 21.075965, 52.207594 ], [ 21.080188, 52.20752 ], [ 21.082195, 52.205236 ], [ 21.079978, 52.203026 ], [ 21.075756, 52.203101 ], [ 21.073749, 52.205385 ] ] ] } },
{ "type": "Feature", "properties": { "fid": 1627, "hex_id": 1626 }, "geometry": { "type": "Polygon", "coordinates": [ [ [ 21.07354, 52.200891 ], [ 21.075756, 52.203101 ], [ 21.079978, 52.203026 ], [ 21.081985, 52.200742 ], [ 21.079769, 52.198533 ], [ 21.075546, 52.198607 ], [ 21.07354, 52.200891 ] ] ] } },
{ "type": "Feature", "properties": { "fid": 1628, "hex_id": 1627 }, "geometry": { "type": "Polygon", "coordinates": [ [ [ 21.073331, 52.196397 ], [ 21.075546, 52.198607 ], [ 21.079769, 52.198533 ], [ 21.081775, 52.196249 ], [ 21.079559, 52.194039 ], [ 21.075337, 52.194113 ], [ 21.073331, 52.196397 ] ] ] } },
{ "type": "Feature", "properties": { "fid": 1629, "hex_id": 1628 }, "geometry": { "type": "Polygon", "coordinates": [ [ [ 21.073122, 52.191904 ], [ 21.075337, 52.194113 ], [ 21.079559, 52.194039 ], [ 21.081565, 52.191755 ], [ 21.079349, 52.189545 ], [ 21.075128, 52.18962 ], [ 21.073122, 52.191904 ] ] ] } },
{ "type": "Feature", "properties": { "fid": 1630, "hex_id": 1629 }, "geometry": { "type": "Polygon", "coordinates": [ [ [ 21.072912, 52.18741 ], [ 21.075128, 52.18962 ], [ 21.079349, 52.189545 ], [ 21.081355, 52.187261 ], [ 21.079139, 52.185051 ], [ 21.074918, 52.185126 ], [ 21.072912, 52.18741 ] ] ] } },
{ "type": "Feature", "properties": { "fid": 1631, "hex_id": 1630 }, "geometry": { "type": "Polygon", "coordinates": [ [ [ 21.072703, 52.182916 ], [ 21.074918, 52.185126 ], [ 21.079139, 52.185051 ], [ 21.081145, 52.182767 ], [ 21.07893, 52.180558 ], [ 21.074709, 52.180632 ], [ 21.072703, 52.182916 ] ] ] } },
{ "type": "Feature", "properties": { "fid": 1632, "hex_id": 1631 }, "geometry": { "type": "Polygon", "coordinates": [ [ [ 21.072494, 52.178422 ], [ 21.074709, 52.180632 ], [ 21.07893, 52.180558 ], [ 21.080935, 52.178274 ], [ 21.07872, 52.176064 ], [ 21.0745, 52.176138 ], [ 21.072494, 52.178422 ] ] ] } },
{ "type": "Feature", "properties": { "fid": 1633, "hex_id": 1632 }, "geometry": { "type": "Polygon", "coordinates": [ [ [ 21.072286, 52.173929 ], [ 21.0745, 52.176138 ], [ 21.07872, 52.176064 ], [ 21.080725, 52.17378 ], [ 21.078511, 52.17157 ], [ 21.074291, 52.171645 ], [ 21.072286, 52.173929 ] ] ] } },
{ "type": "Feature", "properties": { "fid": 1634, "hex_id": 1633 }, "geometry": { "type": "Polygon", "coordinates": [ [ [ 21.072077, 52.169435 ], [ 21.074291, 52.171645 ], [ 21.078511, 52.17157 ], [ 21.080515, 52.169286 ], [ 21.078301, 52.167077 ], [ 21.074082, 52.167151 ], [ 21.072077, 52.169435 ] ] ] } },
{ "type": "Feature", "properties": { "fid": 1635, "hex_id": 1634 }, "geometry": { "type": "Polygon", "coordinates": [ [ [ 21.071868, 52.164941 ], [ 21.074082, 52.167151 ], [ 21.078301, 52.167077 ], [ 21.080306, 52.164792 ], [ 21.078092, 52.162583 ], [ 21.073873, 52.162657 ], [ 21.071868, 52.164941 ] ] ] } },
{ "type": "Feature", "properties": { "fid": 1636, "hex_id": 1635 }, "geometry": { "type": "Polygon", "coordinates": [ [ [ 21.071659, 52.160447 ], [ 21.073873, 52.162657 ], [ 21.078092, 52.162583 ], [ 21.080096, 52.160299 ], [ 21.077882, 52.158089 ], [ 21.073664, 52.158163 ], [ 21.071659, 52.160447 ] ] ] } },
{ "type": "Feature", "properties": { "fid": 1637, "hex_id": 1636 }, "geometry": { "type": "Polygon", "coordinates": [ [ [ 21.07145, 52.155953 ], [ 21.073664, 52.158163 ], [ 21.077882, 52.158089 ], [ 21.079887, 52.155805 ], [ 21.077673, 52.153595 ], [ 21.073455, 52.15367 ], [ 21.07145, 52.155953 ] ] ] } },
{ "type": "Feature", "properties": { "fid": 1638, "hex_id": 1637 }, "geometry": { "type": "Polygon", "coordinates": [ [ [ 21.071242, 52.15146 ], [ 21.073455, 52.15367 ], [ 21.077673, 52.153595 ], [ 21.079677, 52.151311 ], [ 21.077464, 52.149102 ], [ 21.073246, 52.149176 ], [ 21.071242, 52.15146 ] ] ] } },
{ "type": "Feature", "properties": { "fid": 1639, "hex_id": 1638 }, "geometry": { "type": "Polygon", "coordinates": [ [ [ 21.071033, 52.146966 ], [ 21.073246, 52.149176 ], [ 21.077464, 52.149102 ], [ 21.079468, 52.146817 ], [ 21.077254, 52.144608 ], [ 21.073037, 52.144682 ], [ 21.071033, 52.146966 ] ] ] } },
{ "type": "Feature", "properties": { "fid": 1640, "hex_id": 1639 }, "geometry": { "type": "Polygon", "coordinates": [ [ [ 21.070825, 52.142472 ], [ 21.073037, 52.144682 ], [ 21.077254, 52.144608 ], [ 21.079258, 52.142324 ], [ 21.077045, 52.140114 ], [ 21.072829, 52.140188 ], [ 21.070825, 52.142472 ] ] ] } },
{ "type": "Feature", "properties": { "fid": 1641, "hex_id": 1640 }, "geometry": { "type": "Polygon", "coordinates": [ [ [ 21.070616, 52.137978 ], [ 21.072829, 52.140188 ], [ 21.077045, 52.140114 ], [ 21.079049, 52.13783 ], [ 21.076836, 52.13562 ], [ 21.07262, 52.135694 ], [ 21.070616, 52.137978 ] ] ] } },
{ "type": "Feature", "properties": { "fid": 1642, "hex_id": 1641 }, "geometry": { "type": "Polygon", "coordinates": [ [ [ 21.070408, 52.133485 ], [ 21.07262, 52.135694 ], [ 21.076836, 52.13562 ], [ 21.07884, 52.133336 ], [ 21.076627, 52.131126 ], [ 21.072411, 52.131201 ], [ 21.070408, 52.133485 ] ] ] } },
{ "type": "Feature", "properties": { "fid": 1643, "hex_id": 1642 }, "geometry": { "type": "Polygon", "coordinates": [ [ [ 21.070199, 52.128991 ], [ 21.072411, 52.131201 ], [ 21.076627, 52.131126 ], [ 21.07863, 52.128842 ], [ 21.076418, 52.126633 ], [ 21.072203, 52.126707 ], [ 21.070199, 52.128991 ] ] ] } },
{ "type": "Feature", "properties": { "fid": 1644, "hex_id": 1643 }, "geometry": { "type": "Polygon", "coordinates": [ [ [ 21.069991, 52.124497 ], [ 21.072203, 52.126707 ], [ 21.076418, 52.126633 ], [ 21.078421, 52.124349 ], [ 21.076209, 52.122139 ], [ 21.071994, 52.122213 ], [ 21.069991, 52.124497 ] ] ] } },
{ "type": "Feature", "properties": { "fid": 1645, "hex_id": 1644 }, "geometry": { "type": "Polygon", "coordinates": [ [ [ 21.069783, 52.120003 ], [ 21.071994, 52.122213 ], [ 21.076209, 52.122139 ], [ 21.078212, 52.119855 ], [ 21.076, 52.117645 ], [ 21.071786, 52.117719 ], [ 21.069783, 52.120003 ] ] ] } },
{ "type": "Feature", "properties": { "fid": 1646, "hex_id": 1645 }, "geometry": { "type": "Polygon", "coordinates": [ [ [ 21.069574, 52.115509 ], [ 21.071786, 52.117719 ], [ 21.076, 52.117645 ], [ 21.078003, 52.115361 ], [ 21.075792, 52.113151 ], [ 21.071577, 52.113225 ], [ 21.069574, 52.115509 ] ] ] } },
{ "type": "Feature", "properties": { "fid": 1647, "hex_id": 1646 }, "geometry": { "type": "Polygon", "coordinates": [ [ [ 21.069366, 52.111016 ], [ 21.071577, 52.113225 ], [ 21.075792, 52.113151 ], [ 21.077794, 52.110867 ], [ 21.075583, 52.108658 ], [ 21.071369, 52.108732 ], [ 21.069366, 52.111016 ] ] ] } },
{ "type": "Feature", "properties": { "fid": 1648, "hex_id": 1647 }, "geometry": { "type": "Polygon", "coordinates": [ [ [ 21.069158, 52.106522 ], [ 21.071369, 52.108732 ], [ 21.075583, 52.108658 ], [ 21.077585, 52.106374 ], [ 21.075374, 52.104164 ], [ 21.071161, 52.104238 ], [ 21.069158, 52.106522 ] ] ] } },
{ "type": "Feature", "properties": { "fid": 1649, "hex_id": 1648 }, "geometry": { "type": "Polygon", "coordinates": [ [ [ 21.06895, 52.102028 ], [ 21.071161, 52.104238 ], [ 21.075374, 52.104164 ], [ 21.077376, 52.10188 ], [ 21.075165, 52.09967 ], [ 21.070953, 52.099744 ], [ 21.06895, 52.102028 ] ] ] } },
{ "type": "Feature", "properties": { "fid": 1650, "hex_id": 1649 }, "geometry": { "type": "Polygon", "coordinates": [ [ [ 21.086089, 52.333342 ], [ 21.088312, 52.335552 ], [ 21.092547, 52.335477 ], [ 21.094559, 52.333192 ], [ 21.092335, 52.330983 ], [ 21.0881, 52.331058 ], [ 21.086089, 52.333342 ] ] ] } },
{ "type": "Feature", "properties": { "fid": 1651, "hex_id": 1650 }, "geometry": { "type": "Polygon", "coordinates": [ [ [ 21.085877, 52.328849 ], [ 21.0881, 52.331058 ], [ 21.092335, 52.330983 ], [ 21.094346, 52.328699 ], [ 21.092123, 52.326489 ], [ 21.087889, 52.326564 ], [ 21.085877, 52.328849 ] ] ] } },
{ "type": "Feature", "properties": { "fid": 1652, "hex_id": 1651 }, "geometry": { "type": "Polygon", "coordinates": [ [ [ 21.085666, 52.324355 ], [ 21.087889, 52.326564 ], [ 21.092123, 52.326489 ], [ 21.094134, 52.324205 ], [ 21.091911, 52.321996 ], [ 21.087677, 52.322071 ], [ 21.085666, 52.324355 ] ] ] } },
{ "type": "Feature", "properties": { "fid": 1653, "hex_id": 1652 }, "geometry": { "type": "Polygon", "coordinates": [ [ [ 21.084398, 52.297393 ], [ 21.08662, 52.299603 ], [ 21.090852, 52.299528 ], [ 21.092861, 52.297244 ], [ 21.09064, 52.295034 ], [ 21.086409, 52.295109 ], [ 21.084398, 52.297393 ] ] ] } },
{ "type": "Feature", "properties": { "fid": 1654, "hex_id": 1653 }, "geometry": { "type": "Polygon", "coordinates": [ [ [ 21.084187, 52.2929 ], [ 21.086409, 52.295109 ], [ 21.09064, 52.295034 ], [ 21.09265, 52.29275 ], [ 21.090428, 52.290541 ], [ 21.086197, 52.290615 ], [ 21.084187, 52.2929 ] ] ] } },
{ "type": "Feature", "properties": { "fid": 1655, "hex_id": 1654 }, "geometry": { "type": "Polygon", "coordinates": [ [ [ 21.083976, 52.288406 ], [ 21.086197, 52.290615 ], [ 21.090428, 52.290541 ], [ 21.092438, 52.288256 ], [ 21.090217, 52.286047 ], [ 21.085986, 52.286122 ], [ 21.083976, 52.288406 ] ] ] } },
{ "type": "Feature", "properties": { "fid": 1656, "hex_id": 1655 }, "geometry": { "type": "Polygon", "coordinates": [ [ [ 21.083765, 52.283912 ], [ 21.085986, 52.286122 ], [ 21.090217, 52.286047 ], [ 21.092226, 52.283763 ], [ 21.090005, 52.281553 ], [ 21.085775, 52.281628 ], [ 21.083765, 52.283912 ] ] ] } },
{ "type": "Feature", "properties": { "fid": 1657, "hex_id": 1656 }, "geometry": { "type": "Polygon", "coordinates": [ [ [ 21.083555, 52.279419 ], [ 21.085775, 52.281628 ], [ 21.090005, 52.281553 ], [ 21.092014, 52.279269 ], [ 21.089794, 52.27706 ], [ 21.085564, 52.277135 ], [ 21.083555, 52.279419 ] ] ] } },
{ "type": "Feature", "properties": { "fid": 1658, "hex_id": 1657 }, "geometry": { "type": "Polygon", "coordinates": [ [ [ 21.083344, 52.274925 ], [ 21.085564, 52.277135 ], [ 21.089794, 52.27706 ], [ 21.091803, 52.274776 ], [ 21.089582, 52.272566 ], [ 21.085353, 52.272641 ], [ 21.083344, 52.274925 ] ] ] } },
{ "type": "Feature", "properties": { "fid": 1659, "hex_id": 1658 }, "geometry": { "type": "Polygon", "coordinates": [ [ [ 21.083133, 52.270431 ], [ 21.085353, 52.272641 ], [ 21.089582, 52.272566 ], [ 21.091591, 52.270282 ], [ 21.089371, 52.268073 ], [ 21.085142, 52.268147 ], [ 21.083133, 52.270431 ] ] ] } },
{ "type": "Feature", "properties": { "fid": 1660, "hex_id": 1659 }, "geometry": { "type": "Polygon", "coordinates": [ [ [ 21.082922, 52.265938 ], [ 21.085142, 52.268147 ], [ 21.089371, 52.268073 ], [ 21.091379, 52.265788 ], [ 21.08916, 52.263579 ], [ 21.084931, 52.263654 ], [ 21.082922, 52.265938 ] ] ] } },
{ "type": "Feature", "properties": { "fid": 1661, "hex_id": 1660 }, "geometry": { "type": "Polygon", "coordinates": [ [ [ 21.082712, 52.261444 ], [ 21.084931, 52.263654 ], [ 21.08916, 52.263579 ], [ 21.091168, 52.261295 ], [ 21.088948, 52.259085 ], [ 21.08472, 52.25916 ], [ 21.082712, 52.261444 ] ] ] } },
{ "type": "Feature", "properties": { "fid": 1662, "hex_id": 1661 }, "geometry": { "type": "Polygon", "coordinates": [ [ [ 21.082501, 52.256951 ], [ 21.08472, 52.25916 ], [ 21.088948, 52.259085 ], [ 21.090957, 52.256801 ], [ 21.088737, 52.254592 ], [ 21.08451, 52.254666 ], [ 21.082501, 52.256951 ] ] ] } },
{ "type": "Feature", "properties": { "fid": 1663, "hex_id": 1662 }, "geometry": { "type": "Polygon", "coordinates": [ [ [ 21.082291, 52.252457 ], [ 21.08451, 52.254666 ], [ 21.088737, 52.254592 ], [ 21.090745, 52.252307 ], [ 21.088526, 52.250098 ], [ 21.084299, 52.250173 ], [ 21.082291, 52.252457 ] ] ] } },
{ "type": "Feature", "properties": { "fid": 1664, "hex_id": 1663 }, "geometry": { "type": "Polygon", "coordinates": [ [ [ 21.08208, 52.247963 ], [ 21.084299, 52.250173 ], [ 21.088526, 52.250098 ], [ 21.090534, 52.247814 ], [ 21.088315, 52.245604 ], [ 21.084088, 52.245679 ], [ 21.08208, 52.247963 ] ] ] } },
{ "type": "Feature", "properties": { "fid": 1665, "hex_id": 1664 }, "geometry": { "type": "Polygon", "coordinates": [ [ [ 21.08187, 52.24347 ], [ 21.084088, 52.245679 ], [ 21.088315, 52.245604 ], [ 21.090323, 52.24332 ], [ 21.088104, 52.241111 ], [ 21.083878, 52.241185 ], [ 21.08187, 52.24347 ] ] ] } },
{ "type": "Feature", "properties": { "fid": 1666, "hex_id": 1665 }, "geometry": { "type": "Polygon", "coordinates": [ [ [ 21.081659, 52.238976 ], [ 21.083878, 52.241185 ], [ 21.088104, 52.241111 ], [ 21.090111, 52.238826 ], [ 21.087893, 52.236617 ], [ 21.083667, 52.236692 ], [ 21.081659, 52.238976 ] ] ] } },
{ "type": "Feature", "properties": { "fid": 1667, "hex_id": 1666 }, "geometry": { "type": "Polygon", "coordinates": [ [ [ 21.081449, 52.234482 ], [ 21.083667, 52.236692 ], [ 21.087893, 52.236617 ], [ 21.0899, 52.234333 ], [ 21.087682, 52.232123 ], [ 21.083457, 52.232198 ], [ 21.081449, 52.234482 ] ] ] } },
{ "type": "Feature", "properties": { "fid": 1668, "hex_id": 1667 }, "geometry": { "type": "Polygon", "coordinates": [ [ [ 21.081239, 52.229988 ], [ 21.083457, 52.232198 ], [ 21.087682, 52.232123 ], [ 21.089689, 52.229839 ], [ 21.087471, 52.22763 ], [ 21.083246, 52.227704 ], [ 21.081239, 52.229988 ] ] ] } },
{ "type": "Feature", "properties": { "fid": 1669, "hex_id": 1668 }, "geometry": { "type": "Polygon", "coordinates": [ [ [ 21.081029, 52.225495 ], [ 21.083246, 52.227704 ], [ 21.087471, 52.22763 ], [ 21.089478, 52.225345 ], [ 21.08726, 52.223136 ], [ 21.083036, 52.223211 ], [ 21.081029, 52.225495 ] ] ] } },
{ "type": "Feature", "properties": { "fid": 1670, "hex_id": 1669 }, "geometry": { "type": "Polygon", "coordinates": [ [ [ 21.080818, 52.221001 ], [ 21.083036, 52.223211 ], [ 21.08726, 52.223136 ], [ 21.089267, 52.220852 ], [ 21.08705, 52.218642 ], [ 21.082825, 52.218717 ], [ 21.080818, 52.221001 ] ] ] } },
{ "type": "Feature", "properties": { "fid": 1671, "hex_id": 1670 }, "geometry": { "type": "Polygon", "coordinates": [ [ [ 21.080608, 52.216507 ], [ 21.082825, 52.218717 ], [ 21.08705, 52.218642 ], [ 21.089056, 52.216358 ], [ 21.086839, 52.214149 ], [ 21.082615, 52.214223 ], [ 21.080608, 52.216507 ] ] ] } },
{ "type": "Feature", "properties": { "fid": 1672, "hex_id": 1671 }, "geometry": { "type": "Polygon", "coordinates": [ [ [ 21.080398, 52.212014 ], [ 21.082615, 52.214223 ], [ 21.086839, 52.214149 ], [ 21.088845, 52.211864 ], [ 21.086628, 52.209655 ], [ 21.082405, 52.20973 ], [ 21.080398, 52.212014 ] ] ] } },
{ "type": "Feature", "properties": { "fid": 1673, "hex_id": 1672 }, "geometry": { "type": "Polygon", "coordinates": [ [ [ 21.080188, 52.20752 ], [ 21.082405, 52.20973 ], [ 21.086628, 52.209655 ], [ 21.088634, 52.207371 ], [ 21.086418, 52.205161 ], [ 21.082195, 52.205236 ], [ 21.080188, 52.20752 ] ] ] } },
{ "type": "Feature", "properties": { "fid": 1674, "hex_id": 1673 }, "geometry": { "type": "Polygon", "coordinates": [ [ [ 21.079978, 52.203026 ], [ 21.082195, 52.205236 ], [ 21.086418, 52.205161 ], [ 21.088424, 52.202877 ], [ 21.086207, 52.200668 ], [ 21.081985, 52.200742 ], [ 21.079978, 52.203026 ] ] ] } },
{ "type": "Feature", "properties": { "fid": 1675, "hex_id": 1674 }, "geometry": { "type": "Polygon", "coordinates": [ [ [ 21.079769, 52.198533 ], [ 21.081985, 52.200742 ], [ 21.086207, 52.200668 ], [ 21.088213, 52.198383 ], [ 21.085997, 52.196174 ], [ 21.081775, 52.196249 ], [ 21.079769, 52.198533 ] ] ] } },
{ "type": "Feature", "properties": { "fid": 1676, "hex_id": 1675 }, "geometry": { "type": "Polygon", "coordinates": [ [ [ 21.079559, 52.194039 ], [ 21.081775, 52.196249 ], [ 21.085997, 52.196174 ], [ 21.088002, 52.19389 ], [ 21.085786, 52.19168 ], [ 21.081565, 52.191755 ], [ 21.079559, 52.194039 ] ] ] } },
{ "type": "Feature", "properties": { "fid": 1677, "hex_id": 1676 }, "geometry": { "type": "Polygon", "coordinates": [ [ [ 21.079349, 52.189545 ], [ 21.081565, 52.191755 ], [ 21.085786, 52.19168 ], [ 21.087792, 52.189396 ], [ 21.085576, 52.187187 ], [ 21.081355, 52.187261 ], [ 21.079349, 52.189545 ] ] ] } },
{ "type": "Feature", "properties": { "fid": 1678, "hex_id": 1677 }, "geometry": { "type": "Polygon", "coordinates": [ [ [ 21.079139, 52.185051 ], [ 21.081355, 52.187261 ], [ 21.085576, 52.187187 ], [ 21.087581, 52.184902 ], [ 21.085366, 52.182693 ], [ 21.081145, 52.182767 ], [ 21.079139, 52.185051 ] ] ] } },
{ "type": "Feature", "properties": { "fid": 1679, "hex_id": 1678 }, "geometry": { "type": "Polygon", "coordinates": [ [ [ 21.07893, 52.180558 ], [ 21.081145, 52.182767 ], [ 21.085366, 52.182693 ], [ 21.087371, 52.180409 ], [ 21.085155, 52.178199 ], [ 21.080935, 52.178274 ], [ 21.07893, 52.180558 ] ] ] } },
{ "type": "Feature", "properties": { "fid": 1680, "hex_id": 1679 }, "geometry": { "type": "Polygon", "coordinates": [ [ [ 21.07872, 52.176064 ], [ 21.080935, 52.178274 ], [ 21.085155, 52.178199 ], [ 21.08716, 52.175915 ], [ 21.084945, 52.173705 ], [ 21.080725, 52.17378 ], [ 21.07872, 52.176064 ] ] ] } },
{ "type": "Feature", "properties": { "fid": 1681, "hex_id": 1680 }, "geometry": { "type": "Polygon", "coordinates": [ [ [ 21.078511, 52.17157 ], [ 21.080725, 52.17378 ], [ 21.084945, 52.173705 ], [ 21.08695, 52.171421 ], [ 21.084735, 52.169212 ], [ 21.080515, 52.169286 ], [ 21.078511, 52.17157 ] ] ] } },
{ "type": "Feature", "properties": { "fid": 1682, "hex_id": 1681 }, "geometry": { "type": "Polygon", "coordinates": [ [ [ 21.078301, 52.167077 ], [ 21.080515, 52.169286 ], [ 21.084735, 52.169212 ], [ 21.086739, 52.166927 ], [ 21.084525, 52.164718 ], [ 21.080306, 52.164792 ], [ 21.078301, 52.167077 ] ] ] } },
{ "type": "Feature", "properties": { "fid": 1683, "hex_id": 1682 }, "geometry": { "type": "Polygon", "coordinates": [ [ [ 21.078092, 52.162583 ], [ 21.080306, 52.164792 ], [ 21.084525, 52.164718 ], [ 21.086529, 52.162434 ], [ 21.084315, 52.160224 ], [ 21.080096, 52.160299 ], [ 21.078092, 52.162583 ] ] ] } },
{ "type": "Feature", "properties": { "fid": 1684, "hex_id": 1683 }, "geometry": { "type": "Polygon", "coordinates": [ [ [ 21.077882, 52.158089 ], [ 21.080096, 52.160299 ], [ 21.084315, 52.160224 ], [ 21.086319, 52.15794 ], [ 21.084105, 52.15573 ], [ 21.079887, 52.155805 ], [ 21.077882, 52.158089 ] ] ] } },
{ "type": "Feature", "properties": { "fid": 1685, "hex_id": 1684 }, "geometry": { "type": "Polygon", "coordinates": [ [ [ 21.077673, 52.153595 ], [ 21.079887, 52.155805 ], [ 21.084105, 52.15573 ], [ 21.086109, 52.153446 ], [ 21.083895, 52.151237 ], [ 21.079677, 52.151311 ], [ 21.077673, 52.153595 ] ] ] } },
{ "type": "Feature", "properties": { "fid": 1686, "hex_id": 1685 }, "geometry": { "type": "Polygon", "coordinates": [ [ [ 21.077464, 52.149102 ], [ 21.079677, 52.151311 ], [ 21.083895, 52.151237 ], [ 21.085899, 52.148953 ], [ 21.083685, 52.146743 ], [ 21.079468, 52.146817 ], [ 21.077464, 52.149102 ] ] ] } },
{ "type": "Feature", "properties": { "fid": 1687, "hex_id": 1686 }, "geometry": { "type": "Polygon", "coordinates": [ [ [ 21.077254, 52.144608 ], [ 21.079468, 52.146817 ], [ 21.083685, 52.146743 ], [ 21.085689, 52.144459 ], [ 21.083475, 52.142249 ], [ 21.079258, 52.142324 ], [ 21.077254, 52.144608 ] ] ] } },
{ "type": "Feature", "properties": { "fid": 1688, "hex_id": 1687 }, "geometry": { "type": "Polygon", "coordinates": [ [ [ 21.077045, 52.140114 ], [ 21.079258, 52.142324 ], [ 21.083475, 52.142249 ], [ 21.085479, 52.139965 ], [ 21.083265, 52.137756 ], [ 21.079049, 52.13783 ], [ 21.077045, 52.140114 ] ] ] } },
{ "type": "Feature", "properties": { "fid": 1689, "hex_id": 1688 }, "geometry": { "type": "Polygon", "coordinates": [ [ [ 21.076836, 52.13562 ], [ 21.079049, 52.13783 ], [ 21.083265, 52.137756 ], [ 21.085269, 52.135471 ], [ 21.083056, 52.133262 ], [ 21.07884, 52.133336 ], [ 21.076836, 52.13562 ] ] ] } },
{ "type": "Feature", "properties": { "fid": 1690, "hex_id": 1689 }, "geometry": { "type": "Polygon", "coordinates": [ [ [ 21.076627, 52.131126 ], [ 21.07884, 52.133336 ], [ 21.083056, 52.133262 ], [ 21.085059, 52.130978 ], [ 21.082846, 52.128768 ], [ 21.07863, 52.128842 ], [ 21.076627, 52.131126 ] ] ] } },
{ "type": "Feature", "properties": { "fid": 1691, "hex_id": 1690 }, "geometry": { "type": "Polygon", "coordinates": [ [ [ 21.076418, 52.126633 ], [ 21.07863, 52.128842 ], [ 21.082846, 52.128768 ], [ 21.084849, 52.126484 ], [ 21.082636, 52.124274 ], [ 21.078421, 52.124349 ], [ 21.076418, 52.126633 ] ] ] } },
{ "type": "Feature", "properties": { "fid": 1692, "hex_id": 1691 }, "geometry": { "type": "Polygon", "coordinates": [ [ [ 21.076209, 52.122139 ], [ 21.078421, 52.124349 ], [ 21.082636, 52.124274 ], [ 21.084639, 52.12199 ], [ 21.082427, 52.119781 ], [ 21.078212, 52.119855 ], [ 21.076209, 52.122139 ] ] ] } },
{ "type": "Feature", "properties": { "fid": 1693, "hex_id": 1692 }, "geometry": { "type": "Polygon", "coordinates": [ [ [ 21.076, 52.117645 ], [ 21.078212, 52.119855 ], [ 21.082427, 52.119781 ], [ 21.084429, 52.117496 ], [ 21.082217, 52.115287 ], [ 21.078003, 52.115361 ], [ 21.076, 52.117645 ] ] ] } },
{ "type": "Feature", "properties": { "fid": 1694, "hex_id": 1693 }, "geometry": { "type": "Polygon", "coordinates": [ [ [ 21.075792, 52.113151 ], [ 21.078003, 52.115361 ], [ 21.082217, 52.115287 ], [ 21.08422, 52.113003 ], [ 21.082008, 52.110793 ], [ 21.077794, 52.110867 ], [ 21.075792, 52.113151 ] ] ] } },
{ "type": "Feature", "properties": { "fid": 1695, "hex_id": 1694 }, "geometry": { "type": "Polygon", "coordinates": [ [ [ 21.075583, 52.108658 ], [ 21.077794, 52.110867 ], [ 21.082008, 52.110793 ], [ 21.08401, 52.108509 ], [ 21.081799, 52.106299 ], [ 21.077585, 52.106374 ], [ 21.075583, 52.108658 ] ] ] } },
{ "type": "Feature", "properties": { "fid": 1696, "hex_id": 1695 }, "geometry": { "type": "Polygon", "coordinates": [ [ [ 21.075374, 52.104164 ], [ 21.077585, 52.106374 ], [ 21.081799, 52.106299 ], [ 21.083801, 52.104015 ], [ 21.081589, 52.101805 ], [ 21.077376, 52.10188 ], [ 21.075374, 52.104164 ] ] ] } },
{ "type": "Feature", "properties": { "fid": 1697, "hex_id": 1696 }, "geometry": { "type": "Polygon", "coordinates": [ [ [ 21.075165, 52.09967 ], [ 21.077376, 52.10188 ], [ 21.081589, 52.101805 ], [ 21.083591, 52.099521 ], [ 21.08138, 52.097312 ], [ 21.077167, 52.097386 ], [ 21.075165, 52.09967 ] ] ] } },
{ "type": "Feature", "properties": { "fid": 1698, "hex_id": 1697 }, "geometry": { "type": "Polygon", "coordinates": [ [ [ 21.090428, 52.290541 ], [ 21.09265, 52.29275 ], [ 21.096881, 52.292675 ], [ 21.09889, 52.29039 ], [ 21.096668, 52.288181 ], [ 21.092438, 52.288256 ], [ 21.090428, 52.290541 ] ] ] } },
{ "type": "Feature", "properties": { "fid": 1699, "hex_id": 1698 }, "geometry": { "type": "Polygon", "coordinates": [ [ [ 21.090217, 52.286047 ], [ 21.092438, 52.288256 ], [ 21.096668, 52.288181 ], [ 21.098678, 52.285897 ], [ 21.096456, 52.283688 ], [ 21.092226, 52.283763 ], [ 21.090217, 52.286047 ] ] ] } },
{ "type": "Feature", "properties": { "fid": 1700, "hex_id": 1699 }, "geometry": { "type": "Polygon", "coordinates": [ [ [ 21.090005, 52.281553 ], [ 21.092226, 52.283763 ], [ 21.096456, 52.283688 ], [ 21.098465, 52.281403 ], [ 21.096244, 52.279194 ], [ 21.092014, 52.279269 ], [ 21.090005, 52.281553 ] ] ] } },
{ "type": "Feature", "properties": { "fid": 1701, "hex_id": 1700 }, "geometry": { "type": "Polygon", "coordinates": [ [ [ 21.089794, 52.27706 ], [ 21.092014, 52.279269 ], [ 21.096244, 52.279194 ], [ 21.098253, 52.27691 ], [ 21.096032, 52.2747 ], [ 21.091803, 52.274776 ], [ 21.089794, 52.27706 ] ] ] } },
{ "type": "Feature", "properties": { "fid": 1702, "hex_id": 1701 }, "geometry": { "type": "Polygon", "coordinates": [ [ [ 21.089582, 52.272566 ], [ 21.091803, 52.274776 ], [ 21.096032, 52.2747 ], [ 21.098041, 52.272416 ], [ 21.09582, 52.270207 ], [ 21.091591, 52.270282 ], [ 21.089582, 52.272566 ] ] ] } },
{ "type": "Feature", "properties": { "fid": 1703, "hex_id": 1702 }, "geometry": { "type": "Polygon", "coordinates": [ [ [ 21.089371, 52.268073 ], [ 21.091591, 52.270282 ], [ 21.09582, 52.270207 ], [ 21.097828, 52.267923 ], [ 21.095608, 52.265713 ], [ 21.091379, 52.265788 ], [ 21.089371, 52.268073 ] ] ] } },
{ "type": "Feature", "properties": { "fid": 1704, "hex_id": 1703 }, "geometry": { "type": "Polygon", "coordinates": [ [ [ 21.08916, 52.263579 ], [ 21.091379, 52.265788 ], [ 21.095608, 52.265713 ], [ 21.097616, 52.263429 ], [ 21.095396, 52.26122 ], [ 21.091168, 52.261295 ], [ 21.08916, 52.263579 ] ] ] } },
{ "type": "Feature", "properties": { "fid": 1705, "hex_id": 1704 }, "geometry": { "type": "Polygon", "coordinates": [ [ [ 21.088948, 52.259085 ], [ 21.091168, 52.261295 ], [ 21.095396, 52.26122 ], [ 21.097404, 52.258935 ], [ 21.095184, 52.256726 ], [ 21.090957, 52.256801 ], [ 21.088948, 52.259085 ] ] ] } },
{ "type": "Feature", "properties": { "fid": 1706, "hex_id": 1705 }, "geometry": { "type": "Polygon", "coordinates": [ [ [ 21.088737, 52.254592 ], [ 21.090957, 52.256801 ], [ 21.095184, 52.256726 ], [ 21.097192, 52.254442 ], [ 21.094972, 52.252232 ], [ 21.090745, 52.252307 ], [ 21.088737, 52.254592 ] ] ] } },
{ "type": "Feature", "properties": { "fid": 1707, "hex_id": 1706 }, "geometry": { "type": "Polygon", "coordinates": [ [ [ 21.088526, 52.250098 ], [ 21.090745, 52.252307 ], [ 21.094972, 52.252232 ], [ 21.09698, 52.249948 ], [ 21.094761, 52.247739 ], [ 21.090534, 52.247814 ], [ 21.088526, 52.250098 ] ] ] } },
{ "type": "Feature", "properties": { "fid": 1708, "hex_id": 1707 }, "geometry": { "type": "Polygon", "coordinates": [ [ [ 21.088315, 52.245604 ], [ 21.090534, 52.247814 ], [ 21.094761, 52.247739 ], [ 21.096768, 52.245454 ], [ 21.094549, 52.243245 ], [ 21.090323, 52.24332 ], [ 21.088315, 52.245604 ] ] ] } },
{ "type": "Feature", "properties": { "fid": 1709, "hex_id": 1708 }, "geometry": { "type": "Polygon", "coordinates": [ [ [ 21.088104, 52.241111 ], [ 21.090323, 52.24332 ], [ 21.094549, 52.243245 ], [ 21.096556, 52.240961 ], [ 21.094337, 52.238752 ], [ 21.090111, 52.238826 ], [ 21.088104, 52.241111 ] ] ] } },
{ "type": "Feature", "properties": { "fid": 1710, "hex_id": 1709 }, "geometry": { "type": "Polygon", "coordinates": [ [ [ 21.087893, 52.236617 ], [ 21.090111, 52.238826 ], [ 21.094337, 52.238752 ], [ 21.096344, 52.236467 ], [ 21.094126, 52.234258 ], [ 21.0899, 52.234333 ], [ 21.087893, 52.236617 ] ] ] } },
{ "type": "Feature", "properties": { "fid": 1711, "hex_id": 1710 }, "geometry": { "type": "Polygon", "coordinates": [ [ [ 21.087682, 52.232123 ], [ 21.0899, 52.234333 ], [ 21.094126, 52.234258 ], [ 21.096133, 52.231974 ], [ 21.093914, 52.229764 ], [ 21.089689, 52.229839 ], [ 21.087682, 52.232123 ] ] ] } },
{ "type": "Feature", "properties": { "fid": 1712, "hex_id": 1711 }, "geometry": { "type": "Polygon", "coordinates": [ [ [ 21.087471, 52.22763 ], [ 21.089689, 52.229839 ], [ 21.093914, 52.229764 ], [ 21.095921, 52.22748 ], [ 21.093703, 52.225271 ], [ 21.089478, 52.225345 ], [ 21.087471, 52.22763 ] ] ] } },
{ "type": "Feature", "properties": { "fid": 1713, "hex_id": 1712 }, "geometry": { "type": "Polygon", "coordinates": [ [ [ 21.08726, 52.223136 ], [ 21.089478, 52.225345 ], [ 21.093703, 52.225271 ], [ 21.095709, 52.222986 ], [ 21.093491, 52.220777 ], [ 21.089267, 52.220852 ], [ 21.08726, 52.223136 ] ] ] } },
{ "type": "Feature", "properties": { "fid": 1714, "hex_id": 1713 }, "geometry": { "type": "Polygon", "coordinates": [ [ [ 21.08705, 52.218642 ], [ 21.089267, 52.220852 ], [ 21.093491, 52.220777 ], [ 21.095498, 52.218493 ], [ 21.09328, 52.216283 ], [ 21.089056, 52.216358 ], [ 21.08705, 52.218642 ] ] ] } },
{ "type": "Feature", "properties": { "fid": 1715, "hex_id": 1714 }, "geometry": { "type": "Polygon", "coordinates": [ [ [ 21.086839, 52.214149 ], [ 21.089056, 52.216358 ], [ 21.09328, 52.216283 ], [ 21.095286, 52.213999 ], [ 21.093069, 52.21179 ], [ 21.088845, 52.211864 ], [ 21.086839, 52.214149 ] ] ] } },
{ "type": "Feature", "properties": { "fid": 1716, "hex_id": 1715 }, "geometry": { "type": "Polygon", "coordinates": [ [ [ 21.086628, 52.209655 ], [ 21.088845, 52.211864 ], [ 21.093069, 52.21179 ], [ 21.095075, 52.209505 ], [ 21.092857, 52.207296 ], [ 21.088634, 52.207371 ], [ 21.086628, 52.209655 ] ] ] } },
{ "type": "Feature", "properties": { "fid": 1717, "hex_id": 1716 }, "geometry": { "type": "Polygon", "coordinates": [ [ [ 21.086418, 52.205161 ], [ 21.088634, 52.207371 ], [ 21.092857, 52.207296 ], [ 21.094863, 52.205012 ], [ 21.092646, 52.202802 ], [ 21.088424, 52.202877 ], [ 21.086418, 52.205161 ] ] ] } },
{ "type": "Feature", "properties": { "fid": 1718, "hex_id": 1717 }, "geometry": { "type": "Polygon", "coordinates": [ [ [ 21.086207, 52.200668 ], [ 21.088424, 52.202877 ], [ 21.092646, 52.202802 ], [ 21.094652, 52.200518 ], [ 21.092435, 52.198309 ], [ 21.088213, 52.198383 ], [ 21.086207, 52.200668 ] ] ] } },
{ "type": "Feature", "properties": { "fid": 1719, "hex_id": 1718 }, "geometry": { "type": "Polygon", "coordinates": [ [ [ 21.085997, 52.196174 ], [ 21.088213, 52.198383 ], [ 21.092435, 52.198309 ], [ 21.09444, 52.196024 ], [ 21.092224, 52.193815 ], [ 21.088002, 52.19389 ], [ 21.085997, 52.196174 ] ] ] } },
{ "type": "Feature", "properties": { "fid": 1720, "hex_id": 1719 }, "geometry": { "type": "Polygon", "coordinates": [ [ [ 21.085786, 52.19168 ], [ 21.088002, 52.19389 ], [ 21.092224, 52.193815 ], [ 21.094229, 52.191531 ], [ 21.092013, 52.189321 ], [ 21.087792, 52.189396 ], [ 21.085786, 52.19168 ] ] ] } },
{ "type": "Feature", "properties": { "fid": 1721, "hex_id": 1720 }, "geometry": { "type": "Polygon", "coordinates": [ [ [ 21.085576, 52.187187 ], [ 21.087792, 52.189396 ], [ 21.092013, 52.189321 ], [ 21.094018, 52.187037 ], [ 21.091802, 52.184828 ], [ 21.087581, 52.184902 ], [ 21.085576, 52.187187 ] ] ] } },
{ "type": "Feature", "properties": { "fid": 1722, "hex_id": 1721 }, "geometry": { "type": "Polygon", "coordinates": [ [ [ 21.085366, 52.182693 ], [ 21.087581, 52.184902 ], [ 21.091802, 52.184828 ], [ 21.093807, 52.182543 ], [ 21.091591, 52.180334 ], [ 21.087371, 52.180409 ], [ 21.085366, 52.182693 ] ] ] } },
{ "type": "Feature", "properties": { "fid": 1723, "hex_id": 1722 }, "geometry": { "type": "Polygon", "coordinates": [ [ [ 21.085155, 52.178199 ], [ 21.087371, 52.180409 ], [ 21.091591, 52.180334 ], [ 21.093596, 52.17805 ], [ 21.09138, 52.17584 ], [ 21.08716, 52.175915 ], [ 21.085155, 52.178199 ] ] ] } },
{ "type": "Feature", "properties": { "fid": 1724, "hex_id": 1723 }, "geometry": { "type": "Polygon", "coordinates": [ [ [ 21.084945, 52.173705 ], [ 21.08716, 52.175915 ], [ 21.09138, 52.17584 ], [ 21.093385, 52.173556 ], [ 21.091169, 52.171346 ], [ 21.08695, 52.171421 ], [ 21.084945, 52.173705 ] ] ] } },
{ "type": "Feature", "properties": { "fid": 1725, "hex_id": 1724 }, "geometry": { "type": "Polygon", "coordinates": [ [ [ 21.084735, 52.169212 ], [ 21.08695, 52.171421 ], [ 21.091169, 52.171346 ], [ 21.093174, 52.169062 ], [ 21.090959, 52.166853 ], [ 21.086739, 52.166927 ], [ 21.084735, 52.169212 ] ] ] } },
{ "type": "Feature", "properties": { "fid": 1726, "hex_id": 1725 }, "geometry": { "type": "Polygon", "coordinates": [ [ [ 21.084525, 52.164718 ], [ 21.086739, 52.166927 ], [ 21.090959, 52.166853 ], [ 21.092963, 52.164568 ], [ 21.090748, 52.162359 ], [ 21.086529, 52.162434 ], [ 21.084525, 52.164718 ] ] ] } },
{ "type": "Feature", "properties": { "fid": 1727, "hex_id": 1726 }, "geometry": { "type": "Polygon", "coordinates": [ [ [ 21.084315, 52.160224 ], [ 21.086529, 52.162434 ], [ 21.090748, 52.162359 ], [ 21.092752, 52.160075 ], [ 21.090537, 52.157865 ], [ 21.086319, 52.15794 ], [ 21.084315, 52.160224 ] ] ] } },
{ "type": "Feature", "properties": { "fid": 1728, "hex_id": 1727 }, "geometry": { "type": "Polygon", "coordinates": [ [ [ 21.084105, 52.15573 ], [ 21.086319, 52.15794 ], [ 21.090537, 52.157865 ], [ 21.092541, 52.155581 ], [ 21.090327, 52.153372 ], [ 21.086109, 52.153446 ], [ 21.084105, 52.15573 ] ] ] } },
{ "type": "Feature", "properties": { "fid": 1729, "hex_id": 1728 }, "geometry": { "type": "Polygon", "coordinates": [ [ [ 21.083895, 52.151237 ], [ 21.086109, 52.153446 ], [ 21.090327, 52.153372 ], [ 21.09233, 52.151087 ], [ 21.090116, 52.148878 ], [ 21.085899, 52.148953 ], [ 21.083895, 52.151237 ] ] ] } },
{ "type": "Feature", "properties": { "fid": 1730, "hex_id": 1729 }, "geometry": { "type": "Polygon", "coordinates": [ [ [ 21.083685, 52.146743 ], [ 21.085899, 52.148953 ], [ 21.090116, 52.148878 ], [ 21.09212, 52.146594 ], [ 21.089906, 52.144384 ], [ 21.085689, 52.144459 ], [ 21.083685, 52.146743 ] ] ] } },
{ "type": "Feature", "properties": { "fid": 1731, "hex_id": 1730 }, "geometry": { "type": "Polygon", "coordinates": [ [ [ 21.083475, 52.142249 ], [ 21.085689, 52.144459 ], [ 21.089906, 52.144384 ], [ 21.091909, 52.1421 ], [ 21.089695, 52.13989 ], [ 21.085479, 52.139965 ], [ 21.083475, 52.142249 ] ] ] } },
{ "type": "Feature", "properties": { "fid": 1732, "hex_id": 1731 }, "geometry": { "type": "Polygon", "coordinates": [ [ [ 21.083265, 52.137756 ], [ 21.085479, 52.139965 ], [ 21.089695, 52.13989 ], [ 21.091698, 52.137606 ], [ 21.089485, 52.135397 ], [ 21.085269, 52.135471 ], [ 21.083265, 52.137756 ] ] ] } },
{ "type": "Feature", "properties": { "fid": 1733, "hex_id": 1732 }, "geometry": { "type": "Polygon", "coordinates": [ [ [ 21.083056, 52.133262 ], [ 21.085269, 52.135471 ], [ 21.089485, 52.135397 ], [ 21.091488, 52.133112 ], [ 21.089275, 52.130903 ], [ 21.085059, 52.130978 ], [ 21.083056, 52.133262 ] ] ] } },
{ "type": "Feature", "properties": { "fid": 1734, "hex_id": 1733 }, "geometry": { "type": "Polygon", "coordinates": [ [ [ 21.082846, 52.128768 ], [ 21.085059, 52.130978 ], [ 21.089275, 52.130903 ], [ 21.091277, 52.128619 ], [ 21.089064, 52.126409 ], [ 21.084849, 52.126484 ], [ 21.082846, 52.128768 ] ] ] } },
{ "type": "Feature", "properties": { "fid": 1735, "hex_id": 1734 }, "geometry": { "type": "Polygon", "coordinates": [ [ [ 21.082636, 52.124274 ], [ 21.084849, 52.126484 ], [ 21.089064, 52.126409 ], [ 21.091067, 52.124125 ], [ 21.088854, 52.121916 ], [ 21.084639, 52.12199 ], [ 21.082636, 52.124274 ] ] ] } },
{ "type": "Feature", "properties": { "fid": 1736, "hex_id": 1735 }, "geometry": { "type": "Polygon", "coordinates": [ [ [ 21.082427, 52.119781 ], [ 21.084639, 52.12199 ], [ 21.088854, 52.121916 ], [ 21.090856, 52.119631 ], [ 21.088644, 52.117422 ], [ 21.084429, 52.117496 ], [ 21.082427, 52.119781 ] ] ] } },
{ "type": "Feature", "properties": { "fid": 1737, "hex_id": 1736 }, "geometry": { "type": "Polygon", "coordinates": [ [ [ 21.082217, 52.115287 ], [ 21.084429, 52.117496 ], [ 21.088644, 52.117422 ], [ 21.090646, 52.115138 ], [ 21.088434, 52.112928 ], [ 21.08422, 52.113003 ], [ 21.082217, 52.115287 ] ] ] } },
{ "type": "Feature", "properties": { "fid": 1738, "hex_id": 1737 }, "geometry": { "type": "Polygon", "coordinates": [ [ [ 21.082008, 52.110793 ], [ 21.08422, 52.113003 ], [ 21.088434, 52.112928 ], [ 21.090436, 52.110644 ], [ 21.088224, 52.108434 ], [ 21.08401, 52.108509 ], [ 21.082008, 52.110793 ] ] ] } },
{ "type": "Feature", "properties": { "fid": 1739, "hex_id": 1738 }, "geometry": { "type": "Polygon", "coordinates": [ [ [ 21.081799, 52.106299 ], [ 21.08401, 52.108509 ], [ 21.088224, 52.108434 ], [ 21.090226, 52.10615 ], [ 21.088014, 52.103941 ], [ 21.083801, 52.104015 ], [ 21.081799, 52.106299 ] ] ] } },
{ "type": "Feature", "properties": { "fid": 1740, "hex_id": 1739 }, "geometry": { "type": "Polygon", "coordinates": [ [ [ 21.081589, 52.101805 ], [ 21.083801, 52.104015 ], [ 21.088014, 52.103941 ], [ 21.090015, 52.101656 ], [ 21.087804, 52.099447 ], [ 21.083591, 52.099521 ], [ 21.081589, 52.101805 ] ] ] } },
{ "type": "Feature", "properties": { "fid": 1741, "hex_id": 1740 }, "geometry": { "type": "Polygon", "coordinates": [ [ [ 21.096668, 52.288181 ], [ 21.09889, 52.29039 ], [ 21.103121, 52.290315 ], [ 21.10513, 52.288031 ], [ 21.102908, 52.285822 ], [ 21.098678, 52.285897 ], [ 21.096668, 52.288181 ] ] ] } },
{ "type": "Feature", "properties": { "fid": 1742, "hex_id": 1741 }, "geometry": { "type": "Polygon", "coordinates": [ [ [ 21.096456, 52.283688 ], [ 21.098678, 52.285897 ], [ 21.102908, 52.285822 ], [ 21.104917, 52.283537 ], [ 21.102695, 52.281328 ], [ 21.098465, 52.281403 ], [ 21.096456, 52.283688 ] ] ] } },
{ "type": "Feature", "properties": { "fid": 1743, "hex_id": 1742 }, "geometry": { "type": "Polygon", "coordinates": [ [ [ 21.096244, 52.279194 ], [ 21.098465, 52.281403 ], [ 21.102695, 52.281328 ], [ 21.104704, 52.279044 ], [ 21.102482, 52.276834 ], [ 21.098253, 52.27691 ], [ 21.096244, 52.279194 ] ] ] } },
{ "type": "Feature", "properties": { "fid": 1744, "hex_id": 1743 }, "geometry": { "type": "Polygon", "coordinates": [ [ [ 21.096032, 52.2747 ], [ 21.098253, 52.27691 ], [ 21.102482, 52.276834 ], [ 21.104491, 52.27455 ], [ 21.10227, 52.272341 ], [ 21.098041, 52.272416 ], [ 21.096032, 52.2747 ] ] ] } },
{ "type": "Feature", "properties": { "fid": 1745, "hex_id": 1744 }, "geometry": { "type": "Polygon", "coordinates": [ [ [ 21.09582, 52.270207 ], [ 21.098041, 52.272416 ], [ 21.10227, 52.272341 ], [ 21.104278, 52.270056 ], [ 21.102057, 52.267847 ], [ 21.097828, 52.267923 ], [ 21.09582, 52.270207 ] ] ] } },
{ "type": "Feature", "properties": { "fid": 1746, "hex_id": 1745 }, "geometry": { "type": "Polygon", "coordinates": [ [ [ 21.095608, 52.265713 ], [ 21.097828, 52.267923 ], [ 21.102057, 52.267847 ], [ 21.104065, 52.265563 ], [ 21.101844, 52.263354 ], [ 21.097616, 52.263429 ], [ 21.095608, 52.265713 ] ] ] } },
{ "type": "Feature", "properties": { "fid": 1747, "hex_id": 1746 }, "geometry": { "type": "Polygon", "coordinates": [ [ [ 21.095396, 52.26122 ], [ 21.097616, 52.263429 ], [ 21.101844, 52.263354 ], [ 21.103852, 52.261069 ], [ 21.101632, 52.25886 ], [ 21.097404, 52.258935 ], [ 21.095396, 52.26122 ] ] ] } },
{ "type": "Feature", "properties": { "fid": 1748, "hex_id": 1747 }, "geometry": { "type": "Polygon", "coordinates": [ [ [ 21.095184, 52.256726 ], [ 21.097404, 52.258935 ], [ 21.101632, 52.25886 ], [ 21.10364, 52.256576 ], [ 21.101419, 52.254366 ], [ 21.097192, 52.254442 ], [ 21.095184, 52.256726 ] ] ] } },
{ "type": "Feature", "properties": { "fid": 1749, "hex_id": 1748 }, "geometry": { "type": "Polygon", "coordinates": [ [ [ 21.094972, 52.252232 ], [ 21.097192, 52.254442 ], [ 21.101419, 52.254366 ], [ 21.103427, 52.252082 ], [ 21.101207, 52.249873 ], [ 21.09698, 52.249948 ], [ 21.094972, 52.252232 ] ] ] } },
{ "type": "Feature", "properties": { "fid": 1750, "hex_id": 1749 }, "geometry": { "type": "Polygon", "coordinates": [ [ [ 21.094761, 52.247739 ], [ 21.09698, 52.249948 ], [ 21.101207, 52.249873 ], [ 21.103214, 52.247588 ], [ 21.100995, 52.245379 ], [ 21.096768, 52.245454 ], [ 21.094761, 52.247739 ] ] ] } },
{ "type": "Feature", "properties": { "fid": 1751, "hex_id": 1750 }, "geometry": { "type": "Polygon", "coordinates": [ [ [ 21.094549, 52.243245 ], [ 21.096768, 52.245454 ], [ 21.100995, 52.245379 ], [ 21.103002, 52.243095 ], [ 21.100782, 52.240886 ], [ 21.096556, 52.240961 ], [ 21.094549, 52.243245 ] ] ] } },
{ "type": "Feature", "properties": { "fid": 1752, "hex_id": 1751 }, "geometry": { "type": "Polygon", "coordinates": [ [ [ 21.094337, 52.238752 ], [ 21.096556, 52.240961 ], [ 21.100782, 52.240886 ], [ 21.102789, 52.238601 ], [ 21.10057, 52.236392 ], [ 21.096344, 52.236467 ], [ 21.094337, 52.238752 ] ] ] } },
{ "type": "Feature", "properties": { "fid": 1753, "hex_id": 1752 }, "geometry": { "type": "Polygon", "coordinates": [ [ [ 21.094126, 52.234258 ], [ 21.096344, 52.236467 ], [ 21.10057, 52.236392 ], [ 21.102577, 52.234108 ], [ 21.100358, 52.231898 ], [ 21.096133, 52.231974 ], [ 21.094126, 52.234258 ] ] ] } },
{ "type": "Feature", "properties": { "fid": 1754, "hex_id": 1753 }, "geometry": { "type": "Polygon", "coordinates": [ [ [ 21.093914, 52.229764 ], [ 21.096133, 52.231974 ], [ 21.100358, 52.231898 ], [ 21.102364, 52.229614 ], [ 21.100146, 52.227405 ], [ 21.095921, 52.22748 ], [ 21.093914, 52.229764 ] ] ] } },
{ "type": "Feature", "properties": { "fid": 1755, "hex_id": 1754 }, "geometry": { "type": "Polygon", "coordinates": [ [ [ 21.093703, 52.225271 ], [ 21.095921, 52.22748 ], [ 21.100146, 52.227405 ], [ 21.102152, 52.22512 ], [ 21.099934, 52.222911 ], [ 21.095709, 52.222986 ], [ 21.093703, 52.225271 ] ] ] } },
{ "type": "Feature", "properties": { "fid": 1756, "hex_id": 1755 }, "geometry": { "type": "Polygon", "coordinates": [ [ [ 21.093491, 52.220777 ], [ 21.095709, 52.222986 ], [ 21.099934, 52.222911 ], [ 21.10194, 52.220627 ], [ 21.099722, 52.218417 ], [ 21.095498, 52.218493 ], [ 21.093491, 52.220777 ] ] ] } },
{ "type": "Feature", "properties": { "fid": 1757, "hex_id": 1756 }, "geometry": { "type": "Polygon", "coordinates": [ [ [ 21.09328, 52.216283 ], [ 21.095498, 52.218493 ], [ 21.099722, 52.218417 ], [ 21.101728, 52.216133 ], [ 21.09951, 52.213924 ], [ 21.095286, 52.213999 ], [ 21.09328, 52.216283 ] ] ] } },
{ "type": "Feature", "properties": { "fid": 1758, "hex_id": 1757 }, "geometry": { "type": "Polygon", "coordinates": [ [ [ 21.093069, 52.21179 ], [ 21.095286, 52.213999 ], [ 21.09951, 52.213924 ], [ 21.101515, 52.211639 ], [ 21.099298, 52.20943 ], [ 21.095075, 52.209505 ], [ 21.093069, 52.21179 ] ] ] } },
{ "type": "Feature", "properties": { "fid": 1759, "hex_id": 1758 }, "geometry": { "type": "Polygon", "coordinates": [ [ [ 21.092857, 52.207296 ], [ 21.095075, 52.209505 ], [ 21.099298, 52.20943 ], [ 21.101303, 52.207146 ], [ 21.099086, 52.204937 ], [ 21.094863, 52.205012 ], [ 21.092857, 52.207296 ] ] ] } },
{ "type": "Feature", "properties": { "fid": 1760, "hex_id": 1759 }, "geometry": { "type": "Polygon", "coordinates": [ [ [ 21.092646, 52.202802 ], [ 21.094863, 52.205012 ], [ 21.099086, 52.204937 ], [ 21.101091, 52.202652 ], [ 21.098874, 52.200443 ], [ 21.094652, 52.200518 ], [ 21.092646, 52.202802 ] ] ] } },
{ "type": "Feature", "properties": { "fid": 1761, "hex_id": 1760 }, "geometry": { "type": "Polygon", "coordinates": [ [ [ 21.092435, 52.198309 ], [ 21.094652, 52.200518 ], [ 21.098874, 52.200443 ], [ 21.100879, 52.198158 ], [ 21.098662, 52.195949 ], [ 21.09444, 52.196024 ], [ 21.092435, 52.198309 ] ] ] } },
{ "type": "Feature", "properties": { "fid": 1762, "hex_id": 1761 }, "geometry": { "type": "Polygon", "coordinates": [ [ [ 21.092224, 52.193815 ], [ 21.09444, 52.196024 ], [ 21.098662, 52.195949 ], [ 21.100667, 52.193665 ], [ 21.098451, 52.191456 ], [ 21.094229, 52.191531 ], [ 21.092224, 52.193815 ] ] ] } },
{ "type": "Feature", "properties": { "fid": 1763, "hex_id": 1762 }, "geometry": { "type": "Polygon", "coordinates": [ [ [ 21.092013, 52.189321 ], [ 21.094229, 52.191531 ], [ 21.098451, 52.191456 ], [ 21.100455, 52.189171 ], [ 21.098239, 52.186962 ], [ 21.094018, 52.187037 ], [ 21.092013, 52.189321 ] ] ] } },
{ "type": "Feature", "properties": { "fid": 1764, "hex_id": 1763 }, "geometry": { "type": "Polygon", "coordinates": [ [ [ 21.091802, 52.184828 ], [ 21.094018, 52.187037 ], [ 21.098239, 52.186962 ], [ 21.100244, 52.184678 ], [ 21.098027, 52.182468 ], [ 21.093807, 52.182543 ], [ 21.091802, 52.184828 ] ] ] } },
{ "type": "Feature", "properties": { "fid": 1765, "hex_id": 1764 }, "geometry": { "type": "Polygon", "coordinates": [ [ [ 21.091591, 52.180334 ], [ 21.093807, 52.182543 ], [ 21.098027, 52.182468 ], [ 21.100032, 52.180184 ], [ 21.097816, 52.177975 ], [ 21.093596, 52.17805 ], [ 21.091591, 52.180334 ] ] ] } },
{ "type": "Feature", "properties": { "fid": 1766, "hex_id": 1765 }, "geometry": { "type": "Polygon", "coordinates": [ [ [ 21.09138, 52.17584 ], [ 21.093596, 52.17805 ], [ 21.097816, 52.177975 ], [ 21.09982, 52.17569 ], [ 21.097604, 52.173481 ], [ 21.093385, 52.173556 ], [ 21.09138, 52.17584 ] ] ] } },
{ "type": "Feature", "properties": { "fid": 1767, "hex_id": 1766 }, "geometry": { "type": "Polygon", "coordinates": [ [ [ 21.091169, 52.171346 ], [ 21.093385, 52.173556 ], [ 21.097604, 52.173481 ], [ 21.099608, 52.171197 ], [ 21.097393, 52.168987 ], [ 21.093174, 52.169062 ], [ 21.091169, 52.171346 ] ] ] } },
{ "type": "Feature", "properties": { "fid": 1768, "hex_id": 1767 }, "geometry": { "type": "Polygon", "coordinates": [ [ [ 21.090959, 52.166853 ], [ 21.093174, 52.169062 ], [ 21.097393, 52.168987 ], [ 21.099397, 52.166703 ], [ 21.097182, 52.164494 ], [ 21.092963, 52.164568 ], [ 21.090959, 52.166853 ] ] ] } },
{ "type": "Feature", "properties": { "fid": 1769, "hex_id": 1768 }, "geometry": { "type": "Polygon", "coordinates": [ [ [ 21.090748, 52.162359 ], [ 21.092963, 52.164568 ], [ 21.097182, 52.164494 ], [ 21.099185, 52.162209 ], [ 21.09697, 52.16 ], [ 21.092752, 52.160075 ], [ 21.090748, 52.162359 ] ] ] } },
{ "type": "Feature", "properties": { "fid": 1770, "hex_id": 1769 }, "geometry": { "type": "Polygon", "coordinates": [ [ [ 21.090537, 52.157865 ], [ 21.092752, 52.160075 ], [ 21.09697, 52.16 ], [ 21.098974, 52.157715 ], [ 21.096759, 52.155506 ], [ 21.092541, 52.155581 ], [ 21.090537, 52.157865 ] ] ] } },
{ "type": "Feature", "properties": { "fid": 1771, "hex_id": 1770 }, "geometry": { "type": "Polygon", "coordinates": [ [ [ 21.090327, 52.153372 ], [ 21.092541, 52.155581 ], [ 21.096759, 52.155506 ], [ 21.098762, 52.153222 ], [ 21.096548, 52.151012 ], [ 21.09233, 52.151087 ], [ 21.090327, 52.153372 ] ] ] } },
{ "type": "Feature", "properties": { "fid": 1772, "hex_id": 1771 }, "geometry": { "type": "Polygon", "coordinates": [ [ [ 21.090116, 52.148878 ], [ 21.09233, 52.151087 ], [ 21.096548, 52.151012 ], [ 21.098551, 52.148728 ], [ 21.096337, 52.146519 ], [ 21.09212, 52.146594 ], [ 21.090116, 52.148878 ] ] ] } },
{ "type": "Feature", "properties": { "fid": 1773, "hex_id": 1772 }, "geometry": { "type": "Polygon", "coordinates": [ [ [ 21.089906, 52.144384 ], [ 21.09212, 52.146594 ], [ 21.096337, 52.146519 ], [ 21.09834, 52.144234 ], [ 21.096126, 52.142025 ], [ 21.091909, 52.1421 ], [ 21.089906, 52.144384 ] ] ] } },
{ "type": "Feature", "properties": { "fid": 1774, "hex_id": 1773 }, "geometry": { "type": "Polygon", "coordinates": [ [ [ 21.089695, 52.13989 ], [ 21.091909, 52.1421 ], [ 21.096126, 52.142025 ], [ 21.098128, 52.139741 ], [ 21.095915, 52.137531 ], [ 21.091698, 52.137606 ], [ 21.089695, 52.13989 ] ] ] } },
{ "type": "Feature", "properties": { "fid": 1775, "hex_id": 1774 }, "geometry": { "type": "Polygon", "coordinates": [ [ [ 21.089485, 52.135397 ], [ 21.091698, 52.137606 ], [ 21.095915, 52.137531 ], [ 21.097917, 52.135247 ], [ 21.095704, 52.133038 ], [ 21.091488, 52.133112 ], [ 21.089485, 52.135397 ] ] ] } },
{ "type": "Feature", "properties": { "fid": 1776, "hex_id": 1775 }, "geometry": { "type": "Polygon", "coordinates": [ [ [ 21.089275, 52.130903 ], [ 21.091488, 52.133112 ], [ 21.095704, 52.133038 ], [ 21.097706, 52.130753 ], [ 21.095493, 52.128544 ], [ 21.091277, 52.128619 ], [ 21.089275, 52.130903 ] ] ] } },
{ "type": "Feature", "properties": { "fid": 1777, "hex_id": 1776 }, "geometry": { "type": "Polygon", "coordinates": [ [ [ 21.089064, 52.126409 ], [ 21.091277, 52.128619 ], [ 21.095493, 52.128544 ], [ 21.097495, 52.12626 ], [ 21.095282, 52.12405 ], [ 21.091067, 52.124125 ], [ 21.089064, 52.126409 ] ] ] } },
{ "type": "Feature", "properties": { "fid": 1778, "hex_id": 1777 }, "geometry": { "type": "Polygon", "coordinates": [ [ [ 21.088854, 52.121916 ], [ 21.091067, 52.124125 ], [ 21.095282, 52.12405 ], [ 21.097284, 52.121766 ], [ 21.095071, 52.119556 ], [ 21.090856, 52.119631 ], [ 21.088854, 52.121916 ] ] ] } },
{ "type": "Feature", "properties": { "fid": 1779, "hex_id": 1778 }, "geometry": { "type": "Polygon", "coordinates": [ [ [ 21.088644, 52.117422 ], [ 21.090856, 52.119631 ], [ 21.095071, 52.119556 ], [ 21.097073, 52.117272 ], [ 21.09486, 52.115063 ], [ 21.090646, 52.115138 ], [ 21.088644, 52.117422 ] ] ] } },
{ "type": "Feature", "properties": { "fid": 1780, "hex_id": 1779 }, "geometry": { "type": "Polygon", "coordinates": [ [ [ 21.088434, 52.112928 ], [ 21.090646, 52.115138 ], [ 21.09486, 52.115063 ], [ 21.096862, 52.112778 ], [ 21.09465, 52.110569 ], [ 21.090436, 52.110644 ], [ 21.088434, 52.112928 ] ] ] } },
{ "type": "Feature", "properties": { "fid": 1781, "hex_id": 1780 }, "geometry": { "type": "Polygon", "coordinates": [ [ [ 21.088224, 52.108434 ], [ 21.090436, 52.110644 ], [ 21.09465, 52.110569 ], [ 21.096651, 52.108285 ], [ 21.094439, 52.106075 ], [ 21.090226, 52.10615 ], [ 21.088224, 52.108434 ] ] ] } },
{ "type": "Feature", "properties": { "fid": 1782, "hex_id": 1781 }, "geometry": { "type": "Polygon", "coordinates": [ [ [ 21.088014, 52.103941 ], [ 21.090226, 52.10615 ], [ 21.094439, 52.106075 ], [ 21.09644, 52.103791 ], [ 21.094228, 52.101582 ], [ 21.090015, 52.101656 ], [ 21.088014, 52.103941 ] ] ] } },
{ "type": "Feature", "properties": { "fid": 1783, "hex_id": 1782 }, "geometry": { "type": "Polygon", "coordinates": [ [ [ 21.102482, 52.276834 ], [ 21.104704, 52.279044 ], [ 21.108933, 52.278968 ], [ 21.110942, 52.276683 ], [ 21.10872, 52.274475 ], [ 21.104491, 52.27455 ], [ 21.102482, 52.276834 ] ] ] } },
{ "type": "Feature", "properties": { "fid": 1784, "hex_id": 1783 }, "geometry": { "type": "Polygon", "coordinates": [ [ [ 21.10227, 52.272341 ], [ 21.104491, 52.27455 ], [ 21.10872, 52.274475 ], [ 21.110728, 52.27219 ], [ 21.108507, 52.269981 ], [ 21.104278, 52.270056 ], [ 21.10227, 52.272341 ] ] ] } },
{ "type": "Feature", "properties": { "fid": 1785, "hex_id": 1784 }, "geometry": { "type": "Polygon", "coordinates": [ [ [ 21.102057, 52.267847 ], [ 21.104278, 52.270056 ], [ 21.108507, 52.269981 ], [ 21.110514, 52.267696 ], [ 21.108293, 52.265487 ], [ 21.104065, 52.265563 ], [ 21.102057, 52.267847 ] ] ] } },
{ "type": "Feature", "properties": { "fid": 1786, "hex_id": 1785 }, "geometry": { "type": "Polygon", "coordinates": [ [ [ 21.101844, 52.263354 ], [ 21.104065, 52.265563 ], [ 21.108293, 52.265487 ], [ 21.110301, 52.263203 ], [ 21.10808, 52.260994 ], [ 21.103852, 52.261069 ], [ 21.101844, 52.263354 ] ] ] } },
{ "type": "Feature", "properties": { "fid": 1787, "hex_id": 1786 }, "geometry": { "type": "Polygon", "coordinates": [ [ [ 21.101632, 52.25886 ], [ 21.103852, 52.261069 ], [ 21.10808, 52.260994 ], [ 21.110088, 52.258709 ], [ 21.107867, 52.2565 ], [ 21.10364, 52.256576 ], [ 21.101632, 52.25886 ] ] ] } },
{ "type": "Feature", "properties": { "fid": 1788, "hex_id": 1787 }, "geometry": { "type": "Polygon", "coordinates": [ [ [ 21.101419, 52.254366 ], [ 21.10364, 52.256576 ], [ 21.107867, 52.2565 ], [ 21.109874, 52.254216 ], [ 21.107654, 52.252007 ], [ 21.103427, 52.252082 ], [ 21.101419, 52.254366 ] ] ] } },
{ "type": "Feature", "properties": { "fid": 1789, "hex_id": 1788 }, "geometry": { "type": "Polygon", "coordinates": [ [ [ 21.101207, 52.249873 ], [ 21.103427, 52.252082 ], [ 21.107654, 52.252007 ], [ 21.109661, 52.249722 ], [ 21.107441, 52.247513 ], [ 21.103214, 52.247588 ], [ 21.101207, 52.249873 ] ] ] } },
{ "type": "Feature", "properties": { "fid": 1790, "hex_id": 1789 }, "geometry": { "type": "Polygon", "coordinates": [ [ [ 21.100995, 52.245379 ], [ 21.103214, 52.247588 ], [ 21.107441, 52.247513 ], [ 21.109448, 52.245228 ], [ 21.107228, 52.243019 ], [ 21.103002, 52.243095 ], [ 21.100995, 52.245379 ] ] ] } },
{ "type": "Feature", "properties": { "fid": 1791, "hex_id": 1790 }, "geometry": { "type": "Polygon", "coordinates": [ [ [ 21.100782, 52.240886 ], [ 21.103002, 52.243095 ], [ 21.107228, 52.243019 ], [ 21.109235, 52.240735 ], [ 21.107015, 52.238526 ], [ 21.102789, 52.238601 ], [ 21.100782, 52.240886 ] ] ] } },
{ "type": "Feature", "properties": { "fid": 1792, "hex_id": 1791 }, "geometry": { "type": "Polygon", "coordinates": [ [ [ 21.10057, 52.236392 ], [ 21.102789, 52.238601 ], [ 21.107015, 52.238526 ], [ 21.109022, 52.236241 ], [ 21.106802, 52.234032 ], [ 21.102577, 52.234108 ], [ 21.10057, 52.236392 ] ] ] } },
{ "type": "Feature", "properties": { "fid": 1793, "hex_id": 1792 }, "geometry": { "type": "Polygon", "coordinates": [ [ [ 21.100358, 52.231898 ], [ 21.102577, 52.234108 ], [ 21.106802, 52.234032 ], [ 21.108808, 52.231748 ], [ 21.106589, 52.229539 ], [ 21.102364, 52.229614 ], [ 21.100358, 52.231898 ] ] ] } },
{ "type": "Feature", "properties": { "fid": 1794, "hex_id": 1793 }, "geometry": { "type": "Polygon", "coordinates": [ [ [ 21.100146, 52.227405 ], [ 21.102364, 52.229614 ], [ 21.106589, 52.229539 ], [ 21.108595, 52.227254 ], [ 21.106377, 52.225045 ], [ 21.102152, 52.22512 ], [ 21.100146, 52.227405 ] ] ] } },
{ "type": "Feature", "properties": { "fid": 1795, "hex_id": 1794 }, "geometry": { "type": "Polygon", "coordinates": [ [ [ 21.099934, 52.222911 ], [ 21.102152, 52.22512 ], [ 21.106377, 52.225045 ], [ 21.108383, 52.22276 ], [ 21.106164, 52.220551 ], [ 21.10194, 52.220627 ], [ 21.099934, 52.222911 ] ] ] } },
{ "type": "Feature", "properties": { "fid": 1796, "hex_id": 1795 }, "geometry": { "type": "Polygon", "coordinates": [ [ [ 21.099722, 52.218417 ], [ 21.10194, 52.220627 ], [ 21.106164, 52.220551 ], [ 21.10817, 52.218267 ], [ 21.105951, 52.216058 ], [ 21.101728, 52.216133 ], [ 21.099722, 52.218417 ] ] ] } },
{ "type": "Feature", "properties": { "fid": 1797, "hex_id": 1796 }, "geometry": { "type": "Polygon", "coordinates": [ [ [ 21.09951, 52.213924 ], [ 21.101728, 52.216133 ], [ 21.105951, 52.216058 ], [ 21.107957, 52.213773 ], [ 21.105739, 52.211564 ], [ 21.101515, 52.211639 ], [ 21.09951, 52.213924 ] ] ] } },
{ "type": "Feature", "properties": { "fid": 1798, "hex_id": 1797 }, "geometry": { "type": "Polygon", "coordinates": [ [ [ 21.099298, 52.20943 ], [ 21.101515, 52.211639 ], [ 21.105739, 52.211564 ], [ 21.107744, 52.20928 ], [ 21.105526, 52.20707 ], [ 21.101303, 52.207146 ], [ 21.099298, 52.20943 ] ] ] } },
{ "type": "Feature", "properties": { "fid": 1799, "hex_id": 1798 }, "geometry": { "type": "Polygon", "coordinates": [ [ [ 21.099086, 52.204937 ], [ 21.101303, 52.207146 ], [ 21.105526, 52.20707 ], [ 21.107531, 52.204786 ], [ 21.105314, 52.202577 ], [ 21.101091, 52.202652 ], [ 21.099086, 52.204937 ] ] ] } },
{ "type": "Feature", "properties": { "fid": 1800, "hex_id": 1799 }, "geometry": { "type": "Polygon", "coordinates": [ [ [ 21.098874, 52.200443 ], [ 21.101091, 52.202652 ], [ 21.105314, 52.202577 ], [ 21.107319, 52.200292 ], [ 21.105101, 52.198083 ], [ 21.100879, 52.198158 ], [ 21.098874, 52.200443 ] ] ] } },
{ "type": "Feature", "properties": { "fid": 1801, "hex_id": 1800 }, "geometry": { "type": "Polygon", "coordinates": [ [ [ 21.098662, 52.195949 ], [ 21.100879, 52.198158 ], [ 21.105101, 52.198083 ], [ 21.107106, 52.195799 ], [ 21.104889, 52.19359 ], [ 21.100667, 52.193665 ], [ 21.098662, 52.195949 ] ] ] } },
{ "type": "Feature", "properties": { "fid": 1802, "hex_id": 1801 }, "geometry": { "type": "Polygon", "coordinates": [ [ [ 21.098451, 52.191456 ], [ 21.100667, 52.193665 ], [ 21.104889, 52.19359 ], [ 21.106894, 52.191305 ], [ 21.104677, 52.189096 ], [ 21.100455, 52.189171 ], [ 21.098451, 52.191456 ] ] ] } },
{ "type": "Feature", "properties": { "fid": 1803, "hex_id": 1802 }, "geometry": { "type": "Polygon", "coordinates": [ [ [ 21.098239, 52.186962 ], [ 21.100455, 52.189171 ], [ 21.104677, 52.189096 ], [ 21.106681, 52.186811 ], [ 21.104464, 52.184602 ], [ 21.100244, 52.184678 ], [ 21.098239, 52.186962 ] ] ] } },
{ "type": "Feature", "properties": { "fid": 1804, "hex_id": 1803 }, "geometry": { "type": "Polygon", "coordinates": [ [ [ 21.098027, 52.182468 ], [ 21.100244, 52.184678 ], [ 21.104464, 52.184602 ], [ 21.106469, 52.182318 ], [ 21.104252, 52.180109 ], [ 21.100032, 52.180184 ], [ 21.098027, 52.182468 ] ] ] } },
{ "type": "Feature", "properties": { "fid": 1805, "hex_id": 1804 }, "geometry": { "type": "Polygon", "coordinates": [ [ [ 21.097816, 52.177975 ], [ 21.100032, 52.180184 ], [ 21.104252, 52.180109 ], [ 21.106256, 52.177824 ], [ 21.10404, 52.175615 ], [ 21.09982, 52.17569 ], [ 21.097816, 52.177975 ] ] ] } },
{ "type": "Feature", "properties": { "fid": 1806, "hex_id": 1805 }, "geometry": { "type": "Polygon", "coordinates": [ [ [ 21.097604, 52.173481 ], [ 21.09982, 52.17569 ], [ 21.10404, 52.175615 ], [ 21.106044, 52.17333 ], [ 21.103828, 52.171121 ], [ 21.099608, 52.171197 ], [ 21.097604, 52.173481 ] ] ] } },
{ "type": "Feature", "properties": { "fid": 1807, "hex_id": 1806 }, "geometry": { "type": "Polygon", "coordinates": [ [ [ 21.097393, 52.168987 ], [ 21.099608, 52.171197 ], [ 21.103828, 52.171121 ], [ 21.105832, 52.168837 ], [ 21.103616, 52.166628 ], [ 21.099397, 52.166703 ], [ 21.097393, 52.168987 ] ] ] } },
{ "type": "Feature", "properties": { "fid": 1808, "hex_id": 1807 }, "geometry": { "type": "Polygon", "coordinates": [ [ [ 21.097182, 52.164494 ], [ 21.099397, 52.166703 ], [ 21.103616, 52.166628 ], [ 21.105619, 52.164343 ], [ 21.103404, 52.162134 ], [ 21.099185, 52.162209 ], [ 21.097182, 52.164494 ] ] ] } },
{ "type": "Feature", "properties": { "fid": 1809, "hex_id": 1808 }, "geometry": { "type": "Polygon", "coordinates": [ [ [ 21.09697, 52.16 ], [ 21.099185, 52.162209 ], [ 21.103404, 52.162134 ], [ 21.105407, 52.159849 ], [ 21.103192, 52.15764 ], [ 21.098974, 52.157715 ], [ 21.09697, 52.16 ] ] ] } },
{ "type": "Feature", "properties": { "fid": 1810, "hex_id": 1809 }, "geometry": { "type": "Polygon", "coordinates": [ [ [ 21.096759, 52.155506 ], [ 21.098974, 52.157715 ], [ 21.103192, 52.15764 ], [ 21.105195, 52.155356 ], [ 21.10298, 52.153147 ], [ 21.098762, 52.153222 ], [ 21.096759, 52.155506 ] ] ] } },
{ "type": "Feature", "properties": { "fid": 1811, "hex_id": 1810 }, "geometry": { "type": "Polygon", "coordinates": [ [ [ 21.096548, 52.151012 ], [ 21.098762, 52.153222 ], [ 21.10298, 52.153147 ], [ 21.104983, 52.150862 ], [ 21.102768, 52.148653 ], [ 21.098551, 52.148728 ], [ 21.096548, 52.151012 ] ] ] } },
{ "type": "Feature", "properties": { "fid": 1812, "hex_id": 1811 }, "geometry": { "type": "Polygon", "coordinates": [ [ [ 21.096337, 52.146519 ], [ 21.098551, 52.148728 ], [ 21.102768, 52.148653 ], [ 21.104771, 52.146368 ], [ 21.102557, 52.144159 ], [ 21.09834, 52.144234 ], [ 21.096337, 52.146519 ] ] ] } },
{ "type": "Feature", "properties": { "fid": 1813, "hex_id": 1812 }, "geometry": { "type": "Polygon", "coordinates": [ [ [ 21.096126, 52.142025 ], [ 21.09834, 52.144234 ], [ 21.102557, 52.144159 ], [ 21.104559, 52.141875 ], [ 21.102345, 52.139666 ], [ 21.098128, 52.139741 ], [ 21.096126, 52.142025 ] ] ] } },
{ "type": "Feature", "properties": { "fid": 1814, "hex_id": 1813 }, "geometry": { "type": "Polygon", "coordinates": [ [ [ 21.095915, 52.137531 ], [ 21.098128, 52.139741 ], [ 21.102345, 52.139666 ], [ 21.104347, 52.137381 ], [ 21.102133, 52.135172 ], [ 21.097917, 52.135247 ], [ 21.095915, 52.137531 ] ] ] } },
{ "type": "Feature", "properties": { "fid": 1815, "hex_id": 1814 }, "geometry": { "type": "Polygon", "coordinates": [ [ [ 21.095704, 52.133038 ], [ 21.097917, 52.135247 ], [ 21.102133, 52.135172 ], [ 21.104136, 52.132887 ], [ 21.101922, 52.130678 ], [ 21.097706, 52.130753 ], [ 21.095704, 52.133038 ] ] ] } },
{ "type": "Feature", "properties": { "fid": 1816, "hex_id": 1815 }, "geometry": { "type": "Polygon", "coordinates": [ [ [ 21.095493, 52.128544 ], [ 21.097706, 52.130753 ], [ 21.101922, 52.130678 ], [ 21.103924, 52.128394 ], [ 21.10171, 52.126184 ], [ 21.097495, 52.12626 ], [ 21.095493, 52.128544 ] ] ] } },
{ "type": "Feature", "properties": { "fid": 1817, "hex_id": 1816 }, "geometry": { "type": "Polygon", "coordinates": [ [ [ 21.095282, 52.12405 ], [ 21.097495, 52.12626 ], [ 21.10171, 52.126184 ], [ 21.103712, 52.1239 ], [ 21.101499, 52.121691 ], [ 21.097284, 52.121766 ], [ 21.095282, 52.12405 ] ] ] } },
{ "type": "Feature", "properties": { "fid": 1818, "hex_id": 1817 }, "geometry": { "type": "Polygon", "coordinates": [ [ [ 21.095071, 52.119556 ], [ 21.097284, 52.121766 ], [ 21.101499, 52.121691 ], [ 21.1035, 52.119406 ], [ 21.101287, 52.117197 ], [ 21.097073, 52.117272 ], [ 21.095071, 52.119556 ] ] ] } },
{ "type": "Feature", "properties": { "fid": 1819, "hex_id": 1818 }, "geometry": { "type": "Polygon", "coordinates": [ [ [ 21.09486, 52.115063 ], [ 21.097073, 52.117272 ], [ 21.101287, 52.117197 ], [ 21.103289, 52.114913 ], [ 21.101076, 52.112703 ], [ 21.096862, 52.112778 ], [ 21.09486, 52.115063 ] ] ] } },
{ "type": "Feature", "properties": { "fid": 1820, "hex_id": 1819 }, "geometry": { "type": "Polygon", "coordinates": [ [ [ 21.09465, 52.110569 ], [ 21.096862, 52.112778 ], [ 21.101076, 52.112703 ], [ 21.103077, 52.110419 ], [ 21.100865, 52.10821 ], [ 21.096651, 52.108285 ], [ 21.09465, 52.110569 ] ] ] } },
{ "type": "Feature", "properties": { "fid": 1821, "hex_id": 1820 }, "geometry": { "type": "Polygon", "coordinates": [ [ [ 21.094439, 52.106075 ], [ 21.096651, 52.108285 ], [ 21.100865, 52.10821 ], [ 21.102866, 52.105925 ], [ 21.100653, 52.103716 ], [ 21.09644, 52.103791 ], [ 21.094439, 52.106075 ] ] ] } },
{ "type": "Feature", "properties": { "fid": 1822, "hex_id": 1821 }, "geometry": { "type": "Polygon", "coordinates": [ [ [ 21.10872, 52.274475 ], [ 21.110942, 52.276683 ], [ 21.115171, 52.276608 ], [ 21.117179, 52.274323 ], [ 21.114957, 52.272114 ], [ 21.110728, 52.27219 ], [ 21.10872, 52.274475 ] ] ] } },
{ "type": "Feature", "properties": { "fid": 1823, "hex_id": 1822 }, "geometry": { "type": "Polygon", "coordinates": [ [ [ 21.108507, 52.269981 ], [ 21.110728, 52.27219 ], [ 21.114957, 52.272114 ], [ 21.116965, 52.26983 ], [ 21.114743, 52.267621 ], [ 21.110514, 52.267696 ], [ 21.108507, 52.269981 ] ] ] } },
{ "type": "Feature", "properties": { "fid": 1824, "hex_id": 1823 }, "geometry": { "type": "Polygon", "coordinates": [ [ [ 21.108293, 52.265487 ], [ 21.110514, 52.267696 ], [ 21.114743, 52.267621 ], [ 21.11675, 52.265336 ], [ 21.114529, 52.263127 ], [ 21.110301, 52.263203 ], [ 21.108293, 52.265487 ] ] ] } },
{ "type": "Feature", "properties": { "fid": 1825, "hex_id": 1824 }, "geometry": { "type": "Polygon", "coordinates": [ [ [ 21.10808, 52.260994 ], [ 21.110301, 52.263203 ], [ 21.114529, 52.263127 ], [ 21.116536, 52.260842 ], [ 21.114315, 52.258634 ], [ 21.110088, 52.258709 ], [ 21.10808, 52.260994 ] ] ] } },
{ "type": "Feature", "properties": { "fid": 1826, "hex_id": 1825 }, "geometry": { "type": "Polygon", "coordinates": [ [ [ 21.107867, 52.2565 ], [ 21.110088, 52.258709 ], [ 21.114315, 52.258634 ], [ 21.116322, 52.256349 ], [ 21.114102, 52.25414 ], [ 21.109874, 52.254216 ], [ 21.107867, 52.2565 ] ] ] } },
{ "type": "Feature", "properties": { "fid": 1827, "hex_id": 1826 }, "geometry": { "type": "Polygon", "coordinates": [ [ [ 21.107654, 52.252007 ], [ 21.109874, 52.254216 ], [ 21.114102, 52.25414 ], [ 21.116108, 52.251855 ], [ 21.113888, 52.249646 ], [ 21.109661, 52.249722 ], [ 21.107654, 52.252007 ] ] ] } },
{ "type": "Feature", "properties": { "fid": 1828, "hex_id": 1827 }, "geometry": { "type": "Polygon", "coordinates": [ [ [ 21.107441, 52.247513 ], [ 21.109661, 52.249722 ], [ 21.113888, 52.249646 ], [ 21.115895, 52.247362 ], [ 21.113674, 52.245153 ], [ 21.109448, 52.245228 ], [ 21.107441, 52.247513 ] ] ] } },
{ "type": "Feature", "properties": { "fid": 1829, "hex_id": 1828 }, "geometry": { "type": "Polygon", "coordinates": [ [ [ 21.107228, 52.243019 ], [ 21.109448, 52.245228 ], [ 21.113674, 52.245153 ], [ 21.115681, 52.242868 ], [ 21.113461, 52.240659 ], [ 21.109235, 52.240735 ], [ 21.107228, 52.243019 ] ] ] } },
{ "type": "Feature", "properties": { "fid": 1830, "hex_id": 1829 }, "geometry": { "type": "Polygon", "coordinates": [ [ [ 21.107015, 52.238526 ], [ 21.109235, 52.240735 ], [ 21.113461, 52.240659 ], [ 21.115467, 52.238375 ], [ 21.113247, 52.236166 ], [ 21.109022, 52.236241 ], [ 21.107015, 52.238526 ] ] ] } },
{ "type": "Feature", "properties": { "fid": 1831, "hex_id": 1830 }, "geometry": { "type": "Polygon", "coordinates": [ [ [ 21.106802, 52.234032 ], [ 21.109022, 52.236241 ], [ 21.113247, 52.236166 ], [ 21.115253, 52.233881 ], [ 21.113034, 52.231672 ], [ 21.108808, 52.231748 ], [ 21.106802, 52.234032 ] ] ] } },
{ "type": "Feature", "properties": { "fid": 1832, "hex_id": 1831 }, "geometry": { "type": "Polygon", "coordinates": [ [ [ 21.106589, 52.229539 ], [ 21.108808, 52.231748 ], [ 21.113034, 52.231672 ], [ 21.11504, 52.229387 ], [ 21.11282, 52.227178 ], [ 21.108595, 52.227254 ], [ 21.106589, 52.229539 ] ] ] } },
{ "type": "Feature", "properties": { "fid": 1833, "hex_id": 1832 }, "geometry": { "type": "Polygon", "coordinates": [ [ [ 21.106377, 52.225045 ], [ 21.108595, 52.227254 ], [ 21.11282, 52.227178 ], [ 21.114826, 52.224894 ], [ 21.112607, 52.222685 ], [ 21.108383, 52.22276 ], [ 21.106377, 52.225045 ] ] ] } },
{ "type": "Feature", "properties": { "fid": 1834, "hex_id": 1833 }, "geometry": { "type": "Polygon", "coordinates": [ [ [ 21.106164, 52.220551 ], [ 21.108383, 52.22276 ], [ 21.112607, 52.222685 ], [ 21.114612, 52.2204 ], [ 21.112394, 52.218191 ], [ 21.10817, 52.218267 ], [ 21.106164, 52.220551 ] ] ] } },
{ "type": "Feature", "properties": { "fid": 1835, "hex_id": 1834 }, "geometry": { "type": "Polygon", "coordinates": [ [ [ 21.105951, 52.216058 ], [ 21.10817, 52.218267 ], [ 21.112394, 52.218191 ], [ 21.114399, 52.215907 ], [ 21.11218, 52.213698 ], [ 21.107957, 52.213773 ], [ 21.105951, 52.216058 ] ] ] } },
{ "type": "Feature", "properties": { "fid": 1836, "hex_id": 1835 }, "geometry": { "type": "Polygon", "coordinates": [ [ [ 21.105739, 52.211564 ], [ 21.107957, 52.213773 ], [ 21.11218, 52.213698 ], [ 21.114185, 52.211413 ], [ 21.111967, 52.209204 ], [ 21.107744, 52.20928 ], [ 21.105739, 52.211564 ] ] ] } },
{ "type": "Feature", "properties": { "fid": 1837, "hex_id": 1836 }, "geometry": { "type": "Polygon", "coordinates": [ [ [ 21.105526, 52.20707 ], [ 21.107744, 52.20928 ], [ 21.111967, 52.209204 ], [ 21.113972, 52.206919 ], [ 21.111754, 52.20471 ], [ 21.107531, 52.204786 ], [ 21.105526, 52.20707 ] ] ] } },
{ "type": "Feature", "properties": { "fid": 1838, "hex_id": 1837 }, "geometry": { "type": "Polygon", "coordinates": [ [ [ 21.105314, 52.202577 ], [ 21.107531, 52.204786 ], [ 21.111754, 52.20471 ], [ 21.113759, 52.202426 ], [ 21.111541, 52.200217 ], [ 21.107319, 52.200292 ], [ 21.105314, 52.202577 ] ] ] } },
{ "type": "Feature", "properties": { "fid": 1839, "hex_id": 1838 }, "geometry": { "type": "Polygon", "coordinates": [ [ [ 21.105101, 52.198083 ], [ 21.107319, 52.200292 ], [ 21.111541, 52.200217 ], [ 21.113545, 52.197932 ], [ 21.111328, 52.195723 ], [ 21.107106, 52.195799 ], [ 21.105101, 52.198083 ] ] ] } },
{ "type": "Feature", "properties": { "fid": 1840, "hex_id": 1839 }, "geometry": { "type": "Polygon", "coordinates": [ [ [ 21.104889, 52.19359 ], [ 21.107106, 52.195799 ], [ 21.111328, 52.195723 ], [ 21.113332, 52.193439 ], [ 21.111115, 52.19123 ], [ 21.106894, 52.191305 ], [ 21.104889, 52.19359 ] ] ] } },
{ "type": "Feature", "properties": { "fid": 1841, "hex_id": 1840 }, "geometry": { "type": "Polygon", "coordinates": [ [ [ 21.104677, 52.189096 ], [ 21.106894, 52.191305 ], [ 21.111115, 52.19123 ], [ 21.113119, 52.188945 ], [ 21.110902, 52.186736 ], [ 21.106681, 52.186811 ], [ 21.104677, 52.189096 ] ] ] } },
{ "type": "Feature", "properties": { "fid": 1842, "hex_id": 1841 }, "geometry": { "type": "Polygon", "coordinates": [ [ [ 21.104464, 52.184602 ], [ 21.106681, 52.186811 ], [ 21.110902, 52.186736 ], [ 21.112906, 52.184451 ], [ 21.110689, 52.182242 ], [ 21.106469, 52.182318 ], [ 21.104464, 52.184602 ] ] ] } },
{ "type": "Feature", "properties": { "fid": 1843, "hex_id": 1842 }, "geometry": { "type": "Polygon", "coordinates": [ [ [ 21.104252, 52.180109 ], [ 21.106469, 52.182318 ], [ 21.110689, 52.182242 ], [ 21.112693, 52.179958 ], [ 21.110476, 52.177749 ], [ 21.106256, 52.177824 ], [ 21.104252, 52.180109 ] ] ] } },
{ "type": "Feature", "properties": { "fid": 1844, "hex_id": 1843 }, "geometry": { "type": "Polygon", "coordinates": [ [ [ 21.10404, 52.175615 ], [ 21.106256, 52.177824 ], [ 21.110476, 52.177749 ], [ 21.11248, 52.175464 ], [ 21.110264, 52.173255 ], [ 21.106044, 52.17333 ], [ 21.10404, 52.175615 ] ] ] } },
{ "type": "Feature", "properties": { "fid": 1845, "hex_id": 1844 }, "geometry": { "type": "Polygon", "coordinates": [ [ [ 21.103828, 52.171121 ], [ 21.106044, 52.17333 ], [ 21.110264, 52.173255 ], [ 21.112267, 52.17097 ], [ 21.110051, 52.168761 ], [ 21.105832, 52.168837 ], [ 21.103828, 52.171121 ] ] ] } },
{ "type": "Feature", "properties": { "fid": 1846, "hex_id": 1845 }, "geometry": { "type": "Polygon", "coordinates": [ [ [ 21.103616, 52.166628 ], [ 21.105832, 52.168837 ], [ 21.110051, 52.168761 ], [ 21.112054, 52.166477 ], [ 21.109838, 52.164268 ], [ 21.105619, 52.164343 ], [ 21.103616, 52.166628 ] ] ] } },
{ "type": "Feature", "properties": { "fid": 1847, "hex_id": 1846 }, "geometry": { "type": "Polygon", "coordinates": [ [ [ 21.103404, 52.162134 ], [ 21.105619, 52.164343 ], [ 21.109838, 52.164268 ], [ 21.111841, 52.161983 ], [ 21.109626, 52.159774 ], [ 21.105407, 52.159849 ], [ 21.103404, 52.162134 ] ] ] } },
{ "type": "Feature", "properties": { "fid": 1848, "hex_id": 1847 }, "geometry": { "type": "Polygon", "coordinates": [ [ [ 21.103192, 52.15764 ], [ 21.105407, 52.159849 ], [ 21.109626, 52.159774 ], [ 21.111629, 52.15749 ], [ 21.109413, 52.15528 ], [ 21.105195, 52.155356 ], [ 21.103192, 52.15764 ] ] ] } },
{ "type": "Feature", "properties": { "fid": 1849, "hex_id": 1848 }, "geometry": { "type": "Polygon", "coordinates": [ [ [ 21.10298, 52.153147 ], [ 21.105195, 52.155356 ], [ 21.109413, 52.15528 ], [ 21.111416, 52.152996 ], [ 21.109201, 52.150787 ], [ 21.104983, 52.150862 ], [ 21.10298, 52.153147 ] ] ] } },
{ "type": "Feature", "properties": { "fid": 1850, "hex_id": 1849 }, "geometry": { "type": "Polygon", "coordinates": [ [ [ 21.102768, 52.148653 ], [ 21.104983, 52.150862 ], [ 21.109201, 52.150787 ], [ 21.111203, 52.148502 ], [ 21.108988, 52.146293 ], [ 21.104771, 52.146368 ], [ 21.102768, 52.148653 ] ] ] } },
{ "type": "Feature", "properties": { "fid": 1851, "hex_id": 1850 }, "geometry": { "type": "Polygon", "coordinates": [ [ [ 21.102557, 52.144159 ], [ 21.104771, 52.146368 ], [ 21.108988, 52.146293 ], [ 21.110991, 52.144009 ], [ 21.108776, 52.141799 ], [ 21.104559, 52.141875 ], [ 21.102557, 52.144159 ] ] ] } },
{ "type": "Feature", "properties": { "fid": 1852, "hex_id": 1851 }, "geometry": { "type": "Polygon", "coordinates": [ [ [ 21.102345, 52.139666 ], [ 21.104559, 52.141875 ], [ 21.108776, 52.141799 ], [ 21.110778, 52.139515 ], [ 21.108564, 52.137306 ], [ 21.104347, 52.137381 ], [ 21.102345, 52.139666 ] ] ] } },
{ "type": "Feature", "properties": { "fid": 1853, "hex_id": 1852 }, "geometry": { "type": "Polygon", "coordinates": [ [ [ 21.102133, 52.135172 ], [ 21.104347, 52.137381 ], [ 21.108564, 52.137306 ], [ 21.110566, 52.135021 ], [ 21.108351, 52.132812 ], [ 21.104136, 52.132887 ], [ 21.102133, 52.135172 ] ] ] } },
{ "type": "Feature", "properties": { "fid": 1854, "hex_id": 1853 }, "geometry": { "type": "Polygon", "coordinates": [ [ [ 21.101922, 52.130678 ], [ 21.104136, 52.132887 ], [ 21.108351, 52.132812 ], [ 21.110353, 52.130528 ], [ 21.108139, 52.128318 ], [ 21.103924, 52.128394 ], [ 21.101922, 52.130678 ] ] ] } },
{ "type": "Feature", "properties": { "fid": 1855, "hex_id": 1854 }, "geometry": { "type": "Polygon", "coordinates": [ [ [ 21.10171, 52.126184 ], [ 21.103924, 52.128394 ], [ 21.108139, 52.128318 ], [ 21.110141, 52.126034 ], [ 21.107927, 52.123825 ], [ 21.103712, 52.1239 ], [ 21.10171, 52.126184 ] ] ] } },
{ "type": "Feature", "properties": { "fid": 1856, "hex_id": 1855 }, "geometry": { "type": "Polygon", "coordinates": [ [ [ 21.101499, 52.121691 ], [ 21.103712, 52.1239 ], [ 21.107927, 52.123825 ], [ 21.109928, 52.12154 ], [ 21.107715, 52.119331 ], [ 21.1035, 52.119406 ], [ 21.101499, 52.121691 ] ] ] } },
{ "type": "Feature", "properties": { "fid": 1857, "hex_id": 1856 }, "geometry": { "type": "Polygon", "coordinates": [ [ [ 21.101287, 52.117197 ], [ 21.1035, 52.119406 ], [ 21.107715, 52.119331 ], [ 21.109716, 52.117046 ], [ 21.107503, 52.114837 ], [ 21.103289, 52.114913 ], [ 21.101287, 52.117197 ] ] ] } },
{ "type": "Feature", "properties": { "fid": 1858, "hex_id": 1857 }, "geometry": { "type": "Polygon", "coordinates": [ [ [ 21.101076, 52.112703 ], [ 21.103289, 52.114913 ], [ 21.107503, 52.114837 ], [ 21.109504, 52.112553 ], [ 21.107291, 52.110344 ], [ 21.103077, 52.110419 ], [ 21.101076, 52.112703 ] ] ] } },
{ "type": "Feature", "properties": { "fid": 1859, "hex_id": 1858 }, "geometry": { "type": "Polygon", "coordinates": [ [ [ 21.100865, 52.10821 ], [ 21.103077, 52.110419 ], [ 21.107291, 52.110344 ], [ 21.109292, 52.108059 ], [ 21.107079, 52.10585 ], [ 21.102866, 52.105925 ], [ 21.100865, 52.10821 ] ] ] } },
{ "type": "Feature", "properties": { "fid": 1860, "hex_id": 1859 }, "geometry": { "type": "Polygon", "coordinates": [ [ [ 21.100653, 52.103716 ], [ 21.102866, 52.105925 ], [ 21.107079, 52.10585 ], [ 21.10908, 52.103565 ], [ 21.106867, 52.101356 ], [ 21.102654, 52.101431 ], [ 21.100653, 52.103716 ] ] ] } },
{ "type": "Feature", "properties": { "fid": 1861, "hex_id": 1860 }, "geometry": { "type": "Polygon", "coordinates": [ [ [ 21.115171, 52.276608 ], [ 21.117393, 52.278817 ], [ 21.121623, 52.278741 ], [ 21.12363, 52.276456 ], [ 21.121408, 52.274247 ], [ 21.117179, 52.274323 ], [ 21.115171, 52.276608 ] ] ] } },
{ "type": "Feature", "properties": { "fid": 1862, "hex_id": 1861 }, "geometry": { "type": "Polygon", "coordinates": [ [ [ 21.114957, 52.272114 ], [ 21.117179, 52.274323 ], [ 21.121408, 52.274247 ], [ 21.123415, 52.271962 ], [ 21.121193, 52.269754 ], [ 21.116965, 52.26983 ], [ 21.114957, 52.272114 ] ] ] } },
{ "type": "Feature", "properties": { "fid": 1863, "hex_id": 1862 }, "geometry": { "type": "Polygon", "coordinates": [ [ [ 21.114743, 52.267621 ], [ 21.116965, 52.26983 ], [ 21.121193, 52.269754 ], [ 21.1232, 52.267469 ], [ 21.120979, 52.26526 ], [ 21.11675, 52.265336 ], [ 21.114743, 52.267621 ] ] ] } },
{ "type": "Feature", "properties": { "fid": 1864, "hex_id": 1863 }, "geometry": { "type": "Polygon", "coordinates": [ [ [ 21.114529, 52.263127 ], [ 21.11675, 52.265336 ], [ 21.120979, 52.26526 ], [ 21.122986, 52.262975 ], [ 21.120764, 52.260767 ], [ 21.116536, 52.260842 ], [ 21.114529, 52.263127 ] ] ] } },
{ "type": "Feature", "properties": { "fid": 1865, "hex_id": 1864 }, "geometry": { "type": "Polygon", "coordinates": [ [ [ 21.114315, 52.258634 ], [ 21.116536, 52.260842 ], [ 21.120764, 52.260767 ], [ 21.122771, 52.258482 ], [ 21.12055, 52.256273 ], [ 21.116322, 52.256349 ], [ 21.114315, 52.258634 ] ] ] } },
{ "type": "Feature", "properties": { "fid": 1866, "hex_id": 1865 }, "geometry": { "type": "Polygon", "coordinates": [ [ [ 21.114102, 52.25414 ], [ 21.116322, 52.256349 ], [ 21.12055, 52.256273 ], [ 21.122556, 52.253988 ], [ 21.120336, 52.251779 ], [ 21.116108, 52.251855 ], [ 21.114102, 52.25414 ] ] ] } },
{ "type": "Feature", "properties": { "fid": 1867, "hex_id": 1866 }, "geometry": { "type": "Polygon", "coordinates": [ [ [ 21.113888, 52.249646 ], [ 21.116108, 52.251855 ], [ 21.120336, 52.251779 ], [ 21.122342, 52.249495 ], [ 21.120121, 52.247286 ], [ 21.115895, 52.247362 ], [ 21.113888, 52.249646 ] ] ] } },
{ "type": "Feature", "properties": { "fid": 1868, "hex_id": 1867 }, "geometry": { "type": "Polygon", "coordinates": [ [ [ 21.113674, 52.245153 ], [ 21.115895, 52.247362 ], [ 21.120121, 52.247286 ], [ 21.122127, 52.245001 ], [ 21.119907, 52.242792 ], [ 21.115681, 52.242868 ], [ 21.113674, 52.245153 ] ] ] } },
{ "type": "Feature", "properties": { "fid": 1869, "hex_id": 1868 }, "geometry": { "type": "Polygon", "coordinates": [ [ [ 21.113461, 52.240659 ], [ 21.115681, 52.242868 ], [ 21.119907, 52.242792 ], [ 21.121913, 52.240508 ], [ 21.119693, 52.238299 ], [ 21.115467, 52.238375 ], [ 21.113461, 52.240659 ] ] ] } },
{ "type": "Feature", "properties": { "fid": 1870, "hex_id": 1869 }, "geometry": { "type": "Polygon", "coordinates": [ [ [ 21.113247, 52.236166 ], [ 21.115467, 52.238375 ], [ 21.119693, 52.238299 ], [ 21.121699, 52.236014 ], [ 21.119479, 52.233805 ], [ 21.115253, 52.233881 ], [ 21.113247, 52.236166 ] ] ] } },
{ "type": "Feature", "properties": { "fid": 1871, "hex_id": 1870 }, "geometry": { "type": "Polygon", "coordinates": [ [ [ 21.113034, 52.231672 ], [ 21.115253, 52.233881 ], [ 21.119479, 52.233805 ], [ 21.121484, 52.23152 ], [ 21.119265, 52.229312 ], [ 21.11504, 52.229387 ], [ 21.113034, 52.231672 ] ] ] } },
{ "type": "Feature", "properties": { "fid": 1872, "hex_id": 1871 }, "geometry": { "type": "Polygon", "coordinates": [ [ [ 21.11282, 52.227178 ], [ 21.11504, 52.229387 ], [ 21.119265, 52.229312 ], [ 21.12127, 52.227027 ], [ 21.119051, 52.224818 ], [ 21.114826, 52.224894 ], [ 21.11282, 52.227178 ] ] ] } },
{ "type": "Feature", "properties": { "fid": 1873, "hex_id": 1872 }, "geometry": { "type": "Polygon", "coordinates": [ [ [ 21.112607, 52.222685 ], [ 21.114826, 52.224894 ], [ 21.119051, 52.224818 ], [ 21.121056, 52.222533 ], [ 21.118837, 52.220324 ], [ 21.114612, 52.2204 ], [ 21.112607, 52.222685 ] ] ] } },
{ "type": "Feature", "properties": { "fid": 1874, "hex_id": 1873 }, "geometry": { "type": "Polygon", "coordinates": [ [ [ 21.112394, 52.218191 ], [ 21.114612, 52.2204 ], [ 21.118837, 52.220324 ], [ 21.120842, 52.21804 ], [ 21.118623, 52.215831 ], [ 21.114399, 52.215907 ], [ 21.112394, 52.218191 ] ] ] } },
{ "type": "Feature", "properties": { "fid": 1875, "hex_id": 1874 }, "geometry": { "type": "Polygon", "coordinates": [ [ [ 21.11218, 52.213698 ], [ 21.114399, 52.215907 ], [ 21.118623, 52.215831 ], [ 21.120627, 52.213546 ], [ 21.118409, 52.211337 ], [ 21.114185, 52.211413 ], [ 21.11218, 52.213698 ] ] ] } },
{ "type": "Feature", "properties": { "fid": 1876, "hex_id": 1875 }, "geometry": { "type": "Polygon", "coordinates": [ [ [ 21.111967, 52.209204 ], [ 21.114185, 52.211413 ], [ 21.118409, 52.211337 ], [ 21.120413, 52.209053 ], [ 21.118195, 52.206844 ], [ 21.113972, 52.206919 ], [ 21.111967, 52.209204 ] ] ] } },
{ "type": "Feature", "properties": { "fid": 1877, "hex_id": 1876 }, "geometry": { "type": "Polygon", "coordinates": [ [ [ 21.111754, 52.20471 ], [ 21.113972, 52.206919 ], [ 21.118195, 52.206844 ], [ 21.120199, 52.204559 ], [ 21.117981, 52.20235 ], [ 21.113759, 52.202426 ], [ 21.111754, 52.20471 ] ] ] } },
{ "type": "Feature", "properties": { "fid": 1878, "hex_id": 1877 }, "geometry": { "type": "Polygon", "coordinates": [ [ [ 21.111541, 52.200217 ], [ 21.113759, 52.202426 ], [ 21.117981, 52.20235 ], [ 21.119985, 52.200065 ], [ 21.117768, 52.197856 ], [ 21.113545, 52.197932 ], [ 21.111541, 52.200217 ] ] ] } },
{ "type": "Feature", "properties": { "fid": 1879, "hex_id": 1878 }, "geometry": { "type": "Polygon", "coordinates": [ [ [ 21.111328, 52.195723 ], [ 21.113545, 52.197932 ], [ 21.117768, 52.197856 ], [ 21.119772, 52.195572 ], [ 21.117554, 52.193363 ], [ 21.113332, 52.193439 ], [ 21.111328, 52.195723 ] ] ] } },
{ "type": "Feature", "properties": { "fid": 1880, "hex_id": 1879 }, "geometry": { "type": "Polygon", "coordinates": [ [ [ 21.111115, 52.19123 ], [ 21.113332, 52.193439 ], [ 21.117554, 52.193363 ], [ 21.119558, 52.191078 ], [ 21.11734, 52.188869 ], [ 21.113119, 52.188945 ], [ 21.111115, 52.19123 ] ] ] } },
{ "type": "Feature", "properties": { "fid": 1881, "hex_id": 1880 }, "geometry": { "type": "Polygon", "coordinates": [ [ [ 21.110902, 52.186736 ], [ 21.113119, 52.188945 ], [ 21.11734, 52.188869 ], [ 21.119344, 52.186585 ], [ 21.117127, 52.184376 ], [ 21.112906, 52.184451 ], [ 21.110902, 52.186736 ] ] ] } },
{ "type": "Feature", "properties": { "fid": 1882, "hex_id": 1881 }, "geometry": { "type": "Polygon", "coordinates": [ [ [ 21.110689, 52.182242 ], [ 21.112906, 52.184451 ], [ 21.117127, 52.184376 ], [ 21.11913, 52.182091 ], [ 21.116913, 52.179882 ], [ 21.112693, 52.179958 ], [ 21.110689, 52.182242 ] ] ] } },
{ "type": "Feature", "properties": { "fid": 1883, "hex_id": 1882 }, "geometry": { "type": "Polygon", "coordinates": [ [ [ 21.110476, 52.177749 ], [ 21.112693, 52.179958 ], [ 21.116913, 52.179882 ], [ 21.118917, 52.177597 ], [ 21.1167, 52.175388 ], [ 21.11248, 52.175464 ], [ 21.110476, 52.177749 ] ] ] } },
{ "type": "Feature", "properties": { "fid": 1884, "hex_id": 1883 }, "geometry": { "type": "Polygon", "coordinates": [ [ [ 21.110264, 52.173255 ], [ 21.11248, 52.175464 ], [ 21.1167, 52.175388 ], [ 21.118703, 52.173104 ], [ 21.116487, 52.170895 ], [ 21.112267, 52.17097 ], [ 21.110264, 52.173255 ] ] ] } },
{ "type": "Feature", "properties": { "fid": 1885, "hex_id": 1884 }, "geometry": { "type": "Polygon", "coordinates": [ [ [ 21.110051, 52.168761 ], [ 21.112267, 52.17097 ], [ 21.116487, 52.170895 ], [ 21.118489, 52.16861 ], [ 21.116273, 52.166401 ], [ 21.112054, 52.166477 ], [ 21.110051, 52.168761 ] ] ] } },
{ "type": "Feature", "properties": { "fid": 1886, "hex_id": 1885 }, "geometry": { "type": "Polygon", "coordinates": [ [ [ 21.109838, 52.164268 ], [ 21.112054, 52.166477 ], [ 21.116273, 52.166401 ], [ 21.118276, 52.164116 ], [ 21.11606, 52.161908 ], [ 21.111841, 52.161983 ], [ 21.109838, 52.164268 ] ] ] } },
{ "type": "Feature", "properties": { "fid": 1887, "hex_id": 1886 }, "geometry": { "type": "Polygon", "coordinates": [ [ [ 21.109626, 52.159774 ], [ 21.111841, 52.161983 ], [ 21.11606, 52.161908 ], [ 21.118063, 52.159623 ], [ 21.115847, 52.157414 ], [ 21.111629, 52.15749 ], [ 21.109626, 52.159774 ] ] ] } },
{ "type": "Feature", "properties": { "fid": 1888, "hex_id": 1887 }, "geometry": { "type": "Polygon", "coordinates": [ [ [ 21.109413, 52.15528 ], [ 21.111629, 52.15749 ], [ 21.115847, 52.157414 ], [ 21.117849, 52.155129 ], [ 21.115634, 52.15292 ], [ 21.111416, 52.152996 ], [ 21.109413, 52.15528 ] ] ] } },
{ "type": "Feature", "properties": { "fid": 1889, "hex_id": 1888 }, "geometry": { "type": "Polygon", "coordinates": [ [ [ 21.109201, 52.150787 ], [ 21.111416, 52.152996 ], [ 21.115634, 52.15292 ], [ 21.117636, 52.150636 ], [ 21.115421, 52.148427 ], [ 21.111203, 52.148502 ], [ 21.109201, 52.150787 ] ] ] } },
{ "type": "Feature", "properties": { "fid": 1890, "hex_id": 1889 }, "geometry": { "type": "Polygon", "coordinates": [ [ [ 21.108988, 52.146293 ], [ 21.111203, 52.148502 ], [ 21.115421, 52.148427 ], [ 21.117423, 52.146142 ], [ 21.115208, 52.143933 ], [ 21.110991, 52.144009 ], [ 21.108988, 52.146293 ] ] ] } },
{ "type": "Feature", "properties": { "fid": 1891, "hex_id": 1890 }, "geometry": { "type": "Polygon", "coordinates": [ [ [ 21.108776, 52.141799 ], [ 21.110991, 52.144009 ], [ 21.115208, 52.143933 ], [ 21.117209, 52.141648 ], [ 21.114995, 52.139439 ], [ 21.110778, 52.139515 ], [ 21.108776, 52.141799 ] ] ] } },
{ "type": "Feature", "properties": { "fid": 1892, "hex_id": 1891 }, "geometry": { "type": "Polygon", "coordinates": [ [ [ 21.108564, 52.137306 ], [ 21.110778, 52.139515 ], [ 21.114995, 52.139439 ], [ 21.116996, 52.137155 ], [ 21.114782, 52.134946 ], [ 21.110566, 52.135021 ], [ 21.108564, 52.137306 ] ] ] } },
{ "type": "Feature", "properties": { "fid": 1893, "hex_id": 1892 }, "geometry": { "type": "Polygon", "coordinates": [ [ [ 21.108351, 52.132812 ], [ 21.110566, 52.135021 ], [ 21.114782, 52.134946 ], [ 21.116783, 52.132661 ], [ 21.114569, 52.130452 ], [ 21.110353, 52.130528 ], [ 21.108351, 52.132812 ] ] ] } },
{ "type": "Feature", "properties": { "fid": 1894, "hex_id": 1893 }, "geometry": { "type": "Polygon", "coordinates": [ [ [ 21.108139, 52.128318 ], [ 21.110353, 52.130528 ], [ 21.114569, 52.130452 ], [ 21.11657, 52.128167 ], [ 21.114356, 52.125958 ], [ 21.110141, 52.126034 ], [ 21.108139, 52.128318 ] ] ] } },
{ "type": "Feature", "properties": { "fid": 1895, "hex_id": 1894 }, "geometry": { "type": "Polygon", "coordinates": [ [ [ 21.107927, 52.123825 ], [ 21.110141, 52.126034 ], [ 21.114356, 52.125958 ], [ 21.116357, 52.123674 ], [ 21.114143, 52.121465 ], [ 21.109928, 52.12154 ], [ 21.107927, 52.123825 ] ] ] } },
{ "type": "Feature", "properties": { "fid": 1896, "hex_id": 1895 }, "geometry": { "type": "Polygon", "coordinates": [ [ [ 21.107715, 52.119331 ], [ 21.109928, 52.12154 ], [ 21.114143, 52.121465 ], [ 21.116144, 52.11918 ], [ 21.113931, 52.116971 ], [ 21.109716, 52.117046 ], [ 21.107715, 52.119331 ] ] ] } },
{ "type": "Feature", "properties": { "fid": 1897, "hex_id": 1896 }, "geometry": { "type": "Polygon", "coordinates": [ [ [ 21.107503, 52.114837 ], [ 21.109716, 52.117046 ], [ 21.113931, 52.116971 ], [ 21.115931, 52.114686 ], [ 21.113718, 52.112477 ], [ 21.109504, 52.112553 ], [ 21.107503, 52.114837 ] ] ] } },
{ "type": "Feature", "properties": { "fid": 1898, "hex_id": 1897 }, "geometry": { "type": "Polygon", "coordinates": [ [ [ 21.121623, 52.278741 ], [ 21.123845, 52.280949 ], [ 21.128075, 52.280873 ], [ 21.130082, 52.278588 ], [ 21.127859, 52.27638 ], [ 21.12363, 52.276456 ], [ 21.121623, 52.278741 ] ] ] } },
{ "type": "Feature", "properties": { "fid": 1899, "hex_id": 1898 }, "geometry": { "type": "Polygon", "coordinates": [ [ [ 21.121408, 52.274247 ], [ 21.12363, 52.276456 ], [ 21.127859, 52.27638 ], [ 21.129866, 52.274095 ], [ 21.127644, 52.271886 ], [ 21.123415, 52.271962 ], [ 21.121408, 52.274247 ] ] ] } },
{ "type": "Feature", "properties": { "fid": 1900, "hex_id": 1899 }, "geometry": { "type": "Polygon", "coordinates": [ [ [ 21.121193, 52.269754 ], [ 21.123415, 52.271962 ], [ 21.127644, 52.271886 ], [ 21.129651, 52.269601 ], [ 21.127429, 52.267393 ], [ 21.1232, 52.267469 ], [ 21.121193, 52.269754 ] ] ] } },
{ "type": "Feature", "properties": { "fid": 1901, "hex_id": 1900 }, "geometry": { "type": "Polygon", "coordinates": [ [ [ 21.120979, 52.26526 ], [ 21.1232, 52.267469 ], [ 21.127429, 52.267393 ], [ 21.129436, 52.265108 ], [ 21.127214, 52.262899 ], [ 21.122986, 52.262975 ], [ 21.120979, 52.26526 ] ] ] } },
{ "type": "Feature", "properties": { "fid": 1902, "hex_id": 1901 }, "geometry": { "type": "Polygon", "coordinates": [ [ [ 21.120764, 52.260767 ], [ 21.122986, 52.262975 ], [ 21.127214, 52.262899 ], [ 21.12922, 52.260614 ], [ 21.126999, 52.258406 ], [ 21.122771, 52.258482 ], [ 21.120764, 52.260767 ] ] ] } },
{ "type": "Feature", "properties": { "fid": 1903, "hex_id": 1902 }, "geometry": { "type": "Polygon", "coordinates": [ [ [ 21.12055, 52.256273 ], [ 21.122771, 52.258482 ], [ 21.126999, 52.258406 ], [ 21.129005, 52.256121 ], [ 21.126784, 52.253912 ], [ 21.122556, 52.253988 ], [ 21.12055, 52.256273 ] ] ] } },
{ "type": "Feature", "properties": { "fid": 1904, "hex_id": 1903 }, "geometry": { "type": "Polygon", "coordinates": [ [ [ 21.120336, 52.251779 ], [ 21.122556, 52.253988 ], [ 21.126784, 52.253912 ], [ 21.12879, 52.251627 ], [ 21.126569, 52.249419 ], [ 21.122342, 52.249495 ], [ 21.120336, 52.251779 ] ] ] } },
{ "type": "Feature", "properties": { "fid": 1905, "hex_id": 1904 }, "geometry": { "type": "Polygon", "coordinates": [ [ [ 21.120121, 52.247286 ], [ 21.122342, 52.249495 ], [ 21.126569, 52.249419 ], [ 21.128575, 52.247134 ], [ 21.126354, 52.244925 ], [ 21.122127, 52.245001 ], [ 21.120121, 52.247286 ] ] ] } },
{ "type": "Feature", "properties": { "fid": 1906, "hex_id": 1905 }, "geometry": { "type": "Polygon", "coordinates": [ [ [ 21.119907, 52.242792 ], [ 21.122127, 52.245001 ], [ 21.126354, 52.244925 ], [ 21.128359, 52.24264 ], [ 21.126139, 52.240431 ], [ 21.121913, 52.240508 ], [ 21.119907, 52.242792 ] ] ] } },
{ "type": "Feature", "properties": { "fid": 1907, "hex_id": 1906 }, "geometry": { "type": "Polygon", "coordinates": [ [ [ 21.119693, 52.238299 ], [ 21.121913, 52.240508 ], [ 21.126139, 52.240431 ], [ 21.128144, 52.238147 ], [ 21.125924, 52.235938 ], [ 21.121699, 52.236014 ], [ 21.119693, 52.238299 ] ] ] } },
{ "type": "Feature", "properties": { "fid": 1908, "hex_id": 1907 }, "geometry": { "type": "Polygon", "coordinates": [ [ [ 21.119479, 52.233805 ], [ 21.121699, 52.236014 ], [ 21.125924, 52.235938 ], [ 21.127929, 52.233653 ], [ 21.125709, 52.231444 ], [ 21.121484, 52.23152 ], [ 21.119479, 52.233805 ] ] ] } },
{ "type": "Feature", "properties": { "fid": 1909, "hex_id": 1908 }, "geometry": { "type": "Polygon", "coordinates": [ [ [ 21.119265, 52.229312 ], [ 21.121484, 52.23152 ], [ 21.125709, 52.231444 ], [ 21.127714, 52.22916 ], [ 21.125495, 52.226951 ], [ 21.12127, 52.227027 ], [ 21.119265, 52.229312 ] ] ] } },
{ "type": "Feature", "properties": { "fid": 1910, "hex_id": 1909 }, "geometry": { "type": "Polygon", "coordinates": [ [ [ 21.119051, 52.224818 ], [ 21.12127, 52.227027 ], [ 21.125495, 52.226951 ], [ 21.1275, 52.224666 ], [ 21.12528, 52.222457 ], [ 21.121056, 52.222533 ], [ 21.119051, 52.224818 ] ] ] } },
{ "type": "Feature", "properties": { "fid": 1911, "hex_id": 1910 }, "geometry": { "type": "Polygon", "coordinates": [ [ [ 21.118837, 52.220324 ], [ 21.121056, 52.222533 ], [ 21.12528, 52.222457 ], [ 21.127285, 52.220172 ], [ 21.125065, 52.217964 ], [ 21.120842, 52.21804 ], [ 21.118837, 52.220324 ] ] ] } },
{ "type": "Feature", "properties": { "fid": 1912, "hex_id": 1911 }, "geometry": { "type": "Polygon", "coordinates": [ [ [ 21.118623, 52.215831 ], [ 21.120842, 52.21804 ], [ 21.125065, 52.217964 ], [ 21.12707, 52.215679 ], [ 21.124851, 52.21347 ], [ 21.120627, 52.213546 ], [ 21.118623, 52.215831 ] ] ] } },
{ "type": "Feature", "properties": { "fid": 1913, "hex_id": 1912 }, "geometry": { "type": "Polygon", "coordinates": [ [ [ 21.118409, 52.211337 ], [ 21.120627, 52.213546 ], [ 21.124851, 52.21347 ], [ 21.126855, 52.211185 ], [ 21.124636, 52.208977 ], [ 21.120413, 52.209053 ], [ 21.118409, 52.211337 ] ] ] } },
{ "type": "Feature", "properties": { "fid": 1914, "hex_id": 1913 }, "geometry": { "type": "Polygon", "coordinates": [ [ [ 21.118195, 52.206844 ], [ 21.120413, 52.209053 ], [ 21.124636, 52.208977 ], [ 21.126641, 52.206692 ], [ 21.124422, 52.204483 ], [ 21.120199, 52.204559 ], [ 21.118195, 52.206844 ] ] ] } },
{ "type": "Feature", "properties": { "fid": 1915, "hex_id": 1914 }, "geometry": { "type": "Polygon", "coordinates": [ [ [ 21.117981, 52.20235 ], [ 21.120199, 52.204559 ], [ 21.124422, 52.204483 ], [ 21.126426, 52.202198 ], [ 21.124208, 52.199989 ], [ 21.119985, 52.200065 ], [ 21.117981, 52.20235 ] ] ] } },
{ "type": "Feature", "properties": { "fid": 1916, "hex_id": 1915 }, "geometry": { "type": "Polygon", "coordinates": [ [ [ 21.117768, 52.197856 ], [ 21.119985, 52.200065 ], [ 21.124208, 52.199989 ], [ 21.126212, 52.197705 ], [ 21.123993, 52.195496 ], [ 21.119772, 52.195572 ], [ 21.117768, 52.197856 ] ] ] } },
{ "type": "Feature", "properties": { "fid": 1917, "hex_id": 1916 }, "geometry": { "type": "Polygon", "coordinates": [ [ [ 21.117554, 52.193363 ], [ 21.119772, 52.195572 ], [ 21.123993, 52.195496 ], [ 21.125997, 52.193211 ], [ 21.123779, 52.191002 ], [ 21.119558, 52.191078 ], [ 21.117554, 52.193363 ] ] ] } },
{ "type": "Feature", "properties": { "fid": 1918, "hex_id": 1917 }, "geometry": { "type": "Polygon", "coordinates": [ [ [ 21.11734, 52.188869 ], [ 21.119558, 52.191078 ], [ 21.123779, 52.191002 ], [ 21.125783, 52.188717 ], [ 21.123565, 52.186509 ], [ 21.119344, 52.186585 ], [ 21.11734, 52.188869 ] ] ] } },
{ "type": "Feature", "properties": { "fid": 1919, "hex_id": 1918 }, "geometry": { "type": "Polygon", "coordinates": [ [ [ 21.117127, 52.184376 ], [ 21.119344, 52.186585 ], [ 21.123565, 52.186509 ], [ 21.125568, 52.184224 ], [ 21.123351, 52.182015 ], [ 21.11913, 52.182091 ], [ 21.117127, 52.184376 ] ] ] } },
{ "type": "Feature", "properties": { "fid": 1920, "hex_id": 1919 }, "geometry": { "type": "Polygon", "coordinates": [ [ [ 21.116913, 52.179882 ], [ 21.11913, 52.182091 ], [ 21.123351, 52.182015 ], [ 21.125354, 52.17973 ], [ 21.123137, 52.177521 ], [ 21.118917, 52.177597 ], [ 21.116913, 52.179882 ] ] ] } },
{ "type": "Feature", "properties": { "fid": 1921, "hex_id": 1920 }, "geometry": { "type": "Polygon", "coordinates": [ [ [ 21.1167, 52.175388 ], [ 21.118917, 52.177597 ], [ 21.123137, 52.177521 ], [ 21.12514, 52.175237 ], [ 21.122923, 52.173028 ], [ 21.118703, 52.173104 ], [ 21.1167, 52.175388 ] ] ] } },
{ "type": "Feature", "properties": { "fid": 1922, "hex_id": 1921 }, "geometry": { "type": "Polygon", "coordinates": [ [ [ 21.116487, 52.170895 ], [ 21.118703, 52.173104 ], [ 21.122923, 52.173028 ], [ 21.124925, 52.170743 ], [ 21.122709, 52.168534 ], [ 21.118489, 52.16861 ], [ 21.116487, 52.170895 ] ] ] } },
{ "type": "Feature", "properties": { "fid": 1923, "hex_id": 1922 }, "geometry": { "type": "Polygon", "coordinates": [ [ [ 21.116273, 52.166401 ], [ 21.118489, 52.16861 ], [ 21.122709, 52.168534 ], [ 21.124711, 52.166249 ], [ 21.122495, 52.164041 ], [ 21.118276, 52.164116 ], [ 21.116273, 52.166401 ] ] ] } },
{ "type": "Feature", "properties": { "fid": 1924, "hex_id": 1923 }, "geometry": { "type": "Polygon", "coordinates": [ [ [ 21.11606, 52.161908 ], [ 21.118276, 52.164116 ], [ 21.122495, 52.164041 ], [ 21.124497, 52.161756 ], [ 21.122281, 52.159547 ], [ 21.118063, 52.159623 ], [ 21.11606, 52.161908 ] ] ] } },
{ "type": "Feature", "properties": { "fid": 1925, "hex_id": 1924 }, "geometry": { "type": "Polygon", "coordinates": [ [ [ 21.115847, 52.157414 ], [ 21.118063, 52.159623 ], [ 21.122281, 52.159547 ], [ 21.124283, 52.157262 ], [ 21.122067, 52.155053 ], [ 21.117849, 52.155129 ], [ 21.115847, 52.157414 ] ] ] } },
{ "type": "Feature", "properties": { "fid": 1926, "hex_id": 1925 }, "geometry": { "type": "Polygon", "coordinates": [ [ [ 21.115634, 52.15292 ], [ 21.117849, 52.155129 ], [ 21.122067, 52.155053 ], [ 21.124069, 52.152769 ], [ 21.121853, 52.15056 ], [ 21.117636, 52.150636 ], [ 21.115634, 52.15292 ] ] ] } },
{ "type": "Feature", "properties": { "fid": 1927, "hex_id": 1926 }, "geometry": { "type": "Polygon", "coordinates": [ [ [ 21.115421, 52.148427 ], [ 21.117636, 52.150636 ], [ 21.121853, 52.15056 ], [ 21.123855, 52.148275 ], [ 21.12164, 52.146066 ], [ 21.117423, 52.146142 ], [ 21.115421, 52.148427 ] ] ] } },
{ "type": "Feature", "properties": { "fid": 1928, "hex_id": 1927 }, "geometry": { "type": "Polygon", "coordinates": [ [ [ 21.115208, 52.143933 ], [ 21.117423, 52.146142 ], [ 21.12164, 52.146066 ], [ 21.123641, 52.143781 ], [ 21.121426, 52.141572 ], [ 21.117209, 52.141648 ], [ 21.115208, 52.143933 ] ] ] } },
{ "type": "Feature", "properties": { "fid": 1929, "hex_id": 1928 }, "geometry": { "type": "Polygon", "coordinates": [ [ [ 21.114995, 52.139439 ], [ 21.117209, 52.141648 ], [ 21.121426, 52.141572 ], [ 21.123428, 52.139288 ], [ 21.121213, 52.137079 ], [ 21.116996, 52.137155 ], [ 21.114995, 52.139439 ] ] ] } },
{ "type": "Feature", "properties": { "fid": 1930, "hex_id": 1929 }, "geometry": { "type": "Polygon", "coordinates": [ [ [ 21.114782, 52.134946 ], [ 21.116996, 52.137155 ], [ 21.121213, 52.137079 ], [ 21.123214, 52.134794 ], [ 21.120999, 52.132585 ], [ 21.116783, 52.132661 ], [ 21.114782, 52.134946 ] ] ] } },
{ "type": "Feature", "properties": { "fid": 1931, "hex_id": 1930 }, "geometry": { "type": "Polygon", "coordinates": [ [ [ 21.114569, 52.130452 ], [ 21.116783, 52.132661 ], [ 21.120999, 52.132585 ], [ 21.123, 52.1303 ], [ 21.120786, 52.128092 ], [ 21.11657, 52.128167 ], [ 21.114569, 52.130452 ] ] ] } },
{ "type": "Feature", "properties": { "fid": 1932, "hex_id": 1931 }, "geometry": { "type": "Polygon", "coordinates": [ [ [ 21.114356, 52.125958 ], [ 21.11657, 52.128167 ], [ 21.120786, 52.128092 ], [ 21.122786, 52.125807 ], [ 21.120572, 52.123598 ], [ 21.116357, 52.123674 ], [ 21.114356, 52.125958 ] ] ] } },
{ "type": "Feature", "properties": { "fid": 1933, "hex_id": 1932 }, "geometry": { "type": "Polygon", "coordinates": [ [ [ 21.114143, 52.121465 ], [ 21.116357, 52.123674 ], [ 21.120572, 52.123598 ], [ 21.122573, 52.121313 ], [ 21.120359, 52.119104 ], [ 21.116144, 52.11918 ], [ 21.114143, 52.121465 ] ] ] } },
{ "type": "Feature", "properties": { "fid": 1934, "hex_id": 1933 }, "geometry": { "type": "Polygon", "coordinates": [ [ [ 21.113931, 52.116971 ], [ 21.116144, 52.11918 ], [ 21.120359, 52.119104 ], [ 21.122359, 52.11682 ], [ 21.120146, 52.114611 ], [ 21.115931, 52.114686 ], [ 21.113931, 52.116971 ] ] ] } },
{ "type": "Feature", "properties": { "fid": 1935, "hex_id": 1934 }, "geometry": { "type": "Polygon", "coordinates": [ [ [ 21.127859, 52.27638 ], [ 21.130082, 52.278588 ], [ 21.134312, 52.278512 ], [ 21.136318, 52.276227 ], [ 21.134096, 52.274018 ], [ 21.129866, 52.274095 ], [ 21.127859, 52.27638 ] ] ] } },
{ "type": "Feature", "properties": { "fid": 1936, "hex_id": 1935 }, "geometry": { "type": "Polygon", "coordinates": [ [ [ 21.127644, 52.271886 ], [ 21.129866, 52.274095 ], [ 21.134096, 52.274018 ], [ 21.136102, 52.271733 ], [ 21.13388, 52.269525 ], [ 21.129651, 52.269601 ], [ 21.127644, 52.271886 ] ] ] } },
{ "type": "Feature", "properties": { "fid": 1937, "hex_id": 1936 }, "geometry": { "type": "Polygon", "coordinates": [ [ [ 21.127429, 52.267393 ], [ 21.129651, 52.269601 ], [ 21.13388, 52.269525 ], [ 21.135886, 52.26724 ], [ 21.133664, 52.265031 ], [ 21.129436, 52.265108 ], [ 21.127429, 52.267393 ] ] ] } },
{ "type": "Feature", "properties": { "fid": 1938, "hex_id": 1937 }, "geometry": { "type": "Polygon", "coordinates": [ [ [ 21.127214, 52.262899 ], [ 21.129436, 52.265108 ], [ 21.133664, 52.265031 ], [ 21.13567, 52.262746 ], [ 21.133448, 52.260538 ], [ 21.12922, 52.260614 ], [ 21.127214, 52.262899 ] ] ] } },
{ "type": "Feature", "properties": { "fid": 1939, "hex_id": 1938 }, "geometry": { "type": "Polygon", "coordinates": [ [ [ 21.126999, 52.258406 ], [ 21.12922, 52.260614 ], [ 21.133448, 52.260538 ], [ 21.135454, 52.258253 ], [ 21.133232, 52.256044 ], [ 21.129005, 52.256121 ], [ 21.126999, 52.258406 ] ] ] } },
{ "type": "Feature", "properties": { "fid": 1940, "hex_id": 1939 }, "geometry": { "type": "Polygon", "coordinates": [ [ [ 21.126784, 52.253912 ], [ 21.129005, 52.256121 ], [ 21.133232, 52.256044 ], [ 21.135238, 52.253759 ], [ 21.133017, 52.251551 ], [ 21.12879, 52.251627 ], [ 21.126784, 52.253912 ] ] ] } },
{ "type": "Feature", "properties": { "fid": 1941, "hex_id": 1940 }, "geometry": { "type": "Polygon", "coordinates": [ [ [ 21.126569, 52.249419 ], [ 21.12879, 52.251627 ], [ 21.133017, 52.251551 ], [ 21.135022, 52.249266 ], [ 21.132801, 52.247057 ], [ 21.128575, 52.247134 ], [ 21.126569, 52.249419 ] ] ] } },
{ "type": "Feature", "properties": { "fid": 1942, "hex_id": 1941 }, "geometry": { "type": "Polygon", "coordinates": [ [ [ 21.126354, 52.244925 ], [ 21.128575, 52.247134 ], [ 21.132801, 52.247057 ], [ 21.134807, 52.244772 ], [ 21.132586, 52.242564 ], [ 21.128359, 52.24264 ], [ 21.126354, 52.244925 ] ] ] } },
{ "type": "Feature", "properties": { "fid": 1943, "hex_id": 1942 }, "geometry": { "type": "Polygon", "coordinates": [ [ [ 21.126139, 52.240431 ], [ 21.128359, 52.24264 ], [ 21.132586, 52.242564 ], [ 21.134591, 52.240279 ], [ 21.13237, 52.23807 ], [ 21.128144, 52.238147 ], [ 21.126139, 52.240431 ] ] ] } },
{ "type": "Feature", "properties": { "fid": 1944, "hex_id": 1943 }, "geometry": { "type": "Polygon", "coordinates": [ [ [ 21.125924, 52.235938 ], [ 21.128144, 52.238147 ], [ 21.13237, 52.23807 ], [ 21.134375, 52.235785 ], [ 21.132155, 52.233577 ], [ 21.127929, 52.233653 ], [ 21.125924, 52.235938 ] ] ] } },
{ "type": "Feature", "properties": { "fid": 1945, "hex_id": 1944 }, "geometry": { "type": "Polygon", "coordinates": [ [ [ 21.125709, 52.231444 ], [ 21.127929, 52.233653 ], [ 21.132155, 52.233577 ], [ 21.13416, 52.231292 ], [ 21.131939, 52.229083 ], [ 21.127714, 52.22916 ], [ 21.125709, 52.231444 ] ] ] } },
{ "type": "Feature", "properties": { "fid": 1946, "hex_id": 1945 }, "geometry": { "type": "Polygon", "coordinates": [ [ [ 21.125495, 52.226951 ], [ 21.127714, 52.22916 ], [ 21.131939, 52.229083 ], [ 21.133944, 52.226798 ], [ 21.131724, 52.22459 ], [ 21.1275, 52.224666 ], [ 21.125495, 52.226951 ] ] ] } },
{ "type": "Feature", "properties": { "fid": 1947, "hex_id": 1946 }, "geometry": { "type": "Polygon", "coordinates": [ [ [ 21.12528, 52.222457 ], [ 21.1275, 52.224666 ], [ 21.131724, 52.22459 ], [ 21.133729, 52.222305 ], [ 21.131509, 52.220096 ], [ 21.127285, 52.220172 ], [ 21.12528, 52.222457 ] ] ] } },
{ "type": "Feature", "properties": { "fid": 1948, "hex_id": 1947 }, "geometry": { "type": "Polygon", "coordinates": [ [ [ 21.125065, 52.217964 ], [ 21.127285, 52.220172 ], [ 21.131509, 52.220096 ], [ 21.133513, 52.217811 ], [ 21.131294, 52.215603 ], [ 21.12707, 52.215679 ], [ 21.125065, 52.217964 ] ] ] } },
{ "type": "Feature", "properties": { "fid": 1949, "hex_id": 1948 }, "geometry": { "type": "Polygon", "coordinates": [ [ [ 21.124851, 52.21347 ], [ 21.12707, 52.215679 ], [ 21.131294, 52.215603 ], [ 21.133298, 52.213318 ], [ 21.131079, 52.211109 ], [ 21.126855, 52.211185 ], [ 21.124851, 52.21347 ] ] ] } },
{ "type": "Feature", "properties": { "fid": 1950, "hex_id": 1949 }, "geometry": { "type": "Polygon", "coordinates": [ [ [ 21.124636, 52.208977 ], [ 21.126855, 52.211185 ], [ 21.131079, 52.211109 ], [ 21.133083, 52.208824 ], [ 21.130863, 52.206616 ], [ 21.126641, 52.206692 ], [ 21.124636, 52.208977 ] ] ] } },
{ "type": "Feature", "properties": { "fid": 1951, "hex_id": 1950 }, "geometry": { "type": "Polygon", "coordinates": [ [ [ 21.124422, 52.204483 ], [ 21.126641, 52.206692 ], [ 21.130863, 52.206616 ], [ 21.132867, 52.204331 ], [ 21.130648, 52.202122 ], [ 21.126426, 52.202198 ], [ 21.124422, 52.204483 ] ] ] } },
{ "type": "Feature", "properties": { "fid": 1952, "hex_id": 1951 }, "geometry": { "type": "Polygon", "coordinates": [ [ [ 21.124208, 52.199989 ], [ 21.126426, 52.202198 ], [ 21.130648, 52.202122 ], [ 21.132652, 52.199837 ], [ 21.130433, 52.197628 ], [ 21.126212, 52.197705 ], [ 21.124208, 52.199989 ] ] ] } },
{ "type": "Feature", "properties": { "fid": 1953, "hex_id": 1952 }, "geometry": { "type": "Polygon", "coordinates": [ [ [ 21.123993, 52.195496 ], [ 21.126212, 52.197705 ], [ 21.130433, 52.197628 ], [ 21.132437, 52.195343 ], [ 21.130219, 52.193135 ], [ 21.125997, 52.193211 ], [ 21.123993, 52.195496 ] ] ] } },
{ "type": "Feature", "properties": { "fid": 1954, "hex_id": 1953 }, "geometry": { "type": "Polygon", "coordinates": [ [ [ 21.123779, 52.191002 ], [ 21.125997, 52.193211 ], [ 21.130219, 52.193135 ], [ 21.132222, 52.19085 ], [ 21.130004, 52.188641 ], [ 21.125783, 52.188717 ], [ 21.123779, 52.191002 ] ] ] } },
{ "type": "Feature", "properties": { "fid": 1955, "hex_id": 1954 }, "geometry": { "type": "Polygon", "coordinates": [ [ [ 21.123565, 52.186509 ], [ 21.125783, 52.188717 ], [ 21.130004, 52.188641 ], [ 21.132007, 52.186356 ], [ 21.129789, 52.184148 ], [ 21.125568, 52.184224 ], [ 21.123565, 52.186509 ] ] ] } },
{ "type": "Feature", "properties": { "fid": 1956, "hex_id": 1955 }, "geometry": { "type": "Polygon", "coordinates": [ [ [ 21.123351, 52.182015 ], [ 21.125568, 52.184224 ], [ 21.129789, 52.184148 ], [ 21.131792, 52.181863 ], [ 21.129574, 52.179654 ], [ 21.125354, 52.17973 ], [ 21.123351, 52.182015 ] ] ] } },
{ "type": "Feature", "properties": { "fid": 1957, "hex_id": 1956 }, "geometry": { "type": "Polygon", "coordinates": [ [ [ 21.123137, 52.177521 ], [ 21.125354, 52.17973 ], [ 21.129574, 52.179654 ], [ 21.131577, 52.177369 ], [ 21.129359, 52.175161 ], [ 21.12514, 52.175237 ], [ 21.123137, 52.177521 ] ] ] } },
{ "type": "Feature", "properties": { "fid": 1958, "hex_id": 1957 }, "geometry": { "type": "Polygon", "coordinates": [ [ [ 21.122923, 52.173028 ], [ 21.12514, 52.175237 ], [ 21.129359, 52.175161 ], [ 21.131362, 52.172876 ], [ 21.129145, 52.170667 ], [ 21.124925, 52.170743 ], [ 21.122923, 52.173028 ] ] ] } },
{ "type": "Feature", "properties": { "fid": 1959, "hex_id": 1958 }, "geometry": { "type": "Polygon", "coordinates": [ [ [ 21.122709, 52.168534 ], [ 21.124925, 52.170743 ], [ 21.129145, 52.170667 ], [ 21.131147, 52.168382 ], [ 21.12893, 52.166173 ], [ 21.124711, 52.166249 ], [ 21.122709, 52.168534 ] ] ] } },
{ "type": "Feature", "properties": { "fid": 1960, "hex_id": 1959 }, "geometry": { "type": "Polygon", "coordinates": [ [ [ 21.122495, 52.164041 ], [ 21.124711, 52.166249 ], [ 21.12893, 52.166173 ], [ 21.130932, 52.163888 ], [ 21.128716, 52.16168 ], [ 21.124497, 52.161756 ], [ 21.122495, 52.164041 ] ] ] } },
{ "type": "Feature", "properties": { "fid": 1961, "hex_id": 1960 }, "geometry": { "type": "Polygon", "coordinates": [ [ [ 21.122281, 52.159547 ], [ 21.124497, 52.161756 ], [ 21.128716, 52.16168 ], [ 21.130718, 52.159395 ], [ 21.128501, 52.157186 ], [ 21.124283, 52.157262 ], [ 21.122281, 52.159547 ] ] ] } },
{ "type": "Feature", "properties": { "fid": 1962, "hex_id": 1961 }, "geometry": { "type": "Polygon", "coordinates": [ [ [ 21.122067, 52.155053 ], [ 21.124283, 52.157262 ], [ 21.128501, 52.157186 ], [ 21.130503, 52.154901 ], [ 21.128287, 52.152693 ], [ 21.124069, 52.152769 ], [ 21.122067, 52.155053 ] ] ] } },
{ "type": "Feature", "properties": { "fid": 1963, "hex_id": 1962 }, "geometry": { "type": "Polygon", "coordinates": [ [ [ 21.121853, 52.15056 ], [ 21.124069, 52.152769 ], [ 21.128287, 52.152693 ], [ 21.130288, 52.150408 ], [ 21.128073, 52.148199 ], [ 21.123855, 52.148275 ], [ 21.121853, 52.15056 ] ] ] } },
{ "type": "Feature", "properties": { "fid": 1964, "hex_id": 1963 }, "geometry": { "type": "Polygon", "coordinates": [ [ [ 21.12164, 52.146066 ], [ 21.123855, 52.148275 ], [ 21.128073, 52.148199 ], [ 21.130074, 52.145914 ], [ 21.127858, 52.143705 ], [ 21.123641, 52.143781 ], [ 21.12164, 52.146066 ] ] ] } },
{ "type": "Feature", "properties": { "fid": 1965, "hex_id": 1964 }, "geometry": { "type": "Polygon", "coordinates": [ [ [ 21.121426, 52.141572 ], [ 21.123641, 52.143781 ], [ 21.127858, 52.143705 ], [ 21.129859, 52.14142 ], [ 21.127644, 52.139212 ], [ 21.123428, 52.139288 ], [ 21.121426, 52.141572 ] ] ] } },
{ "type": "Feature", "properties": { "fid": 1966, "hex_id": 1965 }, "geometry": { "type": "Polygon", "coordinates": [ [ [ 21.121213, 52.137079 ], [ 21.123428, 52.139288 ], [ 21.127644, 52.139212 ], [ 21.129645, 52.136927 ], [ 21.12743, 52.134718 ], [ 21.123214, 52.134794 ], [ 21.121213, 52.137079 ] ] ] } },
{ "type": "Feature", "properties": { "fid": 1967, "hex_id": 1966 }, "geometry": { "type": "Polygon", "coordinates": [ [ [ 21.120999, 52.132585 ], [ 21.123214, 52.134794 ], [ 21.12743, 52.134718 ], [ 21.129431, 52.132433 ], [ 21.127216, 52.130224 ], [ 21.123, 52.1303 ], [ 21.120999, 52.132585 ] ] ] } },
{ "type": "Feature", "properties": { "fid": 1968, "hex_id": 1967 }, "geometry": { "type": "Polygon", "coordinates": [ [ [ 21.120786, 52.128092 ], [ 21.123, 52.1303 ], [ 21.127216, 52.130224 ], [ 21.129216, 52.12794 ], [ 21.127002, 52.125731 ], [ 21.122786, 52.125807 ], [ 21.120786, 52.128092 ] ] ] } },
{ "type": "Feature", "properties": { "fid": 1969, "hex_id": 1968 }, "geometry": { "type": "Polygon", "coordinates": [ [ [ 21.120572, 52.123598 ], [ 21.122786, 52.125807 ], [ 21.127002, 52.125731 ], [ 21.129002, 52.123446 ], [ 21.126788, 52.121237 ], [ 21.122573, 52.121313 ], [ 21.120572, 52.123598 ] ] ] } },
{ "type": "Feature", "properties": { "fid": 1970, "hex_id": 1969 }, "geometry": { "type": "Polygon", "coordinates": [ [ [ 21.120359, 52.119104 ], [ 21.122573, 52.121313 ], [ 21.126788, 52.121237 ], [ 21.128788, 52.118952 ], [ 21.126574, 52.116744 ], [ 21.122359, 52.11682 ], [ 21.120359, 52.119104 ] ] ] } },
{ "type": "Feature", "properties": { "fid": 1971, "hex_id": 1970 }, "geometry": { "type": "Polygon", "coordinates": [ [ [ 21.134312, 52.278512 ], [ 21.136534, 52.28072 ], [ 21.140764, 52.280644 ], [ 21.142771, 52.278359 ], [ 21.140548, 52.27615 ], [ 21.136318, 52.276227 ], [ 21.134312, 52.278512 ] ] ] } },
{ "type": "Feature", "properties": { "fid": 1972, "hex_id": 1971 }, "geometry": { "type": "Polygon", "coordinates": [ [ [ 21.134096, 52.274018 ], [ 21.136318, 52.276227 ], [ 21.140548, 52.27615 ], [ 21.142554, 52.273865 ], [ 21.140331, 52.271657 ], [ 21.136102, 52.271733 ], [ 21.134096, 52.274018 ] ] ] } },
{ "type": "Feature", "properties": { "fid": 1973, "hex_id": 1972 }, "geometry": { "type": "Polygon", "coordinates": [ [ [ 21.13388, 52.269525 ], [ 21.136102, 52.271733 ], [ 21.140331, 52.271657 ], [ 21.142337, 52.269372 ], [ 21.140115, 52.267163 ], [ 21.135886, 52.26724 ], [ 21.13388, 52.269525 ] ] ] } },
{ "type": "Feature", "properties": { "fid": 1974, "hex_id": 1973 }, "geometry": { "type": "Polygon", "coordinates": [ [ [ 21.133664, 52.265031 ], [ 21.135886, 52.26724 ], [ 21.140115, 52.267163 ], [ 21.142121, 52.264878 ], [ 21.139898, 52.26267 ], [ 21.13567, 52.262746 ], [ 21.133664, 52.265031 ] ] ] } },
{ "type": "Feature", "properties": { "fid": 1975, "hex_id": 1974 }, "geometry": { "type": "Polygon", "coordinates": [ [ [ 21.133448, 52.260538 ], [ 21.13567, 52.262746 ], [ 21.139898, 52.26267 ], [ 21.141904, 52.260385 ], [ 21.139682, 52.258176 ], [ 21.135454, 52.258253 ], [ 21.133448, 52.260538 ] ] ] } },
{ "type": "Feature", "properties": { "fid": 1976, "hex_id": 1975 }, "geometry": { "type": "Polygon", "coordinates": [ [ [ 21.133232, 52.256044 ], [ 21.135454, 52.258253 ], [ 21.139682, 52.258176 ], [ 21.141687, 52.255891 ], [ 21.139466, 52.253683 ], [ 21.135238, 52.253759 ], [ 21.133232, 52.256044 ] ] ] } },
{ "type": "Feature", "properties": { "fid": 1977, "hex_id": 1976 }, "geometry": { "type": "Polygon", "coordinates": [ [ [ 21.133017, 52.251551 ], [ 21.135238, 52.253759 ], [ 21.139466, 52.253683 ], [ 21.141471, 52.251398 ], [ 21.139249, 52.249189 ], [ 21.135022, 52.249266 ], [ 21.133017, 52.251551 ] ] ] } },
{ "type": "Feature", "properties": { "fid": 1978, "hex_id": 1977 }, "geometry": { "type": "Polygon", "coordinates": [ [ [ 21.132801, 52.247057 ], [ 21.135022, 52.249266 ], [ 21.139249, 52.249189 ], [ 21.141255, 52.246904 ], [ 21.139033, 52.244696 ], [ 21.134807, 52.244772 ], [ 21.132801, 52.247057 ] ] ] } },
{ "type": "Feature", "properties": { "fid": 1979, "hex_id": 1978 }, "geometry": { "type": "Polygon", "coordinates": [ [ [ 21.132586, 52.242564 ], [ 21.134807, 52.244772 ], [ 21.139033, 52.244696 ], [ 21.141038, 52.242411 ], [ 21.138817, 52.240202 ], [ 21.134591, 52.240279 ], [ 21.132586, 52.242564 ] ] ] } },
{ "type": "Feature", "properties": { "fid": 1980, "hex_id": 1979 }, "geometry": { "type": "Polygon", "coordinates": [ [ [ 21.13237, 52.23807 ], [ 21.134591, 52.240279 ], [ 21.138817, 52.240202 ], [ 21.140822, 52.237917 ], [ 21.138601, 52.235709 ], [ 21.134375, 52.235785 ], [ 21.13237, 52.23807 ] ] ] } },
{ "type": "Feature", "properties": { "fid": 1981, "hex_id": 1980 }, "geometry": { "type": "Polygon", "coordinates": [ [ [ 21.132155, 52.233577 ], [ 21.134375, 52.235785 ], [ 21.138601, 52.235709 ], [ 21.140606, 52.233424 ], [ 21.138385, 52.231215 ], [ 21.13416, 52.231292 ], [ 21.132155, 52.233577 ] ] ] } },
{ "type": "Feature", "properties": { "fid": 1982, "hex_id": 1981 }, "geometry": { "type": "Polygon", "coordinates": [ [ [ 21.131939, 52.229083 ], [ 21.13416, 52.231292 ], [ 21.138385, 52.231215 ], [ 21.140389, 52.22893 ], [ 21.138169, 52.226722 ], [ 21.133944, 52.226798 ], [ 21.131939, 52.229083 ] ] ] } },
{ "type": "Feature", "properties": { "fid": 1983, "hex_id": 1982 }, "geometry": { "type": "Polygon", "coordinates": [ [ [ 21.131724, 52.22459 ], [ 21.133944, 52.226798 ], [ 21.138169, 52.226722 ], [ 21.140173, 52.224437 ], [ 21.137953, 52.222228 ], [ 21.133729, 52.222305 ], [ 21.131724, 52.22459 ] ] ] } },
{ "type": "Feature", "properties": { "fid": 1984, "hex_id": 1983 }, "geometry": { "type": "Polygon", "coordinates": [ [ [ 21.131509, 52.220096 ], [ 21.133729, 52.222305 ], [ 21.137953, 52.222228 ], [ 21.139957, 52.219943 ], [ 21.137737, 52.217735 ], [ 21.133513, 52.217811 ], [ 21.131509, 52.220096 ] ] ] } },
{ "type": "Feature", "properties": { "fid": 1985, "hex_id": 1984 }, "geometry": { "type": "Polygon", "coordinates": [ [ [ 21.131294, 52.215603 ], [ 21.133513, 52.217811 ], [ 21.137737, 52.217735 ], [ 21.139741, 52.21545 ], [ 21.137521, 52.213241 ], [ 21.133298, 52.213318 ], [ 21.131294, 52.215603 ] ] ] } },
{ "type": "Feature", "properties": { "fid": 1986, "hex_id": 1985 }, "geometry": { "type": "Polygon", "coordinates": [ [ [ 21.131079, 52.211109 ], [ 21.133298, 52.213318 ], [ 21.137521, 52.213241 ], [ 21.139525, 52.210956 ], [ 21.137306, 52.208748 ], [ 21.133083, 52.208824 ], [ 21.131079, 52.211109 ] ] ] } },
{ "type": "Feature", "properties": { "fid": 1987, "hex_id": 1986 }, "geometry": { "type": "Polygon", "coordinates": [ [ [ 21.130863, 52.206616 ], [ 21.133083, 52.208824 ], [ 21.137306, 52.208748 ], [ 21.139309, 52.206463 ], [ 21.13709, 52.204254 ], [ 21.132867, 52.204331 ], [ 21.130863, 52.206616 ] ] ] } },
{ "type": "Feature", "properties": { "fid": 1988, "hex_id": 1987 }, "geometry": { "type": "Polygon", "coordinates": [ [ [ 21.130648, 52.202122 ], [ 21.132867, 52.204331 ], [ 21.13709, 52.204254 ], [ 21.139093, 52.201969 ], [ 21.136874, 52.199761 ], [ 21.132652, 52.199837 ], [ 21.130648, 52.202122 ] ] ] } },
{ "type": "Feature", "properties": { "fid": 1989, "hex_id": 1988 }, "geometry": { "type": "Polygon", "coordinates": [ [ [ 21.130433, 52.197628 ], [ 21.132652, 52.199837 ], [ 21.136874, 52.199761 ], [ 21.138877, 52.197476 ], [ 21.136659, 52.195267 ], [ 21.132437, 52.195343 ], [ 21.130433, 52.197628 ] ] ] } },
{ "type": "Feature", "properties": { "fid": 1990, "hex_id": 1989 }, "geometry": { "type": "Polygon", "coordinates": [ [ [ 21.130219, 52.193135 ], [ 21.132437, 52.195343 ], [ 21.136659, 52.195267 ], [ 21.138662, 52.192982 ], [ 21.136443, 52.190774 ], [ 21.132222, 52.19085 ], [ 21.130219, 52.193135 ] ] ] } },
{ "type": "Feature", "properties": { "fid": 1991, "hex_id": 1990 }, "geometry": { "type": "Polygon", "coordinates": [ [ [ 21.130004, 52.188641 ], [ 21.132222, 52.19085 ], [ 21.136443, 52.190774 ], [ 21.138446, 52.188488 ], [ 21.136228, 52.18628 ], [ 21.132007, 52.186356 ], [ 21.130004, 52.188641 ] ] ] } },
{ "type": "Feature", "properties": { "fid": 1992, "hex_id": 1991 }, "geometry": { "type": "Polygon", "coordinates": [ [ [ 21.129789, 52.184148 ], [ 21.132007, 52.186356 ], [ 21.136228, 52.18628 ], [ 21.13823, 52.183995 ], [ 21.136012, 52.181786 ], [ 21.131792, 52.181863 ], [ 21.129789, 52.184148 ] ] ] } },
{ "type": "Feature", "properties": { "fid": 1993, "hex_id": 1992 }, "geometry": { "type": "Polygon", "coordinates": [ [ [ 21.129574, 52.179654 ], [ 21.131792, 52.181863 ], [ 21.136012, 52.181786 ], [ 21.138015, 52.179501 ], [ 21.135797, 52.177293 ], [ 21.131577, 52.177369 ], [ 21.129574, 52.179654 ] ] ] } },
{ "type": "Feature", "properties": { "fid": 1994, "hex_id": 1993 }, "geometry": { "type": "Polygon", "coordinates": [ [ [ 21.129359, 52.175161 ], [ 21.131577, 52.177369 ], [ 21.135797, 52.177293 ], [ 21.137799, 52.175008 ], [ 21.135582, 52.172799 ], [ 21.131362, 52.172876 ], [ 21.129359, 52.175161 ] ] ] } },
{ "type": "Feature", "properties": { "fid": 1995, "hex_id": 1994 }, "geometry": { "type": "Polygon", "coordinates": [ [ [ 21.129145, 52.170667 ], [ 21.131362, 52.172876 ], [ 21.135582, 52.172799 ], [ 21.137584, 52.170514 ], [ 21.135366, 52.168306 ], [ 21.131147, 52.168382 ], [ 21.129145, 52.170667 ] ] ] } },
{ "type": "Feature", "properties": { "fid": 1996, "hex_id": 1995 }, "geometry": { "type": "Polygon", "coordinates": [ [ [ 21.12893, 52.166173 ], [ 21.131147, 52.168382 ], [ 21.135366, 52.168306 ], [ 21.137368, 52.166021 ], [ 21.135151, 52.163812 ], [ 21.130932, 52.163888 ], [ 21.12893, 52.166173 ] ] ] } },
{ "type": "Feature", "properties": { "fid": 1997, "hex_id": 1996 }, "geometry": { "type": "Polygon", "coordinates": [ [ [ 21.128716, 52.16168 ], [ 21.130932, 52.163888 ], [ 21.135151, 52.163812 ], [ 21.137153, 52.161527 ], [ 21.134936, 52.159319 ], [ 21.130718, 52.159395 ], [ 21.128716, 52.16168 ] ] ] } },
{ "type": "Feature", "properties": { "fid": 1998, "hex_id": 1997 }, "geometry": { "type": "Polygon", "coordinates": [ [ [ 21.128501, 52.157186 ], [ 21.130718, 52.159395 ], [ 21.134936, 52.159319 ], [ 21.136938, 52.157034 ], [ 21.134721, 52.154825 ], [ 21.130503, 52.154901 ], [ 21.128501, 52.157186 ] ] ] } },
{ "type": "Feature", "properties": { "fid": 1999, "hex_id": 1998 }, "geometry": { "type": "Polygon", "coordinates": [ [ [ 21.128287, 52.152693 ], [ 21.130503, 52.154901 ], [ 21.134721, 52.154825 ], [ 21.136722, 52.15254 ], [ 21.134506, 52.150331 ], [ 21.130288, 52.150408 ], [ 21.128287, 52.152693 ] ] ] } },
{ "type": "Feature", "properties": { "fid": 2000, "hex_id": 1999 }, "geometry": { "type": "Polygon", "coordinates": [ [ [ 21.128073, 52.148199 ], [ 21.130288, 52.150408 ], [ 21.134506, 52.150331 ], [ 21.136507, 52.148046 ], [ 21.134291, 52.145838 ], [ 21.130074, 52.145914 ], [ 21.128073, 52.148199 ] ] ] } },
{ "type": "Feature", "properties": { "fid": 2001, "hex_id": 2000 }, "geometry": { "type": "Polygon", "coordinates": [ [ [ 21.127858, 52.143705 ], [ 21.130074, 52.145914 ], [ 21.134291, 52.145838 ], [ 21.136292, 52.143553 ], [ 21.134076, 52.141344 ], [ 21.129859, 52.14142 ], [ 21.127858, 52.143705 ] ] ] } },
{ "type": "Feature", "properties": { "fid": 2002, "hex_id": 2001 }, "geometry": { "type": "Polygon", "coordinates": [ [ [ 21.127644, 52.139212 ], [ 21.129859, 52.14142 ], [ 21.134076, 52.141344 ], [ 21.136077, 52.139059 ], [ 21.133861, 52.136851 ], [ 21.129645, 52.136927 ], [ 21.127644, 52.139212 ] ] ] } },
{ "type": "Feature", "properties": { "fid": 2003, "hex_id": 2002 }, "geometry": { "type": "Polygon", "coordinates": [ [ [ 21.12743, 52.134718 ], [ 21.129645, 52.136927 ], [ 21.133861, 52.136851 ], [ 21.135862, 52.134566 ], [ 21.133646, 52.132357 ], [ 21.129431, 52.132433 ], [ 21.12743, 52.134718 ] ] ] } },
{ "type": "Feature", "properties": { "fid": 2004, "hex_id": 2003 }, "geometry": { "type": "Polygon", "coordinates": [ [ [ 21.127216, 52.130224 ], [ 21.129431, 52.132433 ], [ 21.133646, 52.132357 ], [ 21.135647, 52.130072 ], [ 21.133432, 52.127863 ], [ 21.129216, 52.12794 ], [ 21.127216, 52.130224 ] ] ] } },
{ "type": "Feature", "properties": { "fid": 2005, "hex_id": 2004 }, "geometry": { "type": "Polygon", "coordinates": [ [ [ 21.127002, 52.125731 ], [ 21.129216, 52.12794 ], [ 21.133432, 52.127863 ], [ 21.135432, 52.125578 ], [ 21.133217, 52.12337 ], [ 21.129002, 52.123446 ], [ 21.127002, 52.125731 ] ] ] } },
{ "type": "Feature", "properties": { "fid": 2006, "hex_id": 2005 }, "geometry": { "type": "Polygon", "coordinates": [ [ [ 21.126788, 52.121237 ], [ 21.129002, 52.123446 ], [ 21.133217, 52.12337 ], [ 21.135217, 52.121085 ], [ 21.133002, 52.118876 ], [ 21.128788, 52.118952 ], [ 21.126788, 52.121237 ] ] ] } },
{ "type": "Feature", "properties": { "fid": 2007, "hex_id": 2006 }, "geometry": { "type": "Polygon", "coordinates": [ [ [ 21.140764, 52.280644 ], [ 21.142988, 52.282852 ], [ 21.147218, 52.282775 ], [ 21.149224, 52.28049 ], [ 21.147, 52.278282 ], [ 21.142771, 52.278359 ], [ 21.140764, 52.280644 ] ] ] } },
{ "type": "Feature", "properties": { "fid": 2008, "hex_id": 2007 }, "geometry": { "type": "Polygon", "coordinates": [ [ [ 21.140548, 52.27615 ], [ 21.142771, 52.278359 ], [ 21.147, 52.278282 ], [ 21.149006, 52.275997 ], [ 21.146783, 52.273788 ], [ 21.142554, 52.273865 ], [ 21.140548, 52.27615 ] ] ] } },
{ "type": "Feature", "properties": { "fid": 2009, "hex_id": 2008 }, "geometry": { "type": "Polygon", "coordinates": [ [ [ 21.140331, 52.271657 ], [ 21.142554, 52.273865 ], [ 21.146783, 52.273788 ], [ 21.148789, 52.271503 ], [ 21.146566, 52.269295 ], [ 21.142337, 52.269372 ], [ 21.140331, 52.271657 ] ] ] } },
{ "type": "Feature", "properties": { "fid": 2010, "hex_id": 2009 }, "geometry": { "type": "Polygon", "coordinates": [ [ [ 21.140115, 52.267163 ], [ 21.142337, 52.269372 ], [ 21.146566, 52.269295 ], [ 21.148572, 52.26701 ], [ 21.146349, 52.264801 ], [ 21.142121, 52.264878 ], [ 21.140115, 52.267163 ] ] ] } },
{ "type": "Feature", "properties": { "fid": 2011, "hex_id": 2010 }, "geometry": { "type": "Polygon", "coordinates": [ [ [ 21.139898, 52.26267 ], [ 21.142121, 52.264878 ], [ 21.146349, 52.264801 ], [ 21.148354, 52.262516 ], [ 21.146132, 52.260308 ], [ 21.141904, 52.260385 ], [ 21.139898, 52.26267 ] ] ] } },
{ "type": "Feature", "properties": { "fid": 2012, "hex_id": 2011 }, "geometry": { "type": "Polygon", "coordinates": [ [ [ 21.139682, 52.258176 ], [ 21.141904, 52.260385 ], [ 21.146132, 52.260308 ], [ 21.148137, 52.258023 ], [ 21.145915, 52.255814 ], [ 21.141687, 52.255891 ], [ 21.139682, 52.258176 ] ] ] } },
{ "type": "Feature", "properties": { "fid": 2013, "hex_id": 2012 }, "geometry": { "type": "Polygon", "coordinates": [ [ [ 21.139466, 52.253683 ], [ 21.141687, 52.255891 ], [ 21.145915, 52.255814 ], [ 21.14792, 52.253529 ], [ 21.145698, 52.251321 ], [ 21.141471, 52.251398 ], [ 21.139466, 52.253683 ] ] ] } },
{ "type": "Feature", "properties": { "fid": 2014, "hex_id": 2013 }, "geometry": { "type": "Polygon", "coordinates": [ [ [ 21.139249, 52.249189 ], [ 21.141471, 52.251398 ], [ 21.145698, 52.251321 ], [ 21.147703, 52.249036 ], [ 21.145481, 52.246828 ], [ 21.141255, 52.246904 ], [ 21.139249, 52.249189 ] ] ] } },
{ "type": "Feature", "properties": { "fid": 2015, "hex_id": 2014 }, "geometry": { "type": "Polygon", "coordinates": [ [ [ 21.139033, 52.244696 ], [ 21.141255, 52.246904 ], [ 21.145481, 52.246828 ], [ 21.147486, 52.244542 ], [ 21.145264, 52.242334 ], [ 21.141038, 52.242411 ], [ 21.139033, 52.244696 ] ] ] } },
{ "type": "Feature", "properties": { "fid": 2016, "hex_id": 2015 }, "geometry": { "type": "Polygon", "coordinates": [ [ [ 21.138817, 52.240202 ], [ 21.141038, 52.242411 ], [ 21.145264, 52.242334 ], [ 21.147269, 52.240049 ], [ 21.145048, 52.237841 ], [ 21.140822, 52.237917 ], [ 21.138817, 52.240202 ] ] ] } },
{ "type": "Feature", "properties": { "fid": 2017, "hex_id": 2016 }, "geometry": { "type": "Polygon", "coordinates": [ [ [ 21.138601, 52.235709 ], [ 21.140822, 52.237917 ], [ 21.145048, 52.237841 ], [ 21.147052, 52.235555 ], [ 21.144831, 52.233347 ], [ 21.140606, 52.233424 ], [ 21.138601, 52.235709 ] ] ] } },
{ "type": "Feature", "properties": { "fid": 2018, "hex_id": 2017 }, "geometry": { "type": "Polygon", "coordinates": [ [ [ 21.138385, 52.231215 ], [ 21.140606, 52.233424 ], [ 21.144831, 52.233347 ], [ 21.146835, 52.231062 ], [ 21.144614, 52.228854 ], [ 21.140389, 52.22893 ], [ 21.138385, 52.231215 ] ] ] } },
{ "type": "Feature", "properties": { "fid": 2019, "hex_id": 2018 }, "geometry": { "type": "Polygon", "coordinates": [ [ [ 21.138169, 52.226722 ], [ 21.140389, 52.22893 ], [ 21.144614, 52.228854 ], [ 21.146618, 52.226568 ], [ 21.144398, 52.22436 ], [ 21.140173, 52.224437 ], [ 21.138169, 52.226722 ] ] ] } },
{ "type": "Feature", "properties": { "fid": 2020, "hex_id": 2019 }, "geometry": { "type": "Polygon", "coordinates": [ [ [ 21.137953, 52.222228 ], [ 21.140173, 52.224437 ], [ 21.144398, 52.22436 ], [ 21.146401, 52.222075 ], [ 21.144181, 52.219867 ], [ 21.139957, 52.219943 ], [ 21.137953, 52.222228 ] ] ] } },
{ "type": "Feature", "properties": { "fid": 2021, "hex_id": 2020 }, "geometry": { "type": "Polygon", "coordinates": [ [ [ 21.137737, 52.217735 ], [ 21.139957, 52.219943 ], [ 21.144181, 52.219867 ], [ 21.146185, 52.217581 ], [ 21.143965, 52.215373 ], [ 21.139741, 52.21545 ], [ 21.137737, 52.217735 ] ] ] } },
{ "type": "Feature", "properties": { "fid": 2022, "hex_id": 2021 }, "geometry": { "type": "Polygon", "coordinates": [ [ [ 21.137521, 52.213241 ], [ 21.139741, 52.21545 ], [ 21.143965, 52.215373 ], [ 21.145968, 52.213088 ], [ 21.143748, 52.21088 ], [ 21.139525, 52.210956 ], [ 21.137521, 52.213241 ] ] ] } },
{ "type": "Feature", "properties": { "fid": 2023, "hex_id": 2022 }, "geometry": { "type": "Polygon", "coordinates": [ [ [ 21.137306, 52.208748 ], [ 21.139525, 52.210956 ], [ 21.143748, 52.21088 ], [ 21.145751, 52.208594 ], [ 21.143532, 52.206386 ], [ 21.139309, 52.206463 ], [ 21.137306, 52.208748 ] ] ] } },
{ "type": "Feature", "properties": { "fid": 2024, "hex_id": 2023 }, "geometry": { "type": "Polygon", "coordinates": [ [ [ 21.13709, 52.204254 ], [ 21.139309, 52.206463 ], [ 21.143532, 52.206386 ], [ 21.145535, 52.204101 ], [ 21.143316, 52.201892 ], [ 21.139093, 52.201969 ], [ 21.13709, 52.204254 ] ] ] } },
{ "type": "Feature", "properties": { "fid": 2025, "hex_id": 2024 }, "geometry": { "type": "Polygon", "coordinates": [ [ [ 21.136874, 52.199761 ], [ 21.139093, 52.201969 ], [ 21.143316, 52.201892 ], [ 21.145318, 52.199607 ], [ 21.143099, 52.197399 ], [ 21.138877, 52.197476 ], [ 21.136874, 52.199761 ] ] ] } },
{ "type": "Feature", "properties": { "fid": 2026, "hex_id": 2025 }, "geometry": { "type": "Polygon", "coordinates": [ [ [ 21.136659, 52.195267 ], [ 21.138877, 52.197476 ], [ 21.143099, 52.197399 ], [ 21.145102, 52.195114 ], [ 21.142883, 52.192905 ], [ 21.138662, 52.192982 ], [ 21.136659, 52.195267 ] ] ] } },
{ "type": "Feature", "properties": { "fid": 2027, "hex_id": 2026 }, "geometry": { "type": "Polygon", "coordinates": [ [ [ 21.136443, 52.190774 ], [ 21.138662, 52.192982 ], [ 21.142883, 52.192905 ], [ 21.144886, 52.19062 ], [ 21.142667, 52.188412 ], [ 21.138446, 52.188488 ], [ 21.136443, 52.190774 ] ] ] } },
{ "type": "Feature", "properties": { "fid": 2028, "hex_id": 2027 }, "geometry": { "type": "Polygon", "coordinates": [ [ [ 21.136228, 52.18628 ], [ 21.138446, 52.188488 ], [ 21.142667, 52.188412 ], [ 21.144669, 52.186127 ], [ 21.142451, 52.183918 ], [ 21.13823, 52.183995 ], [ 21.136228, 52.18628 ] ] ] } },
{ "type": "Feature", "properties": { "fid": 2029, "hex_id": 2028 }, "geometry": { "type": "Polygon", "coordinates": [ [ [ 21.136012, 52.181786 ], [ 21.13823, 52.183995 ], [ 21.142451, 52.183918 ], [ 21.144453, 52.181633 ], [ 21.142235, 52.179425 ], [ 21.138015, 52.179501 ], [ 21.136012, 52.181786 ] ] ] } },
{ "type": "Feature", "properties": { "fid": 2030, "hex_id": 2029 }, "geometry": { "type": "Polygon", "coordinates": [ [ [ 21.135797, 52.177293 ], [ 21.138015, 52.179501 ], [ 21.142235, 52.179425 ], [ 21.144237, 52.17714 ], [ 21.142019, 52.174931 ], [ 21.137799, 52.175008 ], [ 21.135797, 52.177293 ] ] ] } },
{ "type": "Feature", "properties": { "fid": 2031, "hex_id": 2030 }, "geometry": { "type": "Polygon", "coordinates": [ [ [ 21.135582, 52.172799 ], [ 21.137799, 52.175008 ], [ 21.142019, 52.174931 ], [ 21.144021, 52.172646 ], [ 21.141803, 52.170438 ], [ 21.137584, 52.170514 ], [ 21.135582, 52.172799 ] ] ] } },
{ "type": "Feature", "properties": { "fid": 2032, "hex_id": 2031 }, "geometry": { "type": "Polygon", "coordinates": [ [ [ 21.135366, 52.168306 ], [ 21.137584, 52.170514 ], [ 21.141803, 52.170438 ], [ 21.143805, 52.168153 ], [ 21.141587, 52.165944 ], [ 21.137368, 52.166021 ], [ 21.135366, 52.168306 ] ] ] } },
{ "type": "Feature", "properties": { "fid": 2033, "hex_id": 2032 }, "geometry": { "type": "Polygon", "coordinates": [ [ [ 21.135151, 52.163812 ], [ 21.137368, 52.166021 ], [ 21.141587, 52.165944 ], [ 21.143589, 52.163659 ], [ 21.141371, 52.161451 ], [ 21.137153, 52.161527 ], [ 21.135151, 52.163812 ] ] ] } },
{ "type": "Feature", "properties": { "fid": 2034, "hex_id": 2033 }, "geometry": { "type": "Polygon", "coordinates": [ [ [ 21.134936, 52.159319 ], [ 21.137153, 52.161527 ], [ 21.141371, 52.161451 ], [ 21.143373, 52.159165 ], [ 21.141156, 52.156957 ], [ 21.136938, 52.157034 ], [ 21.134936, 52.159319 ] ] ] } },
{ "type": "Feature", "properties": { "fid": 2035, "hex_id": 2034 }, "geometry": { "type": "Polygon", "coordinates": [ [ [ 21.134721, 52.154825 ], [ 21.136938, 52.157034 ], [ 21.141156, 52.156957 ], [ 21.143157, 52.154672 ], [ 21.14094, 52.152463 ], [ 21.136722, 52.15254 ], [ 21.134721, 52.154825 ] ] ] } },
{ "type": "Feature", "properties": { "fid": 2036, "hex_id": 2035 }, "geometry": { "type": "Polygon", "coordinates": [ [ [ 21.134506, 52.150331 ], [ 21.136722, 52.15254 ], [ 21.14094, 52.152463 ], [ 21.142941, 52.150178 ], [ 21.140724, 52.14797 ], [ 21.136507, 52.148046 ], [ 21.134506, 52.150331 ] ] ] } },
{ "type": "Feature", "properties": { "fid": 2037, "hex_id": 2036 }, "geometry": { "type": "Polygon", "coordinates": [ [ [ 21.134291, 52.145838 ], [ 21.136507, 52.148046 ], [ 21.140724, 52.14797 ], [ 21.142725, 52.145685 ], [ 21.140509, 52.143476 ], [ 21.136292, 52.143553 ], [ 21.134291, 52.145838 ] ] ] } },
{ "type": "Feature", "properties": { "fid": 2038, "hex_id": 2037 }, "geometry": { "type": "Polygon", "coordinates": [ [ [ 21.134076, 52.141344 ], [ 21.136292, 52.143553 ], [ 21.140509, 52.143476 ], [ 21.142509, 52.141191 ], [ 21.140293, 52.138983 ], [ 21.136077, 52.139059 ], [ 21.134076, 52.141344 ] ] ] } },
{ "type": "Feature", "properties": { "fid": 2039, "hex_id": 2038 }, "geometry": { "type": "Polygon", "coordinates": [ [ [ 21.133861, 52.136851 ], [ 21.136077, 52.139059 ], [ 21.140293, 52.138983 ], [ 21.142294, 52.136698 ], [ 21.140078, 52.134489 ], [ 21.135862, 52.134566 ], [ 21.133861, 52.136851 ] ] ] } },
{ "type": "Feature", "properties": { "fid": 2040, "hex_id": 2039 }, "geometry": { "type": "Polygon", "coordinates": [ [ [ 21.133646, 52.132357 ], [ 21.135862, 52.134566 ], [ 21.140078, 52.134489 ], [ 21.142078, 52.132204 ], [ 21.139862, 52.129996 ], [ 21.135647, 52.130072 ], [ 21.133646, 52.132357 ] ] ] } },
{ "type": "Feature", "properties": { "fid": 2041, "hex_id": 2040 }, "geometry": { "type": "Polygon", "coordinates": [ [ [ 21.133432, 52.127863 ], [ 21.135647, 52.130072 ], [ 21.139862, 52.129996 ], [ 21.141862, 52.12771 ], [ 21.139647, 52.125502 ], [ 21.135432, 52.125578 ], [ 21.133432, 52.127863 ] ] ] } },
{ "type": "Feature", "properties": { "fid": 2042, "hex_id": 2041 }, "geometry": { "type": "Polygon", "coordinates": [ [ [ 21.133217, 52.12337 ], [ 21.135432, 52.125578 ], [ 21.139647, 52.125502 ], [ 21.141647, 52.123217 ], [ 21.139432, 52.121008 ], [ 21.135217, 52.121085 ], [ 21.133217, 52.12337 ] ] ] } },
{ "type": "Feature", "properties": { "fid": 2043, "hex_id": 2042 }, "geometry": { "type": "Polygon", "coordinates": [ [ [ 21.147218, 52.282775 ], [ 21.149441, 52.284984 ], [ 21.153672, 52.284906 ], [ 21.155678, 52.282621 ], [ 21.153454, 52.280413 ], [ 21.149224, 52.28049 ], [ 21.147218, 52.282775 ] ] ] } },
{ "type": "Feature", "properties": { "fid": 2044, "hex_id": 2043 }, "geometry": { "type": "Polygon", "coordinates": [ [ [ 21.147, 52.278282 ], [ 21.149224, 52.28049 ], [ 21.153454, 52.280413 ], [ 21.15546, 52.278128 ], [ 21.153236, 52.27592 ], [ 21.149006, 52.275997 ], [ 21.147, 52.278282 ] ] ] } },
{ "type": "Feature", "properties": { "fid": 2045, "hex_id": 2044 }, "geometry": { "type": "Polygon", "coordinates": [ [ [ 21.146783, 52.273788 ], [ 21.149006, 52.275997 ], [ 21.153236, 52.27592 ], [ 21.155241, 52.273634 ], [ 21.153018, 52.271426 ], [ 21.148789, 52.271503 ], [ 21.146783, 52.273788 ] ] ] } },
{ "type": "Feature", "properties": { "fid": 2046, "hex_id": 2045 }, "geometry": { "type": "Polygon", "coordinates": [ [ [ 21.146566, 52.269295 ], [ 21.148789, 52.271503 ], [ 21.153018, 52.271426 ], [ 21.155023, 52.269141 ], [ 21.1528, 52.266933 ], [ 21.148572, 52.26701 ], [ 21.146566, 52.269295 ] ] ] } },
{ "type": "Feature", "properties": { "fid": 2047, "hex_id": 2046 }, "geometry": { "type": "Polygon", "coordinates": [ [ [ 21.146349, 52.264801 ], [ 21.148572, 52.26701 ], [ 21.1528, 52.266933 ], [ 21.154805, 52.264647 ], [ 21.152583, 52.262439 ], [ 21.148354, 52.262516 ], [ 21.146349, 52.264801 ] ] ] } },
{ "type": "Feature", "properties": { "fid": 2048, "hex_id": 2047 }, "geometry": { "type": "Polygon", "coordinates": [ [ [ 21.146132, 52.260308 ], [ 21.148354, 52.262516 ], [ 21.152583, 52.262439 ], [ 21.154588, 52.260154 ], [ 21.152365, 52.257946 ], [ 21.148137, 52.258023 ], [ 21.146132, 52.260308 ] ] ] } },
{ "type": "Feature", "properties": { "fid": 2049, "hex_id": 2048 }, "geometry": { "type": "Polygon", "coordinates": [ [ [ 21.145915, 52.255814 ], [ 21.148137, 52.258023 ], [ 21.152365, 52.257946 ], [ 21.15437, 52.25566 ], [ 21.152147, 52.253452 ], [ 21.14792, 52.253529 ], [ 21.145915, 52.255814 ] ] ] } },
{ "type": "Feature", "properties": { "fid": 2050, "hex_id": 2049 }, "geometry": { "type": "Polygon", "coordinates": [ [ [ 21.145698, 52.251321 ], [ 21.14792, 52.253529 ], [ 21.152147, 52.253452 ], [ 21.154152, 52.251167 ], [ 21.15193, 52.248959 ], [ 21.147703, 52.249036 ], [ 21.145698, 52.251321 ] ] ] } },
{ "type": "Feature", "properties": { "fid": 2051, "hex_id": 2050 }, "geometry": { "type": "Polygon", "coordinates": [ [ [ 21.145481, 52.246828 ], [ 21.147703, 52.249036 ], [ 21.15193, 52.248959 ], [ 21.153934, 52.246674 ], [ 21.151712, 52.244465 ], [ 21.147486, 52.244542 ], [ 21.145481, 52.246828 ] ] ] } },
{ "type": "Feature", "properties": { "fid": 2052, "hex_id": 2051 }, "geometry": { "type": "Polygon", "coordinates": [ [ [ 21.145264, 52.242334 ], [ 21.147486, 52.244542 ], [ 21.151712, 52.244465 ], [ 21.153717, 52.24218 ], [ 21.151495, 52.239972 ], [ 21.147269, 52.240049 ], [ 21.145264, 52.242334 ] ] ] } },
{ "type": "Feature", "properties": { "fid": 2053, "hex_id": 2052 }, "geometry": { "type": "Polygon", "coordinates": [ [ [ 21.145048, 52.237841 ], [ 21.147269, 52.240049 ], [ 21.151495, 52.239972 ], [ 21.153499, 52.237687 ], [ 21.151277, 52.235478 ], [ 21.147052, 52.235555 ], [ 21.145048, 52.237841 ] ] ] } },
{ "type": "Feature", "properties": { "fid": 2054, "hex_id": 2053 }, "geometry": { "type": "Polygon", "coordinates": [ [ [ 21.144831, 52.233347 ], [ 21.147052, 52.235555 ], [ 21.151277, 52.235478 ], [ 21.153281, 52.233193 ], [ 21.15106, 52.230985 ], [ 21.146835, 52.231062 ], [ 21.144831, 52.233347 ] ] ] } },
{ "type": "Feature", "properties": { "fid": 2055, "hex_id": 2054 }, "geometry": { "type": "Polygon", "coordinates": [ [ [ 21.144614, 52.228854 ], [ 21.146835, 52.231062 ], [ 21.15106, 52.230985 ], [ 21.153064, 52.2287 ], [ 21.150843, 52.226491 ], [ 21.146618, 52.226568 ], [ 21.144614, 52.228854 ] ] ] } },
{ "type": "Feature", "properties": { "fid": 2056, "hex_id": 2055 }, "geometry": { "type": "Polygon", "coordinates": [ [ [ 21.144398, 52.22436 ], [ 21.146618, 52.226568 ], [ 21.150843, 52.226491 ], [ 21.152846, 52.224206 ], [ 21.150626, 52.221998 ], [ 21.146401, 52.222075 ], [ 21.144398, 52.22436 ] ] ] } },
{ "type": "Feature", "properties": { "fid": 2057, "hex_id": 2056 }, "geometry": { "type": "Polygon", "coordinates": [ [ [ 21.144181, 52.219867 ], [ 21.146401, 52.222075 ], [ 21.150626, 52.221998 ], [ 21.152629, 52.219713 ], [ 21.150409, 52.217504 ], [ 21.146185, 52.217581 ], [ 21.144181, 52.219867 ] ] ] } },
{ "type": "Feature", "properties": { "fid": 2058, "hex_id": 2057 }, "geometry": { "type": "Polygon", "coordinates": [ [ [ 21.143965, 52.215373 ], [ 21.146185, 52.217581 ], [ 21.150409, 52.217504 ], [ 21.152412, 52.215219 ], [ 21.150191, 52.213011 ], [ 21.145968, 52.213088 ], [ 21.143965, 52.215373 ] ] ] } },
{ "type": "Feature", "properties": { "fid": 2059, "hex_id": 2058 }, "geometry": { "type": "Polygon", "coordinates": [ [ [ 21.143748, 52.21088 ], [ 21.145968, 52.213088 ], [ 21.150191, 52.213011 ], [ 21.152195, 52.210726 ], [ 21.149974, 52.208517 ], [ 21.145751, 52.208594 ], [ 21.143748, 52.21088 ] ] ] } },
{ "type": "Feature", "properties": { "fid": 2060, "hex_id": 2059 }, "geometry": { "type": "Polygon", "coordinates": [ [ [ 21.143532, 52.206386 ], [ 21.145751, 52.208594 ], [ 21.149974, 52.208517 ], [ 21.151977, 52.206232 ], [ 21.149757, 52.204024 ], [ 21.145535, 52.204101 ], [ 21.143532, 52.206386 ] ] ] } },
{ "type": "Feature", "properties": { "fid": 2061, "hex_id": 2060 }, "geometry": { "type": "Polygon", "coordinates": [ [ [ 21.143316, 52.201892 ], [ 21.145535, 52.204101 ], [ 21.149757, 52.204024 ], [ 21.15176, 52.201739 ], [ 21.149541, 52.19953 ], [ 21.145318, 52.199607 ], [ 21.143316, 52.201892 ] ] ] } },
{ "type": "Feature", "properties": { "fid": 2062, "hex_id": 2061 }, "geometry": { "type": "Polygon", "coordinates": [ [ [ 21.143099, 52.197399 ], [ 21.145318, 52.199607 ], [ 21.149541, 52.19953 ], [ 21.151543, 52.197245 ], [ 21.149324, 52.195037 ], [ 21.145102, 52.195114 ], [ 21.143099, 52.197399 ] ] ] } },
{ "type": "Feature", "properties": { "fid": 2063, "hex_id": 2062 }, "geometry": { "type": "Polygon", "coordinates": [ [ [ 21.142883, 52.192905 ], [ 21.145102, 52.195114 ], [ 21.149324, 52.195037 ], [ 21.151326, 52.192752 ], [ 21.149107, 52.190543 ], [ 21.144886, 52.19062 ], [ 21.142883, 52.192905 ] ] ] } },
{ "type": "Feature", "properties": { "fid": 2064, "hex_id": 2063 }, "geometry": { "type": "Polygon", "coordinates": [ [ [ 21.142667, 52.188412 ], [ 21.144886, 52.19062 ], [ 21.149107, 52.190543 ], [ 21.151109, 52.188258 ], [ 21.14889, 52.18605 ], [ 21.144669, 52.186127 ], [ 21.142667, 52.188412 ] ] ] } },
{ "type": "Feature", "properties": { "fid": 2065, "hex_id": 2064 }, "geometry": { "type": "Polygon", "coordinates": [ [ [ 21.142451, 52.183918 ], [ 21.144669, 52.186127 ], [ 21.14889, 52.18605 ], [ 21.150892, 52.183765 ], [ 21.148673, 52.181556 ], [ 21.144453, 52.181633 ], [ 21.142451, 52.183918 ] ] ] } },
{ "type": "Feature", "properties": { "fid": 2066, "hex_id": 2065 }, "geometry": { "type": "Polygon", "coordinates": [ [ [ 21.142235, 52.179425 ], [ 21.144453, 52.181633 ], [ 21.148673, 52.181556 ], [ 21.150675, 52.179271 ], [ 21.148457, 52.177063 ], [ 21.144237, 52.17714 ], [ 21.142235, 52.179425 ] ] ] } },
{ "type": "Feature", "properties": { "fid": 2067, "hex_id": 2066 }, "geometry": { "type": "Polygon", "coordinates": [ [ [ 21.142019, 52.174931 ], [ 21.144237, 52.17714 ], [ 21.148457, 52.177063 ], [ 21.150458, 52.174778 ], [ 21.14824, 52.172569 ], [ 21.144021, 52.172646 ], [ 21.142019, 52.174931 ] ] ] } },
{ "type": "Feature", "properties": { "fid": 2068, "hex_id": 2067 }, "geometry": { "type": "Polygon", "coordinates": [ [ [ 21.141803, 52.170438 ], [ 21.144021, 52.172646 ], [ 21.14824, 52.172569 ], [ 21.150242, 52.170284 ], [ 21.148024, 52.168076 ], [ 21.143805, 52.168153 ], [ 21.141803, 52.170438 ] ] ] } },
{ "type": "Feature", "properties": { "fid": 2069, "hex_id": 2068 }, "geometry": { "type": "Polygon", "coordinates": [ [ [ 21.141587, 52.165944 ], [ 21.143805, 52.168153 ], [ 21.148024, 52.168076 ], [ 21.150025, 52.165791 ], [ 21.147807, 52.163582 ], [ 21.143589, 52.163659 ], [ 21.141587, 52.165944 ] ] ] } },
{ "type": "Feature", "properties": { "fid": 2070, "hex_id": 2069 }, "geometry": { "type": "Polygon", "coordinates": [ [ [ 21.141371, 52.161451 ], [ 21.143589, 52.163659 ], [ 21.147807, 52.163582 ], [ 21.149808, 52.161297 ], [ 21.147591, 52.159089 ], [ 21.143373, 52.159165 ], [ 21.141371, 52.161451 ] ] ] } },
{ "type": "Feature", "properties": { "fid": 2071, "hex_id": 2070 }, "geometry": { "type": "Polygon", "coordinates": [ [ [ 21.141156, 52.156957 ], [ 21.143373, 52.159165 ], [ 21.147591, 52.159089 ], [ 21.149592, 52.156804 ], [ 21.147375, 52.154595 ], [ 21.143157, 52.154672 ], [ 21.141156, 52.156957 ] ] ] } },
{ "type": "Feature", "properties": { "fid": 2072, "hex_id": 2071 }, "geometry": { "type": "Polygon", "coordinates": [ [ [ 21.14094, 52.152463 ], [ 21.143157, 52.154672 ], [ 21.147375, 52.154595 ], [ 21.149375, 52.15231 ], [ 21.147158, 52.150102 ], [ 21.142941, 52.150178 ], [ 21.14094, 52.152463 ] ] ] } },
{ "type": "Feature", "properties": { "fid": 2073, "hex_id": 2072 }, "geometry": { "type": "Polygon", "coordinates": [ [ [ 21.140724, 52.14797 ], [ 21.142941, 52.150178 ], [ 21.147158, 52.150102 ], [ 21.149159, 52.147816 ], [ 21.146942, 52.145608 ], [ 21.142725, 52.145685 ], [ 21.140724, 52.14797 ] ] ] } },
{ "type": "Feature", "properties": { "fid": 2074, "hex_id": 2073 }, "geometry": { "type": "Polygon", "coordinates": [ [ [ 21.140509, 52.143476 ], [ 21.142725, 52.145685 ], [ 21.146942, 52.145608 ], [ 21.148942, 52.143323 ], [ 21.146726, 52.141115 ], [ 21.142509, 52.141191 ], [ 21.140509, 52.143476 ] ] ] } },
{ "type": "Feature", "properties": { "fid": 2075, "hex_id": 2074 }, "geometry": { "type": "Polygon", "coordinates": [ [ [ 21.140293, 52.138983 ], [ 21.142509, 52.141191 ], [ 21.146726, 52.141115 ], [ 21.148726, 52.138829 ], [ 21.14651, 52.136621 ], [ 21.142294, 52.136698 ], [ 21.140293, 52.138983 ] ] ] } },
{ "type": "Feature", "properties": { "fid": 2076, "hex_id": 2075 }, "geometry": { "type": "Polygon", "coordinates": [ [ [ 21.140078, 52.134489 ], [ 21.142294, 52.136698 ], [ 21.14651, 52.136621 ], [ 21.14851, 52.134336 ], [ 21.146294, 52.132127 ], [ 21.142078, 52.132204 ], [ 21.140078, 52.134489 ] ] ] } },
{ "type": "Feature", "properties": { "fid": 2077, "hex_id": 2076 }, "geometry": { "type": "Polygon", "coordinates": [ [ [ 21.153672, 52.284906 ], [ 21.155896, 52.287115 ], [ 21.160126, 52.287037 ], [ 21.162132, 52.284752 ], [ 21.159908, 52.282544 ], [ 21.155678, 52.282621 ], [ 21.153672, 52.284906 ] ] ] } },
{ "type": "Feature", "properties": { "fid": 2078, "hex_id": 2077 }, "geometry": { "type": "Polygon", "coordinates": [ [ [ 21.153454, 52.280413 ], [ 21.155678, 52.282621 ], [ 21.159908, 52.282544 ], [ 21.161913, 52.280258 ], [ 21.159689, 52.27805 ], [ 21.15546, 52.278128 ], [ 21.153454, 52.280413 ] ] ] } },
{ "type": "Feature", "properties": { "fid": 2079, "hex_id": 2078 }, "geometry": { "type": "Polygon", "coordinates": [ [ [ 21.153236, 52.27592 ], [ 21.15546, 52.278128 ], [ 21.159689, 52.27805 ], [ 21.161694, 52.275765 ], [ 21.159471, 52.273557 ], [ 21.155241, 52.273634 ], [ 21.153236, 52.27592 ] ] ] } },
{ "type": "Feature", "properties": { "fid": 2080, "hex_id": 2079 }, "geometry": { "type": "Polygon", "coordinates": [ [ [ 21.153018, 52.271426 ], [ 21.155241, 52.273634 ], [ 21.159471, 52.273557 ], [ 21.161476, 52.271272 ], [ 21.159252, 52.269063 ], [ 21.155023, 52.269141 ], [ 21.153018, 52.271426 ] ] ] } },
{ "type": "Feature", "properties": { "fid": 2081, "hex_id": 2080 }, "geometry": { "type": "Polygon", "coordinates": [ [ [ 21.1528, 52.266933 ], [ 21.155023, 52.269141 ], [ 21.159252, 52.269063 ], [ 21.161257, 52.266778 ], [ 21.159034, 52.26457 ], [ 21.154805, 52.264647 ], [ 21.1528, 52.266933 ] ] ] } },
{ "type": "Feature", "properties": { "fid": 2082, "hex_id": 2081 }, "geometry": { "type": "Polygon", "coordinates": [ [ [ 21.152583, 52.262439 ], [ 21.154805, 52.264647 ], [ 21.159034, 52.26457 ], [ 21.161039, 52.262285 ], [ 21.158815, 52.260077 ], [ 21.154588, 52.260154 ], [ 21.152583, 52.262439 ] ] ] } },
{ "type": "Feature", "properties": { "fid": 2083, "hex_id": 2082 }, "geometry": { "type": "Polygon", "coordinates": [ [ [ 21.152365, 52.257946 ], [ 21.154588, 52.260154 ], [ 21.158815, 52.260077 ], [ 21.16082, 52.257791 ], [ 21.158597, 52.255583 ], [ 21.15437, 52.25566 ], [ 21.152365, 52.257946 ] ] ] } },
{ "type": "Feature", "properties": { "fid": 2084, "hex_id": 2083 }, "geometry": { "type": "Polygon", "coordinates": [ [ [ 21.152147, 52.253452 ], [ 21.15437, 52.25566 ], [ 21.158597, 52.255583 ], [ 21.160602, 52.253298 ], [ 21.158379, 52.25109 ], [ 21.154152, 52.251167 ], [ 21.152147, 52.253452 ] ] ] } },
{ "type": "Feature", "properties": { "fid": 2085, "hex_id": 2084 }, "geometry": { "type": "Polygon", "coordinates": [ [ [ 21.15193, 52.248959 ], [ 21.154152, 52.251167 ], [ 21.158379, 52.25109 ], [ 21.160383, 52.248804 ], [ 21.158161, 52.246596 ], [ 21.153934, 52.246674 ], [ 21.15193, 52.248959 ] ] ] } },
{ "type": "Feature", "properties": { "fid": 2086, "hex_id": 2085 }, "geometry": { "type": "Polygon", "coordinates": [ [ [ 21.151712, 52.244465 ], [ 21.153934, 52.246674 ], [ 21.158161, 52.246596 ], [ 21.160165, 52.244311 ], [ 21.157943, 52.242103 ], [ 21.153717, 52.24218 ], [ 21.151712, 52.244465 ] ] ] } },
{ "type": "Feature", "properties": { "fid": 2087, "hex_id": 2086 }, "geometry": { "type": "Polygon", "coordinates": [ [ [ 21.151495, 52.239972 ], [ 21.153717, 52.24218 ], [ 21.157943, 52.242103 ], [ 21.159947, 52.239817 ], [ 21.157725, 52.237609 ], [ 21.153499, 52.237687 ], [ 21.151495, 52.239972 ] ] ] } },
{ "type": "Feature", "properties": { "fid": 2088, "hex_id": 2087 }, "geometry": { "type": "Polygon", "coordinates": [ [ [ 21.151277, 52.235478 ], [ 21.153499, 52.237687 ], [ 21.157725, 52.237609 ], [ 21.159728, 52.235324 ], [ 21.157507, 52.233116 ], [ 21.153281, 52.233193 ], [ 21.151277, 52.235478 ] ] ] } },
{ "type": "Feature", "properties": { "fid": 2089, "hex_id": 2088 }, "geometry": { "type": "Polygon", "coordinates": [ [ [ 21.15106, 52.230985 ], [ 21.153281, 52.233193 ], [ 21.157507, 52.233116 ], [ 21.15951, 52.230831 ], [ 21.157289, 52.228622 ], [ 21.153064, 52.2287 ], [ 21.15106, 52.230985 ] ] ] } },
{ "type": "Feature", "properties": { "fid": 2090, "hex_id": 2089 }, "geometry": { "type": "Polygon", "coordinates": [ [ [ 21.150843, 52.226491 ], [ 21.153064, 52.2287 ], [ 21.157289, 52.228622 ], [ 21.159292, 52.226337 ], [ 21.157071, 52.224129 ], [ 21.152846, 52.224206 ], [ 21.150843, 52.226491 ] ] ] } },
{ "type": "Feature", "properties": { "fid": 2091, "hex_id": 2090 }, "geometry": { "type": "Polygon", "coordinates": [ [ [ 21.150626, 52.221998 ], [ 21.152846, 52.224206 ], [ 21.157071, 52.224129 ], [ 21.159074, 52.221844 ], [ 21.156853, 52.219636 ], [ 21.152629, 52.219713 ], [ 21.150626, 52.221998 ] ] ] } },
{ "type": "Feature", "properties": { "fid": 2092, "hex_id": 2091 }, "geometry": { "type": "Polygon", "coordinates": [ [ [ 21.150409, 52.217504 ], [ 21.152629, 52.219713 ], [ 21.156853, 52.219636 ], [ 21.158856, 52.21735 ], [ 21.156635, 52.215142 ], [ 21.152412, 52.215219 ], [ 21.150409, 52.217504 ] ] ] } },
{ "type": "Feature", "properties": { "fid": 2093, "hex_id": 2092 }, "geometry": { "type": "Polygon", "coordinates": [ [ [ 21.150191, 52.213011 ], [ 21.152412, 52.215219 ], [ 21.156635, 52.215142 ], [ 21.158638, 52.212857 ], [ 21.156418, 52.210649 ], [ 21.152195, 52.210726 ], [ 21.150191, 52.213011 ] ] ] } },
{ "type": "Feature", "properties": { "fid": 2094, "hex_id": 2093 }, "geometry": { "type": "Polygon", "coordinates": [ [ [ 21.149974, 52.208517 ], [ 21.152195, 52.210726 ], [ 21.156418, 52.210649 ], [ 21.15842, 52.208363 ], [ 21.1562, 52.206155 ], [ 21.151977, 52.206232 ], [ 21.149974, 52.208517 ] ] ] } },
{ "type": "Feature", "properties": { "fid": 2095, "hex_id": 2094 }, "geometry": { "type": "Polygon", "coordinates": [ [ [ 21.149757, 52.204024 ], [ 21.151977, 52.206232 ], [ 21.1562, 52.206155 ], [ 21.158202, 52.20387 ], [ 21.155982, 52.201662 ], [ 21.15176, 52.201739 ], [ 21.149757, 52.204024 ] ] ] } },
{ "type": "Feature", "properties": { "fid": 2096, "hex_id": 2095 }, "geometry": { "type": "Polygon", "coordinates": [ [ [ 21.149541, 52.19953 ], [ 21.15176, 52.201739 ], [ 21.155982, 52.201662 ], [ 21.157985, 52.199376 ], [ 21.155765, 52.197168 ], [ 21.151543, 52.197245 ], [ 21.149541, 52.19953 ] ] ] } },
{ "type": "Feature", "properties": { "fid": 2097, "hex_id": 2096 }, "geometry": { "type": "Polygon", "coordinates": [ [ [ 21.149324, 52.195037 ], [ 21.151543, 52.197245 ], [ 21.155765, 52.197168 ], [ 21.157767, 52.194883 ], [ 21.155547, 52.192675 ], [ 21.151326, 52.192752 ], [ 21.149324, 52.195037 ] ] ] } },
{ "type": "Feature", "properties": { "fid": 2098, "hex_id": 2097 }, "geometry": { "type": "Polygon", "coordinates": [ [ [ 21.149107, 52.190543 ], [ 21.151326, 52.192752 ], [ 21.155547, 52.192675 ], [ 21.157549, 52.190389 ], [ 21.15533, 52.188181 ], [ 21.151109, 52.188258 ], [ 21.149107, 52.190543 ] ] ] } },
{ "type": "Feature", "properties": { "fid": 2099, "hex_id": 2098 }, "geometry": { "type": "Polygon", "coordinates": [ [ [ 21.14889, 52.18605 ], [ 21.151109, 52.188258 ], [ 21.15533, 52.188181 ], [ 21.157332, 52.185896 ], [ 21.155113, 52.183688 ], [ 21.150892, 52.183765 ], [ 21.14889, 52.18605 ] ] ] } },
{ "type": "Feature", "properties": { "fid": 2100, "hex_id": 2099 }, "geometry": { "type": "Polygon", "coordinates": [ [ [ 21.148673, 52.181556 ], [ 21.150892, 52.183765 ], [ 21.155113, 52.183688 ], [ 21.157114, 52.181402 ], [ 21.154895, 52.179194 ], [ 21.150675, 52.179271 ], [ 21.148673, 52.181556 ] ] ] } },
{ "type": "Feature", "properties": { "fid": 2101, "hex_id": 2100 }, "geometry": { "type": "Polygon", "coordinates": [ [ [ 21.148457, 52.177063 ], [ 21.150675, 52.179271 ], [ 21.154895, 52.179194 ], [ 21.156897, 52.176909 ], [ 21.154678, 52.174701 ], [ 21.150458, 52.174778 ], [ 21.148457, 52.177063 ] ] ] } },
{ "type": "Feature", "properties": { "fid": 2102, "hex_id": 2101 }, "geometry": { "type": "Polygon", "coordinates": [ [ [ 21.14824, 52.172569 ], [ 21.150458, 52.174778 ], [ 21.154678, 52.174701 ], [ 21.156679, 52.172415 ], [ 21.154461, 52.170207 ], [ 21.150242, 52.170284 ], [ 21.14824, 52.172569 ] ] ] } },
{ "type": "Feature", "properties": { "fid": 2103, "hex_id": 2102 }, "geometry": { "type": "Polygon", "coordinates": [ [ [ 21.148024, 52.168076 ], [ 21.150242, 52.170284 ], [ 21.154461, 52.170207 ], [ 21.156462, 52.167922 ], [ 21.154244, 52.165714 ], [ 21.150025, 52.165791 ], [ 21.148024, 52.168076 ] ] ] } },
{ "type": "Feature", "properties": { "fid": 2104, "hex_id": 2103 }, "geometry": { "type": "Polygon", "coordinates": [ [ [ 21.147807, 52.163582 ], [ 21.150025, 52.165791 ], [ 21.154244, 52.165714 ], [ 21.156245, 52.163428 ], [ 21.154027, 52.16122 ], [ 21.149808, 52.161297 ], [ 21.147807, 52.163582 ] ] ] } },
{ "type": "Feature", "properties": { "fid": 2105, "hex_id": 2104 }, "geometry": { "type": "Polygon", "coordinates": [ [ [ 21.147591, 52.159089 ], [ 21.149808, 52.161297 ], [ 21.154027, 52.16122 ], [ 21.156027, 52.158935 ], [ 21.15381, 52.156727 ], [ 21.149592, 52.156804 ], [ 21.147591, 52.159089 ] ] ] } },
{ "type": "Feature", "properties": { "fid": 2106, "hex_id": 2105 }, "geometry": { "type": "Polygon", "coordinates": [ [ [ 21.147375, 52.154595 ], [ 21.149592, 52.156804 ], [ 21.15381, 52.156727 ], [ 21.15581, 52.154441 ], [ 21.153593, 52.152233 ], [ 21.149375, 52.15231 ], [ 21.147375, 52.154595 ] ] ] } },
{ "type": "Feature", "properties": { "fid": 2107, "hex_id": 2106 }, "geometry": { "type": "Polygon", "coordinates": [ [ [ 21.147158, 52.150102 ], [ 21.149375, 52.15231 ], [ 21.153593, 52.152233 ], [ 21.155593, 52.149948 ], [ 21.153376, 52.147739 ], [ 21.149159, 52.147816 ], [ 21.147158, 52.150102 ] ] ] } },
{ "type": "Feature", "properties": { "fid": 2108, "hex_id": 2107 }, "geometry": { "type": "Polygon", "coordinates": [ [ [ 21.146942, 52.145608 ], [ 21.149159, 52.147816 ], [ 21.153376, 52.147739 ], [ 21.155376, 52.145454 ], [ 21.153159, 52.143246 ], [ 21.148942, 52.143323 ], [ 21.146942, 52.145608 ] ] ] } },
{ "type": "Feature", "properties": { "fid": 2109, "hex_id": 2108 }, "geometry": { "type": "Polygon", "coordinates": [ [ [ 21.146726, 52.141115 ], [ 21.148942, 52.143323 ], [ 21.153159, 52.143246 ], [ 21.155159, 52.140961 ], [ 21.152942, 52.138752 ], [ 21.148726, 52.138829 ], [ 21.146726, 52.141115 ] ] ] } },
{ "type": "Feature", "properties": { "fid": 2110, "hex_id": 2109 }, "geometry": { "type": "Polygon", "coordinates": [ [ [ 21.160345, 52.291531 ], [ 21.16257, 52.293739 ], [ 21.166801, 52.293661 ], [ 21.168806, 52.291375 ], [ 21.166581, 52.289168 ], [ 21.162351, 52.289245 ], [ 21.160345, 52.291531 ] ] ] } },
{ "type": "Feature", "properties": { "fid": 2111, "hex_id": 2110 }, "geometry": { "type": "Polygon", "coordinates": [ [ [ 21.160126, 52.287037 ], [ 21.162351, 52.289245 ], [ 21.166581, 52.289168 ], [ 21.168587, 52.286882 ], [ 21.166362, 52.284674 ], [ 21.162132, 52.284752 ], [ 21.160126, 52.287037 ] ] ] } },
{ "type": "Feature", "properties": { "fid": 2112, "hex_id": 2111 }, "geometry": { "type": "Polygon", "coordinates": [ [ [ 21.159908, 52.282544 ], [ 21.162132, 52.284752 ], [ 21.166362, 52.284674 ], [ 21.168367, 52.282389 ], [ 21.166143, 52.280181 ], [ 21.161913, 52.280258 ], [ 21.159908, 52.282544 ] ] ] } },
{ "type": "Feature", "properties": { "fid": 2113, "hex_id": 2112 }, "geometry": { "type": "Polygon", "coordinates": [ [ [ 21.159689, 52.27805 ], [ 21.161913, 52.280258 ], [ 21.166143, 52.280181 ], [ 21.168148, 52.277895 ], [ 21.165924, 52.275687 ], [ 21.161694, 52.275765 ], [ 21.159689, 52.27805 ] ] ] } },
{ "type": "Feature", "properties": { "fid": 2114, "hex_id": 2113 }, "geometry": { "type": "Polygon", "coordinates": [ [ [ 21.159471, 52.273557 ], [ 21.161694, 52.275765 ], [ 21.165924, 52.275687 ], [ 21.167929, 52.273402 ], [ 21.165705, 52.271194 ], [ 21.161476, 52.271272 ], [ 21.159471, 52.273557 ] ] ] } },
{ "type": "Feature", "properties": { "fid": 2115, "hex_id": 2114 }, "geometry": { "type": "Polygon", "coordinates": [ [ [ 21.159252, 52.269063 ], [ 21.161476, 52.271272 ], [ 21.165705, 52.271194 ], [ 21.167709, 52.268908 ], [ 21.165486, 52.266701 ], [ 21.161257, 52.266778 ], [ 21.159252, 52.269063 ] ] ] } },
{ "type": "Feature", "properties": { "fid": 2116, "hex_id": 2115 }, "geometry": { "type": "Polygon", "coordinates": [ [ [ 21.159034, 52.26457 ], [ 21.161257, 52.266778 ], [ 21.165486, 52.266701 ], [ 21.16749, 52.264415 ], [ 21.165267, 52.262207 ], [ 21.161039, 52.262285 ], [ 21.159034, 52.26457 ] ] ] } },
{ "type": "Feature", "properties": { "fid": 2117, "hex_id": 2116 }, "geometry": { "type": "Polygon", "coordinates": [ [ [ 21.158815, 52.260077 ], [ 21.161039, 52.262285 ], [ 21.165267, 52.262207 ], [ 21.167271, 52.259922 ], [ 21.165048, 52.257714 ], [ 21.16082, 52.257791 ], [ 21.158815, 52.260077 ] ] ] } },
{ "type": "Feature", "properties": { "fid": 2118, "hex_id": 2117 }, "geometry": { "type": "Polygon", "coordinates": [ [ [ 21.158597, 52.255583 ], [ 21.16082, 52.257791 ], [ 21.165048, 52.257714 ], [ 21.167052, 52.255428 ], [ 21.164829, 52.25322 ], [ 21.160602, 52.253298 ], [ 21.158597, 52.255583 ] ] ] } },
{ "type": "Feature", "properties": { "fid": 2119, "hex_id": 2118 }, "geometry": { "type": "Polygon", "coordinates": [ [ [ 21.158379, 52.25109 ], [ 21.160602, 52.253298 ], [ 21.164829, 52.25322 ], [ 21.166833, 52.250935 ], [ 21.16461, 52.248727 ], [ 21.160383, 52.248804 ], [ 21.158379, 52.25109 ] ] ] } },
{ "type": "Feature", "properties": { "fid": 2120, "hex_id": 2119 }, "geometry": { "type": "Polygon", "coordinates": [ [ [ 21.158161, 52.246596 ], [ 21.160383, 52.248804 ], [ 21.16461, 52.248727 ], [ 21.166614, 52.246441 ], [ 21.164391, 52.244233 ], [ 21.160165, 52.244311 ], [ 21.158161, 52.246596 ] ] ] } },
{ "type": "Feature", "properties": { "fid": 2121, "hex_id": 2120 }, "geometry": { "type": "Polygon", "coordinates": [ [ [ 21.157943, 52.242103 ], [ 21.160165, 52.244311 ], [ 21.164391, 52.244233 ], [ 21.166395, 52.241948 ], [ 21.164172, 52.23974 ], [ 21.159947, 52.239817 ], [ 21.157943, 52.242103 ] ] ] } },
{ "type": "Feature", "properties": { "fid": 2122, "hex_id": 2121 }, "geometry": { "type": "Polygon", "coordinates": [ [ [ 21.157725, 52.237609 ], [ 21.159947, 52.239817 ], [ 21.164172, 52.23974 ], [ 21.166176, 52.237455 ], [ 21.163954, 52.235247 ], [ 21.159728, 52.235324 ], [ 21.157725, 52.237609 ] ] ] } },
{ "type": "Feature", "properties": { "fid": 2123, "hex_id": 2122 }, "geometry": { "type": "Polygon", "coordinates": [ [ [ 21.157507, 52.233116 ], [ 21.159728, 52.235324 ], [ 21.163954, 52.235247 ], [ 21.165957, 52.232961 ], [ 21.163735, 52.230753 ], [ 21.15951, 52.230831 ], [ 21.157507, 52.233116 ] ] ] } },
{ "type": "Feature", "properties": { "fid": 2124, "hex_id": 2123 }, "geometry": { "type": "Polygon", "coordinates": [ [ [ 21.157289, 52.228622 ], [ 21.15951, 52.230831 ], [ 21.163735, 52.230753 ], [ 21.165738, 52.228468 ], [ 21.163517, 52.22626 ], [ 21.159292, 52.226337 ], [ 21.157289, 52.228622 ] ] ] } },
{ "type": "Feature", "properties": { "fid": 2125, "hex_id": 2124 }, "geometry": { "type": "Polygon", "coordinates": [ [ [ 21.157071, 52.224129 ], [ 21.159292, 52.226337 ], [ 21.163517, 52.22626 ], [ 21.16552, 52.223974 ], [ 21.163298, 52.221766 ], [ 21.159074, 52.221844 ], [ 21.157071, 52.224129 ] ] ] } },
{ "type": "Feature", "properties": { "fid": 2126, "hex_id": 2125 }, "geometry": { "type": "Polygon", "coordinates": [ [ [ 21.156853, 52.219636 ], [ 21.159074, 52.221844 ], [ 21.163298, 52.221766 ], [ 21.165301, 52.219481 ], [ 21.16308, 52.217273 ], [ 21.158856, 52.21735 ], [ 21.156853, 52.219636 ] ] ] } },
{ "type": "Feature", "properties": { "fid": 2127, "hex_id": 2126 }, "geometry": { "type": "Polygon", "coordinates": [ [ [ 21.156635, 52.215142 ], [ 21.158856, 52.21735 ], [ 21.16308, 52.217273 ], [ 21.165082, 52.214987 ], [ 21.162861, 52.212779 ], [ 21.158638, 52.212857 ], [ 21.156635, 52.215142 ] ] ] } },
{ "type": "Feature", "properties": { "fid": 2128, "hex_id": 2127 }, "geometry": { "type": "Polygon", "coordinates": [ [ [ 21.156418, 52.210649 ], [ 21.158638, 52.212857 ], [ 21.162861, 52.212779 ], [ 21.164864, 52.210494 ], [ 21.162643, 52.208286 ], [ 21.15842, 52.208363 ], [ 21.156418, 52.210649 ] ] ] } },
{ "type": "Feature", "properties": { "fid": 2129, "hex_id": 2128 }, "geometry": { "type": "Polygon", "coordinates": [ [ [ 21.1562, 52.206155 ], [ 21.15842, 52.208363 ], [ 21.162643, 52.208286 ], [ 21.164645, 52.206 ], [ 21.162425, 52.203792 ], [ 21.158202, 52.20387 ], [ 21.1562, 52.206155 ] ] ] } },
{ "type": "Feature", "properties": { "fid": 2130, "hex_id": 2129 }, "geometry": { "type": "Polygon", "coordinates": [ [ [ 21.155982, 52.201662 ], [ 21.158202, 52.20387 ], [ 21.162425, 52.203792 ], [ 21.164427, 52.201507 ], [ 21.162207, 52.199299 ], [ 21.157985, 52.199376 ], [ 21.155982, 52.201662 ] ] ] } },
{ "type": "Feature", "properties": { "fid": 2131, "hex_id": 2130 }, "geometry": { "type": "Polygon", "coordinates": [ [ [ 21.155765, 52.197168 ], [ 21.157985, 52.199376 ], [ 21.162207, 52.199299 ], [ 21.164209, 52.197014 ], [ 21.161989, 52.194805 ], [ 21.157767, 52.194883 ], [ 21.155765, 52.197168 ] ] ] } },
{ "type": "Feature", "properties": { "fid": 2132, "hex_id": 2131 }, "geometry": { "type": "Polygon", "coordinates": [ [ [ 21.155547, 52.192675 ], [ 21.157767, 52.194883 ], [ 21.161989, 52.194805 ], [ 21.16399, 52.19252 ], [ 21.161771, 52.190312 ], [ 21.157549, 52.190389 ], [ 21.155547, 52.192675 ] ] ] } },
{ "type": "Feature", "properties": { "fid": 2133, "hex_id": 2132 }, "geometry": { "type": "Polygon", "coordinates": [ [ [ 21.15533, 52.188181 ], [ 21.157549, 52.190389 ], [ 21.161771, 52.190312 ], [ 21.163772, 52.188027 ], [ 21.161553, 52.185819 ], [ 21.157332, 52.185896 ], [ 21.15533, 52.188181 ] ] ] } },
{ "type": "Feature", "properties": { "fid": 2134, "hex_id": 2133 }, "geometry": { "type": "Polygon", "coordinates": [ [ [ 21.155113, 52.183688 ], [ 21.157332, 52.185896 ], [ 21.161553, 52.185819 ], [ 21.163554, 52.183533 ], [ 21.161335, 52.181325 ], [ 21.157114, 52.181402 ], [ 21.155113, 52.183688 ] ] ] } },
{ "type": "Feature", "properties": { "fid": 2135, "hex_id": 2134 }, "geometry": { "type": "Polygon", "coordinates": [ [ [ 21.154895, 52.179194 ], [ 21.157114, 52.181402 ], [ 21.161335, 52.181325 ], [ 21.163336, 52.17904 ], [ 21.161117, 52.176832 ], [ 21.156897, 52.176909 ], [ 21.154895, 52.179194 ] ] ] } },
{ "type": "Feature", "properties": { "fid": 2136, "hex_id": 2135 }, "geometry": { "type": "Polygon", "coordinates": [ [ [ 21.154678, 52.174701 ], [ 21.156897, 52.176909 ], [ 21.161117, 52.176832 ], [ 21.163118, 52.174546 ], [ 21.160899, 52.172338 ], [ 21.156679, 52.172415 ], [ 21.154678, 52.174701 ] ] ] } },
{ "type": "Feature", "properties": { "fid": 2137, "hex_id": 2136 }, "geometry": { "type": "Polygon", "coordinates": [ [ [ 21.154461, 52.170207 ], [ 21.156679, 52.172415 ], [ 21.160899, 52.172338 ], [ 21.1629, 52.170053 ], [ 21.160681, 52.167845 ], [ 21.156462, 52.167922 ], [ 21.154461, 52.170207 ] ] ] } },
{ "type": "Feature", "properties": { "fid": 2138, "hex_id": 2137 }, "geometry": { "type": "Polygon", "coordinates": [ [ [ 21.154244, 52.165714 ], [ 21.156462, 52.167922 ], [ 21.160681, 52.167845 ], [ 21.162682, 52.165559 ], [ 21.160463, 52.163351 ], [ 21.156245, 52.163428 ], [ 21.154244, 52.165714 ] ] ] } },
{ "type": "Feature", "properties": { "fid": 2139, "hex_id": 2138 }, "geometry": { "type": "Polygon", "coordinates": [ [ [ 21.154027, 52.16122 ], [ 21.156245, 52.163428 ], [ 21.160463, 52.163351 ], [ 21.162464, 52.161066 ], [ 21.160246, 52.158858 ], [ 21.156027, 52.158935 ], [ 21.154027, 52.16122 ] ] ] } },
{ "type": "Feature", "properties": { "fid": 2140, "hex_id": 2139 }, "geometry": { "type": "Polygon", "coordinates": [ [ [ 21.15381, 52.156727 ], [ 21.156027, 52.158935 ], [ 21.160246, 52.158858 ], [ 21.162246, 52.156572 ], [ 21.160028, 52.154364 ], [ 21.15581, 52.154441 ], [ 21.15381, 52.156727 ] ] ] } },
{ "type": "Feature", "properties": { "fid": 2141, "hex_id": 2140 }, "geometry": { "type": "Polygon", "coordinates": [ [ [ 21.153593, 52.152233 ], [ 21.15581, 52.154441 ], [ 21.160028, 52.154364 ], [ 21.162028, 52.152079 ], [ 21.15981, 52.149871 ], [ 21.155593, 52.149948 ], [ 21.153593, 52.152233 ] ] ] } },
{ "type": "Feature", "properties": { "fid": 2142, "hex_id": 2141 }, "geometry": { "type": "Polygon", "coordinates": [ [ [ 21.153376, 52.147739 ], [ 21.155593, 52.149948 ], [ 21.15981, 52.149871 ], [ 21.16181, 52.147585 ], [ 21.159593, 52.145377 ], [ 21.155376, 52.145454 ], [ 21.153376, 52.147739 ] ] ] } },
{ "type": "Feature", "properties": { "fid": 2143, "hex_id": 2142 }, "geometry": { "type": "Polygon", "coordinates": [ [ [ 21.153159, 52.143246 ], [ 21.155376, 52.145454 ], [ 21.159593, 52.145377 ], [ 21.161593, 52.143092 ], [ 21.159376, 52.140883 ], [ 21.155159, 52.140961 ], [ 21.153159, 52.143246 ] ] ] } },
{ "type": "Feature", "properties": { "fid": 2144, "hex_id": 2143 }, "geometry": { "type": "Polygon", "coordinates": [ [ [ 21.166581, 52.289168 ], [ 21.168806, 52.291375 ], [ 21.173037, 52.291298 ], [ 21.175042, 52.289012 ], [ 21.172817, 52.286804 ], [ 21.168587, 52.286882 ], [ 21.166581, 52.289168 ] ] ] } },
{ "type": "Feature", "properties": { "fid": 2145, "hex_id": 2144 }, "geometry": { "type": "Polygon", "coordinates": [ [ [ 21.166362, 52.284674 ], [ 21.168587, 52.286882 ], [ 21.172817, 52.286804 ], [ 21.174822, 52.284519 ], [ 21.172597, 52.282311 ], [ 21.168367, 52.282389 ], [ 21.166362, 52.284674 ] ] ] } },
{ "type": "Feature", "properties": { "fid": 2146, "hex_id": 2145 }, "geometry": { "type": "Polygon", "coordinates": [ [ [ 21.166143, 52.280181 ], [ 21.168367, 52.282389 ], [ 21.172597, 52.282311 ], [ 21.174602, 52.280025 ], [ 21.172378, 52.277818 ], [ 21.168148, 52.277895 ], [ 21.166143, 52.280181 ] ] ] } },
{ "type": "Feature", "properties": { "fid": 2147, "hex_id": 2146 }, "geometry": { "type": "Polygon", "coordinates": [ [ [ 21.165924, 52.275687 ], [ 21.168148, 52.277895 ], [ 21.172378, 52.277818 ], [ 21.174382, 52.275532 ], [ 21.172158, 52.273324 ], [ 21.167929, 52.273402 ], [ 21.165924, 52.275687 ] ] ] } },
{ "type": "Feature", "properties": { "fid": 2148, "hex_id": 2147 }, "geometry": { "type": "Polygon", "coordinates": [ [ [ 21.165705, 52.271194 ], [ 21.167929, 52.273402 ], [ 21.172158, 52.273324 ], [ 21.174162, 52.271038 ], [ 21.171938, 52.268831 ], [ 21.167709, 52.268908 ], [ 21.165705, 52.271194 ] ] ] } },
{ "type": "Feature", "properties": { "fid": 2149, "hex_id": 2148 }, "geometry": { "type": "Polygon", "coordinates": [ [ [ 21.165486, 52.266701 ], [ 21.167709, 52.268908 ], [ 21.171938, 52.268831 ], [ 21.173942, 52.266545 ], [ 21.171718, 52.264337 ], [ 21.16749, 52.264415 ], [ 21.165486, 52.266701 ] ] ] } },
{ "type": "Feature", "properties": { "fid": 2150, "hex_id": 2149 }, "geometry": { "type": "Polygon", "coordinates": [ [ [ 21.165267, 52.262207 ], [ 21.16749, 52.264415 ], [ 21.171718, 52.264337 ], [ 21.173723, 52.262052 ], [ 21.171499, 52.259844 ], [ 21.167271, 52.259922 ], [ 21.165267, 52.262207 ] ] ] } },
{ "type": "Feature", "properties": { "fid": 2151, "hex_id": 2150 }, "geometry": { "type": "Polygon", "coordinates": [ [ [ 21.165048, 52.257714 ], [ 21.167271, 52.259922 ], [ 21.171499, 52.259844 ], [ 21.173503, 52.257558 ], [ 21.171279, 52.255351 ], [ 21.167052, 52.255428 ], [ 21.165048, 52.257714 ] ] ] } },
{ "type": "Feature", "properties": { "fid": 2152, "hex_id": 2151 }, "geometry": { "type": "Polygon", "coordinates": [ [ [ 21.164829, 52.25322 ], [ 21.167052, 52.255428 ], [ 21.171279, 52.255351 ], [ 21.173283, 52.253065 ], [ 21.17106, 52.250857 ], [ 21.166833, 52.250935 ], [ 21.164829, 52.25322 ] ] ] } },
{ "type": "Feature", "properties": { "fid": 2153, "hex_id": 2152 }, "geometry": { "type": "Polygon", "coordinates": [ [ [ 21.16461, 52.248727 ], [ 21.166833, 52.250935 ], [ 21.17106, 52.250857 ], [ 21.173063, 52.248572 ], [ 21.17084, 52.246364 ], [ 21.166614, 52.246441 ], [ 21.16461, 52.248727 ] ] ] } },
{ "type": "Feature", "properties": { "fid": 2154, "hex_id": 2153 }, "geometry": { "type": "Polygon", "coordinates": [ [ [ 21.164391, 52.244233 ], [ 21.166614, 52.246441 ], [ 21.17084, 52.246364 ], [ 21.172844, 52.244078 ], [ 21.170621, 52.24187 ], [ 21.166395, 52.241948 ], [ 21.164391, 52.244233 ] ] ] } },
{ "type": "Feature", "properties": { "fid": 2155, "hex_id": 2154 }, "geometry": { "type": "Polygon", "coordinates": [ [ [ 21.164172, 52.23974 ], [ 21.166395, 52.241948 ], [ 21.170621, 52.24187 ], [ 21.172624, 52.239585 ], [ 21.170402, 52.237377 ], [ 21.166176, 52.237455 ], [ 21.164172, 52.23974 ] ] ] } },
{ "type": "Feature", "properties": { "fid": 2156, "hex_id": 2155 }, "geometry": { "type": "Polygon", "coordinates": [ [ [ 21.163954, 52.235247 ], [ 21.166176, 52.237455 ], [ 21.170402, 52.237377 ], [ 21.172405, 52.235091 ], [ 21.170182, 52.232883 ], [ 21.165957, 52.232961 ], [ 21.163954, 52.235247 ] ] ] } },
{ "type": "Feature", "properties": { "fid": 2157, "hex_id": 2156 }, "geometry": { "type": "Polygon", "coordinates": [ [ [ 21.163735, 52.230753 ], [ 21.165957, 52.232961 ], [ 21.170182, 52.232883 ], [ 21.172185, 52.230598 ], [ 21.169963, 52.22839 ], [ 21.165738, 52.228468 ], [ 21.163735, 52.230753 ] ] ] } },
{ "type": "Feature", "properties": { "fid": 2158, "hex_id": 2157 }, "geometry": { "type": "Polygon", "coordinates": [ [ [ 21.163517, 52.22626 ], [ 21.165738, 52.228468 ], [ 21.169963, 52.22839 ], [ 21.171966, 52.226104 ], [ 21.169744, 52.223897 ], [ 21.16552, 52.223974 ], [ 21.163517, 52.22626 ] ] ] } },
{ "type": "Feature", "properties": { "fid": 2159, "hex_id": 2158 }, "geometry": { "type": "Polygon", "coordinates": [ [ [ 21.163298, 52.221766 ], [ 21.16552, 52.223974 ], [ 21.169744, 52.223897 ], [ 21.171747, 52.221611 ], [ 21.169525, 52.219403 ], [ 21.165301, 52.219481 ], [ 21.163298, 52.221766 ] ] ] } },
{ "type": "Feature", "properties": { "fid": 2160, "hex_id": 2159 }, "geometry": { "type": "Polygon", "coordinates": [ [ [ 21.16308, 52.217273 ], [ 21.165301, 52.219481 ], [ 21.169525, 52.219403 ], [ 21.171527, 52.217118 ], [ 21.169306, 52.21491 ], [ 21.165082, 52.214987 ], [ 21.16308, 52.217273 ] ] ] } },
{ "type": "Feature", "properties": { "fid": 2161, "hex_id": 2160 }, "geometry": { "type": "Polygon", "coordinates": [ [ [ 21.162861, 52.212779 ], [ 21.165082, 52.214987 ], [ 21.169306, 52.21491 ], [ 21.171308, 52.212624 ], [ 21.169087, 52.210416 ], [ 21.164864, 52.210494 ], [ 21.162861, 52.212779 ] ] ] } },
{ "type": "Feature", "properties": { "fid": 2162, "hex_id": 2161 }, "geometry": { "type": "Polygon", "coordinates": [ [ [ 21.162643, 52.208286 ], [ 21.164864, 52.210494 ], [ 21.169087, 52.210416 ], [ 21.171089, 52.208131 ], [ 21.168868, 52.205923 ], [ 21.164645, 52.206 ], [ 21.162643, 52.208286 ] ] ] } },
{ "type": "Feature", "properties": { "fid": 2163, "hex_id": 2162 }, "geometry": { "type": "Polygon", "coordinates": [ [ [ 21.162425, 52.203792 ], [ 21.164645, 52.206 ], [ 21.168868, 52.205923 ], [ 21.17087, 52.203637 ], [ 21.168649, 52.201429 ], [ 21.164427, 52.201507 ], [ 21.162425, 52.203792 ] ] ] } },
{ "type": "Feature", "properties": { "fid": 2164, "hex_id": 2163 }, "geometry": { "type": "Polygon", "coordinates": [ [ [ 21.162207, 52.199299 ], [ 21.164427, 52.201507 ], [ 21.168649, 52.201429 ], [ 21.170651, 52.199144 ], [ 21.16843, 52.196936 ], [ 21.164209, 52.197014 ], [ 21.162207, 52.199299 ] ] ] } },
{ "type": "Feature", "properties": { "fid": 2165, "hex_id": 2164 }, "geometry": { "type": "Polygon", "coordinates": [ [ [ 21.161989, 52.194805 ], [ 21.164209, 52.197014 ], [ 21.16843, 52.196936 ], [ 21.170432, 52.19465 ], [ 21.168212, 52.192443 ], [ 21.16399, 52.19252 ], [ 21.161989, 52.194805 ] ] ] } },
{ "type": "Feature", "properties": { "fid": 2166, "hex_id": 2165 }, "geometry": { "type": "Polygon", "coordinates": [ [ [ 21.161771, 52.190312 ], [ 21.16399, 52.19252 ], [ 21.168212, 52.192443 ], [ 21.170213, 52.190157 ], [ 21.167993, 52.187949 ], [ 21.163772, 52.188027 ], [ 21.161771, 52.190312 ] ] ] } },
{ "type": "Feature", "properties": { "fid": 2167, "hex_id": 2166 }, "geometry": { "type": "Polygon", "coordinates": [ [ [ 21.161553, 52.185819 ], [ 21.163772, 52.188027 ], [ 21.167993, 52.187949 ], [ 21.169994, 52.185664 ], [ 21.167774, 52.183456 ], [ 21.163554, 52.183533 ], [ 21.161553, 52.185819 ] ] ] } },
{ "type": "Feature", "properties": { "fid": 2168, "hex_id": 2167 }, "geometry": { "type": "Polygon", "coordinates": [ [ [ 21.161335, 52.181325 ], [ 21.163554, 52.183533 ], [ 21.167774, 52.183456 ], [ 21.169775, 52.18117 ], [ 21.167556, 52.178962 ], [ 21.163336, 52.17904 ], [ 21.161335, 52.181325 ] ] ] } },
{ "type": "Feature", "properties": { "fid": 2169, "hex_id": 2168 }, "geometry": { "type": "Polygon", "coordinates": [ [ [ 21.161117, 52.176832 ], [ 21.163336, 52.17904 ], [ 21.167556, 52.178962 ], [ 21.169556, 52.176677 ], [ 21.167337, 52.174469 ], [ 21.163118, 52.174546 ], [ 21.161117, 52.176832 ] ] ] } },
{ "type": "Feature", "properties": { "fid": 2170, "hex_id": 2169 }, "geometry": { "type": "Polygon", "coordinates": [ [ [ 21.160899, 52.172338 ], [ 21.163118, 52.174546 ], [ 21.167337, 52.174469 ], [ 21.169338, 52.172183 ], [ 21.167119, 52.169975 ], [ 21.1629, 52.170053 ], [ 21.160899, 52.172338 ] ] ] } },
{ "type": "Feature", "properties": { "fid": 2171, "hex_id": 2170 }, "geometry": { "type": "Polygon", "coordinates": [ [ [ 21.160681, 52.167845 ], [ 21.1629, 52.170053 ], [ 21.167119, 52.169975 ], [ 21.169119, 52.16769 ], [ 21.1669, 52.165482 ], [ 21.162682, 52.165559 ], [ 21.160681, 52.167845 ] ] ] } },
{ "type": "Feature", "properties": { "fid": 2172, "hex_id": 2171 }, "geometry": { "type": "Polygon", "coordinates": [ [ [ 21.160463, 52.163351 ], [ 21.162682, 52.165559 ], [ 21.1669, 52.165482 ], [ 21.168901, 52.163196 ], [ 21.166682, 52.160988 ], [ 21.162464, 52.161066 ], [ 21.160463, 52.163351 ] ] ] } },
{ "type": "Feature", "properties": { "fid": 2173, "hex_id": 2172 }, "geometry": { "type": "Polygon", "coordinates": [ [ [ 21.160246, 52.158858 ], [ 21.162464, 52.161066 ], [ 21.166682, 52.160988 ], [ 21.168682, 52.158703 ], [ 21.166464, 52.156495 ], [ 21.162246, 52.156572 ], [ 21.160246, 52.158858 ] ] ] } },
{ "type": "Feature", "properties": { "fid": 2174, "hex_id": 2173 }, "geometry": { "type": "Polygon", "coordinates": [ [ [ 21.160028, 52.154364 ], [ 21.162246, 52.156572 ], [ 21.166464, 52.156495 ], [ 21.168464, 52.154209 ], [ 21.166246, 52.152001 ], [ 21.162028, 52.152079 ], [ 21.160028, 52.154364 ] ] ] } },
{ "type": "Feature", "properties": { "fid": 2175, "hex_id": 2174 }, "geometry": { "type": "Polygon", "coordinates": [ [ [ 21.15981, 52.149871 ], [ 21.162028, 52.152079 ], [ 21.166246, 52.152001 ], [ 21.168245, 52.149716 ], [ 21.166027, 52.147508 ], [ 21.16181, 52.147585 ], [ 21.15981, 52.149871 ] ] ] } },
{ "type": "Feature", "properties": { "fid": 2176, "hex_id": 2175 }, "geometry": { "type": "Polygon", "coordinates": [ [ [ 21.159593, 52.145377 ], [ 21.16181, 52.147585 ], [ 21.166027, 52.147508 ], [ 21.168027, 52.145222 ], [ 21.165809, 52.143014 ], [ 21.161593, 52.143092 ], [ 21.159593, 52.145377 ] ] ] } },
{ "type": "Feature", "properties": { "fid": 2177, "hex_id": 2176 }, "geometry": { "type": "Polygon", "coordinates": [ [ [ 21.172158, 52.273324 ], [ 21.174382, 52.275532 ], [ 21.178611, 52.275454 ], [ 21.180616, 52.273168 ], [ 21.178391, 52.270961 ], [ 21.174162, 52.271038 ], [ 21.172158, 52.273324 ] ] ] } },
{ "type": "Feature", "properties": { "fid": 2178, "hex_id": 2177 }, "geometry": { "type": "Polygon", "coordinates": [ [ [ 21.171938, 52.268831 ], [ 21.174162, 52.271038 ], [ 21.178391, 52.270961 ], [ 21.180395, 52.268675 ], [ 21.178171, 52.266467 ], [ 21.173942, 52.266545 ], [ 21.171938, 52.268831 ] ] ] } },
{ "type": "Feature", "properties": { "fid": 2179, "hex_id": 2178 }, "geometry": { "type": "Polygon", "coordinates": [ [ [ 21.171718, 52.264337 ], [ 21.173942, 52.266545 ], [ 21.178171, 52.266467 ], [ 21.180175, 52.264181 ], [ 21.17795, 52.261974 ], [ 21.173723, 52.262052 ], [ 21.171718, 52.264337 ] ] ] } },
{ "type": "Feature", "properties": { "fid": 2180, "hex_id": 2179 }, "geometry": { "type": "Polygon", "coordinates": [ [ [ 21.171499, 52.259844 ], [ 21.173723, 52.262052 ], [ 21.17795, 52.261974 ], [ 21.179954, 52.259688 ], [ 21.17773, 52.25748 ], [ 21.173503, 52.257558 ], [ 21.171499, 52.259844 ] ] ] } },
{ "type": "Feature", "properties": { "fid": 2181, "hex_id": 2180 }, "geometry": { "type": "Polygon", "coordinates": [ [ [ 21.171279, 52.255351 ], [ 21.173503, 52.257558 ], [ 21.17773, 52.25748 ], [ 21.179734, 52.255195 ], [ 21.17751, 52.252987 ], [ 21.173283, 52.253065 ], [ 21.171279, 52.255351 ] ] ] } },
{ "type": "Feature", "properties": { "fid": 2182, "hex_id": 2181 }, "geometry": { "type": "Polygon", "coordinates": [ [ [ 21.17106, 52.250857 ], [ 21.173283, 52.253065 ], [ 21.17751, 52.252987 ], [ 21.179514, 52.250701 ], [ 21.17729, 52.248494 ], [ 21.173063, 52.248572 ], [ 21.17106, 52.250857 ] ] ] } },
{ "type": "Feature", "properties": { "fid": 2183, "hex_id": 2182 }, "geometry": { "type": "Polygon", "coordinates": [ [ [ 21.17084, 52.246364 ], [ 21.173063, 52.248572 ], [ 21.17729, 52.248494 ], [ 21.179293, 52.246208 ], [ 21.17707, 52.244 ], [ 21.172844, 52.244078 ], [ 21.17084, 52.246364 ] ] ] } },
{ "type": "Feature", "properties": { "fid": 2184, "hex_id": 2183 }, "geometry": { "type": "Polygon", "coordinates": [ [ [ 21.170621, 52.24187 ], [ 21.172844, 52.244078 ], [ 21.17707, 52.244 ], [ 21.179073, 52.241715 ], [ 21.17685, 52.239507 ], [ 21.172624, 52.239585 ], [ 21.170621, 52.24187 ] ] ] } },
{ "type": "Feature", "properties": { "fid": 2185, "hex_id": 2184 }, "geometry": { "type": "Polygon", "coordinates": [ [ [ 21.170402, 52.237377 ], [ 21.172624, 52.239585 ], [ 21.17685, 52.239507 ], [ 21.178853, 52.237221 ], [ 21.17663, 52.235013 ], [ 21.172405, 52.235091 ], [ 21.170402, 52.237377 ] ] ] } },
{ "type": "Feature", "properties": { "fid": 2186, "hex_id": 2185 }, "geometry": { "type": "Polygon", "coordinates": [ [ [ 21.170182, 52.232883 ], [ 21.172405, 52.235091 ], [ 21.17663, 52.235013 ], [ 21.178633, 52.232728 ], [ 21.17641, 52.23052 ], [ 21.172185, 52.230598 ], [ 21.170182, 52.232883 ] ] ] } },
{ "type": "Feature", "properties": { "fid": 2187, "hex_id": 2186 }, "geometry": { "type": "Polygon", "coordinates": [ [ [ 21.169963, 52.22839 ], [ 21.172185, 52.230598 ], [ 21.17641, 52.23052 ], [ 21.178413, 52.228234 ], [ 21.17619, 52.226027 ], [ 21.171966, 52.226104 ], [ 21.169963, 52.22839 ] ] ] } },
{ "type": "Feature", "properties": { "fid": 2188, "hex_id": 2187 }, "geometry": { "type": "Polygon", "coordinates": [ [ [ 21.169744, 52.223897 ], [ 21.171966, 52.226104 ], [ 21.17619, 52.226027 ], [ 21.178193, 52.223741 ], [ 21.175971, 52.221533 ], [ 21.171747, 52.221611 ], [ 21.169744, 52.223897 ] ] ] } },
{ "type": "Feature", "properties": { "fid": 2189, "hex_id": 2188 }, "geometry": { "type": "Polygon", "coordinates": [ [ [ 21.169525, 52.219403 ], [ 21.171747, 52.221611 ], [ 21.175971, 52.221533 ], [ 21.177973, 52.219248 ], [ 21.175751, 52.21704 ], [ 21.171527, 52.217118 ], [ 21.169525, 52.219403 ] ] ] } },
{ "type": "Feature", "properties": { "fid": 2190, "hex_id": 2189 }, "geometry": { "type": "Polygon", "coordinates": [ [ [ 21.169306, 52.21491 ], [ 21.171527, 52.217118 ], [ 21.175751, 52.21704 ], [ 21.177753, 52.214754 ], [ 21.175531, 52.212546 ], [ 21.171308, 52.212624 ], [ 21.169306, 52.21491 ] ] ] } },
{ "type": "Feature", "properties": { "fid": 2191, "hex_id": 2190 }, "geometry": { "type": "Polygon", "coordinates": [ [ [ 21.169087, 52.210416 ], [ 21.171308, 52.212624 ], [ 21.175531, 52.212546 ], [ 21.177533, 52.210261 ], [ 21.175312, 52.208053 ], [ 21.171089, 52.208131 ], [ 21.169087, 52.210416 ] ] ] } },
{ "type": "Feature", "properties": { "fid": 2192, "hex_id": 2191 }, "geometry": { "type": "Polygon", "coordinates": [ [ [ 21.168868, 52.205923 ], [ 21.171089, 52.208131 ], [ 21.175312, 52.208053 ], [ 21.177313, 52.205767 ], [ 21.175092, 52.20356 ], [ 21.17087, 52.203637 ], [ 21.168868, 52.205923 ] ] ] } },
{ "type": "Feature", "properties": { "fid": 2193, "hex_id": 2192 }, "geometry": { "type": "Polygon", "coordinates": [ [ [ 21.168649, 52.201429 ], [ 21.17087, 52.203637 ], [ 21.175092, 52.20356 ], [ 21.177094, 52.201274 ], [ 21.174873, 52.199066 ], [ 21.170651, 52.199144 ], [ 21.168649, 52.201429 ] ] ] } },
{ "type": "Feature", "properties": { "fid": 2194, "hex_id": 2193 }, "geometry": { "type": "Polygon", "coordinates": [ [ [ 21.16843, 52.196936 ], [ 21.170651, 52.199144 ], [ 21.174873, 52.199066 ], [ 21.176874, 52.19678 ], [ 21.174653, 52.194573 ], [ 21.170432, 52.19465 ], [ 21.16843, 52.196936 ] ] ] } },
{ "type": "Feature", "properties": { "fid": 2195, "hex_id": 2194 }, "geometry": { "type": "Polygon", "coordinates": [ [ [ 21.168212, 52.192443 ], [ 21.170432, 52.19465 ], [ 21.174653, 52.194573 ], [ 21.176654, 52.192287 ], [ 21.174434, 52.190079 ], [ 21.170213, 52.190157 ], [ 21.168212, 52.192443 ] ] ] } },
{ "type": "Feature", "properties": { "fid": 2196, "hex_id": 2195 }, "geometry": { "type": "Polygon", "coordinates": [ [ [ 21.167993, 52.187949 ], [ 21.170213, 52.190157 ], [ 21.174434, 52.190079 ], [ 21.176435, 52.187794 ], [ 21.174215, 52.185586 ], [ 21.169994, 52.185664 ], [ 21.167993, 52.187949 ] ] ] } },
{ "type": "Feature", "properties": { "fid": 2197, "hex_id": 2196 }, "geometry": { "type": "Polygon", "coordinates": [ [ [ 21.167774, 52.183456 ], [ 21.169994, 52.185664 ], [ 21.174215, 52.185586 ], [ 21.176215, 52.1833 ], [ 21.173995, 52.181092 ], [ 21.169775, 52.18117 ], [ 21.167774, 52.183456 ] ] ] } },
{ "type": "Feature", "properties": { "fid": 2198, "hex_id": 2197 }, "geometry": { "type": "Polygon", "coordinates": [ [ [ 21.167556, 52.178962 ], [ 21.169775, 52.18117 ], [ 21.173995, 52.181092 ], [ 21.175996, 52.178807 ], [ 21.173776, 52.176599 ], [ 21.169556, 52.176677 ], [ 21.167556, 52.178962 ] ] ] } },
{ "type": "Feature", "properties": { "fid": 2199, "hex_id": 2198 }, "geometry": { "type": "Polygon", "coordinates": [ [ [ 21.167337, 52.174469 ], [ 21.169556, 52.176677 ], [ 21.173776, 52.176599 ], [ 21.175777, 52.174313 ], [ 21.173557, 52.172105 ], [ 21.169338, 52.172183 ], [ 21.167337, 52.174469 ] ] ] } },
{ "type": "Feature", "properties": { "fid": 2200, "hex_id": 2199 }, "geometry": { "type": "Polygon", "coordinates": [ [ [ 21.167119, 52.169975 ], [ 21.169338, 52.172183 ], [ 21.173557, 52.172105 ], [ 21.175557, 52.16982 ], [ 21.173338, 52.167612 ], [ 21.169119, 52.16769 ], [ 21.167119, 52.169975 ] ] ] } },
{ "type": "Feature", "properties": { "fid": 2201, "hex_id": 2200 }, "geometry": { "type": "Polygon", "coordinates": [ [ [ 21.1669, 52.165482 ], [ 21.169119, 52.16769 ], [ 21.173338, 52.167612 ], [ 21.175338, 52.165326 ], [ 21.173119, 52.163119 ], [ 21.168901, 52.163196 ], [ 21.1669, 52.165482 ] ] ] } },
{ "type": "Feature", "properties": { "fid": 2202, "hex_id": 2201 }, "geometry": { "type": "Polygon", "coordinates": [ [ [ 21.166682, 52.160988 ], [ 21.168901, 52.163196 ], [ 21.173119, 52.163119 ], [ 21.175119, 52.160833 ], [ 21.1729, 52.158625 ], [ 21.168682, 52.158703 ], [ 21.166682, 52.160988 ] ] ] } },
{ "type": "Feature", "properties": { "fid": 2203, "hex_id": 2202 }, "geometry": { "type": "Polygon", "coordinates": [ [ [ 21.166464, 52.156495 ], [ 21.168682, 52.158703 ], [ 21.1729, 52.158625 ], [ 21.1749, 52.156339 ], [ 21.172681, 52.154132 ], [ 21.168464, 52.154209 ], [ 21.166464, 52.156495 ] ] ] } },
{ "type": "Feature", "properties": { "fid": 2204, "hex_id": 2203 }, "geometry": { "type": "Polygon", "coordinates": [ [ [ 21.166246, 52.152001 ], [ 21.168464, 52.154209 ], [ 21.172681, 52.154132 ], [ 21.174681, 52.151846 ], [ 21.172462, 52.149638 ], [ 21.168245, 52.149716 ], [ 21.166246, 52.152001 ] ] ] } },
{ "type": "Feature", "properties": { "fid": 2205, "hex_id": 2204 }, "geometry": { "type": "Polygon", "coordinates": [ [ [ 21.166027, 52.147508 ], [ 21.168245, 52.149716 ], [ 21.172462, 52.149638 ], [ 21.174462, 52.147352 ], [ 21.172244, 52.145145 ], [ 21.168027, 52.145222 ], [ 21.166027, 52.147508 ] ] ] } },
{ "type": "Feature", "properties": { "fid": 2206, "hex_id": 2205 }, "geometry": { "type": "Polygon", "coordinates": [ [ [ 21.165809, 52.143014 ], [ 21.168027, 52.145222 ], [ 21.172244, 52.145145 ], [ 21.174243, 52.142859 ], [ 21.172025, 52.140651 ], [ 21.167809, 52.140729 ], [ 21.165809, 52.143014 ] ] ] } },
{ "type": "Feature", "properties": { "fid": 2207, "hex_id": 2206 }, "geometry": { "type": "Polygon", "coordinates": [ [ [ 21.178391, 52.270961 ], [ 21.180616, 52.273168 ], [ 21.184845, 52.27309 ], [ 21.186849, 52.270804 ], [ 21.184624, 52.268597 ], [ 21.180395, 52.268675 ], [ 21.178391, 52.270961 ] ] ] } },
{ "type": "Feature", "properties": { "fid": 2208, "hex_id": 2207 }, "geometry": { "type": "Polygon", "coordinates": [ [ [ 21.178171, 52.266467 ], [ 21.180395, 52.268675 ], [ 21.184624, 52.268597 ], [ 21.186627, 52.266311 ], [ 21.184403, 52.264103 ], [ 21.180175, 52.264181 ], [ 21.178171, 52.266467 ] ] ] } },
{ "type": "Feature", "properties": { "fid": 2209, "hex_id": 2208 }, "geometry": { "type": "Polygon", "coordinates": [ [ [ 21.17795, 52.261974 ], [ 21.180175, 52.264181 ], [ 21.184403, 52.264103 ], [ 21.186406, 52.261817 ], [ 21.184182, 52.25961 ], [ 21.179954, 52.259688 ], [ 21.17795, 52.261974 ] ] ] } },
{ "type": "Feature", "properties": { "fid": 2210, "hex_id": 2209 }, "geometry": { "type": "Polygon", "coordinates": [ [ [ 21.17773, 52.25748 ], [ 21.179954, 52.259688 ], [ 21.184182, 52.25961 ], [ 21.186185, 52.257324 ], [ 21.183961, 52.255117 ], [ 21.179734, 52.255195 ], [ 21.17773, 52.25748 ] ] ] } },
{ "type": "Feature", "properties": { "fid": 2211, "hex_id": 2210 }, "geometry": { "type": "Polygon", "coordinates": [ [ [ 21.17751, 52.252987 ], [ 21.179734, 52.255195 ], [ 21.183961, 52.255117 ], [ 21.185964, 52.252831 ], [ 21.18374, 52.250623 ], [ 21.179514, 52.250701 ], [ 21.17751, 52.252987 ] ] ] } },
{ "type": "Feature", "properties": { "fid": 2212, "hex_id": 2211 }, "geometry": { "type": "Polygon", "coordinates": [ [ [ 21.17729, 52.248494 ], [ 21.179514, 52.250701 ], [ 21.18374, 52.250623 ], [ 21.185743, 52.248337 ], [ 21.18352, 52.24613 ], [ 21.179293, 52.246208 ], [ 21.17729, 52.248494 ] ] ] } },
{ "type": "Feature", "properties": { "fid": 2213, "hex_id": 2212 }, "geometry": { "type": "Polygon", "coordinates": [ [ [ 21.17707, 52.244 ], [ 21.179293, 52.246208 ], [ 21.18352, 52.24613 ], [ 21.185522, 52.243844 ], [ 21.183299, 52.241636 ], [ 21.179073, 52.241715 ], [ 21.17707, 52.244 ] ] ] } },
{ "type": "Feature", "properties": { "fid": 2214, "hex_id": 2213 }, "geometry": { "type": "Polygon", "coordinates": [ [ [ 21.17685, 52.239507 ], [ 21.179073, 52.241715 ], [ 21.183299, 52.241636 ], [ 21.185302, 52.239351 ], [ 21.183078, 52.237143 ], [ 21.178853, 52.237221 ], [ 21.17685, 52.239507 ] ] ] } },
{ "type": "Feature", "properties": { "fid": 2215, "hex_id": 2214 }, "geometry": { "type": "Polygon", "coordinates": [ [ [ 21.17663, 52.235013 ], [ 21.178853, 52.237221 ], [ 21.183078, 52.237143 ], [ 21.185081, 52.234857 ], [ 21.182858, 52.23265 ], [ 21.178633, 52.232728 ], [ 21.17663, 52.235013 ] ] ] } },
{ "type": "Feature", "properties": { "fid": 2216, "hex_id": 2215 }, "geometry": { "type": "Polygon", "coordinates": [ [ [ 21.17641, 52.23052 ], [ 21.178633, 52.232728 ], [ 21.182858, 52.23265 ], [ 21.18486, 52.230364 ], [ 21.182637, 52.228156 ], [ 21.178413, 52.228234 ], [ 21.17641, 52.23052 ] ] ] } },
{ "type": "Feature", "properties": { "fid": 2217, "hex_id": 2216 }, "geometry": { "type": "Polygon", "coordinates": [ [ [ 21.17619, 52.226027 ], [ 21.178413, 52.228234 ], [ 21.182637, 52.228156 ], [ 21.184639, 52.22587 ], [ 21.182417, 52.223663 ], [ 21.178193, 52.223741 ], [ 21.17619, 52.226027 ] ] ] } },
{ "type": "Feature", "properties": { "fid": 2218, "hex_id": 2217 }, "geometry": { "type": "Polygon", "coordinates": [ [ [ 21.175971, 52.221533 ], [ 21.178193, 52.223741 ], [ 21.182417, 52.223663 ], [ 21.184419, 52.221377 ], [ 21.182197, 52.219169 ], [ 21.177973, 52.219248 ], [ 21.175971, 52.221533 ] ] ] } },
{ "type": "Feature", "properties": { "fid": 2219, "hex_id": 2218 }, "geometry": { "type": "Polygon", "coordinates": [ [ [ 21.175751, 52.21704 ], [ 21.177973, 52.219248 ], [ 21.182197, 52.219169 ], [ 21.184198, 52.216884 ], [ 21.181976, 52.214676 ], [ 21.177753, 52.214754 ], [ 21.175751, 52.21704 ] ] ] } },
{ "type": "Feature", "properties": { "fid": 2220, "hex_id": 2219 }, "geometry": { "type": "Polygon", "coordinates": [ [ [ 21.175531, 52.212546 ], [ 21.177753, 52.214754 ], [ 21.181976, 52.214676 ], [ 21.183978, 52.21239 ], [ 21.181756, 52.210183 ], [ 21.177533, 52.210261 ], [ 21.175531, 52.212546 ] ] ] } },
{ "type": "Feature", "properties": { "fid": 2221, "hex_id": 2220 }, "geometry": { "type": "Polygon", "coordinates": [ [ [ 21.175312, 52.208053 ], [ 21.177533, 52.210261 ], [ 21.181756, 52.210183 ], [ 21.183757, 52.207897 ], [ 21.181536, 52.205689 ], [ 21.177313, 52.205767 ], [ 21.175312, 52.208053 ] ] ] } },
{ "type": "Feature", "properties": { "fid": 2222, "hex_id": 2221 }, "geometry": { "type": "Polygon", "coordinates": [ [ [ 21.175092, 52.20356 ], [ 21.177313, 52.205767 ], [ 21.181536, 52.205689 ], [ 21.183537, 52.203404 ], [ 21.181316, 52.201196 ], [ 21.177094, 52.201274 ], [ 21.175092, 52.20356 ] ] ] } },
{ "type": "Feature", "properties": { "fid": 2223, "hex_id": 2222 }, "geometry": { "type": "Polygon", "coordinates": [ [ [ 21.174873, 52.199066 ], [ 21.177094, 52.201274 ], [ 21.181316, 52.201196 ], [ 21.183317, 52.19891 ], [ 21.181096, 52.196702 ], [ 21.176874, 52.19678 ], [ 21.174873, 52.199066 ] ] ] } },
{ "type": "Feature", "properties": { "fid": 2224, "hex_id": 2223 }, "geometry": { "type": "Polygon", "coordinates": [ [ [ 21.174653, 52.194573 ], [ 21.176874, 52.19678 ], [ 21.181096, 52.196702 ], [ 21.183096, 52.194417 ], [ 21.180876, 52.192209 ], [ 21.176654, 52.192287 ], [ 21.174653, 52.194573 ] ] ] } },
{ "type": "Feature", "properties": { "fid": 2225, "hex_id": 2224 }, "geometry": { "type": "Polygon", "coordinates": [ [ [ 21.174434, 52.190079 ], [ 21.176654, 52.192287 ], [ 21.180876, 52.192209 ], [ 21.182876, 52.189923 ], [ 21.180656, 52.187716 ], [ 21.176435, 52.187794 ], [ 21.174434, 52.190079 ] ] ] } },
{ "type": "Feature", "properties": { "fid": 2226, "hex_id": 2225 }, "geometry": { "type": "Polygon", "coordinates": [ [ [ 21.174215, 52.185586 ], [ 21.176435, 52.187794 ], [ 21.180656, 52.187716 ], [ 21.182656, 52.18543 ], [ 21.180436, 52.183222 ], [ 21.176215, 52.1833 ], [ 21.174215, 52.185586 ] ] ] } },
{ "type": "Feature", "properties": { "fid": 2227, "hex_id": 2226 }, "geometry": { "type": "Polygon", "coordinates": [ [ [ 21.173995, 52.181092 ], [ 21.176215, 52.1833 ], [ 21.180436, 52.183222 ], [ 21.182436, 52.180936 ], [ 21.180216, 52.178729 ], [ 21.175996, 52.178807 ], [ 21.173995, 52.181092 ] ] ] } },
{ "type": "Feature", "properties": { "fid": 2228, "hex_id": 2227 }, "geometry": { "type": "Polygon", "coordinates": [ [ [ 21.173776, 52.176599 ], [ 21.175996, 52.178807 ], [ 21.180216, 52.178729 ], [ 21.182216, 52.176443 ], [ 21.179996, 52.174235 ], [ 21.175777, 52.174313 ], [ 21.173776, 52.176599 ] ] ] } },
{ "type": "Feature", "properties": { "fid": 2229, "hex_id": 2228 }, "geometry": { "type": "Polygon", "coordinates": [ [ [ 21.173557, 52.172105 ], [ 21.175777, 52.174313 ], [ 21.179996, 52.174235 ], [ 21.181996, 52.17195 ], [ 21.179776, 52.169742 ], [ 21.175557, 52.16982 ], [ 21.173557, 52.172105 ] ] ] } },
{ "type": "Feature", "properties": { "fid": 2230, "hex_id": 2229 }, "geometry": { "type": "Polygon", "coordinates": [ [ [ 21.173338, 52.167612 ], [ 21.175557, 52.16982 ], [ 21.179776, 52.169742 ], [ 21.181776, 52.167456 ], [ 21.179557, 52.165248 ], [ 21.175338, 52.165326 ], [ 21.173338, 52.167612 ] ] ] } },
{ "type": "Feature", "properties": { "fid": 2231, "hex_id": 2230 }, "geometry": { "type": "Polygon", "coordinates": [ [ [ 21.173119, 52.163119 ], [ 21.175338, 52.165326 ], [ 21.179557, 52.165248 ], [ 21.181556, 52.162963 ], [ 21.179337, 52.160755 ], [ 21.175119, 52.160833 ], [ 21.173119, 52.163119 ] ] ] } },
{ "type": "Feature", "properties": { "fid": 2232, "hex_id": 2231 }, "geometry": { "type": "Polygon", "coordinates": [ [ [ 21.1729, 52.158625 ], [ 21.175119, 52.160833 ], [ 21.179337, 52.160755 ], [ 21.181336, 52.158469 ], [ 21.179118, 52.156262 ], [ 21.1749, 52.156339 ], [ 21.1729, 52.158625 ] ] ] } },
{ "type": "Feature", "properties": { "fid": 2233, "hex_id": 2232 }, "geometry": { "type": "Polygon", "coordinates": [ [ [ 21.172681, 52.154132 ], [ 21.1749, 52.156339 ], [ 21.179118, 52.156262 ], [ 21.181117, 52.153976 ], [ 21.178898, 52.151768 ], [ 21.174681, 52.151846 ], [ 21.172681, 52.154132 ] ] ] } },
{ "type": "Feature", "properties": { "fid": 2234, "hex_id": 2233 }, "geometry": { "type": "Polygon", "coordinates": [ [ [ 21.172462, 52.149638 ], [ 21.174681, 52.151846 ], [ 21.178898, 52.151768 ], [ 21.180897, 52.149482 ], [ 21.178679, 52.147275 ], [ 21.174462, 52.147352 ], [ 21.172462, 52.149638 ] ] ] } },
{ "type": "Feature", "properties": { "fid": 2235, "hex_id": 2234 }, "geometry": { "type": "Polygon", "coordinates": [ [ [ 21.172244, 52.145145 ], [ 21.174462, 52.147352 ], [ 21.178679, 52.147275 ], [ 21.180677, 52.144989 ], [ 21.178459, 52.142781 ], [ 21.174243, 52.142859 ], [ 21.172244, 52.145145 ] ] ] } },
{ "type": "Feature", "properties": { "fid": 2236, "hex_id": 2235 }, "geometry": { "type": "Polygon", "coordinates": [ [ [ 21.184403, 52.264103 ], [ 21.186627, 52.266311 ], [ 21.190856, 52.266232 ], [ 21.192859, 52.263946 ], [ 21.190634, 52.261739 ], [ 21.186406, 52.261817 ], [ 21.184403, 52.264103 ] ] ] } },
{ "type": "Feature", "properties": { "fid": 2237, "hex_id": 2236 }, "geometry": { "type": "Polygon", "coordinates": [ [ [ 21.183961, 52.255117 ], [ 21.186185, 52.257324 ], [ 21.190413, 52.257246 ], [ 21.192416, 52.25496 ], [ 21.190191, 52.252752 ], [ 21.185964, 52.252831 ], [ 21.183961, 52.255117 ] ] ] } },
{ "type": "Feature", "properties": { "fid": 2238, "hex_id": 2237 }, "geometry": { "type": "Polygon", "coordinates": [ [ [ 21.18374, 52.250623 ], [ 21.185964, 52.252831 ], [ 21.190191, 52.252752 ], [ 21.192194, 52.250466 ], [ 21.18997, 52.248259 ], [ 21.185743, 52.248337 ], [ 21.18374, 52.250623 ] ] ] } },
{ "type": "Feature", "properties": { "fid": 2239, "hex_id": 2238 }, "geometry": { "type": "Polygon", "coordinates": [ [ [ 21.18352, 52.24613 ], [ 21.185743, 52.248337 ], [ 21.18997, 52.248259 ], [ 21.191972, 52.245973 ], [ 21.189749, 52.243766 ], [ 21.185522, 52.243844 ], [ 21.18352, 52.24613 ] ] ] } },
{ "type": "Feature", "properties": { "fid": 2240, "hex_id": 2239 }, "geometry": { "type": "Polygon", "coordinates": [ [ [ 21.183299, 52.241636 ], [ 21.185522, 52.243844 ], [ 21.189749, 52.243766 ], [ 21.191751, 52.24148 ], [ 21.189527, 52.239272 ], [ 21.185302, 52.239351 ], [ 21.183299, 52.241636 ] ] ] } },
{ "type": "Feature", "properties": { "fid": 2241, "hex_id": 2240 }, "geometry": { "type": "Polygon", "coordinates": [ [ [ 21.183078, 52.237143 ], [ 21.185302, 52.239351 ], [ 21.189527, 52.239272 ], [ 21.191529, 52.236986 ], [ 21.189306, 52.234779 ], [ 21.185081, 52.234857 ], [ 21.183078, 52.237143 ] ] ] } },
{ "type": "Feature", "properties": { "fid": 2242, "hex_id": 2241 }, "geometry": { "type": "Polygon", "coordinates": [ [ [ 21.182858, 52.23265 ], [ 21.185081, 52.234857 ], [ 21.189306, 52.234779 ], [ 21.191308, 52.232493 ], [ 21.189085, 52.230286 ], [ 21.18486, 52.230364 ], [ 21.182858, 52.23265 ] ] ] } },
{ "type": "Feature", "properties": { "fid": 2243, "hex_id": 2242 }, "geometry": { "type": "Polygon", "coordinates": [ [ [ 21.182637, 52.228156 ], [ 21.18486, 52.230364 ], [ 21.189085, 52.230286 ], [ 21.191087, 52.228 ], [ 21.188864, 52.225792 ], [ 21.184639, 52.22587 ], [ 21.182637, 52.228156 ] ] ] } },
{ "type": "Feature", "properties": { "fid": 2244, "hex_id": 2243 }, "geometry": { "type": "Polygon", "coordinates": [ [ [ 21.182417, 52.223663 ], [ 21.184639, 52.22587 ], [ 21.188864, 52.225792 ], [ 21.190866, 52.223506 ], [ 21.188643, 52.221299 ], [ 21.184419, 52.221377 ], [ 21.182417, 52.223663 ] ] ] } },
{ "type": "Feature", "properties": { "fid": 2245, "hex_id": 2244 }, "geometry": { "type": "Polygon", "coordinates": [ [ [ 21.182197, 52.219169 ], [ 21.184419, 52.221377 ], [ 21.188643, 52.221299 ], [ 21.190644, 52.219013 ], [ 21.188422, 52.216805 ], [ 21.184198, 52.216884 ], [ 21.182197, 52.219169 ] ] ] } },
{ "type": "Feature", "properties": { "fid": 2246, "hex_id": 2245 }, "geometry": { "type": "Polygon", "coordinates": [ [ [ 21.181976, 52.214676 ], [ 21.184198, 52.216884 ], [ 21.188422, 52.216805 ], [ 21.190423, 52.21452 ], [ 21.188201, 52.212312 ], [ 21.183978, 52.21239 ], [ 21.181976, 52.214676 ] ] ] } },
{ "type": "Feature", "properties": { "fid": 2247, "hex_id": 2246 }, "geometry": { "type": "Polygon", "coordinates": [ [ [ 21.181756, 52.210183 ], [ 21.183978, 52.21239 ], [ 21.188201, 52.212312 ], [ 21.190202, 52.210026 ], [ 21.18798, 52.207819 ], [ 21.183757, 52.207897 ], [ 21.181756, 52.210183 ] ] ] } },
{ "type": "Feature", "properties": { "fid": 2248, "hex_id": 2247 }, "geometry": { "type": "Polygon", "coordinates": [ [ [ 21.181536, 52.205689 ], [ 21.183757, 52.207897 ], [ 21.18798, 52.207819 ], [ 21.189981, 52.205533 ], [ 21.187759, 52.203325 ], [ 21.183537, 52.203404 ], [ 21.181536, 52.205689 ] ] ] } },
{ "type": "Feature", "properties": { "fid": 2249, "hex_id": 2248 }, "geometry": { "type": "Polygon", "coordinates": [ [ [ 21.181316, 52.201196 ], [ 21.183537, 52.203404 ], [ 21.187759, 52.203325 ], [ 21.18976, 52.201039 ], [ 21.187539, 52.198832 ], [ 21.183317, 52.19891 ], [ 21.181316, 52.201196 ] ] ] } },
{ "type": "Feature", "properties": { "fid": 2250, "hex_id": 2249 }, "geometry": { "type": "Polygon", "coordinates": [ [ [ 21.181096, 52.196702 ], [ 21.183317, 52.19891 ], [ 21.187539, 52.198832 ], [ 21.189539, 52.196546 ], [ 21.187318, 52.194338 ], [ 21.183096, 52.194417 ], [ 21.181096, 52.196702 ] ] ] } },
{ "type": "Feature", "properties": { "fid": 2251, "hex_id": 2250 }, "geometry": { "type": "Polygon", "coordinates": [ [ [ 21.180876, 52.192209 ], [ 21.183096, 52.194417 ], [ 21.187318, 52.194338 ], [ 21.189318, 52.192053 ], [ 21.187097, 52.189845 ], [ 21.182876, 52.189923 ], [ 21.180876, 52.192209 ] ] ] } },
{ "type": "Feature", "properties": { "fid": 2252, "hex_id": 2251 }, "geometry": { "type": "Polygon", "coordinates": [ [ [ 21.180656, 52.187716 ], [ 21.182876, 52.189923 ], [ 21.187097, 52.189845 ], [ 21.189097, 52.187559 ], [ 21.186877, 52.185352 ], [ 21.182656, 52.18543 ], [ 21.180656, 52.187716 ] ] ] } },
{ "type": "Feature", "properties": { "fid": 2253, "hex_id": 2252 }, "geometry": { "type": "Polygon", "coordinates": [ [ [ 21.180436, 52.183222 ], [ 21.182656, 52.18543 ], [ 21.186877, 52.185352 ], [ 21.188877, 52.183066 ], [ 21.186656, 52.180858 ], [ 21.182436, 52.180936 ], [ 21.180436, 52.183222 ] ] ] } },
{ "type": "Feature", "properties": { "fid": 2254, "hex_id": 2253 }, "geometry": { "type": "Polygon", "coordinates": [ [ [ 21.180216, 52.178729 ], [ 21.182436, 52.180936 ], [ 21.186656, 52.180858 ], [ 21.188656, 52.178572 ], [ 21.186436, 52.176365 ], [ 21.182216, 52.176443 ], [ 21.180216, 52.178729 ] ] ] } },
{ "type": "Feature", "properties": { "fid": 2255, "hex_id": 2254 }, "geometry": { "type": "Polygon", "coordinates": [ [ [ 21.179996, 52.174235 ], [ 21.182216, 52.176443 ], [ 21.186436, 52.176365 ], [ 21.188435, 52.174079 ], [ 21.186215, 52.171871 ], [ 21.181996, 52.17195 ], [ 21.179996, 52.174235 ] ] ] } },
{ "type": "Feature", "properties": { "fid": 2256, "hex_id": 2255 }, "geometry": { "type": "Polygon", "coordinates": [ [ [ 21.179776, 52.169742 ], [ 21.181996, 52.17195 ], [ 21.186215, 52.171871 ], [ 21.188215, 52.169586 ], [ 21.185995, 52.167378 ], [ 21.181776, 52.167456 ], [ 21.179776, 52.169742 ] ] ] } },
{ "type": "Feature", "properties": { "fid": 2257, "hex_id": 2256 }, "geometry": { "type": "Polygon", "coordinates": [ [ [ 21.179557, 52.165248 ], [ 21.181776, 52.167456 ], [ 21.185995, 52.167378 ], [ 21.187994, 52.165092 ], [ 21.185775, 52.162885 ], [ 21.181556, 52.162963 ], [ 21.179557, 52.165248 ] ] ] } },
{ "type": "Feature", "properties": { "fid": 2258, "hex_id": 2257 }, "geometry": { "type": "Polygon", "coordinates": [ [ [ 21.179337, 52.160755 ], [ 21.181556, 52.162963 ], [ 21.185775, 52.162885 ], [ 21.187774, 52.160599 ], [ 21.185555, 52.158391 ], [ 21.181336, 52.158469 ], [ 21.179337, 52.160755 ] ] ] } },
{ "type": "Feature", "properties": { "fid": 2259, "hex_id": 2258 }, "geometry": { "type": "Polygon", "coordinates": [ [ [ 21.179118, 52.156262 ], [ 21.181336, 52.158469 ], [ 21.185555, 52.158391 ], [ 21.187553, 52.156105 ], [ 21.185334, 52.153898 ], [ 21.181117, 52.153976 ], [ 21.179118, 52.156262 ] ] ] } },
{ "type": "Feature", "properties": { "fid": 2260, "hex_id": 2259 }, "geometry": { "type": "Polygon", "coordinates": [ [ [ 21.178898, 52.151768 ], [ 21.181117, 52.153976 ], [ 21.185334, 52.153898 ], [ 21.187333, 52.151612 ], [ 21.185114, 52.149404 ], [ 21.180897, 52.149482 ], [ 21.178898, 52.151768 ] ] ] } },
{ "type": "Feature", "properties": { "fid": 2261, "hex_id": 2260 }, "geometry": { "type": "Polygon", "coordinates": [ [ [ 21.178679, 52.147275 ], [ 21.180897, 52.149482 ], [ 21.185114, 52.149404 ], [ 21.187113, 52.147118 ], [ 21.184894, 52.144911 ], [ 21.180677, 52.144989 ], [ 21.178679, 52.147275 ] ] ] } },
{ "type": "Feature", "properties": { "fid": 2262, "hex_id": 2261 }, "geometry": { "type": "Polygon", "coordinates": [ [ [ 21.190413, 52.257246 ], [ 21.192637, 52.259453 ], [ 21.196865, 52.259374 ], [ 21.198868, 52.257088 ], [ 21.196643, 52.254881 ], [ 21.192416, 52.25496 ], [ 21.190413, 52.257246 ] ] ] } },
{ "type": "Feature", "properties": { "fid": 2263, "hex_id": 2262 }, "geometry": { "type": "Polygon", "coordinates": [ [ [ 21.190191, 52.252752 ], [ 21.192416, 52.25496 ], [ 21.196643, 52.254881 ], [ 21.198645, 52.252595 ], [ 21.196421, 52.250388 ], [ 21.192194, 52.250466 ], [ 21.190191, 52.252752 ] ] ] } },
{ "type": "Feature", "properties": { "fid": 2264, "hex_id": 2263 }, "geometry": { "type": "Polygon", "coordinates": [ [ [ 21.18997, 52.248259 ], [ 21.192194, 52.250466 ], [ 21.196421, 52.250388 ], [ 21.198423, 52.248102 ], [ 21.196199, 52.245894 ], [ 21.191972, 52.245973 ], [ 21.18997, 52.248259 ] ] ] } },
{ "type": "Feature", "properties": { "fid": 2265, "hex_id": 2264 }, "geometry": { "type": "Polygon", "coordinates": [ [ [ 21.189749, 52.243766 ], [ 21.191972, 52.245973 ], [ 21.196199, 52.245894 ], [ 21.198201, 52.243608 ], [ 21.195977, 52.241401 ], [ 21.191751, 52.24148 ], [ 21.189749, 52.243766 ] ] ] } },
{ "type": "Feature", "properties": { "fid": 2266, "hex_id": 2265 }, "geometry": { "type": "Polygon", "coordinates": [ [ [ 21.189527, 52.239272 ], [ 21.191751, 52.24148 ], [ 21.195977, 52.241401 ], [ 21.197979, 52.239115 ], [ 21.195755, 52.236908 ], [ 21.191529, 52.236986 ], [ 21.189527, 52.239272 ] ] ] } },
{ "type": "Feature", "properties": { "fid": 2267, "hex_id": 2266 }, "geometry": { "type": "Polygon", "coordinates": [ [ [ 21.189306, 52.234779 ], [ 21.191529, 52.236986 ], [ 21.195755, 52.236908 ], [ 21.197757, 52.234622 ], [ 21.195533, 52.232414 ], [ 21.191308, 52.232493 ], [ 21.189306, 52.234779 ] ] ] } },
{ "type": "Feature", "properties": { "fid": 2268, "hex_id": 2267 }, "geometry": { "type": "Polygon", "coordinates": [ [ [ 21.189085, 52.230286 ], [ 21.191308, 52.232493 ], [ 21.195533, 52.232414 ], [ 21.197535, 52.230128 ], [ 21.195311, 52.227921 ], [ 21.191087, 52.228 ], [ 21.189085, 52.230286 ] ] ] } },
{ "type": "Feature", "properties": { "fid": 2269, "hex_id": 2268 }, "geometry": { "type": "Polygon", "coordinates": [ [ [ 21.188864, 52.225792 ], [ 21.191087, 52.228 ], [ 21.195311, 52.227921 ], [ 21.197313, 52.225635 ], [ 21.19509, 52.223428 ], [ 21.190866, 52.223506 ], [ 21.188864, 52.225792 ] ] ] } },
{ "type": "Feature", "properties": { "fid": 2270, "hex_id": 2269 }, "geometry": { "type": "Polygon", "coordinates": [ [ [ 21.188643, 52.221299 ], [ 21.190866, 52.223506 ], [ 21.19509, 52.223428 ], [ 21.197091, 52.221142 ], [ 21.194868, 52.218934 ], [ 21.190644, 52.219013 ], [ 21.188643, 52.221299 ] ] ] } },
{ "type": "Feature", "properties": { "fid": 2271, "hex_id": 2270 }, "geometry": { "type": "Polygon", "coordinates": [ [ [ 21.188422, 52.216805 ], [ 21.190644, 52.219013 ], [ 21.194868, 52.218934 ], [ 21.196869, 52.216648 ], [ 21.194647, 52.214441 ], [ 21.190423, 52.21452 ], [ 21.188422, 52.216805 ] ] ] } },
{ "type": "Feature", "properties": { "fid": 2272, "hex_id": 2271 }, "geometry": { "type": "Polygon", "coordinates": [ [ [ 21.188201, 52.212312 ], [ 21.190423, 52.21452 ], [ 21.194647, 52.214441 ], [ 21.196647, 52.212155 ], [ 21.194425, 52.209948 ], [ 21.190202, 52.210026 ], [ 21.188201, 52.212312 ] ] ] } },
{ "type": "Feature", "properties": { "fid": 2273, "hex_id": 2272 }, "geometry": { "type": "Polygon", "coordinates": [ [ [ 21.18798, 52.207819 ], [ 21.190202, 52.210026 ], [ 21.194425, 52.209948 ], [ 21.196426, 52.207662 ], [ 21.194204, 52.205454 ], [ 21.189981, 52.205533 ], [ 21.18798, 52.207819 ] ] ] } },
{ "type": "Feature", "properties": { "fid": 2274, "hex_id": 2273 }, "geometry": { "type": "Polygon", "coordinates": [ [ [ 21.187759, 52.203325 ], [ 21.189981, 52.205533 ], [ 21.194204, 52.205454 ], [ 21.196204, 52.203168 ], [ 21.193982, 52.200961 ], [ 21.18976, 52.201039 ], [ 21.187759, 52.203325 ] ] ] } },
{ "type": "Feature", "properties": { "fid": 2275, "hex_id": 2274 }, "geometry": { "type": "Polygon", "coordinates": [ [ [ 21.187539, 52.198832 ], [ 21.18976, 52.201039 ], [ 21.193982, 52.200961 ], [ 21.195982, 52.198675 ], [ 21.193761, 52.196468 ], [ 21.189539, 52.196546 ], [ 21.187539, 52.198832 ] ] ] } },
{ "type": "Feature", "properties": { "fid": 2276, "hex_id": 2275 }, "geometry": { "type": "Polygon", "coordinates": [ [ [ 21.187318, 52.194338 ], [ 21.189539, 52.196546 ], [ 21.193761, 52.196468 ], [ 21.195761, 52.194182 ], [ 21.19354, 52.191974 ], [ 21.189318, 52.192053 ], [ 21.187318, 52.194338 ] ] ] } },
{ "type": "Feature", "properties": { "fid": 2277, "hex_id": 2276 }, "geometry": { "type": "Polygon", "coordinates": [ [ [ 21.187097, 52.189845 ], [ 21.189318, 52.192053 ], [ 21.19354, 52.191974 ], [ 21.195539, 52.189688 ], [ 21.193318, 52.187481 ], [ 21.189097, 52.187559 ], [ 21.187097, 52.189845 ] ] ] } },
{ "type": "Feature", "properties": { "fid": 2278, "hex_id": 2277 }, "geometry": { "type": "Polygon", "coordinates": [ [ [ 21.186877, 52.185352 ], [ 21.189097, 52.187559 ], [ 21.193318, 52.187481 ], [ 21.195318, 52.185195 ], [ 21.193097, 52.182987 ], [ 21.188877, 52.183066 ], [ 21.186877, 52.185352 ] ] ] } },
{ "type": "Feature", "properties": { "fid": 2279, "hex_id": 2278 }, "geometry": { "type": "Polygon", "coordinates": [ [ [ 21.186656, 52.180858 ], [ 21.188877, 52.183066 ], [ 21.193097, 52.182987 ], [ 21.195097, 52.180701 ], [ 21.192876, 52.178494 ], [ 21.188656, 52.178572 ], [ 21.186656, 52.180858 ] ] ] } },
{ "type": "Feature", "properties": { "fid": 2280, "hex_id": 2279 }, "geometry": { "type": "Polygon", "coordinates": [ [ [ 21.186436, 52.176365 ], [ 21.188656, 52.178572 ], [ 21.192876, 52.178494 ], [ 21.194875, 52.176208 ], [ 21.192655, 52.174001 ], [ 21.188435, 52.174079 ], [ 21.186436, 52.176365 ] ] ] } },
{ "type": "Feature", "properties": { "fid": 2281, "hex_id": 2280 }, "geometry": { "type": "Polygon", "coordinates": [ [ [ 21.186215, 52.171871 ], [ 21.188435, 52.174079 ], [ 21.192655, 52.174001 ], [ 21.194654, 52.171715 ], [ 21.192434, 52.169507 ], [ 21.188215, 52.169586 ], [ 21.186215, 52.171871 ] ] ] } },
{ "type": "Feature", "properties": { "fid": 2282, "hex_id": 2281 }, "geometry": { "type": "Polygon", "coordinates": [ [ [ 21.185995, 52.167378 ], [ 21.188215, 52.169586 ], [ 21.192434, 52.169507 ], [ 21.194433, 52.167221 ], [ 21.192213, 52.165014 ], [ 21.187994, 52.165092 ], [ 21.185995, 52.167378 ] ] ] } },
{ "type": "Feature", "properties": { "fid": 2283, "hex_id": 2282 }, "geometry": { "type": "Polygon", "coordinates": [ [ [ 21.185775, 52.162885 ], [ 21.187994, 52.165092 ], [ 21.192213, 52.165014 ], [ 21.194212, 52.162728 ], [ 21.191992, 52.16052 ], [ 21.187774, 52.160599 ], [ 21.185775, 52.162885 ] ] ] } },
{ "type": "Feature", "properties": { "fid": 2284, "hex_id": 2283 }, "geometry": { "type": "Polygon", "coordinates": [ [ [ 21.185555, 52.158391 ], [ 21.187774, 52.160599 ], [ 21.191992, 52.16052 ], [ 21.193991, 52.158234 ], [ 21.191771, 52.156027 ], [ 21.187553, 52.156105 ], [ 21.185555, 52.158391 ] ] ] } },
{ "type": "Feature", "properties": { "fid": 2285, "hex_id": 2284 }, "geometry": { "type": "Polygon", "coordinates": [ [ [ 21.185334, 52.153898 ], [ 21.187553, 52.156105 ], [ 21.191771, 52.156027 ], [ 21.19377, 52.153741 ], [ 21.191551, 52.151534 ], [ 21.187333, 52.151612 ], [ 21.185334, 52.153898 ] ] ] } },
{ "type": "Feature", "properties": { "fid": 2286, "hex_id": 2285 }, "geometry": { "type": "Polygon", "coordinates": [ [ [ 21.185114, 52.149404 ], [ 21.187333, 52.151612 ], [ 21.191551, 52.151534 ], [ 21.193549, 52.149248 ], [ 21.19133, 52.14704 ], [ 21.187113, 52.147118 ], [ 21.185114, 52.149404 ] ] ] } },
{ "type": "Feature", "properties": { "fid": 2287, "hex_id": 2286 }, "geometry": { "type": "Polygon", "coordinates": [ [ [ 21.196865, 52.259374 ], [ 21.19909, 52.261582 ], [ 21.203318, 52.261503 ], [ 21.20532, 52.259217 ], [ 21.203095, 52.25701 ], [ 21.198868, 52.257088 ], [ 21.196865, 52.259374 ] ] ] } },
{ "type": "Feature", "properties": { "fid": 2288, "hex_id": 2287 }, "geometry": { "type": "Polygon", "coordinates": [ [ [ 21.196643, 52.254881 ], [ 21.198868, 52.257088 ], [ 21.203095, 52.25701 ], [ 21.205097, 52.254723 ], [ 21.202872, 52.252516 ], [ 21.198645, 52.252595 ], [ 21.196643, 52.254881 ] ] ] } },
{ "type": "Feature", "properties": { "fid": 2289, "hex_id": 2288 }, "geometry": { "type": "Polygon", "coordinates": [ [ [ 21.196421, 52.250388 ], [ 21.198645, 52.252595 ], [ 21.202872, 52.252516 ], [ 21.204874, 52.25023 ], [ 21.20265, 52.248023 ], [ 21.198423, 52.248102 ], [ 21.196421, 52.250388 ] ] ] } },
{ "type": "Feature", "properties": { "fid": 2290, "hex_id": 2289 }, "geometry": { "type": "Polygon", "coordinates": [ [ [ 21.196199, 52.245894 ], [ 21.198423, 52.248102 ], [ 21.20265, 52.248023 ], [ 21.204651, 52.245737 ], [ 21.202427, 52.24353 ], [ 21.198201, 52.243608 ], [ 21.196199, 52.245894 ] ] ] } },
{ "type": "Feature", "properties": { "fid": 2291, "hex_id": 2290 }, "geometry": { "type": "Polygon", "coordinates": [ [ [ 21.195977, 52.241401 ], [ 21.198201, 52.243608 ], [ 21.202427, 52.24353 ], [ 21.204429, 52.241244 ], [ 21.202204, 52.239036 ], [ 21.197979, 52.239115 ], [ 21.195977, 52.241401 ] ] ] } },
{ "type": "Feature", "properties": { "fid": 2292, "hex_id": 2291 }, "geometry": { "type": "Polygon", "coordinates": [ [ [ 21.195755, 52.236908 ], [ 21.197979, 52.239115 ], [ 21.202204, 52.239036 ], [ 21.204206, 52.23675 ], [ 21.201982, 52.234543 ], [ 21.197757, 52.234622 ], [ 21.195755, 52.236908 ] ] ] } },
{ "type": "Feature", "properties": { "fid": 2293, "hex_id": 2292 }, "geometry": { "type": "Polygon", "coordinates": [ [ [ 21.195533, 52.232414 ], [ 21.197757, 52.234622 ], [ 21.201982, 52.234543 ], [ 21.203983, 52.232257 ], [ 21.20176, 52.23005 ], [ 21.197535, 52.230128 ], [ 21.195533, 52.232414 ] ] ] } },
{ "type": "Feature", "properties": { "fid": 2294, "hex_id": 2293 }, "geometry": { "type": "Polygon", "coordinates": [ [ [ 21.195311, 52.227921 ], [ 21.197535, 52.230128 ], [ 21.20176, 52.23005 ], [ 21.203761, 52.227764 ], [ 21.201537, 52.225556 ], [ 21.197313, 52.225635 ], [ 21.195311, 52.227921 ] ] ] } },
{ "type": "Feature", "properties": { "fid": 2295, "hex_id": 2294 }, "geometry": { "type": "Polygon", "coordinates": [ [ [ 21.19509, 52.223428 ], [ 21.197313, 52.225635 ], [ 21.201537, 52.225556 ], [ 21.203538, 52.22327 ], [ 21.201315, 52.221063 ], [ 21.197091, 52.221142 ], [ 21.19509, 52.223428 ] ] ] } },
{ "type": "Feature", "properties": { "fid": 2296, "hex_id": 2295 }, "geometry": { "type": "Polygon", "coordinates": [ [ [ 21.194868, 52.218934 ], [ 21.197091, 52.221142 ], [ 21.201315, 52.221063 ], [ 21.203316, 52.218777 ], [ 21.201093, 52.21657 ], [ 21.196869, 52.216648 ], [ 21.194868, 52.218934 ] ] ] } },
{ "type": "Feature", "properties": { "fid": 2297, "hex_id": 2296 }, "geometry": { "type": "Polygon", "coordinates": [ [ [ 21.194647, 52.214441 ], [ 21.196869, 52.216648 ], [ 21.201093, 52.21657 ], [ 21.203093, 52.214284 ], [ 21.20087, 52.212076 ], [ 21.196647, 52.212155 ], [ 21.194647, 52.214441 ] ] ] } },
{ "type": "Feature", "properties": { "fid": 2298, "hex_id": 2297 }, "geometry": { "type": "Polygon", "coordinates": [ [ [ 21.194425, 52.209948 ], [ 21.196647, 52.212155 ], [ 21.20087, 52.212076 ], [ 21.202871, 52.20979 ], [ 21.200648, 52.207583 ], [ 21.196426, 52.207662 ], [ 21.194425, 52.209948 ] ] ] } },
{ "type": "Feature", "properties": { "fid": 2299, "hex_id": 2298 }, "geometry": { "type": "Polygon", "coordinates": [ [ [ 21.194204, 52.205454 ], [ 21.196426, 52.207662 ], [ 21.200648, 52.207583 ], [ 21.202649, 52.205297 ], [ 21.200426, 52.20309 ], [ 21.196204, 52.203168 ], [ 21.194204, 52.205454 ] ] ] } },
{ "type": "Feature", "properties": { "fid": 2300, "hex_id": 2299 }, "geometry": { "type": "Polygon", "coordinates": [ [ [ 21.193982, 52.200961 ], [ 21.196204, 52.203168 ], [ 21.200426, 52.20309 ], [ 21.202426, 52.200804 ], [ 21.200204, 52.198596 ], [ 21.195982, 52.198675 ], [ 21.193982, 52.200961 ] ] ] } },
{ "type": "Feature", "properties": { "fid": 2301, "hex_id": 2300 }, "geometry": { "type": "Polygon", "coordinates": [ [ [ 21.193761, 52.196468 ], [ 21.195982, 52.198675 ], [ 21.200204, 52.198596 ], [ 21.202204, 52.19631 ], [ 21.199982, 52.194103 ], [ 21.195761, 52.194182 ], [ 21.193761, 52.196468 ] ] ] } },
{ "type": "Feature", "properties": { "fid": 2302, "hex_id": 2301 }, "geometry": { "type": "Polygon", "coordinates": [ [ [ 21.19354, 52.191974 ], [ 21.195761, 52.194182 ], [ 21.199982, 52.194103 ], [ 21.201982, 52.191817 ], [ 21.19976, 52.18961 ], [ 21.195539, 52.189688 ], [ 21.19354, 52.191974 ] ] ] } },
{ "type": "Feature", "properties": { "fid": 2303, "hex_id": 2302 }, "geometry": { "type": "Polygon", "coordinates": [ [ [ 21.193318, 52.187481 ], [ 21.195539, 52.189688 ], [ 21.19976, 52.18961 ], [ 21.20176, 52.187324 ], [ 21.199539, 52.185116 ], [ 21.195318, 52.185195 ], [ 21.193318, 52.187481 ] ] ] } },
{ "type": "Feature", "properties": { "fid": 2304, "hex_id": 2303 }, "geometry": { "type": "Polygon", "coordinates": [ [ [ 21.193097, 52.182987 ], [ 21.195318, 52.185195 ], [ 21.199539, 52.185116 ], [ 21.201538, 52.18283 ], [ 21.199317, 52.180623 ], [ 21.195097, 52.180701 ], [ 21.193097, 52.182987 ] ] ] } },
{ "type": "Feature", "properties": { "fid": 2305, "hex_id": 2304 }, "geometry": { "type": "Polygon", "coordinates": [ [ [ 21.192876, 52.178494 ], [ 21.195097, 52.180701 ], [ 21.199317, 52.180623 ], [ 21.201316, 52.178337 ], [ 21.199095, 52.176129 ], [ 21.194875, 52.176208 ], [ 21.192876, 52.178494 ] ] ] } },
{ "type": "Feature", "properties": { "fid": 2306, "hex_id": 2305 }, "geometry": { "type": "Polygon", "coordinates": [ [ [ 21.192655, 52.174001 ], [ 21.194875, 52.176208 ], [ 21.199095, 52.176129 ], [ 21.201094, 52.173843 ], [ 21.198873, 52.171636 ], [ 21.194654, 52.171715 ], [ 21.192655, 52.174001 ] ] ] } },
{ "type": "Feature", "properties": { "fid": 2307, "hex_id": 2306 }, "geometry": { "type": "Polygon", "coordinates": [ [ [ 21.192434, 52.169507 ], [ 21.194654, 52.171715 ], [ 21.198873, 52.171636 ], [ 21.200872, 52.16935 ], [ 21.198652, 52.167143 ], [ 21.194433, 52.167221 ], [ 21.192434, 52.169507 ] ] ] } },
{ "type": "Feature", "properties": { "fid": 2308, "hex_id": 2307 }, "geometry": { "type": "Polygon", "coordinates": [ [ [ 21.192213, 52.165014 ], [ 21.194433, 52.167221 ], [ 21.198652, 52.167143 ], [ 21.20065, 52.164857 ], [ 21.19843, 52.162649 ], [ 21.194212, 52.162728 ], [ 21.192213, 52.165014 ] ] ] } },
{ "type": "Feature", "properties": { "fid": 2309, "hex_id": 2308 }, "geometry": { "type": "Polygon", "coordinates": [ [ [ 21.191992, 52.16052 ], [ 21.194212, 52.162728 ], [ 21.19843, 52.162649 ], [ 21.200429, 52.160363 ], [ 21.198209, 52.158156 ], [ 21.193991, 52.158234 ], [ 21.191992, 52.16052 ] ] ] } },
{ "type": "Feature", "properties": { "fid": 2310, "hex_id": 2309 }, "geometry": { "type": "Polygon", "coordinates": [ [ [ 21.191771, 52.156027 ], [ 21.193991, 52.158234 ], [ 21.198209, 52.158156 ], [ 21.200207, 52.15587 ], [ 21.197987, 52.153663 ], [ 21.19377, 52.153741 ], [ 21.191771, 52.156027 ] ] ] } },
{ "type": "Feature", "properties": { "fid": 2311, "hex_id": 2310 }, "geometry": { "type": "Polygon", "coordinates": [ [ [ 21.191551, 52.151534 ], [ 21.19377, 52.153741 ], [ 21.197987, 52.153663 ], [ 21.199985, 52.151376 ], [ 21.197766, 52.149169 ], [ 21.193549, 52.149248 ], [ 21.191551, 52.151534 ] ] ] } },
{ "type": "Feature", "properties": { "fid": 2312, "hex_id": 2311 }, "geometry": { "type": "Polygon", "coordinates": [ [ [ 21.203095, 52.25701 ], [ 21.20532, 52.259217 ], [ 21.209548, 52.259138 ], [ 21.21155, 52.256851 ], [ 21.209324, 52.254644 ], [ 21.205097, 52.254723 ], [ 21.203095, 52.25701 ] ] ] } },
{ "type": "Feature", "properties": { "fid": 2313, "hex_id": 2312 }, "geometry": { "type": "Polygon", "coordinates": [ [ [ 21.202872, 52.252516 ], [ 21.205097, 52.254723 ], [ 21.209324, 52.254644 ], [ 21.211326, 52.252358 ], [ 21.209101, 52.250151 ], [ 21.204874, 52.25023 ], [ 21.202872, 52.252516 ] ] ] } },
{ "type": "Feature", "properties": { "fid": 2314, "hex_id": 2313 }, "geometry": { "type": "Polygon", "coordinates": [ [ [ 21.20265, 52.248023 ], [ 21.204874, 52.25023 ], [ 21.209101, 52.250151 ], [ 21.211103, 52.247865 ], [ 21.208878, 52.245658 ], [ 21.204651, 52.245737 ], [ 21.20265, 52.248023 ] ] ] } },
{ "type": "Feature", "properties": { "fid": 2315, "hex_id": 2314 }, "geometry": { "type": "Polygon", "coordinates": [ [ [ 21.202427, 52.24353 ], [ 21.204651, 52.245737 ], [ 21.208878, 52.245658 ], [ 21.210879, 52.243372 ], [ 21.208655, 52.241165 ], [ 21.204429, 52.241244 ], [ 21.202427, 52.24353 ] ] ] } },
{ "type": "Feature", "properties": { "fid": 2316, "hex_id": 2315 }, "geometry": { "type": "Polygon", "coordinates": [ [ [ 21.202204, 52.239036 ], [ 21.204429, 52.241244 ], [ 21.208655, 52.241165 ], [ 21.210656, 52.238878 ], [ 21.208431, 52.236671 ], [ 21.204206, 52.23675 ], [ 21.202204, 52.239036 ] ] ] } },
{ "type": "Feature", "properties": { "fid": 2317, "hex_id": 2316 }, "geometry": { "type": "Polygon", "coordinates": [ [ [ 21.201982, 52.234543 ], [ 21.204206, 52.23675 ], [ 21.208431, 52.236671 ], [ 21.210433, 52.234385 ], [ 21.208208, 52.232178 ], [ 21.203983, 52.232257 ], [ 21.201982, 52.234543 ] ] ] } },
{ "type": "Feature", "properties": { "fid": 2318, "hex_id": 2317 }, "geometry": { "type": "Polygon", "coordinates": [ [ [ 21.20176, 52.23005 ], [ 21.203983, 52.232257 ], [ 21.208208, 52.232178 ], [ 21.210209, 52.229892 ], [ 21.207985, 52.227685 ], [ 21.203761, 52.227764 ], [ 21.20176, 52.23005 ] ] ] } },
{ "type": "Feature", "properties": { "fid": 2319, "hex_id": 2318 }, "geometry": { "type": "Polygon", "coordinates": [ [ [ 21.201537, 52.225556 ], [ 21.203761, 52.227764 ], [ 21.207985, 52.227685 ], [ 21.209986, 52.225398 ], [ 21.207762, 52.223191 ], [ 21.203538, 52.22327 ], [ 21.201537, 52.225556 ] ] ] } },
{ "type": "Feature", "properties": { "fid": 2320, "hex_id": 2319 }, "geometry": { "type": "Polygon", "coordinates": [ [ [ 21.201315, 52.221063 ], [ 21.203538, 52.22327 ], [ 21.207762, 52.223191 ], [ 21.209763, 52.220905 ], [ 21.207539, 52.218698 ], [ 21.203316, 52.218777 ], [ 21.201315, 52.221063 ] ] ] } },
{ "type": "Feature", "properties": { "fid": 2321, "hex_id": 2320 }, "geometry": { "type": "Polygon", "coordinates": [ [ [ 21.201093, 52.21657 ], [ 21.203316, 52.218777 ], [ 21.207539, 52.218698 ], [ 21.20954, 52.216412 ], [ 21.207317, 52.214205 ], [ 21.203093, 52.214284 ], [ 21.201093, 52.21657 ] ] ] } },
{ "type": "Feature", "properties": { "fid": 2322, "hex_id": 2321 }, "geometry": { "type": "Polygon", "coordinates": [ [ [ 21.20087, 52.212076 ], [ 21.203093, 52.214284 ], [ 21.207317, 52.214205 ], [ 21.209317, 52.211918 ], [ 21.207094, 52.209711 ], [ 21.202871, 52.20979 ], [ 21.20087, 52.212076 ] ] ] } },
{ "type": "Feature", "properties": { "fid": 2323, "hex_id": 2322 }, "geometry": { "type": "Polygon", "coordinates": [ [ [ 21.200648, 52.207583 ], [ 21.202871, 52.20979 ], [ 21.207094, 52.209711 ], [ 21.209094, 52.207425 ], [ 21.206871, 52.205218 ], [ 21.202649, 52.205297 ], [ 21.200648, 52.207583 ] ] ] } },
{ "type": "Feature", "properties": { "fid": 2324, "hex_id": 2323 }, "geometry": { "type": "Polygon", "coordinates": [ [ [ 21.200426, 52.20309 ], [ 21.202649, 52.205297 ], [ 21.206871, 52.205218 ], [ 21.208871, 52.202932 ], [ 21.206648, 52.200725 ], [ 21.202426, 52.200804 ], [ 21.200426, 52.20309 ] ] ] } },
{ "type": "Feature", "properties": { "fid": 2325, "hex_id": 2324 }, "geometry": { "type": "Polygon", "coordinates": [ [ [ 21.200204, 52.198596 ], [ 21.202426, 52.200804 ], [ 21.206648, 52.200725 ], [ 21.208648, 52.198438 ], [ 21.206426, 52.196231 ], [ 21.202204, 52.19631 ], [ 21.200204, 52.198596 ] ] ] } },
{ "type": "Feature", "properties": { "fid": 2326, "hex_id": 2325 }, "geometry": { "type": "Polygon", "coordinates": [ [ [ 21.199982, 52.194103 ], [ 21.202204, 52.19631 ], [ 21.206426, 52.196231 ], [ 21.208425, 52.193945 ], [ 21.206203, 52.191738 ], [ 21.201982, 52.191817 ], [ 21.199982, 52.194103 ] ] ] } },
{ "type": "Feature", "properties": { "fid": 2327, "hex_id": 2326 }, "geometry": { "type": "Polygon", "coordinates": [ [ [ 21.19976, 52.18961 ], [ 21.201982, 52.191817 ], [ 21.206203, 52.191738 ], [ 21.208202, 52.189452 ], [ 21.205981, 52.187245 ], [ 21.20176, 52.187324 ], [ 21.19976, 52.18961 ] ] ] } },
{ "type": "Feature", "properties": { "fid": 2328, "hex_id": 2327 }, "geometry": { "type": "Polygon", "coordinates": [ [ [ 21.199539, 52.185116 ], [ 21.20176, 52.187324 ], [ 21.205981, 52.187245 ], [ 21.20798, 52.184958 ], [ 21.205758, 52.182751 ], [ 21.201538, 52.18283 ], [ 21.199539, 52.185116 ] ] ] } },
{ "type": "Feature", "properties": { "fid": 2329, "hex_id": 2328 }, "geometry": { "type": "Polygon", "coordinates": [ [ [ 21.199317, 52.180623 ], [ 21.201538, 52.18283 ], [ 21.205758, 52.182751 ], [ 21.207757, 52.180465 ], [ 21.205536, 52.178258 ], [ 21.201316, 52.178337 ], [ 21.199317, 52.180623 ] ] ] } },
{ "type": "Feature", "properties": { "fid": 2330, "hex_id": 2329 }, "geometry": { "type": "Polygon", "coordinates": [ [ [ 21.199095, 52.176129 ], [ 21.201316, 52.178337 ], [ 21.205536, 52.178258 ], [ 21.207535, 52.175972 ], [ 21.205314, 52.173765 ], [ 21.201094, 52.173843 ], [ 21.199095, 52.176129 ] ] ] } },
{ "type": "Feature", "properties": { "fid": 2331, "hex_id": 2330 }, "geometry": { "type": "Polygon", "coordinates": [ [ [ 21.198873, 52.171636 ], [ 21.201094, 52.173843 ], [ 21.205314, 52.173765 ], [ 21.207312, 52.171478 ], [ 21.205091, 52.169271 ], [ 21.200872, 52.16935 ], [ 21.198873, 52.171636 ] ] ] } },
{ "type": "Feature", "properties": { "fid": 2332, "hex_id": 2331 }, "geometry": { "type": "Polygon", "coordinates": [ [ [ 21.198652, 52.167143 ], [ 21.200872, 52.16935 ], [ 21.205091, 52.169271 ], [ 21.20709, 52.166985 ], [ 21.204869, 52.164778 ], [ 21.20065, 52.164857 ], [ 21.198652, 52.167143 ] ] ] } },
{ "type": "Feature", "properties": { "fid": 2333, "hex_id": 2332 }, "geometry": { "type": "Polygon", "coordinates": [ [ [ 21.19843, 52.162649 ], [ 21.20065, 52.164857 ], [ 21.204869, 52.164778 ], [ 21.206867, 52.162492 ], [ 21.204647, 52.160284 ], [ 21.200429, 52.160363 ], [ 21.19843, 52.162649 ] ] ] } },
{ "type": "Feature", "properties": { "fid": 2334, "hex_id": 2333 }, "geometry": { "type": "Polygon", "coordinates": [ [ [ 21.198209, 52.158156 ], [ 21.200429, 52.160363 ], [ 21.204647, 52.160284 ], [ 21.206645, 52.157998 ], [ 21.204425, 52.155791 ], [ 21.200207, 52.15587 ], [ 21.198209, 52.158156 ] ] ] } },
{ "type": "Feature", "properties": { "fid": 2335, "hex_id": 2334 }, "geometry": { "type": "Polygon", "coordinates": [ [ [ 21.197987, 52.153663 ], [ 21.200207, 52.15587 ], [ 21.204425, 52.155791 ], [ 21.206423, 52.153505 ], [ 21.204203, 52.151298 ], [ 21.199985, 52.151376 ], [ 21.197987, 52.153663 ] ] ] } },
{ "type": "Feature", "properties": { "fid": 2336, "hex_id": 2335 }, "geometry": { "type": "Polygon", "coordinates": [ [ [ 21.197766, 52.149169 ], [ 21.199985, 52.151376 ], [ 21.204203, 52.151298 ], [ 21.2062, 52.149012 ], [ 21.203981, 52.146804 ], [ 21.199764, 52.146883 ], [ 21.197766, 52.149169 ] ] ] } },
{ "type": "Feature", "properties": { "fid": 2337, "hex_id": 2336 }, "geometry": { "type": "Polygon", "coordinates": [ [ [ 21.209548, 52.259138 ], [ 21.211773, 52.261345 ], [ 21.216001, 52.261265 ], [ 21.218003, 52.258979 ], [ 21.215777, 52.256772 ], [ 21.21155, 52.256851 ], [ 21.209548, 52.259138 ] ] ] } },
{ "type": "Feature", "properties": { "fid": 2338, "hex_id": 2337 }, "geometry": { "type": "Polygon", "coordinates": [ [ [ 21.209324, 52.254644 ], [ 21.21155, 52.256851 ], [ 21.215777, 52.256772 ], [ 21.217779, 52.254486 ], [ 21.215553, 52.252279 ], [ 21.211326, 52.252358 ], [ 21.209324, 52.254644 ] ] ] } },
{ "type": "Feature", "properties": { "fid": 2339, "hex_id": 2338 }, "geometry": { "type": "Polygon", "coordinates": [ [ [ 21.209101, 52.250151 ], [ 21.211326, 52.252358 ], [ 21.215553, 52.252279 ], [ 21.217554, 52.249993 ], [ 21.215329, 52.247786 ], [ 21.211103, 52.247865 ], [ 21.209101, 52.250151 ] ] ] } },
{ "type": "Feature", "properties": { "fid": 2340, "hex_id": 2339 }, "geometry": { "type": "Polygon", "coordinates": [ [ [ 21.208878, 52.245658 ], [ 21.211103, 52.247865 ], [ 21.215329, 52.247786 ], [ 21.21733, 52.245499 ], [ 21.215105, 52.243292 ], [ 21.210879, 52.243372 ], [ 21.208878, 52.245658 ] ] ] } },
{ "type": "Feature", "properties": { "fid": 2341, "hex_id": 2340 }, "geometry": { "type": "Polygon", "coordinates": [ [ [ 21.208655, 52.241165 ], [ 21.210879, 52.243372 ], [ 21.215105, 52.243292 ], [ 21.217106, 52.241006 ], [ 21.214881, 52.238799 ], [ 21.210656, 52.238878 ], [ 21.208655, 52.241165 ] ] ] } },
{ "type": "Feature", "properties": { "fid": 2342, "hex_id": 2341 }, "geometry": { "type": "Polygon", "coordinates": [ [ [ 21.208431, 52.236671 ], [ 21.210656, 52.238878 ], [ 21.214881, 52.238799 ], [ 21.216882, 52.236513 ], [ 21.214658, 52.234306 ], [ 21.210433, 52.234385 ], [ 21.208431, 52.236671 ] ] ] } },
{ "type": "Feature", "properties": { "fid": 2343, "hex_id": 2342 }, "geometry": { "type": "Polygon", "coordinates": [ [ [ 21.208208, 52.232178 ], [ 21.210433, 52.234385 ], [ 21.214658, 52.234306 ], [ 21.216658, 52.232019 ], [ 21.214434, 52.229813 ], [ 21.210209, 52.229892 ], [ 21.208208, 52.232178 ] ] ] } },
{ "type": "Feature", "properties": { "fid": 2344, "hex_id": 2343 }, "geometry": { "type": "Polygon", "coordinates": [ [ [ 21.207985, 52.227685 ], [ 21.210209, 52.229892 ], [ 21.214434, 52.229813 ], [ 21.216434, 52.227526 ], [ 21.21421, 52.225319 ], [ 21.209986, 52.225398 ], [ 21.207985, 52.227685 ] ] ] } },
{ "type": "Feature", "properties": { "fid": 2345, "hex_id": 2344 }, "geometry": { "type": "Polygon", "coordinates": [ [ [ 21.207762, 52.223191 ], [ 21.209986, 52.225398 ], [ 21.21421, 52.225319 ], [ 21.216211, 52.223033 ], [ 21.213987, 52.220826 ], [ 21.209763, 52.220905 ], [ 21.207762, 52.223191 ] ] ] } },
{ "type": "Feature", "properties": { "fid": 2346, "hex_id": 2345 }, "geometry": { "type": "Polygon", "coordinates": [ [ [ 21.207539, 52.218698 ], [ 21.209763, 52.220905 ], [ 21.213987, 52.220826 ], [ 21.215987, 52.21854 ], [ 21.213763, 52.216333 ], [ 21.20954, 52.216412 ], [ 21.207539, 52.218698 ] ] ] } },
{ "type": "Feature", "properties": { "fid": 2347, "hex_id": 2346 }, "geometry": { "type": "Polygon", "coordinates": [ [ [ 21.207317, 52.214205 ], [ 21.20954, 52.216412 ], [ 21.213763, 52.216333 ], [ 21.215763, 52.214046 ], [ 21.21354, 52.211839 ], [ 21.209317, 52.211918 ], [ 21.207317, 52.214205 ] ] ] } },
{ "type": "Feature", "properties": { "fid": 2348, "hex_id": 2347 }, "geometry": { "type": "Polygon", "coordinates": [ [ [ 21.207094, 52.209711 ], [ 21.209317, 52.211918 ], [ 21.21354, 52.211839 ], [ 21.21554, 52.209553 ], [ 21.213316, 52.207346 ], [ 21.209094, 52.207425 ], [ 21.207094, 52.209711 ] ] ] } },
{ "type": "Feature", "properties": { "fid": 2349, "hex_id": 2348 }, "geometry": { "type": "Polygon", "coordinates": [ [ [ 21.206871, 52.205218 ], [ 21.209094, 52.207425 ], [ 21.213316, 52.207346 ], [ 21.215316, 52.20506 ], [ 21.213093, 52.202853 ], [ 21.208871, 52.202932 ], [ 21.206871, 52.205218 ] ] ] } },
{ "type": "Feature", "properties": { "fid": 2350, "hex_id": 2349 }, "geometry": { "type": "Polygon", "coordinates": [ [ [ 21.206648, 52.200725 ], [ 21.208871, 52.202932 ], [ 21.213093, 52.202853 ], [ 21.215092, 52.200566 ], [ 21.21287, 52.198359 ], [ 21.208648, 52.198438 ], [ 21.206648, 52.200725 ] ] ] } },
{ "type": "Feature", "properties": { "fid": 2351, "hex_id": 2350 }, "geometry": { "type": "Polygon", "coordinates": [ [ [ 21.206426, 52.196231 ], [ 21.208648, 52.198438 ], [ 21.21287, 52.198359 ], [ 21.214869, 52.196073 ], [ 21.212647, 52.193866 ], [ 21.208425, 52.193945 ], [ 21.206426, 52.196231 ] ] ] } },
{ "type": "Feature", "properties": { "fid": 2352, "hex_id": 2351 }, "geometry": { "type": "Polygon", "coordinates": [ [ [ 21.206203, 52.191738 ], [ 21.208425, 52.193945 ], [ 21.212647, 52.193866 ], [ 21.214646, 52.19158 ], [ 21.212423, 52.189373 ], [ 21.208202, 52.189452 ], [ 21.206203, 52.191738 ] ] ] } },
{ "type": "Feature", "properties": { "fid": 2353, "hex_id": 2352 }, "geometry": { "type": "Polygon", "coordinates": [ [ [ 21.205981, 52.187245 ], [ 21.208202, 52.189452 ], [ 21.212423, 52.189373 ], [ 21.214422, 52.187086 ], [ 21.2122, 52.184879 ], [ 21.20798, 52.184958 ], [ 21.205981, 52.187245 ] ] ] } },
{ "type": "Feature", "properties": { "fid": 2354, "hex_id": 2353 }, "geometry": { "type": "Polygon", "coordinates": [ [ [ 21.205758, 52.182751 ], [ 21.20798, 52.184958 ], [ 21.2122, 52.184879 ], [ 21.214199, 52.182593 ], [ 21.211977, 52.180386 ], [ 21.207757, 52.180465 ], [ 21.205758, 52.182751 ] ] ] } },
{ "type": "Feature", "properties": { "fid": 2355, "hex_id": 2354 }, "geometry": { "type": "Polygon", "coordinates": [ [ [ 21.205536, 52.178258 ], [ 21.207757, 52.180465 ], [ 21.211977, 52.180386 ], [ 21.213976, 52.1781 ], [ 21.211754, 52.175893 ], [ 21.207535, 52.175972 ], [ 21.205536, 52.178258 ] ] ] } },
{ "type": "Feature", "properties": { "fid": 2356, "hex_id": 2355 }, "geometry": { "type": "Polygon", "coordinates": [ [ [ 21.205314, 52.173765 ], [ 21.207535, 52.175972 ], [ 21.211754, 52.175893 ], [ 21.213752, 52.173606 ], [ 21.211531, 52.171399 ], [ 21.207312, 52.171478 ], [ 21.205314, 52.173765 ] ] ] } },
{ "type": "Feature", "properties": { "fid": 2357, "hex_id": 2356 }, "geometry": { "type": "Polygon", "coordinates": [ [ [ 21.205091, 52.169271 ], [ 21.207312, 52.171478 ], [ 21.211531, 52.171399 ], [ 21.213529, 52.169113 ], [ 21.211308, 52.166906 ], [ 21.20709, 52.166985 ], [ 21.205091, 52.169271 ] ] ] } },
{ "type": "Feature", "properties": { "fid": 2358, "hex_id": 2357 }, "geometry": { "type": "Polygon", "coordinates": [ [ [ 21.204869, 52.164778 ], [ 21.20709, 52.166985 ], [ 21.211308, 52.166906 ], [ 21.213306, 52.16462 ], [ 21.211086, 52.162413 ], [ 21.206867, 52.162492 ], [ 21.204869, 52.164778 ] ] ] } },
{ "type": "Feature", "properties": { "fid": 2359, "hex_id": 2358 }, "geometry": { "type": "Polygon", "coordinates": [ [ [ 21.204647, 52.160284 ], [ 21.206867, 52.162492 ], [ 21.211086, 52.162413 ], [ 21.213083, 52.160126 ], [ 21.210863, 52.157919 ], [ 21.206645, 52.157998 ], [ 21.204647, 52.160284 ] ] ] } },
{ "type": "Feature", "properties": { "fid": 2360, "hex_id": 2359 }, "geometry": { "type": "Polygon", "coordinates": [ [ [ 21.204425, 52.155791 ], [ 21.206645, 52.157998 ], [ 21.210863, 52.157919 ], [ 21.21286, 52.155633 ], [ 21.21064, 52.153426 ], [ 21.206423, 52.153505 ], [ 21.204425, 52.155791 ] ] ] } },
{ "type": "Feature", "properties": { "fid": 2361, "hex_id": 2360 }, "geometry": { "type": "Polygon", "coordinates": [ [ [ 21.204203, 52.151298 ], [ 21.206423, 52.153505 ], [ 21.21064, 52.153426 ], [ 21.212637, 52.15114 ], [ 21.210417, 52.148933 ], [ 21.2062, 52.149012 ], [ 21.204203, 52.151298 ] ] ] } },
{ "type": "Feature", "properties": { "fid": 2362, "hex_id": 2361 }, "geometry": { "type": "Polygon", "coordinates": [ [ [ 21.216001, 52.261265 ], [ 21.218227, 52.263472 ], [ 21.222455, 52.263393 ], [ 21.224457, 52.261106 ], [ 21.22223, 52.2589 ], [ 21.218003, 52.258979 ], [ 21.216001, 52.261265 ] ] ] } },
{ "type": "Feature", "properties": { "fid": 2363, "hex_id": 2362 }, "geometry": { "type": "Polygon", "coordinates": [ [ [ 21.215777, 52.256772 ], [ 21.218003, 52.258979 ], [ 21.22223, 52.2589 ], [ 21.224232, 52.256613 ], [ 21.222006, 52.254406 ], [ 21.217779, 52.254486 ], [ 21.215777, 52.256772 ] ] ] } },
{ "type": "Feature", "properties": { "fid": 2364, "hex_id": 2363 }, "geometry": { "type": "Polygon", "coordinates": [ [ [ 21.215553, 52.252279 ], [ 21.217779, 52.254486 ], [ 21.222006, 52.254406 ], [ 21.224007, 52.25212 ], [ 21.221781, 52.249913 ], [ 21.217554, 52.249993 ], [ 21.215553, 52.252279 ] ] ] } },
{ "type": "Feature", "properties": { "fid": 2365, "hex_id": 2364 }, "geometry": { "type": "Polygon", "coordinates": [ [ [ 21.215329, 52.247786 ], [ 21.217554, 52.249993 ], [ 21.221781, 52.249913 ], [ 21.223782, 52.247627 ], [ 21.221557, 52.24542 ], [ 21.21733, 52.245499 ], [ 21.215329, 52.247786 ] ] ] } },
{ "type": "Feature", "properties": { "fid": 2366, "hex_id": 2365 }, "geometry": { "type": "Polygon", "coordinates": [ [ [ 21.215105, 52.243292 ], [ 21.21733, 52.245499 ], [ 21.221557, 52.24542 ], [ 21.223557, 52.243133 ], [ 21.221332, 52.240927 ], [ 21.217106, 52.241006 ], [ 21.215105, 52.243292 ] ] ] } },
{ "type": "Feature", "properties": { "fid": 2367, "hex_id": 2366 }, "geometry": { "type": "Polygon", "coordinates": [ [ [ 21.214881, 52.238799 ], [ 21.217106, 52.241006 ], [ 21.221332, 52.240927 ], [ 21.223333, 52.23864 ], [ 21.221108, 52.236433 ], [ 21.216882, 52.236513 ], [ 21.214881, 52.238799 ] ] ] } },
{ "type": "Feature", "properties": { "fid": 2368, "hex_id": 2367 }, "geometry": { "type": "Polygon", "coordinates": [ [ [ 21.214658, 52.234306 ], [ 21.216882, 52.236513 ], [ 21.221108, 52.236433 ], [ 21.223108, 52.234147 ], [ 21.220883, 52.23194 ], [ 21.216658, 52.232019 ], [ 21.214658, 52.234306 ] ] ] } },
{ "type": "Feature", "properties": { "fid": 2369, "hex_id": 2368 }, "geometry": { "type": "Polygon", "coordinates": [ [ [ 21.214434, 52.229813 ], [ 21.216658, 52.232019 ], [ 21.220883, 52.23194 ], [ 21.222884, 52.229654 ], [ 21.220659, 52.227447 ], [ 21.216434, 52.227526 ], [ 21.214434, 52.229813 ] ] ] } },
{ "type": "Feature", "properties": { "fid": 2370, "hex_id": 2369 }, "geometry": { "type": "Polygon", "coordinates": [ [ [ 21.21421, 52.225319 ], [ 21.216434, 52.227526 ], [ 21.220659, 52.227447 ], [ 21.222659, 52.22516 ], [ 21.220435, 52.222953 ], [ 21.216211, 52.223033 ], [ 21.21421, 52.225319 ] ] ] } },
{ "type": "Feature", "properties": { "fid": 2371, "hex_id": 2370 }, "geometry": { "type": "Polygon", "coordinates": [ [ [ 21.213987, 52.220826 ], [ 21.216211, 52.223033 ], [ 21.220435, 52.222953 ], [ 21.222435, 52.220667 ], [ 21.220211, 52.21846 ], [ 21.215987, 52.21854 ], [ 21.213987, 52.220826 ] ] ] } },
{ "type": "Feature", "properties": { "fid": 2372, "hex_id": 2371 }, "geometry": { "type": "Polygon", "coordinates": [ [ [ 21.213763, 52.216333 ], [ 21.215987, 52.21854 ], [ 21.220211, 52.21846 ], [ 21.22221, 52.216174 ], [ 21.219986, 52.213967 ], [ 21.215763, 52.214046 ], [ 21.213763, 52.216333 ] ] ] } },
{ "type": "Feature", "properties": { "fid": 2373, "hex_id": 2372 }, "geometry": { "type": "Polygon", "coordinates": [ [ [ 21.21354, 52.211839 ], [ 21.215763, 52.214046 ], [ 21.219986, 52.213967 ], [ 21.221986, 52.211681 ], [ 21.219762, 52.209474 ], [ 21.21554, 52.209553 ], [ 21.21354, 52.211839 ] ] ] } },
{ "type": "Feature", "properties": { "fid": 2374, "hex_id": 2373 }, "geometry": { "type": "Polygon", "coordinates": [ [ [ 21.213316, 52.207346 ], [ 21.21554, 52.209553 ], [ 21.219762, 52.209474 ], [ 21.221762, 52.207187 ], [ 21.219538, 52.20498 ], [ 21.215316, 52.20506 ], [ 21.213316, 52.207346 ] ] ] } },
{ "type": "Feature", "properties": { "fid": 2375, "hex_id": 2374 }, "geometry": { "type": "Polygon", "coordinates": [ [ [ 21.213093, 52.202853 ], [ 21.215316, 52.20506 ], [ 21.219538, 52.20498 ], [ 21.221537, 52.202694 ], [ 21.219314, 52.200487 ], [ 21.215092, 52.200566 ], [ 21.213093, 52.202853 ] ] ] } },
{ "type": "Feature", "properties": { "fid": 2376, "hex_id": 2375 }, "geometry": { "type": "Polygon", "coordinates": [ [ [ 21.21287, 52.198359 ], [ 21.215092, 52.200566 ], [ 21.219314, 52.200487 ], [ 21.221313, 52.198201 ], [ 21.219091, 52.195994 ], [ 21.214869, 52.196073 ], [ 21.21287, 52.198359 ] ] ] } },
{ "type": "Feature", "properties": { "fid": 2377, "hex_id": 2376 }, "geometry": { "type": "Polygon", "coordinates": [ [ [ 21.212647, 52.193866 ], [ 21.214869, 52.196073 ], [ 21.219091, 52.195994 ], [ 21.221089, 52.193707 ], [ 21.218867, 52.1915 ], [ 21.214646, 52.19158 ], [ 21.212647, 52.193866 ] ] ] } },
{ "type": "Feature", "properties": { "fid": 2378, "hex_id": 2377 }, "geometry": { "type": "Polygon", "coordinates": [ [ [ 21.212423, 52.189373 ], [ 21.214646, 52.19158 ], [ 21.218867, 52.1915 ], [ 21.220865, 52.189214 ], [ 21.218643, 52.187007 ], [ 21.214422, 52.187086 ], [ 21.212423, 52.189373 ] ] ] } },
{ "type": "Feature", "properties": { "fid": 2379, "hex_id": 2378 }, "geometry": { "type": "Polygon", "coordinates": [ [ [ 21.2122, 52.184879 ], [ 21.214422, 52.187086 ], [ 21.218643, 52.187007 ], [ 21.220641, 52.184721 ], [ 21.218419, 52.182514 ], [ 21.214199, 52.182593 ], [ 21.2122, 52.184879 ] ] ] } },
{ "type": "Feature", "properties": { "fid": 2380, "hex_id": 2379 }, "geometry": { "type": "Polygon", "coordinates": [ [ [ 21.211977, 52.180386 ], [ 21.214199, 52.182593 ], [ 21.218419, 52.182514 ], [ 21.220417, 52.180227 ], [ 21.218196, 52.17802 ], [ 21.213976, 52.1781 ], [ 21.211977, 52.180386 ] ] ] } },
{ "type": "Feature", "properties": { "fid": 2381, "hex_id": 2380 }, "geometry": { "type": "Polygon", "coordinates": [ [ [ 21.211754, 52.175893 ], [ 21.213976, 52.1781 ], [ 21.218196, 52.17802 ], [ 21.220194, 52.175734 ], [ 21.217972, 52.173527 ], [ 21.213752, 52.173606 ], [ 21.211754, 52.175893 ] ] ] } },
{ "type": "Feature", "properties": { "fid": 2382, "hex_id": 2381 }, "geometry": { "type": "Polygon", "coordinates": [ [ [ 21.211531, 52.171399 ], [ 21.213752, 52.173606 ], [ 21.217972, 52.173527 ], [ 21.21997, 52.171241 ], [ 21.217748, 52.169034 ], [ 21.213529, 52.169113 ], [ 21.211531, 52.171399 ] ] ] } },
{ "type": "Feature", "properties": { "fid": 2383, "hex_id": 2382 }, "geometry": { "type": "Polygon", "coordinates": [ [ [ 21.211308, 52.166906 ], [ 21.213529, 52.169113 ], [ 21.217748, 52.169034 ], [ 21.219746, 52.166747 ], [ 21.217525, 52.164541 ], [ 21.213306, 52.16462 ], [ 21.211308, 52.166906 ] ] ] } },
{ "type": "Feature", "properties": { "fid": 2384, "hex_id": 2383 }, "geometry": { "type": "Polygon", "coordinates": [ [ [ 21.211086, 52.162413 ], [ 21.213306, 52.16462 ], [ 21.217525, 52.164541 ], [ 21.219522, 52.162254 ], [ 21.217301, 52.160047 ], [ 21.213083, 52.160126 ], [ 21.211086, 52.162413 ] ] ] } },
{ "type": "Feature", "properties": { "fid": 2385, "hex_id": 2384 }, "geometry": { "type": "Polygon", "coordinates": [ [ [ 21.210863, 52.157919 ], [ 21.213083, 52.160126 ], [ 21.217301, 52.160047 ], [ 21.219299, 52.157761 ], [ 21.217078, 52.155554 ], [ 21.21286, 52.155633 ], [ 21.210863, 52.157919 ] ] ] } },
{ "type": "Feature", "properties": { "fid": 2386, "hex_id": 2385 }, "geometry": { "type": "Polygon", "coordinates": [ [ [ 21.21064, 52.153426 ], [ 21.21286, 52.155633 ], [ 21.217078, 52.155554 ], [ 21.219075, 52.153267 ], [ 21.216855, 52.15106 ], [ 21.212637, 52.15114 ], [ 21.21064, 52.153426 ] ] ] } },
{ "type": "Feature", "properties": { "fid": 2387, "hex_id": 2386 }, "geometry": { "type": "Polygon", "coordinates": [ [ [ 21.22223, 52.2589 ], [ 21.224457, 52.261106 ], [ 21.228684, 52.261027 ], [ 21.230685, 52.25874 ], [ 21.228459, 52.256533 ], [ 21.224232, 52.256613 ], [ 21.22223, 52.2589 ] ] ] } },
{ "type": "Feature", "properties": { "fid": 2388, "hex_id": 2387 }, "geometry": { "type": "Polygon", "coordinates": [ [ [ 21.222006, 52.254406 ], [ 21.224232, 52.256613 ], [ 21.228459, 52.256533 ], [ 21.23046, 52.254247 ], [ 21.228234, 52.25204 ], [ 21.224007, 52.25212 ], [ 21.222006, 52.254406 ] ] ] } },
{ "type": "Feature", "properties": { "fid": 2389, "hex_id": 2388 }, "geometry": { "type": "Polygon", "coordinates": [ [ [ 21.221781, 52.249913 ], [ 21.224007, 52.25212 ], [ 21.228234, 52.25204 ], [ 21.230234, 52.249754 ], [ 21.228009, 52.247547 ], [ 21.223782, 52.247627 ], [ 21.221781, 52.249913 ] ] ] } },
{ "type": "Feature", "properties": { "fid": 2390, "hex_id": 2389 }, "geometry": { "type": "Polygon", "coordinates": [ [ [ 21.221557, 52.24542 ], [ 21.223782, 52.247627 ], [ 21.228009, 52.247547 ], [ 21.230009, 52.24526 ], [ 21.227783, 52.243054 ], [ 21.223557, 52.243133 ], [ 21.221557, 52.24542 ] ] ] } },
{ "type": "Feature", "properties": { "fid": 2391, "hex_id": 2390 }, "geometry": { "type": "Polygon", "coordinates": [ [ [ 21.221332, 52.240927 ], [ 21.223557, 52.243133 ], [ 21.227783, 52.243054 ], [ 21.229784, 52.240767 ], [ 21.227558, 52.23856 ], [ 21.223333, 52.23864 ], [ 21.221332, 52.240927 ] ] ] } },
{ "type": "Feature", "properties": { "fid": 2392, "hex_id": 2391 }, "geometry": { "type": "Polygon", "coordinates": [ [ [ 21.221108, 52.236433 ], [ 21.223333, 52.23864 ], [ 21.227558, 52.23856 ], [ 21.229558, 52.236274 ], [ 21.227333, 52.234067 ], [ 21.223108, 52.234147 ], [ 21.221108, 52.236433 ] ] ] } },
{ "type": "Feature", "properties": { "fid": 2393, "hex_id": 2392 }, "geometry": { "type": "Polygon", "coordinates": [ [ [ 21.220883, 52.23194 ], [ 21.223108, 52.234147 ], [ 21.227333, 52.234067 ], [ 21.229333, 52.231781 ], [ 21.227108, 52.229574 ], [ 21.222884, 52.229654 ], [ 21.220883, 52.23194 ] ] ] } },
{ "type": "Feature", "properties": { "fid": 2394, "hex_id": 2393 }, "geometry": { "type": "Polygon", "coordinates": [ [ [ 21.220659, 52.227447 ], [ 21.222884, 52.229654 ], [ 21.227108, 52.229574 ], [ 21.229108, 52.227287 ], [ 21.226883, 52.225081 ], [ 21.222659, 52.22516 ], [ 21.220659, 52.227447 ] ] ] } },
{ "type": "Feature", "properties": { "fid": 2395, "hex_id": 2394 }, "geometry": { "type": "Polygon", "coordinates": [ [ [ 21.220435, 52.222953 ], [ 21.222659, 52.22516 ], [ 21.226883, 52.225081 ], [ 21.228883, 52.222794 ], [ 21.226659, 52.220587 ], [ 21.222435, 52.220667 ], [ 21.220435, 52.222953 ] ] ] } },
{ "type": "Feature", "properties": { "fid": 2396, "hex_id": 2395 }, "geometry": { "type": "Polygon", "coordinates": [ [ [ 21.220211, 52.21846 ], [ 21.222435, 52.220667 ], [ 21.226659, 52.220587 ], [ 21.228658, 52.218301 ], [ 21.226434, 52.216094 ], [ 21.22221, 52.216174 ], [ 21.220211, 52.21846 ] ] ] } },
{ "type": "Feature", "properties": { "fid": 2397, "hex_id": 2396 }, "geometry": { "type": "Polygon", "coordinates": [ [ [ 21.219986, 52.213967 ], [ 21.22221, 52.216174 ], [ 21.226434, 52.216094 ], [ 21.228433, 52.213808 ], [ 21.226209, 52.211601 ], [ 21.221986, 52.211681 ], [ 21.219986, 52.213967 ] ] ] } },
{ "type": "Feature", "properties": { "fid": 2398, "hex_id": 2397 }, "geometry": { "type": "Polygon", "coordinates": [ [ [ 21.219762, 52.209474 ], [ 21.221986, 52.211681 ], [ 21.226209, 52.211601 ], [ 21.228208, 52.209314 ], [ 21.225984, 52.207108 ], [ 21.221762, 52.207187 ], [ 21.219762, 52.209474 ] ] ] } },
{ "type": "Feature", "properties": { "fid": 2399, "hex_id": 2398 }, "geometry": { "type": "Polygon", "coordinates": [ [ [ 21.219538, 52.20498 ], [ 21.221762, 52.207187 ], [ 21.225984, 52.207108 ], [ 21.227983, 52.204821 ], [ 21.22576, 52.202614 ], [ 21.221537, 52.202694 ], [ 21.219538, 52.20498 ] ] ] } },
{ "type": "Feature", "properties": { "fid": 2400, "hex_id": 2399 }, "geometry": { "type": "Polygon", "coordinates": [ [ [ 21.219314, 52.200487 ], [ 21.221537, 52.202694 ], [ 21.22576, 52.202614 ], [ 21.227758, 52.200328 ], [ 21.225535, 52.198121 ], [ 21.221313, 52.198201 ], [ 21.219314, 52.200487 ] ] ] } },
{ "type": "Feature", "properties": { "fid": 2401, "hex_id": 2400 }, "geometry": { "type": "Polygon", "coordinates": [ [ [ 21.219091, 52.195994 ], [ 21.221313, 52.198201 ], [ 21.225535, 52.198121 ], [ 21.227534, 52.195835 ], [ 21.225311, 52.193628 ], [ 21.221089, 52.193707 ], [ 21.219091, 52.195994 ] ] ] } },
{ "type": "Feature", "properties": { "fid": 2402, "hex_id": 2401 }, "geometry": { "type": "Polygon", "coordinates": [ [ [ 21.218867, 52.1915 ], [ 21.221089, 52.193707 ], [ 21.225311, 52.193628 ], [ 21.227309, 52.191341 ], [ 21.225086, 52.189134 ], [ 21.220865, 52.189214 ], [ 21.218867, 52.1915 ] ] ] } },
{ "type": "Feature", "properties": { "fid": 2403, "hex_id": 2402 }, "geometry": { "type": "Polygon", "coordinates": [ [ [ 21.218643, 52.187007 ], [ 21.220865, 52.189214 ], [ 21.225086, 52.189134 ], [ 21.227084, 52.186848 ], [ 21.224862, 52.184641 ], [ 21.220641, 52.184721 ], [ 21.218643, 52.187007 ] ] ] } },
{ "type": "Feature", "properties": { "fid": 2404, "hex_id": 2403 }, "geometry": { "type": "Polygon", "coordinates": [ [ [ 21.218419, 52.182514 ], [ 21.220641, 52.184721 ], [ 21.224862, 52.184641 ], [ 21.22686, 52.182355 ], [ 21.224637, 52.180148 ], [ 21.220417, 52.180227 ], [ 21.218419, 52.182514 ] ] ] } },
{ "type": "Feature", "properties": { "fid": 2405, "hex_id": 2404 }, "geometry": { "type": "Polygon", "coordinates": [ [ [ 21.218196, 52.17802 ], [ 21.220417, 52.180227 ], [ 21.224637, 52.180148 ], [ 21.226635, 52.177861 ], [ 21.224413, 52.175655 ], [ 21.220194, 52.175734 ], [ 21.218196, 52.17802 ] ] ] } },
{ "type": "Feature", "properties": { "fid": 2406, "hex_id": 2405 }, "geometry": { "type": "Polygon", "coordinates": [ [ [ 21.217972, 52.173527 ], [ 21.220194, 52.175734 ], [ 21.224413, 52.175655 ], [ 21.226411, 52.173368 ], [ 21.224189, 52.171161 ], [ 21.21997, 52.171241 ], [ 21.217972, 52.173527 ] ] ] } },
{ "type": "Feature", "properties": { "fid": 2407, "hex_id": 2406 }, "geometry": { "type": "Polygon", "coordinates": [ [ [ 21.217748, 52.169034 ], [ 21.21997, 52.171241 ], [ 21.224189, 52.171161 ], [ 21.226186, 52.168875 ], [ 21.223965, 52.166668 ], [ 21.219746, 52.166747 ], [ 21.217748, 52.169034 ] ] ] } },
{ "type": "Feature", "properties": { "fid": 2408, "hex_id": 2407 }, "geometry": { "type": "Polygon", "coordinates": [ [ [ 21.217525, 52.164541 ], [ 21.219746, 52.166747 ], [ 21.223965, 52.166668 ], [ 21.225962, 52.164382 ], [ 21.223741, 52.162175 ], [ 21.219522, 52.162254 ], [ 21.217525, 52.164541 ] ] ] } },
{ "type": "Feature", "properties": { "fid": 2409, "hex_id": 2408 }, "geometry": { "type": "Polygon", "coordinates": [ [ [ 21.217301, 52.160047 ], [ 21.219522, 52.162254 ], [ 21.223741, 52.162175 ], [ 21.225738, 52.159888 ], [ 21.223517, 52.157681 ], [ 21.219299, 52.157761 ], [ 21.217301, 52.160047 ] ] ] } },
{ "type": "Feature", "properties": { "fid": 2410, "hex_id": 2409 }, "geometry": { "type": "Polygon", "coordinates": [ [ [ 21.217078, 52.155554 ], [ 21.219299, 52.157761 ], [ 21.223517, 52.157681 ], [ 21.225514, 52.155395 ], [ 21.223293, 52.153188 ], [ 21.219075, 52.153267 ], [ 21.217078, 52.155554 ] ] ] } },
{ "type": "Feature", "properties": { "fid": 2411, "hex_id": 2410 }, "geometry": { "type": "Polygon", "coordinates": [ [ [ 21.228684, 52.261027 ], [ 21.230911, 52.263233 ], [ 21.235139, 52.263153 ], [ 21.23714, 52.260867 ], [ 21.234913, 52.25866 ], [ 21.230685, 52.25874 ], [ 21.228684, 52.261027 ] ] ] } },
{ "type": "Feature", "properties": { "fid": 2412, "hex_id": 2411 }, "geometry": { "type": "Polygon", "coordinates": [ [ [ 21.228459, 52.256533 ], [ 21.230685, 52.25874 ], [ 21.234913, 52.25866 ], [ 21.236914, 52.256373 ], [ 21.234687, 52.254167 ], [ 21.23046, 52.254247 ], [ 21.228459, 52.256533 ] ] ] } },
{ "type": "Feature", "properties": { "fid": 2413, "hex_id": 2412 }, "geometry": { "type": "Polygon", "coordinates": [ [ [ 21.228234, 52.25204 ], [ 21.23046, 52.254247 ], [ 21.234687, 52.254167 ], [ 21.236687, 52.25188 ], [ 21.234461, 52.249674 ], [ 21.230234, 52.249754 ], [ 21.228234, 52.25204 ] ] ] } },
{ "type": "Feature", "properties": { "fid": 2414, "hex_id": 2413 }, "geometry": { "type": "Polygon", "coordinates": [ [ [ 21.228009, 52.247547 ], [ 21.230234, 52.249754 ], [ 21.234461, 52.249674 ], [ 21.236461, 52.247387 ], [ 21.234235, 52.24518 ], [ 21.230009, 52.24526 ], [ 21.228009, 52.247547 ] ] ] } },
{ "type": "Feature", "properties": { "fid": 2415, "hex_id": 2414 }, "geometry": { "type": "Polygon", "coordinates": [ [ [ 21.227783, 52.243054 ], [ 21.230009, 52.24526 ], [ 21.234235, 52.24518 ], [ 21.236235, 52.242894 ], [ 21.234009, 52.240687 ], [ 21.229784, 52.240767 ], [ 21.227783, 52.243054 ] ] ] } },
{ "type": "Feature", "properties": { "fid": 2416, "hex_id": 2415 }, "geometry": { "type": "Polygon", "coordinates": [ [ [ 21.227558, 52.23856 ], [ 21.229784, 52.240767 ], [ 21.234009, 52.240687 ], [ 21.236009, 52.238401 ], [ 21.233784, 52.236194 ], [ 21.229558, 52.236274 ], [ 21.227558, 52.23856 ] ] ] } },
{ "type": "Feature", "properties": { "fid": 2417, "hex_id": 2416 }, "geometry": { "type": "Polygon", "coordinates": [ [ [ 21.227333, 52.234067 ], [ 21.229558, 52.236274 ], [ 21.233784, 52.236194 ], [ 21.235784, 52.233907 ], [ 21.233558, 52.231701 ], [ 21.229333, 52.231781 ], [ 21.227333, 52.234067 ] ] ] } },
{ "type": "Feature", "properties": { "fid": 2418, "hex_id": 2417 }, "geometry": { "type": "Polygon", "coordinates": [ [ [ 21.227108, 52.229574 ], [ 21.229333, 52.231781 ], [ 21.233558, 52.231701 ], [ 21.235558, 52.229414 ], [ 21.233333, 52.227208 ], [ 21.229108, 52.227287 ], [ 21.227108, 52.229574 ] ] ] } },
{ "type": "Feature", "properties": { "fid": 2419, "hex_id": 2418 }, "geometry": { "type": "Polygon", "coordinates": [ [ [ 21.226883, 52.225081 ], [ 21.229108, 52.227287 ], [ 21.233333, 52.227208 ], [ 21.235332, 52.224921 ], [ 21.233107, 52.222714 ], [ 21.228883, 52.222794 ], [ 21.226883, 52.225081 ] ] ] } },
{ "type": "Feature", "properties": { "fid": 2420, "hex_id": 2419 }, "geometry": { "type": "Polygon", "coordinates": [ [ [ 21.226659, 52.220587 ], [ 21.228883, 52.222794 ], [ 21.233107, 52.222714 ], [ 21.235106, 52.220428 ], [ 21.232882, 52.218221 ], [ 21.228658, 52.218301 ], [ 21.226659, 52.220587 ] ] ] } },
{ "type": "Feature", "properties": { "fid": 2421, "hex_id": 2420 }, "geometry": { "type": "Polygon", "coordinates": [ [ [ 21.226434, 52.216094 ], [ 21.228658, 52.218301 ], [ 21.232882, 52.218221 ], [ 21.234881, 52.215934 ], [ 21.232656, 52.213728 ], [ 21.228433, 52.213808 ], [ 21.226434, 52.216094 ] ] ] } },
{ "type": "Feature", "properties": { "fid": 2422, "hex_id": 2421 }, "geometry": { "type": "Polygon", "coordinates": [ [ [ 21.226209, 52.211601 ], [ 21.228433, 52.213808 ], [ 21.232656, 52.213728 ], [ 21.234655, 52.211441 ], [ 21.232431, 52.209235 ], [ 21.228208, 52.209314 ], [ 21.226209, 52.211601 ] ] ] } },
{ "type": "Feature", "properties": { "fid": 2423, "hex_id": 2422 }, "geometry": { "type": "Polygon", "coordinates": [ [ [ 21.225984, 52.207108 ], [ 21.228208, 52.209314 ], [ 21.232431, 52.209235 ], [ 21.234429, 52.206948 ], [ 21.232206, 52.204741 ], [ 21.227983, 52.204821 ], [ 21.225984, 52.207108 ] ] ] } },
{ "type": "Feature", "properties": { "fid": 2424, "hex_id": 2423 }, "geometry": { "type": "Polygon", "coordinates": [ [ [ 21.22576, 52.202614 ], [ 21.227983, 52.204821 ], [ 21.232206, 52.204741 ], [ 21.234204, 52.202455 ], [ 21.23198, 52.200248 ], [ 21.227758, 52.200328 ], [ 21.22576, 52.202614 ] ] ] } },
{ "type": "Feature", "properties": { "fid": 2425, "hex_id": 2424 }, "geometry": { "type": "Polygon", "coordinates": [ [ [ 21.225535, 52.198121 ], [ 21.227758, 52.200328 ], [ 21.23198, 52.200248 ], [ 21.233979, 52.197961 ], [ 21.231755, 52.195755 ], [ 21.227534, 52.195835 ], [ 21.225535, 52.198121 ] ] ] } },
{ "type": "Feature", "properties": { "fid": 2426, "hex_id": 2425 }, "geometry": { "type": "Polygon", "coordinates": [ [ [ 21.225311, 52.193628 ], [ 21.227534, 52.195835 ], [ 21.231755, 52.195755 ], [ 21.233753, 52.193468 ], [ 21.23153, 52.191262 ], [ 21.227309, 52.191341 ], [ 21.225311, 52.193628 ] ] ] } },
{ "type": "Feature", "properties": { "fid": 2427, "hex_id": 2426 }, "geometry": { "type": "Polygon", "coordinates": [ [ [ 21.225086, 52.189134 ], [ 21.227309, 52.191341 ], [ 21.23153, 52.191262 ], [ 21.233528, 52.188975 ], [ 21.231305, 52.186768 ], [ 21.227084, 52.186848 ], [ 21.225086, 52.189134 ] ] ] } },
{ "type": "Feature", "properties": { "fid": 2428, "hex_id": 2427 }, "geometry": { "type": "Polygon", "coordinates": [ [ [ 21.224862, 52.184641 ], [ 21.227084, 52.186848 ], [ 21.231305, 52.186768 ], [ 21.233303, 52.184482 ], [ 21.23108, 52.182275 ], [ 21.22686, 52.182355 ], [ 21.224862, 52.184641 ] ] ] } },
{ "type": "Feature", "properties": { "fid": 2429, "hex_id": 2428 }, "geometry": { "type": "Polygon", "coordinates": [ [ [ 21.224637, 52.180148 ], [ 21.22686, 52.182355 ], [ 21.23108, 52.182275 ], [ 21.233077, 52.179988 ], [ 21.230855, 52.177782 ], [ 21.226635, 52.177861 ], [ 21.224637, 52.180148 ] ] ] } },
{ "type": "Feature", "properties": { "fid": 2430, "hex_id": 2429 }, "geometry": { "type": "Polygon", "coordinates": [ [ [ 21.224413, 52.175655 ], [ 21.226635, 52.177861 ], [ 21.230855, 52.177782 ], [ 21.232852, 52.175495 ], [ 21.23063, 52.173288 ], [ 21.226411, 52.173368 ], [ 21.224413, 52.175655 ] ] ] } },
{ "type": "Feature", "properties": { "fid": 2431, "hex_id": 2430 }, "geometry": { "type": "Polygon", "coordinates": [ [ [ 21.224189, 52.171161 ], [ 21.226411, 52.173368 ], [ 21.23063, 52.173288 ], [ 21.232627, 52.171002 ], [ 21.230405, 52.168795 ], [ 21.226186, 52.168875 ], [ 21.224189, 52.171161 ] ] ] } },
{ "type": "Feature", "properties": { "fid": 2432, "hex_id": 2431 }, "geometry": { "type": "Polygon", "coordinates": [ [ [ 21.223965, 52.166668 ], [ 21.226186, 52.168875 ], [ 21.230405, 52.168795 ], [ 21.232402, 52.166509 ], [ 21.230181, 52.164302 ], [ 21.225962, 52.164382 ], [ 21.223965, 52.166668 ] ] ] } },
{ "type": "Feature", "properties": { "fid": 2433, "hex_id": 2432 }, "geometry": { "type": "Polygon", "coordinates": [ [ [ 21.223741, 52.162175 ], [ 21.225962, 52.164382 ], [ 21.230181, 52.164302 ], [ 21.232177, 52.162015 ], [ 21.229956, 52.159809 ], [ 21.225738, 52.159888 ], [ 21.223741, 52.162175 ] ] ] } },
{ "type": "Feature", "properties": { "fid": 2434, "hex_id": 2433 }, "geometry": { "type": "Polygon", "coordinates": [ [ [ 21.223517, 52.157681 ], [ 21.225738, 52.159888 ], [ 21.229956, 52.159809 ], [ 21.231952, 52.157522 ], [ 21.229731, 52.155315 ], [ 21.225514, 52.155395 ], [ 21.223517, 52.157681 ] ] ] } },
{ "type": "Feature", "properties": { "fid": 2435, "hex_id": 2434 }, "geometry": { "type": "Polygon", "coordinates": [ [ [ 21.235139, 52.263153 ], [ 21.237366, 52.26536 ], [ 21.241594, 52.26528 ], [ 21.243595, 52.262993 ], [ 21.241367, 52.260786 ], [ 21.23714, 52.260867 ], [ 21.235139, 52.263153 ] ] ] } },
{ "type": "Feature", "properties": { "fid": 2436, "hex_id": 2435 }, "geometry": { "type": "Polygon", "coordinates": [ [ [ 21.234913, 52.25866 ], [ 21.23714, 52.260867 ], [ 21.241367, 52.260786 ], [ 21.243368, 52.2585 ], [ 21.241141, 52.256293 ], [ 21.236914, 52.256373 ], [ 21.234913, 52.25866 ] ] ] } },
{ "type": "Feature", "properties": { "fid": 2437, "hex_id": 2436 }, "geometry": { "type": "Polygon", "coordinates": [ [ [ 21.234687, 52.254167 ], [ 21.236914, 52.256373 ], [ 21.241141, 52.256293 ], [ 21.243141, 52.254006 ], [ 21.240914, 52.2518 ], [ 21.236687, 52.25188 ], [ 21.234687, 52.254167 ] ] ] } },
{ "type": "Feature", "properties": { "fid": 2438, "hex_id": 2437 }, "geometry": { "type": "Polygon", "coordinates": [ [ [ 21.234461, 52.249674 ], [ 21.236687, 52.25188 ], [ 21.240914, 52.2518 ], [ 21.242914, 52.249513 ], [ 21.240688, 52.247307 ], [ 21.236461, 52.247387 ], [ 21.234461, 52.249674 ] ] ] } },
{ "type": "Feature", "properties": { "fid": 2439, "hex_id": 2438 }, "geometry": { "type": "Polygon", "coordinates": [ [ [ 21.234235, 52.24518 ], [ 21.236461, 52.247387 ], [ 21.240688, 52.247307 ], [ 21.242688, 52.24502 ], [ 21.240461, 52.242814 ], [ 21.236235, 52.242894 ], [ 21.234235, 52.24518 ] ] ] } },
{ "type": "Feature", "properties": { "fid": 2440, "hex_id": 2439 }, "geometry": { "type": "Polygon", "coordinates": [ [ [ 21.234009, 52.240687 ], [ 21.236235, 52.242894 ], [ 21.240461, 52.242814 ], [ 21.242461, 52.240527 ], [ 21.240235, 52.23832 ], [ 21.236009, 52.238401 ], [ 21.234009, 52.240687 ] ] ] } },
{ "type": "Feature", "properties": { "fid": 2441, "hex_id": 2440 }, "geometry": { "type": "Polygon", "coordinates": [ [ [ 21.233784, 52.236194 ], [ 21.236009, 52.238401 ], [ 21.240235, 52.23832 ], [ 21.242234, 52.236034 ], [ 21.240009, 52.233827 ], [ 21.235784, 52.233907 ], [ 21.233784, 52.236194 ] ] ] } },
{ "type": "Feature", "properties": { "fid": 2442, "hex_id": 2441 }, "geometry": { "type": "Polygon", "coordinates": [ [ [ 21.233558, 52.231701 ], [ 21.235784, 52.233907 ], [ 21.240009, 52.233827 ], [ 21.242008, 52.23154 ], [ 21.239782, 52.229334 ], [ 21.235558, 52.229414 ], [ 21.233558, 52.231701 ] ] ] } },
{ "type": "Feature", "properties": { "fid": 2443, "hex_id": 2442 }, "geometry": { "type": "Polygon", "coordinates": [ [ [ 21.233333, 52.227208 ], [ 21.235558, 52.229414 ], [ 21.239782, 52.229334 ], [ 21.241781, 52.227047 ], [ 21.239556, 52.224841 ], [ 21.235332, 52.224921 ], [ 21.233333, 52.227208 ] ] ] } },
{ "type": "Feature", "properties": { "fid": 2444, "hex_id": 2443 }, "geometry": { "type": "Polygon", "coordinates": [ [ [ 21.233107, 52.222714 ], [ 21.235332, 52.224921 ], [ 21.239556, 52.224841 ], [ 21.241555, 52.222554 ], [ 21.23933, 52.220348 ], [ 21.235106, 52.220428 ], [ 21.233107, 52.222714 ] ] ] } },
{ "type": "Feature", "properties": { "fid": 2445, "hex_id": 2444 }, "geometry": { "type": "Polygon", "coordinates": [ [ [ 21.232882, 52.218221 ], [ 21.235106, 52.220428 ], [ 21.23933, 52.220348 ], [ 21.241329, 52.218061 ], [ 21.239104, 52.215854 ], [ 21.234881, 52.215934 ], [ 21.232882, 52.218221 ] ] ] } },
{ "type": "Feature", "properties": { "fid": 2446, "hex_id": 2445 }, "geometry": { "type": "Polygon", "coordinates": [ [ [ 21.232656, 52.213728 ], [ 21.234881, 52.215934 ], [ 21.239104, 52.215854 ], [ 21.241103, 52.213568 ], [ 21.238878, 52.211361 ], [ 21.234655, 52.211441 ], [ 21.232656, 52.213728 ] ] ] } },
{ "type": "Feature", "properties": { "fid": 2447, "hex_id": 2446 }, "geometry": { "type": "Polygon", "coordinates": [ [ [ 21.232431, 52.209235 ], [ 21.234655, 52.211441 ], [ 21.238878, 52.211361 ], [ 21.240876, 52.209074 ], [ 21.238652, 52.206868 ], [ 21.234429, 52.206948 ], [ 21.232431, 52.209235 ] ] ] } },
{ "type": "Feature", "properties": { "fid": 2448, "hex_id": 2447 }, "geometry": { "type": "Polygon", "coordinates": [ [ [ 21.232206, 52.204741 ], [ 21.234429, 52.206948 ], [ 21.238652, 52.206868 ], [ 21.24065, 52.204581 ], [ 21.238426, 52.202375 ], [ 21.234204, 52.202455 ], [ 21.232206, 52.204741 ] ] ] } },
{ "type": "Feature", "properties": { "fid": 2449, "hex_id": 2448 }, "geometry": { "type": "Polygon", "coordinates": [ [ [ 21.23198, 52.200248 ], [ 21.234204, 52.202455 ], [ 21.238426, 52.202375 ], [ 21.240424, 52.200088 ], [ 21.2382, 52.197881 ], [ 21.233979, 52.197961 ], [ 21.23198, 52.200248 ] ] ] } },
{ "type": "Feature", "properties": { "fid": 2450, "hex_id": 2449 }, "geometry": { "type": "Polygon", "coordinates": [ [ [ 21.231755, 52.195755 ], [ 21.233979, 52.197961 ], [ 21.2382, 52.197881 ], [ 21.240198, 52.195595 ], [ 21.237974, 52.193388 ], [ 21.233753, 52.193468 ], [ 21.231755, 52.195755 ] ] ] } },
{ "type": "Feature", "properties": { "fid": 2451, "hex_id": 2450 }, "geometry": { "type": "Polygon", "coordinates": [ [ [ 21.23153, 52.191262 ], [ 21.233753, 52.193468 ], [ 21.237974, 52.193388 ], [ 21.239972, 52.191101 ], [ 21.237749, 52.188895 ], [ 21.233528, 52.188975 ], [ 21.23153, 52.191262 ] ] ] } },
{ "type": "Feature", "properties": { "fid": 2452, "hex_id": 2451 }, "geometry": { "type": "Polygon", "coordinates": [ [ [ 21.231305, 52.186768 ], [ 21.233528, 52.188975 ], [ 21.237749, 52.188895 ], [ 21.239746, 52.186608 ], [ 21.237523, 52.184402 ], [ 21.233303, 52.184482 ], [ 21.231305, 52.186768 ] ] ] } },
{ "type": "Feature", "properties": { "fid": 2453, "hex_id": 2452 }, "geometry": { "type": "Polygon", "coordinates": [ [ [ 21.23108, 52.182275 ], [ 21.233303, 52.184482 ], [ 21.237523, 52.184402 ], [ 21.23952, 52.182115 ], [ 21.237297, 52.179908 ], [ 21.233077, 52.179988 ], [ 21.23108, 52.182275 ] ] ] } },
{ "type": "Feature", "properties": { "fid": 2454, "hex_id": 2453 }, "geometry": { "type": "Polygon", "coordinates": [ [ [ 21.230855, 52.177782 ], [ 21.233077, 52.179988 ], [ 21.237297, 52.179908 ], [ 21.239295, 52.177622 ], [ 21.237072, 52.175415 ], [ 21.232852, 52.175495 ], [ 21.230855, 52.177782 ] ] ] } },
{ "type": "Feature", "properties": { "fid": 2455, "hex_id": 2454 }, "geometry": { "type": "Polygon", "coordinates": [ [ [ 21.23063, 52.173288 ], [ 21.232852, 52.175495 ], [ 21.237072, 52.175415 ], [ 21.239069, 52.173128 ], [ 21.236846, 52.170922 ], [ 21.232627, 52.171002 ], [ 21.23063, 52.173288 ] ] ] } },
{ "type": "Feature", "properties": { "fid": 2456, "hex_id": 2455 }, "geometry": { "type": "Polygon", "coordinates": [ [ [ 21.230405, 52.168795 ], [ 21.232627, 52.171002 ], [ 21.236846, 52.170922 ], [ 21.238843, 52.168635 ], [ 21.236621, 52.166429 ], [ 21.232402, 52.166509 ], [ 21.230405, 52.168795 ] ] ] } },
{ "type": "Feature", "properties": { "fid": 2457, "hex_id": 2456 }, "geometry": { "type": "Polygon", "coordinates": [ [ [ 21.230181, 52.164302 ], [ 21.232402, 52.166509 ], [ 21.236621, 52.166429 ], [ 21.238618, 52.164142 ], [ 21.236396, 52.161935 ], [ 21.232177, 52.162015 ], [ 21.230181, 52.164302 ] ] ] } },
{ "type": "Feature", "properties": { "fid": 2458, "hex_id": 2457 }, "geometry": { "type": "Polygon", "coordinates": [ [ [ 21.229956, 52.159809 ], [ 21.232177, 52.162015 ], [ 21.236396, 52.161935 ], [ 21.238392, 52.159649 ], [ 21.23617, 52.157442 ], [ 21.231952, 52.157522 ], [ 21.229956, 52.159809 ] ] ] } },
{ "type": "Feature", "properties": { "fid": 2459, "hex_id": 2458 }, "geometry": { "type": "Polygon", "coordinates": [ [ [ 21.241367, 52.260786 ], [ 21.243595, 52.262993 ], [ 21.247822, 52.262912 ], [ 21.249823, 52.260626 ], [ 21.247595, 52.258419 ], [ 21.243368, 52.2585 ], [ 21.241367, 52.260786 ] ] ] } },
{ "type": "Feature", "properties": { "fid": 2460, "hex_id": 2459 }, "geometry": { "type": "Polygon", "coordinates": [ [ [ 21.241141, 52.256293 ], [ 21.243368, 52.2585 ], [ 21.247595, 52.258419 ], [ 21.249595, 52.256132 ], [ 21.247368, 52.253926 ], [ 21.243141, 52.254006 ], [ 21.241141, 52.256293 ] ] ] } },
{ "type": "Feature", "properties": { "fid": 2461, "hex_id": 2460 }, "geometry": { "type": "Polygon", "coordinates": [ [ [ 21.240914, 52.2518 ], [ 21.243141, 52.254006 ], [ 21.247368, 52.253926 ], [ 21.249368, 52.251639 ], [ 21.247141, 52.249433 ], [ 21.242914, 52.249513 ], [ 21.240914, 52.2518 ] ] ] } },
{ "type": "Feature", "properties": { "fid": 2462, "hex_id": 2461 }, "geometry": { "type": "Polygon", "coordinates": [ [ [ 21.240688, 52.247307 ], [ 21.242914, 52.249513 ], [ 21.247141, 52.249433 ], [ 21.24914, 52.247146 ], [ 21.246914, 52.24494 ], [ 21.242688, 52.24502 ], [ 21.240688, 52.247307 ] ] ] } },
{ "type": "Feature", "properties": { "fid": 2463, "hex_id": 2462 }, "geometry": { "type": "Polygon", "coordinates": [ [ [ 21.240235, 52.23832 ], [ 21.242461, 52.240527 ], [ 21.246687, 52.240447 ], [ 21.248686, 52.23816 ], [ 21.24646, 52.235953 ], [ 21.242234, 52.236034 ], [ 21.240235, 52.23832 ] ] ] } },
{ "type": "Feature", "properties": { "fid": 2464, "hex_id": 2463 }, "geometry": { "type": "Polygon", "coordinates": [ [ [ 21.240009, 52.233827 ], [ 21.242234, 52.236034 ], [ 21.24646, 52.235953 ], [ 21.248459, 52.233666 ], [ 21.246233, 52.23146 ], [ 21.242008, 52.23154 ], [ 21.240009, 52.233827 ] ] ] } },
{ "type": "Feature", "properties": { "fid": 2465, "hex_id": 2464 }, "geometry": { "type": "Polygon", "coordinates": [ [ [ 21.239782, 52.229334 ], [ 21.242008, 52.23154 ], [ 21.246233, 52.23146 ], [ 21.248232, 52.229173 ], [ 21.246006, 52.226967 ], [ 21.241781, 52.227047 ], [ 21.239782, 52.229334 ] ] ] } },
{ "type": "Feature", "properties": { "fid": 2466, "hex_id": 2465 }, "geometry": { "type": "Polygon", "coordinates": [ [ [ 21.239556, 52.224841 ], [ 21.241781, 52.227047 ], [ 21.246006, 52.226967 ], [ 21.248005, 52.22468 ], [ 21.245779, 52.222474 ], [ 21.241555, 52.222554 ], [ 21.239556, 52.224841 ] ] ] } },
{ "type": "Feature", "properties": { "fid": 2467, "hex_id": 2466 }, "geometry": { "type": "Polygon", "coordinates": [ [ [ 21.23933, 52.220348 ], [ 21.241555, 52.222554 ], [ 21.245779, 52.222474 ], [ 21.247778, 52.220187 ], [ 21.245552, 52.217981 ], [ 21.241329, 52.218061 ], [ 21.23933, 52.220348 ] ] ] } },
{ "type": "Feature", "properties": { "fid": 2468, "hex_id": 2467 }, "geometry": { "type": "Polygon", "coordinates": [ [ [ 21.239104, 52.215854 ], [ 21.241329, 52.218061 ], [ 21.245552, 52.217981 ], [ 21.247551, 52.215694 ], [ 21.245326, 52.213487 ], [ 21.241103, 52.213568 ], [ 21.239104, 52.215854 ] ] ] } },
{ "type": "Feature", "properties": { "fid": 2469, "hex_id": 2468 }, "geometry": { "type": "Polygon", "coordinates": [ [ [ 21.238878, 52.211361 ], [ 21.241103, 52.213568 ], [ 21.245326, 52.213487 ], [ 21.247324, 52.211201 ], [ 21.245099, 52.208994 ], [ 21.240876, 52.209074 ], [ 21.238878, 52.211361 ] ] ] } },
{ "type": "Feature", "properties": { "fid": 2470, "hex_id": 2469 }, "geometry": { "type": "Polygon", "coordinates": [ [ [ 21.238652, 52.206868 ], [ 21.240876, 52.209074 ], [ 21.245099, 52.208994 ], [ 21.247097, 52.206707 ], [ 21.244872, 52.204501 ], [ 21.24065, 52.204581 ], [ 21.238652, 52.206868 ] ] ] } },
{ "type": "Feature", "properties": { "fid": 2471, "hex_id": 2470 }, "geometry": { "type": "Polygon", "coordinates": [ [ [ 21.238426, 52.202375 ], [ 21.24065, 52.204581 ], [ 21.244872, 52.204501 ], [ 21.24687, 52.202214 ], [ 21.244646, 52.200008 ], [ 21.240424, 52.200088 ], [ 21.238426, 52.202375 ] ] ] } },
{ "type": "Feature", "properties": { "fid": 2472, "hex_id": 2471 }, "geometry": { "type": "Polygon", "coordinates": [ [ [ 21.2382, 52.197881 ], [ 21.240424, 52.200088 ], [ 21.244646, 52.200008 ], [ 21.246644, 52.197721 ], [ 21.24442, 52.195514 ], [ 21.240198, 52.195595 ], [ 21.2382, 52.197881 ] ] ] } },
{ "type": "Feature", "properties": { "fid": 2473, "hex_id": 2472 }, "geometry": { "type": "Polygon", "coordinates": [ [ [ 21.237974, 52.193388 ], [ 21.240198, 52.195595 ], [ 21.24442, 52.195514 ], [ 21.246417, 52.193228 ], [ 21.244193, 52.191021 ], [ 21.239972, 52.191101 ], [ 21.237974, 52.193388 ] ] ] } },
{ "type": "Feature", "properties": { "fid": 2474, "hex_id": 2473 }, "geometry": { "type": "Polygon", "coordinates": [ [ [ 21.237749, 52.188895 ], [ 21.239972, 52.191101 ], [ 21.244193, 52.191021 ], [ 21.24619, 52.188734 ], [ 21.243967, 52.186528 ], [ 21.239746, 52.186608 ], [ 21.237749, 52.188895 ] ] ] } },
{ "type": "Feature", "properties": { "fid": 2475, "hex_id": 2474 }, "geometry": { "type": "Polygon", "coordinates": [ [ [ 21.237523, 52.184402 ], [ 21.239746, 52.186608 ], [ 21.243967, 52.186528 ], [ 21.245964, 52.184241 ], [ 21.243741, 52.182035 ], [ 21.23952, 52.182115 ], [ 21.237523, 52.184402 ] ] ] } },
{ "type": "Feature", "properties": { "fid": 2476, "hex_id": 2475 }, "geometry": { "type": "Polygon", "coordinates": [ [ [ 21.237297, 52.179908 ], [ 21.23952, 52.182115 ], [ 21.243741, 52.182035 ], [ 21.245737, 52.179748 ], [ 21.243514, 52.177542 ], [ 21.239295, 52.177622 ], [ 21.237297, 52.179908 ] ] ] } },
{ "type": "Feature", "properties": { "fid": 2477, "hex_id": 2476 }, "geometry": { "type": "Polygon", "coordinates": [ [ [ 21.237072, 52.175415 ], [ 21.239295, 52.177622 ], [ 21.243514, 52.177542 ], [ 21.245511, 52.175255 ], [ 21.243288, 52.173048 ], [ 21.239069, 52.173128 ], [ 21.237072, 52.175415 ] ] ] } },
{ "type": "Feature", "properties": { "fid": 2478, "hex_id": 2477 }, "geometry": { "type": "Polygon", "coordinates": [ [ [ 21.236846, 52.170922 ], [ 21.239069, 52.173128 ], [ 21.243288, 52.173048 ], [ 21.245285, 52.170762 ], [ 21.243062, 52.168555 ], [ 21.238843, 52.168635 ], [ 21.236846, 52.170922 ] ] ] } },
{ "type": "Feature", "properties": { "fid": 2479, "hex_id": 2478 }, "geometry": { "type": "Polygon", "coordinates": [ [ [ 21.236621, 52.166429 ], [ 21.238843, 52.168635 ], [ 21.243062, 52.168555 ], [ 21.245058, 52.166268 ], [ 21.242836, 52.164062 ], [ 21.238618, 52.164142 ], [ 21.236621, 52.166429 ] ] ] } },
{ "type": "Feature", "properties": { "fid": 2480, "hex_id": 2479 }, "geometry": { "type": "Polygon", "coordinates": [ [ [ 21.236396, 52.161935 ], [ 21.238618, 52.164142 ], [ 21.242836, 52.164062 ], [ 21.244832, 52.161775 ], [ 21.24261, 52.159569 ], [ 21.238392, 52.159649 ], [ 21.236396, 52.161935 ] ] ] } },
{ "type": "Feature", "properties": { "fid": 2481, "hex_id": 2480 }, "geometry": { "type": "Polygon", "coordinates": [ [ [ 21.23617, 52.157442 ], [ 21.238392, 52.159649 ], [ 21.24261, 52.159569 ], [ 21.244606, 52.157282 ], [ 21.242384, 52.155075 ], [ 21.238167, 52.155155 ], [ 21.23617, 52.157442 ] ] ] } },
{ "type": "Feature", "properties": { "fid": 2482, "hex_id": 2481 }, "geometry": { "type": "Polygon", "coordinates": [ [ [ 21.247822, 52.262912 ], [ 21.25005, 52.265119 ], [ 21.254278, 52.265038 ], [ 21.256278, 52.262751 ], [ 21.25405, 52.260545 ], [ 21.249823, 52.260626 ], [ 21.247822, 52.262912 ] ] ] } },
{ "type": "Feature", "properties": { "fid": 2483, "hex_id": 2482 }, "geometry": { "type": "Polygon", "coordinates": [ [ [ 21.247595, 52.258419 ], [ 21.249823, 52.260626 ], [ 21.25405, 52.260545 ], [ 21.25605, 52.258258 ], [ 21.253822, 52.256052 ], [ 21.249595, 52.256132 ], [ 21.247595, 52.258419 ] ] ] } },
{ "type": "Feature", "properties": { "fid": 2484, "hex_id": 2483 }, "geometry": { "type": "Polygon", "coordinates": [ [ [ 21.247368, 52.253926 ], [ 21.249595, 52.256132 ], [ 21.253822, 52.256052 ], [ 21.255822, 52.253765 ], [ 21.253595, 52.251559 ], [ 21.249368, 52.251639 ], [ 21.247368, 52.253926 ] ] ] } },
{ "type": "Feature", "properties": { "fid": 2485, "hex_id": 2484 }, "geometry": { "type": "Polygon", "coordinates": [ [ [ 21.247141, 52.249433 ], [ 21.249368, 52.251639 ], [ 21.253595, 52.251559 ], [ 21.255594, 52.249272 ], [ 21.253367, 52.247065 ], [ 21.24914, 52.247146 ], [ 21.247141, 52.249433 ] ] ] } },
{ "type": "Feature", "properties": { "fid": 2486, "hex_id": 2485 }, "geometry": { "type": "Polygon", "coordinates": [ [ [ 21.246914, 52.24494 ], [ 21.24914, 52.247146 ], [ 21.253367, 52.247065 ], [ 21.255366, 52.244778 ], [ 21.253139, 52.242572 ], [ 21.248913, 52.242653 ], [ 21.246914, 52.24494 ] ] ] } },
{ "type": "Feature", "properties": { "fid": 2487, "hex_id": 2486 }, "geometry": { "type": "Polygon", "coordinates": [ [ [ 21.246687, 52.240447 ], [ 21.248913, 52.242653 ], [ 21.253139, 52.242572 ], [ 21.255138, 52.240285 ], [ 21.252911, 52.238079 ], [ 21.248686, 52.23816 ], [ 21.246687, 52.240447 ] ] ] } },
{ "type": "Feature", "properties": { "fid": 2488, "hex_id": 2487 }, "geometry": { "type": "Polygon", "coordinates": [ [ [ 21.24646, 52.235953 ], [ 21.248686, 52.23816 ], [ 21.252911, 52.238079 ], [ 21.25491, 52.235792 ], [ 21.252684, 52.233586 ], [ 21.248459, 52.233666 ], [ 21.24646, 52.235953 ] ] ] } },
{ "type": "Feature", "properties": { "fid": 2489, "hex_id": 2488 }, "geometry": { "type": "Polygon", "coordinates": [ [ [ 21.246233, 52.23146 ], [ 21.248459, 52.233666 ], [ 21.252684, 52.233586 ], [ 21.254682, 52.231299 ], [ 21.252456, 52.229093 ], [ 21.248232, 52.229173 ], [ 21.246233, 52.23146 ] ] ] } },
{ "type": "Feature", "properties": { "fid": 2490, "hex_id": 2489 }, "geometry": { "type": "Polygon", "coordinates": [ [ [ 21.246006, 52.226967 ], [ 21.248232, 52.229173 ], [ 21.252456, 52.229093 ], [ 21.254455, 52.226806 ], [ 21.252229, 52.2246 ], [ 21.248005, 52.22468 ], [ 21.246006, 52.226967 ] ] ] } },
{ "type": "Feature", "properties": { "fid": 2491, "hex_id": 2490 }, "geometry": { "type": "Polygon", "coordinates": [ [ [ 21.245779, 52.222474 ], [ 21.248005, 52.22468 ], [ 21.252229, 52.2246 ], [ 21.254227, 52.222313 ], [ 21.252001, 52.220106 ], [ 21.247778, 52.220187 ], [ 21.245779, 52.222474 ] ] ] } },
{ "type": "Feature", "properties": { "fid": 2492, "hex_id": 2491 }, "geometry": { "type": "Polygon", "coordinates": [ [ [ 21.245552, 52.217981 ], [ 21.247778, 52.220187 ], [ 21.252001, 52.220106 ], [ 21.253999, 52.217819 ], [ 21.251774, 52.215613 ], [ 21.247551, 52.215694 ], [ 21.245552, 52.217981 ] ] ] } },
{ "type": "Feature", "properties": { "fid": 2493, "hex_id": 2492 }, "geometry": { "type": "Polygon", "coordinates": [ [ [ 21.245326, 52.213487 ], [ 21.247551, 52.215694 ], [ 21.251774, 52.215613 ], [ 21.253772, 52.213326 ], [ 21.251547, 52.21112 ], [ 21.247324, 52.211201 ], [ 21.245326, 52.213487 ] ] ] } },
{ "type": "Feature", "properties": { "fid": 2494, "hex_id": 2493 }, "geometry": { "type": "Polygon", "coordinates": [ [ [ 21.245099, 52.208994 ], [ 21.247324, 52.211201 ], [ 21.251547, 52.21112 ], [ 21.253544, 52.208833 ], [ 21.251319, 52.206627 ], [ 21.247097, 52.206707 ], [ 21.245099, 52.208994 ] ] ] } },
{ "type": "Feature", "properties": { "fid": 2495, "hex_id": 2494 }, "geometry": { "type": "Polygon", "coordinates": [ [ [ 21.244872, 52.204501 ], [ 21.247097, 52.206707 ], [ 21.251319, 52.206627 ], [ 21.253317, 52.20434 ], [ 21.251092, 52.202134 ], [ 21.24687, 52.202214 ], [ 21.244872, 52.204501 ] ] ] } },
{ "type": "Feature", "properties": { "fid": 2496, "hex_id": 2495 }, "geometry": { "type": "Polygon", "coordinates": [ [ [ 21.244646, 52.200008 ], [ 21.24687, 52.202214 ], [ 21.251092, 52.202134 ], [ 21.25309, 52.199847 ], [ 21.250865, 52.19764 ], [ 21.246644, 52.197721 ], [ 21.244646, 52.200008 ] ] ] } },
{ "type": "Feature", "properties": { "fid": 2497, "hex_id": 2496 }, "geometry": { "type": "Polygon", "coordinates": [ [ [ 21.24442, 52.195514 ], [ 21.246644, 52.197721 ], [ 21.250865, 52.19764 ], [ 21.252862, 52.195353 ], [ 21.250638, 52.193147 ], [ 21.246417, 52.193228 ], [ 21.24442, 52.195514 ] ] ] } },
{ "type": "Feature", "properties": { "fid": 2498, "hex_id": 2497 }, "geometry": { "type": "Polygon", "coordinates": [ [ [ 21.244193, 52.191021 ], [ 21.246417, 52.193228 ], [ 21.250638, 52.193147 ], [ 21.252635, 52.19086 ], [ 21.250411, 52.188654 ], [ 21.24619, 52.188734 ], [ 21.244193, 52.191021 ] ] ] } },
{ "type": "Feature", "properties": { "fid": 2499, "hex_id": 2498 }, "geometry": { "type": "Polygon", "coordinates": [ [ [ 21.243967, 52.186528 ], [ 21.24619, 52.188734 ], [ 21.250411, 52.188654 ], [ 21.252408, 52.186367 ], [ 21.250184, 52.184161 ], [ 21.245964, 52.184241 ], [ 21.243967, 52.186528 ] ] ] } },
{ "type": "Feature", "properties": { "fid": 2500, "hex_id": 2499 }, "geometry": { "type": "Polygon", "coordinates": [ [ [ 21.243741, 52.182035 ], [ 21.245964, 52.184241 ], [ 21.250184, 52.184161 ], [ 21.252181, 52.181874 ], [ 21.249957, 52.179668 ], [ 21.245737, 52.179748 ], [ 21.243741, 52.182035 ] ] ] } },
{ "type": "Feature", "properties": { "fid": 2501, "hex_id": 2500 }, "geometry": { "type": "Polygon", "coordinates": [ [ [ 21.243514, 52.177542 ], [ 21.245737, 52.179748 ], [ 21.249957, 52.179668 ], [ 21.251954, 52.177381 ], [ 21.249731, 52.175174 ], [ 21.245511, 52.175255 ], [ 21.243514, 52.177542 ] ] ] } },
{ "type": "Feature", "properties": { "fid": 2502, "hex_id": 2501 }, "geometry": { "type": "Polygon", "coordinates": [ [ [ 21.243288, 52.173048 ], [ 21.245511, 52.175255 ], [ 21.249731, 52.175174 ], [ 21.251727, 52.172887 ], [ 21.249504, 52.170681 ], [ 21.245285, 52.170762 ], [ 21.243288, 52.173048 ] ] ] } },
{ "type": "Feature", "properties": { "fid": 2503, "hex_id": 2502 }, "geometry": { "type": "Polygon", "coordinates": [ [ [ 21.243062, 52.168555 ], [ 21.245285, 52.170762 ], [ 21.249504, 52.170681 ], [ 21.2515, 52.168394 ], [ 21.249277, 52.166188 ], [ 21.245058, 52.166268 ], [ 21.243062, 52.168555 ] ] ] } },
{ "type": "Feature", "properties": { "fid": 2504, "hex_id": 2503 }, "geometry": { "type": "Polygon", "coordinates": [ [ [ 21.242836, 52.164062 ], [ 21.245058, 52.166268 ], [ 21.249277, 52.166188 ], [ 21.251273, 52.163901 ], [ 21.24905, 52.161695 ], [ 21.244832, 52.161775 ], [ 21.242836, 52.164062 ] ] ] } },
{ "type": "Feature", "properties": { "fid": 2505, "hex_id": 2504 }, "geometry": { "type": "Polygon", "coordinates": [ [ [ 21.24261, 52.159569 ], [ 21.244832, 52.161775 ], [ 21.24905, 52.161695 ], [ 21.251046, 52.159408 ], [ 21.248824, 52.157201 ], [ 21.244606, 52.157282 ], [ 21.24261, 52.159569 ] ] ] } },
{ "type": "Feature", "properties": { "fid": 2506, "hex_id": 2505 }, "geometry": { "type": "Polygon", "coordinates": [ [ [ 21.242384, 52.155075 ], [ 21.244606, 52.157282 ], [ 21.248824, 52.157201 ], [ 21.250819, 52.154915 ], [ 21.248597, 52.152708 ], [ 21.24438, 52.152789 ], [ 21.242384, 52.155075 ] ] ] } },
{ "type": "Feature", "properties": { "fid": 2507, "hex_id": 2506 }, "geometry": { "type": "Polygon", "coordinates": [ [ [ 21.242158, 52.150582 ], [ 21.24438, 52.152789 ], [ 21.248597, 52.152708 ], [ 21.250593, 52.150421 ], [ 21.248371, 52.148215 ], [ 21.244154, 52.148295 ], [ 21.242158, 52.150582 ] ] ] } },
{ "type": "Feature", "properties": { "fid": 2508, "hex_id": 2507 }, "geometry": { "type": "Polygon", "coordinates": [ [ [ 21.253595, 52.251559 ], [ 21.255822, 52.253765 ], [ 21.260049, 52.253684 ], [ 21.262048, 52.251397 ], [ 21.25982, 52.249191 ], [ 21.255594, 52.249272 ], [ 21.253595, 52.251559 ] ] ] } },
{ "type": "Feature", "properties": { "fid": 2509, "hex_id": 2508 }, "geometry": { "type": "Polygon", "coordinates": [ [ [ 21.253367, 52.247065 ], [ 21.255594, 52.249272 ], [ 21.25982, 52.249191 ], [ 21.261819, 52.246904 ], [ 21.259592, 52.244698 ], [ 21.255366, 52.244778 ], [ 21.253367, 52.247065 ] ] ] } },
{ "type": "Feature", "properties": { "fid": 2510, "hex_id": 2509 }, "geometry": { "type": "Polygon", "coordinates": [ [ [ 21.252911, 52.238079 ], [ 21.255138, 52.240285 ], [ 21.259364, 52.240204 ], [ 21.261362, 52.237917 ], [ 21.259135, 52.235711 ], [ 21.25491, 52.235792 ], [ 21.252911, 52.238079 ] ] ] } },
{ "type": "Feature", "properties": { "fid": 2511, "hex_id": 2510 }, "geometry": { "type": "Polygon", "coordinates": [ [ [ 21.252001, 52.220106 ], [ 21.254227, 52.222313 ], [ 21.258451, 52.222232 ], [ 21.260449, 52.219945 ], [ 21.258223, 52.217739 ], [ 21.253999, 52.217819 ], [ 21.252001, 52.220106 ] ] ] } },
{ "type": "Feature", "properties": { "fid": 2512, "hex_id": 2511 }, "geometry": { "type": "Polygon", "coordinates": [ [ [ 21.251774, 52.215613 ], [ 21.253999, 52.217819 ], [ 21.258223, 52.217739 ], [ 21.260221, 52.215452 ], [ 21.257995, 52.213245 ], [ 21.253772, 52.213326 ], [ 21.251774, 52.215613 ] ] ] } },
{ "type": "Feature", "properties": { "fid": 2513, "hex_id": 2512 }, "geometry": { "type": "Polygon", "coordinates": [ [ [ 21.251547, 52.21112 ], [ 21.253772, 52.213326 ], [ 21.257995, 52.213245 ], [ 21.259992, 52.210958 ], [ 21.257767, 52.208752 ], [ 21.253544, 52.208833 ], [ 21.251547, 52.21112 ] ] ] } },
{ "type": "Feature", "properties": { "fid": 2514, "hex_id": 2513 }, "geometry": { "type": "Polygon", "coordinates": [ [ [ 21.250638, 52.193147 ], [ 21.252862, 52.195353 ], [ 21.257084, 52.195273 ], [ 21.25908, 52.192986 ], [ 21.256856, 52.19078 ], [ 21.252635, 52.19086 ], [ 21.250638, 52.193147 ] ] ] } },
{ "type": "Feature", "properties": { "fid": 2515, "hex_id": 2514 }, "geometry": { "type": "Polygon", "coordinates": [ [ [ 21.250411, 52.188654 ], [ 21.252635, 52.19086 ], [ 21.256856, 52.19078 ], [ 21.258853, 52.188493 ], [ 21.256628, 52.186286 ], [ 21.252408, 52.186367 ], [ 21.250411, 52.188654 ] ] ] } },
{ "type": "Feature", "properties": { "fid": 2516, "hex_id": 2515 }, "geometry": { "type": "Polygon", "coordinates": [ [ [ 21.250184, 52.184161 ], [ 21.252408, 52.186367 ], [ 21.256628, 52.186286 ], [ 21.258625, 52.183999 ], [ 21.256401, 52.181793 ], [ 21.252181, 52.181874 ], [ 21.250184, 52.184161 ] ] ] } },
{ "type": "Feature", "properties": { "fid": 2517, "hex_id": 2516 }, "geometry": { "type": "Polygon", "coordinates": [ [ [ 21.249957, 52.179668 ], [ 21.252181, 52.181874 ], [ 21.256401, 52.181793 ], [ 21.258397, 52.179506 ], [ 21.256173, 52.1773 ], [ 21.251954, 52.177381 ], [ 21.249957, 52.179668 ] ] ] } },
{ "type": "Feature", "properties": { "fid": 2518, "hex_id": 2517 }, "geometry": { "type": "Polygon", "coordinates": [ [ [ 21.249731, 52.175174 ], [ 21.251954, 52.177381 ], [ 21.256173, 52.1773 ], [ 21.258169, 52.175013 ], [ 21.255946, 52.172807 ], [ 21.251727, 52.172887 ], [ 21.249731, 52.175174 ] ] ] } },
{ "type": "Feature", "properties": { "fid": 2519, "hex_id": 2518 }, "geometry": { "type": "Polygon", "coordinates": [ [ [ 21.249504, 52.170681 ], [ 21.251727, 52.172887 ], [ 21.255946, 52.172807 ], [ 21.257942, 52.17052 ], [ 21.255719, 52.168314 ], [ 21.2515, 52.168394 ], [ 21.249504, 52.170681 ] ] ] } },
{ "type": "Feature", "properties": { "fid": 2520, "hex_id": 2519 }, "geometry": { "type": "Polygon", "coordinates": [ [ [ 21.249277, 52.166188 ], [ 21.2515, 52.168394 ], [ 21.255719, 52.168314 ], [ 21.257714, 52.166027 ], [ 21.255491, 52.16382 ], [ 21.251273, 52.163901 ], [ 21.249277, 52.166188 ] ] ] } },
{ "type": "Feature", "properties": { "fid": 2521, "hex_id": 2520 }, "geometry": { "type": "Polygon", "coordinates": [ [ [ 21.24905, 52.161695 ], [ 21.251273, 52.163901 ], [ 21.255491, 52.16382 ], [ 21.257487, 52.161533 ], [ 21.255264, 52.159327 ], [ 21.251046, 52.159408 ], [ 21.24905, 52.161695 ] ] ] } },
{ "type": "Feature", "properties": { "fid": 2522, "hex_id": 2521 }, "geometry": { "type": "Polygon", "coordinates": [ [ [ 21.248824, 52.157201 ], [ 21.251046, 52.159408 ], [ 21.255264, 52.159327 ], [ 21.257259, 52.15704 ], [ 21.255037, 52.154834 ], [ 21.250819, 52.154915 ], [ 21.248824, 52.157201 ] ] ] } },
{ "type": "Feature", "properties": { "fid": 2523, "hex_id": 2522 }, "geometry": { "type": "Polygon", "coordinates": [ [ [ 21.248597, 52.152708 ], [ 21.250819, 52.154915 ], [ 21.255037, 52.154834 ], [ 21.257032, 52.152547 ], [ 21.25481, 52.150341 ], [ 21.250593, 52.150421 ], [ 21.248597, 52.152708 ] ] ] } },
{ "type": "Feature", "properties": { "fid": 2524, "hex_id": 2523 }, "geometry": { "type": "Polygon", "coordinates": [ [ [ 21.248371, 52.148215 ], [ 21.250593, 52.150421 ], [ 21.25481, 52.150341 ], [ 21.256805, 52.148054 ], [ 21.254583, 52.145847 ], [ 21.250366, 52.145928 ], [ 21.248371, 52.148215 ] ] ] } },
{ "type": "Feature", "properties": { "fid": 2525, "hex_id": 2524 }, "geometry": { "type": "Polygon", "coordinates": [ [ [ 21.257995, 52.213245 ], [ 21.260221, 52.215452 ], [ 21.264444, 52.215371 ], [ 21.266441, 52.213084 ], [ 21.264215, 52.210877 ], [ 21.259992, 52.210958 ], [ 21.257995, 52.213245 ] ] ] } },
{ "type": "Feature", "properties": { "fid": 2526, "hex_id": 2525 }, "geometry": { "type": "Polygon", "coordinates": [ [ [ 21.257767, 52.208752 ], [ 21.259992, 52.210958 ], [ 21.264215, 52.210877 ], [ 21.266212, 52.20859 ], [ 21.263987, 52.206384 ], [ 21.259764, 52.206465 ], [ 21.257767, 52.208752 ] ] ] } },
{ "type": "Feature", "properties": { "fid": 2527, "hex_id": 2526 }, "geometry": { "type": "Polygon", "coordinates": [ [ [ 21.256856, 52.19078 ], [ 21.25908, 52.192986 ], [ 21.263302, 52.192905 ], [ 21.265298, 52.190618 ], [ 21.263073, 52.188412 ], [ 21.258853, 52.188493 ], [ 21.256856, 52.19078 ] ] ] } },
{ "type": "Feature", "properties": { "fid": 2528, "hex_id": 2527 }, "geometry": { "type": "Polygon", "coordinates": [ [ [ 21.256628, 52.186286 ], [ 21.258853, 52.188493 ], [ 21.263073, 52.188412 ], [ 21.26507, 52.186125 ], [ 21.262845, 52.183919 ], [ 21.258625, 52.183999 ], [ 21.256628, 52.186286 ] ] ] } },
{ "type": "Feature", "properties": { "fid": 2529, "hex_id": 2528 }, "geometry": { "type": "Polygon", "coordinates": [ [ [ 21.256401, 52.181793 ], [ 21.258625, 52.183999 ], [ 21.262845, 52.183919 ], [ 21.264841, 52.181631 ], [ 21.262617, 52.179425 ], [ 21.258397, 52.179506 ], [ 21.256401, 52.181793 ] ] ] } },
{ "type": "Feature", "properties": { "fid": 2530, "hex_id": 2529 }, "geometry": { "type": "Polygon", "coordinates": [ [ [ 21.256173, 52.1773 ], [ 21.258397, 52.179506 ], [ 21.262617, 52.179425 ], [ 21.264613, 52.177138 ], [ 21.262389, 52.174932 ], [ 21.258169, 52.175013 ], [ 21.256173, 52.1773 ] ] ] } },
{ "type": "Feature", "properties": { "fid": 2531, "hex_id": 2530 }, "geometry": { "type": "Polygon", "coordinates": [ [ [ 21.255946, 52.172807 ], [ 21.258169, 52.175013 ], [ 21.262389, 52.174932 ], [ 21.264385, 52.172645 ], [ 21.262161, 52.170439 ], [ 21.257942, 52.17052 ], [ 21.255946, 52.172807 ] ] ] } },
{ "type": "Feature", "properties": { "fid": 2532, "hex_id": 2531 }, "geometry": { "type": "Polygon", "coordinates": [ [ [ 21.255719, 52.168314 ], [ 21.257942, 52.17052 ], [ 21.262161, 52.170439 ], [ 21.264156, 52.168152 ], [ 21.261933, 52.165946 ], [ 21.257714, 52.166027 ], [ 21.255719, 52.168314 ] ] ] } },
{ "type": "Feature", "properties": { "fid": 2533, "hex_id": 2532 }, "geometry": { "type": "Polygon", "coordinates": [ [ [ 21.255491, 52.16382 ], [ 21.257714, 52.166027 ], [ 21.261933, 52.165946 ], [ 21.263928, 52.163659 ], [ 21.261705, 52.161453 ], [ 21.257487, 52.161533 ], [ 21.255491, 52.16382 ] ] ] } },
{ "type": "Feature", "properties": { "fid": 2534, "hex_id": 2533 }, "geometry": { "type": "Polygon", "coordinates": [ [ [ 21.255264, 52.159327 ], [ 21.257487, 52.161533 ], [ 21.261705, 52.161453 ], [ 21.2637, 52.159165 ], [ 21.261477, 52.156959 ], [ 21.257259, 52.15704 ], [ 21.255264, 52.159327 ] ] ] } },
{ "type": "Feature", "properties": { "fid": 2535, "hex_id": 2534 }, "geometry": { "type": "Polygon", "coordinates": [ [ [ 21.255037, 52.154834 ], [ 21.257259, 52.15704 ], [ 21.261477, 52.156959 ], [ 21.263472, 52.154672 ], [ 21.261249, 52.152466 ], [ 21.257032, 52.152547 ], [ 21.255037, 52.154834 ] ] ] } },
{ "type": "Feature", "properties": { "fid": 2536, "hex_id": 2535 }, "geometry": { "type": "Polygon", "coordinates": [ [ [ 21.25481, 52.150341 ], [ 21.257032, 52.152547 ], [ 21.261249, 52.152466 ], [ 21.263244, 52.150179 ], [ 21.261022, 52.147973 ], [ 21.256805, 52.148054 ], [ 21.25481, 52.150341 ] ] ] } },
{ "type": "Feature", "properties": { "fid": 2537, "hex_id": 2536 }, "geometry": { "type": "Polygon", "coordinates": [ [ [ 21.254583, 52.145847 ], [ 21.256805, 52.148054 ], [ 21.261022, 52.147973 ], [ 21.263016, 52.145686 ], [ 21.260794, 52.14348 ], [ 21.256577, 52.143561 ], [ 21.254583, 52.145847 ] ] ] } },
{ "type": "Feature", "properties": { "fid": 2538, "hex_id": 2537 }, "geometry": { "type": "Polygon", "coordinates": [ [ [ 21.263073, 52.188412 ], [ 21.265298, 52.190618 ], [ 21.269519, 52.190537 ], [ 21.271515, 52.188249 ], [ 21.26929, 52.186043 ], [ 21.26507, 52.186125 ], [ 21.263073, 52.188412 ] ] ] } },
{ "type": "Feature", "properties": { "fid": 2539, "hex_id": 2538 }, "geometry": { "type": "Polygon", "coordinates": [ [ [ 21.262845, 52.183919 ], [ 21.26507, 52.186125 ], [ 21.26929, 52.186043 ], [ 21.271286, 52.183756 ], [ 21.269061, 52.18155 ], [ 21.264841, 52.181631 ], [ 21.262845, 52.183919 ] ] ] } },
{ "type": "Feature", "properties": { "fid": 2540, "hex_id": 2539 }, "geometry": { "type": "Polygon", "coordinates": [ [ [ 21.262617, 52.179425 ], [ 21.264841, 52.181631 ], [ 21.269061, 52.18155 ], [ 21.271057, 52.179263 ], [ 21.268832, 52.177057 ], [ 21.264613, 52.177138 ], [ 21.262617, 52.179425 ] ] ] } },
{ "type": "Feature", "properties": { "fid": 2541, "hex_id": 2540 }, "geometry": { "type": "Polygon", "coordinates": [ [ [ 21.262389, 52.174932 ], [ 21.264613, 52.177138 ], [ 21.268832, 52.177057 ], [ 21.270828, 52.17477 ], [ 21.268604, 52.172564 ], [ 21.264385, 52.172645 ], [ 21.262389, 52.174932 ] ] ] } },
{ "type": "Feature", "properties": { "fid": 2542, "hex_id": 2541 }, "geometry": { "type": "Polygon", "coordinates": [ [ [ 21.262161, 52.170439 ], [ 21.264385, 52.172645 ], [ 21.268604, 52.172564 ], [ 21.270599, 52.170277 ], [ 21.268375, 52.168071 ], [ 21.264156, 52.168152 ], [ 21.262161, 52.170439 ] ] ] } },
{ "type": "Feature", "properties": { "fid": 2543, "hex_id": 2542 }, "geometry": { "type": "Polygon", "coordinates": [ [ [ 21.261933, 52.165946 ], [ 21.264156, 52.168152 ], [ 21.268375, 52.168071 ], [ 21.27037, 52.165784 ], [ 21.268147, 52.163578 ], [ 21.263928, 52.163659 ], [ 21.261933, 52.165946 ] ] ] } },
{ "type": "Feature", "properties": { "fid": 2544, "hex_id": 2543 }, "geometry": { "type": "Polygon", "coordinates": [ [ [ 21.261249, 52.152466 ], [ 21.263472, 52.154672 ], [ 21.26769, 52.154591 ], [ 21.269684, 52.152304 ], [ 21.267461, 52.150098 ], [ 21.263244, 52.150179 ], [ 21.261249, 52.152466 ] ] ] } },
{ "type": "Feature", "properties": { "fid": 2545, "hex_id": 2544 }, "geometry": { "type": "Polygon", "coordinates": [ [ [ 21.268604, 52.172564 ], [ 21.270828, 52.17477 ], [ 21.275047, 52.174689 ], [ 21.277042, 52.172401 ], [ 21.274818, 52.170195 ], [ 21.270599, 52.170277 ], [ 21.268604, 52.172564 ] ] ] } },
{ "type": "Feature", "properties": { "fid": 2546, "hex_id": 2545 }, "geometry": { "type": "Polygon", "coordinates": [ [ [ 21.268375, 52.168071 ], [ 21.270599, 52.170277 ], [ 21.274818, 52.170195 ], [ 21.276813, 52.167908 ], [ 21.274589, 52.165702 ], [ 21.27037, 52.165784 ], [ 21.268375, 52.168071 ] ] ] } }
]
}
