{
"type": "FeatureCollection",
"name": "boundary_woj",
"crs": { "type": "name", "properties": { "name": "urn:ogc:def:crs:OGC:1.3:CRS84" } },
"xy_coordinate_resolution": 1e-06,
"features": [
{ "type": "Feature", "properties": { "fid": 1, "id": 20753, "left": 538626.2217106896, "top": 337664.50453377428, "right": 539780.92224906886, "bottom": 336664.50453377428, "row_index": 165, "col_index": 119, "hex_id": 0 }, "geometry": { "type": "Polygon", "coordinates": [ [ [ 18.074662, 51.342967 ], [ 18.074662, 51.342968 ], [ 18.078713, 51.347492 ], [ 18.078714, 51.347495 ], [ 18.078714, 51.347498 ], [ 18.078713, 51.347501 ], [ 18.074481, 51.35196 ], [ 18.074481, 51.351961 ], [ 18.074481, 51.351961 ], [ 18.078536, 51.35649 ], [ 18.078537, 51.35649 ], [ 18.078538, 51.35649 ], [ 18.086821, 51.356555 ], [ 18.086826, 51.356556 ], [ 18.08683, 51.356557 ], [ 18.086834, 51.35656 ], [ 18.090883, 51.36108 ], [ 18.090885, 51.361083 ], [ 18.090885, 51.361086 ], [ 18.090883, 51.361089 ], [ 18.086651, 51.365548 ], [ 18.086651, 51.365549 ], [ 18.086651, 51.365549 ], [ 18.090708, 51.370077 ], [ 18.090709, 51.370078 ], [ 18.09071, 51.370078 ], [ 18.099003, 51.370142 ], [ 18.099004, 51.370142 ], [ 18.099005, 51.370141 ], [ 18.103236, 51.365681 ], [ 18.103239, 51.365679 ], [ 18.103243, 51.365677 ], [ 18.103248, 51.365677 ], [ 18.111534, 51.36574 ], [ 18.111535, 51.36574 ], [ 18.111536, 51.365739 ], [ 18.115765, 51.361279 ], [ 18.115768, 51.361277 ], [ 18.115772, 51.361275 ], [ 18.115777, 51.361275 ], [ 18.124055, 51.361337 ], [ 18.124059, 51.361337 ], [ 18.124064, 51.361339 ], [ 18.124067, 51.361341 ], [ 18.12812, 51.36586 ], [ 18.128122, 51.365863 ], [ 18.128122, 51.365866 ], [ 18.12812, 51.365869 ], [ 18.123892, 51.37033 ], [ 18.123891, 51.37033 ], [ 18.123892, 51.370331 ], [ 18.12795, 51.374854 ], [ 18.127951, 51.374857 ], [ 18.127951, 51.37486 ], [ 18.127949, 51.374863 ], [ 18.12372, 51.379323 ], [ 18.12372, 51.379324 ], [ 18.12372, 51.379325 ], [ 18.127782, 51.383851 ], [ 18.127783, 51.383852 ], [ 18.127784, 51.383852 ], [ 18.136073, 51.383913 ], [ 18.136077, 51.383914 ], [ 18.136082, 51.383915 ], [ 18.136085, 51.383918 ], [ 18.140142, 51.388436 ], [ 18.140143, 51.388439 ], [ 18.140143, 51.388442 ], [ 18.140141, 51.388445 ], [ 18.135912, 51.392906 ], [ 18.135912, 51.392907 ], [ 18.135912, 51.392907 ], [ 18.139976, 51.397433 ], [ 18.139977, 51.397434 ], [ 18.139978, 51.397434 ], [ 18.148276, 51.397495 ], [ 18.148278, 51.397495 ], [ 18.148278, 51.397494 ], [ 18.152507, 51.393032 ], [ 18.15251, 51.39303 ], [ 18.152514, 51.393029 ], [ 18.152519, 51.393028 ], [ 18.160803, 51.393088 ], [ 18.160807, 51.393088 ], [ 18.160812, 51.39309 ], [ 18.160815, 51.393092 ], [ 18.164878, 51.397614 ], [ 18.164879, 51.397614 ], [ 18.16488, 51.397614 ], [ 18.173178, 51.397673 ], [ 18.173179, 51.397673 ], [ 18.17318, 51.397672 ], [ 18.177406, 51.39321 ], [ 18.17741, 51.393208 ], [ 18.177414, 51.393206 ], [ 18.177419, 51.393206 ], [ 18.185702, 51.393263 ], [ 18.185707, 51.393264 ], [ 18.185711, 51.393266 ], [ 18.185715, 51.393268 ], [ 18.18978, 51.397788 ], [ 18.189781, 51.397789 ], [ 18.189782, 51.397789 ], [ 18.198073, 51.397846 ], [ 18.198078, 51.397847 ], [ 18.198083, 51.397848 ], [ 18.198086, 51.397851 ], [ 18.20215, 51.402367 ], [ 18.202152, 51.40237 ], [ 18.202151, 51.402373 ], [ 18.20215, 51.402376 ], [ 18.197925, 51.406839 ], [ 18.197925, 51.40684 ], [ 18.197925, 51.406841 ], [ 18.201993, 51.41136 ], [ 18.201995, 51.411363 ], [ 18.201995, 51.411367 ], [ 18.201993, 51.411369 ], [ 18.197768, 51.415833 ], [ 18.197767, 51.415833 ], [ 18.197768, 51.415834 ], [ 18.201837, 51.420354 ], [ 18.201838, 51.420357 ], [ 18.201838, 51.42036 ], [ 18.201837, 51.420363 ], [ 18.19761, 51.424826 ], [ 18.19761, 51.424827 ], [ 18.19761, 51.424828 ], [ 18.20168, 51.429348 ], [ 18.201682, 51.429351 ], [ 18.201682, 51.429354 ], [ 18.20168, 51.429357 ], [ 18.197456, 51.433816 ], [ 18.197453, 51.433819 ], [ 18.197449, 51.43382 ], [ 18.197444, 51.433821 ], [ 18.189146, 51.433764 ], [ 18.189145, 51.433764 ], [ 18.189144, 51.433764 ], [ 18.184912, 51.438231 ], [ 18.184911, 51.438232 ], [ 18.184912, 51.438232 ], [ 18.188981, 51.442753 ], [ 18.188983, 51.442756 ], [ 18.188983, 51.442759 ], [ 18.188981, 51.442762 ], [ 18.184752, 51.447225 ], [ 18.184751, 51.447225 ], [ 18.184752, 51.447226 ], [ 18.188826, 51.45175 ], [ 18.188826, 51.451751 ], [ 18.188827, 51.451751 ], [ 18.197128, 51.451808 ], [ 18.197133, 51.451809 ], [ 18.197138, 51.45181 ], [ 18.197141, 51.451813 ], [ 18.201213, 51.456333 ], [ 18.201214, 51.456333 ], [ 18.201215, 51.456333 ], [ 18.209517, 51.45639 ], [ 18.209522, 51.45639 ], [ 18.209526, 51.456392 ], [ 18.209529, 51.456394 ], [ 18.213603, 51.460914 ], [ 18.213603, 51.460914 ], [ 18.213605, 51.460914 ], [ 18.221914, 51.46097 ], [ 18.221915, 51.46097 ], [ 18.221916, 51.460969 ], [ 18.226144, 51.456505 ], [ 18.226147, 51.456503 ], [ 18.226151, 51.456501 ], [ 18.226156, 51.456501 ], [ 18.234458, 51.456555 ], [ 18.234459, 51.456555 ], [ 18.23446, 51.456554 ], [ 18.238686, 51.45209 ], [ 18.238689, 51.452087 ], [ 18.238693, 51.452086 ], [ 18.238698, 51.452085 ], [ 18.246999, 51.452139 ], [ 18.247, 51.452139 ], [ 18.247001, 51.452138 ], [ 18.251225, 51.447673 ], [ 18.251228, 51.447671 ], [ 18.251233, 51.447669 ], [ 18.251238, 51.447669 ], [ 18.259538, 51.447721 ], [ 18.259539, 51.447721 ], [ 18.25954, 51.447721 ], [ 18.263762, 51.443255 ], [ 18.263766, 51.443253 ], [ 18.26377, 51.443251 ], [ 18.263775, 51.443251 ], [ 18.272075, 51.443303 ], [ 18.272076, 51.443302 ], [ 18.272076, 51.443302 ], [ 18.276297, 51.438836 ], [ 18.276301, 51.438834 ], [ 18.276305, 51.438832 ], [ 18.27631, 51.438831 ], [ 18.284609, 51.438882 ], [ 18.28461, 51.438882 ], [ 18.284611, 51.438882 ], [ 18.28883, 51.434415 ], [ 18.288833, 51.434413 ], [ 18.288837, 51.434411 ], [ 18.288842, 51.434411 ], [ 18.29714, 51.434461 ], [ 18.297141, 51.434461 ], [ 18.297142, 51.43446 ], [ 18.30136, 51.429993 ], [ 18.301363, 51.429991 ], [ 18.301367, 51.429989 ], [ 18.301372, 51.429989 ], [ 18.309669, 51.430038 ], [ 18.309671, 51.430038 ], [ 18.309671, 51.430037 ], [ 18.313887, 51.42557 ], [ 18.31389, 51.425568 ], [ 18.313895, 51.425566 ], [ 18.3139, 51.425565 ], [ 18.322189, 51.425614 ], [ 18.322194, 51.425614 ], [ 18.322198, 51.425616 ], [ 18.322202, 51.425618 ], [ 18.326284, 51.430134 ], [ 18.326285, 51.430135 ], [ 18.326286, 51.430135 ], [ 18.334583, 51.430182 ], [ 18.334588, 51.430183 ], [ 18.334592, 51.430184 ], [ 18.334595, 51.430187 ], [ 18.338676, 51.434698 ], [ 18.338677, 51.434701 ], [ 18.338677, 51.434704 ], [ 18.338676, 51.434707 ], [ 18.334461, 51.439175 ], [ 18.334461, 51.439176 ], [ 18.334461, 51.439177 ], [ 18.338546, 51.443692 ], [ 18.338547, 51.443695 ], [ 18.338547, 51.443698 ], [ 18.338546, 51.443701 ], [ 18.33433, 51.448169 ], [ 18.33433, 51.44817 ], [ 18.33433, 51.448171 ], [ 18.338419, 51.45269 ], [ 18.33842, 51.45269 ], [ 18.338421, 51.45269 ], [ 18.346723, 51.452737 ], [ 18.346728, 51.452738 ], [ 18.346732, 51.452739 ], [ 18.346735, 51.452742 ], [ 18.350819, 51.457253 ], [ 18.35082, 51.457255 ], [ 18.35082, 51.457259 ], [ 18.350818, 51.457262 ], [ 18.346603, 51.46173 ], [ 18.346603, 51.461731 ], [ 18.346603, 51.461732 ], [ 18.350691, 51.466246 ], [ 18.350693, 51.466249 ], [ 18.350693, 51.466253 ], [ 18.350691, 51.466255 ], [ 18.346475, 51.470724 ], [ 18.346474, 51.470725 ], [ 18.346475, 51.470725 ], [ 18.350567, 51.475244 ], [ 18.350567, 51.475245 ], [ 18.350569, 51.475245 ], [ 18.358874, 51.475291 ], [ 18.358879, 51.475291 ], [ 18.358883, 51.475293 ], [ 18.358887, 51.475295 ], [ 18.362977, 51.47981 ], [ 18.362977, 51.47981 ], [ 18.362979, 51.47981 ], [ 18.371285, 51.479855 ], [ 18.37129, 51.479856 ], [ 18.371294, 51.479857 ], [ 18.371297, 51.47986 ], [ 18.375386, 51.48437 ], [ 18.375387, 51.484373 ], [ 18.375387, 51.484376 ], [ 18.375386, 51.484379 ], [ 18.37117, 51.488848 ], [ 18.37117, 51.488849 ], [ 18.37117, 51.48885 ], [ 18.375263, 51.493364 ], [ 18.375265, 51.493367 ], [ 18.375264, 51.49337 ], [ 18.375263, 51.493373 ], [ 18.371047, 51.497842 ], [ 18.371046, 51.497843 ], [ 18.371046, 51.497844 ], [ 18.37514, 51.502358 ], [ 18.375142, 51.50236 ], [ 18.375142, 51.502364 ], [ 18.37514, 51.502367 ], [ 18.370923, 51.506836 ], [ 18.370922, 51.506837 ], [ 18.370923, 51.506837 ], [ 18.375017, 51.511351 ], [ 18.375019, 51.511354 ], [ 18.375018, 51.511357 ], [ 18.375017, 51.51136 ], [ 18.370802, 51.515826 ], [ 18.370799, 51.515829 ], [ 18.370795, 51.51583 ], [ 18.37079, 51.515831 ], [ 18.362477, 51.515786 ], [ 18.362476, 51.515786 ], [ 18.362475, 51.515786 ], [ 18.358252, 51.520259 ], [ 18.358251, 51.52026 ], [ 18.358252, 51.520261 ], [ 18.362346, 51.524775 ], [ 18.362348, 51.524778 ], [ 18.362348, 51.524781 ], [ 18.362346, 51.524784 ], [ 18.358129, 51.529249 ], [ 18.358126, 51.529252 ], [ 18.358121, 51.529253 ], [ 18.358116, 51.529254 ], [ 18.349801, 51.529208 ], [ 18.3498, 51.529208 ], [ 18.349799, 51.529209 ], [ 18.345574, 51.533681 ], [ 18.345573, 51.533682 ], [ 18.345574, 51.533682 ], [ 18.349668, 51.538197 ], [ 18.349669, 51.5382 ], [ 18.349669, 51.538203 ], [ 18.349667, 51.538206 ], [ 18.345445, 51.542675 ], [ 18.345444, 51.542675 ], [ 18.345445, 51.542676 ], [ 18.349543, 51.547195 ], [ 18.349544, 51.547195 ], [ 18.349545, 51.547196 ], [ 18.357863, 51.547241 ], [ 18.357868, 51.547242 ], [ 18.357873, 51.547243 ], [ 18.357876, 51.547246 ], [ 18.361969, 51.551756 ], [ 18.36197, 51.551759 ], [ 18.36197, 51.551763 ], [ 18.361969, 51.551765 ], [ 18.357746, 51.556234 ], [ 18.357745, 51.556235 ], [ 18.357746, 51.556236 ], [ 18.361843, 51.56075 ], [ 18.361845, 51.560753 ], [ 18.361845, 51.560756 ], [ 18.361843, 51.560759 ], [ 18.357619, 51.565228 ], [ 18.357619, 51.565229 ], [ 18.357619, 51.56523 ], [ 18.361717, 51.569744 ], [ 18.361719, 51.569747 ], [ 18.361719, 51.56975 ], [ 18.361717, 51.569753 ], [ 18.357492, 51.574222 ], [ 18.357492, 51.574223 ], [ 18.357492, 51.574223 ], [ 18.361591, 51.578738 ], [ 18.361593, 51.578741 ], [ 18.361593, 51.578744 ], [ 18.361591, 51.578747 ], [ 18.357365, 51.583216 ], [ 18.357365, 51.583216 ], [ 18.357365, 51.583217 ], [ 18.361465, 51.587732 ], [ 18.361467, 51.587734 ], [ 18.361467, 51.587738 ], [ 18.361465, 51.58774 ], [ 18.357242, 51.592206 ], [ 18.357239, 51.592208 ], [ 18.357234, 51.59221 ], [ 18.357229, 51.59221 ], [ 18.348903, 51.592164 ], [ 18.348901, 51.592164 ], [ 18.348901, 51.592165 ], [ 18.344669, 51.596637 ], [ 18.344669, 51.596638 ], [ 18.344669, 51.596639 ], [ 18.348769, 51.601153 ], [ 18.34877, 51.601156 ], [ 18.34877, 51.601159 ], [ 18.348769, 51.601162 ], [ 18.34454, 51.605631 ], [ 18.344539, 51.605632 ], [ 18.34454, 51.605632 ], [ 18.348643, 51.610151 ], [ 18.348644, 51.610151 ], [ 18.348645, 51.610152 ], [ 18.356975, 51.610197 ], [ 18.35698, 51.610198 ], [ 18.356985, 51.6102 ], [ 18.356988, 51.610202 ], [ 18.361086, 51.614713 ], [ 18.361088, 51.614716 ], [ 18.361088, 51.614719 ], [ 18.361086, 51.614722 ], [ 18.356861, 51.619187 ], [ 18.356858, 51.619189 ], [ 18.356853, 51.619191 ], [ 18.356848, 51.619191 ], [ 18.348517, 51.619145 ], [ 18.348515, 51.619145 ], [ 18.348515, 51.619146 ], [ 18.34428, 51.623618 ], [ 18.34428, 51.623619 ], [ 18.34428, 51.62362 ], [ 18.348382, 51.628134 ], [ 18.348384, 51.628137 ], [ 18.348384, 51.62814 ], [ 18.348382, 51.628143 ], [ 18.344151, 51.632612 ], [ 18.34415, 51.632612 ], [ 18.344151, 51.632613 ], [ 18.348257, 51.637132 ], [ 18.348258, 51.637132 ], [ 18.348259, 51.637133 ], [ 18.356594, 51.637179 ], [ 18.356599, 51.637179 ], [ 18.356603, 51.637181 ], [ 18.356606, 51.637183 ], [ 18.360711, 51.641697 ], [ 18.360712, 51.641698 ], [ 18.360713, 51.641698 ], [ 18.369049, 51.641743 ], [ 18.369054, 51.641744 ], [ 18.369058, 51.641745 ], [ 18.369061, 51.641748 ], [ 18.373164, 51.646258 ], [ 18.373165, 51.646261 ], [ 18.373165, 51.646264 ], [ 18.373163, 51.646267 ], [ 18.368936, 51.650732 ], [ 18.368933, 51.650735 ], [ 18.368929, 51.650736 ], [ 18.368924, 51.650737 ], [ 18.360586, 51.650692 ], [ 18.360585, 51.650692 ], [ 18.360584, 51.650692 ], [ 18.356352, 51.655161 ], [ 18.356349, 51.655164 ], [ 18.356344, 51.655165 ], [ 18.356339, 51.655166 ], [ 18.348001, 51.65512 ], [ 18.348, 51.65512 ], [ 18.347999, 51.65512 ], [ 18.343761, 51.659593 ], [ 18.343761, 51.659593 ], [ 18.343761, 51.659594 ], [ 18.347866, 51.664109 ], [ 18.347868, 51.664112 ], [ 18.347868, 51.664115 ], [ 18.347866, 51.664118 ], [ 18.343631, 51.668586 ], [ 18.343631, 51.668587 ], [ 18.343631, 51.668588 ], [ 18.347741, 51.673106 ], [ 18.347742, 51.673107 ], [ 18.347743, 51.673107 ], [ 18.356084, 51.673153 ], [ 18.356089, 51.673154 ], [ 18.356094, 51.673155 ], [ 18.356097, 51.673158 ], [ 18.360201, 51.677668 ], [ 18.360203, 51.677671 ], [ 18.360203, 51.677674 ], [ 18.360201, 51.677677 ], [ 18.355966, 51.682146 ], [ 18.355965, 51.682147 ], [ 18.355966, 51.682147 ], [ 18.360078, 51.686666 ], [ 18.360078, 51.686666 ], [ 18.360079, 51.686666 ], [ 18.368424, 51.686711 ], [ 18.368429, 51.686712 ], [ 18.368433, 51.686714 ], [ 18.368436, 51.686716 ], [ 18.372546, 51.69123 ], [ 18.372547, 51.69123 ], [ 18.372548, 51.691231 ], [ 18.380893, 51.691275 ], [ 18.380898, 51.691275 ], [ 18.380902, 51.691277 ], [ 18.380906, 51.691279 ], [ 18.385014, 51.695789 ], [ 18.385015, 51.695792 ], [ 18.385015, 51.695795 ], [ 18.385014, 51.695798 ], [ 18.380779, 51.700268 ], [ 18.380779, 51.700269 ], [ 18.380779, 51.700269 ], [ 18.384895, 51.704787 ], [ 18.384896, 51.704787 ], [ 18.384897, 51.704787 ], [ 18.393245, 51.704831 ], [ 18.39325, 51.704831 ], [ 18.393254, 51.704833 ], [ 18.393257, 51.704835 ], [ 18.397371, 51.709348 ], [ 18.397372, 51.709349 ], [ 18.397373, 51.709349 ], [ 18.405722, 51.709392 ], [ 18.405727, 51.709392 ], [ 18.405731, 51.709394 ], [ 18.405734, 51.709396 ], [ 18.409846, 51.713905 ], [ 18.409848, 51.713908 ], [ 18.409848, 51.713911 ], [ 18.409846, 51.713914 ], [ 18.405616, 51.718381 ], [ 18.405613, 51.718383 ], [ 18.405609, 51.718385 ], [ 18.405604, 51.718385 ], [ 18.397254, 51.718343 ], [ 18.397252, 51.718343 ], [ 18.397252, 51.718343 ], [ 18.393013, 51.722817 ], [ 18.393013, 51.722818 ], [ 18.393013, 51.722819 ], [ 18.397132, 51.727336 ], [ 18.397133, 51.727336 ], [ 18.397134, 51.727336 ], [ 18.405486, 51.727379 ], [ 18.405491, 51.727379 ], [ 18.405495, 51.727381 ], [ 18.405498, 51.727383 ], [ 18.409616, 51.731896 ], [ 18.409616, 51.731897 ], [ 18.409617, 51.731897 ], [ 18.41797, 51.731938 ], [ 18.417975, 51.731939 ], [ 18.417979, 51.731941 ], [ 18.417983, 51.731943 ], [ 18.422098, 51.736451 ], [ 18.4221, 51.736454 ], [ 18.4221, 51.736457 ], [ 18.422098, 51.73646 ], [ 18.417867, 51.740928 ], [ 18.417864, 51.74093 ], [ 18.417859, 51.740931 ], [ 18.417855, 51.740932 ], [ 18.4095, 51.74089 ], [ 18.409499, 51.74089 ], [ 18.409498, 51.740891 ], [ 18.405262, 51.745362 ], [ 18.405259, 51.745364 ], [ 18.405255, 51.745365 ], [ 18.40525, 51.745366 ], [ 18.396895, 51.745323 ], [ 18.396893, 51.745323 ], [ 18.396893, 51.745324 ], [ 18.392651, 51.749798 ], [ 18.392651, 51.749799 ], [ 18.392651, 51.749799 ], [ 18.396773, 51.754316 ], [ 18.396774, 51.754317 ], [ 18.396775, 51.754317 ], [ 18.405132, 51.75436 ], [ 18.405136, 51.75436 ], [ 18.405141, 51.754362 ], [ 18.405144, 51.754364 ], [ 18.409264, 51.758877 ], [ 18.409265, 51.758877 ], [ 18.409266, 51.758877 ], [ 18.417623, 51.758919 ], [ 18.417628, 51.75892 ], [ 18.417633, 51.758921 ], [ 18.417636, 51.758924 ], [ 18.421754, 51.763432 ], [ 18.421755, 51.763435 ], [ 18.421755, 51.763438 ], [ 18.421754, 51.763441 ], [ 18.417517, 51.767912 ], [ 18.417516, 51.767913 ], [ 18.417517, 51.767913 ], [ 18.421639, 51.772426 ], [ 18.42164, 51.772429 ], [ 18.42164, 51.772432 ], [ 18.421639, 51.772435 ], [ 18.417404, 51.776902 ], [ 18.417401, 51.776904 ], [ 18.417397, 51.776906 ], [ 18.417392, 51.776906 ], [ 18.409031, 51.776864 ], [ 18.40903, 51.776865 ], [ 18.409029, 51.776865 ], [ 18.404786, 51.781339 ], [ 18.404785, 51.78134 ], [ 18.404786, 51.781341 ], [ 18.408908, 51.785853 ], [ 18.40891, 51.785856 ], [ 18.40891, 51.78586 ], [ 18.408908, 51.785862 ], [ 18.404667, 51.790333 ], [ 18.404667, 51.790334 ], [ 18.404667, 51.790334 ], [ 18.408794, 51.794851 ], [ 18.408795, 51.794851 ], [ 18.408796, 51.794852 ], [ 18.41716, 51.794893 ], [ 18.417165, 51.794894 ], [ 18.417169, 51.794895 ], [ 18.417172, 51.794898 ], [ 18.421294, 51.799406 ], [ 18.421295, 51.799409 ], [ 18.421295, 51.799412 ], [ 18.421293, 51.799415 ], [ 18.417053, 51.803886 ], [ 18.417053, 51.803887 ], [ 18.417053, 51.803887 ], [ 18.421182, 51.808404 ], [ 18.421183, 51.808404 ], [ 18.421184, 51.808404 ], [ 18.429551, 51.808445 ], [ 18.429555, 51.808446 ], [ 18.42956, 51.808447 ], [ 18.429563, 51.80845 ], [ 18.433687, 51.812958 ], [ 18.433688, 51.812961 ], [ 18.433688, 51.812964 ], [ 18.433687, 51.812967 ], [ 18.429446, 51.817438 ], [ 18.429446, 51.817439 ], [ 18.429446, 51.817439 ], [ 18.433574, 51.821951 ], [ 18.433576, 51.821954 ], [ 18.433576, 51.821957 ], [ 18.433574, 51.82196 ], [ 18.429332, 51.826431 ], [ 18.429332, 51.826432 ], [ 18.429332, 51.826433 ], [ 18.433465, 51.830948 ], [ 18.433465, 51.830949 ], [ 18.433466, 51.830949 ], [ 18.441837, 51.830989 ], [ 18.441842, 51.83099 ], [ 18.441847, 51.830991 ], [ 18.44185, 51.830994 ], [ 18.44598, 51.835505 ], [ 18.445981, 51.835506 ], [ 18.445982, 51.835506 ], [ 18.454354, 51.835545 ], [ 18.454359, 51.835545 ], [ 18.454363, 51.835547 ], [ 18.454366, 51.835549 ], [ 18.458495, 51.840057 ], [ 18.458497, 51.840059 ], [ 18.458497, 51.840063 ], [ 18.458495, 51.840066 ], [ 18.454254, 51.844538 ], [ 18.454254, 51.844538 ], [ 18.454254, 51.844539 ], [ 18.458391, 51.849054 ], [ 18.458391, 51.849054 ], [ 18.458392, 51.849055 ], [ 18.466767, 51.849093 ], [ 18.466772, 51.849093 ], [ 18.466776, 51.849095 ], [ 18.466779, 51.849097 ], [ 18.470914, 51.853608 ], [ 18.470915, 51.853608 ], [ 18.470916, 51.853609 ], [ 18.479291, 51.853646 ], [ 18.479296, 51.853646 ], [ 18.4793, 51.853648 ], [ 18.479303, 51.85365 ], [ 18.48344, 51.858161 ], [ 18.48344, 51.858161 ], [ 18.483441, 51.858161 ], [ 18.491818, 51.858198 ], [ 18.491822, 51.858198 ], [ 18.491827, 51.8582 ], [ 18.49183, 51.858202 ], [ 18.495968, 51.862712 ], [ 18.495969, 51.862712 ], [ 18.49597, 51.862713 ], [ 18.504354, 51.862748 ], [ 18.504355, 51.862748 ], [ 18.504356, 51.862747 ], [ 18.508593, 51.858273 ], [ 18.508596, 51.858271 ], [ 18.508601, 51.85827 ], [ 18.508606, 51.858269 ], [ 18.516982, 51.858304 ], [ 18.516983, 51.858304 ], [ 18.516984, 51.858303 ], [ 18.521223, 51.853825 ], [ 18.521224, 51.853824 ], [ 18.521223, 51.853823 ], [ 18.517084, 51.849315 ], [ 18.517082, 51.849312 ], [ 18.517082, 51.849309 ], [ 18.517084, 51.849306 ], [ 18.521319, 51.844831 ], [ 18.521319, 51.84483 ], [ 18.521319, 51.84483 ], [ 18.51718, 51.840321 ], [ 18.517178, 51.840318 ], [ 18.517178, 51.840315 ], [ 18.51718, 51.840312 ], [ 18.52141, 51.835841 ], [ 18.521414, 51.835839 ], [ 18.521418, 51.835837 ], [ 18.521423, 51.835837 ], [ 18.529788, 51.835871 ], [ 18.529793, 51.835871 ], [ 18.529797, 51.835873 ], [ 18.5298, 51.835875 ], [ 18.533936, 51.84038 ], [ 18.533938, 51.840383 ], [ 18.533938, 51.840386 ], [ 18.533936, 51.840389 ], [ 18.529703, 51.844864 ], [ 18.529703, 51.844864 ], [ 18.529703, 51.844865 ], [ 18.533847, 51.849377 ], [ 18.533848, 51.849378 ], [ 18.533849, 51.849378 ], [ 18.542223, 51.849411 ], [ 18.542228, 51.849411 ], [ 18.542233, 51.849413 ], [ 18.542236, 51.849415 ], [ 18.546378, 51.853923 ], [ 18.546379, 51.853924 ], [ 18.54638, 51.853924 ], [ 18.554762, 51.853956 ], [ 18.554764, 51.853956 ], [ 18.554764, 51.853955 ], [ 18.558996, 51.849479 ], [ 18.558999, 51.849477 ], [ 18.559003, 51.849475 ], [ 18.559008, 51.849475 ], [ 18.567376, 51.849506 ], [ 18.567381, 51.849506 ], [ 18.567385, 51.849508 ], [ 18.567388, 51.84951 ], [ 18.571533, 51.854017 ], [ 18.571534, 51.854018 ], [ 18.571535, 51.854018 ], [ 18.579917, 51.854048 ], [ 18.579919, 51.854048 ], [ 18.579919, 51.854048 ], [ 18.584148, 51.849571 ], [ 18.584152, 51.849568 ], [ 18.584156, 51.849567 ], [ 18.584161, 51.849566 ], [ 18.592528, 51.849596 ], [ 18.592533, 51.849596 ], [ 18.592538, 51.849598 ], [ 18.592541, 51.8496 ], [ 18.596688, 51.854106 ], [ 18.596689, 51.854107 ], [ 18.59669, 51.854107 ], [ 18.605073, 51.854135 ], [ 18.605074, 51.854135 ], [ 18.605075, 51.854135 ], [ 18.609305, 51.849653 ], [ 18.609305, 51.849653 ], [ 18.609305, 51.849652 ], [ 18.605157, 51.845146 ], [ 18.605155, 51.845143 ], [ 18.605155, 51.84514 ], [ 18.605157, 51.845137 ], [ 18.609379, 51.840663 ], [ 18.609382, 51.840661 ], [ 18.609387, 51.840659 ], [ 18.609392, 51.840659 ], [ 18.617765, 51.840686 ], [ 18.617766, 51.840686 ], [ 18.617766, 51.840686 ], [ 18.621991, 51.836208 ], [ 18.621994, 51.836205 ], [ 18.621998, 51.836204 ], [ 18.622003, 51.836203 ], [ 18.630368, 51.83623 ], [ 18.630373, 51.83623 ], [ 18.630377, 51.836232 ], [ 18.630381, 51.836234 ], [ 18.63453, 51.840739 ], [ 18.634531, 51.84074 ], [ 18.634532, 51.84074 ], [ 18.642912, 51.840765 ], [ 18.642914, 51.840765 ], [ 18.642914, 51.840765 ], [ 18.647136, 51.836286 ], [ 18.647139, 51.836283 ], [ 18.647144, 51.836282 ], [ 18.647149, 51.836281 ], [ 18.655521, 51.836306 ], [ 18.655522, 51.836306 ], [ 18.655523, 51.836305 ], [ 18.659743, 51.831826 ], [ 18.659746, 51.831823 ], [ 18.65975, 51.831822 ], [ 18.659755, 51.831821 ], [ 18.668127, 51.831845 ], [ 18.668128, 51.831845 ], [ 18.668128, 51.831845 ], [ 18.672347, 51.827365 ], [ 18.67235, 51.827362 ], [ 18.672354, 51.827361 ], [ 18.672359, 51.82736 ], [ 18.680723, 51.827383 ], [ 18.680728, 51.827384 ], [ 18.680732, 51.827385 ], [ 18.680735, 51.827388 ], [ 18.684886, 51.831887 ], [ 18.684887, 51.83189 ], [ 18.684887, 51.831893 ], [ 18.684886, 51.831896 ], [ 18.680668, 51.836376 ], [ 18.680668, 51.836377 ], [ 18.680668, 51.836378 ], [ 18.684823, 51.840881 ], [ 18.684825, 51.840884 ], [ 18.684825, 51.840887 ], [ 18.684823, 51.84089 ], [ 18.680604, 51.84537 ], [ 18.680604, 51.845371 ], [ 18.680604, 51.845371 ], [ 18.684764, 51.849878 ], [ 18.684764, 51.849879 ], [ 18.684765, 51.849879 ], [ 18.69314, 51.849901 ], [ 18.693145, 51.849902 ], [ 18.69315, 51.849903 ], [ 18.693153, 51.849906 ], [ 18.697306, 51.854404 ], [ 18.697308, 51.854407 ], [ 18.697308, 51.85441 ], [ 18.697306, 51.854413 ], [ 18.693088, 51.858894 ], [ 18.693088, 51.858895 ], [ 18.693088, 51.858896 ], [ 18.697246, 51.863398 ], [ 18.697248, 51.863401 ], [ 18.697248, 51.863404 ], [ 18.697246, 51.863407 ], [ 18.693027, 51.867888 ], [ 18.693026, 51.867889 ], [ 18.693027, 51.867889 ], [ 18.697189, 51.872396 ], [ 18.69719, 51.872396 ], [ 18.697191, 51.872396 ], [ 18.70557, 51.872418 ], [ 18.705575, 51.872418 ], [ 18.705579, 51.87242 ], [ 18.705583, 51.872422 ], [ 18.70974, 51.87692 ], [ 18.709741, 51.876923 ], [ 18.709741, 51.876926 ], [ 18.70974, 51.876929 ], [ 18.70552, 51.881411 ], [ 18.70552, 51.881411 ], [ 18.70552, 51.881412 ], [ 18.709685, 51.885918 ], [ 18.709686, 51.885919 ], [ 18.709687, 51.885919 ], [ 18.718069, 51.885939 ], [ 18.718074, 51.88594 ], [ 18.718078, 51.885941 ], [ 18.718081, 51.885944 ], [ 18.722244, 51.890445 ], [ 18.722245, 51.890446 ], [ 18.722246, 51.890446 ], [ 18.730628, 51.890465 ], [ 18.730633, 51.890466 ], [ 18.730638, 51.890468 ], [ 18.730641, 51.89047 ], [ 18.734802, 51.894967 ], [ 18.734804, 51.89497 ], [ 18.734804, 51.894973 ], [ 18.734802, 51.894976 ], [ 18.730584, 51.899458 ], [ 18.730583, 51.899459 ], [ 18.730584, 51.89946 ], [ 18.734749, 51.903961 ], [ 18.734751, 51.903964 ], [ 18.734751, 51.903967 ], [ 18.734749, 51.90397 ], [ 18.73053, 51.908452 ], [ 18.730529, 51.908453 ], [ 18.73053, 51.908454 ], [ 18.7347, 51.912959 ], [ 18.7347, 51.912959 ], [ 18.734702, 51.912959 ], [ 18.743088, 51.912978 ], [ 18.743093, 51.912978 ], [ 18.743097, 51.91298 ], [ 18.743101, 51.912982 ], [ 18.747269, 51.917483 ], [ 18.747269, 51.917484 ], [ 18.747271, 51.917484 ], [ 18.755658, 51.917501 ], [ 18.755663, 51.917502 ], [ 18.755667, 51.917504 ], [ 18.75567, 51.917506 ], [ 18.759837, 51.922002 ], [ 18.759838, 51.922005 ], [ 18.759838, 51.922009 ], [ 18.759837, 51.922011 ], [ 18.755622, 51.926491 ], [ 18.755618, 51.926493 ], [ 18.755614, 51.926495 ], [ 18.755609, 51.926495 ], [ 18.74722, 51.926477 ], [ 18.747219, 51.926478 ], [ 18.747218, 51.926478 ], [ 18.742998, 51.930961 ], [ 18.742995, 51.930963 ], [ 18.74299, 51.930965 ], [ 18.742985, 51.930965 ], [ 18.734596, 51.930947 ], [ 18.734594, 51.930947 ], [ 18.734594, 51.930947 ], [ 18.730368, 51.935433 ], [ 18.730368, 51.935434 ], [ 18.730368, 51.935435 ], [ 18.734537, 51.939936 ], [ 18.734539, 51.939939 ], [ 18.734539, 51.939942 ], [ 18.734537, 51.939945 ], [ 18.730314, 51.944427 ], [ 18.730314, 51.944428 ], [ 18.730314, 51.944428 ], [ 18.734484, 51.948929 ], [ 18.734486, 51.948932 ], [ 18.734486, 51.948935 ], [ 18.734484, 51.948938 ], [ 18.730264, 51.953417 ], [ 18.730261, 51.953419 ], [ 18.730256, 51.953421 ], [ 18.730251, 51.953421 ], [ 18.721857, 51.953402 ], [ 18.721856, 51.953402 ], [ 18.721855, 51.953402 ], [ 18.71763, 51.957884 ], [ 18.717627, 51.957886 ], [ 18.717622, 51.957888 ], [ 18.717617, 51.957888 ], [ 18.709223, 51.957868 ], [ 18.709221, 51.957868 ], [ 18.709221, 51.957869 ], [ 18.70499, 51.962354 ], [ 18.70499, 51.962354 ], [ 18.70499, 51.962355 ], [ 18.709159, 51.966857 ], [ 18.709161, 51.96686 ], [ 18.709161, 51.966863 ], [ 18.709159, 51.966866 ], [ 18.704931, 51.971347 ], [ 18.704931, 51.971348 ], [ 18.704931, 51.971349 ], [ 18.709104, 51.975854 ], [ 18.709105, 51.975855 ], [ 18.709106, 51.975855 ], [ 18.717504, 51.975876 ], [ 18.717509, 51.975876 ], [ 18.717514, 51.975878 ], [ 18.717517, 51.97588 ], [ 18.721685, 51.980378 ], [ 18.721686, 51.980381 ], [ 18.721686, 51.980384 ], [ 18.721685, 51.980387 ], [ 18.71746, 51.984865 ], [ 18.717457, 51.984867 ], [ 18.717453, 51.984869 ], [ 18.717448, 51.984869 ], [ 18.709048, 51.984849 ], [ 18.709047, 51.984849 ], [ 18.709046, 51.984849 ], [ 18.704813, 51.989334 ], [ 18.704813, 51.989335 ], [ 18.704813, 51.989336 ], [ 18.708984, 51.993838 ], [ 18.708986, 51.993841 ], [ 18.708986, 51.993844 ], [ 18.708984, 51.993847 ], [ 18.704754, 51.998328 ], [ 18.704753, 51.998329 ], [ 18.704754, 51.998329 ], [ 18.708929, 52.002835 ], [ 18.70893, 52.002836 ], [ 18.708931, 52.002836 ], [ 18.717335, 52.002856 ], [ 18.71734, 52.002857 ], [ 18.717344, 52.002858 ], [ 18.717347, 52.002861 ], [ 18.721517, 52.007359 ], [ 18.721519, 52.007362 ], [ 18.721519, 52.007365 ], [ 18.721517, 52.007368 ], [ 18.717287, 52.011849 ], [ 18.717287, 52.01185 ], [ 18.717287, 52.011851 ], [ 18.721462, 52.016352 ], [ 18.721463, 52.016355 ], [ 18.721463, 52.016358 ], [ 18.721461, 52.016361 ], [ 18.71723, 52.020843 ], [ 18.71723, 52.020843 ], [ 18.71723, 52.020844 ], [ 18.721406, 52.025346 ], [ 18.721407, 52.025349 ], [ 18.721407, 52.025352 ], [ 18.721406, 52.025355 ], [ 18.717177, 52.029832 ], [ 18.717174, 52.029835 ], [ 18.717169, 52.029836 ], [ 18.717164, 52.029837 ], [ 18.708756, 52.029816 ], [ 18.708755, 52.029816 ], [ 18.708754, 52.029817 ], [ 18.704517, 52.034302 ], [ 18.704517, 52.034303 ], [ 18.704517, 52.034303 ], [ 18.708692, 52.038805 ], [ 18.708694, 52.038808 ], [ 18.708694, 52.038811 ], [ 18.708692, 52.038814 ], [ 18.704458, 52.043295 ], [ 18.704457, 52.043296 ], [ 18.704458, 52.043297 ], [ 18.708634, 52.047799 ], [ 18.708636, 52.047802 ], [ 18.708636, 52.047805 ], [ 18.708634, 52.047808 ], [ 18.704398, 52.052289 ], [ 18.704398, 52.05229 ], [ 18.704398, 52.05229 ], [ 18.708575, 52.056792 ], [ 18.708577, 52.056795 ], [ 18.708577, 52.056798 ], [ 18.708575, 52.056801 ], [ 18.704339, 52.061282 ], [ 18.704339, 52.061283 ], [ 18.704339, 52.061284 ], [ 18.70852, 52.06579 ], [ 18.708521, 52.06579 ], [ 18.708522, 52.06579 ], [ 18.716937, 52.065811 ], [ 18.716942, 52.065811 ], [ 18.716947, 52.065813 ], [ 18.71695, 52.065815 ], [ 18.721129, 52.070317 ], [ 18.72113, 52.070317 ], [ 18.721131, 52.070318 ], [ 18.729547, 52.070337 ], [ 18.729552, 52.070338 ], [ 18.729557, 52.070339 ], [ 18.72956, 52.070342 ], [ 18.733741, 52.074843 ], [ 18.733742, 52.074843 ], [ 18.733743, 52.074843 ], [ 18.74216, 52.074862 ], [ 18.742165, 52.074863 ], [ 18.742169, 52.074864 ], [ 18.742172, 52.074867 ], [ 18.746355, 52.079367 ], [ 18.746356, 52.079368 ], [ 18.746357, 52.079368 ], [ 18.754782, 52.079386 ], [ 18.754783, 52.079386 ], [ 18.754784, 52.079385 ], [ 18.759017, 52.074902 ], [ 18.75902, 52.0749 ], [ 18.759025, 52.074898 ], [ 18.75903, 52.074898 ], [ 18.767447, 52.074915 ], [ 18.767448, 52.074915 ], [ 18.767448, 52.074914 ], [ 18.77168, 52.070431 ], [ 18.771683, 52.070428 ], [ 18.771687, 52.070427 ], [ 18.771692, 52.070426 ], [ 18.780108, 52.070442 ], [ 18.78011, 52.070442 ], [ 18.78011, 52.070442 ], [ 18.78434, 52.065958 ], [ 18.784343, 52.065955 ], [ 18.784348, 52.065954 ], [ 18.784353, 52.065953 ], [ 18.792761, 52.065968 ], [ 18.792766, 52.065969 ], [ 18.79277, 52.065971 ], [ 18.792773, 52.065973 ], [ 18.79696, 52.070472 ], [ 18.796961, 52.070472 ], [ 18.796962, 52.070473 ], [ 18.805378, 52.070487 ], [ 18.805383, 52.070487 ], [ 18.805388, 52.070489 ], [ 18.805391, 52.070491 ], [ 18.80958, 52.07499 ], [ 18.809581, 52.07499 ], [ 18.809582, 52.07499 ], [ 18.818006, 52.075004 ], [ 18.818007, 52.075004 ], [ 18.818008, 52.075003 ], [ 18.822234, 52.070518 ], [ 18.822237, 52.070515 ], [ 18.822242, 52.070514 ], [ 18.822247, 52.070513 ], [ 18.830655, 52.070526 ], [ 18.83066, 52.070526 ], [ 18.830665, 52.070528 ], [ 18.830668, 52.07053 ], [ 18.834856, 52.075024 ], [ 18.834858, 52.075027 ], [ 18.834858, 52.07503 ], [ 18.834856, 52.075033 ], [ 18.83063, 52.079519 ], [ 18.83063, 52.079519 ], [ 18.83063, 52.07952 ], [ 18.834826, 52.084021 ], [ 18.834827, 52.084022 ], [ 18.834828, 52.084022 ], [ 18.843247, 52.084034 ], [ 18.843252, 52.084034 ], [ 18.843256, 52.084036 ], [ 18.843259, 52.084038 ], [ 18.847453, 52.088535 ], [ 18.847454, 52.088536 ], [ 18.847455, 52.088536 ], [ 18.855875, 52.088546 ], [ 18.85588, 52.088547 ], [ 18.855884, 52.088548 ], [ 18.855887, 52.088551 ], [ 18.860083, 52.093048 ], [ 18.860084, 52.093048 ], [ 18.860085, 52.093048 ], [ 18.868512, 52.093058 ], [ 18.868514, 52.093058 ], [ 18.868514, 52.093057 ], [ 18.872737, 52.08857 ], [ 18.87274, 52.088568 ], [ 18.872745, 52.088566 ], [ 18.87275, 52.088566 ], [ 18.881169, 52.088575 ], [ 18.88117, 52.088574 ], [ 18.881171, 52.088574 ], [ 18.885392, 52.084087 ], [ 18.885396, 52.084084 ], [ 18.8854, 52.084083 ], [ 18.885405, 52.084082 ], [ 18.893817, 52.08409 ], [ 18.893822, 52.08409 ], [ 18.893826, 52.084092 ], [ 18.893829, 52.084094 ], [ 18.898028, 52.08859 ], [ 18.898029, 52.08859 ], [ 18.89803, 52.08859 ], [ 18.906457, 52.088597 ], [ 18.906458, 52.088597 ], [ 18.906459, 52.088597 ], [ 18.910677, 52.084108 ], [ 18.910681, 52.084106 ], [ 18.910685, 52.084104 ], [ 18.91069, 52.084104 ], [ 18.919101, 52.08411 ], [ 18.919106, 52.084111 ], [ 18.919111, 52.084112 ], [ 18.919114, 52.084114 ], [ 18.923312, 52.088605 ], [ 18.923314, 52.088608 ], [ 18.923314, 52.088611 ], [ 18.923312, 52.088614 ], [ 18.919094, 52.093103 ], [ 18.919094, 52.093103 ], [ 18.919094, 52.093104 ], [ 18.923297, 52.097599 ], [ 18.923298, 52.097601 ], [ 18.923298, 52.097605 ], [ 18.923297, 52.097608 ], [ 18.919078, 52.102096 ], [ 18.919078, 52.102097 ], [ 18.919078, 52.102098 ], [ 18.923285, 52.106596 ], [ 18.923286, 52.106596 ], [ 18.923287, 52.106597 ], [ 18.93171, 52.106602 ], [ 18.931715, 52.106602 ], [ 18.931719, 52.106604 ], [ 18.931722, 52.106606 ], [ 18.935924, 52.111096 ], [ 18.935925, 52.111099 ], [ 18.935925, 52.111102 ], [ 18.935924, 52.111105 ], [ 18.931709, 52.115591 ], [ 18.931705, 52.115593 ], [ 18.931701, 52.115595 ], [ 18.931696, 52.115595 ], [ 18.923271, 52.11559 ], [ 18.92327, 52.11559 ], [ 18.923269, 52.115591 ], [ 18.919049, 52.120079 ], [ 18.919046, 52.120082 ], [ 18.919041, 52.120083 ], [ 18.919036, 52.120084 ], [ 18.910611, 52.120078 ], [ 18.91061, 52.120078 ], [ 18.910609, 52.120079 ], [ 18.906383, 52.124571 ], [ 18.906383, 52.124571 ], [ 18.906383, 52.124572 ], [ 18.910587, 52.129067 ], [ 18.910589, 52.12907 ], [ 18.910589, 52.129073 ], [ 18.910587, 52.129076 ], [ 18.906368, 52.13356 ], [ 18.906365, 52.133563 ], [ 18.90636, 52.133564 ], [ 18.906355, 52.133565 ], [ 18.897928, 52.133558 ], [ 18.897926, 52.133558 ], [ 18.897926, 52.133558 ], [ 18.893697, 52.13805 ], [ 18.893697, 52.138051 ], [ 18.893697, 52.138051 ], [ 18.897901, 52.142547 ], [ 18.897903, 52.14255 ], [ 18.897903, 52.142553 ], [ 18.897901, 52.142556 ], [ 18.893676, 52.147043 ], [ 18.893676, 52.147044 ], [ 18.893676, 52.147045 ], [ 18.897881, 52.15154 ], [ 18.897883, 52.151543 ], [ 18.897883, 52.151546 ], [ 18.897881, 52.151549 ], [ 18.893655, 52.156037 ], [ 18.893654, 52.156038 ], [ 18.893655, 52.156038 ], [ 18.897864, 52.160537 ], [ 18.897865, 52.160538 ], [ 18.897866, 52.160538 ], [ 18.906299, 52.160545 ], [ 18.906304, 52.160546 ], [ 18.906308, 52.160547 ], [ 18.906311, 52.16055 ], [ 18.910515, 52.16504 ], [ 18.910517, 52.165043 ], [ 18.910517, 52.165047 ], [ 18.910515, 52.165049 ], [ 18.906289, 52.169538 ], [ 18.906289, 52.169538 ], [ 18.906289, 52.169539 ], [ 18.910497, 52.174034 ], [ 18.910499, 52.174037 ], [ 18.910499, 52.17404 ], [ 18.910497, 52.174043 ], [ 18.90627, 52.178531 ], [ 18.90627, 52.178532 ], [ 18.90627, 52.178532 ], [ 18.910479, 52.183027 ], [ 18.910481, 52.18303 ], [ 18.910481, 52.183033 ], [ 18.910479, 52.183036 ], [ 18.906251, 52.187524 ], [ 18.906251, 52.187525 ], [ 18.906251, 52.187526 ], [ 18.910465, 52.192024 ], [ 18.910466, 52.192025 ], [ 18.910467, 52.192025 ], [ 18.918906, 52.192031 ], [ 18.918911, 52.192032 ], [ 18.918915, 52.192033 ], [ 18.918918, 52.192036 ], [ 18.923127, 52.196526 ], [ 18.923128, 52.196529 ], [ 18.923128, 52.196532 ], [ 18.923127, 52.196535 ], [ 18.918898, 52.201024 ], [ 18.918898, 52.201025 ], [ 18.918898, 52.201025 ], [ 18.923115, 52.205523 ], [ 18.923115, 52.205524 ], [ 18.923117, 52.205524 ], [ 18.931565, 52.205529 ], [ 18.931566, 52.205529 ], [ 18.931567, 52.205529 ], [ 18.935794, 52.201039 ], [ 18.935798, 52.201037 ], [ 18.935802, 52.201036 ], [ 18.935807, 52.201035 ], [ 18.944241, 52.201039 ], [ 18.944246, 52.20104 ], [ 18.94425, 52.201041 ], [ 18.944253, 52.201044 ], [ 18.948468, 52.205537 ], [ 18.948469, 52.205538 ], [ 18.94847, 52.205538 ], [ 18.956912, 52.205541 ], [ 18.956917, 52.205542 ], [ 18.956921, 52.205543 ], [ 18.956925, 52.205546 ], [ 18.961141, 52.210039 ], [ 18.961142, 52.210039 ], [ 18.961143, 52.210039 ], [ 18.969586, 52.210042 ], [ 18.969591, 52.210042 ], [ 18.969595, 52.210044 ], [ 18.969598, 52.210046 ], [ 18.973817, 52.214539 ], [ 18.973818, 52.214539 ], [ 18.973819, 52.21454 ], [ 18.982262, 52.214541 ], [ 18.982267, 52.214542 ], [ 18.982271, 52.214543 ], [ 18.982275, 52.214546 ], [ 18.986495, 52.219038 ], [ 18.986496, 52.219038 ], [ 18.986497, 52.219038 ], [ 18.994948, 52.219039 ], [ 18.994949, 52.219039 ], [ 18.99495, 52.219038 ], [ 18.999172, 52.214547 ], [ 18.999176, 52.214545 ], [ 18.99918, 52.214543 ], [ 18.999185, 52.214542 ], [ 19.007621, 52.214542 ], [ 19.007626, 52.214543 ], [ 19.00763, 52.214544 ], [ 19.007634, 52.214547 ], [ 19.011857, 52.219038 ], [ 19.011857, 52.219038 ], [ 19.011858, 52.219038 ], [ 19.020303, 52.219037 ], [ 19.020308, 52.219038 ], [ 19.020312, 52.219039 ], [ 19.020315, 52.219042 ], [ 19.02454, 52.223533 ], [ 19.024541, 52.223533 ], [ 19.024542, 52.223533 ], [ 19.032994, 52.223531 ], [ 19.032995, 52.223531 ], [ 19.032996, 52.22353 ], [ 19.037214, 52.219038 ], [ 19.037218, 52.219035 ], [ 19.037222, 52.219034 ], [ 19.037227, 52.219033 ], [ 19.045671, 52.21903 ], [ 19.045672, 52.21903 ], [ 19.045673, 52.21903 ], [ 19.04989, 52.214536 ], [ 19.049893, 52.214534 ], [ 19.049898, 52.214532 ], [ 19.049903, 52.214532 ], [ 19.058346, 52.214528 ], [ 19.058347, 52.214528 ], [ 19.058348, 52.214527 ], [ 19.062563, 52.210034 ], [ 19.062567, 52.210031 ], [ 19.062571, 52.21003 ], [ 19.062576, 52.210029 ], [ 19.071018, 52.210024 ], [ 19.07102, 52.210024 ], [ 19.07102, 52.210024 ], [ 19.075234, 52.20553 ], [ 19.075237, 52.205527 ], [ 19.075242, 52.205526 ], [ 19.075247, 52.205525 ], [ 19.083681, 52.205519 ], [ 19.083686, 52.20552 ], [ 19.08369, 52.205522 ], [ 19.083694, 52.205524 ], [ 19.08792, 52.210009 ], [ 19.087921, 52.210011 ], [ 19.087921, 52.210015 ], [ 19.08792, 52.210018 ], [ 19.08371, 52.214508 ], [ 19.083707, 52.214511 ], [ 19.083703, 52.214512 ], [ 19.083698, 52.214513 ], [ 19.075255, 52.214518 ], [ 19.075253, 52.214519 ], [ 19.075253, 52.214519 ], [ 19.071038, 52.219013 ], [ 19.071035, 52.219016 ], [ 19.071031, 52.219017 ], [ 19.071026, 52.219018 ], [ 19.062581, 52.219023 ], [ 19.06258, 52.219023 ], [ 19.06258, 52.219023 ], [ 19.05836, 52.223521 ], [ 19.058359, 52.223521 ], [ 19.05836, 52.223522 ], [ 19.062589, 52.228011 ], [ 19.06259, 52.228014 ], [ 19.06259, 52.228017 ], [ 19.062589, 52.22802 ], [ 19.058372, 52.232514 ], [ 19.058371, 52.232515 ], [ 19.058372, 52.232515 ], [ 19.062605, 52.237008 ], [ 19.062606, 52.237009 ], [ 19.062607, 52.237009 ], [ 19.071054, 52.237004 ], [ 19.071059, 52.237005 ], [ 19.071064, 52.237006 ], [ 19.071067, 52.237009 ], [ 19.075298, 52.241498 ], [ 19.075299, 52.241498 ], [ 19.0753, 52.241498 ], [ 19.083749, 52.241493 ], [ 19.083754, 52.241493 ], [ 19.083758, 52.241495 ], [ 19.083761, 52.241497 ], [ 19.087994, 52.245986 ], [ 19.087995, 52.245986 ], [ 19.087996, 52.245986 ], [ 19.096445, 52.24598 ], [ 19.09645, 52.24598 ], [ 19.096455, 52.245982 ], [ 19.096458, 52.245984 ], [ 19.100689, 52.250468 ], [ 19.100691, 52.250471 ], [ 19.100691, 52.250474 ], [ 19.100689, 52.250477 ], [ 19.096474, 52.254972 ], [ 19.096474, 52.254973 ], [ 19.096474, 52.254974 ], [ 19.10071, 52.259461 ], [ 19.100711, 52.259464 ], [ 19.100711, 52.259468 ], [ 19.10071, 52.25947 ], [ 19.096497, 52.263962 ], [ 19.096494, 52.263964 ], [ 19.096489, 52.263966 ], [ 19.096484, 52.263966 ], [ 19.088032, 52.263973 ], [ 19.088031, 52.263973 ], [ 19.08803, 52.263973 ], [ 19.083812, 52.268468 ], [ 19.083809, 52.26847 ], [ 19.083804, 52.268472 ], [ 19.083799, 52.268472 ], [ 19.075353, 52.268478 ], [ 19.075348, 52.268478 ], [ 19.075344, 52.268476 ], [ 19.07534, 52.268474 ], [ 19.071106, 52.263985 ], [ 19.071106, 52.263984 ], [ 19.071105, 52.263984 ], [ 19.062645, 52.263989 ], [ 19.062644, 52.263989 ], [ 19.062643, 52.26399 ], [ 19.058422, 52.268483 ], [ 19.058419, 52.268486 ], [ 19.058415, 52.268487 ], [ 19.05841, 52.268488 ], [ 19.049963, 52.268492 ], [ 19.049958, 52.268491 ], [ 19.049954, 52.268489 ], [ 19.049951, 52.268487 ], [ 19.045719, 52.263997 ], [ 19.045719, 52.263997 ], [ 19.045717, 52.263997 ], [ 19.037258, 52.264 ], [ 19.037256, 52.264 ], [ 19.037256, 52.264 ], [ 19.033033, 52.268493 ], [ 19.033029, 52.268495 ], [ 19.033025, 52.268497 ], [ 19.03302, 52.268498 ], [ 19.024567, 52.2685 ], [ 19.024565, 52.2685 ], [ 19.024565, 52.2685 ], [ 19.020336, 52.272996 ], [ 19.020336, 52.272997 ], [ 19.020336, 52.272998 ], [ 19.02457, 52.277492 ], [ 19.02457, 52.277493 ], [ 19.024571, 52.277493 ], [ 19.033027, 52.277491 ], [ 19.033032, 52.277491 ], [ 19.033036, 52.277493 ], [ 19.033039, 52.277495 ], [ 19.037267, 52.281982 ], [ 19.037269, 52.281985 ], [ 19.037269, 52.281988 ], [ 19.037267, 52.281991 ], [ 19.033042, 52.286483 ], [ 19.033042, 52.286484 ], [ 19.033042, 52.286485 ], [ 19.037275, 52.290975 ], [ 19.037276, 52.290978 ], [ 19.037276, 52.290981 ], [ 19.037275, 52.290984 ], [ 19.033049, 52.295477 ], [ 19.033049, 52.295477 ], [ 19.033049, 52.295478 ], [ 19.037282, 52.299968 ], [ 19.037284, 52.299971 ], [ 19.037284, 52.299974 ], [ 19.037282, 52.299977 ], [ 19.033059, 52.304466 ], [ 19.033056, 52.304468 ], [ 19.033052, 52.30447 ], [ 19.033047, 52.30447 ], [ 19.024586, 52.304472 ], [ 19.024585, 52.304473 ], [ 19.024584, 52.304473 ], [ 19.020353, 52.308969 ], [ 19.020352, 52.30897 ], [ 19.020353, 52.308971 ], [ 19.024586, 52.313461 ], [ 19.024588, 52.313464 ], [ 19.024588, 52.313467 ], [ 19.024586, 52.31347 ], [ 19.020357, 52.317962 ], [ 19.020356, 52.317963 ], [ 19.020357, 52.317964 ], [ 19.024594, 52.322458 ], [ 19.024595, 52.322459 ], [ 19.024596, 52.322459 ], [ 19.03306, 52.322457 ], [ 19.033065, 52.322457 ], [ 19.03307, 52.322459 ], [ 19.033073, 52.322461 ], [ 19.037305, 52.326948 ], [ 19.037307, 52.326951 ], [ 19.037307, 52.326954 ], [ 19.037305, 52.326957 ], [ 19.033076, 52.331449 ], [ 19.033076, 52.33145 ], [ 19.033076, 52.331451 ], [ 19.037316, 52.335945 ], [ 19.037317, 52.335945 ], [ 19.037318, 52.335945 ], [ 19.045784, 52.335942 ], [ 19.045789, 52.335943 ], [ 19.045794, 52.335944 ], [ 19.045797, 52.335947 ], [ 19.050035, 52.340436 ], [ 19.050036, 52.340437 ], [ 19.050037, 52.340437 ], [ 19.058504, 52.340433 ], [ 19.058509, 52.340434 ], [ 19.058514, 52.340435 ], [ 19.058517, 52.340438 ], [ 19.062757, 52.344927 ], [ 19.062758, 52.344927 ], [ 19.062759, 52.344928 ], [ 19.071227, 52.344923 ], [ 19.071232, 52.344923 ], [ 19.071237, 52.344925 ], [ 19.07124, 52.344927 ], [ 19.075482, 52.349416 ], [ 19.075482, 52.349417 ], [ 19.075483, 52.349417 ], [ 19.083952, 52.349411 ], [ 19.083957, 52.349412 ], [ 19.083962, 52.349413 ], [ 19.083965, 52.349415 ], [ 19.088208, 52.353904 ], [ 19.088209, 52.353904 ], [ 19.08821, 52.353904 ], [ 19.096687, 52.353898 ], [ 19.096689, 52.353898 ], [ 19.096689, 52.353897 ], [ 19.100914, 52.349402 ], [ 19.100917, 52.3494 ], [ 19.100922, 52.349398 ], [ 19.100927, 52.349398 ], [ 19.109396, 52.34939 ], [ 19.109397, 52.34939 ], [ 19.109397, 52.349389 ], [ 19.11362, 52.344894 ], [ 19.113624, 52.344892 ], [ 19.113628, 52.34489 ], [ 19.113633, 52.34489 ], [ 19.122094, 52.344881 ], [ 19.122099, 52.344882 ], [ 19.122103, 52.344883 ], [ 19.122107, 52.344886 ], [ 19.126354, 52.349373 ], [ 19.126354, 52.349373 ], [ 19.126355, 52.349373 ], [ 19.134824, 52.349364 ], [ 19.134829, 52.349364 ], [ 19.134834, 52.349366 ], [ 19.134837, 52.349368 ], [ 19.139086, 52.353855 ], [ 19.139086, 52.353855 ], [ 19.139088, 52.353856 ], [ 19.147564, 52.353845 ], [ 19.147566, 52.353845 ], [ 19.147566, 52.353845 ], [ 19.151786, 52.349348 ], [ 19.151789, 52.349345 ], [ 19.151794, 52.349344 ], [ 19.151799, 52.349343 ], [ 19.16026, 52.349332 ], [ 19.160265, 52.349333 ], [ 19.16027, 52.349334 ], [ 19.160273, 52.349337 ], [ 19.164524, 52.353822 ], [ 19.164525, 52.353823 ], [ 19.164526, 52.353823 ], [ 19.173003, 52.353811 ], [ 19.173004, 52.353811 ], [ 19.173005, 52.35381 ], [ 19.177222, 52.349312 ], [ 19.177225, 52.34931 ], [ 19.177229, 52.349308 ], [ 19.177234, 52.349308 ], [ 19.185696, 52.349295 ], [ 19.185701, 52.349295 ], [ 19.185706, 52.349297 ], [ 19.185709, 52.349299 ], [ 19.189959, 52.35378 ], [ 19.189961, 52.353783 ], [ 19.189961, 52.353786 ], [ 19.189959, 52.353789 ], [ 19.185743, 52.358287 ], [ 19.185743, 52.358288 ], [ 19.185743, 52.358289 ], [ 19.190001, 52.362777 ], [ 19.190002, 52.362778 ], [ 19.190003, 52.362778 ], [ 19.198474, 52.362764 ], [ 19.19848, 52.362764 ], [ 19.198484, 52.362766 ], [ 19.198487, 52.362768 ], [ 19.202744, 52.367252 ], [ 19.202744, 52.367253 ], [ 19.202745, 52.367253 ], [ 19.211218, 52.367238 ], [ 19.211223, 52.367239 ], [ 19.211227, 52.36724 ], [ 19.21123, 52.367243 ], [ 19.215488, 52.371726 ], [ 19.215489, 52.371727 ], [ 19.21549, 52.371727 ], [ 19.223964, 52.371711 ], [ 19.223969, 52.371712 ], [ 19.223973, 52.371713 ], [ 19.223976, 52.371716 ], [ 19.228236, 52.376199 ], [ 19.228237, 52.3762 ], [ 19.228238, 52.3762 ], [ 19.236712, 52.376183 ], [ 19.236717, 52.376184 ], [ 19.236721, 52.376185 ], [ 19.236725, 52.376188 ], [ 19.240986, 52.38067 ], [ 19.240987, 52.380671 ], [ 19.240988, 52.380671 ], [ 19.249463, 52.380653 ], [ 19.249468, 52.380654 ], [ 19.249472, 52.380656 ], [ 19.249476, 52.380658 ], [ 19.253735, 52.385136 ], [ 19.253737, 52.385139 ], [ 19.253737, 52.385142 ], [ 19.253735, 52.385145 ], [ 19.249523, 52.389646 ], [ 19.249522, 52.389646 ], [ 19.249523, 52.389647 ], [ 19.25379, 52.394133 ], [ 19.253791, 52.394134 ], [ 19.253792, 52.394134 ], [ 19.262277, 52.394115 ], [ 19.262278, 52.394115 ], [ 19.262279, 52.394115 ], [ 19.26649, 52.389614 ], [ 19.266494, 52.389611 ], [ 19.266498, 52.38961 ], [ 19.266503, 52.389609 ], [ 19.274972, 52.38959 ], [ 19.274977, 52.38959 ], [ 19.274982, 52.389592 ], [ 19.274985, 52.389594 ], [ 19.279252, 52.394076 ], [ 19.279253, 52.394076 ], [ 19.279254, 52.394076 ], [ 19.287738, 52.394056 ], [ 19.287739, 52.394056 ], [ 19.28774, 52.394055 ], [ 19.291949, 52.389554 ], [ 19.291952, 52.389551 ], [ 19.291957, 52.38955 ], [ 19.291962, 52.389549 ], [ 19.300431, 52.389528 ], [ 19.300436, 52.389528 ], [ 19.300441, 52.38953 ], [ 19.300444, 52.389532 ], [ 19.304713, 52.394013 ], [ 19.304714, 52.394013 ], [ 19.304715, 52.394014 ], [ 19.3132, 52.393991 ], [ 19.313201, 52.393991 ], [ 19.313202, 52.393991 ], [ 19.317412, 52.389484 ], [ 19.317412, 52.389484 ], [ 19.317412, 52.389483 ], [ 19.313141, 52.385003 ], [ 19.31314, 52.385 ], [ 19.31314, 52.384997 ], [ 19.313141, 52.384994 ], [ 19.317347, 52.380491 ], [ 19.317347, 52.380491 ], [ 19.317347, 52.38049 ], [ 19.313078, 52.37601 ], [ 19.313076, 52.376007 ], [ 19.313076, 52.376004 ], [ 19.313078, 52.376001 ], [ 19.317279, 52.371502 ], [ 19.317282, 52.3715 ], [ 19.317287, 52.371498 ], [ 19.317292, 52.371498 ], [ 19.325765, 52.371475 ], [ 19.325766, 52.371475 ], [ 19.325767, 52.371474 ], [ 19.32997, 52.366971 ], [ 19.329973, 52.366969 ], [ 19.329977, 52.366967 ], [ 19.329982, 52.366966 ], [ 19.338454, 52.366942 ], [ 19.338456, 52.366942 ], [ 19.338456, 52.366942 ], [ 19.342661, 52.362434 ], [ 19.342662, 52.362434 ], [ 19.342661, 52.362433 ], [ 19.338391, 52.357954 ], [ 19.33839, 52.357951 ], [ 19.33839, 52.357948 ], [ 19.338391, 52.357945 ], [ 19.342588, 52.353445 ], [ 19.342591, 52.353443 ], [ 19.342596, 52.353441 ], [ 19.342601, 52.353441 ], [ 19.35107, 52.353416 ], [ 19.351072, 52.353416 ], [ 19.351072, 52.353415 ], [ 19.355271, 52.348911 ], [ 19.355274, 52.348909 ], [ 19.355279, 52.348907 ], [ 19.355284, 52.348907 ], [ 19.363752, 52.348881 ], [ 19.363754, 52.348881 ], [ 19.363754, 52.34888 ], [ 19.367951, 52.344376 ], [ 19.367955, 52.344373 ], [ 19.367959, 52.344372 ], [ 19.367964, 52.344371 ], [ 19.376425, 52.344345 ], [ 19.37643, 52.344345 ], [ 19.376434, 52.344347 ], [ 19.376437, 52.344349 ], [ 19.38071, 52.348827 ], [ 19.380711, 52.348827 ], [ 19.380712, 52.348828 ], [ 19.38918, 52.3488 ], [ 19.389185, 52.3488 ], [ 19.38919, 52.348802 ], [ 19.389193, 52.348804 ], [ 19.393467, 52.353282 ], [ 19.393468, 52.353282 ], [ 19.393469, 52.353282 ], [ 19.401946, 52.353254 ], [ 19.401947, 52.353254 ], [ 19.401948, 52.353253 ], [ 19.406141, 52.348747 ], [ 19.406145, 52.348745 ], [ 19.406149, 52.348743 ], [ 19.406154, 52.348743 ], [ 19.414623, 52.348713 ], [ 19.414624, 52.348713 ], [ 19.414625, 52.348713 ], [ 19.418816, 52.344207 ], [ 19.41882, 52.344204 ], [ 19.418824, 52.344203 ], [ 19.418829, 52.344202 ], [ 19.42729, 52.344172 ], [ 19.427295, 52.344172 ], [ 19.427299, 52.344174 ], [ 19.427302, 52.344176 ], [ 19.43158, 52.348652 ], [ 19.431581, 52.348653 ], [ 19.431582, 52.348653 ], [ 19.44005, 52.348621 ], [ 19.440055, 52.348622 ], [ 19.44006, 52.348624 ], [ 19.440063, 52.348626 ], [ 19.444342, 52.353101 ], [ 19.444343, 52.353102 ], [ 19.444344, 52.353102 ], [ 19.452821, 52.35307 ], [ 19.452822, 52.35307 ], [ 19.452823, 52.353069 ], [ 19.457011, 52.348562 ], [ 19.457014, 52.348559 ], [ 19.457019, 52.348558 ], [ 19.457024, 52.348557 ], [ 19.465492, 52.348524 ], [ 19.465493, 52.348524 ], [ 19.465494, 52.348523 ], [ 19.469681, 52.344015 ], [ 19.469684, 52.344013 ], [ 19.469689, 52.344011 ], [ 19.469694, 52.344011 ], [ 19.478161, 52.343977 ], [ 19.478162, 52.343977 ], [ 19.478163, 52.343976 ], [ 19.482348, 52.339468 ], [ 19.482351, 52.339465 ], [ 19.482356, 52.339464 ], [ 19.482361, 52.339463 ], [ 19.49082, 52.339428 ], [ 19.490825, 52.339429 ], [ 19.49083, 52.33943 ], [ 19.490833, 52.339433 ], [ 19.495116, 52.343906 ], [ 19.495117, 52.343907 ], [ 19.495118, 52.343907 ], [ 19.503593, 52.343871 ], [ 19.503594, 52.343871 ], [ 19.503595, 52.34387 ], [ 19.507781, 52.339357 ], [ 19.507781, 52.339357 ], [ 19.507781, 52.339356 ], [ 19.503497, 52.334883 ], [ 19.503495, 52.33488 ], [ 19.503495, 52.334877 ], [ 19.503496, 52.334874 ], [ 19.507678, 52.330364 ], [ 19.507678, 52.330364 ], [ 19.507678, 52.330363 ], [ 19.503394, 52.32589 ], [ 19.503393, 52.325887 ], [ 19.503393, 52.325884 ], [ 19.503394, 52.325881 ], [ 19.507571, 52.321376 ], [ 19.507575, 52.321373 ], [ 19.507579, 52.321372 ], [ 19.507584, 52.321371 ], [ 19.516047, 52.321334 ], [ 19.516048, 52.321334 ], [ 19.516049, 52.321334 ], [ 19.520232, 52.31682 ], [ 19.520232, 52.316819 ], [ 19.520232, 52.316819 ], [ 19.515948, 52.312346 ], [ 19.515947, 52.312343 ], [ 19.515946, 52.31234 ], [ 19.515948, 52.312337 ], [ 19.520123, 52.307831 ], [ 19.520126, 52.307829 ], [ 19.52013, 52.307827 ], [ 19.520135, 52.307826 ], [ 19.528589, 52.307789 ], [ 19.528594, 52.307789 ], [ 19.528598, 52.307791 ], [ 19.528602, 52.307793 ], [ 19.532886, 52.312266 ], [ 19.532887, 52.312266 ], [ 19.532888, 52.312266 ], [ 19.541356, 52.312228 ], [ 19.541358, 52.312228 ], [ 19.541358, 52.312227 ], [ 19.545537, 52.307713 ], [ 19.545538, 52.307712 ], [ 19.545537, 52.307711 ], [ 19.541252, 52.303239 ], [ 19.541251, 52.303237 ], [ 19.54125, 52.303233 ], [ 19.541252, 52.30323 ], [ 19.545423, 52.298724 ], [ 19.545427, 52.298721 ], [ 19.545431, 52.29872 ], [ 19.545436, 52.298719 ], [ 19.553895, 52.29868 ], [ 19.553896, 52.29868 ], [ 19.553897, 52.298679 ], [ 19.55807, 52.294168 ], [ 19.558073, 52.294165 ], [ 19.558077, 52.294164 ], [ 19.558082, 52.294163 ], [ 19.566533, 52.294123 ], [ 19.566538, 52.294124 ], [ 19.566543, 52.294125 ], [ 19.566546, 52.294128 ], [ 19.570833, 52.298598 ], [ 19.570833, 52.298599 ], [ 19.570835, 52.298599 ], [ 19.579301, 52.298558 ], [ 19.579302, 52.298558 ], [ 19.579302, 52.298557 ], [ 19.583473, 52.294045 ], [ 19.583476, 52.294043 ], [ 19.58348, 52.294041 ], [ 19.583485, 52.294041 ], [ 19.591943, 52.293998 ], [ 19.591945, 52.293998 ], [ 19.591945, 52.293998 ], [ 19.596114, 52.289485 ], [ 19.596117, 52.289483 ], [ 19.596122, 52.289481 ], [ 19.596127, 52.289481 ], [ 19.604576, 52.289438 ], [ 19.604581, 52.289438 ], [ 19.604586, 52.28944 ], [ 19.604589, 52.289442 ], [ 19.608879, 52.293912 ], [ 19.60888, 52.293912 ], [ 19.608881, 52.293912 ], [ 19.617346, 52.293868 ], [ 19.617347, 52.293868 ], [ 19.617348, 52.293868 ], [ 19.621518, 52.289351 ], [ 19.621518, 52.28935 ], [ 19.621518, 52.289349 ], [ 19.617227, 52.28488 ], [ 19.617225, 52.284877 ], [ 19.617225, 52.284874 ], [ 19.617227, 52.284871 ], [ 19.621388, 52.280362 ], [ 19.621392, 52.280359 ], [ 19.621396, 52.280358 ], [ 19.621401, 52.280357 ], [ 19.629856, 52.280312 ], [ 19.629857, 52.280312 ], [ 19.629858, 52.280312 ], [ 19.634022, 52.275798 ], [ 19.634025, 52.275795 ], [ 19.634029, 52.275794 ], [ 19.634034, 52.275793 ], [ 19.642489, 52.275748 ], [ 19.64249, 52.275747 ], [ 19.642491, 52.275747 ], [ 19.646656, 52.271229 ], [ 19.646656, 52.271228 ], [ 19.646656, 52.271227 ], [ 19.642364, 52.266759 ], [ 19.642362, 52.266756 ], [ 19.642362, 52.266753 ], [ 19.642364, 52.26675 ], [ 19.646522, 52.26224 ], [ 19.646525, 52.262238 ], [ 19.646529, 52.262236 ], [ 19.646534, 52.262235 ], [ 19.654986, 52.262189 ], [ 19.654987, 52.262189 ], [ 19.654988, 52.262188 ], [ 19.659147, 52.257673 ], [ 19.65915, 52.257671 ], [ 19.659155, 52.257669 ], [ 19.65916, 52.257669 ], [ 19.667603, 52.257621 ], [ 19.667608, 52.257622 ], [ 19.667613, 52.257624 ], [ 19.667616, 52.257626 ], [ 19.671909, 52.262093 ], [ 19.67191, 52.262094 ], [ 19.671911, 52.262094 ], [ 19.680363, 52.262045 ], [ 19.680368, 52.262046 ], [ 19.680373, 52.262047 ], [ 19.680376, 52.26205 ], [ 19.684667, 52.266513 ], [ 19.684669, 52.266516 ], [ 19.684669, 52.266519 ], [ 19.684667, 52.266522 ], [ 19.68051, 52.271037 ], [ 19.680509, 52.271038 ], [ 19.68051, 52.271039 ], [ 19.684809, 52.275509 ], [ 19.68481, 52.27551 ], [ 19.684811, 52.27551 ], [ 19.693266, 52.27546 ], [ 19.693271, 52.275461 ], [ 19.693275, 52.275462 ], [ 19.693278, 52.275465 ], [ 19.697576, 52.279931 ], [ 19.697577, 52.279932 ], [ 19.697578, 52.279932 ], [ 19.70604, 52.279881 ], [ 19.706041, 52.279881 ], [ 19.706042, 52.279881 ], [ 19.710198, 52.275364 ], [ 19.710201, 52.275362 ], [ 19.710205, 52.27536 ], [ 19.71021, 52.27536 ], [ 19.718664, 52.275309 ], [ 19.718666, 52.275308 ], [ 19.718666, 52.275308 ], [ 19.72282, 52.270791 ], [ 19.722824, 52.270789 ], [ 19.722828, 52.270787 ], [ 19.722833, 52.270786 ], [ 19.731286, 52.270734 ], [ 19.731287, 52.270734 ], [ 19.731288, 52.270734 ], [ 19.73544, 52.266216 ], [ 19.735444, 52.266214 ], [ 19.735448, 52.266212 ], [ 19.735453, 52.266212 ], [ 19.743898, 52.266159 ], [ 19.743903, 52.266159 ], [ 19.743908, 52.266161 ], [ 19.743911, 52.266163 ], [ 19.748213, 52.270628 ], [ 19.748214, 52.270628 ], [ 19.748215, 52.270628 ], [ 19.756675, 52.270574 ], [ 19.756676, 52.270574 ], [ 19.756677, 52.270574 ], [ 19.760827, 52.266055 ], [ 19.76083, 52.266053 ], [ 19.760834, 52.266051 ], [ 19.760839, 52.266051 ], [ 19.769284, 52.265996 ], [ 19.769289, 52.265997 ], [ 19.769294, 52.265998 ], [ 19.769297, 52.266001 ], [ 19.773601, 52.270464 ], [ 19.773602, 52.270465 ], [ 19.773603, 52.270465 ], [ 19.782056, 52.270409 ], [ 19.782061, 52.27041 ], [ 19.782066, 52.270411 ], [ 19.782069, 52.270413 ], [ 19.786372, 52.274873 ], [ 19.786373, 52.274876 ], [ 19.786373, 52.274879 ], [ 19.786372, 52.274882 ], [ 19.782224, 52.279401 ], [ 19.782223, 52.279401 ], [ 19.782224, 52.279402 ], [ 19.786534, 52.283869 ], [ 19.786535, 52.283869 ], [ 19.786536, 52.283869 ], [ 19.794992, 52.283813 ], [ 19.794997, 52.283813 ], [ 19.795001, 52.283815 ], [ 19.795005, 52.283817 ], [ 19.799313, 52.28828 ], [ 19.799314, 52.28828 ], [ 19.799315, 52.28828 ], [ 19.807772, 52.288223 ], [ 19.807777, 52.288223 ], [ 19.807781, 52.288225 ], [ 19.807784, 52.288227 ], [ 19.812095, 52.292689 ], [ 19.812096, 52.29269 ], [ 19.812097, 52.29269 ], [ 19.820561, 52.292631 ], [ 19.820562, 52.292631 ], [ 19.820563, 52.292631 ], [ 19.824708, 52.28811 ], [ 19.824711, 52.288108 ], [ 19.824716, 52.288106 ], [ 19.824721, 52.288106 ], [ 19.833177, 52.288046 ], [ 19.833178, 52.288046 ], [ 19.833179, 52.288046 ], [ 19.837326, 52.283521 ], [ 19.837327, 52.28352 ], [ 19.837326, 52.28352 ], [ 19.833014, 52.279058 ], [ 19.833012, 52.279056 ], [ 19.833012, 52.279052 ], [ 19.833014, 52.27905 ], [ 19.837153, 52.274532 ], [ 19.837156, 52.27453 ], [ 19.837161, 52.274528 ], [ 19.837166, 52.274528 ], [ 19.845612, 52.274468 ], [ 19.845617, 52.274468 ], [ 19.845622, 52.27447 ], [ 19.845625, 52.274472 ], [ 19.849938, 52.278933 ], [ 19.849939, 52.278933 ], [ 19.84994, 52.278933 ], [ 19.858394, 52.278872 ], [ 19.858399, 52.278873 ], [ 19.858404, 52.278874 ], [ 19.858407, 52.278877 ], [ 19.862718, 52.283333 ], [ 19.86272, 52.283336 ], [ 19.86272, 52.283339 ], [ 19.862718, 52.283342 ], [ 19.858577, 52.287864 ], [ 19.858577, 52.287864 ], [ 19.858577, 52.287865 ], [ 19.862893, 52.292325 ], [ 19.862894, 52.292328 ], [ 19.862894, 52.292331 ], [ 19.862893, 52.292334 ], [ 19.858751, 52.296856 ], [ 19.858751, 52.296857 ], [ 19.858751, 52.296857 ], [ 19.863071, 52.301321 ], [ 19.863072, 52.301322 ], [ 19.863073, 52.301322 ], [ 19.871532, 52.30126 ], [ 19.871537, 52.30126 ], [ 19.871541, 52.301262 ], [ 19.871545, 52.301264 ], [ 19.875859, 52.30572 ], [ 19.875861, 52.305723 ], [ 19.875861, 52.305726 ], [ 19.875859, 52.305729 ], [ 19.871717, 52.310251 ], [ 19.871717, 52.310252 ], [ 19.871717, 52.310252 ], [ 19.87604, 52.314716 ], [ 19.876041, 52.314716 ], [ 19.876042, 52.314716 ], [ 19.884503, 52.314653 ], [ 19.884508, 52.314654 ], [ 19.884513, 52.314655 ], [ 19.884516, 52.314658 ], [ 19.888837, 52.319117 ], [ 19.888837, 52.319118 ], [ 19.888839, 52.319118 ], [ 19.897308, 52.319054 ], [ 19.897309, 52.319053 ], [ 19.89731, 52.319053 ], [ 19.90145, 52.31453 ], [ 19.901453, 52.314527 ], [ 19.901457, 52.314526 ], [ 19.901462, 52.314525 ], [ 19.909923, 52.31446 ], [ 19.909925, 52.31446 ], [ 19.909925, 52.31446 ], [ 19.914067, 52.309932 ], [ 19.914067, 52.309932 ], [ 19.914067, 52.309931 ], [ 19.909745, 52.305473 ], [ 19.909743, 52.30547 ], [ 19.909743, 52.305467 ], [ 19.909744, 52.305464 ], [ 19.913878, 52.300944 ], [ 19.913881, 52.300942 ], [ 19.913886, 52.30094 ], [ 19.913891, 52.30094 ], [ 19.922342, 52.300874 ], [ 19.922347, 52.300874 ], [ 19.922352, 52.300876 ], [ 19.922355, 52.300878 ], [ 19.926678, 52.305336 ], [ 19.926679, 52.305336 ], [ 19.92668, 52.305337 ], [ 19.935147, 52.30527 ], [ 19.935148, 52.30527 ], [ 19.935148, 52.305269 ], [ 19.939283, 52.300745 ], [ 19.939286, 52.300742 ], [ 19.939291, 52.300741 ], [ 19.939296, 52.30074 ], [ 19.947754, 52.300673 ], [ 19.947755, 52.300673 ], [ 19.947756, 52.300672 ], [ 19.951893, 52.296143 ], [ 19.951893, 52.296143 ], [ 19.951893, 52.296142 ], [ 19.947568, 52.291685 ], [ 19.947566, 52.291682 ], [ 19.947566, 52.291679 ], [ 19.947568, 52.291676 ], [ 19.951696, 52.287155 ], [ 19.9517, 52.287153 ], [ 19.951704, 52.287151 ], [ 19.951709, 52.287151 ], [ 19.960165, 52.287082 ], [ 19.960166, 52.287082 ], [ 19.960167, 52.287081 ], [ 19.964301, 52.282552 ], [ 19.964301, 52.282552 ], [ 19.964301, 52.282551 ], [ 19.959976, 52.278095 ], [ 19.959974, 52.278092 ], [ 19.959974, 52.278089 ], [ 19.959976, 52.278086 ], [ 19.964102, 52.273564 ], [ 19.964105, 52.273562 ], [ 19.96411, 52.27356 ], [ 19.964115, 52.27356 ], [ 19.972568, 52.27349 ], [ 19.972569, 52.27349 ], [ 19.97257, 52.27349 ], [ 19.976698, 52.268964 ], [ 19.976701, 52.268961 ], [ 19.976705, 52.26896 ], [ 19.97671, 52.268959 ], [ 19.985162, 52.268889 ], [ 19.985164, 52.268889 ], [ 19.985164, 52.268888 ], [ 19.989291, 52.264362 ], [ 19.989294, 52.26436 ], [ 19.989298, 52.264358 ], [ 19.989303, 52.264358 ], [ 19.997747, 52.264287 ], [ 19.997752, 52.264287 ], [ 19.997757, 52.264289 ], [ 19.99776, 52.264291 ], [ 20.002087, 52.268746 ], [ 20.002088, 52.268747 ], [ 20.002089, 52.268747 ], [ 20.010549, 52.268675 ], [ 20.01055, 52.268674 ], [ 20.01055, 52.268674 ], [ 20.014674, 52.264147 ], [ 20.014677, 52.264144 ], [ 20.014682, 52.264143 ], [ 20.014687, 52.264142 ], [ 20.023131, 52.264069 ], [ 20.023136, 52.26407 ], [ 20.02314, 52.264071 ], [ 20.023144, 52.264074 ], [ 20.027473, 52.268528 ], [ 20.027474, 52.268528 ], [ 20.027475, 52.268528 ], [ 20.035934, 52.268455 ], [ 20.035935, 52.268454 ], [ 20.035936, 52.268454 ], [ 20.040057, 52.263926 ], [ 20.04006, 52.263924 ], [ 20.040065, 52.263922 ], [ 20.04007, 52.263921 ], [ 20.048521, 52.263847 ], [ 20.048522, 52.263846 ], [ 20.048523, 52.263846 ], [ 20.052646, 52.259314 ], [ 20.052646, 52.259313 ], [ 20.052645, 52.259312 ], [ 20.048314, 52.254859 ], [ 20.048313, 52.254856 ], [ 20.048313, 52.254853 ], [ 20.048314, 52.25485 ], [ 20.052429, 52.250326 ], [ 20.052432, 52.250323 ], [ 20.052437, 52.250322 ], [ 20.052442, 52.250321 ], [ 20.06089, 52.250246 ], [ 20.060892, 52.250246 ], [ 20.060892, 52.250245 ], [ 20.065009, 52.245716 ], [ 20.065012, 52.245714 ], [ 20.065017, 52.245712 ], [ 20.065022, 52.245712 ], [ 20.073469, 52.245635 ], [ 20.07347, 52.245635 ], [ 20.073471, 52.245634 ], [ 20.077586, 52.241105 ], [ 20.077589, 52.241103 ], [ 20.077594, 52.241101 ], [ 20.077599, 52.241101 ], [ 20.086046, 52.241023 ], [ 20.086047, 52.241023 ], [ 20.086047, 52.241023 ], [ 20.090164, 52.236489 ], [ 20.090165, 52.236488 ], [ 20.090164, 52.236488 ], [ 20.085832, 52.232036 ], [ 20.08583, 52.232033 ], [ 20.08583, 52.23203 ], [ 20.085831, 52.232027 ], [ 20.089944, 52.227497 ], [ 20.089944, 52.227497 ], [ 20.089944, 52.227496 ], [ 20.085612, 52.223044 ], [ 20.085611, 52.223041 ], [ 20.08561, 52.223038 ], [ 20.085612, 52.223035 ], [ 20.089724, 52.218506 ], [ 20.089724, 52.218505 ], [ 20.089724, 52.218504 ], [ 20.085389, 52.214049 ], [ 20.085389, 52.214048 ], [ 20.085387, 52.214048 ], [ 20.076946, 52.214125 ], [ 20.076941, 52.214125 ], [ 20.076936, 52.214123 ], [ 20.076933, 52.214121 ], [ 20.072608, 52.209673 ], [ 20.072606, 52.20967 ], [ 20.072606, 52.209667 ], [ 20.072607, 52.209664 ], [ 20.076719, 52.205135 ], [ 20.07672, 52.205134 ], [ 20.076719, 52.205133 ], [ 20.072391, 52.200681 ], [ 20.072389, 52.200678 ], [ 20.072389, 52.200675 ], [ 20.072391, 52.200672 ], [ 20.076502, 52.196143 ], [ 20.076502, 52.196142 ], [ 20.076502, 52.196141 ], [ 20.072175, 52.191689 ], [ 20.072173, 52.191686 ], [ 20.072173, 52.191683 ], [ 20.072175, 52.19168 ], [ 20.076285, 52.187151 ], [ 20.076285, 52.18715 ], [ 20.076285, 52.18715 ], [ 20.071959, 52.182697 ], [ 20.071957, 52.182694 ], [ 20.071957, 52.182691 ], [ 20.071958, 52.182688 ], [ 20.076064, 52.178163 ], [ 20.076067, 52.178161 ], [ 20.076072, 52.178159 ], [ 20.076077, 52.178158 ], [ 20.084512, 52.178081 ], [ 20.084513, 52.178081 ], [ 20.084514, 52.17808 ], [ 20.088621, 52.173551 ], [ 20.088625, 52.173549 ], [ 20.088629, 52.173547 ], [ 20.088634, 52.173546 ], [ 20.097068, 52.173468 ], [ 20.097069, 52.173468 ], [ 20.09707, 52.173467 ], [ 20.101179, 52.168934 ], [ 20.10118, 52.168933 ], [ 20.101179, 52.168932 ], [ 20.096852, 52.164481 ], [ 20.096851, 52.164478 ], [ 20.09685, 52.164475 ], [ 20.096852, 52.164472 ], [ 20.100957, 52.159942 ], [ 20.100958, 52.159941 ], [ 20.100957, 52.159941 ], [ 20.096631, 52.155489 ], [ 20.096629, 52.155486 ], [ 20.096629, 52.155483 ], [ 20.096631, 52.15548 ], [ 20.100732, 52.150954 ], [ 20.100735, 52.150952 ], [ 20.10074, 52.15095 ], [ 20.100745, 52.150949 ], [ 20.109167, 52.15087 ], [ 20.109172, 52.150871 ], [ 20.109177, 52.150872 ], [ 20.10918, 52.150875 ], [ 20.113507, 52.155326 ], [ 20.113507, 52.155326 ], [ 20.113509, 52.155326 ], [ 20.121946, 52.155247 ], [ 20.121947, 52.155246 ], [ 20.121948, 52.155246 ], [ 20.12605, 52.150715 ], [ 20.126053, 52.150713 ], [ 20.126058, 52.150711 ], [ 20.126063, 52.15071 ], [ 20.134485, 52.15063 ], [ 20.13449, 52.15063 ], [ 20.134494, 52.150632 ], [ 20.134498, 52.150634 ], [ 20.138827, 52.155084 ], [ 20.138828, 52.155085 ], [ 20.138829, 52.155085 ], [ 20.147259, 52.155003 ], [ 20.147264, 52.155004 ], [ 20.147269, 52.155005 ], [ 20.147272, 52.155007 ], [ 20.151603, 52.159457 ], [ 20.151604, 52.159457 ], [ 20.151605, 52.159458 ], [ 20.160043, 52.159375 ], [ 20.160044, 52.159375 ], [ 20.160045, 52.159374 ], [ 20.164144, 52.154842 ], [ 20.164147, 52.15484 ], [ 20.164151, 52.154838 ], [ 20.164156, 52.154837 ], [ 20.172586, 52.154754 ], [ 20.172587, 52.154754 ], [ 20.172588, 52.154753 ], [ 20.176688, 52.150217 ], [ 20.176689, 52.150216 ], [ 20.176688, 52.150215 ], [ 20.172356, 52.145767 ], [ 20.172354, 52.145764 ], [ 20.172354, 52.145761 ], [ 20.172355, 52.145758 ], [ 20.176448, 52.141229 ], [ 20.176451, 52.141227 ], [ 20.176455, 52.141225 ], [ 20.17646, 52.141225 ], [ 20.184888, 52.14114 ], [ 20.184889, 52.14114 ], [ 20.18489, 52.141139 ], [ 20.188987, 52.136603 ], [ 20.188988, 52.136602 ], [ 20.188987, 52.136601 ], [ 20.184655, 52.132153 ], [ 20.184653, 52.13215 ], [ 20.184653, 52.132147 ], [ 20.184655, 52.132144 ], [ 20.188745, 52.127615 ], [ 20.188748, 52.127613 ], [ 20.188752, 52.127611 ], [ 20.188757, 52.12761 ], [ 20.197182, 52.127525 ], [ 20.197183, 52.127525 ], [ 20.197184, 52.127524 ], [ 20.201276, 52.122991 ], [ 20.201279, 52.122989 ], [ 20.201283, 52.122987 ], [ 20.201288, 52.122986 ], [ 20.209705, 52.1229 ], [ 20.20971, 52.122901 ], [ 20.209715, 52.122902 ], [ 20.209718, 52.122905 ], [ 20.214052, 52.127352 ], [ 20.214053, 52.127352 ], [ 20.214054, 52.127353 ], [ 20.222486, 52.127265 ], [ 20.222487, 52.127265 ], [ 20.222488, 52.127265 ], [ 20.226577, 52.12273 ], [ 20.22658, 52.122728 ], [ 20.226584, 52.122726 ], [ 20.226589, 52.122726 ], [ 20.235013, 52.122638 ], [ 20.235015, 52.122638 ], [ 20.235015, 52.122637 ], [ 20.239103, 52.118103 ], [ 20.239106, 52.1181 ], [ 20.23911, 52.118098 ], [ 20.239115, 52.118098 ], [ 20.247531, 52.118009 ], [ 20.247536, 52.11801 ], [ 20.247541, 52.118011 ], [ 20.247544, 52.118014 ], [ 20.251881, 52.122459 ], [ 20.251882, 52.12246 ], [ 20.251883, 52.12246 ], [ 20.260314, 52.12237 ], [ 20.260315, 52.12237 ], [ 20.260316, 52.12237 ], [ 20.264404, 52.11783 ], [ 20.264405, 52.117829 ], [ 20.264404, 52.117829 ], [ 20.260066, 52.113383 ], [ 20.260064, 52.11338 ], [ 20.260064, 52.113377 ], [ 20.260066, 52.113374 ], [ 20.264146, 52.108843 ], [ 20.26415, 52.10884 ], [ 20.264154, 52.108839 ], [ 20.264159, 52.108838 ], [ 20.27258, 52.108747 ], [ 20.272581, 52.108747 ], [ 20.272582, 52.108747 ], [ 20.276668, 52.104207 ], [ 20.276668, 52.104206 ], [ 20.276668, 52.104206 ], [ 20.27233, 52.099761 ], [ 20.272328, 52.099758 ], [ 20.272328, 52.099755 ], [ 20.27233, 52.099752 ], [ 20.276411, 52.095216 ], [ 20.276411, 52.095215 ], [ 20.276411, 52.095214 ], [ 20.272074, 52.090769 ], [ 20.272072, 52.090766 ], [ 20.272072, 52.090763 ], [ 20.272074, 52.09076 ], [ 20.276155, 52.086224 ], [ 20.276155, 52.086224 ], [ 20.276154, 52.086223 ], [ 20.271818, 52.081778 ], [ 20.271817, 52.081775 ], [ 20.271816, 52.081772 ], [ 20.271818, 52.081769 ], [ 20.275898, 52.077233 ], [ 20.275898, 52.077232 ], [ 20.275898, 52.077232 ], [ 20.271559, 52.072783 ], [ 20.271558, 52.072782 ], [ 20.271557, 52.072782 ], [ 20.263143, 52.072873 ], [ 20.263138, 52.072872 ], [ 20.263133, 52.072871 ], [ 20.26313, 52.072868 ], [ 20.2588, 52.068427 ], [ 20.258798, 52.068424 ], [ 20.258798, 52.068421 ], [ 20.2588, 52.068418 ], [ 20.26288, 52.063882 ], [ 20.26288, 52.063881 ], [ 20.26288, 52.063881 ], [ 20.258547, 52.059435 ], [ 20.258546, 52.059432 ], [ 20.258545, 52.059429 ], [ 20.258547, 52.059426 ], [ 20.262626, 52.054891 ], [ 20.262627, 52.05489 ], [ 20.262626, 52.054889 ], [ 20.258291, 52.05044 ], [ 20.25829, 52.05044 ], [ 20.258289, 52.050439 ], [ 20.249879, 52.050529 ], [ 20.249874, 52.050528 ], [ 20.249869, 52.050527 ], [ 20.249866, 52.050525 ], [ 20.24554, 52.046082 ], [ 20.245538, 52.046079 ], [ 20.245538, 52.046076 ], [ 20.245539, 52.046073 ], [ 20.249619, 52.041538 ], [ 20.249619, 52.041538 ], [ 20.249619, 52.041537 ], [ 20.245286, 52.037087 ], [ 20.245285, 52.037087 ], [ 20.245284, 52.037086 ], [ 20.236876, 52.037175 ], [ 20.236871, 52.037174 ], [ 20.236867, 52.037173 ], [ 20.236864, 52.037171 ], [ 20.232536, 52.032724 ], [ 20.232535, 52.032724 ], [ 20.232534, 52.032723 ], [ 20.224127, 52.032811 ], [ 20.224122, 52.032811 ], [ 20.224118, 52.032809 ], [ 20.224114, 52.032807 ], [ 20.219789, 52.02836 ], [ 20.219788, 52.028359 ], [ 20.219787, 52.028359 ], [ 20.211381, 52.028446 ], [ 20.211376, 52.028445 ], [ 20.211371, 52.028444 ], [ 20.211368, 52.028441 ], [ 20.207047, 52.023998 ], [ 20.207046, 52.023995 ], [ 20.207045, 52.023992 ], [ 20.207047, 52.023989 ], [ 20.211125, 52.019459 ], [ 20.211128, 52.019456 ], [ 20.211133, 52.019455 ], [ 20.211138, 52.019454 ], [ 20.219542, 52.019367 ], [ 20.219543, 52.019367 ], [ 20.219544, 52.019367 ], [ 20.223624, 52.014833 ], [ 20.223627, 52.01483 ], [ 20.223631, 52.014829 ], [ 20.223636, 52.014828 ], [ 20.23204, 52.01474 ], [ 20.232041, 52.01474 ], [ 20.232042, 52.01474 ], [ 20.23612, 52.010205 ], [ 20.236123, 52.010203 ], [ 20.236127, 52.010201 ], [ 20.236132, 52.0102 ], [ 20.244528, 52.010112 ], [ 20.244533, 52.010112 ], [ 20.244537, 52.010114 ], [ 20.244541, 52.010116 ], [ 20.248867, 52.014562 ], [ 20.248868, 52.014563 ], [ 20.248869, 52.014563 ], [ 20.25728, 52.014474 ], [ 20.257281, 52.014474 ], [ 20.257282, 52.014473 ], [ 20.261357, 52.009937 ], [ 20.26136, 52.009935 ], [ 20.261365, 52.009933 ], [ 20.26137, 52.009933 ], [ 20.269772, 52.009843 ], [ 20.269773, 52.009842 ], [ 20.269774, 52.009842 ], [ 20.273851, 52.005302 ], [ 20.273852, 52.005301 ], [ 20.273851, 52.005301 ], [ 20.269523, 52.000856 ], [ 20.269522, 52.000853 ], [ 20.269521, 52.00085 ], [ 20.269523, 52.000847 ], [ 20.273596, 51.996311 ], [ 20.273596, 51.99631 ], [ 20.273596, 51.996309 ], [ 20.269269, 51.991864 ], [ 20.269267, 51.991861 ], [ 20.269267, 51.991858 ], [ 20.269269, 51.991855 ], [ 20.273338, 51.987323 ], [ 20.273341, 51.987321 ], [ 20.273345, 51.987319 ], [ 20.27335, 51.987318 ], [ 20.281748, 51.987227 ], [ 20.28175, 51.987227 ], [ 20.28175, 51.987227 ], [ 20.285824, 51.982686 ], [ 20.285825, 51.982686 ], [ 20.285824, 51.982685 ], [ 20.281497, 51.97824 ], [ 20.281495, 51.978237 ], [ 20.281495, 51.978234 ], [ 20.281497, 51.978231 ], [ 20.285563, 51.973699 ], [ 20.285567, 51.973696 ], [ 20.285571, 51.973695 ], [ 20.285576, 51.973694 ], [ 20.293972, 51.973602 ], [ 20.293973, 51.973602 ], [ 20.293973, 51.973602 ], [ 20.298045, 51.969061 ], [ 20.298045, 51.96906 ], [ 20.298045, 51.96906 ], [ 20.293718, 51.964615 ], [ 20.293716, 51.964612 ], [ 20.293716, 51.964609 ], [ 20.293718, 51.964606 ], [ 20.297785, 51.96007 ], [ 20.297786, 51.960069 ], [ 20.297785, 51.960068 ], [ 20.293456, 51.95562 ], [ 20.293455, 51.95562 ], [ 20.293454, 51.955619 ], [ 20.285054, 51.955711 ], [ 20.285053, 51.955712 ], [ 20.285052, 51.955712 ], [ 20.280984, 51.960248 ], [ 20.280981, 51.960251 ], [ 20.280977, 51.960252 ], [ 20.280972, 51.960253 ], [ 20.272585, 51.960344 ], [ 20.27258, 51.960344 ], [ 20.272576, 51.960342 ], [ 20.272573, 51.96034 ], [ 20.268249, 51.955894 ], [ 20.268249, 51.955894 ], [ 20.268247, 51.955894 ], [ 20.259855, 51.955984 ], [ 20.25985, 51.955983 ], [ 20.259845, 51.955982 ], [ 20.259842, 51.955979 ], [ 20.25552, 51.951534 ], [ 20.25552, 51.951533 ], [ 20.255518, 51.951533 ], [ 20.247127, 51.951622 ], [ 20.247122, 51.951622 ], [ 20.247117, 51.95162 ], [ 20.247114, 51.951618 ], [ 20.242798, 51.947175 ], [ 20.242796, 51.947172 ], [ 20.242796, 51.947169 ], [ 20.242797, 51.947166 ], [ 20.246868, 51.942631 ], [ 20.246869, 51.942631 ], [ 20.246868, 51.94263 ], [ 20.242549, 51.938184 ], [ 20.242547, 51.938181 ], [ 20.242547, 51.938178 ], [ 20.242549, 51.938175 ], [ 20.246616, 51.933644 ], [ 20.246619, 51.933641 ], [ 20.246623, 51.93364 ], [ 20.246628, 51.933639 ], [ 20.255009, 51.93355 ], [ 20.255014, 51.93355 ], [ 20.255019, 51.933552 ], [ 20.255022, 51.933554 ], [ 20.259342, 51.938 ], [ 20.259343, 51.938001 ], [ 20.259344, 51.938001 ], [ 20.267733, 51.937911 ], [ 20.267738, 51.937911 ], [ 20.267742, 51.937913 ], [ 20.267746, 51.937915 ], [ 20.272067, 51.94236 ], [ 20.272068, 51.942361 ], [ 20.272069, 51.942361 ], [ 20.280459, 51.94227 ], [ 20.280464, 51.942271 ], [ 20.280469, 51.942272 ], [ 20.280472, 51.942274 ], [ 20.284795, 51.946719 ], [ 20.284796, 51.94672 ], [ 20.284797, 51.94672 ], [ 20.293195, 51.946628 ], [ 20.293196, 51.946628 ], [ 20.293197, 51.946627 ], [ 20.297263, 51.942091 ], [ 20.297266, 51.942088 ], [ 20.29727, 51.942087 ], [ 20.297275, 51.942086 ], [ 20.305665, 51.941993 ], [ 20.305666, 51.941993 ], [ 20.305667, 51.941993 ], [ 20.309731, 51.937455 ], [ 20.309734, 51.937453 ], [ 20.309739, 51.937451 ], [ 20.309744, 51.937451 ], [ 20.318132, 51.937357 ], [ 20.318134, 51.937357 ], [ 20.318134, 51.937356 ], [ 20.3222, 51.932815 ], [ 20.322201, 51.932814 ], [ 20.3222, 51.932814 ], [ 20.317875, 51.92837 ], [ 20.317873, 51.928367 ], [ 20.317873, 51.928364 ], [ 20.317874, 51.928361 ], [ 20.321933, 51.923828 ], [ 20.321936, 51.923825 ], [ 20.32194, 51.923823 ], [ 20.321945, 51.923823 ], [ 20.330324, 51.923728 ], [ 20.330329, 51.923729 ], [ 20.330334, 51.92373 ], [ 20.330337, 51.923733 ], [ 20.334663, 51.928176 ], [ 20.334664, 51.928176 ], [ 20.334665, 51.928177 ], [ 20.343052, 51.928081 ], [ 20.343057, 51.928082 ], [ 20.343062, 51.928083 ], [ 20.343065, 51.928085 ], [ 20.347393, 51.932528 ], [ 20.347394, 51.932529 ], [ 20.347395, 51.932529 ], [ 20.355783, 51.932432 ], [ 20.355788, 51.932433 ], [ 20.355792, 51.932434 ], [ 20.355796, 51.932437 ], [ 20.360125, 51.936879 ], [ 20.360126, 51.936879 ], [ 20.360127, 51.936879 ], [ 20.368516, 51.936782 ], [ 20.368521, 51.936783 ], [ 20.368525, 51.936784 ], [ 20.368529, 51.936787 ], [ 20.372856, 51.941224 ], [ 20.372858, 51.941227 ], [ 20.372858, 51.94123 ], [ 20.372857, 51.941233 ], [ 20.368799, 51.945773 ], [ 20.368798, 51.945773 ], [ 20.368799, 51.945774 ], [ 20.373135, 51.950219 ], [ 20.373135, 51.95022 ], [ 20.373136, 51.95022 ], [ 20.381535, 51.950122 ], [ 20.381536, 51.950122 ], [ 20.381537, 51.950121 ], [ 20.385594, 51.945581 ], [ 20.385597, 51.945579 ], [ 20.385601, 51.945577 ], [ 20.385606, 51.945577 ], [ 20.393996, 51.945478 ], [ 20.393997, 51.945477 ], [ 20.393998, 51.945477 ], [ 20.398054, 51.940937 ], [ 20.398057, 51.940934 ], [ 20.398061, 51.940933 ], [ 20.398066, 51.940932 ], [ 20.406448, 51.940832 ], [ 20.406453, 51.940833 ], [ 20.406458, 51.940834 ], [ 20.406461, 51.940837 ], [ 20.410793, 51.945273 ], [ 20.410795, 51.945276 ], [ 20.410795, 51.945279 ], [ 20.410793, 51.945282 ], [ 20.406739, 51.949822 ], [ 20.406738, 51.949823 ], [ 20.406739, 51.949824 ], [ 20.411079, 51.954268 ], [ 20.411079, 51.954268 ], [ 20.411081, 51.954268 ], [ 20.419479, 51.954167 ], [ 20.419481, 51.954167 ], [ 20.419481, 51.954167 ], [ 20.423535, 51.949626 ], [ 20.423538, 51.949623 ], [ 20.423542, 51.949622 ], [ 20.423547, 51.949621 ], [ 20.431938, 51.949519 ], [ 20.431939, 51.949519 ], [ 20.43194, 51.949519 ], [ 20.435992, 51.944977 ], [ 20.435995, 51.944975 ], [ 20.436, 51.944973 ], [ 20.436004, 51.944973 ], [ 20.444394, 51.94487 ], [ 20.444396, 51.94487 ], [ 20.444396, 51.944869 ], [ 20.448447, 51.940327 ], [ 20.44845, 51.940325 ], [ 20.448454, 51.940323 ], [ 20.448459, 51.940323 ], [ 20.456848, 51.940219 ], [ 20.456849, 51.940219 ], [ 20.45685, 51.940219 ], [ 20.460898, 51.935676 ], [ 20.460902, 51.935674 ], [ 20.460906, 51.935672 ], [ 20.460911, 51.935672 ], [ 20.469292, 51.935567 ], [ 20.469297, 51.935568 ], [ 20.469301, 51.935569 ], [ 20.469305, 51.935572 ], [ 20.473646, 51.940009 ], [ 20.473646, 51.94001 ], [ 20.473648, 51.94001 ], [ 20.482044, 51.939905 ], [ 20.482045, 51.939905 ], [ 20.482045, 51.939904 ], [ 20.486095, 51.935357 ], [ 20.486095, 51.935356 ], [ 20.486095, 51.935356 ], [ 20.481753, 51.930918 ], [ 20.481751, 51.930916 ], [ 20.481751, 51.930912 ], [ 20.481753, 51.930909 ], [ 20.485794, 51.92637 ], [ 20.485798, 51.926368 ], [ 20.485802, 51.926366 ], [ 20.485807, 51.926366 ], [ 20.494193, 51.926259 ], [ 20.494194, 51.926259 ], [ 20.494195, 51.926259 ], [ 20.498242, 51.921711 ], [ 20.498242, 51.921711 ], [ 20.498242, 51.92171 ], [ 20.4939, 51.917273 ], [ 20.493898, 51.91727 ], [ 20.493898, 51.917267 ], [ 20.4939, 51.917264 ], [ 20.497943, 51.912721 ], [ 20.497943, 51.91272 ], [ 20.497943, 51.912719 ], [ 20.493602, 51.908282 ], [ 20.4936, 51.908279 ], [ 20.4936, 51.908276 ], [ 20.493601, 51.908273 ], [ 20.497644, 51.90373 ], [ 20.497644, 51.903729 ], [ 20.497643, 51.903729 ], [ 20.493304, 51.899292 ], [ 20.493302, 51.899289 ], [ 20.493302, 51.899286 ], [ 20.493303, 51.899283 ], [ 20.497341, 51.894743 ], [ 20.497344, 51.894741 ], [ 20.497349, 51.894739 ], [ 20.497354, 51.894738 ], [ 20.505727, 51.894632 ], [ 20.505732, 51.894632 ], [ 20.505736, 51.894634 ], [ 20.505739, 51.894636 ], [ 20.51008, 51.899072 ], [ 20.510081, 51.899073 ], [ 20.510082, 51.899073 ], [ 20.51847, 51.898965 ], [ 20.518471, 51.898965 ], [ 20.518472, 51.898964 ], [ 20.522511, 51.89442 ], [ 20.522514, 51.894418 ], [ 20.522518, 51.894416 ], [ 20.522523, 51.894415 ], [ 20.530896, 51.894307 ], [ 20.530901, 51.894307 ], [ 20.530906, 51.894309 ], [ 20.530909, 51.894311 ], [ 20.535252, 51.898747 ], [ 20.535253, 51.898747 ], [ 20.535254, 51.898747 ], [ 20.543642, 51.898638 ], [ 20.543643, 51.898637 ], [ 20.543644, 51.898637 ], [ 20.54768, 51.894092 ], [ 20.547683, 51.894089 ], [ 20.547687, 51.894088 ], [ 20.547692, 51.894087 ], [ 20.556072, 51.893977 ], [ 20.556074, 51.893976 ], [ 20.556074, 51.893976 ], [ 20.560109, 51.88943 ], [ 20.560112, 51.889428 ], [ 20.560116, 51.889426 ], [ 20.560121, 51.889426 ], [ 20.568493, 51.889314 ], [ 20.568498, 51.889315 ], [ 20.568502, 51.889316 ], [ 20.568506, 51.889319 ], [ 20.572852, 51.893753 ], [ 20.572853, 51.893753 ], [ 20.572854, 51.893753 ], [ 20.581241, 51.893641 ], [ 20.581242, 51.893641 ], [ 20.581243, 51.89364 ], [ 20.585278, 51.88909 ], [ 20.585278, 51.889089 ], [ 20.585278, 51.889089 ], [ 20.580927, 51.884651 ], [ 20.580927, 51.884651 ], [ 20.580925, 51.884651 ], [ 20.572547, 51.884763 ], [ 20.572542, 51.884762 ], [ 20.572538, 51.884761 ], [ 20.572535, 51.884759 ], [ 20.568193, 51.880328 ], [ 20.568191, 51.880325 ], [ 20.568191, 51.880322 ], [ 20.568193, 51.880319 ], [ 20.572221, 51.875777 ], [ 20.572224, 51.875775 ], [ 20.572229, 51.875773 ], [ 20.572234, 51.875772 ], [ 20.58061, 51.87566 ], [ 20.580611, 51.87566 ], [ 20.580612, 51.875659 ], [ 20.584642, 51.871113 ], [ 20.584645, 51.871111 ], [ 20.58465, 51.871109 ], [ 20.584655, 51.871108 ], [ 20.59303, 51.870995 ], [ 20.593031, 51.870995 ], [ 20.593032, 51.870995 ], [ 20.597064, 51.866444 ], [ 20.597065, 51.866443 ], [ 20.597064, 51.866443 ], [ 20.592718, 51.862009 ], [ 20.592716, 51.862006 ], [ 20.592716, 51.862003 ], [ 20.592718, 51.862 ], [ 20.596742, 51.857457 ], [ 20.596746, 51.857455 ], [ 20.59675, 51.857453 ], [ 20.596755, 51.857453 ], [ 20.605128, 51.857339 ], [ 20.605129, 51.857339 ], [ 20.60513, 51.857338 ], [ 20.609159, 51.852787 ], [ 20.60916, 51.852786 ], [ 20.609159, 51.852786 ], [ 20.604813, 51.848353 ], [ 20.604812, 51.84835 ], [ 20.604812, 51.848347 ], [ 20.604813, 51.848344 ], [ 20.608839, 51.843797 ], [ 20.608839, 51.843796 ], [ 20.608839, 51.843795 ], [ 20.604494, 51.839362 ], [ 20.604492, 51.83936 ], [ 20.604492, 51.839356 ], [ 20.604493, 51.839353 ], [ 20.608515, 51.83481 ], [ 20.608518, 51.834808 ], [ 20.608522, 51.834806 ], [ 20.608527, 51.834805 ], [ 20.616896, 51.834691 ], [ 20.616897, 51.834691 ], [ 20.616898, 51.83469 ], [ 20.620921, 51.830142 ], [ 20.620924, 51.83014 ], [ 20.620928, 51.830138 ], [ 20.620933, 51.830138 ], [ 20.629301, 51.830022 ], [ 20.629302, 51.830022 ], [ 20.629303, 51.830021 ], [ 20.633328, 51.82547 ], [ 20.633328, 51.825469 ], [ 20.633328, 51.825468 ], [ 20.628979, 51.821032 ], [ 20.628978, 51.821032 ], [ 20.628977, 51.821032 ], [ 20.620611, 51.821147 ], [ 20.620606, 51.821147 ], [ 20.620601, 51.821145 ], [ 20.620598, 51.821143 ], [ 20.616258, 51.816714 ], [ 20.616256, 51.816712 ], [ 20.616256, 51.816708 ], [ 20.616257, 51.816705 ], [ 20.620279, 51.812158 ], [ 20.620279, 51.812157 ], [ 20.620279, 51.812157 ], [ 20.615932, 51.80772 ], [ 20.615932, 51.80772 ], [ 20.61593, 51.80772 ], [ 20.60756, 51.807834 ], [ 20.607558, 51.807835 ], [ 20.607558, 51.807835 ], [ 20.603535, 51.812382 ], [ 20.603532, 51.812385 ], [ 20.603528, 51.812386 ], [ 20.603523, 51.812387 ], [ 20.595165, 51.812501 ], [ 20.59516, 51.8125 ], [ 20.595156, 51.812499 ], [ 20.595153, 51.812496 ], [ 20.590816, 51.808067 ], [ 20.590814, 51.808064 ], [ 20.590814, 51.808061 ], [ 20.590815, 51.808058 ], [ 20.594839, 51.803511 ], [ 20.594839, 51.80351 ], [ 20.594839, 51.80351 ], [ 20.590499, 51.799076 ], [ 20.590498, 51.799073 ], [ 20.590497, 51.79907 ], [ 20.590499, 51.799067 ], [ 20.594522, 51.79452 ], [ 20.594522, 51.79452 ], [ 20.594522, 51.794519 ], [ 20.590183, 51.790086 ], [ 20.590181, 51.790083 ], [ 20.590181, 51.79008 ], [ 20.590183, 51.790077 ], [ 20.594205, 51.78553 ], [ 20.594205, 51.785529 ], [ 20.594205, 51.785529 ], [ 20.589867, 51.781095 ], [ 20.589865, 51.781092 ], [ 20.589865, 51.781089 ], [ 20.589867, 51.781086 ], [ 20.593884, 51.776543 ], [ 20.593887, 51.776541 ], [ 20.593892, 51.776539 ], [ 20.593897, 51.776539 ], [ 20.602255, 51.776425 ], [ 20.602256, 51.776425 ], [ 20.602257, 51.776424 ], [ 20.606279, 51.771873 ], [ 20.60628, 51.771873 ], [ 20.606279, 51.771872 ], [ 20.601942, 51.767439 ], [ 20.60194, 51.767436 ], [ 20.60194, 51.767433 ], [ 20.601942, 51.76743 ], [ 20.60596, 51.762883 ], [ 20.605961, 51.762882 ], [ 20.60596, 51.762882 ], [ 20.60162, 51.758445 ], [ 20.601619, 51.758444 ], [ 20.601618, 51.758444 ], [ 20.593263, 51.758558 ], [ 20.593258, 51.758557 ], [ 20.593254, 51.758556 ], [ 20.593251, 51.758553 ], [ 20.588919, 51.754124 ], [ 20.588918, 51.754121 ], [ 20.588917, 51.754117 ], [ 20.588919, 51.754115 ], [ 20.592935, 51.749572 ], [ 20.592938, 51.749569 ], [ 20.592942, 51.749568 ], [ 20.592947, 51.749567 ], [ 20.601293, 51.749454 ], [ 20.601298, 51.749454 ], [ 20.601302, 51.749456 ], [ 20.601306, 51.749458 ], [ 20.605641, 51.753891 ], [ 20.605642, 51.753892 ], [ 20.605643, 51.753892 ], [ 20.614004, 51.753777 ], [ 20.614005, 51.753777 ], [ 20.614006, 51.753776 ], [ 20.618022, 51.749229 ], [ 20.618026, 51.749227 ], [ 20.61803, 51.749225 ], [ 20.618035, 51.749224 ], [ 20.626388, 51.749109 ], [ 20.626389, 51.749109 ], [ 20.626389, 51.749108 ], [ 20.630404, 51.74456 ], [ 20.630407, 51.744558 ], [ 20.630412, 51.744556 ], [ 20.630417, 51.744556 ], [ 20.638768, 51.74444 ], [ 20.63877, 51.744439 ], [ 20.63877, 51.744439 ], [ 20.642783, 51.739891 ], [ 20.642787, 51.739888 ], [ 20.642791, 51.739886 ], [ 20.642796, 51.739886 ], [ 20.651147, 51.739769 ], [ 20.651148, 51.739769 ], [ 20.651149, 51.739768 ], [ 20.655164, 51.735215 ], [ 20.655164, 51.735215 ], [ 20.655163, 51.735214 ], [ 20.650825, 51.730783 ], [ 20.650823, 51.73078 ], [ 20.650823, 51.730777 ], [ 20.650824, 51.730774 ], [ 20.654832, 51.726229 ], [ 20.654835, 51.726227 ], [ 20.654839, 51.726225 ], [ 20.654844, 51.726224 ], [ 20.663193, 51.726106 ], [ 20.663194, 51.726106 ], [ 20.663194, 51.726106 ], [ 20.667207, 51.721553 ], [ 20.667207, 51.721552 ], [ 20.667207, 51.721551 ], [ 20.662868, 51.717121 ], [ 20.662866, 51.717118 ], [ 20.662866, 51.717115 ], [ 20.662868, 51.717112 ], [ 20.666876, 51.712563 ], [ 20.666877, 51.712562 ], [ 20.666876, 51.712561 ], [ 20.662538, 51.70813 ], [ 20.662537, 51.708127 ], [ 20.662537, 51.708124 ], [ 20.662538, 51.708121 ], [ 20.666546, 51.703572 ], [ 20.666546, 51.703572 ], [ 20.666546, 51.703571 ], [ 20.662209, 51.69914 ], [ 20.662207, 51.699137 ], [ 20.662207, 51.699134 ], [ 20.662209, 51.699131 ], [ 20.666215, 51.694582 ], [ 20.666216, 51.694581 ], [ 20.666215, 51.694581 ], [ 20.66188, 51.69015 ], [ 20.661878, 51.690147 ], [ 20.661878, 51.690144 ], [ 20.661879, 51.690141 ], [ 20.665885, 51.685592 ], [ 20.665886, 51.685591 ], [ 20.665885, 51.68559 ], [ 20.66155, 51.681159 ], [ 20.661548, 51.681156 ], [ 20.661548, 51.681153 ], [ 20.66155, 51.68115 ], [ 20.665555, 51.676601 ], [ 20.665556, 51.676601 ], [ 20.665555, 51.6766 ], [ 20.661218, 51.672165 ], [ 20.661217, 51.672165 ], [ 20.661216, 51.672164 ], [ 20.652877, 51.672282 ], [ 20.652872, 51.672282 ], [ 20.652868, 51.67228 ], [ 20.652864, 51.672278 ], [ 20.648532, 51.667846 ], [ 20.648531, 51.667846 ], [ 20.64853, 51.667846 ], [ 20.640192, 51.667962 ], [ 20.640187, 51.667962 ], [ 20.640183, 51.667961 ], [ 20.64018, 51.667958 ], [ 20.635849, 51.663526 ], [ 20.635848, 51.663526 ], [ 20.635847, 51.663526 ], [ 20.62751, 51.663641 ], [ 20.627505, 51.663641 ], [ 20.627501, 51.663639 ], [ 20.627497, 51.663637 ], [ 20.623172, 51.659208 ], [ 20.62317, 51.659206 ], [ 20.62317, 51.659202 ], [ 20.623172, 51.659199 ], [ 20.627179, 51.654652 ], [ 20.627179, 51.654651 ], [ 20.627179, 51.65465 ], [ 20.622847, 51.650214 ], [ 20.622846, 51.650214 ], [ 20.622845, 51.650213 ], [ 20.614503, 51.650328 ], [ 20.614502, 51.650329 ], [ 20.614502, 51.650329 ], [ 20.610493, 51.654877 ], [ 20.61049, 51.654879 ], [ 20.610486, 51.654881 ], [ 20.610481, 51.654881 ], [ 20.602152, 51.654995 ], [ 20.602147, 51.654995 ], [ 20.602143, 51.654993 ], [ 20.60214, 51.654991 ], [ 20.597814, 51.650557 ], [ 20.597813, 51.650557 ], [ 20.597812, 51.650557 ], [ 20.58947, 51.65067 ], [ 20.589469, 51.65067 ], [ 20.589468, 51.650671 ], [ 20.585458, 51.655217 ], [ 20.585454, 51.65522 ], [ 20.58545, 51.655221 ], [ 20.585445, 51.655222 ], [ 20.577109, 51.655334 ], [ 20.577108, 51.655334 ], [ 20.577108, 51.655335 ], [ 20.573095, 51.659881 ], [ 20.573092, 51.659883 ], [ 20.573088, 51.659885 ], [ 20.573083, 51.659886 ], [ 20.564746, 51.659997 ], [ 20.564745, 51.659997 ], [ 20.564744, 51.659998 ], [ 20.56073, 51.664544 ], [ 20.560727, 51.664546 ], [ 20.560723, 51.664548 ], [ 20.560718, 51.664548 ], [ 20.552387, 51.664659 ], [ 20.552382, 51.664658 ], [ 20.552378, 51.664657 ], [ 20.552375, 51.664654 ], [ 20.548053, 51.660219 ], [ 20.548052, 51.660218 ], [ 20.548051, 51.660218 ], [ 20.539707, 51.660328 ], [ 20.539706, 51.660328 ], [ 20.539705, 51.660329 ], [ 20.535689, 51.664874 ], [ 20.535685, 51.664876 ], [ 20.535681, 51.664878 ], [ 20.535676, 51.664878 ], [ 20.527346, 51.664987 ], [ 20.527341, 51.664986 ], [ 20.527336, 51.664985 ], [ 20.527333, 51.664983 ], [ 20.523013, 51.660546 ], [ 20.523013, 51.660546 ], [ 20.523012, 51.660546 ], [ 20.514667, 51.660654 ], [ 20.514666, 51.660654 ], [ 20.514666, 51.660654 ], [ 20.510643, 51.665202 ], [ 20.510643, 51.665203 ], [ 20.510643, 51.665204 ], [ 20.514962, 51.66964 ], [ 20.514964, 51.669643 ], [ 20.514964, 51.669646 ], [ 20.514962, 51.669649 ], [ 20.510946, 51.674189 ], [ 20.510942, 51.674192 ], [ 20.510938, 51.674194 ], [ 20.510933, 51.674194 ], [ 20.502594, 51.674301 ], [ 20.502593, 51.674301 ], [ 20.502592, 51.674302 ], [ 20.49857, 51.678845 ], [ 20.498567, 51.678848 ], [ 20.498563, 51.67885 ], [ 20.498558, 51.67885 ], [ 20.490217, 51.678956 ], [ 20.490216, 51.678956 ], [ 20.490216, 51.678957 ], [ 20.486192, 51.6835 ], [ 20.486189, 51.683503 ], [ 20.486185, 51.683504 ], [ 20.48618, 51.683505 ], [ 20.477839, 51.68361 ], [ 20.477838, 51.68361 ], [ 20.477837, 51.683611 ], [ 20.473812, 51.688154 ], [ 20.473809, 51.688156 ], [ 20.473805, 51.688158 ], [ 20.4738, 51.688158 ], [ 20.465464, 51.688263 ], [ 20.46546, 51.688262 ], [ 20.465455, 51.688261 ], [ 20.465452, 51.688258 ], [ 20.461136, 51.68382 ], [ 20.461135, 51.683819 ], [ 20.461134, 51.683819 ], [ 20.452793, 51.683923 ], [ 20.452788, 51.683922 ], [ 20.452783, 51.683921 ], [ 20.45278, 51.683918 ], [ 20.448466, 51.679479 ], [ 20.448465, 51.679479 ], [ 20.448464, 51.679479 ], [ 20.440123, 51.679581 ], [ 20.440118, 51.679581 ], [ 20.440114, 51.679579 ], [ 20.440111, 51.679577 ], [ 20.435798, 51.675137 ], [ 20.435797, 51.675137 ], [ 20.435796, 51.675137 ], [ 20.427456, 51.675238 ], [ 20.427451, 51.675238 ], [ 20.427447, 51.675236 ], [ 20.427444, 51.675234 ], [ 20.423133, 51.670794 ], [ 20.423132, 51.670794 ], [ 20.423131, 51.670794 ], [ 20.414792, 51.670894 ], [ 20.414787, 51.670894 ], [ 20.414782, 51.670892 ], [ 20.414779, 51.67089 ], [ 20.41047, 51.66645 ], [ 20.410469, 51.666449 ], [ 20.410468, 51.666449 ], [ 20.40213, 51.666549 ], [ 20.402125, 51.666548 ], [ 20.40212, 51.666547 ], [ 20.402117, 51.666544 ], [ 20.397813, 51.662107 ], [ 20.397811, 51.662104 ], [ 20.397811, 51.662101 ], [ 20.397813, 51.662098 ], [ 20.401843, 51.657558 ], [ 20.401843, 51.657557 ], [ 20.401843, 51.657557 ], [ 20.397536, 51.653116 ], [ 20.397535, 51.653113 ], [ 20.397535, 51.65311 ], [ 20.397536, 51.653107 ], [ 20.401566, 51.648567 ], [ 20.401566, 51.648566 ], [ 20.401566, 51.648565 ], [ 20.39726, 51.644124 ], [ 20.397258, 51.644121 ], [ 20.397258, 51.644118 ], [ 20.39726, 51.644115 ], [ 20.401285, 51.639579 ], [ 20.401288, 51.639576 ], [ 20.401292, 51.639575 ], [ 20.401297, 51.639574 ], [ 20.409631, 51.639474 ], [ 20.409632, 51.639474 ], [ 20.409633, 51.639474 ], [ 20.41366, 51.634933 ], [ 20.413663, 51.634931 ], [ 20.413667, 51.634929 ], [ 20.413672, 51.634928 ], [ 20.422005, 51.634828 ], [ 20.422006, 51.634828 ], [ 20.422007, 51.634827 ], [ 20.426036, 51.630282 ], [ 20.426036, 51.630282 ], [ 20.426036, 51.630281 ], [ 20.421729, 51.625841 ], [ 20.421727, 51.625838 ], [ 20.421727, 51.625835 ], [ 20.421729, 51.625832 ], [ 20.425754, 51.621291 ], [ 20.425754, 51.62129 ], [ 20.425754, 51.621289 ], [ 20.421448, 51.616849 ], [ 20.421446, 51.616846 ], [ 20.421446, 51.616843 ], [ 20.421448, 51.61684 ], [ 20.425469, 51.612303 ], [ 20.425472, 51.612301 ], [ 20.425476, 51.612299 ], [ 20.425481, 51.612299 ], [ 20.433809, 51.612197 ], [ 20.43381, 51.612197 ], [ 20.433811, 51.612196 ], [ 20.437837, 51.607651 ], [ 20.437837, 51.60765 ], [ 20.437837, 51.60765 ], [ 20.433532, 51.60321 ], [ 20.43353, 51.603207 ], [ 20.43353, 51.603204 ], [ 20.433531, 51.603201 ], [ 20.437553, 51.59866 ], [ 20.437553, 51.598659 ], [ 20.437553, 51.598658 ], [ 20.433249, 51.594219 ], [ 20.433247, 51.594216 ], [ 20.433247, 51.594213 ], [ 20.433248, 51.59421 ], [ 20.437266, 51.589672 ], [ 20.437269, 51.58967 ], [ 20.437273, 51.589668 ], [ 20.437278, 51.589667 ], [ 20.445602, 51.589565 ], [ 20.445603, 51.589565 ], [ 20.445604, 51.589564 ], [ 20.449627, 51.585019 ], [ 20.449627, 51.585018 ], [ 20.449627, 51.585017 ], [ 20.445322, 51.580578 ], [ 20.445321, 51.580575 ], [ 20.445321, 51.580572 ], [ 20.445322, 51.580569 ], [ 20.449337, 51.576031 ], [ 20.44934, 51.576029 ], [ 20.449345, 51.576027 ], [ 20.44935, 51.576026 ], [ 20.457664, 51.575924 ], [ 20.457669, 51.575924 ], [ 20.457674, 51.575925 ], [ 20.457677, 51.575928 ], [ 20.461982, 51.580367 ], [ 20.461983, 51.580367 ], [ 20.461984, 51.580367 ], [ 20.470313, 51.580263 ], [ 20.470314, 51.580263 ], [ 20.470315, 51.580262 ], [ 20.474334, 51.575716 ], [ 20.474335, 51.575715 ], [ 20.474334, 51.575715 ], [ 20.470029, 51.571276 ], [ 20.470027, 51.571273 ], [ 20.470027, 51.57127 ], [ 20.470028, 51.571267 ], [ 20.474043, 51.566725 ], [ 20.474044, 51.566724 ], [ 20.474043, 51.566723 ], [ 20.469739, 51.562285 ], [ 20.469737, 51.562282 ], [ 20.469737, 51.562279 ], [ 20.469738, 51.562276 ], [ 20.473753, 51.557733 ], [ 20.473753, 51.557733 ], [ 20.473753, 51.557732 ], [ 20.469449, 51.553294 ], [ 20.469447, 51.553291 ], [ 20.469447, 51.553287 ], [ 20.469449, 51.553285 ], [ 20.473462, 51.548742 ], [ 20.473463, 51.548741 ], [ 20.473462, 51.548741 ], [ 20.469159, 51.544302 ], [ 20.469157, 51.544299 ], [ 20.469157, 51.544296 ], [ 20.469159, 51.544293 ], [ 20.473172, 51.53975 ], [ 20.473172, 51.53975 ], [ 20.473172, 51.539749 ], [ 20.468866, 51.535307 ], [ 20.468865, 51.535306 ], [ 20.468864, 51.535306 ], [ 20.46055, 51.53541 ], [ 20.460545, 51.53541 ], [ 20.46054, 51.535408 ], [ 20.460537, 51.535406 ], [ 20.45624, 51.530971 ], [ 20.456238, 51.530968 ], [ 20.456238, 51.530965 ], [ 20.45624, 51.530962 ], [ 20.460253, 51.526419 ], [ 20.460253, 51.526419 ], [ 20.460253, 51.526418 ], [ 20.455953, 51.521979 ], [ 20.455952, 51.521976 ], [ 20.455952, 51.521973 ], [ 20.455953, 51.52197 ], [ 20.459965, 51.517428 ], [ 20.459966, 51.517427 ], [ 20.459965, 51.517427 ], [ 20.455667, 51.512988 ], [ 20.455665, 51.512985 ], [ 20.455665, 51.512982 ], [ 20.455666, 51.512979 ], [ 20.459675, 51.50844 ], [ 20.459678, 51.508438 ], [ 20.459682, 51.508436 ], [ 20.459687, 51.508436 ], [ 20.467996, 51.508332 ], [ 20.467997, 51.508332 ], [ 20.467998, 51.508331 ], [ 20.472008, 51.503789 ], [ 20.472011, 51.503786 ], [ 20.472016, 51.503785 ], [ 20.47202, 51.503784 ], [ 20.480322, 51.50368 ], [ 20.480327, 51.50368 ], [ 20.480331, 51.503682 ], [ 20.480334, 51.503684 ], [ 20.484635, 51.508122 ], [ 20.484635, 51.508122 ], [ 20.484637, 51.508123 ], [ 20.492946, 51.508017 ], [ 20.492951, 51.508018 ], [ 20.492955, 51.508019 ], [ 20.492958, 51.508021 ], [ 20.49726, 51.512459 ], [ 20.497261, 51.512459 ], [ 20.497262, 51.51246 ], [ 20.505572, 51.512353 ], [ 20.505577, 51.512354 ], [ 20.505581, 51.512355 ], [ 20.505585, 51.512358 ], [ 20.509888, 51.516795 ], [ 20.509889, 51.516795 ], [ 20.50989, 51.516795 ], [ 20.518208, 51.516688 ], [ 20.518209, 51.516688 ], [ 20.51821, 51.516687 ], [ 20.522215, 51.512143 ], [ 20.522218, 51.51214 ], [ 20.522223, 51.512139 ], [ 20.522228, 51.512138 ], [ 20.530537, 51.51203 ], [ 20.530539, 51.51203 ], [ 20.530539, 51.512029 ], [ 20.534547, 51.507481 ], [ 20.534547, 51.50748 ], [ 20.534547, 51.507479 ], [ 20.530242, 51.503043 ], [ 20.53024, 51.50304 ], [ 20.53024, 51.503037 ], [ 20.530241, 51.503034 ], [ 20.534245, 51.49849 ], [ 20.534245, 51.498489 ], [ 20.534245, 51.498488 ], [ 20.529941, 51.494052 ], [ 20.529939, 51.494049 ], [ 20.529939, 51.494046 ], [ 20.52994, 51.494043 ], [ 20.533943, 51.489498 ], [ 20.533943, 51.489498 ], [ 20.533943, 51.489497 ], [ 20.52964, 51.485061 ], [ 20.529638, 51.485058 ], [ 20.529638, 51.485055 ], [ 20.529639, 51.485052 ], [ 20.533641, 51.480507 ], [ 20.533641, 51.480506 ], [ 20.533641, 51.480506 ], [ 20.529339, 51.47607 ], [ 20.529337, 51.476067 ], [ 20.529337, 51.476064 ], [ 20.529339, 51.476061 ], [ 20.533336, 51.47152 ], [ 20.533339, 51.471517 ], [ 20.533344, 51.471516 ], [ 20.533348, 51.471515 ], [ 20.541651, 51.471406 ], [ 20.541652, 51.471406 ], [ 20.541653, 51.471406 ], [ 20.545655, 51.466857 ], [ 20.545656, 51.466856 ], [ 20.545655, 51.466855 ], [ 20.541353, 51.462419 ], [ 20.541352, 51.462417 ], [ 20.541351, 51.462413 ], [ 20.541353, 51.46241 ], [ 20.545352, 51.457865 ], [ 20.545352, 51.457865 ], [ 20.545352, 51.457864 ], [ 20.541047, 51.453424 ], [ 20.541046, 51.453424 ], [ 20.541045, 51.453424 ], [ 20.532746, 51.453533 ], [ 20.532741, 51.453532 ], [ 20.532736, 51.453531 ], [ 20.532733, 51.453528 ], [ 20.528434, 51.449092 ], [ 20.528433, 51.449091 ], [ 20.528432, 51.449091 ], [ 20.520133, 51.449199 ], [ 20.520128, 51.449199 ], [ 20.520124, 51.449197 ], [ 20.520121, 51.449195 ], [ 20.515823, 51.444758 ], [ 20.515822, 51.444758 ], [ 20.515821, 51.444757 ], [ 20.507523, 51.444864 ], [ 20.507518, 51.444864 ], [ 20.507514, 51.444862 ], [ 20.507511, 51.44486 ], [ 20.503214, 51.440423 ], [ 20.503214, 51.440422 ], [ 20.503212, 51.440422 ], [ 20.494916, 51.440528 ], [ 20.494911, 51.440528 ], [ 20.494906, 51.440526 ], [ 20.494903, 51.440524 ], [ 20.490612, 51.43609 ], [ 20.49061, 51.436087 ], [ 20.49061, 51.436084 ], [ 20.490612, 51.436081 ], [ 20.49461, 51.431542 ], [ 20.494613, 51.431539 ], [ 20.494617, 51.431537 ], [ 20.494622, 51.431537 ], [ 20.502917, 51.431431 ], [ 20.502918, 51.431431 ], [ 20.502919, 51.43143 ], [ 20.506922, 51.426882 ], [ 20.506923, 51.426882 ], [ 20.506922, 51.426881 ], [ 20.502624, 51.42244 ], [ 20.502623, 51.422439 ], [ 20.502622, 51.422439 ], [ 20.494329, 51.422545 ], [ 20.494324, 51.422545 ], [ 20.494319, 51.422543 ], [ 20.494316, 51.422541 ], [ 20.490027, 51.418107 ], [ 20.490025, 51.418104 ], [ 20.490025, 51.418101 ], [ 20.490026, 51.418098 ], [ 20.494026, 51.413555 ], [ 20.494027, 51.413554 ], [ 20.494026, 51.413553 ], [ 20.489731, 51.409112 ], [ 20.48973, 51.409111 ], [ 20.489729, 51.409111 ], [ 20.481438, 51.409216 ], [ 20.481433, 51.409216 ], [ 20.481428, 51.409214 ], [ 20.481425, 51.409212 ], [ 20.477135, 51.404774 ], [ 20.477134, 51.404773 ], [ 20.477133, 51.404773 ], [ 20.468842, 51.404877 ], [ 20.468837, 51.404877 ], [ 20.468833, 51.404875 ], [ 20.46883, 51.404873 ], [ 20.464541, 51.400434 ], [ 20.46454, 51.400434 ], [ 20.464539, 51.400433 ], [ 20.456249, 51.400537 ], [ 20.456244, 51.400536 ], [ 20.45624, 51.400535 ], [ 20.456236, 51.400532 ], [ 20.451953, 51.396097 ], [ 20.451951, 51.396094 ], [ 20.451951, 51.396091 ], [ 20.451953, 51.396088 ], [ 20.455955, 51.391546 ], [ 20.455955, 51.391545 ], [ 20.455955, 51.391544 ], [ 20.451665, 51.387101 ], [ 20.451664, 51.387101 ], [ 20.451663, 51.387101 ], [ 20.443375, 51.387203 ], [ 20.44337, 51.387203 ], [ 20.443366, 51.387201 ], [ 20.443363, 51.387199 ], [ 20.439082, 51.382763 ], [ 20.43908, 51.38276 ], [ 20.43908, 51.382757 ], [ 20.439081, 51.382754 ], [ 20.443084, 51.378212 ], [ 20.443084, 51.378212 ], [ 20.443084, 51.378211 ], [ 20.4388, 51.373771 ], [ 20.438798, 51.373768 ], [ 20.438798, 51.373765 ], [ 20.4388, 51.373762 ], [ 20.442801, 51.36922 ], [ 20.442801, 51.36922 ], [ 20.442801, 51.369219 ], [ 20.438514, 51.364776 ], [ 20.438514, 51.364775 ], [ 20.438512, 51.364775 ], [ 20.430229, 51.364876 ], [ 20.430224, 51.364876 ], [ 20.43022, 51.364874 ], [ 20.430216, 51.364872 ], [ 20.425939, 51.360435 ], [ 20.425937, 51.360433 ], [ 20.425937, 51.360429 ], [ 20.425938, 51.360426 ], [ 20.429937, 51.355889 ], [ 20.42994, 51.355887 ], [ 20.429944, 51.355885 ], [ 20.429949, 51.355884 ], [ 20.438231, 51.355783 ], [ 20.438232, 51.355783 ], [ 20.438233, 51.355782 ], [ 20.442236, 51.351237 ], [ 20.442236, 51.351236 ], [ 20.442236, 51.351236 ], [ 20.437955, 51.346796 ], [ 20.437953, 51.346793 ], [ 20.437953, 51.34679 ], [ 20.437954, 51.346787 ], [ 20.441954, 51.342245 ], [ 20.441954, 51.342244 ], [ 20.441954, 51.342244 ], [ 20.437673, 51.337804 ], [ 20.437672, 51.337801 ], [ 20.437671, 51.337798 ], [ 20.437673, 51.337795 ], [ 20.441671, 51.333253 ], [ 20.441672, 51.333253 ], [ 20.441671, 51.333252 ], [ 20.437388, 51.328808 ], [ 20.437388, 51.328808 ], [ 20.437387, 51.328808 ], [ 20.42911, 51.328909 ], [ 20.429105, 51.328908 ], [ 20.4291, 51.328907 ], [ 20.429097, 51.328905 ], [ 20.424823, 51.324468 ], [ 20.424821, 51.324465 ], [ 20.424821, 51.324462 ], [ 20.424823, 51.324459 ], [ 20.428821, 51.319918 ], [ 20.428822, 51.319917 ], [ 20.428821, 51.319916 ], [ 20.424541, 51.315472 ], [ 20.42454, 51.315472 ], [ 20.424539, 51.315472 ], [ 20.416264, 51.315572 ], [ 20.416259, 51.315571 ], [ 20.416255, 51.31557 ], [ 20.416252, 51.315568 ], [ 20.411976, 51.311127 ], [ 20.411976, 51.311126 ], [ 20.411974, 51.311126 ], [ 20.403693, 51.311226 ], [ 20.403692, 51.311226 ], [ 20.403692, 51.311226 ], [ 20.399691, 51.315767 ], [ 20.399688, 51.315769 ], [ 20.399684, 51.315771 ], [ 20.399679, 51.315771 ], [ 20.391411, 51.31587 ], [ 20.391406, 51.315869 ], [ 20.391402, 51.315868 ], [ 20.391399, 51.315866 ], [ 20.387126, 51.311424 ], [ 20.387125, 51.311423 ], [ 20.387124, 51.311423 ], [ 20.37885, 51.311521 ], [ 20.378845, 51.31152 ], [ 20.378841, 51.311519 ], [ 20.378837, 51.311516 ], [ 20.37457, 51.307078 ], [ 20.374568, 51.307075 ], [ 20.374568, 51.307072 ], [ 20.374569, 51.307069 ], [ 20.378572, 51.302529 ], [ 20.378572, 51.302529 ], [ 20.378571, 51.302528 ], [ 20.374301, 51.298086 ], [ 20.374299, 51.298083 ], [ 20.374299, 51.29808 ], [ 20.374301, 51.298077 ], [ 20.378299, 51.293541 ], [ 20.378302, 51.293539 ], [ 20.378306, 51.293537 ], [ 20.378311, 51.293537 ], [ 20.386582, 51.293439 ], [ 20.386583, 51.293439 ], [ 20.386584, 51.293438 ], [ 20.390587, 51.288894 ], [ 20.390587, 51.288894 ], [ 20.390587, 51.288893 ], [ 20.386317, 51.284451 ], [ 20.386315, 51.284448 ], [ 20.386315, 51.284445 ], [ 20.386316, 51.284442 ], [ 20.390312, 51.279906 ], [ 20.390315, 51.279904 ], [ 20.390319, 51.279902 ], [ 20.390324, 51.279902 ], [ 20.398592, 51.279803 ], [ 20.398594, 51.279803 ], [ 20.398594, 51.279802 ], [ 20.402595, 51.275258 ], [ 20.402595, 51.275257 ], [ 20.402595, 51.275257 ], [ 20.398321, 51.270812 ], [ 20.398321, 51.270811 ], [ 20.398319, 51.270811 ], [ 20.390053, 51.270909 ], [ 20.390048, 51.270909 ], [ 20.390043, 51.270907 ], [ 20.39004, 51.270905 ], [ 20.385775, 51.266467 ], [ 20.385774, 51.266464 ], [ 20.385773, 51.266461 ], [ 20.385775, 51.266458 ], [ 20.389773, 51.261918 ], [ 20.389773, 51.261917 ], [ 20.389773, 51.261917 ], [ 20.385505, 51.257475 ], [ 20.385503, 51.257472 ], [ 20.385503, 51.257469 ], [ 20.385505, 51.257466 ], [ 20.389501, 51.252926 ], [ 20.389502, 51.252925 ], [ 20.389501, 51.252925 ], [ 20.385235, 51.248483 ], [ 20.385233, 51.24848 ], [ 20.385233, 51.248477 ], [ 20.385234, 51.248474 ], [ 20.38923, 51.243934 ], [ 20.389231, 51.243933 ], [ 20.38923, 51.243932 ], [ 20.384961, 51.239487 ], [ 20.38496, 51.239486 ], [ 20.384959, 51.239486 ], [ 20.376698, 51.239583 ], [ 20.376693, 51.239583 ], [ 20.376689, 51.239581 ], [ 20.376685, 51.239579 ], [ 20.372421, 51.235137 ], [ 20.37242, 51.235136 ], [ 20.372419, 51.235136 ], [ 20.364152, 51.235233 ], [ 20.364151, 51.235233 ], [ 20.36415, 51.235233 ], [ 20.360152, 51.239772 ], [ 20.360149, 51.239775 ], [ 20.360145, 51.239776 ], [ 20.36014, 51.239777 ], [ 20.351879, 51.239873 ], [ 20.351877, 51.239873 ], [ 20.351877, 51.239873 ], [ 20.347877, 51.244412 ], [ 20.347874, 51.244415 ], [ 20.34787, 51.244416 ], [ 20.347865, 51.244417 ], [ 20.339603, 51.244512 ], [ 20.339602, 51.244512 ], [ 20.339601, 51.244512 ], [ 20.3356, 51.249051 ], [ 20.335597, 51.249053 ], [ 20.335593, 51.249055 ], [ 20.335588, 51.249055 ], [ 20.327332, 51.249149 ], [ 20.327327, 51.249149 ], [ 20.327323, 51.249147 ], [ 20.327319, 51.249145 ], [ 20.323059, 51.2447 ], [ 20.323058, 51.2447 ], [ 20.323057, 51.2447 ], [ 20.314795, 51.244793 ], [ 20.31479, 51.244792 ], [ 20.314785, 51.244791 ], [ 20.314782, 51.244789 ], [ 20.310523, 51.240344 ], [ 20.310523, 51.240343 ], [ 20.310521, 51.240343 ], [ 20.30226, 51.240435 ], [ 20.302255, 51.240435 ], [ 20.302251, 51.240433 ], [ 20.302247, 51.240431 ], [ 20.29799, 51.235986 ], [ 20.297989, 51.235985 ], [ 20.297988, 51.235985 ], [ 20.28972, 51.236077 ], [ 20.289719, 51.236077 ], [ 20.289719, 51.236077 ], [ 20.285713, 51.240614 ], [ 20.28571, 51.240616 ], [ 20.285706, 51.240618 ], [ 20.285701, 51.240618 ], [ 20.277439, 51.240709 ], [ 20.277438, 51.240709 ], [ 20.277438, 51.24071 ], [ 20.273431, 51.245246 ], [ 20.273428, 51.245248 ], [ 20.273423, 51.24525 ], [ 20.273418, 51.24525 ], [ 20.265156, 51.24534 ], [ 20.265155, 51.24534 ], [ 20.265154, 51.245341 ], [ 20.261146, 51.249876 ], [ 20.261142, 51.249879 ], [ 20.261138, 51.249881 ], [ 20.261133, 51.249881 ], [ 20.252877, 51.24997 ], [ 20.252872, 51.249969 ], [ 20.252868, 51.249968 ], [ 20.252864, 51.249965 ], [ 20.248615, 51.245522 ], [ 20.248613, 51.245519 ], [ 20.248613, 51.245516 ], [ 20.248614, 51.245513 ], [ 20.25262, 51.240982 ], [ 20.252623, 51.240979 ], [ 20.252628, 51.240978 ], [ 20.252633, 51.240977 ], [ 20.260894, 51.240888 ], [ 20.260895, 51.240888 ], [ 20.260896, 51.240888 ], [ 20.264907, 51.236348 ], [ 20.264908, 51.236347 ], [ 20.264907, 51.236347 ], [ 20.260654, 51.2319 ], [ 20.260652, 51.231897 ], [ 20.260652, 51.231894 ], [ 20.260654, 51.231891 ], [ 20.264657, 51.227359 ], [ 20.26466, 51.227357 ], [ 20.264665, 51.227355 ], [ 20.26467, 51.227355 ], [ 20.272929, 51.227265 ], [ 20.27293, 51.227265 ], [ 20.272931, 51.227264 ], [ 20.27694, 51.222724 ], [ 20.27694, 51.222724 ], [ 20.27694, 51.222723 ], [ 20.272686, 51.218277 ], [ 20.272685, 51.218274 ], [ 20.272685, 51.218271 ], [ 20.272686, 51.218268 ], [ 20.276691, 51.213732 ], [ 20.276691, 51.213731 ], [ 20.276691, 51.21373 ], [ 20.272435, 51.209281 ], [ 20.272434, 51.20928 ], [ 20.272433, 51.20928 ], [ 20.264177, 51.209369 ], [ 20.264172, 51.209369 ], [ 20.264168, 51.209367 ], [ 20.264164, 51.209365 ], [ 20.259914, 51.204918 ], [ 20.259913, 51.204918 ], [ 20.259912, 51.204918 ], [ 20.251656, 51.205006 ], [ 20.251652, 51.205006 ], [ 20.251647, 51.205004 ], [ 20.251644, 51.205002 ], [ 20.247395, 51.200555 ], [ 20.247394, 51.200554 ], [ 20.247393, 51.200554 ], [ 20.239138, 51.200642 ], [ 20.239133, 51.200641 ], [ 20.239129, 51.20064 ], [ 20.239126, 51.200637 ], [ 20.234878, 51.19619 ], [ 20.234878, 51.196189 ], [ 20.234877, 51.196189 ], [ 20.226623, 51.196276 ], [ 20.226618, 51.196276 ], [ 20.226613, 51.196274 ], [ 20.22661, 51.196272 ], [ 20.222364, 51.191824 ], [ 20.222364, 51.191823 ], [ 20.222362, 51.191823 ], [ 20.214102, 51.191909 ], [ 20.214101, 51.191909 ], [ 20.2141, 51.19191 ], [ 20.210091, 51.196444 ], [ 20.210088, 51.196446 ], [ 20.210084, 51.196448 ], [ 20.210079, 51.196448 ], [ 20.201832, 51.196533 ], [ 20.201827, 51.196533 ], [ 20.201823, 51.196531 ], [ 20.20182, 51.196529 ], [ 20.197576, 51.19208 ], [ 20.197575, 51.192079 ], [ 20.197574, 51.192079 ], [ 20.189321, 51.192164 ], [ 20.189316, 51.192163 ], [ 20.189312, 51.192162 ], [ 20.189309, 51.192159 ], [ 20.185067, 51.18771 ], [ 20.185066, 51.187709 ], [ 20.185065, 51.187709 ], [ 20.176805, 51.187792 ], [ 20.176804, 51.187793 ], [ 20.176803, 51.187793 ], [ 20.172791, 51.192326 ], [ 20.172788, 51.192328 ], [ 20.172784, 51.19233 ], [ 20.172779, 51.192331 ], [ 20.164532, 51.192413 ], [ 20.164528, 51.192412 ], [ 20.164523, 51.192411 ], [ 20.16452, 51.192409 ], [ 20.16028, 51.187958 ], [ 20.16028, 51.187958 ], [ 20.160279, 51.187958 ], [ 20.152026, 51.188039 ], [ 20.152021, 51.188039 ], [ 20.152017, 51.188037 ], [ 20.152013, 51.188035 ], [ 20.147776, 51.183584 ], [ 20.147775, 51.183583 ], [ 20.147774, 51.183583 ], [ 20.139515, 51.183664 ], [ 20.139514, 51.183664 ], [ 20.139513, 51.183665 ], [ 20.135497, 51.188196 ], [ 20.135494, 51.188199 ], [ 20.13549, 51.1882 ], [ 20.135485, 51.188201 ], [ 20.127239, 51.188281 ], [ 20.127234, 51.18828 ], [ 20.12723, 51.188279 ], [ 20.127227, 51.188276 ], [ 20.122991, 51.183824 ], [ 20.12299, 51.183824 ], [ 20.122989, 51.183824 ], [ 20.11473, 51.183903 ], [ 20.114729, 51.183903 ], [ 20.114728, 51.183903 ], [ 20.11071, 51.188434 ], [ 20.110707, 51.188437 ], [ 20.110703, 51.188438 ], [ 20.110698, 51.188439 ], [ 20.102452, 51.188517 ], [ 20.102447, 51.188516 ], [ 20.102443, 51.188515 ], [ 20.10244, 51.188512 ], [ 20.098207, 51.18406 ], [ 20.098206, 51.184059 ], [ 20.098205, 51.184059 ], [ 20.089946, 51.184136 ], [ 20.089944, 51.184136 ], [ 20.089944, 51.184137 ], [ 20.085923, 51.188667 ], [ 20.08592, 51.188669 ], [ 20.085916, 51.188671 ], [ 20.085911, 51.188671 ], [ 20.077658, 51.188748 ], [ 20.077657, 51.188748 ], [ 20.077656, 51.188748 ], [ 20.073634, 51.193278 ], [ 20.073631, 51.19328 ], [ 20.073626, 51.193282 ], [ 20.073622, 51.193282 ], [ 20.065375, 51.193358 ], [ 20.06537, 51.193357 ], [ 20.065366, 51.193356 ], [ 20.065362, 51.193353 ], [ 20.061132, 51.188899 ], [ 20.061131, 51.188899 ], [ 20.06113, 51.188899 ], [ 20.05287, 51.188973 ], [ 20.052869, 51.188974 ], [ 20.052868, 51.188974 ], [ 20.048844, 51.193503 ], [ 20.048841, 51.193505 ], [ 20.048836, 51.193507 ], [ 20.048831, 51.193507 ], [ 20.040577, 51.193581 ], [ 20.040576, 51.193581 ], [ 20.040576, 51.193582 ], [ 20.036549, 51.19811 ], [ 20.036546, 51.198112 ], [ 20.036542, 51.198114 ], [ 20.036537, 51.198114 ], [ 20.028289, 51.198187 ], [ 20.028284, 51.198187 ], [ 20.02828, 51.198185 ], [ 20.028277, 51.198183 ], [ 20.02405, 51.193728 ], [ 20.024049, 51.193727 ], [ 20.024048, 51.193727 ], [ 20.015794, 51.193799 ], [ 20.015789, 51.193798 ], [ 20.015785, 51.193797 ], [ 20.015781, 51.193794 ], [ 20.01156, 51.189342 ], [ 20.011558, 51.189339 ], [ 20.011558, 51.189336 ], [ 20.011559, 51.189333 ], [ 20.015587, 51.184806 ], [ 20.015588, 51.184805 ], [ 20.015587, 51.184805 ], [ 20.011363, 51.180349 ], [ 20.011361, 51.180346 ], [ 20.011361, 51.180343 ], [ 20.011363, 51.18034 ], [ 20.015386, 51.175816 ], [ 20.015389, 51.175814 ], [ 20.015394, 51.175812 ], [ 20.015399, 51.175812 ], [ 20.023649, 51.17574 ], [ 20.023651, 51.17574 ], [ 20.023651, 51.175739 ], [ 20.027677, 51.171211 ], [ 20.02768, 51.171209 ], [ 20.027684, 51.171207 ], [ 20.027689, 51.171207 ], [ 20.035939, 51.171134 ], [ 20.03594, 51.171134 ], [ 20.035941, 51.171133 ], [ 20.039968, 51.166601 ], [ 20.039969, 51.166601 ], [ 20.039968, 51.1666 ], [ 20.03574, 51.162141 ], [ 20.035739, 51.162141 ], [ 20.035738, 51.162141 ], [ 20.027489, 51.162213 ], [ 20.027484, 51.162213 ], [ 20.02748, 51.162211 ], [ 20.027477, 51.162209 ], [ 20.023257, 51.157757 ], [ 20.023255, 51.157754 ], [ 20.023255, 51.157751 ], [ 20.023257, 51.157748 ], [ 20.027281, 51.153221 ], [ 20.027281, 51.15322 ], [ 20.027281, 51.153219 ], [ 20.023054, 51.14876 ], [ 20.023054, 51.148759 ], [ 20.023052, 51.148759 ], [ 20.014806, 51.148831 ], [ 20.014801, 51.148831 ], [ 20.014797, 51.148829 ], [ 20.014794, 51.148827 ], [ 20.010573, 51.144371 ], [ 20.010572, 51.14437 ], [ 20.010571, 51.14437 ], [ 20.002326, 51.144441 ], [ 20.002321, 51.144441 ], [ 20.002316, 51.144439 ], [ 20.002313, 51.144437 ], [ 19.998097, 51.139984 ], [ 19.998095, 51.139981 ], [ 19.998095, 51.139978 ], [ 19.998097, 51.139975 ], [ 20.002119, 51.135452 ], [ 20.002122, 51.13545 ], [ 20.002126, 51.135448 ], [ 20.002131, 51.135448 ], [ 20.010375, 51.135377 ], [ 20.010376, 51.135377 ], [ 20.010376, 51.135376 ], [ 20.014403, 51.130845 ], [ 20.014404, 51.130844 ], [ 20.014403, 51.130843 ], [ 20.01018, 51.126384 ], [ 20.010179, 51.126383 ], [ 20.010178, 51.126383 ], [ 20.001936, 51.126454 ], [ 20.001931, 51.126453 ], [ 20.001927, 51.126452 ], [ 20.001924, 51.12645 ], [ 19.99771, 51.121997 ], [ 19.997708, 51.121994 ], [ 19.997708, 51.121991 ], [ 19.997709, 51.121988 ], [ 20.001733, 51.117461 ], [ 20.001733, 51.11746 ], [ 20.001733, 51.11746 ], [ 19.997516, 51.113003 ], [ 19.997514, 51.113 ], [ 19.997514, 51.112997 ], [ 19.997516, 51.112994 ], [ 20.001538, 51.108467 ], [ 20.001539, 51.108467 ], [ 20.001538, 51.108466 ], [ 19.997322, 51.10401 ], [ 19.99732, 51.104007 ], [ 19.99732, 51.104004 ], [ 19.997322, 51.104001 ], [ 20.001344, 51.099474 ], [ 20.001344, 51.099473 ], [ 20.001344, 51.099472 ], [ 19.997129, 51.095016 ], [ 19.997127, 51.095013 ], [ 19.997127, 51.09501 ], [ 19.997129, 51.095007 ], [ 20.00115, 51.09048 ], [ 20.00115, 51.090479 ], [ 20.00115, 51.090479 ], [ 19.996935, 51.086022 ], [ 19.996934, 51.086019 ], [ 19.996934, 51.086016 ], [ 19.996935, 51.086013 ], [ 20.000956, 51.081486 ], [ 20.000956, 51.081486 ], [ 20.000956, 51.081485 ], [ 19.996742, 51.077029 ], [ 19.99674, 51.077026 ], [ 19.99674, 51.077023 ], [ 19.996742, 51.07702 ], [ 20.000758, 51.072497 ], [ 20.000761, 51.072494 ], [ 20.000766, 51.072493 ], [ 20.00077, 51.072492 ], [ 20.008996, 51.072421 ], [ 20.009001, 51.072422 ], [ 20.009005, 51.072423 ], [ 20.009008, 51.072426 ], [ 20.013223, 51.076882 ], [ 20.013223, 51.076882 ], [ 20.013225, 51.076882 ], [ 20.021465, 51.076811 ], [ 20.021466, 51.07681 ], [ 20.021467, 51.07681 ], [ 20.025484, 51.072282 ], [ 20.025487, 51.07228 ], [ 20.025491, 51.072278 ], [ 20.025496, 51.072278 ], [ 20.033722, 51.072205 ], [ 20.033727, 51.072206 ], [ 20.033731, 51.072207 ], [ 20.033734, 51.07221 ], [ 20.037951, 51.076665 ], [ 20.037952, 51.076665 ], [ 20.037953, 51.076665 ], [ 20.046193, 51.076592 ], [ 20.046194, 51.076592 ], [ 20.046195, 51.076591 ], [ 20.050213, 51.072059 ], [ 20.050213, 51.072058 ], [ 20.050213, 51.072058 ], [ 20.045995, 51.067603 ], [ 20.045994, 51.0676 ], [ 20.045994, 51.067597 ], [ 20.045995, 51.067594 ], [ 20.050006, 51.063069 ], [ 20.050009, 51.063067 ], [ 20.050013, 51.063065 ], [ 20.050018, 51.063065 ], [ 20.058249, 51.06299 ], [ 20.05825, 51.06299 ], [ 20.058251, 51.06299 ], [ 20.062267, 51.058457 ], [ 20.062267, 51.058456 ], [ 20.062267, 51.058455 ], [ 20.058049, 51.054001 ], [ 20.058048, 51.053998 ], [ 20.058048, 51.053995 ], [ 20.058049, 51.053992 ], [ 20.062061, 51.049463 ], [ 20.062061, 51.049463 ], [ 20.062061, 51.049462 ], [ 20.057844, 51.045008 ], [ 20.057843, 51.045005 ], [ 20.057843, 51.045002 ], [ 20.057844, 51.044999 ], [ 20.061855, 51.04047 ], [ 20.061856, 51.040469 ], [ 20.061855, 51.040468 ], [ 20.05764, 51.036014 ], [ 20.057638, 51.036011 ], [ 20.057638, 51.036008 ], [ 20.057639, 51.036005 ], [ 20.06165, 51.031476 ], [ 20.06165, 51.031475 ], [ 20.06165, 51.031475 ], [ 20.057435, 51.02702 ], [ 20.057433, 51.027017 ], [ 20.057433, 51.027014 ], [ 20.057435, 51.027011 ], [ 20.061444, 51.022482 ], [ 20.061445, 51.022482 ], [ 20.061444, 51.022481 ], [ 20.05723, 51.018027 ], [ 20.057229, 51.018024 ], [ 20.057229, 51.018021 ], [ 20.05723, 51.018018 ], [ 20.061239, 51.013489 ], [ 20.061239, 51.013488 ], [ 20.061239, 51.013487 ], [ 20.057022, 51.009029 ], [ 20.057022, 51.009029 ], [ 20.05702, 51.009029 ], [ 20.048799, 51.009103 ], [ 20.048794, 51.009102 ], [ 20.04879, 51.009101 ], [ 20.048787, 51.009098 ], [ 20.044579, 51.004647 ], [ 20.044577, 51.004644 ], [ 20.044577, 51.004641 ], [ 20.044579, 51.004638 ], [ 20.048588, 51.00011 ], [ 20.048588, 51.000109 ], [ 20.048588, 51.000108 ], [ 20.044377, 50.995654 ], [ 20.044375, 50.995651 ], [ 20.044375, 50.995648 ], [ 20.044377, 50.995645 ], [ 20.048385, 50.991116 ], [ 20.048385, 50.991115 ], [ 20.048385, 50.991115 ], [ 20.044175, 50.98666 ], [ 20.044173, 50.986657 ], [ 20.044173, 50.986654 ], [ 20.044175, 50.986651 ], [ 20.048182, 50.982122 ], [ 20.048183, 50.982122 ], [ 20.048182, 50.982121 ], [ 20.043973, 50.977666 ], [ 20.043972, 50.977663 ], [ 20.043972, 50.97766 ], [ 20.043973, 50.977657 ], [ 20.04798, 50.973129 ], [ 20.04798, 50.973128 ], [ 20.04798, 50.973127 ], [ 20.043768, 50.968669 ], [ 20.043767, 50.968668 ], [ 20.043766, 50.968668 ], [ 20.035552, 50.968741 ], [ 20.035547, 50.968741 ], [ 20.035543, 50.968739 ], [ 20.03554, 50.968737 ], [ 20.031333, 50.964281 ], [ 20.031333, 50.964281 ], [ 20.031331, 50.964281 ], [ 20.023118, 50.964353 ], [ 20.023113, 50.964352 ], [ 20.023109, 50.964351 ], [ 20.023106, 50.964348 ], [ 20.018901, 50.959893 ], [ 20.0189, 50.959892 ], [ 20.018899, 50.959892 ], [ 20.010679, 50.959963 ], [ 20.010678, 50.959964 ], [ 20.010678, 50.959964 ], [ 20.006668, 50.964491 ], [ 20.006665, 50.964494 ], [ 20.006661, 50.964495 ], [ 20.006656, 50.964496 ], [ 19.998443, 50.964566 ], [ 19.998442, 50.964567 ], [ 19.998441, 50.964567 ], [ 19.99443, 50.969094 ], [ 19.994427, 50.969096 ], [ 19.994423, 50.969098 ], [ 19.994418, 50.969098 ], [ 19.986204, 50.969168 ], [ 19.986202, 50.969168 ], [ 19.986202, 50.969169 ], [ 19.982189, 50.973695 ], [ 19.982186, 50.973698 ], [ 19.982182, 50.973699 ], [ 19.982177, 50.9737 ], [ 19.973962, 50.973769 ], [ 19.973961, 50.973769 ], [ 19.97396, 50.973769 ], [ 19.969946, 50.978295 ], [ 19.969943, 50.978298 ], [ 19.969939, 50.978299 ], [ 19.969934, 50.9783 ], [ 19.961718, 50.978368 ], [ 19.961717, 50.978368 ], [ 19.961716, 50.978369 ], [ 19.957701, 50.982894 ], [ 19.957697, 50.982896 ], [ 19.957693, 50.982898 ], [ 19.957688, 50.982899 ], [ 19.949472, 50.982966 ], [ 19.94947, 50.982966 ], [ 19.94947, 50.982966 ], [ 19.945449, 50.987495 ], [ 19.945449, 50.987496 ], [ 19.945449, 50.987497 ], [ 19.94965, 50.991955 ], [ 19.949651, 50.991958 ], [ 19.949651, 50.991961 ], [ 19.94965, 50.991964 ], [ 19.945632, 50.996489 ], [ 19.945632, 50.99649 ], [ 19.945632, 50.996491 ], [ 19.949833, 51.000949 ], [ 19.949835, 51.000952 ], [ 19.949835, 51.000955 ], [ 19.949833, 51.000958 ], [ 19.945818, 51.00548 ], [ 19.945815, 51.005482 ], [ 19.945811, 51.005484 ], [ 19.945806, 51.005484 ], [ 19.937585, 51.00555 ], [ 19.937584, 51.005551 ], [ 19.937583, 51.005551 ], [ 19.933563, 51.010076 ], [ 19.93356, 51.010078 ], [ 19.933556, 51.01008 ], [ 19.933551, 51.01008 ], [ 19.925329, 51.010146 ], [ 19.925328, 51.010146 ], [ 19.925327, 51.010147 ], [ 19.921302, 51.014675 ], [ 19.921302, 51.014675 ], [ 19.921302, 51.014676 ], [ 19.925503, 51.019135 ], [ 19.925504, 51.019138 ], [ 19.925505, 51.019141 ], [ 19.925503, 51.019144 ], [ 19.921484, 51.023665 ], [ 19.921481, 51.023667 ], [ 19.921476, 51.023669 ], [ 19.921471, 51.023669 ], [ 19.913254, 51.023734 ], [ 19.91325, 51.023733 ], [ 19.913245, 51.023732 ], [ 19.913242, 51.02373 ], [ 19.909042, 51.01927 ], [ 19.909041, 51.019269 ], [ 19.90904, 51.019269 ], [ 19.90081, 51.019333 ], [ 19.900809, 51.019333 ], [ 19.900808, 51.019334 ], [ 19.896783, 51.023857 ], [ 19.89678, 51.023859 ], [ 19.896776, 51.023861 ], [ 19.896771, 51.023862 ], [ 19.888547, 51.023924 ], [ 19.888546, 51.023925 ], [ 19.888545, 51.023925 ], [ 19.884515, 51.028452 ], [ 19.884514, 51.028453 ], [ 19.884515, 51.028453 ], [ 19.888713, 51.032914 ], [ 19.888715, 51.032917 ], [ 19.888715, 51.03292 ], [ 19.888713, 51.032923 ], [ 19.884689, 51.037442 ], [ 19.884686, 51.037445 ], [ 19.884682, 51.037446 ], [ 19.884677, 51.037447 ], [ 19.876458, 51.037509 ], [ 19.876453, 51.037508 ], [ 19.876448, 51.037507 ], [ 19.876445, 51.037504 ], [ 19.872251, 51.033047 ], [ 19.872249, 51.033044 ], [ 19.872249, 51.033041 ], [ 19.872251, 51.033038 ], [ 19.876279, 51.028515 ], [ 19.876279, 51.028515 ], [ 19.876279, 51.028514 ], [ 19.872082, 51.024053 ], [ 19.872081, 51.02405 ], [ 19.87208, 51.024047 ], [ 19.872082, 51.024044 ], [ 19.87611, 51.019521 ], [ 19.87611, 51.019521 ], [ 19.876109, 51.01952 ], [ 19.871914, 51.015059 ], [ 19.871912, 51.015056 ], [ 19.871912, 51.015053 ], [ 19.871913, 51.01505 ], [ 19.87594, 51.010527 ], [ 19.87594, 51.010527 ], [ 19.87594, 51.010526 ], [ 19.871745, 51.006065 ], [ 19.871743, 51.006062 ], [ 19.871743, 51.006059 ], [ 19.871745, 51.006056 ], [ 19.875771, 51.001533 ], [ 19.875771, 51.001532 ], [ 19.875771, 51.001532 ], [ 19.871573, 50.997067 ], [ 19.871572, 50.997066 ], [ 19.871571, 50.997066 ], [ 19.863351, 50.997127 ], [ 19.863347, 50.997127 ], [ 19.863342, 50.997125 ], [ 19.863339, 50.997123 ], [ 19.859146, 50.992661 ], [ 19.859146, 50.992661 ], [ 19.859144, 50.99266 ], [ 19.850926, 50.992721 ], [ 19.850921, 50.99272 ], [ 19.850917, 50.992719 ], [ 19.850913, 50.992716 ], [ 19.846726, 50.988258 ], [ 19.846724, 50.988255 ], [ 19.846724, 50.988252 ], [ 19.846726, 50.988249 ], [ 19.850752, 50.983727 ], [ 19.850753, 50.983726 ], [ 19.850752, 50.983726 ], [ 19.846559, 50.97926 ], [ 19.846558, 50.979259 ], [ 19.846557, 50.979259 ], [ 19.83834, 50.979318 ], [ 19.838335, 50.979318 ], [ 19.838331, 50.979316 ], [ 19.838328, 50.979314 ], [ 19.834143, 50.974855 ], [ 19.834141, 50.974852 ], [ 19.834141, 50.974849 ], [ 19.834143, 50.974846 ], [ 19.83817, 50.970325 ], [ 19.83817, 50.970324 ], [ 19.83817, 50.970324 ], [ 19.833982, 50.965861 ], [ 19.83398, 50.965858 ], [ 19.83398, 50.965855 ], [ 19.833982, 50.965852 ], [ 19.838004, 50.961334 ], [ 19.838007, 50.961332 ], [ 19.838012, 50.96133 ], [ 19.838017, 50.96133 ], [ 19.84623, 50.961271 ], [ 19.846231, 50.961271 ], [ 19.846232, 50.96127 ], [ 19.85026, 50.956744 ], [ 19.85026, 50.956744 ], [ 19.85026, 50.956743 ], [ 19.846072, 50.952281 ], [ 19.84607, 50.952278 ], [ 19.84607, 50.952275 ], [ 19.846072, 50.952272 ], [ 19.850096, 50.94775 ], [ 19.850096, 50.947749 ], [ 19.850096, 50.947749 ], [ 19.845909, 50.943287 ], [ 19.845907, 50.943284 ], [ 19.845907, 50.94328 ], [ 19.845908, 50.943278 ], [ 19.849928, 50.93876 ], [ 19.849931, 50.938757 ], [ 19.849935, 50.938756 ], [ 19.84994, 50.938755 ], [ 19.85815, 50.938695 ], [ 19.858151, 50.938695 ], [ 19.858151, 50.938694 ], [ 19.862176, 50.934168 ], [ 19.862177, 50.934168 ], [ 19.862176, 50.934167 ], [ 19.857986, 50.929701 ], [ 19.857985, 50.929701 ], [ 19.857984, 50.929701 ], [ 19.849776, 50.929761 ], [ 19.849772, 50.92976 ], [ 19.849767, 50.929759 ], [ 19.849764, 50.929756 ], [ 19.845582, 50.925298 ], [ 19.845581, 50.925295 ], [ 19.845581, 50.925292 ], [ 19.845582, 50.925289 ], [ 19.849604, 50.920767 ], [ 19.849604, 50.920766 ], [ 19.849604, 50.920766 ], [ 19.845416, 50.9163 ], [ 19.845415, 50.916299 ], [ 19.845414, 50.916299 ], [ 19.837209, 50.916358 ], [ 19.837204, 50.916358 ], [ 19.837199, 50.916356 ], [ 19.837196, 50.916354 ], [ 19.833013, 50.911891 ], [ 19.833013, 50.911891 ], [ 19.833011, 50.91189 ], [ 19.824807, 50.911949 ], [ 19.824802, 50.911948 ], [ 19.824798, 50.911947 ], [ 19.824795, 50.911944 ], [ 19.820613, 50.907481 ], [ 19.820612, 50.907481 ], [ 19.820611, 50.907481 ], [ 19.812408, 50.907538 ], [ 19.812403, 50.907537 ], [ 19.812398, 50.907536 ], [ 19.812395, 50.907533 ], [ 19.808215, 50.90307 ], [ 19.808215, 50.903069 ], [ 19.808214, 50.903069 ], [ 19.800011, 50.903126 ], [ 19.800006, 50.903125 ], [ 19.800001, 50.903124 ], [ 19.799998, 50.903121 ], [ 19.795824, 50.898661 ], [ 19.795822, 50.898658 ], [ 19.795822, 50.898655 ], [ 19.795823, 50.898652 ], [ 19.799848, 50.894132 ], [ 19.799848, 50.894131 ], [ 19.799848, 50.894131 ], [ 19.79567, 50.889667 ], [ 19.795669, 50.889664 ], [ 19.795669, 50.889661 ], [ 19.79567, 50.889658 ], [ 19.799694, 50.885138 ], [ 19.799694, 50.885137 ], [ 19.799694, 50.885136 ], [ 19.795514, 50.880668 ], [ 19.795513, 50.880668 ], [ 19.795512, 50.880668 ], [ 19.787313, 50.880723 ], [ 19.787308, 50.880723 ], [ 19.787303, 50.880721 ], [ 19.7873, 50.880719 ], [ 19.783125, 50.876254 ], [ 19.783125, 50.876254 ], [ 19.783123, 50.876254 ], [ 19.774925, 50.876308 ], [ 19.77492, 50.876308 ], [ 19.774916, 50.876306 ], [ 19.774913, 50.876304 ], [ 19.770739, 50.871839 ], [ 19.770739, 50.871838 ], [ 19.770738, 50.871838 ], [ 19.76254, 50.871892 ], [ 19.762535, 50.871892 ], [ 19.762531, 50.87189 ], [ 19.762528, 50.871888 ], [ 19.758359, 50.867426 ], [ 19.758358, 50.867423 ], [ 19.758358, 50.86742 ], [ 19.758359, 50.867417 ], [ 19.762384, 50.862898 ], [ 19.762385, 50.862898 ], [ 19.762384, 50.862897 ], [ 19.75821, 50.858428 ], [ 19.758209, 50.858427 ], [ 19.758208, 50.858427 ], [ 19.750013, 50.85848 ], [ 19.750008, 50.858479 ], [ 19.750004, 50.858478 ], [ 19.75, 50.858476 ], [ 19.745835, 50.854013 ], [ 19.745833, 50.85401 ], [ 19.745833, 50.854007 ], [ 19.745834, 50.854004 ], [ 19.74986, 50.849486 ], [ 19.74986, 50.849485 ], [ 19.74986, 50.849485 ], [ 19.745688, 50.845015 ], [ 19.745687, 50.845014 ], [ 19.745686, 50.845014 ], [ 19.737493, 50.845066 ], [ 19.737488, 50.845066 ], [ 19.737484, 50.845064 ], [ 19.73748, 50.845062 ], [ 19.733313, 50.840596 ], [ 19.733313, 50.840595 ], [ 19.733312, 50.840595 ], [ 19.725119, 50.840646 ], [ 19.725115, 50.840646 ], [ 19.72511, 50.840644 ], [ 19.725107, 50.840642 ], [ 19.720942, 50.836175 ], [ 19.720941, 50.836174 ], [ 19.72094, 50.836174 ], [ 19.712741, 50.836225 ], [ 19.71274, 50.836225 ], [ 19.71274, 50.836225 ], [ 19.708712, 50.840742 ], [ 19.708709, 50.840745 ], [ 19.708704, 50.840746 ], [ 19.7087, 50.840747 ], [ 19.700514, 50.840796 ], [ 19.700509, 50.840796 ], [ 19.700505, 50.840794 ], [ 19.700502, 50.840792 ], [ 19.696339, 50.836324 ], [ 19.696338, 50.836324 ], [ 19.696337, 50.836324 ], [ 19.688139, 50.836372 ], [ 19.688137, 50.836372 ], [ 19.688137, 50.836373 ], [ 19.684107, 50.840889 ], [ 19.684103, 50.840892 ], [ 19.684099, 50.840893 ], [ 19.684094, 50.840894 ], [ 19.675902, 50.840942 ], [ 19.675901, 50.840942 ], [ 19.6759, 50.840942 ], [ 19.671868, 50.845458 ], [ 19.671865, 50.845461 ], [ 19.671861, 50.845462 ], [ 19.671856, 50.845463 ], [ 19.663663, 50.84551 ], [ 19.663662, 50.84551 ], [ 19.663661, 50.84551 ], [ 19.659628, 50.850026 ], [ 19.659625, 50.850028 ], [ 19.659621, 50.85003 ], [ 19.659616, 50.85003 ], [ 19.651422, 50.850076 ], [ 19.651421, 50.850076 ], [ 19.65142, 50.850077 ], [ 19.647382, 50.854596 ], [ 19.647381, 50.854597 ], [ 19.647382, 50.854597 ], [ 19.651542, 50.859067 ], [ 19.651543, 50.85907 ], [ 19.651543, 50.859073 ], [ 19.651542, 50.859076 ], [ 19.647506, 50.863591 ], [ 19.647506, 50.863591 ], [ 19.647506, 50.863592 ], [ 19.651667, 50.868062 ], [ 19.651669, 50.868064 ], [ 19.651669, 50.868068 ], [ 19.651667, 50.868071 ], [ 19.647634, 50.872582 ], [ 19.647631, 50.872584 ], [ 19.647627, 50.872586 ], [ 19.647622, 50.872586 ], [ 19.639424, 50.872631 ], [ 19.639423, 50.872632 ], [ 19.639422, 50.872632 ], [ 19.635384, 50.877147 ], [ 19.635381, 50.877149 ], [ 19.635377, 50.877151 ], [ 19.635372, 50.877151 ], [ 19.62718, 50.877196 ], [ 19.627175, 50.877195 ], [ 19.627171, 50.877194 ], [ 19.627168, 50.877191 ], [ 19.623008, 50.872721 ], [ 19.623008, 50.87272 ], [ 19.623007, 50.87272 ], [ 19.614802, 50.872764 ], [ 19.6148, 50.872764 ], [ 19.6148, 50.872764 ], [ 19.610759, 50.877278 ], [ 19.610756, 50.877281 ], [ 19.610752, 50.877282 ], [ 19.610747, 50.877283 ], [ 19.602548, 50.877325 ], [ 19.602547, 50.877326 ], [ 19.602546, 50.877326 ], [ 19.598501, 50.881843 ], [ 19.598501, 50.881844 ], [ 19.598501, 50.881845 ], [ 19.602659, 50.886316 ], [ 19.602661, 50.886319 ], [ 19.602661, 50.886322 ], [ 19.602659, 50.886325 ], [ 19.59862, 50.890834 ], [ 19.598617, 50.890837 ], [ 19.598612, 50.890838 ], [ 19.598608, 50.890839 ], [ 19.590406, 50.890881 ], [ 19.590405, 50.890881 ], [ 19.590404, 50.890881 ], [ 19.58636, 50.895394 ], [ 19.586357, 50.895397 ], [ 19.586353, 50.895398 ], [ 19.586348, 50.895399 ], [ 19.578146, 50.89544 ], [ 19.578145, 50.89544 ], [ 19.578144, 50.89544 ], [ 19.574098, 50.899953 ], [ 19.574095, 50.899955 ], [ 19.574091, 50.899957 ], [ 19.574086, 50.899958 ], [ 19.56589, 50.899998 ], [ 19.565885, 50.899997 ], [ 19.565881, 50.899995 ], [ 19.565878, 50.899993 ], [ 19.561722, 50.895521 ], [ 19.561721, 50.89552 ], [ 19.56172, 50.89552 ], [ 19.553518, 50.895559 ], [ 19.553513, 50.895559 ], [ 19.553509, 50.895557 ], [ 19.553506, 50.895555 ], [ 19.549352, 50.891082 ], [ 19.549351, 50.891081 ], [ 19.54935, 50.891081 ], [ 19.541149, 50.891119 ], [ 19.541144, 50.891119 ], [ 19.541139, 50.891117 ], [ 19.541136, 50.891115 ], [ 19.536984, 50.886642 ], [ 19.536983, 50.886641 ], [ 19.536982, 50.886641 ], [ 19.528781, 50.886678 ], [ 19.528777, 50.886678 ], [ 19.528772, 50.886676 ], [ 19.528769, 50.886674 ], [ 19.524618, 50.8822 ], [ 19.524618, 50.8822 ], [ 19.524616, 50.882199 ], [ 19.516417, 50.882236 ], [ 19.516412, 50.882235 ], [ 19.516407, 50.882234 ], [ 19.516404, 50.882232 ], [ 19.512255, 50.877757 ], [ 19.512254, 50.877757 ], [ 19.512253, 50.877757 ], [ 19.504054, 50.877792 ], [ 19.504049, 50.877792 ], [ 19.504045, 50.87779 ], [ 19.504042, 50.877788 ], [ 19.499894, 50.873313 ], [ 19.499893, 50.873313 ], [ 19.499892, 50.873312 ], [ 19.491687, 50.873347 ], [ 19.491686, 50.873347 ], [ 19.491685, 50.873348 ], [ 19.487633, 50.877858 ], [ 19.48763, 50.87786 ], [ 19.487625, 50.877862 ], [ 19.487621, 50.877862 ], [ 19.479422, 50.877896 ], [ 19.47942, 50.877896 ], [ 19.47942, 50.877897 ], [ 19.475366, 50.882406 ], [ 19.475363, 50.882408 ], [ 19.475358, 50.88241 ], [ 19.475354, 50.88241 ], [ 19.467154, 50.882444 ], [ 19.467152, 50.882444 ], [ 19.467152, 50.882444 ], [ 19.463093, 50.886957 ], [ 19.463092, 50.886957 ], [ 19.463093, 50.886958 ], [ 19.467238, 50.891434 ], [ 19.46724, 50.891437 ], [ 19.46724, 50.89144 ], [ 19.467238, 50.891443 ], [ 19.463185, 50.895948 ], [ 19.463182, 50.89595 ], [ 19.463178, 50.895952 ], [ 19.463173, 50.895953 ], [ 19.454971, 50.895985 ], [ 19.45497, 50.895985 ], [ 19.454969, 50.895985 ], [ 19.450908, 50.900498 ], [ 19.450907, 50.900498 ], [ 19.450908, 50.900499 ], [ 19.455053, 50.904975 ], [ 19.455055, 50.904978 ], [ 19.455055, 50.904981 ], [ 19.455053, 50.904984 ], [ 19.450995, 50.909493 ], [ 19.450994, 50.909493 ], [ 19.450995, 50.909494 ], [ 19.455144, 50.913974 ], [ 19.455145, 50.913975 ], [ 19.455146, 50.913975 ], [ 19.463352, 50.913943 ], [ 19.463357, 50.913943 ], [ 19.463361, 50.913945 ], [ 19.463364, 50.913947 ], [ 19.467508, 50.918419 ], [ 19.46751, 50.918422 ], [ 19.46751, 50.918425 ], [ 19.467508, 50.918428 ], [ 19.463453, 50.922933 ], [ 19.46345, 50.922936 ], [ 19.463446, 50.922937 ], [ 19.463441, 50.922938 ], [ 19.455234, 50.92297 ], [ 19.455233, 50.92297 ], [ 19.455232, 50.922971 ], [ 19.451172, 50.927479 ], [ 19.451169, 50.927481 ], [ 19.451165, 50.927483 ], [ 19.45116, 50.927483 ], [ 19.442952, 50.927515 ], [ 19.442951, 50.927515 ], [ 19.44295, 50.927516 ], [ 19.438885, 50.932027 ], [ 19.438885, 50.932028 ], [ 19.438885, 50.932029 ], [ 19.443032, 50.936505 ], [ 19.443034, 50.936508 ], [ 19.443034, 50.936511 ], [ 19.443032, 50.936514 ], [ 19.438973, 50.941018 ], [ 19.43897, 50.941021 ], [ 19.438966, 50.941022 ], [ 19.438961, 50.941023 ], [ 19.43075, 50.941054 ], [ 19.430749, 50.941054 ], [ 19.430749, 50.941054 ], [ 19.426681, 50.945565 ], [ 19.426681, 50.945566 ], [ 19.426681, 50.945567 ], [ 19.430828, 50.950044 ], [ 19.43083, 50.950047 ], [ 19.43083, 50.95005 ], [ 19.430828, 50.950053 ], [ 19.426764, 50.95456 ], [ 19.426763, 50.954561 ], [ 19.426764, 50.954562 ], [ 19.430911, 50.959039 ], [ 19.430913, 50.959042 ], [ 19.430913, 50.959045 ], [ 19.430911, 50.959048 ], [ 19.426849, 50.963552 ], [ 19.426846, 50.963554 ], [ 19.426842, 50.963556 ], [ 19.426837, 50.963556 ], [ 19.418623, 50.963586 ], [ 19.418622, 50.963586 ], [ 19.418621, 50.963587 ], [ 19.414554, 50.968094 ], [ 19.414551, 50.968096 ], [ 19.414546, 50.968098 ], [ 19.414541, 50.968098 ], [ 19.406326, 50.968127 ], [ 19.406325, 50.968127 ], [ 19.406325, 50.968128 ], [ 19.402256, 50.972634 ], [ 19.402253, 50.972637 ], [ 19.402248, 50.972638 ], [ 19.402244, 50.972639 ], [ 19.394028, 50.972667 ], [ 19.394026, 50.972667 ], [ 19.394026, 50.972667 ], [ 19.389952, 50.977177 ], [ 19.389952, 50.977178 ], [ 19.389952, 50.977179 ], [ 19.394098, 50.981657 ], [ 19.3941, 50.98166 ], [ 19.3941, 50.981663 ], [ 19.394098, 50.981666 ], [ 19.390027, 50.986172 ], [ 19.390027, 50.986173 ], [ 19.390027, 50.986174 ], [ 19.394175, 50.990652 ], [ 19.394176, 50.990655 ], [ 19.394176, 50.990658 ], [ 19.394175, 50.990661 ], [ 19.390106, 50.995164 ], [ 19.390103, 50.995166 ], [ 19.390099, 50.995168 ], [ 19.390094, 50.995168 ], [ 19.381881, 50.995195 ], [ 19.381876, 50.995195 ], [ 19.381872, 50.995193 ], [ 19.381869, 50.995191 ], [ 19.377722, 50.990712 ], [ 19.377721, 50.990711 ], [ 19.37772, 50.990711 ], [ 19.369501, 50.990737 ], [ 19.369496, 50.990737 ], [ 19.369492, 50.990735 ], [ 19.369489, 50.990733 ], [ 19.365344, 50.986254 ], [ 19.365343, 50.986253 ], [ 19.365342, 50.986253 ], [ 19.357117, 50.986278 ], [ 19.357116, 50.986279 ], [ 19.357115, 50.986279 ], [ 19.35304, 50.990784 ], [ 19.353037, 50.990786 ], [ 19.353032, 50.990788 ], [ 19.353028, 50.990788 ], [ 19.344808, 50.990813 ], [ 19.344807, 50.990813 ], [ 19.344807, 50.990814 ], [ 19.340726, 50.995322 ], [ 19.340726, 50.995323 ], [ 19.340726, 50.995323 ], [ 19.34487, 50.999804 ], [ 19.344871, 50.999806 ], [ 19.344871, 50.99981 ], [ 19.34487, 50.999813 ], [ 19.340796, 51.004313 ], [ 19.340793, 51.004316 ], [ 19.340788, 51.004317 ], [ 19.340783, 51.004318 ], [ 19.332562, 51.004341 ], [ 19.332561, 51.004341 ], [ 19.33256, 51.004342 ], [ 19.328481, 51.008846 ], [ 19.328478, 51.008848 ], [ 19.328474, 51.00885 ], [ 19.328469, 51.008851 ], [ 19.320246, 51.008873 ], [ 19.320245, 51.008873 ], [ 19.320244, 51.008874 ], [ 19.31616, 51.013381 ], [ 19.31616, 51.013382 ], [ 19.31616, 51.013383 ], [ 19.320303, 51.017864 ], [ 19.320305, 51.017867 ], [ 19.320305, 51.01787 ], [ 19.320303, 51.017873 ], [ 19.316225, 51.022373 ], [ 19.316222, 51.022375 ], [ 19.316218, 51.022377 ], [ 19.316213, 51.022377 ], [ 19.307988, 51.022399 ], [ 19.307987, 51.022399 ], [ 19.307986, 51.0224 ], [ 19.3039, 51.026907 ], [ 19.303899, 51.026907 ], [ 19.3039, 51.026908 ], [ 19.308046, 51.031393 ], [ 19.308046, 51.031394 ], [ 19.308048, 51.031394 ], [ 19.316274, 51.031372 ], [ 19.316279, 51.031373 ], [ 19.316283, 51.031374 ], [ 19.316286, 51.031377 ], [ 19.320427, 51.035854 ], [ 19.320429, 51.035857 ], [ 19.320429, 51.03586 ], [ 19.320427, 51.035863 ], [ 19.316347, 51.040363 ], [ 19.316344, 51.040365 ], [ 19.31634, 51.040367 ], [ 19.316335, 51.040367 ], [ 19.308114, 51.040389 ], [ 19.308109, 51.040389 ], [ 19.308105, 51.040387 ], [ 19.308102, 51.040385 ], [ 19.303958, 51.035903 ], [ 19.303958, 51.035903 ], [ 19.303957, 51.035902 ], [ 19.295722, 51.035924 ], [ 19.295721, 51.035924 ], [ 19.295721, 51.035924 ], [ 19.291635, 51.040427 ], [ 19.291632, 51.040429 ], [ 19.291628, 51.040431 ], [ 19.291623, 51.040431 ], [ 19.283402, 51.040452 ], [ 19.283397, 51.040451 ], [ 19.283393, 51.04045 ], [ 19.283389, 51.040447 ], [ 19.279248, 51.035965 ], [ 19.279248, 51.035964 ], [ 19.279247, 51.035964 ], [ 19.271019, 51.035983 ], [ 19.271014, 51.035983 ], [ 19.27101, 51.035981 ], [ 19.271007, 51.035979 ], [ 19.266871, 51.0315 ], [ 19.266869, 51.031497 ], [ 19.266869, 51.031494 ], [ 19.266871, 51.031491 ], [ 19.270958, 51.026989 ], [ 19.270958, 51.026988 ], [ 19.270958, 51.026988 ], [ 19.266816, 51.022501 ], [ 19.266815, 51.0225 ], [ 19.266814, 51.0225 ], [ 19.258589, 51.022519 ], [ 19.258584, 51.022518 ], [ 19.25858, 51.022517 ], [ 19.258577, 51.022514 ], [ 19.254443, 51.018035 ], [ 19.254442, 51.018032 ], [ 19.254442, 51.018029 ], [ 19.254443, 51.018026 ], [ 19.258527, 51.013528 ], [ 19.25853, 51.013526 ], [ 19.258534, 51.013524 ], [ 19.258539, 51.013524 ], [ 19.266762, 51.013505 ], [ 19.266764, 51.013505 ], [ 19.266764, 51.013505 ], [ 19.270853, 51.008999 ], [ 19.270854, 51.008998 ], [ 19.270853, 51.008998 ], [ 19.266713, 51.004511 ], [ 19.266712, 51.00451 ], [ 19.266711, 51.00451 ], [ 19.258489, 51.004529 ], [ 19.258484, 51.004528 ], [ 19.25848, 51.004527 ], [ 19.258477, 51.004524 ], [ 19.254345, 51.000045 ], [ 19.254343, 51.000042 ], [ 19.254343, 51.000039 ], [ 19.254345, 51.000036 ], [ 19.25843, 50.995534 ], [ 19.258431, 50.995534 ], [ 19.25843, 50.995533 ], [ 19.254292, 50.991046 ], [ 19.254292, 50.991045 ], [ 19.25429, 50.991045 ], [ 19.246071, 50.991063 ], [ 19.246066, 50.991062 ], [ 19.246062, 50.991061 ], [ 19.246059, 50.991058 ], [ 19.241926, 50.986574 ], [ 19.241925, 50.986574 ], [ 19.241924, 50.986574 ], [ 19.233705, 50.98659 ], [ 19.233701, 50.98659 ], [ 19.233696, 50.986588 ], [ 19.233693, 50.986586 ], [ 19.229562, 50.982102 ], [ 19.229561, 50.982101 ], [ 19.22956, 50.982101 ], [ 19.221342, 50.982117 ], [ 19.221337, 50.982116 ], [ 19.221333, 50.982115 ], [ 19.22133, 50.982112 ], [ 19.2172, 50.977628 ], [ 19.217199, 50.977627 ], [ 19.217198, 50.977627 ], [ 19.208974, 50.977642 ], [ 19.208973, 50.977642 ], [ 19.208972, 50.977643 ], [ 19.204884, 50.982142 ], [ 19.20488, 50.982145 ], [ 19.204876, 50.982146 ], [ 19.204871, 50.982147 ], [ 19.196654, 50.982161 ], [ 19.196652, 50.982161 ], [ 19.196652, 50.982162 ], [ 19.192561, 50.986661 ], [ 19.192558, 50.986663 ], [ 19.192554, 50.986665 ], [ 19.192549, 50.986666 ], [ 19.184338, 50.986679 ], [ 19.184333, 50.986678 ], [ 19.184328, 50.986677 ], [ 19.184325, 50.986674 ], [ 19.180199, 50.982188 ], [ 19.180198, 50.982188 ], [ 19.180197, 50.982188 ], [ 19.171972, 50.9822 ], [ 19.171971, 50.9822 ], [ 19.17197, 50.982201 ], [ 19.167877, 50.986699 ], [ 19.167874, 50.986701 ], [ 19.16787, 50.986703 ], [ 19.167865, 50.986704 ], [ 19.159647, 50.986715 ], [ 19.159645, 50.986715 ], [ 19.159645, 50.986716 ], [ 19.155547, 50.991218 ], [ 19.155547, 50.991218 ], [ 19.155547, 50.991219 ], [ 19.159672, 50.995706 ], [ 19.159674, 50.995709 ], [ 19.159674, 50.995712 ], [ 19.159672, 50.995715 ], [ 19.155581, 51.000209 ], [ 19.155577, 51.000211 ], [ 19.155573, 51.000213 ], [ 19.155568, 51.000213 ], [ 19.147354, 51.000224 ], [ 19.147349, 51.000224 ], [ 19.147345, 51.000222 ], [ 19.147342, 51.00022 ], [ 19.143218, 50.995732 ], [ 19.143217, 50.995732 ], [ 19.143216, 50.995732 ], [ 19.134996, 50.995741 ], [ 19.134991, 50.995741 ], [ 19.134986, 50.995739 ], [ 19.134983, 50.995737 ], [ 19.130861, 50.991249 ], [ 19.13086, 50.991249 ], [ 19.130859, 50.991249 ], [ 19.122632, 50.991257 ], [ 19.122631, 50.991258 ], [ 19.12263, 50.991258 ], [ 19.118529, 50.995759 ], [ 19.118528, 50.995759 ], [ 19.118529, 50.99576 ], [ 19.122651, 51.000248 ], [ 19.122652, 51.000251 ], [ 19.122652, 51.000254 ], [ 19.122651, 51.000257 ], [ 19.118555, 51.00475 ], [ 19.118552, 51.004752 ], [ 19.118548, 51.004754 ], [ 19.118543, 51.004754 ], [ 19.110321, 51.004763 ], [ 19.11032, 51.004763 ], [ 19.110319, 51.004763 ], [ 19.106219, 51.009259 ], [ 19.106215, 51.009262 ], [ 19.106211, 51.009263 ], [ 19.106206, 51.009264 ], [ 19.097984, 51.009271 ], [ 19.097983, 51.009271 ], [ 19.097982, 51.009272 ], [ 19.093876, 51.013771 ], [ 19.093876, 51.013772 ], [ 19.093876, 51.013773 ], [ 19.097997, 51.018262 ], [ 19.097999, 51.018265 ], [ 19.097999, 51.018268 ], [ 19.097997, 51.018271 ], [ 19.093898, 51.022763 ], [ 19.093895, 51.022765 ], [ 19.09389, 51.022767 ], [ 19.093885, 51.022767 ], [ 19.085661, 51.022774 ], [ 19.085659, 51.022774 ], [ 19.085659, 51.022774 ], [ 19.081554, 51.02727 ], [ 19.081551, 51.027272 ], [ 19.081547, 51.027274 ], [ 19.081542, 51.027274 ], [ 19.073323, 51.02728 ], [ 19.073318, 51.027279 ], [ 19.073314, 51.027277 ], [ 19.073311, 51.027275 ], [ 19.069191, 51.022785 ], [ 19.06919, 51.022785 ], [ 19.069189, 51.022784 ], [ 19.060964, 51.022789 ], [ 19.060959, 51.022789 ], [ 19.060955, 51.022787 ], [ 19.060952, 51.022785 ], [ 19.056834, 51.018294 ], [ 19.056833, 51.018294 ], [ 19.056832, 51.018294 ], [ 19.048601, 51.018297 ], [ 19.0486, 51.018297 ], [ 19.048599, 51.018298 ], [ 19.044491, 51.022792 ], [ 19.044488, 51.022794 ], [ 19.044484, 51.022796 ], [ 19.044479, 51.022797 ], [ 19.036254, 51.022799 ], [ 19.036253, 51.022799 ], [ 19.036252, 51.0228 ], [ 19.032139, 51.027297 ], [ 19.032139, 51.027298 ], [ 19.032139, 51.027299 ], [ 19.036259, 51.031794 ], [ 19.03626, 51.031794 ], [ 19.036261, 51.031794 ], [ 19.044488, 51.031792 ], [ 19.044492, 51.031792 ], [ 19.044497, 51.031794 ], [ 19.0445, 51.031796 ], [ 19.048614, 51.036283 ], [ 19.048616, 51.036286 ], [ 19.048616, 51.036289 ], [ 19.048614, 51.036292 ], [ 19.044509, 51.040782 ], [ 19.044505, 51.040785 ], [ 19.044501, 51.040786 ], [ 19.044496, 51.040787 ], [ 19.036268, 51.04079 ], [ 19.036267, 51.04079 ], [ 19.036266, 51.04079 ], [ 19.032155, 51.045284 ], [ 19.032152, 51.045286 ], [ 19.032148, 51.045288 ], [ 19.032143, 51.045288 ], [ 19.023914, 51.04529 ], [ 19.023913, 51.045291 ], [ 19.023912, 51.045291 ], [ 19.019799, 51.049784 ], [ 19.019796, 51.049787 ], [ 19.019792, 51.049788 ], [ 19.019787, 51.049789 ], [ 19.011557, 51.04979 ], [ 19.011556, 51.04979 ], [ 19.011556, 51.049791 ], [ 19.007441, 51.054283 ], [ 19.007438, 51.054286 ], [ 19.007434, 51.054287 ], [ 19.007429, 51.054288 ], [ 18.999198, 51.054288 ], [ 18.999197, 51.054288 ], [ 18.999197, 51.054289 ], [ 18.995077, 51.058785 ], [ 18.995077, 51.058785 ], [ 18.995077, 51.058786 ], [ 18.999193, 51.063279 ], [ 18.999195, 51.063281 ], [ 18.999195, 51.063285 ], [ 18.999193, 51.063288 ], [ 18.99508, 51.067776 ], [ 18.995077, 51.067778 ], [ 18.995072, 51.06778 ], [ 18.995068, 51.067781 ], [ 18.986835, 51.06778 ], [ 18.986834, 51.06778 ], [ 18.986833, 51.067781 ], [ 18.982715, 51.072272 ], [ 18.982711, 51.072275 ], [ 18.982707, 51.072276 ], [ 18.982702, 51.072277 ], [ 18.974469, 51.072275 ], [ 18.974467, 51.072275 ], [ 18.974467, 51.072276 ], [ 18.970347, 51.076767 ], [ 18.970344, 51.07677 ], [ 18.970339, 51.076771 ], [ 18.970335, 51.076772 ], [ 18.9621, 51.07677 ], [ 18.962099, 51.07677 ], [ 18.962098, 51.07677 ], [ 18.957977, 51.081261 ], [ 18.957974, 51.081264 ], [ 18.957969, 51.081265 ], [ 18.957964, 51.081266 ], [ 18.949729, 51.081262 ], [ 18.949728, 51.081263 ], [ 18.949727, 51.081263 ], [ 18.945604, 51.085754 ], [ 18.945601, 51.085756 ], [ 18.945597, 51.085758 ], [ 18.945592, 51.085758 ], [ 18.937356, 51.085754 ], [ 18.937355, 51.085754 ], [ 18.937354, 51.085755 ], [ 18.93323, 51.090245 ], [ 18.933226, 51.090247 ], [ 18.933222, 51.090249 ], [ 18.933217, 51.090249 ], [ 18.924987, 51.090244 ], [ 18.924982, 51.090244 ], [ 18.924978, 51.090242 ], [ 18.924975, 51.09024 ], [ 18.920864, 51.085745 ], [ 18.920863, 51.085744 ], [ 18.920862, 51.085744 ], [ 18.912626, 51.085738 ], [ 18.912621, 51.085738 ], [ 18.912617, 51.085736 ], [ 18.912614, 51.085734 ], [ 18.908508, 51.081242 ], [ 18.908506, 51.081239 ], [ 18.908506, 51.081236 ], [ 18.908508, 51.081233 ], [ 18.912634, 51.076744 ], [ 18.912635, 51.076743 ], [ 18.912634, 51.076742 ], [ 18.908522, 51.072243 ], [ 18.908522, 51.072242 ], [ 18.90852, 51.072242 ], [ 18.900287, 51.072236 ], [ 18.900282, 51.072235 ], [ 18.900278, 51.072234 ], [ 18.900274, 51.072231 ], [ 18.896171, 51.067739 ], [ 18.896169, 51.067736 ], [ 18.896169, 51.067733 ], [ 18.896171, 51.06773 ], [ 18.900294, 51.063245 ], [ 18.900297, 51.063243 ], [ 18.900301, 51.063241 ], [ 18.900306, 51.063241 ], [ 18.908538, 51.063247 ], [ 18.908539, 51.063247 ], [ 18.90854, 51.063247 ], [ 18.912668, 51.058754 ], [ 18.912668, 51.058753 ], [ 18.912668, 51.058752 ], [ 18.908558, 51.054253 ], [ 18.908557, 51.054252 ], [ 18.908556, 51.054252 ], [ 18.900318, 51.054245 ], [ 18.900317, 51.054246 ], [ 18.900317, 51.054246 ], [ 18.896191, 51.058735 ], [ 18.896188, 51.058737 ], [ 18.896184, 51.058739 ], [ 18.896179, 51.058739 ], [ 18.887955, 51.058732 ], [ 18.88795, 51.058731 ], [ 18.887945, 51.05873 ], [ 18.887942, 51.058727 ], [ 18.883838, 51.054231 ], [ 18.883837, 51.05423 ], [ 18.883836, 51.05423 ], [ 18.875598, 51.054222 ], [ 18.875597, 51.054222 ], [ 18.875597, 51.054222 ], [ 18.871465, 51.058714 ], [ 18.871465, 51.058715 ], [ 18.871465, 51.058716 ], [ 18.875569, 51.063212 ], [ 18.875571, 51.063215 ], [ 18.875571, 51.063218 ], [ 18.875569, 51.063221 ], [ 18.871444, 51.067705 ], [ 18.871441, 51.067708 ], [ 18.871436, 51.067709 ], [ 18.871432, 51.06771 ], [ 18.863206, 51.067701 ], [ 18.863201, 51.0677 ], [ 18.863197, 51.067698 ], [ 18.863193, 51.067696 ], [ 18.859091, 51.063199 ], [ 18.85909, 51.063198 ], [ 18.859089, 51.063198 ], [ 18.85085, 51.063188 ], [ 18.850848, 51.063188 ], [ 18.850848, 51.063189 ], [ 18.846717, 51.067676 ], [ 18.846714, 51.067678 ], [ 18.846709, 51.06768 ], [ 18.846704, 51.06768 ], [ 18.838479, 51.067669 ], [ 18.838474, 51.067668 ], [ 18.838469, 51.067667 ], [ 18.838466, 51.067665 ], [ 18.834366, 51.063166 ], [ 18.834365, 51.063166 ], [ 18.834364, 51.063166 ], [ 18.826125, 51.063154 ], [ 18.826124, 51.063154 ], [ 18.826123, 51.063154 ], [ 18.82199, 51.067641 ], [ 18.821987, 51.067643 ], [ 18.821982, 51.067645 ], [ 18.821977, 51.067645 ], [ 18.813752, 51.067632 ], [ 18.813747, 51.067632 ], [ 18.813742, 51.06763 ], [ 18.813739, 51.067628 ], [ 18.809641, 51.063129 ], [ 18.80964, 51.063128 ], [ 18.809639, 51.063128 ], [ 18.801407, 51.063114 ], [ 18.801402, 51.063114 ], [ 18.801398, 51.063112 ], [ 18.801395, 51.06311 ], [ 18.797299, 51.05861 ], [ 18.797298, 51.05861 ], [ 18.797297, 51.05861 ], [ 18.789058, 51.058595 ], [ 18.789057, 51.058595 ], [ 18.789057, 51.058596 ], [ 18.78492, 51.063081 ], [ 18.784917, 51.063083 ], [ 18.784913, 51.063085 ], [ 18.784908, 51.063085 ], [ 18.776683, 51.06307 ], [ 18.776678, 51.063069 ], [ 18.776674, 51.063068 ], [ 18.77667, 51.063065 ], [ 18.772576, 51.058565 ], [ 18.772576, 51.058564 ], [ 18.772574, 51.058564 ], [ 18.764343, 51.058548 ], [ 18.764338, 51.058547 ], [ 18.764334, 51.058546 ], [ 18.764331, 51.058543 ], [ 18.760239, 51.054043 ], [ 18.760238, 51.054042 ], [ 18.760237, 51.054042 ], [ 18.751999, 51.054025 ], [ 18.751998, 51.054025 ], [ 18.751997, 51.054026 ], [ 18.747858, 51.058509 ], [ 18.747855, 51.058511 ], [ 18.74785, 51.058513 ], [ 18.747845, 51.058514 ], [ 18.739614, 51.058495 ], [ 18.739613, 51.058496 ], [ 18.739612, 51.058496 ], [ 18.735471, 51.062979 ], [ 18.735468, 51.062982 ], [ 18.735464, 51.062983 ], [ 18.735459, 51.062984 ], [ 18.727234, 51.062965 ], [ 18.727229, 51.062964 ], [ 18.727225, 51.062963 ], [ 18.727221, 51.06296 ], [ 18.723132, 51.058458 ], [ 18.723132, 51.058458 ], [ 18.72313, 51.058458 ], [ 18.714892, 51.058438 ], [ 18.714891, 51.058438 ], [ 18.71489, 51.058438 ], [ 18.710747, 51.062921 ], [ 18.710744, 51.062923 ], [ 18.710739, 51.062925 ], [ 18.710734, 51.062925 ], [ 18.702509, 51.062905 ], [ 18.702505, 51.062904 ], [ 18.7025, 51.062902 ], [ 18.702497, 51.0629 ], [ 18.69841, 51.058397 ], [ 18.69841, 51.058397 ], [ 18.698408, 51.058396 ], [ 18.690177, 51.058375 ], [ 18.690172, 51.058374 ], [ 18.690168, 51.058373 ], [ 18.690165, 51.05837 ], [ 18.68608, 51.053867 ], [ 18.686079, 51.053867 ], [ 18.686078, 51.053866 ], [ 18.677848, 51.053844 ], [ 18.677843, 51.053843 ], [ 18.677838, 51.053842 ], [ 18.677835, 51.053839 ], [ 18.673752, 51.049336 ], [ 18.673751, 51.049335 ], [ 18.67375, 51.049335 ], [ 18.665513, 51.049312 ], [ 18.665512, 51.049312 ], [ 18.665511, 51.049312 ], [ 18.661364, 51.053793 ], [ 18.661361, 51.053795 ], [ 18.661356, 51.053797 ], [ 18.661352, 51.053797 ], [ 18.653121, 51.053773 ], [ 18.65312, 51.053773 ], [ 18.653119, 51.053774 ], [ 18.64897, 51.058254 ], [ 18.648967, 51.058256 ], [ 18.648963, 51.058258 ], [ 18.648958, 51.058258 ], [ 18.640727, 51.058233 ], [ 18.640726, 51.058234 ], [ 18.640725, 51.058234 ], [ 18.636574, 51.062714 ], [ 18.636571, 51.062716 ], [ 18.636567, 51.062718 ], [ 18.636562, 51.062718 ], [ 18.62833, 51.062692 ], [ 18.628329, 51.062692 ], [ 18.628328, 51.062693 ], [ 18.624176, 51.067172 ], [ 18.624173, 51.067174 ], [ 18.624168, 51.067176 ], [ 18.624163, 51.067176 ], [ 18.615931, 51.06715 ], [ 18.61593, 51.06715 ], [ 18.615929, 51.06715 ], [ 18.611775, 51.071629 ], [ 18.611772, 51.071631 ], [ 18.611767, 51.071633 ], [ 18.611763, 51.071633 ], [ 18.603529, 51.071606 ], [ 18.603528, 51.071606 ], [ 18.603527, 51.071607 ], [ 18.599372, 51.076085 ], [ 18.599369, 51.076087 ], [ 18.599364, 51.076089 ], [ 18.599359, 51.076089 ], [ 18.591125, 51.076061 ], [ 18.591124, 51.076061 ], [ 18.591123, 51.076061 ], [ 18.586966, 51.080539 ], [ 18.586963, 51.080542 ], [ 18.586959, 51.080543 ], [ 18.586954, 51.080544 ], [ 18.578719, 51.080514 ], [ 18.578718, 51.080514 ], [ 18.578717, 51.080515 ], [ 18.574555, 51.084996 ], [ 18.574554, 51.084997 ], [ 18.574555, 51.084997 ], [ 18.578632, 51.089505 ], [ 18.578634, 51.089507 ], [ 18.578633, 51.089511 ], [ 18.578632, 51.089514 ], [ 18.574476, 51.093987 ], [ 18.574473, 51.093989 ], [ 18.574468, 51.093991 ], [ 18.574463, 51.093991 ], [ 18.566226, 51.093961 ], [ 18.566225, 51.093961 ], [ 18.566224, 51.093962 ], [ 18.562063, 51.098439 ], [ 18.56206, 51.098441 ], [ 18.562056, 51.098443 ], [ 18.562051, 51.098443 ], [ 18.553813, 51.098412 ], [ 18.553811, 51.098412 ], [ 18.553811, 51.098413 ], [ 18.549644, 51.102893 ], [ 18.549644, 51.102894 ], [ 18.549644, 51.102894 ], [ 18.553721, 51.107402 ], [ 18.553722, 51.107405 ], [ 18.553722, 51.107408 ], [ 18.553721, 51.107411 ], [ 18.549557, 51.111888 ], [ 18.549557, 51.111888 ], [ 18.549557, 51.111889 ], [ 18.553637, 51.116401 ], [ 18.553638, 51.116401 ], [ 18.553639, 51.116402 ], [ 18.561881, 51.116433 ], [ 18.561886, 51.116433 ], [ 18.56189, 51.116435 ], [ 18.561893, 51.116437 ], [ 18.565968, 51.120941 ], [ 18.56597, 51.120944 ], [ 18.56597, 51.120947 ], [ 18.565968, 51.12095 ], [ 18.561808, 51.125423 ], [ 18.561805, 51.125425 ], [ 18.5618, 51.125427 ], [ 18.561796, 51.125427 ], [ 18.553553, 51.125396 ], [ 18.553551, 51.125396 ], [ 18.553551, 51.125397 ], [ 18.549382, 51.129877 ], [ 18.549382, 51.129878 ], [ 18.549382, 51.129879 ], [ 18.553461, 51.134387 ], [ 18.553462, 51.134389 ], [ 18.553462, 51.134393 ], [ 18.55346, 51.134396 ], [ 18.549298, 51.138868 ], [ 18.549295, 51.13887 ], [ 18.54929, 51.138872 ], [ 18.549286, 51.138873 ], [ 18.541047, 51.13884 ], [ 18.541042, 51.13884 ], [ 18.541038, 51.138838 ], [ 18.541035, 51.138836 ], [ 18.536957, 51.134328 ], [ 18.536957, 51.134327 ], [ 18.536955, 51.134327 ], [ 18.528711, 51.134294 ], [ 18.528706, 51.134293 ], [ 18.528702, 51.134292 ], [ 18.528699, 51.134289 ], [ 18.524626, 51.129784 ], [ 18.524624, 51.129781 ], [ 18.524624, 51.129778 ], [ 18.524626, 51.129775 ], [ 18.528794, 51.1253 ], [ 18.528794, 51.125299 ], [ 18.528794, 51.125298 ], [ 18.524718, 51.12079 ], [ 18.524717, 51.120787 ], [ 18.524717, 51.120784 ], [ 18.524718, 51.120781 ], [ 18.528885, 51.116305 ], [ 18.528885, 51.116304 ], [ 18.528885, 51.116304 ], [ 18.524811, 51.111795 ], [ 18.524809, 51.111792 ], [ 18.524809, 51.111789 ], [ 18.524811, 51.111786 ], [ 18.528977, 51.10731 ], [ 18.528977, 51.10731 ], [ 18.528977, 51.107309 ], [ 18.524899, 51.102796 ], [ 18.524899, 51.102796 ], [ 18.524897, 51.102796 ], [ 18.516659, 51.102762 ], [ 18.516654, 51.102761 ], [ 18.516649, 51.10276 ], [ 18.516646, 51.102757 ], [ 18.512574, 51.098248 ], [ 18.512573, 51.098248 ], [ 18.512572, 51.098247 ], [ 18.504334, 51.098213 ], [ 18.504329, 51.098212 ], [ 18.504325, 51.098211 ], [ 18.504322, 51.098208 ], [ 18.500255, 51.093702 ], [ 18.500253, 51.093699 ], [ 18.500253, 51.093696 ], [ 18.500255, 51.093693 ], [ 18.504421, 51.089219 ], [ 18.504422, 51.089218 ], [ 18.504421, 51.089217 ], [ 18.500348, 51.084704 ], [ 18.500347, 51.084703 ], [ 18.500346, 51.084703 ], [ 18.492104, 51.084668 ], [ 18.492103, 51.084668 ], [ 18.492102, 51.084668 ], [ 18.487934, 51.089142 ], [ 18.487931, 51.089145 ], [ 18.487927, 51.089146 ], [ 18.487922, 51.089147 ], [ 18.479686, 51.089111 ], [ 18.479685, 51.089111 ], [ 18.479684, 51.089111 ], [ 18.475515, 51.093585 ], [ 18.475512, 51.093587 ], [ 18.475507, 51.093589 ], [ 18.475502, 51.093589 ], [ 18.467265, 51.093552 ], [ 18.467264, 51.093552 ], [ 18.467263, 51.093553 ], [ 18.463089, 51.09803 ], [ 18.463089, 51.098031 ], [ 18.463089, 51.098031 ], [ 18.467157, 51.102542 ], [ 18.467158, 51.102545 ], [ 18.467158, 51.102548 ], [ 18.467156, 51.102551 ], [ 18.462989, 51.107021 ], [ 18.462985, 51.107023 ], [ 18.462981, 51.107025 ], [ 18.462976, 51.107025 ], [ 18.454737, 51.106987 ], [ 18.454735, 51.106987 ], [ 18.454735, 51.106988 ], [ 18.450562, 51.111461 ], [ 18.450559, 51.111463 ], [ 18.450554, 51.111465 ], [ 18.450549, 51.111465 ], [ 18.442316, 51.111426 ], [ 18.442311, 51.111426 ], [ 18.442307, 51.111424 ], [ 18.442304, 51.111422 ], [ 18.438238, 51.10691 ], [ 18.438237, 51.106909 ], [ 18.438236, 51.106909 ], [ 18.42999, 51.106869 ], [ 18.429989, 51.106869 ], [ 18.429988, 51.10687 ], [ 18.425812, 51.111342 ], [ 18.425809, 51.111344 ], [ 18.425805, 51.111346 ], [ 18.4258, 51.111346 ], [ 18.41756, 51.111305 ], [ 18.417559, 51.111306 ], [ 18.417558, 51.111306 ], [ 18.413381, 51.115778 ], [ 18.413378, 51.11578 ], [ 18.413373, 51.115782 ], [ 18.413368, 51.115782 ], [ 18.405127, 51.11574 ], [ 18.405126, 51.115741 ], [ 18.405126, 51.115741 ], [ 18.400947, 51.120212 ], [ 18.400944, 51.120214 ], [ 18.400939, 51.120216 ], [ 18.400935, 51.120217 ], [ 18.392693, 51.120174 ], [ 18.392692, 51.120174 ], [ 18.392691, 51.120175 ], [ 18.388511, 51.124645 ], [ 18.388507, 51.124648 ], [ 18.388503, 51.124649 ], [ 18.388498, 51.12465 ], [ 18.380256, 51.124606 ], [ 18.380255, 51.124606 ], [ 18.380254, 51.124607 ], [ 18.376072, 51.129077 ], [ 18.376069, 51.12908 ], [ 18.376064, 51.129081 ], [ 18.37606, 51.129082 ], [ 18.367816, 51.129037 ], [ 18.367815, 51.129037 ], [ 18.367814, 51.129038 ], [ 18.363631, 51.133508 ], [ 18.363628, 51.13351 ], [ 18.363623, 51.133512 ], [ 18.363619, 51.133512 ], [ 18.355381, 51.133467 ], [ 18.355377, 51.133466 ], [ 18.355372, 51.133465 ], [ 18.355369, 51.133462 ], [ 18.35131, 51.128948 ], [ 18.351309, 51.128947 ], [ 18.351308, 51.128947 ], [ 18.343058, 51.128901 ], [ 18.343057, 51.128901 ], [ 18.343056, 51.128902 ], [ 18.33887, 51.13337 ], [ 18.338867, 51.133373 ], [ 18.338863, 51.133374 ], [ 18.338858, 51.133375 ], [ 18.330621, 51.133328 ], [ 18.330616, 51.133327 ], [ 18.330612, 51.133326 ], [ 18.330609, 51.133323 ], [ 18.326552, 51.128808 ], [ 18.326551, 51.128807 ], [ 18.32655, 51.128807 ], [ 18.3183, 51.128759 ], [ 18.318299, 51.128759 ], [ 18.318298, 51.12876 ], [ 18.31411, 51.133228 ], [ 18.314107, 51.13323 ], [ 18.314102, 51.133232 ], [ 18.314097, 51.133232 ], [ 18.305853, 51.133184 ], [ 18.305852, 51.133184 ], [ 18.305852, 51.133184 ], [ 18.301662, 51.137652 ], [ 18.301659, 51.137654 ], [ 18.301654, 51.137656 ], [ 18.301649, 51.137656 ], [ 18.293405, 51.137607 ], [ 18.293404, 51.137607 ], [ 18.293403, 51.137607 ], [ 18.289211, 51.142074 ], [ 18.289208, 51.142077 ], [ 18.289204, 51.142078 ], [ 18.289199, 51.142079 ], [ 18.280954, 51.142028 ], [ 18.280952, 51.142028 ], [ 18.280952, 51.142029 ], [ 18.276759, 51.146495 ], [ 18.276755, 51.146498 ], [ 18.276751, 51.146499 ], [ 18.276746, 51.1465 ], [ 18.2685, 51.146449 ], [ 18.268499, 51.146449 ], [ 18.268498, 51.146449 ], [ 18.264304, 51.150915 ], [ 18.2643, 51.150918 ], [ 18.264296, 51.150919 ], [ 18.264291, 51.15092 ], [ 18.256044, 51.150868 ], [ 18.256043, 51.150868 ], [ 18.256042, 51.150868 ], [ 18.251846, 51.155334 ], [ 18.251843, 51.155336 ], [ 18.251839, 51.155338 ], [ 18.251834, 51.155338 ], [ 18.243593, 51.155285 ], [ 18.243588, 51.155285 ], [ 18.243584, 51.155283 ], [ 18.243581, 51.155281 ], [ 18.239531, 51.150762 ], [ 18.23953, 51.150761 ], [ 18.239529, 51.150761 ], [ 18.231282, 51.150707 ], [ 18.231277, 51.150707 ], [ 18.231273, 51.150705 ], [ 18.231269, 51.150703 ], [ 18.227221, 51.146184 ], [ 18.22722, 51.146183 ], [ 18.227219, 51.146183 ], [ 18.218966, 51.146128 ], [ 18.218965, 51.146128 ], [ 18.218964, 51.146129 ], [ 18.214765, 51.150593 ], [ 18.214762, 51.150596 ], [ 18.214757, 51.150597 ], [ 18.214752, 51.150598 ], [ 18.206506, 51.150542 ], [ 18.206504, 51.150542 ], [ 18.206504, 51.150543 ], [ 18.202303, 51.155006 ], [ 18.2023, 51.155009 ], [ 18.202295, 51.15501 ], [ 18.20229, 51.155011 ], [ 18.19405, 51.154954 ], [ 18.194045, 51.154954 ], [ 18.194041, 51.154952 ], [ 18.194037, 51.15495 ], [ 18.189992, 51.150429 ], [ 18.189992, 51.150429 ], [ 18.18999, 51.150429 ], [ 18.181737, 51.150371 ], [ 18.181735, 51.150371 ], [ 18.181735, 51.150372 ], [ 18.177531, 51.154835 ], [ 18.177528, 51.154837 ], [ 18.177524, 51.154839 ], [ 18.177519, 51.154839 ], [ 18.169271, 51.154781 ], [ 18.16927, 51.154781 ], [ 18.16927, 51.154782 ], [ 18.165065, 51.159244 ], [ 18.165062, 51.159247 ], [ 18.165057, 51.159248 ], [ 18.165052, 51.159249 ], [ 18.156804, 51.159189 ], [ 18.156803, 51.15919 ], [ 18.156802, 51.15919 ], [ 18.152592, 51.163656 ], [ 18.152592, 51.163657 ], [ 18.152592, 51.163657 ], [ 18.156635, 51.168179 ], [ 18.156636, 51.168182 ], [ 18.156636, 51.168185 ], [ 18.156635, 51.168188 ], [ 18.152427, 51.17265 ], [ 18.152427, 51.172651 ], [ 18.152427, 51.172651 ], [ 18.156471, 51.177173 ], [ 18.156472, 51.177176 ], [ 18.156472, 51.177179 ], [ 18.15647, 51.177182 ], [ 18.152262, 51.181644 ], [ 18.152262, 51.181644 ], [ 18.152262, 51.181645 ], [ 18.156306, 51.186167 ], [ 18.156308, 51.18617 ], [ 18.156308, 51.186173 ], [ 18.156306, 51.186176 ], [ 18.152097, 51.190638 ], [ 18.152097, 51.190638 ], [ 18.152097, 51.190639 ], [ 18.156142, 51.195161 ], [ 18.156144, 51.195164 ], [ 18.156144, 51.195167 ], [ 18.156142, 51.19517 ], [ 18.151932, 51.199632 ], [ 18.151932, 51.199632 ], [ 18.151932, 51.199633 ], [ 18.155978, 51.204155 ], [ 18.155979, 51.204158 ], [ 18.155979, 51.204161 ], [ 18.155978, 51.204164 ], [ 18.151767, 51.208626 ], [ 18.151767, 51.208626 ], [ 18.151767, 51.208627 ], [ 18.155817, 51.213152 ], [ 18.155818, 51.213153 ], [ 18.155819, 51.213153 ], [ 18.164077, 51.213212 ], [ 18.164082, 51.213213 ], [ 18.164086, 51.213214 ], [ 18.164089, 51.213217 ], [ 18.168134, 51.217734 ], [ 18.168135, 51.217737 ], [ 18.168135, 51.21774 ], [ 18.168133, 51.217743 ], [ 18.163923, 51.222206 ], [ 18.163922, 51.222206 ], [ 18.163923, 51.222207 ], [ 18.167971, 51.226728 ], [ 18.167973, 51.226731 ], [ 18.167973, 51.226734 ], [ 18.167971, 51.226737 ], [ 18.16376, 51.231199 ], [ 18.163759, 51.2312 ], [ 18.16376, 51.231201 ], [ 18.167809, 51.235722 ], [ 18.167811, 51.235725 ], [ 18.167811, 51.235728 ], [ 18.167809, 51.235731 ], [ 18.1636, 51.24019 ], [ 18.163597, 51.240192 ], [ 18.163593, 51.240193 ], [ 18.163588, 51.240194 ], [ 18.155325, 51.240135 ], [ 18.155324, 51.240135 ], [ 18.155323, 51.240135 ], [ 18.151105, 51.244601 ], [ 18.151105, 51.244602 ], [ 18.151105, 51.244602 ], [ 18.155158, 51.249128 ], [ 18.155159, 51.249128 ], [ 18.15516, 51.249128 ], [ 18.163425, 51.249188 ], [ 18.163429, 51.249188 ], [ 18.163434, 51.24919 ], [ 18.163437, 51.249192 ], [ 18.167484, 51.25371 ], [ 18.167486, 51.253713 ], [ 18.167486, 51.253716 ], [ 18.167484, 51.253719 ], [ 18.163274, 51.258177 ], [ 18.163271, 51.25818 ], [ 18.163266, 51.258181 ], [ 18.163261, 51.258182 ], [ 18.154995, 51.258122 ], [ 18.154994, 51.258122 ], [ 18.154993, 51.258123 ], [ 18.150778, 51.262585 ], [ 18.150774, 51.262587 ], [ 18.15077, 51.262589 ], [ 18.150765, 51.262589 ], [ 18.142505, 51.262529 ], [ 18.142501, 51.262528 ], [ 18.142496, 51.262527 ], [ 18.142493, 51.262524 ], [ 18.138444, 51.258002 ], [ 18.138443, 51.258002 ], [ 18.138442, 51.258002 ], [ 18.130176, 51.257941 ], [ 18.130171, 51.25794 ], [ 18.130167, 51.257938 ], [ 18.130164, 51.257936 ], [ 18.126116, 51.253413 ], [ 18.126115, 51.253413 ], [ 18.126114, 51.253413 ], [ 18.117842, 51.253351 ], [ 18.117841, 51.253351 ], [ 18.11784, 51.253351 ], [ 18.113621, 51.257812 ], [ 18.113618, 51.257814 ], [ 18.113614, 51.257816 ], [ 18.113609, 51.257816 ], [ 18.105343, 51.257753 ], [ 18.105342, 51.257754 ], [ 18.105341, 51.257754 ], [ 18.10112, 51.262214 ], [ 18.101117, 51.262216 ], [ 18.101113, 51.262218 ], [ 18.101108, 51.262218 ], [ 18.092841, 51.262155 ], [ 18.09284, 51.262155 ], [ 18.092839, 51.262155 ], [ 18.088614, 51.266619 ], [ 18.088613, 51.266619 ], [ 18.088614, 51.26662 ], [ 18.092662, 51.271148 ], [ 18.092663, 51.271148 ], [ 18.092664, 51.271148 ], [ 18.100932, 51.271212 ], [ 18.100937, 51.271213 ], [ 18.100942, 51.271214 ], [ 18.100945, 51.271217 ], [ 18.104988, 51.275736 ], [ 18.10499, 51.275739 ], [ 18.10499, 51.275742 ], [ 18.104988, 51.275745 ], [ 18.100769, 51.280201 ], [ 18.100766, 51.280204 ], [ 18.100762, 51.280205 ], [ 18.100757, 51.280206 ], [ 18.092487, 51.280142 ], [ 18.092486, 51.280142 ], [ 18.092485, 51.280143 ], [ 18.088258, 51.284606 ], [ 18.088257, 51.284607 ], [ 18.088258, 51.284607 ], [ 18.092308, 51.289135 ], [ 18.092309, 51.289135 ], [ 18.09231, 51.289136 ], [ 18.100581, 51.289199 ], [ 18.100586, 51.2892 ], [ 18.10059, 51.289202 ], [ 18.100594, 51.289204 ], [ 18.104638, 51.293724 ], [ 18.10464, 51.293726 ], [ 18.10464, 51.29373 ], [ 18.104638, 51.293733 ], [ 18.100414, 51.298192 ], [ 18.100414, 51.298193 ], [ 18.100414, 51.298194 ], [ 18.104463, 51.302717 ], [ 18.104465, 51.30272 ], [ 18.104465, 51.302723 ], [ 18.104463, 51.302726 ], [ 18.100239, 51.307186 ], [ 18.100238, 51.307187 ], [ 18.100239, 51.307187 ], [ 18.104288, 51.311711 ], [ 18.10429, 51.311714 ], [ 18.10429, 51.311717 ], [ 18.104288, 51.31172 ], [ 18.100066, 51.316176 ], [ 18.100063, 51.316178 ], [ 18.100059, 51.31618 ], [ 18.100054, 51.31618 ], [ 18.091777, 51.316116 ], [ 18.091776, 51.316117 ], [ 18.091776, 51.316117 ], [ 18.087545, 51.32058 ], [ 18.087544, 51.320581 ], [ 18.087545, 51.320582 ], [ 18.091594, 51.325105 ], [ 18.091596, 51.325108 ], [ 18.091596, 51.325112 ], [ 18.091594, 51.325114 ], [ 18.087366, 51.329574 ], [ 18.087366, 51.329575 ], [ 18.087366, 51.329575 ], [ 18.091417, 51.334099 ], [ 18.091418, 51.334102 ], [ 18.091418, 51.334105 ], [ 18.091417, 51.334108 ], [ 18.087191, 51.338564 ], [ 18.087188, 51.338566 ], [ 18.087184, 51.338568 ], [ 18.087179, 51.338568 ], [ 18.078898, 51.338503 ], [ 18.078897, 51.338503 ], [ 18.078897, 51.338504 ], [ 18.074662, 51.342967 ], [ 18.074662, 51.342967 ] ] ] } }
]
}
