{"type":"FeatureCollection","name":"hex500","crs":{"type":"name","properties":{"name":"urn:ogc:def:crs:OGC:1.3:CRS84"}},"xy_coordinate_resolution":1e-06,"features":[{"type":"Feature","properties":{"hex_id":59,"pop_20_29":12.0,"total_30min":1,"dominant_label":"Uniwersytet Jagielloński","dominant_role":"uniwersytet","politechnika_30min":0,"uniwersytet_30min":1,"medyczny_30min":0},"geometry":{"type":"Polygon","coordinates":[[[19.817034,50.04801],[19.819088,50.050245],[19.823121,50.050217],[19.825099,50.047953],[19.823045,50.045719],[19.819012,50.045747],[19.817034,50.04801]]]}},{"type":"Feature","properties":{"hex_id":60,"pop_20_29":21.0,"total_30min":1,"dominant_label":"Uniwersytet Jagielloński","dominant_role":"uniwersytet","politechnika_30min":0,"uniwersytet_30min":1,"medyczny_30min":0},"geometry":{"type":"Polygon","coordinates":[[[19.816957,50.043513],[19.819012,50.045747],[19.823045,50.045719],[19.825022,50.043455],[19.822968,50.041221],[19.818935,50.041249],[19.816957,50.043513]]]}},{"type":"Feature","properties":{"hex_id":77,"pop_20_29":69.0,"total_30min":1,"dominant_label":"Uniwersytet Jagielloński","dominant_role":"uniwersytet","politechnika_30min":0,"uniwersytet_30min":1,"medyczny_30min":0},"geometry":{"type":"Polygon","coordinates":[[[19.823198,50.054714],[19.825254,50.056949],[19.829287,50.05692],[19.831265,50.054657],[19.82921,50.052422],[19.825177,50.052451],[19.823198,50.054714]]]}},{"type":"Feature","properties":{"hex_id":79,"pop_20_29":18.0,"total_30min":1,"dominant_label":"Uniwersytet Jagielloński","dominant_role":"uniwersytet","politechnika_30min":0,"uniwersytet_30min":1,"medyczny_30min":0},"geometry":{"type":"Polygon","coordinates":[[[19.823045,50.045719],[19.825099,50.047953],[19.829132,50.047925],[19.83111,50.045661],[19.829055,50.043427],[19.825022,50.043455],[19.823045,50.045719]]]}},{"type":"Feature","properties":{"hex_id":95,"pop_20_29":48.0,"total_30min":1,"dominant_label":"Uniwersytet Jagielloński","dominant_role":"uniwersytet","politechnika_30min":0,"uniwersytet_30min":1,"medyczny_30min":0},"geometry":{"type":"Polygon","coordinates":[[[19.82952,50.070414],[19.831576,50.072648],[19.835611,50.072619],[19.837589,50.070356],[19.835533,50.068122],[19.831498,50.068151],[19.82952,50.070414]]]}},{"type":"Feature","properties":{"hex_id":101,"pop_20_29":37.0,"total_30min":1,"dominant_label":"Uniwersytet Jagielloński","dominant_role":"uniwersytet","politechnika_30min":0,"uniwersytet_30min":1,"medyczny_30min":0},"geometry":{"type":"Polygon","coordinates":[[[19.829055,50.043427],[19.83111,50.045661],[19.835142,50.045632],[19.83712,50.043369],[19.835064,50.041134],[19.831032,50.041163],[19.829055,50.043427]]]}},{"type":"Feature","properties":{"hex_id":119,"pop_20_29":54.0,"total_30min":1,"dominant_label":"Uniwersytet Jagielloński","dominant_role":"uniwersytet","politechnika_30min":0,"uniwersytet_30min":1,"medyczny_30min":0},"geometry":{"type":"Polygon","coordinates":[[[19.835455,50.063624],[19.837511,50.065858],[19.841545,50.065829],[19.843523,50.063565],[19.841467,50.061331],[19.837433,50.06136],[19.835455,50.063624]]]}},{"type":"Feature","properties":{"hex_id":140,"pop_20_29":33.0,"total_30min":1,"dominant_label":"Uniwersytet Jagielloński","dominant_role":"uniwersytet","politechnika_30min":0,"uniwersytet_30min":1,"medyczny_30min":0},"geometry":{"type":"Polygon","coordinates":[[[19.841624,50.070327],[19.843681,50.072561],[19.847716,50.072532],[19.849693,50.070268],[19.847636,50.068034],[19.843602,50.068063],[19.841624,50.070327]]]}},{"type":"Feature","properties":{"hex_id":164,"pop_20_29":73.0,"total_30min":3,"dominant_label":"Uniwersytet Jagielloński","dominant_role":"uniwersytet","politechnika_30min":0,"uniwersytet_30min":3,"medyczny_30min":0},"geometry":{"type":"Polygon","coordinates":[[[19.847636,50.068034],[19.849693,50.070268],[19.853728,50.070238],[19.855705,50.067975],[19.853648,50.065741],[19.849614,50.06577],[19.847636,50.068034]]]}},{"type":"Feature","properties":{"hex_id":189,"pop_20_29":27.0,"total_30min":7,"dominant_label":"Uniwersytet Jagielloński","dominant_role":"uniwersytet","politechnika_30min":0,"uniwersytet_30min":7,"medyczny_30min":0},"geometry":{"type":"Polygon","coordinates":[[[19.853728,50.070238],[19.855785,50.072472],[19.85982,50.072443],[19.861797,50.070179],[19.85974,50.067945],[19.855705,50.067975],[19.853728,50.070238]]]}},{"type":"Feature","properties":{"hex_id":190,"pop_20_29":22.0,"total_30min":1,"dominant_label":"Uniwersytet Jagielloński","dominant_role":"uniwersytet","politechnika_30min":0,"uniwersytet_30min":1,"medyczny_30min":0},"geometry":{"type":"Polygon","coordinates":[[[19.853648,50.065741],[19.855705,50.067975],[19.85974,50.067945],[19.861717,50.065681],[19.859659,50.063447],[19.855625,50.063477],[19.853648,50.065741]]]}},{"type":"Feature","properties":{"hex_id":218,"pop_20_29":37.0,"total_30min":3,"dominant_label":"Uniwersytet Jagielloński","dominant_role":"uniwersytet","politechnika_30min":0,"uniwersytet_30min":3,"medyczny_30min":0},"geometry":{"type":"Polygon","coordinates":[[[19.85974,50.067945],[19.861797,50.070179],[19.865832,50.070149],[19.867809,50.067885],[19.865751,50.065651],[19.861717,50.065681],[19.85974,50.067945]]]}},{"type":"Feature","properties":{"hex_id":219,"pop_20_29":22.0,"total_30min":1,"dominant_label":"Uniwersytet Jagielloński","dominant_role":"uniwersytet","politechnika_30min":0,"uniwersytet_30min":1,"medyczny_30min":0},"geometry":{"type":"Polygon","coordinates":[[[19.859659,50.063447],[19.861717,50.065681],[19.865751,50.065651],[19.867727,50.063387],[19.86567,50.061153],[19.861636,50.061183],[19.859659,50.063447]]]}},{"type":"Feature","properties":{"hex_id":247,"pop_20_29":24.0,"total_30min":4,"dominant_label":"Politechnika Krakowska","dominant_role":"politechnika","politechnika_30min":3,"uniwersytet_30min":1,"medyczny_30min":0},"geometry":{"type":"Polygon","coordinates":[[[19.865994,50.079144],[19.868052,50.081378],[19.872088,50.081348],[19.874065,50.079084],[19.872006,50.07685],[19.867971,50.07688],[19.865994,50.079144]]]}},{"type":"Feature","properties":{"hex_id":250,"pop_20_29":27.0,"total_30min":3,"dominant_label":"Uniwersytet Jagielloński","dominant_role":"uniwersytet","politechnika_30min":0,"uniwersytet_30min":3,"medyczny_30min":0},"geometry":{"type":"Polygon","coordinates":[[[19.865751,50.065651],[19.867809,50.067885],[19.871843,50.067855],[19.873819,50.06559],[19.871761,50.063357],[19.867727,50.063387],[19.865751,50.065651]]]}},{"type":"Feature","properties":{"hex_id":280,"pop_20_29":16.0,"total_30min":11,"dominant_label":"Uniwersytet Jagielloński","dominant_role":"uniwersytet","politechnika_30min":3,"uniwersytet_30min":8,"medyczny_30min":0},"geometry":{"type":"Polygon","coordinates":[[[19.872088,50.081348],[19.874146,50.083582],[19.878182,50.083551],[19.880159,50.081287],[19.8781,50.079053],[19.874065,50.079084],[19.872088,50.081348]]]}},{"type":"Feature","properties":{"hex_id":281,"pop_20_29":80.0,"total_30min":1,"dominant_label":"Politechnika Krakowska","dominant_role":"politechnika","politechnika_30min":1,"uniwersytet_30min":0,"medyczny_30min":0},"geometry":{"type":"Polygon","coordinates":[[[19.872006,50.07685],[19.874065,50.079084],[19.8781,50.079053],[19.880076,50.076789],[19.878018,50.074556],[19.873983,50.074586],[19.872006,50.07685]]]}},{"type":"Feature","properties":{"hex_id":283,"pop_20_29":35.0,"total_30min":1,"dominant_label":"Uniwersytet Jagielloński","dominant_role":"uniwersytet","politechnika_30min":0,"uniwersytet_30min":1,"medyczny_30min":0},"geometry":{"type":"Polygon","coordinates":[[[19.871843,50.067855],[19.873901,50.070088],[19.877936,50.070058],[19.879912,50.067794],[19.877854,50.06556],[19.873819,50.06559],[19.871843,50.067855]]]}},{"type":"Feature","properties":{"hex_id":284,"pop_20_29":31.0,"total_30min":7,"dominant_label":"Uniwersytet Jagielloński","dominant_role":"uniwersytet","politechnika_30min":0,"uniwersytet_30min":7,"medyczny_30min":0},"geometry":{"type":"Polygon","coordinates":[[[19.871761,50.063357],[19.873819,50.06559],[19.877854,50.06556],[19.879829,50.063296],[19.877771,50.061062],[19.873738,50.061093],[19.871761,50.063357]]]}},{"type":"Feature","properties":{"hex_id":295,"pop_20_29":53.0,"total_30min":1,"dominant_label":"Uniwersytet Jagielloński","dominant_role":"uniwersytet","politechnika_30min":0,"uniwersytet_30min":1,"medyczny_30min":0},"geometry":{"type":"Polygon","coordinates":[[[19.870866,50.013881],[19.872922,50.016114],[19.876952,50.016084],[19.878926,50.01382],[19.87687,50.011586],[19.87284,50.011617],[19.870866,50.013881]]]}},{"type":"Feature","properties":{"hex_id":296,"pop_20_29":51.0,"total_30min":2,"dominant_label":"Uniwersytet Jagielloński","dominant_role":"uniwersytet","politechnika_30min":0,"uniwersytet_30min":2,"medyczny_30min":0},"geometry":{"type":"Polygon","coordinates":[[[19.870785,50.009383],[19.87284,50.011617],[19.87687,50.011586],[19.878844,50.009322],[19.876788,50.007088],[19.872759,50.007119],[19.870785,50.009383]]]}},{"type":"Feature","properties":{"hex_id":313,"pop_20_29":49.0,"total_30min":4,"dominant_label":"Politechnika Krakowska","dominant_role":"politechnika","politechnika_30min":3,"uniwersytet_30min":1,"medyczny_30min":0},"geometry":{"type":"Polygon","coordinates":[[[19.878264,50.088049],[19.880324,50.090283],[19.88436,50.090252],[19.886336,50.087988],[19.884277,50.085754],[19.880241,50.085785],[19.878264,50.088049]]]}},{"type":"Feature","properties":{"hex_id":314,"pop_20_29":207.0,"total_30min":4,"dominant_label":"Politechnika Krakowska","dominant_role":"politechnika","politechnika_30min":3,"uniwersytet_30min":1,"medyczny_30min":0},"geometry":{"type":"Polygon","coordinates":[[[19.878182,50.083551],[19.880241,50.085785],[19.884277,50.085754],[19.886254,50.08349],[19.884194,50.081256],[19.880159,50.081287],[19.878182,50.083551]]]}},{"type":"Feature","properties":{"hex_id":315,"pop_20_29":394.0,"total_30min":10,"dominant_label":"Uniwersytet Jagielloński","dominant_role":"uniwersytet","politechnika_30min":3,"uniwersytet_30min":7,"medyczny_30min":0},"geometry":{"type":"Polygon","coordinates":[[[19.8781,50.079053],[19.880159,50.081287],[19.884194,50.081256],[19.886171,50.078992],[19.884112,50.076759],[19.880076,50.076789],[19.8781,50.079053]]]}},{"type":"Feature","properties":{"hex_id":316,"pop_20_29":77.0,"total_30min":1,"dominant_label":"Uniwersytet Jagielloński","dominant_role":"uniwersytet","politechnika_30min":0,"uniwersytet_30min":1,"medyczny_30min":0},"geometry":{"type":"Polygon","coordinates":[[[19.878018,50.074556],[19.880076,50.076789],[19.884112,50.076759],[19.886088,50.074494],[19.884029,50.072261],[19.879994,50.072291],[19.878018,50.074556]]]}},{"type":"Feature","properties":{"hex_id":318,"pop_20_29":46.0,"total_30min":13,"dominant_label":"Uniwersytet Jagielloński","dominant_role":"uniwersytet","politechnika_30min":0,"uniwersytet_30min":13,"medyczny_30min":0},"geometry":{"type":"Polygon","coordinates":[[[19.877854,50.06556],[19.879912,50.067794],[19.883946,50.067763],[19.885922,50.065499],[19.883864,50.063265],[19.879829,50.063296],[19.877854,50.06556]]]}},{"type":"Feature","properties":{"hex_id":319,"pop_20_29":20.0,"total_30min":1,"dominant_label":"Uniwersytet Jagielloński","dominant_role":"uniwersytet","politechnika_30min":0,"uniwersytet_30min":1,"medyczny_30min":0},"geometry":{"type":"Polygon","coordinates":[[[19.877771,50.061062],[19.879829,50.063296],[19.883864,50.063265],[19.885839,50.061001],[19.883781,50.058767],[19.879747,50.058798],[19.877771,50.061062]]]}},{"type":"Feature","properties":{"hex_id":329,"pop_20_29":125.0,"total_30min":14,"dominant_label":"Uniwersytet Jagielloński","dominant_role":"uniwersytet","politechnika_30min":0,"uniwersytet_30min":14,"medyczny_30min":0},"geometry":{"type":"Polygon","coordinates":[[[19.876952,50.016084],[19.879008,50.018318],[19.883038,50.018287],[19.885012,50.016023],[19.882956,50.013789],[19.878926,50.01382],[19.876952,50.016084]]]}},{"type":"Feature","properties":{"hex_id":330,"pop_20_29":189.0,"total_30min":1,"dominant_label":"Uniwersytet Jagielloński","dominant_role":"uniwersytet","politechnika_30min":0,"uniwersytet_30min":1,"medyczny_30min":0},"geometry":{"type":"Polygon","coordinates":[[[19.87687,50.011586],[19.878926,50.01382],[19.882956,50.013789],[19.884929,50.011525],[19.882873,50.009291],[19.878844,50.009322],[19.87687,50.011586]]]}},{"type":"Feature","properties":{"hex_id":348,"pop_20_29":165.0,"total_30min":6,"dominant_label":"Politechnika Krakowska","dominant_role":"politechnika","politechnika_30min":3,"uniwersytet_30min":3,"medyczny_30min":0},"geometry":{"type":"Polygon","coordinates":[[[19.884277,50.085754],[19.886336,50.087988],[19.890373,50.087957],[19.892349,50.085692],[19.890289,50.083459],[19.886254,50.08349],[19.884277,50.085754]]]}},{"type":"Feature","properties":{"hex_id":349,"pop_20_29":228.0,"total_30min":33,"dominant_label":"Uniwersytet Jagielloński","dominant_role":"uniwersytet","politechnika_30min":16,"uniwersytet_30min":17,"medyczny_30min":0},"geometry":{"type":"Polygon","coordinates":[[[19.884194,50.081256],[19.886254,50.08349],[19.890289,50.083459],[19.892265,50.081195],[19.890206,50.078961],[19.886171,50.078992],[19.884194,50.081256]]]}},{"type":"Feature","properties":{"hex_id":350,"pop_20_29":199.0,"total_30min":26,"dominant_label":"Politechnika Krakowska","dominant_role":"politechnika","politechnika_30min":14,"uniwersytet_30min":12,"medyczny_30min":0},"geometry":{"type":"Polygon","coordinates":[[[19.884112,50.076759],[19.886171,50.078992],[19.890206,50.078961],[19.892182,50.076697],[19.890123,50.074463],[19.886088,50.074494],[19.884112,50.076759]]]}},{"type":"Feature","properties":{"hex_id":351,"pop_20_29":118.0,"total_30min":11,"dominant_label":"Uniwersytet Jagielloński","dominant_role":"uniwersytet","politechnika_30min":3,"uniwersytet_30min":8,"medyczny_30min":0},"geometry":{"type":"Polygon","coordinates":[[[19.884029,50.072261],[19.886088,50.074494],[19.890123,50.074463],[19.892098,50.072199],[19.890039,50.069966],[19.886005,50.069996],[19.884029,50.072261]]]}},{"type":"Feature","properties":{"hex_id":353,"pop_20_29":85.0,"total_30min":13,"dominant_label":"Uniwersytet Jagielloński","dominant_role":"uniwersytet","politechnika_30min":0,"uniwersytet_30min":13,"medyczny_30min":0},"geometry":{"type":"Polygon","coordinates":[[[19.883864,50.063265],[19.885922,50.065499],[19.889956,50.065468],[19.891932,50.063203],[19.889873,50.06097],[19.885839,50.061001],[19.883864,50.063265]]]}},{"type":"Feature","properties":{"hex_id":354,"pop_20_29":32.0,"total_30min":4,"dominant_label":"Uniwersytet Jagielloński","dominant_role":"uniwersytet","politechnika_30min":0,"uniwersytet_30min":4,"medyczny_30min":0},"geometry":{"type":"Polygon","coordinates":[[[19.883781,50.058767],[19.885839,50.061001],[19.889873,50.06097],[19.891848,50.058706],[19.88979,50.056472],[19.885756,50.056503],[19.883781,50.058767]]]}},{"type":"Feature","properties":{"hex_id":362,"pop_20_29":43.0,"total_30min":5,"dominant_label":"Uniwersytet Jagielloński","dominant_role":"uniwersytet","politechnika_30min":0,"uniwersytet_30min":5,"medyczny_30min":0},"geometry":{"type":"Polygon","coordinates":[[[19.883121,50.022785],[19.885177,50.025018],[19.889208,50.024988],[19.891182,50.022723],[19.889125,50.02049],[19.885094,50.020521],[19.883121,50.022785]]]}},{"type":"Feature","properties":{"hex_id":363,"pop_20_29":87.0,"total_30min":14,"dominant_label":"Uniwersytet Jagielloński","dominant_role":"uniwersytet","politechnika_30min":0,"uniwersytet_30min":14,"medyczny_30min":0},"geometry":{"type":"Polygon","coordinates":[[[19.883038,50.018287],[19.885094,50.020521],[19.889125,50.02049],[19.891099,50.018225],[19.889042,50.015992],[19.885012,50.016023],[19.883038,50.018287]]]}},{"type":"Feature","properties":{"hex_id":364,"pop_20_29":429.0,"total_30min":14,"dominant_label":"Uniwersytet Jagielloński","dominant_role":"uniwersytet","politechnika_30min":0,"uniwersytet_30min":14,"medyczny_30min":0},"geometry":{"type":"Polygon","coordinates":[[[19.882956,50.013789],[19.885012,50.016023],[19.889042,50.015992],[19.891015,50.013728],[19.888959,50.011494],[19.884929,50.011525],[19.882956,50.013789]]]}},{"type":"Feature","properties":{"hex_id":365,"pop_20_29":134.0,"total_30min":5,"dominant_label":"Uniwersytet Jagielloński","dominant_role":"uniwersytet","politechnika_30min":0,"uniwersytet_30min":5,"medyczny_30min":0},"geometry":{"type":"Polygon","coordinates":[[[19.882873,50.009291],[19.884929,50.011525],[19.888959,50.011494],[19.890932,50.00923],[19.888876,50.006996],[19.884847,50.007027],[19.882873,50.009291]]]}},{"type":"Feature","properties":{"hex_id":381,"pop_20_29":55.0,"total_30min":6,"dominant_label":"Politechnika Krakowska","dominant_role":"politechnika","politechnika_30min":3,"uniwersytet_30min":3,"medyczny_30min":0},"geometry":{"type":"Polygon","coordinates":[[[19.890373,50.087957],[19.892432,50.09019],[19.896469,50.090159],[19.898445,50.087895],[19.896385,50.085661],[19.892349,50.085692],[19.890373,50.087957]]]}},{"type":"Feature","properties":{"hex_id":382,"pop_20_29":356.0,"total_30min":5,"dominant_label":"Politechnika Krakowska","dominant_role":"politechnika","politechnika_30min":3,"uniwersytet_30min":2,"medyczny_30min":0},"geometry":{"type":"Polygon","coordinates":[[[19.890289,50.083459],[19.892349,50.085692],[19.896385,50.085661],[19.898361,50.083397],[19.896301,50.081163],[19.892265,50.081195],[19.890289,50.083459]]]}},{"type":"Feature","properties":{"hex_id":383,"pop_20_29":653.0,"total_30min":15,"dominant_label":"Uniwersytet Jagielloński","dominant_role":"uniwersytet","politechnika_30min":4,"uniwersytet_30min":11,"medyczny_30min":0},"geometry":{"type":"Polygon","coordinates":[[[19.890206,50.078961],[19.892265,50.081195],[19.896301,50.081163],[19.898277,50.078899],[19.896217,50.076666],[19.892182,50.076697],[19.890206,50.078961]]]}},{"type":"Feature","properties":{"hex_id":384,"pop_20_29":273.0,"total_30min":10,"dominant_label":"Uniwersytet Jagielloński","dominant_role":"uniwersytet","politechnika_30min":3,"uniwersytet_30min":7,"medyczny_30min":0},"geometry":{"type":"Polygon","coordinates":[[[19.890123,50.074463],[19.892182,50.076697],[19.896217,50.076666],[19.898193,50.074401],[19.896133,50.072168],[19.892098,50.072199],[19.890123,50.074463]]]}},{"type":"Feature","properties":{"hex_id":385,"pop_20_29":21.0,"total_30min":19,"dominant_label":"Uniwersytet Jagielloński","dominant_role":"uniwersytet","politechnika_30min":9,"uniwersytet_30min":10,"medyczny_30min":0},"geometry":{"type":"Polygon","coordinates":[[[19.890039,50.069966],[19.892098,50.072199],[19.896133,50.072168],[19.898109,50.069903],[19.896049,50.06767],[19.892015,50.067701],[19.890039,50.069966]]]}},{"type":"Feature","properties":{"hex_id":387,"pop_20_29":52.0,"total_30min":15,"dominant_label":"Uniwersytet Jagielloński","dominant_role":"uniwersytet","politechnika_30min":1,"uniwersytet_30min":14,"medyczny_30min":0},"geometry":{"type":"Polygon","coordinates":[[[19.889873,50.06097],[19.891932,50.063203],[19.895966,50.063172],[19.897941,50.060908],[19.895882,50.058675],[19.891848,50.058706],[19.889873,50.06097]]]}},{"type":"Feature","properties":{"hex_id":388,"pop_20_29":26.0,"total_30min":12,"dominant_label":"Uniwersytet Jagielloński","dominant_role":"uniwersytet","politechnika_30min":0,"uniwersytet_30min":12,"medyczny_30min":0},"geometry":{"type":"Polygon","coordinates":[[[19.88979,50.056472],[19.891848,50.058706],[19.895882,50.058675],[19.897857,50.05641],[19.895798,50.054177],[19.891765,50.054208],[19.88979,50.056472]]]}},{"type":"Feature","properties":{"hex_id":393,"pop_20_29":54.0,"total_30min":14,"dominant_label":"Uniwersytet Jagielloński","dominant_role":"uniwersytet","politechnika_30min":0,"uniwersytet_30min":14,"medyczny_30min":0},"geometry":{"type":"Polygon","coordinates":[[[19.889374,50.033983],[19.891432,50.036217],[19.895463,50.036186],[19.897437,50.033921],[19.89538,50.031688],[19.891348,50.031719],[19.889374,50.033983]]]}},{"type":"Feature","properties":{"hex_id":394,"pop_20_29":65.0,"total_30min":14,"dominant_label":"Uniwersytet Jagielloński","dominant_role":"uniwersytet","politechnika_30min":0,"uniwersytet_30min":14,"medyczny_30min":0},"geometry":{"type":"Polygon","coordinates":[[[19.889291,50.029485],[19.891348,50.031719],[19.89538,50.031688],[19.897353,50.029423],[19.895296,50.02719],[19.891265,50.027221],[19.889291,50.029485]]]}},{"type":"Feature","properties":{"hex_id":397,"pop_20_29":613.0,"total_30min":14,"dominant_label":"Uniwersytet Jagielloński","dominant_role":"uniwersytet","politechnika_30min":0,"uniwersytet_30min":14,"medyczny_30min":0},"geometry":{"type":"Polygon","coordinates":[[[19.889042,50.015992],[19.891099,50.018225],[19.895129,50.018194],[19.897102,50.01593],[19.895045,50.013697],[19.891015,50.013728],[19.889042,50.015992]]]}},{"type":"Feature","properties":{"hex_id":398,"pop_20_29":243.0,"total_30min":9,"dominant_label":"Uniwersytet Jagielloński","dominant_role":"uniwersytet","politechnika_30min":0,"uniwersytet_30min":9,"medyczny_30min":0},"geometry":{"type":"Polygon","coordinates":[[[19.888959,50.011494],[19.891015,50.013728],[19.895045,50.013697],[19.897018,50.011432],[19.894962,50.009199],[19.890932,50.00923],[19.888959,50.011494]]]}},{"type":"Feature","properties":{"hex_id":399,"pop_20_29":34.0,"total_30min":7,"dominant_label":"Uniwersytet Jagielloński","dominant_role":"uniwersytet","politechnika_30min":0,"uniwersytet_30min":7,"medyczny_30min":0},"geometry":{"type":"Polygon","coordinates":[[[19.888876,50.006996],[19.890932,50.00923],[19.894962,50.009199],[19.896935,50.006934],[19.894878,50.004701],[19.890849,50.004732],[19.888876,50.006996]]]}},{"type":"Feature","properties":{"hex_id":415,"pop_20_29":140.0,"total_30min":11,"dominant_label":"Uniwersytet Jagielloński","dominant_role":"uniwersytet","politechnika_30min":3,"uniwersytet_30min":8,"medyczny_30min":0},"geometry":{"type":"Polygon","coordinates":[[[19.896301,50.081163],[19.898361,50.083397],[19.902396,50.083365],[19.904372,50.081101],[19.902312,50.078868],[19.898277,50.078899],[19.896301,50.081163]]]}},{"type":"Feature","properties":{"hex_id":416,"pop_20_29":405.0,"total_30min":35,"dominant_label":"Politechnika Krakowska","dominant_role":"politechnika","politechnika_30min":18,"uniwersytet_30min":17,"medyczny_30min":0},"geometry":{"type":"Polygon","coordinates":[[[19.896217,50.076666],[19.898277,50.078899],[19.902312,50.078868],[19.904287,50.076603],[19.902228,50.07437],[19.898193,50.074401],[19.896217,50.076666]]]}},{"type":"Feature","properties":{"hex_id":417,"pop_20_29":202.0,"total_30min":25,"dominant_label":"Uniwersytet Jagielloński","dominant_role":"uniwersytet","politechnika_30min":12,"uniwersytet_30min":13,"medyczny_30min":0},"geometry":{"type":"Polygon","coordinates":[[[19.896133,50.072168],[19.898193,50.074401],[19.902228,50.07437],[19.904203,50.072105],[19.902143,50.069872],[19.898109,50.069903],[19.896133,50.072168]]]}},{"type":"Feature","properties":{"hex_id":418,"pop_20_29":288.0,"total_30min":20,"dominant_label":"Uniwersytet Jagielloński","dominant_role":"uniwersytet","politechnika_30min":5,"uniwersytet_30min":15,"medyczny_30min":0},"geometry":{"type":"Polygon","coordinates":[[[19.896049,50.06767],[19.898109,50.069903],[19.902143,50.069872],[19.904118,50.067608],[19.902059,50.065374],[19.898025,50.065406],[19.896049,50.06767]]]}},{"type":"Feature","properties":{"hex_id":420,"pop_20_29":41.0,"total_30min":13,"dominant_label":"Uniwersytet Jagielloński","dominant_role":"uniwersytet","politechnika_30min":0,"uniwersytet_30min":13,"medyczny_30min":0},"geometry":{"type":"Polygon","coordinates":[[[19.895882,50.058675],[19.897941,50.060908],[19.901974,50.060877],[19.903949,50.058612],[19.90189,50.056379],[19.897857,50.05641],[19.895882,50.058675]]]}},{"type":"Feature","properties":{"hex_id":421,"pop_20_29":7.0,"total_30min":12,"dominant_label":"Uniwersytet Jagielloński","dominant_role":"uniwersytet","politechnika_30min":0,"uniwersytet_30min":12,"medyczny_30min":0},"geometry":{"type":"Polygon","coordinates":[[[19.895798,50.054177],[19.897857,50.05641],[19.90189,50.056379],[19.903865,50.054114],[19.901806,50.051881],[19.897773,50.051912],[19.895798,50.054177]]]}},{"type":"Feature","properties":{"hex_id":422,"pop_20_29":9.0,"total_30min":8,"dominant_label":"Uniwersytet Jagielloński","dominant_role":"uniwersytet","politechnika_30min":0,"uniwersytet_30min":8,"medyczny_30min":0},"geometry":{"type":"Polygon","coordinates":[[[19.895714,50.049679],[19.897773,50.051912],[19.901806,50.051881],[19.90378,50.049617],[19.901721,50.047383],[19.897689,50.047415],[19.895714,50.049679]]]}},{"type":"Feature","properties":{"hex_id":425,"pop_20_29":56.0,"total_30min":14,"dominant_label":"Uniwersytet Jagielloński","dominant_role":"uniwersytet","politechnika_30min":0,"uniwersytet_30min":14,"medyczny_30min":0},"geometry":{"type":"Polygon","coordinates":[[[19.895463,50.036186],[19.897521,50.038419],[19.901553,50.038388],[19.903527,50.036123],[19.901469,50.03389],[19.897437,50.033921],[19.895463,50.036186]]]}},{"type":"Feature","properties":{"hex_id":426,"pop_20_29":96.0,"total_30min":14,"dominant_label":"Uniwersytet Jagielloński","dominant_role":"uniwersytet","politechnika_30min":0,"uniwersytet_30min":14,"medyczny_30min":0},"geometry":{"type":"Polygon","coordinates":[[[19.89538,50.031688],[19.897437,50.033921],[19.901469,50.03389],[19.903442,50.031625],[19.901385,50.029392],[19.897353,50.029423],[19.89538,50.031688]]]}},{"type":"Feature","properties":{"hex_id":428,"pop_20_29":277.0,"total_30min":14,"dominant_label":"Uniwersytet Jagielloński","dominant_role":"uniwersytet","politechnika_30min":0,"uniwersytet_30min":14,"medyczny_30min":0},"geometry":{"type":"Polygon","coordinates":[[[19.895212,50.022692],[19.89727,50.024926],[19.9013,50.024894],[19.903274,50.02263],[19.901216,50.020397],[19.897186,50.020428],[19.895212,50.022692]]]}},{"type":"Feature","properties":{"hex_id":429,"pop_20_29":511.0,"total_30min":14,"dominant_label":"Uniwersytet Jagielloński","dominant_role":"uniwersytet","politechnika_30min":0,"uniwersytet_30min":14,"medyczny_30min":0},"geometry":{"type":"Polygon","coordinates":[[[19.895129,50.018194],[19.897186,50.020428],[19.901216,50.020397],[19.903189,50.018132],[19.901132,50.015899],[19.897102,50.01593],[19.895129,50.018194]]]}},{"type":"Feature","properties":{"hex_id":430,"pop_20_29":222.0,"total_30min":11,"dominant_label":"Uniwersytet Jagielloński","dominant_role":"uniwersytet","politechnika_30min":0,"uniwersytet_30min":11,"medyczny_30min":0},"geometry":{"type":"Polygon","coordinates":[[[19.895045,50.013697],[19.897102,50.01593],[19.901132,50.015899],[19.903105,50.013634],[19.901048,50.011401],[19.897018,50.011432],[19.895045,50.013697]]]}},{"type":"Feature","properties":{"hex_id":431,"pop_20_29":11.0,"total_30min":1,"dominant_label":"Uniwersytet Jagielloński","dominant_role":"uniwersytet","politechnika_30min":0,"uniwersytet_30min":1,"medyczny_30min":0},"geometry":{"type":"Polygon","coordinates":[[[19.894962,50.009199],[19.897018,50.011432],[19.901048,50.011401],[19.903021,50.009136],[19.900964,50.006903],[19.896935,50.006934],[19.894962,50.009199]]]}},{"type":"Feature","properties":{"hex_id":446,"pop_20_29":388.0,"total_30min":7,"dominant_label":"Politechnika Krakowska","dominant_role":"politechnika","politechnika_30min":6,"uniwersytet_30min":1,"medyczny_30min":0},"geometry":{"type":"Polygon","coordinates":[[[19.902481,50.087863],[19.904541,50.090096],[19.908577,50.090065],[19.910553,50.0878],[19.908492,50.085567],[19.904457,50.085599],[19.902481,50.087863]]]}},{"type":"Feature","properties":{"hex_id":447,"pop_20_29":342.0,"total_30min":6,"dominant_label":"Politechnika Krakowska","dominant_role":"politechnika","politechnika_30min":4,"uniwersytet_30min":2,"medyczny_30min":0},"geometry":{"type":"Polygon","coordinates":[[[19.902396,50.083365],[19.904457,50.085599],[19.908492,50.085567],[19.910468,50.083302],[19.908407,50.081069],[19.904372,50.081101],[19.902396,50.083365]]]}},{"type":"Feature","properties":{"hex_id":448,"pop_20_29":363.0,"total_30min":15,"dominant_label":"Uniwersytet Jagielloński","dominant_role":"uniwersytet","politechnika_30min":4,"uniwersytet_30min":11,"medyczny_30min":0},"geometry":{"type":"Polygon","coordinates":[[[19.902312,50.078868],[19.904372,50.081101],[19.908407,50.081069],[19.910383,50.078805],[19.908322,50.076572],[19.904287,50.076603],[19.902312,50.078868]]]}},{"type":"Feature","properties":{"hex_id":449,"pop_20_29":320.0,"total_30min":38,"dominant_label":"Politechnika Krakowska","dominant_role":"politechnika","politechnika_30min":20,"uniwersytet_30min":18,"medyczny_30min":0},"geometry":{"type":"Polygon","coordinates":[[[19.902228,50.07437],[19.904287,50.076603],[19.908322,50.076572],[19.910297,50.074307],[19.908237,50.072074],[19.904203,50.072105],[19.902228,50.07437]]]}},{"type":"Feature","properties":{"hex_id":450,"pop_20_29":643.0,"total_30min":37,"dominant_label":"Politechnika Krakowska","dominant_role":"politechnika","politechnika_30min":20,"uniwersytet_30min":17,"medyczny_30min":0},"geometry":{"type":"Polygon","coordinates":[[[19.902143,50.069872],[19.904203,50.072105],[19.908237,50.072074],[19.910212,50.069809],[19.908152,50.067576],[19.904118,50.067608],[19.902143,50.069872]]]}},{"type":"Feature","properties":{"hex_id":451,"pop_20_29":152.0,"total_30min":20,"dominant_label":"Uniwersytet Jagielloński","dominant_role":"uniwersytet","politechnika_30min":4,"uniwersytet_30min":16,"medyczny_30min":0},"geometry":{"type":"Polygon","coordinates":[[[19.902059,50.065374],[19.904118,50.067608],[19.908152,50.067576],[19.910127,50.065311],[19.908068,50.063078],[19.904034,50.06311],[19.902059,50.065374]]]}},{"type":"Feature","properties":{"hex_id":453,"pop_20_29":71.0,"total_30min":29,"dominant_label":"Uniwersytet Jagielloński","dominant_role":"uniwersytet","politechnika_30min":12,"uniwersytet_30min":17,"medyczny_30min":0},"geometry":{"type":"Polygon","coordinates":[[[19.90189,50.056379],[19.903949,50.058612],[19.907983,50.058581],[19.909957,50.056316],[19.907898,50.054083],[19.903865,50.054114],[19.90189,50.056379]]]}},{"type":"Feature","properties":{"hex_id":454,"pop_20_29":20.0,"total_30min":1,"dominant_label":"Uniwersytet Jagielloński","dominant_role":"uniwersytet","politechnika_30min":0,"uniwersytet_30min":1,"medyczny_30min":0},"geometry":{"type":"Polygon","coordinates":[[[19.901806,50.051881],[19.903865,50.054114],[19.907898,50.054083],[19.909872,50.051818],[19.907813,50.049585],[19.90378,50.049617],[19.901806,50.051881]]]}},{"type":"Feature","properties":{"hex_id":455,"pop_20_29":29.0,"total_30min":1,"dominant_label":"Uniwersytet Jagielloński","dominant_role":"uniwersytet","politechnika_30min":0,"uniwersytet_30min":1,"medyczny_30min":0},"geometry":{"type":"Polygon","coordinates":[[[19.901721,50.047383],[19.90378,50.049617],[19.907813,50.049585],[19.909787,50.04732],[19.907728,50.045087],[19.903696,50.045119],[19.901721,50.047383]]]}},{"type":"Feature","properties":{"hex_id":457,"pop_20_29":23.0,"total_30min":13,"dominant_label":"Uniwersytet Jagielloński","dominant_role":"uniwersytet","politechnika_30min":0,"uniwersytet_30min":13,"medyczny_30min":0},"geometry":{"type":"Polygon","coordinates":[[[19.901553,50.038388],[19.903611,50.040621],[19.907643,50.04059],[19.909617,50.038325],[19.907558,50.036092],[19.903527,50.036123],[19.901553,50.038388]]]}},{"type":"Feature","properties":{"hex_id":459,"pop_20_29":46.0,"total_30min":14,"dominant_label":"Uniwersytet Jagielloński","dominant_role":"uniwersytet","politechnika_30min":0,"uniwersytet_30min":14,"medyczny_30min":0},"geometry":{"type":"Polygon","coordinates":[[[19.901385,50.029392],[19.903442,50.031625],[19.907474,50.031594],[19.909447,50.029329],[19.907389,50.027096],[19.903358,50.027128],[19.901385,50.029392]]]}},{"type":"Feature","properties":{"hex_id":460,"pop_20_29":690.0,"total_30min":14,"dominant_label":"Uniwersytet Jagielloński","dominant_role":"uniwersytet","politechnika_30min":0,"uniwersytet_30min":14,"medyczny_30min":0},"geometry":{"type":"Polygon","coordinates":[[[19.9013,50.024894],[19.903358,50.027128],[19.907389,50.027096],[19.909362,50.024831],[19.907304,50.022598],[19.903274,50.02263],[19.9013,50.024894]]]}},{"type":"Feature","properties":{"hex_id":461,"pop_20_29":576.0,"total_30min":14,"dominant_label":"Uniwersytet Jagielloński","dominant_role":"uniwersytet","politechnika_30min":0,"uniwersytet_30min":14,"medyczny_30min":0},"geometry":{"type":"Polygon","coordinates":[[[19.901216,50.020397],[19.903274,50.02263],[19.907304,50.022598],[19.909277,50.020334],[19.907219,50.018101],[19.903189,50.018132],[19.901216,50.020397]]]}},{"type":"Feature","properties":{"hex_id":462,"pop_20_29":146.0,"total_30min":12,"dominant_label":"Uniwersytet Jagielloński","dominant_role":"uniwersytet","politechnika_30min":0,"uniwersytet_30min":12,"medyczny_30min":0},"geometry":{"type":"Polygon","coordinates":[[[19.901132,50.015899],[19.903189,50.018132],[19.907219,50.018101],[19.909192,50.015836],[19.907135,50.013603],[19.903105,50.013634],[19.901132,50.015899]]]}},{"type":"Feature","properties":{"hex_id":464,"pop_20_29":89.0,"total_30min":1,"dominant_label":"Uniwersytet Jagielloński","dominant_role":"uniwersytet","politechnika_30min":0,"uniwersytet_30min":1,"medyczny_30min":0},"geometry":{"type":"Polygon","coordinates":[[[19.900964,50.006903],[19.903021,50.009136],[19.90705,50.009105],[19.909022,50.00684],[19.906965,50.004607],[19.902936,50.004639],[19.900964,50.006903]]]}},{"type":"Feature","properties":{"hex_id":465,"pop_20_29":277.0,"total_30min":1,"dominant_label":"Uniwersytet Jagielloński","dominant_role":"uniwersytet","politechnika_30min":0,"uniwersytet_30min":1,"medyczny_30min":0},"geometry":{"type":"Polygon","coordinates":[[[19.90088,50.002405],[19.902936,50.004639],[19.906965,50.004607],[19.908938,50.002342],[19.906881,50.000109],[19.902852,50.000141],[19.90088,50.002405]]]}},{"type":"Feature","properties":{"hex_id":476,"pop_20_29":312.0,"total_30min":16,"dominant_label":"Politechnika Krakowska","dominant_role":"politechnika","politechnika_30min":13,"uniwersytet_30min":3,"medyczny_30min":0},"geometry":{"type":"Polygon","coordinates":[[[19.908577,50.090065],[19.910638,50.092298],[19.914675,50.092266],[19.91665,50.090001],[19.914589,50.087768],[19.910553,50.0878],[19.908577,50.090065]]]}},{"type":"Feature","properties":{"hex_id":477,"pop_20_29":474.0,"total_30min":12,"dominant_label":"Politechnika Krakowska","dominant_role":"politechnika","politechnika_30min":10,"uniwersytet_30min":2,"medyczny_30min":0},"geometry":{"type":"Polygon","coordinates":[[[19.908492,50.085567],[19.910553,50.0878],[19.914589,50.087768],[19.916564,50.085504],[19.914503,50.083271],[19.910468,50.083302],[19.908492,50.085567]]]}},{"type":"Feature","properties":{"hex_id":478,"pop_20_29":132.0,"total_30min":29,"dominant_label":"Politechnika Krakowska","dominant_role":"politechnika","politechnika_30min":20,"uniwersytet_30min":9,"medyczny_30min":0},"geometry":{"type":"Polygon","coordinates":[[[19.908407,50.081069],[19.910468,50.083302],[19.914503,50.083271],[19.916478,50.081006],[19.914418,50.078773],[19.910383,50.078805],[19.908407,50.081069]]]}},{"type":"Feature","properties":{"hex_id":479,"pop_20_29":155.0,"total_30min":35,"dominant_label":"Politechnika Krakowska","dominant_role":"politechnika","politechnika_30min":18,"uniwersytet_30min":17,"medyczny_30min":0},"geometry":{"type":"Polygon","coordinates":[[[19.908322,50.076572],[19.910383,50.078805],[19.914418,50.078773],[19.916393,50.076508],[19.914332,50.074275],[19.910297,50.074307],[19.908322,50.076572]]]}},{"type":"Feature","properties":{"hex_id":480,"pop_20_29":568.0,"total_30min":38,"dominant_label":"Politechnika Krakowska","dominant_role":"politechnika","politechnika_30min":20,"uniwersytet_30min":18,"medyczny_30min":0},"geometry":{"type":"Polygon","coordinates":[[[19.908237,50.072074],[19.910297,50.074307],[19.914332,50.074275],[19.916307,50.07201],[19.914247,50.069777],[19.910212,50.069809],[19.908237,50.072074]]]}},{"type":"Feature","properties":{"hex_id":481,"pop_20_29":121.0,"total_30min":37,"dominant_label":"Politechnika Krakowska","dominant_role":"politechnika","politechnika_30min":20,"uniwersytet_30min":17,"medyczny_30min":0},"geometry":{"type":"Polygon","coordinates":[[[19.908152,50.067576],[19.910212,50.069809],[19.914247,50.069777],[19.916221,50.067513],[19.914161,50.06528],[19.910127,50.065311],[19.908152,50.067576]]]}},{"type":"Feature","properties":{"hex_id":482,"pop_20_29":12.0,"total_30min":31,"dominant_label":"Uniwersytet Jagielloński","dominant_role":"uniwersytet","politechnika_30min":12,"uniwersytet_30min":19,"medyczny_30min":0},"geometry":{"type":"Polygon","coordinates":[[[19.908068,50.063078],[19.910127,50.065311],[19.914161,50.06528],[19.916136,50.063015],[19.914076,50.060782],[19.910042,50.060814],[19.908068,50.063078]]]}},{"type":"Feature","properties":{"hex_id":483,"pop_20_29":24.0,"total_30min":22,"dominant_label":"Uniwersytet Jagielloński","dominant_role":"uniwersytet","politechnika_30min":5,"uniwersytet_30min":17,"medyczny_30min":0},"geometry":{"type":"Polygon","coordinates":[[[19.907983,50.058581],[19.910042,50.060814],[19.914076,50.060782],[19.91605,50.058517],[19.91399,50.056284],[19.909957,50.056316],[19.907983,50.058581]]]}},{"type":"Feature","properties":{"hex_id":484,"pop_20_29":98.0,"total_30min":17,"dominant_label":"Uniwersytet Jagielloński","dominant_role":"uniwersytet","politechnika_30min":0,"uniwersytet_30min":17,"medyczny_30min":0},"geometry":{"type":"Polygon","coordinates":[[[19.907898,50.054083],[19.909957,50.056316],[19.91399,50.056284],[19.915964,50.054019],[19.913905,50.051786],[19.909872,50.051818],[19.907898,50.054083]]]}},{"type":"Feature","properties":{"hex_id":485,"pop_20_29":44.0,"total_30min":1,"dominant_label":"Uniwersytet Jagielloński","dominant_role":"uniwersytet","politechnika_30min":0,"uniwersytet_30min":1,"medyczny_30min":0},"geometry":{"type":"Polygon","coordinates":[[[19.907813,50.049585],[19.909872,50.051818],[19.913905,50.051786],[19.915879,50.049522],[19.913819,50.047289],[19.909787,50.04732],[19.907813,50.049585]]]}},{"type":"Feature","properties":{"hex_id":486,"pop_20_29":169.0,"total_30min":1,"dominant_label":"Uniwersytet Jagielloński","dominant_role":"uniwersytet","politechnika_30min":0,"uniwersytet_30min":1,"medyczny_30min":0},"geometry":{"type":"Polygon","coordinates":[[[19.907728,50.045087],[19.909787,50.04732],[19.913819,50.047289],[19.915793,50.045024],[19.913734,50.042791],[19.909702,50.042823],[19.907728,50.045087]]]}},{"type":"Feature","properties":{"hex_id":488,"pop_20_29":13.0,"total_30min":14,"dominant_label":"Uniwersytet Jagielloński","dominant_role":"uniwersytet","politechnika_30min":0,"uniwersytet_30min":14,"medyczny_30min":0},"geometry":{"type":"Polygon","coordinates":[[[19.907558,50.036092],[19.909617,50.038325],[19.913649,50.038293],[19.915622,50.036028],[19.913563,50.033795],[19.909532,50.033827],[19.907558,50.036092]]]}},{"type":"Feature","properties":{"hex_id":489,"pop_20_29":143.0,"total_30min":17,"dominant_label":"Uniwersytet Jagielloński","dominant_role":"uniwersytet","politechnika_30min":0,"uniwersytet_30min":17,"medyczny_30min":0},"geometry":{"type":"Polygon","coordinates":[[[19.907474,50.031594],[19.909532,50.033827],[19.913563,50.033795],[19.915536,50.031531],[19.913478,50.029298],[19.909447,50.029329],[19.907474,50.031594]]]}},{"type":"Feature","properties":{"hex_id":490,"pop_20_29":453.0,"total_30min":14,"dominant_label":"Uniwersytet Jagielloński","dominant_role":"uniwersytet","politechnika_30min":0,"uniwersytet_30min":14,"medyczny_30min":0},"geometry":{"type":"Polygon","coordinates":[[[19.907389,50.027096],[19.909447,50.029329],[19.913478,50.029298],[19.915451,50.027033],[19.913393,50.0248],[19.909362,50.024831],[19.907389,50.027096]]]}},{"type":"Feature","properties":{"hex_id":491,"pop_20_29":325.0,"total_30min":14,"dominant_label":"Uniwersytet Jagielloński","dominant_role":"uniwersytet","politechnika_30min":0,"uniwersytet_30min":14,"medyczny_30min":0},"geometry":{"type":"Polygon","coordinates":[[[19.907304,50.022598],[19.909362,50.024831],[19.913393,50.0248],[19.915365,50.022535],[19.913307,50.020302],[19.909277,50.020334],[19.907304,50.022598]]]}},{"type":"Feature","properties":{"hex_id":492,"pop_20_29":126.0,"total_30min":11,"dominant_label":"Uniwersytet Jagielloński","dominant_role":"uniwersytet","politechnika_30min":0,"uniwersytet_30min":11,"medyczny_30min":0},"geometry":{"type":"Polygon","coordinates":[[[19.907219,50.018101],[19.909277,50.020334],[19.913307,50.020302],[19.91528,50.018037],[19.913222,50.015804],[19.909192,50.015836],[19.907219,50.018101]]]}},{"type":"Feature","properties":{"hex_id":503,"pop_20_29":77.0,"total_30min":14,"dominant_label":"Politechnika Krakowska","dominant_role":"politechnika","politechnika_30min":13,"uniwersytet_30min":1,"medyczny_30min":0},"geometry":{"type":"Polygon","coordinates":[[[19.914675,50.092266],[19.916736,50.094499],[19.920772,50.094467],[19.922747,50.092202],[19.920686,50.089969],[19.91665,50.090001],[19.914675,50.092266]]]}},{"type":"Feature","properties":{"hex_id":504,"pop_20_29":379.0,"total_30min":35,"dominant_label":"Politechnika Krakowska","dominant_role":"politechnika","politechnika_30min":20,"uniwersytet_30min":15,"medyczny_30min":0},"geometry":{"type":"Polygon","coordinates":[[[19.914589,50.087768],[19.91665,50.090001],[19.920686,50.089969],[19.922661,50.087705],[19.9206,50.085472],[19.916564,50.085504],[19.914589,50.087768]]]}},{"type":"Feature","properties":{"hex_id":505,"pop_20_29":428.0,"total_30min":30,"dominant_label":"Politechnika Krakowska","dominant_role":"politechnika","politechnika_30min":20,"uniwersytet_30min":10,"medyczny_30min":0},"geometry":{"type":"Polygon","coordinates":[[[19.914503,50.083271],[19.916564,50.085504],[19.9206,50.085472],[19.922575,50.083207],[19.920514,50.080974],[19.916478,50.081006],[19.914503,50.083271]]]}},{"type":"Feature","properties":{"hex_id":506,"pop_20_29":502.0,"total_30min":37,"dominant_label":"Politechnika Krakowska","dominant_role":"politechnika","politechnika_30min":20,"uniwersytet_30min":17,"medyczny_30min":0},"geometry":{"type":"Polygon","coordinates":[[[19.914418,50.078773],[19.916478,50.081006],[19.920514,50.080974],[19.922488,50.078709],[19.920428,50.076476],[19.916393,50.076508],[19.914418,50.078773]]]}},{"type":"Feature","properties":{"hex_id":507,"pop_20_29":601.0,"total_30min":38,"dominant_label":"Politechnika Krakowska","dominant_role":"politechnika","politechnika_30min":20,"uniwersytet_30min":18,"medyczny_30min":0},"geometry":{"type":"Polygon","coordinates":[[[19.914332,50.074275],[19.916393,50.076508],[19.920428,50.076476],[19.922402,50.074211],[19.920342,50.071979],[19.916307,50.07201],[19.914332,50.074275]]]}},{"type":"Feature","properties":{"hex_id":508,"pop_20_29":635.0,"total_30min":38,"dominant_label":"Politechnika Krakowska","dominant_role":"politechnika","politechnika_30min":20,"uniwersytet_30min":18,"medyczny_30min":0},"geometry":{"type":"Polygon","coordinates":[[[19.914247,50.069777],[19.916307,50.07201],[19.920342,50.071979],[19.922316,50.069714],[19.920256,50.067481],[19.916221,50.067513],[19.914247,50.069777]]]}},{"type":"Feature","properties":{"hex_id":509,"pop_20_29":214.0,"total_30min":37,"dominant_label":"Politechnika Krakowska","dominant_role":"politechnika","politechnika_30min":20,"uniwersytet_30min":17,"medyczny_30min":0},"geometry":{"type":"Polygon","coordinates":[[[19.914161,50.06528],[19.916221,50.067513],[19.920256,50.067481],[19.92223,50.065216],[19.920169,50.062983],[19.916136,50.063015],[19.914161,50.06528]]]}},{"type":"Feature","properties":{"hex_id":511,"pop_20_29":380.0,"total_30min":24,"dominant_label":"Uniwersytet Jagielloński","dominant_role":"uniwersytet","politechnika_30min":5,"uniwersytet_30min":19,"medyczny_30min":0},"geometry":{"type":"Polygon","coordinates":[[[19.91399,50.056284],[19.91605,50.058517],[19.920083,50.058485],[19.922057,50.05622],[19.919997,50.053988],[19.915964,50.054019],[19.91399,50.056284]]]}},{"type":"Feature","properties":{"hex_id":512,"pop_20_29":150.0,"total_30min":17,"dominant_label":"Uniwersytet Jagielloński","dominant_role":"uniwersytet","politechnika_30min":0,"uniwersytet_30min":17,"medyczny_30min":0},"geometry":{"type":"Polygon","coordinates":[[[19.913905,50.051786],[19.915964,50.054019],[19.919997,50.053988],[19.921971,50.051723],[19.919911,50.04949],[19.915879,50.049522],[19.913905,50.051786]]]}},{"type":"Feature","properties":{"hex_id":514,"pop_20_29":82.0,"total_30min":18,"dominant_label":"Uniwersytet Jagielloński","dominant_role":"uniwersytet","politechnika_30min":0,"uniwersytet_30min":18,"medyczny_30min":0},"geometry":{"type":"Polygon","coordinates":[[[19.913734,50.042791],[19.915793,50.045024],[19.919825,50.044992],[19.921799,50.042727],[19.91974,50.040494],[19.915707,50.040526],[19.913734,50.042791]]]}},{"type":"Feature","properties":{"hex_id":515,"pop_20_29":81.0,"total_30min":3,"dominant_label":"Uniwersytet Jagielloński","dominant_role":"uniwersytet","politechnika_30min":0,"uniwersytet_30min":3,"medyczny_30min":0},"geometry":{"type":"Polygon","coordinates":[[[19.913649,50.038293],[19.915707,50.040526],[19.91974,50.040494],[19.921713,50.038229],[19.919654,50.035997],[19.915622,50.036028],[19.913649,50.038293]]]}},{"type":"Feature","properties":{"hex_id":516,"pop_20_29":118.0,"total_30min":14,"dominant_label":"Uniwersytet Jagielloński","dominant_role":"uniwersytet","politechnika_30min":0,"uniwersytet_30min":14,"medyczny_30min":0},"geometry":{"type":"Polygon","coordinates":[[[19.913563,50.033795],[19.915622,50.036028],[19.919654,50.035997],[19.921626,50.033732],[19.919568,50.031499],[19.915536,50.031531],[19.913563,50.033795]]]}},{"type":"Feature","properties":{"hex_id":517,"pop_20_29":485.0,"total_30min":15,"dominant_label":"Uniwersytet Jagielloński","dominant_role":"uniwersytet","politechnika_30min":0,"uniwersytet_30min":15,"medyczny_30min":0},"geometry":{"type":"Polygon","coordinates":[[[19.913478,50.029298],[19.915536,50.031531],[19.919568,50.031499],[19.92154,50.029234],[19.919482,50.027001],[19.915451,50.027033],[19.913478,50.029298]]]}},{"type":"Feature","properties":{"hex_id":518,"pop_20_29":321.0,"total_30min":14,"dominant_label":"Uniwersytet Jagielloński","dominant_role":"uniwersytet","politechnika_30min":0,"uniwersytet_30min":14,"medyczny_30min":0},"geometry":{"type":"Polygon","coordinates":[[[19.913393,50.0248],[19.915451,50.027033],[19.919482,50.027001],[19.921454,50.024736],[19.919396,50.022503],[19.915365,50.022535],[19.913393,50.0248]]]}},{"type":"Feature","properties":{"hex_id":519,"pop_20_29":191.0,"total_30min":6,"dominant_label":"Uniwersytet Jagielloński","dominant_role":"uniwersytet","politechnika_30min":0,"uniwersytet_30min":6,"medyczny_30min":0},"geometry":{"type":"Polygon","coordinates":[[[19.913307,50.020302],[19.915365,50.022535],[19.919396,50.022503],[19.921368,50.020238],[19.91931,50.018005],[19.91528,50.018037],[19.913307,50.020302]]]}},{"type":"Feature","properties":{"hex_id":531,"pop_20_29":178.0,"total_30min":4,"dominant_label":"Politechnika Krakowska","dominant_role":"politechnika","politechnika_30min":3,"uniwersytet_30min":1,"medyczny_30min":0},"geometry":{"type":"Polygon","coordinates":[[[19.920945,50.103463],[19.923007,50.105695],[19.927044,50.105663],[19.929019,50.103398],[19.926957,50.101166],[19.92292,50.101198],[19.920945,50.103463]]]}},{"type":"Feature","properties":{"hex_id":532,"pop_20_29":11.0,"total_30min":11,"dominant_label":"Politechnika Krakowska","dominant_role":"politechnika","politechnika_30min":10,"uniwersytet_30min":1,"medyczny_30min":0},"geometry":{"type":"Polygon","coordinates":[[[19.920859,50.098965],[19.92292,50.101198],[19.926957,50.101166],[19.928933,50.098901],[19.926871,50.096668],[19.922834,50.0967],[19.920859,50.098965]]]}},{"type":"Feature","properties":{"hex_id":533,"pop_20_29":367.0,"total_30min":18,"dominant_label":"Politechnika Krakowska","dominant_role":"politechnika","politechnika_30min":17,"uniwersytet_30min":1,"medyczny_30min":0},"geometry":{"type":"Polygon","coordinates":[[[19.920772,50.094467],[19.922834,50.0967],[19.926871,50.096668],[19.928846,50.094403],[19.926784,50.09217],[19.922747,50.092202],[19.920772,50.094467]]]}},{"type":"Feature","properties":{"hex_id":534,"pop_20_29":447.0,"total_30min":20,"dominant_label":"Politechnika Krakowska","dominant_role":"politechnika","politechnika_30min":18,"uniwersytet_30min":2,"medyczny_30min":0},"geometry":{"type":"Polygon","coordinates":[[[19.920686,50.089969],[19.922747,50.092202],[19.926784,50.09217],[19.928759,50.089905],[19.926697,50.087672],[19.922661,50.087705],[19.920686,50.089969]]]}},{"type":"Feature","properties":{"hex_id":535,"pop_20_29":542.0,"total_30min":21,"dominant_label":"Politechnika Krakowska","dominant_role":"politechnika","politechnika_30min":18,"uniwersytet_30min":3,"medyczny_30min":0},"geometry":{"type":"Polygon","coordinates":[[[19.9206,50.085472],[19.922661,50.087705],[19.926697,50.087672],[19.928672,50.085407],[19.92661,50.083175],[19.922575,50.083207],[19.9206,50.085472]]]}},{"type":"Feature","properties":{"hex_id":536,"pop_20_29":967.0,"total_30min":23,"dominant_label":"Politechnika Krakowska","dominant_role":"politechnika","politechnika_30min":20,"uniwersytet_30min":3,"medyczny_30min":0},"geometry":{"type":"Polygon","coordinates":[[[19.920514,50.080974],[19.922575,50.083207],[19.92661,50.083175],[19.928585,50.08091],[19.926524,50.078677],[19.922488,50.078709],[19.920514,50.080974]]]}},{"type":"Feature","properties":{"hex_id":537,"pop_20_29":655.0,"total_30min":31,"dominant_label":"Politechnika Krakowska","dominant_role":"politechnika","politechnika_30min":20,"uniwersytet_30min":11,"medyczny_30min":0},"geometry":{"type":"Polygon","coordinates":[[[19.920428,50.076476],[19.922488,50.078709],[19.926524,50.078677],[19.928498,50.076412],[19.926437,50.074179],[19.922402,50.074211],[19.920428,50.076476]]]}},{"type":"Feature","properties":{"hex_id":538,"pop_20_29":501.0,"total_30min":38,"dominant_label":"Politechnika Krakowska","dominant_role":"politechnika","politechnika_30min":20,"uniwersytet_30min":18,"medyczny_30min":0},"geometry":{"type":"Polygon","coordinates":[[[19.920342,50.071979],[19.922402,50.074211],[19.926437,50.074179],[19.928411,50.071914],[19.92635,50.069682],[19.922316,50.069714],[19.920342,50.071979]]]}},{"type":"Feature","properties":{"hex_id":539,"pop_20_29":347.0,"total_30min":41,"dominant_label":"Uniwersytet Jagielloński","dominant_role":"uniwersytet","politechnika_30min":20,"uniwersytet_30min":21,"medyczny_30min":0},"geometry":{"type":"Polygon","coordinates":[[[19.920256,50.067481],[19.922316,50.069714],[19.92635,50.069682],[19.928324,50.067417],[19.926264,50.065184],[19.92223,50.065216],[19.920256,50.067481]]]}},{"type":"Feature","properties":{"hex_id":540,"pop_20_29":85.0,"total_30min":41,"dominant_label":"Uniwersytet Jagielloński","dominant_role":"uniwersytet","politechnika_30min":20,"uniwersytet_30min":21,"medyczny_30min":0},"geometry":{"type":"Polygon","coordinates":[[[19.920169,50.062983],[19.92223,50.065216],[19.926264,50.065184],[19.928237,50.062919],[19.926177,50.060686],[19.922143,50.060718],[19.920169,50.062983]]]}},{"type":"Feature","properties":{"hex_id":541,"pop_20_29":315.0,"total_30min":41,"dominant_label":"Uniwersytet Jagielloński","dominant_role":"uniwersytet","politechnika_30min":20,"uniwersytet_30min":21,"medyczny_30min":0},"geometry":{"type":"Polygon","coordinates":[[[19.920083,50.058485],[19.922143,50.060718],[19.926177,50.060686],[19.928151,50.058421],[19.926091,50.056188],[19.922057,50.05622],[19.920083,50.058485]]]}},{"type":"Feature","properties":{"hex_id":542,"pop_20_29":276.0,"total_30min":41,"dominant_label":"Uniwersytet Jagielloński","dominant_role":"uniwersytet","politechnika_30min":20,"uniwersytet_30min":21,"medyczny_30min":0},"geometry":{"type":"Polygon","coordinates":[[[19.919997,50.053988],[19.922057,50.05622],[19.926091,50.056188],[19.928064,50.053923],[19.926004,50.051691],[19.921971,50.051723],[19.919997,50.053988]]]}},{"type":"Feature","properties":{"hex_id":543,"pop_20_29":292.0,"total_30min":30,"dominant_label":"Uniwersytet Jagielloński","dominant_role":"uniwersytet","politechnika_30min":0,"uniwersytet_30min":30,"medyczny_30min":0},"geometry":{"type":"Polygon","coordinates":[[[19.919911,50.04949],[19.921971,50.051723],[19.926004,50.051691],[19.927977,50.049426],[19.925917,50.047193],[19.921885,50.047225],[19.919911,50.04949]]]}},{"type":"Feature","properties":{"hex_id":544,"pop_20_29":319.0,"total_30min":44,"dominant_label":"Uniwersytet Jagielloński","dominant_role":"uniwersytet","politechnika_30min":11,"uniwersytet_30min":33,"medyczny_30min":0},"geometry":{"type":"Polygon","coordinates":[[[19.919825,50.044992],[19.921885,50.047225],[19.925917,50.047193],[19.92789,50.044928],[19.925831,50.042695],[19.921799,50.042727],[19.919825,50.044992]]]}},{"type":"Feature","properties":{"hex_id":545,"pop_20_29":540.0,"total_30min":44,"dominant_label":"Uniwersytet Jagielloński","dominant_role":"uniwersytet","politechnika_30min":11,"uniwersytet_30min":33,"medyczny_30min":0},"geometry":{"type":"Polygon","coordinates":[[[19.91974,50.040494],[19.921799,50.042727],[19.925831,50.042695],[19.927804,50.04043],[19.925744,50.038197],[19.921713,50.038229],[19.91974,50.040494]]]}},{"type":"Feature","properties":{"hex_id":546,"pop_20_29":43.0,"total_30min":21,"dominant_label":"Uniwersytet Jagielloński","dominant_role":"uniwersytet","politechnika_30min":0,"uniwersytet_30min":21,"medyczny_30min":0},"geometry":{"type":"Polygon","coordinates":[[[19.919654,50.035997],[19.921713,50.038229],[19.925744,50.038197],[19.927717,50.035932],[19.925658,50.0337],[19.921626,50.033732],[19.919654,50.035997]]]}},{"type":"Feature","properties":{"hex_id":547,"pop_20_29":95.0,"total_30min":22,"dominant_label":"Uniwersytet Jagielloński","dominant_role":"uniwersytet","politechnika_30min":0,"uniwersytet_30min":22,"medyczny_30min":0},"geometry":{"type":"Polygon","coordinates":[[[19.919568,50.031499],[19.921626,50.033732],[19.925658,50.0337],[19.92763,50.031435],[19.925571,50.029202],[19.92154,50.029234],[19.919568,50.031499]]]}},{"type":"Feature","properties":{"hex_id":548,"pop_20_29":353.0,"total_30min":14,"dominant_label":"Uniwersytet Jagielloński","dominant_role":"uniwersytet","politechnika_30min":0,"uniwersytet_30min":14,"medyczny_30min":0},"geometry":{"type":"Polygon","coordinates":[[[19.919482,50.027001],[19.92154,50.029234],[19.925571,50.029202],[19.927544,50.026937],[19.925485,50.024704],[19.921454,50.024736],[19.919482,50.027001]]]}},{"type":"Feature","properties":{"hex_id":549,"pop_20_29":176.0,"total_30min":4,"dominant_label":"Uniwersytet Jagielloński","dominant_role":"uniwersytet","politechnika_30min":0,"uniwersytet_30min":4,"medyczny_30min":0},"geometry":{"type":"Polygon","coordinates":[[[19.919396,50.022503],[19.921454,50.024736],[19.925485,50.024704],[19.927457,50.022439],[19.925399,50.020206],[19.921368,50.020238],[19.919396,50.022503]]]}},{"type":"Feature","properties":{"hex_id":563,"pop_20_29":138.0,"total_30min":18,"dominant_label":"Politechnika Krakowska","dominant_role":"politechnika","politechnika_30min":17,"uniwersytet_30min":1,"medyczny_30min":0},"geometry":{"type":"Polygon","coordinates":[[[19.926871,50.096668],[19.928933,50.098901],[19.932969,50.098868],[19.934944,50.096603],[19.932882,50.094371],[19.928846,50.094403],[19.926871,50.096668]]]}},{"type":"Feature","properties":{"hex_id":564,"pop_20_29":273.0,"total_30min":20,"dominant_label":"Politechnika Krakowska","dominant_role":"politechnika","politechnika_30min":17,"uniwersytet_30min":3,"medyczny_30min":0},"geometry":{"type":"Polygon","coordinates":[[[19.926784,50.09217],[19.928846,50.094403],[19.932882,50.094371],[19.934857,50.092105],[19.932795,50.089873],[19.928759,50.089905],[19.926784,50.09217]]]}},{"type":"Feature","properties":{"hex_id":565,"pop_20_29":644.0,"total_30min":32,"dominant_label":"Politechnika Krakowska","dominant_role":"politechnika","politechnika_30min":20,"uniwersytet_30min":12,"medyczny_30min":0},"geometry":{"type":"Polygon","coordinates":[[[19.926697,50.087672],[19.928759,50.089905],[19.932795,50.089873],[19.934769,50.087608],[19.932708,50.085375],[19.928672,50.085407],[19.926697,50.087672]]]}},{"type":"Feature","properties":{"hex_id":566,"pop_20_29":156.0,"total_30min":31,"dominant_label":"Politechnika Krakowska","dominant_role":"politechnika","politechnika_30min":20,"uniwersytet_30min":11,"medyczny_30min":0},"geometry":{"type":"Polygon","coordinates":[[[19.92661,50.083175],[19.928672,50.085407],[19.932708,50.085375],[19.934682,50.08311],[19.93262,50.080877],[19.928585,50.08091],[19.92661,50.083175]]]}},{"type":"Feature","properties":{"hex_id":567,"pop_20_29":498.0,"total_30min":28,"dominant_label":"Politechnika Krakowska","dominant_role":"politechnika","politechnika_30min":18,"uniwersytet_30min":10,"medyczny_30min":0},"geometry":{"type":"Polygon","coordinates":[[[19.926524,50.078677],[19.928585,50.08091],[19.93262,50.080877],[19.934594,50.078612],[19.932533,50.07638],[19.928498,50.076412],[19.926524,50.078677]]]}},{"type":"Feature","properties":{"hex_id":568,"pop_20_29":651.0,"total_30min":37,"dominant_label":"Politechnika Krakowska","dominant_role":"politechnika","politechnika_30min":20,"uniwersytet_30min":17,"medyczny_30min":0},"geometry":{"type":"Polygon","coordinates":[[[19.926437,50.074179],[19.928498,50.076412],[19.932533,50.07638],[19.934507,50.074115],[19.932446,50.071882],[19.928411,50.071914],[19.926437,50.074179]]]}},{"type":"Feature","properties":{"hex_id":569,"pop_20_29":482.0,"total_30min":38,"dominant_label":"Politechnika Krakowska","dominant_role":"politechnika","politechnika_30min":20,"uniwersytet_30min":18,"medyczny_30min":0},"geometry":{"type":"Polygon","coordinates":[[[19.92635,50.069682],[19.928411,50.071914],[19.932446,50.071882],[19.934419,50.069617],[19.932359,50.067384],[19.928324,50.067417],[19.92635,50.069682]]]}},{"type":"Feature","properties":{"hex_id":570,"pop_20_29":203.0,"total_30min":38,"dominant_label":"Politechnika Krakowska","dominant_role":"politechnika","politechnika_30min":20,"uniwersytet_30min":18,"medyczny_30min":0},"geometry":{"type":"Polygon","coordinates":[[[19.926264,50.065184],[19.928324,50.067417],[19.932359,50.067384],[19.934332,50.065119],[19.932271,50.062886],[19.928237,50.062919],[19.926264,50.065184]]]}},{"type":"Feature","properties":{"hex_id":571,"pop_20_29":203.0,"total_30min":41,"dominant_label":"Uniwersytet Jagielloński","dominant_role":"uniwersytet","politechnika_30min":20,"uniwersytet_30min":21,"medyczny_30min":0},"geometry":{"type":"Polygon","coordinates":[[[19.926177,50.060686],[19.928237,50.062919],[19.932271,50.062886],[19.934245,50.060621],[19.932184,50.058389],[19.928151,50.058421],[19.926177,50.060686]]]}},{"type":"Feature","properties":{"hex_id":572,"pop_20_29":300.0,"total_30min":41,"dominant_label":"Uniwersytet Jagielloński","dominant_role":"uniwersytet","politechnika_30min":20,"uniwersytet_30min":21,"medyczny_30min":0},"geometry":{"type":"Polygon","coordinates":[[[19.926091,50.056188],[19.928151,50.058421],[19.932184,50.058389],[19.934157,50.056124],[19.932097,50.053891],[19.928064,50.053923],[19.926091,50.056188]]]}},{"type":"Feature","properties":{"hex_id":573,"pop_20_29":209.0,"total_30min":49,"dominant_label":"Uniwersytet Jagielloński","dominant_role":"uniwersytet","politechnika_30min":20,"uniwersytet_30min":29,"medyczny_30min":0},"geometry":{"type":"Polygon","coordinates":[[[19.926004,50.051691],[19.928064,50.053923],[19.932097,50.053891],[19.93407,50.051626],[19.93201,50.049393],[19.927977,50.049426],[19.926004,50.051691]]]}},{"type":"Feature","properties":{"hex_id":574,"pop_20_29":298.0,"total_30min":53,"dominant_label":"Uniwersytet Jagielloński","dominant_role":"uniwersytet","politechnika_30min":18,"uniwersytet_30min":35,"medyczny_30min":0},"geometry":{"type":"Polygon","coordinates":[[[19.925917,50.047193],[19.927977,50.049426],[19.93201,50.049393],[19.933983,50.047128],[19.931923,50.044896],[19.92789,50.044928],[19.925917,50.047193]]]}},{"type":"Feature","properties":{"hex_id":575,"pop_20_29":571.0,"total_30min":33,"dominant_label":"Uniwersytet Jagielloński","dominant_role":"uniwersytet","politechnika_30min":1,"uniwersytet_30min":32,"medyczny_30min":0},"geometry":{"type":"Polygon","coordinates":[[[19.925831,50.042695],[19.92789,50.044928],[19.931923,50.044896],[19.933895,50.04263],[19.931836,50.040398],[19.927804,50.04043],[19.925831,50.042695]]]}},{"type":"Feature","properties":{"hex_id":576,"pop_20_29":79.0,"total_30min":16,"dominant_label":"Uniwersytet Jagielloński","dominant_role":"uniwersytet","politechnika_30min":0,"uniwersytet_30min":16,"medyczny_30min":0},"geometry":{"type":"Polygon","coordinates":[[[19.925744,50.038197],[19.927804,50.04043],[19.931836,50.040398],[19.933808,50.038133],[19.931749,50.0359],[19.927717,50.035932],[19.925744,50.038197]]]}},{"type":"Feature","properties":{"hex_id":577,"pop_20_29":309.0,"total_30min":14,"dominant_label":"Uniwersytet Jagielloński","dominant_role":"uniwersytet","politechnika_30min":0,"uniwersytet_30min":14,"medyczny_30min":0},"geometry":{"type":"Polygon","coordinates":[[[19.925658,50.0337],[19.927717,50.035932],[19.931749,50.0359],[19.933721,50.033635],[19.931662,50.031402],[19.92763,50.031435],[19.925658,50.0337]]]}},{"type":"Feature","properties":{"hex_id":578,"pop_20_29":321.0,"total_30min":21,"dominant_label":"Uniwersytet Jagielloński","dominant_role":"uniwersytet","politechnika_30min":0,"uniwersytet_30min":21,"medyczny_30min":0},"geometry":{"type":"Polygon","coordinates":[[[19.925571,50.029202],[19.92763,50.031435],[19.931662,50.031402],[19.933634,50.029137],[19.931575,50.026905],[19.927544,50.026937],[19.925571,50.029202]]]}},{"type":"Feature","properties":{"hex_id":579,"pop_20_29":280.0,"total_30min":14,"dominant_label":"Uniwersytet Jagielloński","dominant_role":"uniwersytet","politechnika_30min":0,"uniwersytet_30min":14,"medyczny_30min":0},"geometry":{"type":"Polygon","coordinates":[[[19.925485,50.024704],[19.927544,50.026937],[19.931575,50.026905],[19.933547,50.024639],[19.931488,50.022407],[19.927457,50.022439],[19.925485,50.024704]]]}},{"type":"Feature","properties":{"hex_id":581,"pop_20_29":55.0,"total_30min":11,"dominant_label":"Uniwersytet Jagielloński","dominant_role":"uniwersytet","politechnika_30min":0,"uniwersytet_30min":11,"medyczny_30min":0},"geometry":{"type":"Polygon","coordinates":[[[19.925312,50.015708],[19.92737,50.017941],[19.931401,50.017909],[19.933372,50.015644],[19.931314,50.013411],[19.927284,50.013443],[19.925312,50.015708]]]}},{"type":"Feature","properties":{"hex_id":594,"pop_20_29":168.0,"total_30min":6,"dominant_label":"Politechnika Krakowska","dominant_role":"politechnika","politechnika_30min":6,"uniwersytet_30min":0,"medyczny_30min":0},"geometry":{"type":"Polygon","coordinates":[[[19.932969,50.098868],[19.935032,50.101101],[19.939069,50.101068],[19.941043,50.098803],[19.938981,50.096571],[19.934944,50.096603],[19.932969,50.098868]]]}},{"type":"Feature","properties":{"hex_id":595,"pop_20_29":187.0,"total_30min":20,"dominant_label":"Politechnika Krakowska","dominant_role":"politechnika","politechnika_30min":17,"uniwersytet_30min":3,"medyczny_30min":0},"geometry":{"type":"Polygon","coordinates":[[[19.932882,50.094371],[19.934944,50.096603],[19.938981,50.096571],[19.940955,50.094305],[19.938893,50.092073],[19.934857,50.092105],[19.932882,50.094371]]]}},{"type":"Feature","properties":{"hex_id":596,"pop_20_29":315.0,"total_30min":21,"dominant_label":"Politechnika Krakowska","dominant_role":"politechnika","politechnika_30min":17,"uniwersytet_30min":4,"medyczny_30min":0},"geometry":{"type":"Polygon","coordinates":[[[19.932795,50.089873],[19.934857,50.092105],[19.938893,50.092073],[19.940867,50.089808],[19.938805,50.087575],[19.934769,50.087608],[19.932795,50.089873]]]}},{"type":"Feature","properties":{"hex_id":597,"pop_20_29":463.0,"total_30min":30,"dominant_label":"Politechnika Krakowska","dominant_role":"politechnika","politechnika_30min":18,"uniwersytet_30min":12,"medyczny_30min":0},"geometry":{"type":"Polygon","coordinates":[[[19.932708,50.085375],[19.934769,50.087608],[19.938805,50.087575],[19.940779,50.08531],[19.938717,50.083077],[19.934682,50.08311],[19.932708,50.085375]]]}},{"type":"Feature","properties":{"hex_id":598,"pop_20_29":83.0,"total_30min":50,"dominant_label":"Politechnika Krakowska","dominant_role":"politechnika","politechnika_30min":31,"uniwersytet_30min":19,"medyczny_30min":0},"geometry":{"type":"Polygon","coordinates":[[[19.93262,50.080877],[19.934682,50.08311],[19.938717,50.083077],[19.940691,50.080812],[19.938629,50.07858],[19.934594,50.078612],[19.93262,50.080877]]]}},{"type":"Feature","properties":{"hex_id":599,"pop_20_29":43.0,"total_30min":43,"dominant_label":"Politechnika Krakowska","dominant_role":"politechnika","politechnika_30min":25,"uniwersytet_30min":18,"medyczny_30min":0},"geometry":{"type":"Polygon","coordinates":[[[19.932533,50.07638],[19.934594,50.078612],[19.938629,50.07858],[19.940603,50.076315],[19.938542,50.074082],[19.934507,50.074115],[19.932533,50.07638]]]}},{"type":"Feature","properties":{"hex_id":600,"pop_20_29":426.0,"total_30min":43,"dominant_label":"Politechnika Krakowska","dominant_role":"politechnika","politechnika_30min":25,"uniwersytet_30min":18,"medyczny_30min":0},"geometry":{"type":"Polygon","coordinates":[[[19.932446,50.071882],[19.934507,50.074115],[19.938542,50.074082],[19.940515,50.071817],[19.938454,50.069584],[19.934419,50.069617],[19.932446,50.071882]]]}},{"type":"Feature","properties":{"hex_id":601,"pop_20_29":297.0,"total_30min":49,"dominant_label":"Politechnika Krakowska","dominant_role":"politechnika","politechnika_30min":28,"uniwersytet_30min":21,"medyczny_30min":0},"geometry":{"type":"Polygon","coordinates":[[[19.932359,50.067384],[19.934419,50.069617],[19.938454,50.069584],[19.940427,50.067319],[19.938366,50.065087],[19.934332,50.065119],[19.932359,50.067384]]]}},{"type":"Feature","properties":{"hex_id":602,"pop_20_29":76.0,"total_30min":38,"dominant_label":"Uniwersytet Jagielloński","dominant_role":"uniwersytet","politechnika_30min":17,"uniwersytet_30min":21,"medyczny_30min":0},"geometry":{"type":"Polygon","coordinates":[[[19.932271,50.062886],[19.934332,50.065119],[19.938366,50.065087],[19.940339,50.062821],[19.938278,50.060589],[19.934245,50.060621],[19.932271,50.062886]]]}},{"type":"Feature","properties":{"hex_id":603,"pop_20_29":125.0,"total_30min":39,"dominant_label":"Uniwersytet Jagielloński","dominant_role":"uniwersytet","politechnika_30min":18,"uniwersytet_30min":21,"medyczny_30min":0},"geometry":{"type":"Polygon","coordinates":[[[19.932184,50.058389],[19.934245,50.060621],[19.938278,50.060589],[19.940251,50.058324],[19.938191,50.056091],[19.934157,50.056124],[19.932184,50.058389]]]}},{"type":"Feature","properties":{"hex_id":604,"pop_20_29":44.0,"total_30min":30,"dominant_label":"Uniwersytet Jagielloński","dominant_role":"uniwersytet","politechnika_30min":13,"uniwersytet_30min":17,"medyczny_30min":0},"geometry":{"type":"Polygon","coordinates":[[[19.932097,50.053891],[19.934157,50.056124],[19.938191,50.056091],[19.940163,50.053826],[19.938103,50.051593],[19.93407,50.051626],[19.932097,50.053891]]]}},{"type":"Feature","properties":{"hex_id":605,"pop_20_29":169.0,"total_30min":46,"dominant_label":"Uniwersytet Jagielloński","dominant_role":"uniwersytet","politechnika_30min":17,"uniwersytet_30min":29,"medyczny_30min":0},"geometry":{"type":"Polygon","coordinates":[[[19.93201,50.049393],[19.93407,50.051626],[19.938103,50.051593],[19.940076,50.049328],[19.938015,50.047096],[19.933983,50.047128],[19.93201,50.049393]]]}},{"type":"Feature","properties":{"hex_id":606,"pop_20_29":81.0,"total_30min":30,"dominant_label":"Uniwersytet Jagielloński","dominant_role":"uniwersytet","politechnika_30min":10,"uniwersytet_30min":20,"medyczny_30min":0},"geometry":{"type":"Polygon","coordinates":[[[19.931923,50.044896],[19.933983,50.047128],[19.938015,50.047096],[19.939988,50.04483],[19.937928,50.042598],[19.933895,50.04263],[19.931923,50.044896]]]}},{"type":"Feature","properties":{"hex_id":607,"pop_20_29":172.0,"total_30min":18,"dominant_label":"Uniwersytet Jagielloński","dominant_role":"uniwersytet","politechnika_30min":1,"uniwersytet_30min":17,"medyczny_30min":0},"geometry":{"type":"Polygon","coordinates":[[[19.931836,50.040398],[19.933895,50.04263],[19.937928,50.042598],[19.9399,50.040333],[19.93784,50.0381],[19.933808,50.038133],[19.931836,50.040398]]]}},{"type":"Feature","properties":{"hex_id":608,"pop_20_29":211.0,"total_30min":21,"dominant_label":"Uniwersytet Jagielloński","dominant_role":"uniwersytet","politechnika_30min":0,"uniwersytet_30min":21,"medyczny_30min":0},"geometry":{"type":"Polygon","coordinates":[[[19.931749,50.0359],[19.933808,50.038133],[19.93784,50.0381],[19.939812,50.035835],[19.937752,50.033602],[19.933721,50.033635],[19.931749,50.0359]]]}},{"type":"Feature","properties":{"hex_id":609,"pop_20_29":61.0,"total_30min":5,"dominant_label":"Uniwersytet Jagielloński","dominant_role":"uniwersytet","politechnika_30min":0,"uniwersytet_30min":5,"medyczny_30min":0},"geometry":{"type":"Polygon","coordinates":[[[19.931662,50.031402],[19.933721,50.033635],[19.937752,50.033602],[19.939724,50.031337],[19.937665,50.029105],[19.933634,50.029137],[19.931662,50.031402]]]}},{"type":"Feature","properties":{"hex_id":610,"pop_20_29":210.0,"total_30min":19,"dominant_label":"Uniwersytet Jagielloński","dominant_role":"uniwersytet","politechnika_30min":0,"uniwersytet_30min":19,"medyczny_30min":0},"geometry":{"type":"Polygon","coordinates":[[[19.931575,50.026905],[19.933634,50.029137],[19.937665,50.029105],[19.939636,50.02684],[19.937577,50.024607],[19.933547,50.024639],[19.931575,50.026905]]]}},{"type":"Feature","properties":{"hex_id":611,"pop_20_29":45.0,"total_30min":10,"dominant_label":"Uniwersytet Jagielloński","dominant_role":"uniwersytet","politechnika_30min":0,"uniwersytet_30min":10,"medyczny_30min":0},"geometry":{"type":"Polygon","coordinates":[[[19.931488,50.022407],[19.933547,50.024639],[19.937577,50.024607],[19.939549,50.022342],[19.93749,50.020109],[19.933459,50.020142],[19.931488,50.022407]]]}},{"type":"Feature","properties":{"hex_id":628,"pop_20_29":123.0,"total_30min":20,"dominant_label":"Politechnika Krakowska","dominant_role":"politechnika","politechnika_30min":17,"uniwersytet_30min":3,"medyczny_30min":0},"geometry":{"type":"Polygon","coordinates":[[[19.938981,50.096571],[19.941043,50.098803],[19.94508,50.09877],[19.947054,50.096505],[19.944992,50.094273],[19.940955,50.094305],[19.938981,50.096571]]]}},{"type":"Feature","properties":{"hex_id":629,"pop_20_29":138.0,"total_30min":12,"dominant_label":"Politechnika Krakowska","dominant_role":"politechnika","politechnika_30min":11,"uniwersytet_30min":1,"medyczny_30min":0},"geometry":{"type":"Polygon","coordinates":[[[19.938893,50.092073],[19.940955,50.094305],[19.944992,50.094273],[19.946966,50.092007],[19.944903,50.089775],[19.940867,50.089808],[19.938893,50.092073]]]}},{"type":"Feature","properties":{"hex_id":630,"pop_20_29":614.0,"total_30min":17,"dominant_label":"Politechnika Krakowska","dominant_role":"politechnika","politechnika_30min":16,"uniwersytet_30min":1,"medyczny_30min":0},"geometry":{"type":"Polygon","coordinates":[[[19.938805,50.087575],[19.940867,50.089808],[19.944903,50.089775],[19.946877,50.08751],[19.944815,50.085277],[19.940779,50.08531],[19.938805,50.087575]]]}},{"type":"Feature","properties":{"hex_id":631,"pop_20_29":716.0,"total_30min":18,"dominant_label":"Politechnika Krakowska","dominant_role":"politechnika","politechnika_30min":17,"uniwersytet_30min":1,"medyczny_30min":0},"geometry":{"type":"Polygon","coordinates":[[[19.938717,50.083077],[19.940779,50.08531],[19.944815,50.085277],[19.946789,50.083012],[19.944727,50.080779],[19.940691,50.080812],[19.938717,50.083077]]]}},{"type":"Feature","properties":{"hex_id":632,"pop_20_29":6.0,"total_30min":28,"dominant_label":"Politechnika Krakowska","dominant_role":"politechnika","politechnika_30min":17,"uniwersytet_30min":11,"medyczny_30min":0},"geometry":{"type":"Polygon","coordinates":[[[19.938629,50.07858],[19.940691,50.080812],[19.944727,50.080779],[19.9467,50.078514],[19.944638,50.076282],[19.940603,50.076315],[19.938629,50.07858]]]}},{"type":"Feature","properties":{"hex_id":633,"pop_20_29":35.0,"total_30min":37,"dominant_label":"Politechnika Krakowska","dominant_role":"politechnika","politechnika_30min":20,"uniwersytet_30min":17,"medyczny_30min":0},"geometry":{"type":"Polygon","coordinates":[[[19.938542,50.074082],[19.940603,50.076315],[19.944638,50.076282],[19.946611,50.074017],[19.94455,50.071784],[19.940515,50.071817],[19.938542,50.074082]]]}},{"type":"Feature","properties":{"hex_id":634,"pop_20_29":196.0,"total_30min":41,"dominant_label":"Politechnika Krakowska","dominant_role":"politechnika","politechnika_30min":28,"uniwersytet_30min":13,"medyczny_30min":0},"geometry":{"type":"Polygon","coordinates":[[[19.938454,50.069584],[19.940515,50.071817],[19.94455,50.071784],[19.946523,50.069519],[19.944461,50.067286],[19.940427,50.067319],[19.938454,50.069584]]]}},{"type":"Feature","properties":{"hex_id":635,"pop_20_29":112.0,"total_30min":56,"dominant_label":"Politechnika Krakowska","dominant_role":"politechnika","politechnika_30min":35,"uniwersytet_30min":21,"medyczny_30min":0},"geometry":{"type":"Polygon","coordinates":[[[19.938366,50.065087],[19.940427,50.067319],[19.944461,50.067286],[19.946434,50.065021],[19.944373,50.062789],[19.940339,50.062821],[19.938366,50.065087]]]}},{"type":"Feature","properties":{"hex_id":636,"pop_20_29":167.0,"total_30min":54,"dominant_label":"Politechnika Krakowska","dominant_role":"politechnika","politechnika_30min":31,"uniwersytet_30min":23,"medyczny_30min":0},"geometry":{"type":"Polygon","coordinates":[[[19.938278,50.060589],[19.940339,50.062821],[19.944373,50.062789],[19.946346,50.060523],[19.944285,50.058291],[19.940251,50.058324],[19.938278,50.060589]]]}},{"type":"Feature","properties":{"hex_id":637,"pop_20_29":294.0,"total_30min":38,"dominant_label":"Uniwersytet Jagielloński","dominant_role":"uniwersytet","politechnika_30min":18,"uniwersytet_30min":20,"medyczny_30min":0},"geometry":{"type":"Polygon","coordinates":[[[19.938191,50.056091],[19.940251,50.058324],[19.944285,50.058291],[19.946257,50.056026],[19.944197,50.053793],[19.940163,50.053826],[19.938191,50.056091]]]}},{"type":"Feature","properties":{"hex_id":638,"pop_20_29":409.0,"total_30min":63,"dominant_label":"Uniwersytet Jagielloński","dominant_role":"uniwersytet","politechnika_30min":28,"uniwersytet_30min":35,"medyczny_30min":0},"geometry":{"type":"Polygon","coordinates":[[[19.938103,50.051593],[19.940163,50.053826],[19.944197,50.053793],[19.946169,50.051528],[19.944108,50.049295],[19.940076,50.049328],[19.938103,50.051593]]]}},{"type":"Feature","properties":{"hex_id":639,"pop_20_29":225.0,"total_30min":22,"dominant_label":"Uniwersytet Jagielloński","dominant_role":"uniwersytet","politechnika_30min":7,"uniwersytet_30min":15,"medyczny_30min":0},"geometry":{"type":"Polygon","coordinates":[[[19.938015,50.047096],[19.940076,50.049328],[19.944108,50.049295],[19.94608,50.04703],[19.94402,50.044798],[19.939988,50.04483],[19.938015,50.047096]]]}},{"type":"Feature","properties":{"hex_id":640,"pop_20_29":373.0,"total_30min":25,"dominant_label":"Uniwersytet Jagielloński","dominant_role":"uniwersytet","politechnika_30min":4,"uniwersytet_30min":21,"medyczny_30min":0},"geometry":{"type":"Polygon","coordinates":[[[19.937928,50.042598],[19.939988,50.04483],[19.94402,50.044798],[19.945992,50.042532],[19.943932,50.0403],[19.9399,50.040333],[19.937928,50.042598]]]}},{"type":"Feature","properties":{"hex_id":641,"pop_20_29":288.0,"total_30min":35,"dominant_label":"Uniwersytet Jagielloński","dominant_role":"uniwersytet","politechnika_30min":10,"uniwersytet_30min":25,"medyczny_30min":0},"geometry":{"type":"Polygon","coordinates":[[[19.93784,50.0381],[19.9399,50.040333],[19.943932,50.0403],[19.945904,50.038035],[19.943844,50.035802],[19.939812,50.035835],[19.93784,50.0381]]]}},{"type":"Feature","properties":{"hex_id":642,"pop_20_29":33.0,"total_30min":14,"dominant_label":"Uniwersytet Jagielloński","dominant_role":"uniwersytet","politechnika_30min":0,"uniwersytet_30min":14,"medyczny_30min":0},"geometry":{"type":"Polygon","coordinates":[[[19.937752,50.033602],[19.939812,50.035835],[19.943844,50.035802],[19.945815,50.033537],[19.943756,50.031305],[19.939724,50.031337],[19.937752,50.033602]]]}},{"type":"Feature","properties":{"hex_id":643,"pop_20_29":41.0,"total_30min":15,"dominant_label":"Uniwersytet Jagielloński","dominant_role":"uniwersytet","politechnika_30min":0,"uniwersytet_30min":15,"medyczny_30min":0},"geometry":{"type":"Polygon","coordinates":[[[19.937665,50.029105],[19.939724,50.031337],[19.943756,50.031305],[19.945727,50.029039],[19.943667,50.026807],[19.939636,50.02684],[19.937665,50.029105]]]}},{"type":"Feature","properties":{"hex_id":644,"pop_20_29":172.0,"total_30min":2,"dominant_label":"Uniwersytet Jagielloński","dominant_role":"uniwersytet","politechnika_30min":0,"uniwersytet_30min":2,"medyczny_30min":0},"geometry":{"type":"Polygon","coordinates":[[[19.937577,50.024607],[19.939636,50.02684],[19.943667,50.026807],[19.945639,50.024542],[19.943579,50.022309],[19.939549,50.022342],[19.937577,50.024607]]]}},{"type":"Feature","properties":{"hex_id":646,"pop_20_29":3.0,"total_30min":1,"dominant_label":"Uniwersytet Jagielloński","dominant_role":"uniwersytet","politechnika_30min":0,"uniwersytet_30min":1,"medyczny_30min":0},"geometry":{"type":"Polygon","coordinates":[[[19.937402,50.015611],[19.939461,50.017844],[19.943491,50.017811],[19.945462,50.015546],[19.943403,50.013314],[19.939373,50.013346],[19.937402,50.015611]]]}},{"type":"Feature","properties":{"hex_id":661,"pop_20_29":103.0,"total_30min":15,"dominant_label":"Politechnika Krakowska","dominant_role":"politechnika","politechnika_30min":14,"uniwersytet_30min":1,"medyczny_30min":0},"geometry":{"type":"Polygon","coordinates":[[[19.94508,50.09877],[19.947143,50.101003],[19.95118,50.10097],[19.953154,50.098704],[19.951091,50.096472],[19.947054,50.096505],[19.94508,50.09877]]]}},{"type":"Feature","properties":{"hex_id":662,"pop_20_29":243.0,"total_30min":18,"dominant_label":"Politechnika Krakowska","dominant_role":"politechnika","politechnika_30min":17,"uniwersytet_30min":1,"medyczny_30min":0},"geometry":{"type":"Polygon","coordinates":[[[19.944992,50.094273],[19.947054,50.096505],[19.951091,50.096472],[19.953065,50.094207],[19.951002,50.091974],[19.946966,50.092007],[19.944992,50.094273]]]}},{"type":"Feature","properties":{"hex_id":663,"pop_20_29":192.0,"total_30min":12,"dominant_label":"Politechnika Krakowska","dominant_role":"politechnika","politechnika_30min":12,"uniwersytet_30min":0,"medyczny_30min":0},"geometry":{"type":"Polygon","coordinates":[[[19.944903,50.089775],[19.946966,50.092007],[19.951002,50.091974],[19.952976,50.089709],[19.950913,50.087477],[19.946877,50.08751],[19.944903,50.089775]]]}},{"type":"Feature","properties":{"hex_id":664,"pop_20_29":213.0,"total_30min":18,"dominant_label":"Politechnika Krakowska","dominant_role":"politechnika","politechnika_30min":17,"uniwersytet_30min":1,"medyczny_30min":0},"geometry":{"type":"Polygon","coordinates":[[[19.944815,50.085277],[19.946877,50.08751],[19.950913,50.087477],[19.952887,50.085211],[19.950824,50.082979],[19.946789,50.083012],[19.944815,50.085277]]]}},{"type":"Feature","properties":{"hex_id":665,"pop_20_29":352.0,"total_30min":28,"dominant_label":"Politechnika Krakowska","dominant_role":"politechnika","politechnika_30min":17,"uniwersytet_30min":11,"medyczny_30min":0},"geometry":{"type":"Polygon","coordinates":[[[19.944727,50.080779],[19.946789,50.083012],[19.950824,50.082979],[19.952797,50.080714],[19.950735,50.078481],[19.9467,50.078514],[19.944727,50.080779]]]}},{"type":"Feature","properties":{"hex_id":666,"pop_20_29":53.0,"total_30min":39,"dominant_label":"Politechnika Krakowska","dominant_role":"politechnika","politechnika_30min":21,"uniwersytet_30min":18,"medyczny_30min":0},"geometry":{"type":"Polygon","coordinates":[[[19.944638,50.076282],[19.9467,50.078514],[19.950735,50.078481],[19.952708,50.076216],[19.950646,50.073984],[19.946611,50.074017],[19.944638,50.076282]]]}},{"type":"Feature","properties":{"hex_id":667,"pop_20_29":251.0,"total_30min":51,"dominant_label":"Politechnika Krakowska","dominant_role":"politechnika","politechnika_30min":31,"uniwersytet_30min":20,"medyczny_30min":0},"geometry":{"type":"Polygon","coordinates":[[[19.94455,50.071784],[19.946611,50.074017],[19.950646,50.073984],[19.952619,50.071718],[19.950557,50.069486],[19.946523,50.069519],[19.94455,50.071784]]]}},{"type":"Feature","properties":{"hex_id":668,"pop_20_29":161.0,"total_30min":56,"dominant_label":"Politechnika Krakowska","dominant_role":"politechnika","politechnika_30min":35,"uniwersytet_30min":21,"medyczny_30min":0},"geometry":{"type":"Polygon","coordinates":[[[19.944461,50.067286],[19.946523,50.069519],[19.950557,50.069486],[19.95253,50.06722],[19.950468,50.064988],[19.946434,50.065021],[19.944461,50.067286]]]}},{"type":"Feature","properties":{"hex_id":669,"pop_20_29":225.0,"total_30min":44,"dominant_label":"Politechnika Krakowska","dominant_role":"politechnika","politechnika_30min":28,"uniwersytet_30min":16,"medyczny_30min":0},"geometry":{"type":"Polygon","coordinates":[[[19.944373,50.062789],[19.946434,50.065021],[19.950468,50.064988],[19.952441,50.062723],[19.95038,50.06049],[19.946346,50.060523],[19.944373,50.062789]]]}},{"type":"Feature","properties":{"hex_id":670,"pop_20_29":416.0,"total_30min":34,"dominant_label":"Politechnika Krakowska","dominant_role":"politechnika","politechnika_30min":18,"uniwersytet_30min":16,"medyczny_30min":0},"geometry":{"type":"Polygon","coordinates":[[[19.944285,50.058291],[19.946346,50.060523],[19.95038,50.06049],[19.952352,50.058225],[19.950291,50.055993],[19.946257,50.056026],[19.944285,50.058291]]]}},{"type":"Feature","properties":{"hex_id":671,"pop_20_29":286.0,"total_30min":42,"dominant_label":"Politechnika Krakowska","dominant_role":"politechnika","politechnika_30min":25,"uniwersytet_30min":17,"medyczny_30min":0},"geometry":{"type":"Polygon","coordinates":[[[19.944197,50.053793],[19.946257,50.056026],[19.950291,50.055993],[19.952263,50.053727],[19.950202,50.051495],[19.946169,50.051528],[19.944197,50.053793]]]}},{"type":"Feature","properties":{"hex_id":672,"pop_20_29":201.0,"total_30min":18,"dominant_label":"Uniwersytet Jagielloński","dominant_role":"uniwersytet","politechnika_30min":4,"uniwersytet_30min":14,"medyczny_30min":0},"geometry":{"type":"Polygon","coordinates":[[[19.944108,50.049295],[19.946169,50.051528],[19.950202,50.051495],[19.952174,50.04923],[19.950113,50.046997],[19.94608,50.04703],[19.944108,50.049295]]]}},{"type":"Feature","properties":{"hex_id":673,"pop_20_29":263.0,"total_30min":26,"dominant_label":"Uniwersytet Jagielloński","dominant_role":"uniwersytet","politechnika_30min":7,"uniwersytet_30min":19,"medyczny_30min":0},"geometry":{"type":"Polygon","coordinates":[[[19.94402,50.044798],[19.94608,50.04703],[19.950113,50.046997],[19.952085,50.044732],[19.950024,50.0425],[19.945992,50.042532],[19.94402,50.044798]]]}},{"type":"Feature","properties":{"hex_id":674,"pop_20_29":53.0,"total_30min":11,"dominant_label":"Uniwersytet Jagielloński","dominant_role":"uniwersytet","politechnika_30min":0,"uniwersytet_30min":11,"medyczny_30min":0},"geometry":{"type":"Polygon","coordinates":[[[19.943932,50.0403],[19.945992,50.042532],[19.950024,50.0425],[19.951996,50.040234],[19.949936,50.038002],[19.945904,50.038035],[19.943932,50.0403]]]}},{"type":"Feature","properties":{"hex_id":675,"pop_20_29":64.0,"total_30min":14,"dominant_label":"Uniwersytet Jagielloński","dominant_role":"uniwersytet","politechnika_30min":0,"uniwersytet_30min":14,"medyczny_30min":0},"geometry":{"type":"Polygon","coordinates":[[[19.943844,50.035802],[19.945904,50.038035],[19.949936,50.038002],[19.951907,50.035736],[19.949847,50.033504],[19.945815,50.033537],[19.943844,50.035802]]]}},{"type":"Feature","properties":{"hex_id":680,"pop_20_29":225.0,"total_30min":2,"dominant_label":"Uniwersytet Jagielloński","dominant_role":"uniwersytet","politechnika_30min":0,"uniwersytet_30min":2,"medyczny_30min":0},"geometry":{"type":"Polygon","coordinates":[[[19.943403,50.013314],[19.945462,50.015546],[19.949492,50.015513],[19.951463,50.013248],[19.949403,50.011015],[19.945374,50.011048],[19.943403,50.013314]]]}},{"type":"Feature","properties":{"hex_id":693,"pop_20_29":323.0,"total_30min":10,"dominant_label":"Politechnika Krakowska","dominant_role":"politechnika","politechnika_30min":9,"uniwersytet_30min":1,"medyczny_30min":0},"geometry":{"type":"Polygon","coordinates":[[[19.95118,50.10097],[19.953243,50.103202],[19.957281,50.103169],[19.959254,50.100903],[19.957191,50.098671],[19.953154,50.098704],[19.95118,50.10097]]]}},{"type":"Feature","properties":{"hex_id":694,"pop_20_29":166.0,"total_30min":15,"dominant_label":"Politechnika Krakowska","dominant_role":"politechnika","politechnika_30min":14,"uniwersytet_30min":1,"medyczny_30min":0},"geometry":{"type":"Polygon","coordinates":[[[19.951091,50.096472],[19.953154,50.098704],[19.957191,50.098671],[19.959165,50.096406],[19.957101,50.094173],[19.953065,50.094207],[19.951091,50.096472]]]}},{"type":"Feature","properties":{"hex_id":695,"pop_20_29":316.0,"total_30min":15,"dominant_label":"Politechnika Krakowska","dominant_role":"politechnika","politechnika_30min":14,"uniwersytet_30min":1,"medyczny_30min":0},"geometry":{"type":"Polygon","coordinates":[[[19.951002,50.091974],[19.953065,50.094207],[19.957101,50.094173],[19.959075,50.091908],[19.957012,50.089676],[19.952976,50.089709],[19.951002,50.091974]]]}},{"type":"Feature","properties":{"hex_id":696,"pop_20_29":56.0,"total_30min":28,"dominant_label":"Politechnika Krakowska","dominant_role":"politechnika","politechnika_30min":17,"uniwersytet_30min":11,"medyczny_30min":0},"geometry":{"type":"Polygon","coordinates":[[[19.950913,50.087477],[19.952976,50.089709],[19.957012,50.089676],[19.958985,50.08741],[19.956922,50.085178],[19.952887,50.085211],[19.950913,50.087477]]]}},{"type":"Feature","properties":{"hex_id":697,"pop_20_29":562.0,"total_30min":28,"dominant_label":"Politechnika Krakowska","dominant_role":"politechnika","politechnika_30min":17,"uniwersytet_30min":11,"medyczny_30min":0},"geometry":{"type":"Polygon","coordinates":[[[19.950824,50.082979],[19.952887,50.085211],[19.956922,50.085178],[19.958895,50.082913],[19.956833,50.08068],[19.952797,50.080714],[19.950824,50.082979]]]}},{"type":"Feature","properties":{"hex_id":698,"pop_20_29":211.0,"total_30min":15,"dominant_label":"Politechnika Krakowska","dominant_role":"politechnika","politechnika_30min":14,"uniwersytet_30min":1,"medyczny_30min":0},"geometry":{"type":"Polygon","coordinates":[[[19.950735,50.078481],[19.952797,50.080714],[19.956833,50.08068],[19.958806,50.078415],[19.956743,50.076183],[19.952708,50.076216],[19.950735,50.078481]]]}},{"type":"Feature","properties":{"hex_id":699,"pop_20_29":74.0,"total_30min":23,"dominant_label":"Politechnika Krakowska","dominant_role":"politechnika","politechnika_30min":17,"uniwersytet_30min":6,"medyczny_30min":0},"geometry":{"type":"Polygon","coordinates":[[[19.950646,50.073984],[19.952708,50.076216],[19.956743,50.076183],[19.958716,50.073917],[19.956654,50.071685],[19.952619,50.071718],[19.950646,50.073984]]]}},{"type":"Feature","properties":{"hex_id":700,"pop_20_29":94.0,"total_30min":32,"dominant_label":"Politechnika Krakowska","dominant_role":"politechnika","politechnika_30min":28,"uniwersytet_30min":4,"medyczny_30min":0},"geometry":{"type":"Polygon","coordinates":[[[19.950557,50.069486],[19.952619,50.071718],[19.956654,50.071685],[19.958626,50.069419],[19.956564,50.067187],[19.95253,50.06722],[19.950557,50.069486]]]}},{"type":"Feature","properties":{"hex_id":701,"pop_20_29":220.0,"total_30min":54,"dominant_label":"Politechnika Krakowska","dominant_role":"politechnika","politechnika_30min":33,"uniwersytet_30min":21,"medyczny_30min":0},"geometry":{"type":"Polygon","coordinates":[[[19.950468,50.064988],[19.95253,50.06722],[19.956564,50.067187],[19.958537,50.064922],[19.956475,50.06269],[19.952441,50.062723],[19.950468,50.064988]]]}},{"type":"Feature","properties":{"hex_id":702,"pop_20_29":59.0,"total_30min":27,"dominant_label":"Politechnika Krakowska","dominant_role":"politechnika","politechnika_30min":22,"uniwersytet_30min":5,"medyczny_30min":0},"geometry":{"type":"Polygon","coordinates":[[[19.95038,50.06049],[19.952441,50.062723],[19.956475,50.06269],[19.958447,50.060424],[19.956385,50.058192],[19.952352,50.058225],[19.95038,50.06049]]]}},{"type":"Feature","properties":{"hex_id":703,"pop_20_29":436.0,"total_30min":23,"dominant_label":"Politechnika Krakowska","dominant_role":"politechnika","politechnika_30min":18,"uniwersytet_30min":5,"medyczny_30min":0},"geometry":{"type":"Polygon","coordinates":[[[19.950291,50.055993],[19.952352,50.058225],[19.956385,50.058192],[19.958357,50.055926],[19.956296,50.053694],[19.952263,50.053727],[19.950291,50.055993]]]}},{"type":"Feature","properties":{"hex_id":704,"pop_20_29":151.0,"total_30min":20,"dominant_label":"Uniwersytet Jagielloński","dominant_role":"uniwersytet","politechnika_30min":7,"uniwersytet_30min":13,"medyczny_30min":0},"geometry":{"type":"Polygon","coordinates":[[[19.950202,50.051495],[19.952263,50.053727],[19.956296,50.053694],[19.958268,50.051429],[19.956207,50.049196],[19.952174,50.04923],[19.950202,50.051495]]]}},{"type":"Feature","properties":{"hex_id":705,"pop_20_29":404.0,"total_30min":25,"dominant_label":"Uniwersytet Jagielloński","dominant_role":"uniwersytet","politechnika_30min":11,"uniwersytet_30min":14,"medyczny_30min":0},"geometry":{"type":"Polygon","coordinates":[[[19.950113,50.046997],[19.952174,50.04923],[19.956207,50.049196],[19.958178,50.046931],[19.956117,50.044699],[19.952085,50.044732],[19.950113,50.046997]]]}},{"type":"Feature","properties":{"hex_id":706,"pop_20_29":264.0,"total_30min":6,"dominant_label":"Uniwersytet Jagielloński","dominant_role":"uniwersytet","politechnika_30min":0,"uniwersytet_30min":6,"medyczny_30min":0},"geometry":{"type":"Polygon","coordinates":[[[19.950024,50.0425],[19.952085,50.044732],[19.956117,50.044699],[19.958089,50.042433],[19.956028,50.040201],[19.951996,50.040234],[19.950024,50.0425]]]}},{"type":"Feature","properties":{"hex_id":708,"pop_20_29":31.0,"total_30min":5,"dominant_label":"Uniwersytet Jagielloński","dominant_role":"uniwersytet","politechnika_30min":0,"uniwersytet_30min":5,"medyczny_30min":0},"geometry":{"type":"Polygon","coordinates":[[[19.949847,50.033504],[19.951907,50.035736],[19.955939,50.035703],[19.95791,50.033438],[19.955849,50.031206],[19.951818,50.031239],[19.949847,50.033504]]]}},{"type":"Feature","properties":{"hex_id":710,"pop_20_29":28.0,"total_30min":1,"dominant_label":"Uniwersytet Jagielloński","dominant_role":"uniwersytet","politechnika_30min":0,"uniwersytet_30min":1,"medyczny_30min":0},"geometry":{"type":"Polygon","coordinates":[[[19.949669,50.024509],[19.951729,50.026741],[19.95576,50.026708],[19.957731,50.024442],[19.955671,50.02221],[19.95164,50.022243],[19.949669,50.024509]]]}},{"type":"Feature","properties":{"hex_id":711,"pop_20_29":153.0,"total_30min":2,"dominant_label":"Uniwersytet Jagielloński","dominant_role":"uniwersytet","politechnika_30min":0,"uniwersytet_30min":2,"medyczny_30min":0},"geometry":{"type":"Polygon","coordinates":[[[19.949581,50.020011],[19.95164,50.022243],[19.955671,50.02221],[19.957641,50.019945],[19.955582,50.017712],[19.951551,50.017745],[19.949581,50.020011]]]}},{"type":"Feature","properties":{"hex_id":712,"pop_20_29":222.0,"total_30min":1,"dominant_label":"Uniwersytet Jagielloński","dominant_role":"uniwersytet","politechnika_30min":0,"uniwersytet_30min":1,"medyczny_30min":0},"geometry":{"type":"Polygon","coordinates":[[[19.949492,50.015513],[19.951551,50.017745],[19.955582,50.017712],[19.957552,50.015447],[19.955492,50.013215],[19.951463,50.013248],[19.949492,50.015513]]]}},{"type":"Feature","properties":{"hex_id":725,"pop_20_29":36.0,"total_30min":1,"dominant_label":"Politechnika Krakowska","dominant_role":"politechnika","politechnika_30min":1,"uniwersytet_30min":0,"medyczny_30min":0},"geometry":{"type":"Polygon","coordinates":[[[19.957281,50.103169],[19.959344,50.105401],[19.963382,50.105367],[19.965355,50.103102],[19.963292,50.10087],[19.959254,50.100903],[19.957281,50.103169]]]}},{"type":"Feature","properties":{"hex_id":726,"pop_20_29":558.0,"total_30min":7,"dominant_label":"Politechnika Krakowska","dominant_role":"politechnika","politechnika_30min":7,"uniwersytet_30min":0,"medyczny_30min":0},"geometry":{"type":"Polygon","coordinates":[[[19.957191,50.098671],[19.959254,50.100903],[19.963292,50.10087],[19.965265,50.098604],[19.963201,50.096372],[19.959165,50.096406],[19.957191,50.098671]]]}},{"type":"Feature","properties":{"hex_id":727,"pop_20_29":107.0,"total_30min":10,"dominant_label":"Politechnika Krakowska","dominant_role":"politechnika","politechnika_30min":10,"uniwersytet_30min":0,"medyczny_30min":0},"geometry":{"type":"Polygon","coordinates":[[[19.957101,50.094173],[19.959165,50.096406],[19.963201,50.096372],[19.965175,50.094107],[19.963111,50.091874],[19.959075,50.091908],[19.957101,50.094173]]]}},{"type":"Feature","properties":{"hex_id":728,"pop_20_29":547.0,"total_30min":15,"dominant_label":"Politechnika Krakowska","dominant_role":"politechnika","politechnika_30min":14,"uniwersytet_30min":1,"medyczny_30min":0},"geometry":{"type":"Polygon","coordinates":[[[19.957012,50.089676],[19.959075,50.091908],[19.963111,50.091874],[19.965084,50.089609],[19.963021,50.087377],[19.958985,50.08741],[19.957012,50.089676]]]}},{"type":"Feature","properties":{"hex_id":729,"pop_20_29":277.0,"total_30min":18,"dominant_label":"Politechnika Krakowska","dominant_role":"politechnika","politechnika_30min":17,"uniwersytet_30min":1,"medyczny_30min":0},"geometry":{"type":"Polygon","coordinates":[[[19.956922,50.085178],[19.958985,50.08741],[19.963021,50.087377],[19.964994,50.085111],[19.962931,50.082879],[19.958895,50.082913],[19.956922,50.085178]]]}},{"type":"Feature","properties":{"hex_id":730,"pop_20_29":271.0,"total_30min":26,"dominant_label":"Politechnika Krakowska","dominant_role":"politechnika","politechnika_30min":17,"uniwersytet_30min":9,"medyczny_30min":0},"geometry":{"type":"Polygon","coordinates":[[[19.956833,50.08068],[19.958895,50.082913],[19.962931,50.082879],[19.964904,50.080614],[19.962841,50.078381],[19.958806,50.078415],[19.956833,50.08068]]]}},{"type":"Feature","properties":{"hex_id":731,"pop_20_29":189.0,"total_30min":21,"dominant_label":"Politechnika Krakowska","dominant_role":"politechnika","politechnika_30min":17,"uniwersytet_30min":4,"medyczny_30min":0},"geometry":{"type":"Polygon","coordinates":[[[19.956743,50.076183],[19.958806,50.078415],[19.962841,50.078381],[19.964813,50.076116],[19.962751,50.073884],[19.958716,50.073917],[19.956743,50.076183]]]}},{"type":"Feature","properties":{"hex_id":732,"pop_20_29":241.0,"total_30min":29,"dominant_label":"Politechnika Krakowska","dominant_role":"politechnika","politechnika_30min":25,"uniwersytet_30min":4,"medyczny_30min":0},"geometry":{"type":"Polygon","coordinates":[[[19.956654,50.071685],[19.958716,50.073917],[19.962751,50.073884],[19.964723,50.071618],[19.962661,50.069386],[19.958626,50.069419],[19.956654,50.071685]]]}},{"type":"Feature","properties":{"hex_id":733,"pop_20_29":245.0,"total_30min":53,"dominant_label":"Politechnika Krakowska","dominant_role":"politechnika","politechnika_30min":33,"uniwersytet_30min":20,"medyczny_30min":0},"geometry":{"type":"Polygon","coordinates":[[[19.956564,50.067187],[19.958626,50.069419],[19.962661,50.069386],[19.964633,50.06712],[19.962571,50.064888],[19.958537,50.064922],[19.956564,50.067187]]]}},{"type":"Feature","properties":{"hex_id":734,"pop_20_29":79.0,"total_30min":52,"dominant_label":"Politechnika Krakowska","dominant_role":"politechnika","politechnika_30min":32,"uniwersytet_30min":20,"medyczny_30min":0},"geometry":{"type":"Polygon","coordinates":[[[19.956475,50.06269],[19.958537,50.064922],[19.962571,50.064888],[19.964543,50.062623],[19.962481,50.060391],[19.958447,50.060424],[19.956475,50.06269]]]}},{"type":"Feature","properties":{"hex_id":735,"pop_20_29":214.0,"total_30min":52,"dominant_label":"Politechnika Krakowska","dominant_role":"politechnika","politechnika_30min":32,"uniwersytet_30min":20,"medyczny_30min":0},"geometry":{"type":"Polygon","coordinates":[[[19.956385,50.058192],[19.958447,50.060424],[19.962481,50.060391],[19.964452,50.058125],[19.962391,50.055893],[19.958357,50.055926],[19.956385,50.058192]]]}},{"type":"Feature","properties":{"hex_id":736,"pop_20_29":298.0,"total_30min":28,"dominant_label":"Politechnika Krakowska","dominant_role":"politechnika","politechnika_30min":22,"uniwersytet_30min":6,"medyczny_30min":0},"geometry":{"type":"Polygon","coordinates":[[[19.956296,50.053694],[19.958357,50.055926],[19.962391,50.055893],[19.964362,50.053627],[19.962301,50.051395],[19.958268,50.051429],[19.956296,50.053694]]]}},{"type":"Feature","properties":{"hex_id":737,"pop_20_29":488.0,"total_30min":22,"dominant_label":"Politechnika Krakowska","dominant_role":"politechnika","politechnika_30min":16,"uniwersytet_30min":6,"medyczny_30min":0},"geometry":{"type":"Polygon","coordinates":[[[19.956207,50.049196],[19.958268,50.051429],[19.962301,50.051395],[19.964272,50.04913],[19.962211,50.046898],[19.958178,50.046931],[19.956207,50.049196]]]}},{"type":"Feature","properties":{"hex_id":738,"pop_20_29":370.0,"total_30min":8,"dominant_label":"Uniwersytet Jagielloński","dominant_role":"uniwersytet","politechnika_30min":1,"uniwersytet_30min":7,"medyczny_30min":0},"geometry":{"type":"Polygon","coordinates":[[[19.956117,50.044699],[19.958178,50.046931],[19.962211,50.046898],[19.964182,50.044632],[19.962121,50.0424],[19.958089,50.042433],[19.956117,50.044699]]]}},{"type":"Feature","properties":{"hex_id":742,"pop_20_29":30.0,"total_30min":13,"dominant_label":"Uniwersytet Jagielloński","dominant_role":"uniwersytet","politechnika_30min":0,"uniwersytet_30min":13,"medyczny_30min":0},"geometry":{"type":"Polygon","coordinates":[[[19.95576,50.026708],[19.95782,50.02894],[19.961851,50.028907],[19.963822,50.026641],[19.961761,50.024409],[19.957731,50.024442],[19.95576,50.026708]]]}},{"type":"Feature","properties":{"hex_id":743,"pop_20_29":378.0,"total_30min":2,"dominant_label":"Uniwersytet Jagielloński","dominant_role":"uniwersytet","politechnika_30min":0,"uniwersytet_30min":2,"medyczny_30min":0},"geometry":{"type":"Polygon","coordinates":[[[19.955671,50.02221],[19.957731,50.024442],[19.961761,50.024409],[19.963732,50.022143],[19.961672,50.019911],[19.957641,50.019945],[19.955671,50.02221]]]}},{"type":"Feature","properties":{"hex_id":744,"pop_20_29":71.0,"total_30min":1,"dominant_label":"Uniwersytet Jagielloński","dominant_role":"uniwersytet","politechnika_30min":0,"uniwersytet_30min":1,"medyczny_30min":0},"geometry":{"type":"Polygon","coordinates":[[[19.955582,50.017712],[19.957641,50.019945],[19.961672,50.019911],[19.963642,50.017646],[19.961582,50.015414],[19.957552,50.015447],[19.955582,50.017712]]]}},{"type":"Feature","properties":{"hex_id":759,"pop_20_29":118.0,"total_30min":12,"dominant_label":"Politechnika Krakowska","dominant_role":"politechnika","politechnika_30min":12,"uniwersytet_30min":0,"medyczny_30min":0},"geometry":{"type":"Polygon","coordinates":[[[19.963201,50.096372],[19.965265,50.098604],[19.969302,50.098571],[19.971275,50.096305],[19.969211,50.094073],[19.965175,50.094107],[19.963201,50.096372]]]}},{"type":"Feature","properties":{"hex_id":760,"pop_20_29":268.0,"total_30min":12,"dominant_label":"Politechnika Krakowska","dominant_role":"politechnika","politechnika_30min":12,"uniwersytet_30min":0,"medyczny_30min":0},"geometry":{"type":"Polygon","coordinates":[[[19.963111,50.091874],[19.965175,50.094107],[19.969211,50.094073],[19.971184,50.091807],[19.96912,50.089575],[19.965084,50.089609],[19.963111,50.091874]]]}},{"type":"Feature","properties":{"hex_id":761,"pop_20_29":256.0,"total_30min":18,"dominant_label":"Politechnika Krakowska","dominant_role":"politechnika","politechnika_30min":17,"uniwersytet_30min":1,"medyczny_30min":0},"geometry":{"type":"Polygon","coordinates":[[[19.963021,50.087377],[19.965084,50.089609],[19.96912,50.089575],[19.971093,50.08731],[19.96903,50.085078],[19.964994,50.085111],[19.963021,50.087377]]]}},{"type":"Feature","properties":{"hex_id":762,"pop_20_29":395.0,"total_30min":20,"dominant_label":"Politechnika Krakowska","dominant_role":"politechnika","politechnika_30min":17,"uniwersytet_30min":3,"medyczny_30min":0},"geometry":{"type":"Polygon","coordinates":[[[19.962931,50.082879],[19.964994,50.085111],[19.96903,50.085078],[19.971002,50.082812],[19.968939,50.08058],[19.964904,50.080614],[19.962931,50.082879]]]}},{"type":"Feature","properties":{"hex_id":763,"pop_20_29":155.0,"total_30min":15,"dominant_label":"Politechnika Krakowska","dominant_role":"politechnika","politechnika_30min":13,"uniwersytet_30min":2,"medyczny_30min":0},"geometry":{"type":"Polygon","coordinates":[[[19.962841,50.078381],[19.964904,50.080614],[19.968939,50.08058],[19.970911,50.078314],[19.968848,50.076082],[19.964813,50.076116],[19.962841,50.078381]]]}},{"type":"Feature","properties":{"hex_id":764,"pop_20_29":168.0,"total_30min":40,"dominant_label":"Politechnika Krakowska","dominant_role":"politechnika","politechnika_30min":25,"uniwersytet_30min":15,"medyczny_30min":0},"geometry":{"type":"Polygon","coordinates":[[[19.962751,50.073884],[19.964813,50.076116],[19.968848,50.076082],[19.97082,50.073817],[19.968758,50.071585],[19.964723,50.071618],[19.962751,50.073884]]]}},{"type":"Feature","properties":{"hex_id":765,"pop_20_29":148.0,"total_30min":36,"dominant_label":"Politechnika Krakowska","dominant_role":"politechnika","politechnika_30min":32,"uniwersytet_30min":4,"medyczny_30min":0},"geometry":{"type":"Polygon","coordinates":[[[19.962661,50.069386],[19.964723,50.071618],[19.968758,50.071585],[19.97073,50.069319],[19.968667,50.067087],[19.964633,50.06712],[19.962661,50.069386]]]}},{"type":"Feature","properties":{"hex_id":766,"pop_20_29":369.0,"total_30min":36,"dominant_label":"Politechnika Krakowska","dominant_role":"politechnika","politechnika_30min":32,"uniwersytet_30min":4,"medyczny_30min":0},"geometry":{"type":"Polygon","coordinates":[[[19.962571,50.064888],[19.964633,50.06712],[19.968667,50.067087],[19.970639,50.064821],[19.968577,50.062589],[19.964543,50.062623],[19.962571,50.064888]]]}},{"type":"Feature","properties":{"hex_id":767,"pop_20_29":489.0,"total_30min":42,"dominant_label":"Politechnika Krakowska","dominant_role":"politechnika","politechnika_30min":31,"uniwersytet_30min":11,"medyczny_30min":0},"geometry":{"type":"Polygon","coordinates":[[[19.962481,50.060391],[19.964543,50.062623],[19.968577,50.062589],[19.970548,50.060324],[19.968486,50.058092],[19.964452,50.058125],[19.962481,50.060391]]]}},{"type":"Feature","properties":{"hex_id":768,"pop_20_29":417.0,"total_30min":12,"dominant_label":"Politechnika Krakowska","dominant_role":"politechnika","politechnika_30min":10,"uniwersytet_30min":2,"medyczny_30min":0},"geometry":{"type":"Polygon","coordinates":[[[19.962391,50.055893],[19.964452,50.058125],[19.968486,50.058092],[19.970457,50.055826],[19.968395,50.053594],[19.964362,50.053627],[19.962391,50.055893]]]}},{"type":"Feature","properties":{"hex_id":769,"pop_20_29":121.0,"total_30min":1,"dominant_label":"Politechnika Krakowska","dominant_role":"politechnika","politechnika_30min":1,"uniwersytet_30min":0,"medyczny_30min":0},"geometry":{"type":"Polygon","coordinates":[[[19.962301,50.051395],[19.964362,50.053627],[19.968395,50.053594],[19.970367,50.051328],[19.968305,50.049096],[19.964272,50.04913],[19.962301,50.051395]]]}},{"type":"Feature","properties":{"hex_id":770,"pop_20_29":36.0,"total_30min":30,"dominant_label":"Politechnika Krakowska","dominant_role":"politechnika","politechnika_30min":25,"uniwersytet_30min":5,"medyczny_30min":0},"geometry":{"type":"Polygon","coordinates":[[[19.962211,50.046898],[19.964272,50.04913],[19.968305,50.049096],[19.970276,50.04683],[19.968214,50.044598],[19.964182,50.044632],[19.962211,50.046898]]]}},{"type":"Feature","properties":{"hex_id":773,"pop_20_29":176.0,"total_30min":1,"dominant_label":"Uniwersytet Jagielloński","dominant_role":"uniwersytet","politechnika_30min":0,"uniwersytet_30min":1,"medyczny_30min":0},"geometry":{"type":"Polygon","coordinates":[[[19.961941,50.033404],[19.964002,50.035637],[19.968034,50.035603],[19.970004,50.033337],[19.967943,50.031105],[19.963912,50.031139],[19.961941,50.033404]]]}},{"type":"Feature","properties":{"hex_id":774,"pop_20_29":39.0,"total_30min":2,"dominant_label":"Uniwersytet Jagielloński","dominant_role":"uniwersytet","politechnika_30min":0,"uniwersytet_30min":2,"medyczny_30min":0},"geometry":{"type":"Polygon","coordinates":[[[19.961851,50.028907],[19.963912,50.031139],[19.967943,50.031105],[19.969913,50.02884],[19.967853,50.026608],[19.963822,50.026641],[19.961851,50.028907]]]}},{"type":"Feature","properties":{"hex_id":775,"pop_20_29":61.0,"total_30min":2,"dominant_label":"Uniwersytet Jagielloński","dominant_role":"uniwersytet","politechnika_30min":0,"uniwersytet_30min":2,"medyczny_30min":0},"geometry":{"type":"Polygon","coordinates":[[[19.961761,50.024409],[19.963822,50.026641],[19.967853,50.026608],[19.969823,50.024342],[19.967762,50.02211],[19.963732,50.022143],[19.961761,50.024409]]]}},{"type":"Feature","properties":{"hex_id":776,"pop_20_29":149.0,"total_30min":1,"dominant_label":"Uniwersytet Jagielloński","dominant_role":"uniwersytet","politechnika_30min":0,"uniwersytet_30min":1,"medyczny_30min":0},"geometry":{"type":"Polygon","coordinates":[[[19.961672,50.019911],[19.963732,50.022143],[19.967762,50.02211],[19.969732,50.019844],[19.967672,50.017612],[19.963642,50.017646],[19.961672,50.019911]]]}},{"type":"Feature","properties":{"hex_id":777,"pop_20_29":222.0,"total_30min":1,"dominant_label":"Uniwersytet Jagielloński","dominant_role":"uniwersytet","politechnika_30min":0,"uniwersytet_30min":1,"medyczny_30min":0},"geometry":{"type":"Polygon","coordinates":[[[19.961582,50.015414],[19.963642,50.017646],[19.967672,50.017612],[19.969642,50.015347],[19.967582,50.013114],[19.963552,50.013148],[19.961582,50.015414]]]}},{"type":"Feature","properties":{"hex_id":790,"pop_20_29":53.0,"total_30min":6,"dominant_label":"Politechnika Krakowska","dominant_role":"politechnika","politechnika_30min":6,"uniwersytet_30min":0,"medyczny_30min":0},"geometry":{"type":"Polygon","coordinates":[[[19.969302,50.098571],[19.971366,50.100803],[19.975403,50.100769],[19.977376,50.098503],[19.975311,50.096271],[19.971275,50.096305],[19.969302,50.098571]]]}},{"type":"Feature","properties":{"hex_id":791,"pop_20_29":353.0,"total_30min":6,"dominant_label":"Politechnika Krakowska","dominant_role":"politechnika","politechnika_30min":6,"uniwersytet_30min":0,"medyczny_30min":0},"geometry":{"type":"Polygon","coordinates":[[[19.969211,50.094073],[19.971275,50.096305],[19.975311,50.096271],[19.977284,50.094005],[19.97522,50.091773],[19.971184,50.091807],[19.969211,50.094073]]]}},{"type":"Feature","properties":{"hex_id":792,"pop_20_29":261.0,"total_30min":18,"dominant_label":"Politechnika Krakowska","dominant_role":"politechnika","politechnika_30min":17,"uniwersytet_30min":1,"medyczny_30min":0},"geometry":{"type":"Polygon","coordinates":[[[19.96912,50.089575],[19.971184,50.091807],[19.97522,50.091773],[19.977193,50.089508],[19.975129,50.087276],[19.971093,50.08731],[19.96912,50.089575]]]}},{"type":"Feature","properties":{"hex_id":793,"pop_20_29":193.0,"total_30min":20,"dominant_label":"Politechnika Krakowska","dominant_role":"politechnika","politechnika_30min":18,"uniwersytet_30min":2,"medyczny_30min":0},"geometry":{"type":"Polygon","coordinates":[[[19.96903,50.085078],[19.971093,50.08731],[19.975129,50.087276],[19.977101,50.08501],[19.975038,50.082778],[19.971002,50.082812],[19.96903,50.085078]]]}},{"type":"Feature","properties":{"hex_id":794,"pop_20_29":277.0,"total_30min":46,"dominant_label":"Politechnika Krakowska","dominant_role":"politechnika","politechnika_30min":28,"uniwersytet_30min":18,"medyczny_30min":0},"geometry":{"type":"Polygon","coordinates":[[[19.968939,50.08058],[19.971002,50.082812],[19.975038,50.082778],[19.97701,50.080512],[19.974946,50.07828],[19.970911,50.078314],[19.968939,50.08058]]]}},{"type":"Feature","properties":{"hex_id":795,"pop_20_29":301.0,"total_30min":21,"dominant_label":"Politechnika Krakowska","dominant_role":"politechnika","politechnika_30min":19,"uniwersytet_30min":2,"medyczny_30min":0},"geometry":{"type":"Polygon","coordinates":[[[19.968848,50.076082],[19.970911,50.078314],[19.974946,50.07828],[19.976918,50.076015],[19.974855,50.073783],[19.97082,50.073817],[19.968848,50.076082]]]}},{"type":"Feature","properties":{"hex_id":796,"pop_20_29":151.0,"total_30min":18,"dominant_label":"Politechnika Krakowska","dominant_role":"politechnika","politechnika_30min":16,"uniwersytet_30min":2,"medyczny_30min":0},"geometry":{"type":"Polygon","coordinates":[[[19.968758,50.071585],[19.97082,50.073817],[19.974855,50.073783],[19.976827,50.071517],[19.974764,50.069285],[19.97073,50.069319],[19.968758,50.071585]]]}},{"type":"Feature","properties":{"hex_id":797,"pop_20_29":89.0,"total_30min":36,"dominant_label":"Politechnika Krakowska","dominant_role":"politechnika","politechnika_30min":32,"uniwersytet_30min":4,"medyczny_30min":0},"geometry":{"type":"Polygon","coordinates":[[[19.968667,50.067087],[19.97073,50.069319],[19.974764,50.069285],[19.976736,50.067019],[19.974673,50.064787],[19.970639,50.064821],[19.968667,50.067087]]]}},{"type":"Feature","properties":{"hex_id":798,"pop_20_29":495.0,"total_30min":29,"dominant_label":"Politechnika Krakowska","dominant_role":"politechnika","politechnika_30min":27,"uniwersytet_30min":2,"medyczny_30min":0},"geometry":{"type":"Polygon","coordinates":[[[19.968577,50.062589],[19.970639,50.064821],[19.974673,50.064787],[19.976644,50.062522],[19.974582,50.06029],[19.970548,50.060324],[19.968577,50.062589]]]}},{"type":"Feature","properties":{"hex_id":799,"pop_20_29":270.0,"total_30min":12,"dominant_label":"Politechnika Krakowska","dominant_role":"politechnika","politechnika_30min":10,"uniwersytet_30min":2,"medyczny_30min":0},"geometry":{"type":"Polygon","coordinates":[[[19.968486,50.058092],[19.970548,50.060324],[19.974582,50.06029],[19.976553,50.058024],[19.974491,50.055792],[19.970457,50.055826],[19.968486,50.058092]]]}},{"type":"Feature","properties":{"hex_id":801,"pop_20_29":20.0,"total_30min":18,"dominant_label":"Politechnika Krakowska","dominant_role":"politechnika","politechnika_30min":16,"uniwersytet_30min":2,"medyczny_30min":0},"geometry":{"type":"Polygon","coordinates":[[[19.968305,50.049096],[19.970367,50.051328],[19.9744,50.051294],[19.97637,50.049029],[19.974308,50.046797],[19.970276,50.04683],[19.968305,50.049096]]]}},{"type":"Feature","properties":{"hex_id":805,"pop_20_29":264.0,"total_30min":1,"dominant_label":"Uniwersytet Jagielloński","dominant_role":"uniwersytet","politechnika_30min":0,"uniwersytet_30min":1,"medyczny_30min":0},"geometry":{"type":"Polygon","coordinates":[[[19.967943,50.031105],[19.970004,50.033337],[19.974035,50.033304],[19.976006,50.031038],[19.973944,50.028806],[19.969913,50.02884],[19.967943,50.031105]]]}},{"type":"Feature","properties":{"hex_id":806,"pop_20_29":139.0,"total_30min":8,"dominant_label":"Uniwersytet Jagielloński","dominant_role":"uniwersytet","politechnika_30min":0,"uniwersytet_30min":8,"medyczny_30min":0},"geometry":{"type":"Polygon","coordinates":[[[19.967853,50.026608],[19.969913,50.02884],[19.973944,50.028806],[19.975914,50.02654],[19.973853,50.024308],[19.969823,50.024342],[19.967853,50.026608]]]}},{"type":"Feature","properties":{"hex_id":807,"pop_20_29":289.0,"total_30min":1,"dominant_label":"Uniwersytet Jagielloński","dominant_role":"uniwersytet","politechnika_30min":0,"uniwersytet_30min":1,"medyczny_30min":0},"geometry":{"type":"Polygon","coordinates":[[[19.967762,50.02211],[19.969823,50.024342],[19.973853,50.024308],[19.975823,50.022042],[19.973763,50.01981],[19.969732,50.019844],[19.967762,50.02211]]]}},{"type":"Feature","properties":{"hex_id":820,"pop_20_29":273.0,"total_30min":10,"dominant_label":"Politechnika Krakowska","dominant_role":"politechnika","politechnika_30min":10,"uniwersytet_30min":0,"medyczny_30min":0},"geometry":{"type":"Polygon","coordinates":[[[19.97522,50.091773],[19.977284,50.094005],[19.981321,50.093971],[19.983293,50.091705],[19.981229,50.089474],[19.977193,50.089508],[19.97522,50.091773]]]}},{"type":"Feature","properties":{"hex_id":821,"pop_20_29":275.0,"total_30min":18,"dominant_label":"Politechnika Krakowska","dominant_role":"politechnika","politechnika_30min":18,"uniwersytet_30min":0,"medyczny_30min":0},"geometry":{"type":"Polygon","coordinates":[[[19.975129,50.087276],[19.977193,50.089508],[19.981229,50.089474],[19.983201,50.087208],[19.981137,50.084976],[19.977101,50.08501],[19.975129,50.087276]]]}},{"type":"Feature","properties":{"hex_id":822,"pop_20_29":203.0,"total_30min":13,"dominant_label":"Politechnika Krakowska","dominant_role":"politechnika","politechnika_30min":11,"uniwersytet_30min":2,"medyczny_30min":0},"geometry":{"type":"Polygon","coordinates":[[[19.975038,50.082778],[19.977101,50.08501],[19.981137,50.084976],[19.983109,50.08271],[19.981045,50.080478],[19.97701,50.080512],[19.975038,50.082778]]]}},{"type":"Feature","properties":{"hex_id":823,"pop_20_29":607.0,"total_30min":15,"dominant_label":"Politechnika Krakowska","dominant_role":"politechnika","politechnika_30min":15,"uniwersytet_30min":0,"medyczny_30min":0},"geometry":{"type":"Polygon","coordinates":[[[19.974946,50.07828],[19.97701,50.080512],[19.981045,50.080478],[19.983017,50.078212],[19.980953,50.075981],[19.976918,50.076015],[19.974946,50.07828]]]}},{"type":"Feature","properties":{"hex_id":824,"pop_20_29":505.0,"total_30min":29,"dominant_label":"Politechnika Krakowska","dominant_role":"politechnika","politechnika_30min":27,"uniwersytet_30min":2,"medyczny_30min":0},"geometry":{"type":"Polygon","coordinates":[[[19.974855,50.073783],[19.976918,50.076015],[19.980953,50.075981],[19.982925,50.073715],[19.980862,50.071483],[19.976827,50.071517],[19.974855,50.073783]]]}},{"type":"Feature","properties":{"hex_id":825,"pop_20_29":515.0,"total_30min":36,"dominant_label":"Politechnika Krakowska","dominant_role":"politechnika","politechnika_30min":32,"uniwersytet_30min":4,"medyczny_30min":0},"geometry":{"type":"Polygon","coordinates":[[[19.974764,50.069285],[19.976827,50.071517],[19.980862,50.071483],[19.982833,50.069217],[19.98077,50.066985],[19.976736,50.067019],[19.974764,50.069285]]]}},{"type":"Feature","properties":{"hex_id":826,"pop_20_29":107.0,"total_30min":31,"dominant_label":"Politechnika Krakowska","dominant_role":"politechnika","politechnika_30min":29,"uniwersytet_30min":2,"medyczny_30min":0},"geometry":{"type":"Polygon","coordinates":[[[19.974673,50.064787],[19.976736,50.067019],[19.98077,50.066985],[19.982741,50.064719],[19.980678,50.062488],[19.976644,50.062522],[19.974673,50.064787]]]}},{"type":"Feature","properties":{"hex_id":827,"pop_20_29":511.0,"total_30min":33,"dominant_label":"Politechnika Krakowska","dominant_role":"politechnika","politechnika_30min":30,"uniwersytet_30min":3,"medyczny_30min":0},"geometry":{"type":"Polygon","coordinates":[[[19.974582,50.06029],[19.976644,50.062522],[19.980678,50.062488],[19.982649,50.060222],[19.980586,50.05799],[19.976553,50.058024],[19.974582,50.06029]]]}},{"type":"Feature","properties":{"hex_id":830,"pop_20_29":196.0,"total_30min":8,"dominant_label":"Politechnika Krakowska","dominant_role":"politechnika","politechnika_30min":6,"uniwersytet_30min":2,"medyczny_30min":0},"geometry":{"type":"Polygon","coordinates":[[[19.974308,50.046797],[19.97637,50.049029],[19.980403,50.048995],[19.982374,50.046729],[19.980311,50.044497],[19.976279,50.044531],[19.974308,50.046797]]]}},{"type":"Feature","properties":{"hex_id":831,"pop_20_29":127.0,"total_30min":12,"dominant_label":"Politechnika Krakowska","dominant_role":"politechnika","politechnika_30min":10,"uniwersytet_30min":2,"medyczny_30min":0},"geometry":{"type":"Polygon","coordinates":[[[19.974217,50.042299],[19.976279,50.044531],[19.980311,50.044497],[19.982282,50.042231],[19.98022,50.039999],[19.976188,50.040033],[19.974217,50.042299]]]}},{"type":"Feature","properties":{"hex_id":832,"pop_20_29":136.0,"total_30min":8,"dominant_label":"Politechnika Krakowska","dominant_role":"politechnika","politechnika_30min":6,"uniwersytet_30min":2,"medyczny_30min":0},"geometry":{"type":"Polygon","coordinates":[[[19.974126,50.037801],[19.976188,50.040033],[19.98022,50.039999],[19.98219,50.037733],[19.980128,50.035502],[19.976097,50.035536],[19.974126,50.037801]]]}},{"type":"Feature","properties":{"hex_id":833,"pop_20_29":14.0,"total_30min":13,"dominant_label":"Politechnika Krakowska","dominant_role":"politechnika","politechnika_30min":10,"uniwersytet_30min":3,"medyczny_30min":0},"geometry":{"type":"Polygon","coordinates":[[[19.974035,50.033304],[19.976097,50.035536],[19.980128,50.035502],[19.982098,50.033236],[19.980037,50.031004],[19.976006,50.031038],[19.974035,50.033304]]]}},{"type":"Feature","properties":{"hex_id":834,"pop_20_29":94.0,"total_30min":2,"dominant_label":"Politechnika Krakowska","dominant_role":"politechnika","politechnika_30min":1,"uniwersytet_30min":1,"medyczny_30min":0},"geometry":{"type":"Polygon","coordinates":[[[19.973944,50.028806],[19.976006,50.031038],[19.980037,50.031004],[19.982007,50.028738],[19.979945,50.026506],[19.975914,50.02654],[19.973944,50.028806]]]}},{"type":"Feature","properties":{"hex_id":835,"pop_20_29":143.0,"total_30min":2,"dominant_label":"Uniwersytet Jagielloński","dominant_role":"uniwersytet","politechnika_30min":0,"uniwersytet_30min":2,"medyczny_30min":0},"geometry":{"type":"Polygon","coordinates":[[[19.973853,50.024308],[19.975914,50.02654],[19.979945,50.026506],[19.981915,50.02424],[19.979854,50.022008],[19.975823,50.022042],[19.973853,50.024308]]]}},{"type":"Feature","properties":{"hex_id":836,"pop_20_29":399.0,"total_30min":2,"dominant_label":"Uniwersytet Jagielloński","dominant_role":"uniwersytet","politechnika_30min":0,"uniwersytet_30min":2,"medyczny_30min":0},"geometry":{"type":"Polygon","coordinates":[[[19.973763,50.01981],[19.975823,50.022042],[19.979854,50.022008],[19.981823,50.019743],[19.979762,50.017511],[19.975732,50.017545],[19.973763,50.01981]]]}},{"type":"Feature","properties":{"hex_id":849,"pop_20_29":573.0,"total_30min":1,"dominant_label":"Politechnika Krakowska","dominant_role":"politechnika","politechnika_30min":1,"uniwersytet_30min":0,"medyczny_30min":0},"geometry":{"type":"Polygon","coordinates":[[[19.981321,50.093971],[19.983385,50.096203],[19.987422,50.096169],[19.989394,50.093903],[19.987329,50.091671],[19.983293,50.091705],[19.981321,50.093971]]]}},{"type":"Feature","properties":{"hex_id":850,"pop_20_29":181.0,"total_30min":10,"dominant_label":"Politechnika Krakowska","dominant_role":"politechnika","politechnika_30min":10,"uniwersytet_30min":0,"medyczny_30min":0},"geometry":{"type":"Polygon","coordinates":[[[19.981229,50.089474],[19.983293,50.091705],[19.987329,50.091671],[19.989301,50.089405],[19.987237,50.087173],[19.983201,50.087208],[19.981229,50.089474]]]}},{"type":"Feature","properties":{"hex_id":851,"pop_20_29":95.0,"total_30min":10,"dominant_label":"Politechnika Krakowska","dominant_role":"politechnika","politechnika_30min":10,"uniwersytet_30min":0,"medyczny_30min":0},"geometry":{"type":"Polygon","coordinates":[[[19.981137,50.084976],[19.983201,50.087208],[19.987237,50.087173],[19.989208,50.084907],[19.987144,50.082676],[19.983109,50.08271],[19.981137,50.084976]]]}},{"type":"Feature","properties":{"hex_id":852,"pop_20_29":33.0,"total_30min":15,"dominant_label":"Politechnika Krakowska","dominant_role":"politechnika","politechnika_30min":15,"uniwersytet_30min":0,"medyczny_30min":0},"geometry":{"type":"Polygon","coordinates":[[[19.981045,50.080478],[19.983109,50.08271],[19.987144,50.082676],[19.989116,50.08041],[19.987052,50.078178],[19.983017,50.078212],[19.981045,50.080478]]]}},{"type":"Feature","properties":{"hex_id":853,"pop_20_29":280.0,"total_30min":18,"dominant_label":"Politechnika Krakowska","dominant_role":"politechnika","politechnika_30min":16,"uniwersytet_30min":2,"medyczny_30min":0},"geometry":{"type":"Polygon","coordinates":[[[19.980953,50.075981],[19.983017,50.078212],[19.987052,50.078178],[19.989023,50.075912],[19.98696,50.07368],[19.982925,50.073715],[19.980953,50.075981]]]}},{"type":"Feature","properties":{"hex_id":854,"pop_20_29":164.0,"total_30min":15,"dominant_label":"Politechnika Krakowska","dominant_role":"politechnika","politechnika_30min":15,"uniwersytet_30min":0,"medyczny_30min":0},"geometry":{"type":"Polygon","coordinates":[[[19.980862,50.071483],[19.982925,50.073715],[19.98696,50.07368],[19.988931,50.071414],[19.986867,50.069183],[19.982833,50.069217],[19.980862,50.071483]]]}},{"type":"Feature","properties":{"hex_id":855,"pop_20_29":447.0,"total_30min":15,"dominant_label":"Politechnika Krakowska","dominant_role":"politechnika","politechnika_30min":15,"uniwersytet_30min":0,"medyczny_30min":0},"geometry":{"type":"Polygon","coordinates":[[[19.98077,50.066985],[19.982833,50.069217],[19.986867,50.069183],[19.988838,50.066917],[19.986775,50.064685],[19.982741,50.064719],[19.98077,50.066985]]]}},{"type":"Feature","properties":{"hex_id":859,"pop_20_29":82.0,"total_30min":1,"dominant_label":"Politechnika Krakowska","dominant_role":"politechnika","politechnika_30min":1,"uniwersytet_30min":0,"medyczny_30min":0},"geometry":{"type":"Polygon","coordinates":[[[19.980403,50.048995],[19.982465,50.051226],[19.986498,50.051192],[19.988469,50.048926],[19.986406,50.046694],[19.982374,50.046729],[19.980403,50.048995]]]}},{"type":"Feature","properties":{"hex_id":861,"pop_20_29":140.0,"total_30min":12,"dominant_label":"Politechnika Krakowska","dominant_role":"politechnika","politechnika_30min":10,"uniwersytet_30min":2,"medyczny_30min":0},"geometry":{"type":"Polygon","coordinates":[[[19.98022,50.039999],[19.982282,50.042231],[19.986314,50.042197],[19.988284,50.039931],[19.986222,50.037699],[19.98219,50.037733],[19.98022,50.039999]]]}},{"type":"Feature","properties":{"hex_id":864,"pop_20_29":30.0,"total_30min":2,"dominant_label":"Uniwersytet Jagielloński","dominant_role":"uniwersytet","politechnika_30min":0,"uniwersytet_30min":2,"medyczny_30min":0},"geometry":{"type":"Polygon","coordinates":[[[19.979945,50.026506],[19.982007,50.028738],[19.986038,50.028704],[19.988007,50.026438],[19.985945,50.024206],[19.981915,50.02424],[19.979945,50.026506]]]}},{"type":"Feature","properties":{"hex_id":865,"pop_20_29":169.0,"total_30min":2,"dominant_label":"Uniwersytet Jagielloński","dominant_role":"uniwersytet","politechnika_30min":0,"uniwersytet_30min":2,"medyczny_30min":0},"geometry":{"type":"Polygon","coordinates":[[[19.979854,50.022008],[19.981915,50.02424],[19.985945,50.024206],[19.987915,50.02194],[19.985853,50.019708],[19.981823,50.019743],[19.979854,50.022008]]]}},{"type":"Feature","properties":{"hex_id":879,"pop_20_29":385.0,"total_30min":1,"dominant_label":"Politechnika Krakowska","dominant_role":"politechnika","politechnika_30min":1,"uniwersytet_30min":0,"medyczny_30min":0},"geometry":{"type":"Polygon","coordinates":[[[19.987422,50.096169],[19.989486,50.0984],[19.993523,50.098366],[19.995495,50.0961],[19.99343,50.093868],[19.989394,50.093903],[19.987422,50.096169]]]}},{"type":"Feature","properties":{"hex_id":881,"pop_20_29":80.0,"total_30min":5,"dominant_label":"Politechnika Krakowska","dominant_role":"politechnika","politechnika_30min":5,"uniwersytet_30min":0,"medyczny_30min":0},"geometry":{"type":"Polygon","coordinates":[[[19.987237,50.087173],[19.989301,50.089405],[19.993337,50.089371],[19.995309,50.087104],[19.993244,50.084873],[19.989208,50.084907],[19.987237,50.087173]]]}},{"type":"Feature","properties":{"hex_id":882,"pop_20_29":34.0,"total_30min":15,"dominant_label":"Politechnika Krakowska","dominant_role":"politechnika","politechnika_30min":15,"uniwersytet_30min":0,"medyczny_30min":0},"geometry":{"type":"Polygon","coordinates":[[[19.987144,50.082676],[19.989208,50.084907],[19.993244,50.084873],[19.995215,50.082607],[19.993151,50.080375],[19.989116,50.08041],[19.987144,50.082676]]]}},{"type":"Feature","properties":{"hex_id":884,"pop_20_29":112.0,"total_30min":36,"dominant_label":"Politechnika Krakowska","dominant_role":"politechnika","politechnika_30min":32,"uniwersytet_30min":4,"medyczny_30min":0},"geometry":{"type":"Polygon","coordinates":[[[19.98696,50.07368],[19.989023,50.075912],[19.993058,50.075878],[19.995029,50.073612],[19.992965,50.07138],[19.988931,50.071414],[19.98696,50.07368]]]}},{"type":"Feature","properties":{"hex_id":889,"pop_20_29":210.0,"total_30min":1,"dominant_label":"Politechnika Krakowska","dominant_role":"politechnika","politechnika_30min":1,"uniwersytet_30min":0,"medyczny_30min":0},"geometry":{"type":"Polygon","coordinates":[[[19.986498,50.051192],[19.988561,50.053424],[19.992594,50.053389],[19.994564,50.051123],[19.992501,50.048892],[19.988469,50.048926],[19.986498,50.051192]]]}},{"type":"Feature","properties":{"hex_id":896,"pop_20_29":112.0,"total_30min":2,"dominant_label":"Uniwersytet Jagielloński","dominant_role":"uniwersytet","politechnika_30min":0,"uniwersytet_30min":2,"medyczny_30min":0},"geometry":{"type":"Polygon","coordinates":[[[19.985853,50.019708],[19.987915,50.02194],[19.991945,50.021906],[19.993914,50.01964],[19.991852,50.017408],[19.987822,50.017442],[19.985853,50.019708]]]}},{"type":"Feature","properties":{"hex_id":910,"pop_20_29":264.0,"total_30min":2,"dominant_label":"Politechnika Krakowska","dominant_role":"politechnika","politechnika_30min":2,"uniwersytet_30min":0,"medyczny_30min":0},"geometry":{"type":"Polygon","coordinates":[[[19.99343,50.093868],[19.995495,50.0961],[19.999532,50.096065],[20.001503,50.093799],[19.999438,50.091567],[19.995402,50.091602],[19.99343,50.093868]]]}},{"type":"Feature","properties":{"hex_id":911,"pop_20_29":206.0,"total_30min":13,"dominant_label":"Politechnika Krakowska","dominant_role":"politechnika","politechnika_30min":13,"uniwersytet_30min":0,"medyczny_30min":0},"geometry":{"type":"Polygon","coordinates":[[[19.993337,50.089371],[19.995402,50.091602],[19.999438,50.091567],[20.001409,50.089301],[19.999344,50.08707],[19.995309,50.087104],[19.993337,50.089371]]]}},{"type":"Feature","properties":{"hex_id":912,"pop_20_29":282.0,"total_30min":15,"dominant_label":"Politechnika Krakowska","dominant_role":"politechnika","politechnika_30min":15,"uniwersytet_30min":0,"medyczny_30min":0},"geometry":{"type":"Polygon","coordinates":[[[19.993244,50.084873],[19.995309,50.087104],[19.999344,50.08707],[20.001315,50.084804],[19.999251,50.082572],[19.995215,50.082607],[19.993244,50.084873]]]}},{"type":"Feature","properties":{"hex_id":913,"pop_20_29":141.0,"total_30min":15,"dominant_label":"Politechnika Krakowska","dominant_role":"politechnika","politechnika_30min":15,"uniwersytet_30min":0,"medyczny_30min":0},"geometry":{"type":"Polygon","coordinates":[[[19.993151,50.080375],[19.995215,50.082607],[19.999251,50.082572],[20.001222,50.080306],[19.999157,50.078075],[19.995122,50.078109],[19.993151,50.080375]]]}},{"type":"Feature","properties":{"hex_id":915,"pop_20_29":131.0,"total_30min":18,"dominant_label":"Politechnika Krakowska","dominant_role":"politechnika","politechnika_30min":16,"uniwersytet_30min":2,"medyczny_30min":0},"geometry":{"type":"Polygon","coordinates":[[[19.992965,50.07138],[19.995029,50.073612],[19.999064,50.073577],[20.001034,50.071311],[19.99897,50.069079],[19.994936,50.069114],[19.992965,50.07138]]]}},{"type":"Feature","properties":{"hex_id":917,"pop_20_29":8.0,"total_30min":7,"dominant_label":"Politechnika Krakowska","dominant_role":"politechnika","politechnika_30min":7,"uniwersytet_30min":0,"medyczny_30min":0},"geometry":{"type":"Polygon","coordinates":[[[19.99278,50.062385],[19.994843,50.064616],[19.998877,50.064582],[20.000847,50.062315],[19.998784,50.060084],[19.99475,50.060119],[19.99278,50.062385]]]}},{"type":"Feature","properties":{"hex_id":928,"pop_20_29":74.0,"total_30min":1,"dominant_label":"Uniwersytet Jagielloński","dominant_role":"uniwersytet","politechnika_30min":0,"uniwersytet_30min":1,"medyczny_30min":0},"geometry":{"type":"Polygon","coordinates":[[[19.99176,50.01291],[19.993821,50.015142],[19.997851,50.015107],[19.999819,50.012841],[19.997758,50.01061],[19.993728,50.010644],[19.99176,50.01291]]]}},{"type":"Feature","properties":{"hex_id":940,"pop_20_29":386.0,"total_30min":2,"dominant_label":"Politechnika Krakowska","dominant_role":"politechnika","politechnika_30min":2,"uniwersytet_30min":0,"medyczny_30min":0},"geometry":{"type":"Polygon","coordinates":[[[19.999532,50.096065],[20.001597,50.098296],[20.005634,50.098262],[20.007605,50.095995],[20.005539,50.093764],[20.001503,50.093799],[19.999532,50.096065]]]}},{"type":"Feature","properties":{"hex_id":941,"pop_20_29":297.0,"total_30min":13,"dominant_label":"Politechnika Krakowska","dominant_role":"politechnika","politechnika_30min":13,"uniwersytet_30min":0,"medyczny_30min":0},"geometry":{"type":"Polygon","coordinates":[[[19.999438,50.091567],[20.001503,50.093799],[20.005539,50.093764],[20.00751,50.091498],[20.005445,50.089266],[20.001409,50.089301],[19.999438,50.091567]]]}},{"type":"Feature","properties":{"hex_id":942,"pop_20_29":173.0,"total_30min":20,"dominant_label":"Politechnika Krakowska","dominant_role":"politechnika","politechnika_30min":20,"uniwersytet_30min":0,"medyczny_30min":0},"geometry":{"type":"Polygon","coordinates":[[[19.999344,50.08707],[20.001409,50.089301],[20.005445,50.089266],[20.007416,50.087],[20.005351,50.084769],[20.001315,50.084804],[19.999344,50.08707]]]}},{"type":"Feature","properties":{"hex_id":943,"pop_20_29":693.0,"total_30min":15,"dominant_label":"Politechnika Krakowska","dominant_role":"politechnika","politechnika_30min":15,"uniwersytet_30min":0,"medyczny_30min":0},"geometry":{"type":"Polygon","coordinates":[[[19.999251,50.082572],[20.001315,50.084804],[20.005351,50.084769],[20.007322,50.082502],[20.005257,50.080271],[20.001222,50.080306],[19.999251,50.082572]]]}},{"type":"Feature","properties":{"hex_id":944,"pop_20_29":538.0,"total_30min":15,"dominant_label":"Politechnika Krakowska","dominant_role":"politechnika","politechnika_30min":15,"uniwersytet_30min":0,"medyczny_30min":0},"geometry":{"type":"Polygon","coordinates":[[[19.999157,50.078075],[20.001222,50.080306],[20.005257,50.080271],[20.007228,50.078005],[20.005163,50.075773],[20.001128,50.075808],[19.999157,50.078075]]]}},{"type":"Feature","properties":{"hex_id":945,"pop_20_29":94.0,"total_30min":31,"dominant_label":"Politechnika Krakowska","dominant_role":"politechnika","politechnika_30min":29,"uniwersytet_30min":2,"medyczny_30min":0},"geometry":{"type":"Polygon","coordinates":[[[19.999064,50.073577],[20.001128,50.075808],[20.005163,50.075773],[20.007133,50.073507],[20.005069,50.071276],[20.001034,50.071311],[19.999064,50.073577]]]}},{"type":"Feature","properties":{"hex_id":946,"pop_20_29":37.0,"total_30min":15,"dominant_label":"Politechnika Krakowska","dominant_role":"politechnika","politechnika_30min":15,"uniwersytet_30min":0,"medyczny_30min":0},"geometry":{"type":"Polygon","coordinates":[[[19.99897,50.069079],[20.001034,50.071311],[20.005069,50.071276],[20.007039,50.06901],[20.004975,50.066778],[20.000941,50.066813],[19.99897,50.069079]]]}},{"type":"Feature","properties":{"hex_id":958,"pop_20_29":475.0,"total_30min":2,"dominant_label":"Uniwersytet Jagielloński","dominant_role":"uniwersytet","politechnika_30min":0,"uniwersytet_30min":2,"medyczny_30min":0},"geometry":{"type":"Polygon","coordinates":[[[19.997851,50.015107],[19.999913,50.017339],[20.003943,50.017304],[20.005911,50.015038],[20.003849,50.012806],[19.999819,50.012841],[19.997851,50.015107]]]}},{"type":"Feature","properties":{"hex_id":971,"pop_20_29":425.0,"total_30min":2,"dominant_label":"Politechnika Krakowska","dominant_role":"politechnika","politechnika_30min":2,"uniwersytet_30min":0,"medyczny_30min":0},"geometry":{"type":"Polygon","coordinates":[[[20.005539,50.093764],[20.007605,50.095995],[20.011641,50.09596],[20.013612,50.093694],[20.011547,50.091463],[20.00751,50.091498],[20.005539,50.093764]]]}},{"type":"Feature","properties":{"hex_id":973,"pop_20_29":310.0,"total_30min":1,"dominant_label":"Politechnika Krakowska","dominant_role":"politechnika","politechnika_30min":1,"uniwersytet_30min":0,"medyczny_30min":0},"geometry":{"type":"Polygon","coordinates":[[[20.005351,50.084769],[20.007416,50.087],[20.011452,50.086965],[20.013423,50.084699],[20.011357,50.082467],[20.007322,50.082502],[20.005351,50.084769]]]}},{"type":"Feature","properties":{"hex_id":974,"pop_20_29":353.0,"total_30min":15,"dominant_label":"Politechnika Krakowska","dominant_role":"politechnika","politechnika_30min":15,"uniwersytet_30min":0,"medyczny_30min":0},"geometry":{"type":"Polygon","coordinates":[[[20.005257,50.080271],[20.007322,50.082502],[20.011357,50.082467],[20.013328,50.080201],[20.011263,50.07797],[20.007228,50.078005],[20.005257,50.080271]]]}},{"type":"Feature","properties":{"hex_id":975,"pop_20_29":370.0,"total_30min":18,"dominant_label":"Politechnika Krakowska","dominant_role":"politechnika","politechnika_30min":16,"uniwersytet_30min":2,"medyczny_30min":0},"geometry":{"type":"Polygon","coordinates":[[[20.005163,50.075773],[20.007228,50.078005],[20.011263,50.07797],[20.013233,50.075703],[20.011168,50.073472],[20.007133,50.073507],[20.005163,50.075773]]]}},{"type":"Feature","properties":{"hex_id":976,"pop_20_29":171.0,"total_30min":15,"dominant_label":"Politechnika Krakowska","dominant_role":"politechnika","politechnika_30min":15,"uniwersytet_30min":0,"medyczny_30min":0},"geometry":{"type":"Polygon","coordinates":[[[20.005069,50.071276],[20.007133,50.073507],[20.011168,50.073472],[20.013138,50.071206],[20.011074,50.068974],[20.007039,50.06901],[20.005069,50.071276]]]}},{"type":"Feature","properties":{"hex_id":977,"pop_20_29":146.0,"total_30min":15,"dominant_label":"Politechnika Krakowska","dominant_role":"politechnika","politechnika_30min":15,"uniwersytet_30min":0,"medyczny_30min":0},"geometry":{"type":"Polygon","coordinates":[[[20.004975,50.066778],[20.007039,50.06901],[20.011074,50.068974],[20.013043,50.066708],[20.010979,50.064477],[20.006945,50.064512],[20.004975,50.066778]]]}},{"type":"Feature","properties":{"hex_id":978,"pop_20_29":394.0,"total_30min":14,"dominant_label":"Politechnika Krakowska","dominant_role":"politechnika","politechnika_30min":14,"uniwersytet_30min":0,"medyczny_30min":0},"geometry":{"type":"Polygon","coordinates":[[[20.004881,50.062281],[20.006945,50.064512],[20.010979,50.064477],[20.012949,50.06221],[20.010885,50.059979],[20.006851,50.060014],[20.004881,50.062281]]]}},{"type":"Feature","properties":{"hex_id":988,"pop_20_29":348.0,"total_30min":1,"dominant_label":"Uniwersytet Jagielloński","dominant_role":"uniwersytet","politechnika_30min":0,"uniwersytet_30min":1,"medyczny_30min":0},"geometry":{"type":"Polygon","coordinates":[[[20.003943,50.017304],[20.006005,50.019535],[20.010035,50.0195],[20.012003,50.017234],[20.009941,50.015003],[20.005911,50.015038],[20.003943,50.017304]]]}},{"type":"Feature","properties":{"hex_id":989,"pop_20_29":408.0,"total_30min":1,"dominant_label":"Uniwersytet Jagielloński","dominant_role":"uniwersytet","politechnika_30min":0,"uniwersytet_30min":1,"medyczny_30min":0},"geometry":{"type":"Polygon","coordinates":[[[20.003849,50.012806],[20.005911,50.015038],[20.009941,50.015003],[20.011908,50.012736],[20.009846,50.010505],[20.005817,50.01054],[20.003849,50.012806]]]}},{"type":"Feature","properties":{"hex_id":999,"pop_20_29":383.0,"total_30min":6,"dominant_label":"Politechnika Krakowska","dominant_role":"politechnika","politechnika_30min":6,"uniwersytet_30min":0,"medyczny_30min":0},"geometry":{"type":"Polygon","coordinates":[[[20.011641,50.09596],[20.013707,50.098191],[20.017744,50.098156],[20.019715,50.09589],[20.017649,50.093658],[20.013612,50.093694],[20.011641,50.09596]]]}},{"type":"Feature","properties":{"hex_id":1000,"pop_20_29":334.0,"total_30min":15,"dominant_label":"Politechnika Krakowska","dominant_role":"politechnika","politechnika_30min":15,"uniwersytet_30min":0,"medyczny_30min":0},"geometry":{"type":"Polygon","coordinates":[[[20.011547,50.091463],[20.013612,50.093694],[20.017649,50.093658],[20.019619,50.091392],[20.017553,50.089161],[20.013517,50.089196],[20.011547,50.091463]]]}},{"type":"Feature","properties":{"hex_id":1001,"pop_20_29":523.0,"total_30min":6,"dominant_label":"Politechnika Krakowska","dominant_role":"politechnika","politechnika_30min":6,"uniwersytet_30min":0,"medyczny_30min":0},"geometry":{"type":"Polygon","coordinates":[[[20.011452,50.086965],[20.013517,50.089196],[20.017553,50.089161],[20.019524,50.086894],[20.017458,50.084663],[20.013423,50.084699],[20.011452,50.086965]]]}},{"type":"Feature","properties":{"hex_id":1002,"pop_20_29":463.0,"total_30min":14,"dominant_label":"Politechnika Krakowska","dominant_role":"politechnika","politechnika_30min":14,"uniwersytet_30min":0,"medyczny_30min":0},"geometry":{"type":"Polygon","coordinates":[[[20.011357,50.082467],[20.013423,50.084699],[20.017458,50.084663],[20.019428,50.082397],[20.017363,50.080166],[20.013328,50.080201],[20.011357,50.082467]]]}},{"type":"Feature","properties":{"hex_id":1003,"pop_20_29":367.0,"total_30min":15,"dominant_label":"Politechnika Krakowska","dominant_role":"politechnika","politechnika_30min":15,"uniwersytet_30min":0,"medyczny_30min":0},"geometry":{"type":"Polygon","coordinates":[[[20.011263,50.07797],[20.013328,50.080201],[20.017363,50.080166],[20.019333,50.077899],[20.017268,50.075668],[20.013233,50.075703],[20.011263,50.07797]]]}},{"type":"Feature","properties":{"hex_id":1004,"pop_20_29":153.0,"total_30min":18,"dominant_label":"Politechnika Krakowska","dominant_role":"politechnika","politechnika_30min":16,"uniwersytet_30min":2,"medyczny_30min":0},"geometry":{"type":"Polygon","coordinates":[[[20.011168,50.073472],[20.013233,50.075703],[20.017268,50.075668],[20.019238,50.073402],[20.017173,50.07117],[20.013138,50.071206],[20.011168,50.073472]]]}},{"type":"Feature","properties":{"hex_id":1005,"pop_20_29":77.0,"total_30min":15,"dominant_label":"Politechnika Krakowska","dominant_role":"politechnika","politechnika_30min":15,"uniwersytet_30min":0,"medyczny_30min":0},"geometry":{"type":"Polygon","coordinates":[[[20.011074,50.068974],[20.013138,50.071206],[20.017173,50.07117],[20.019142,50.068904],[20.017078,50.066673],[20.013043,50.066708],[20.011074,50.068974]]]}},{"type":"Feature","properties":{"hex_id":1006,"pop_20_29":521.0,"total_30min":6,"dominant_label":"Politechnika Krakowska","dominant_role":"politechnika","politechnika_30min":6,"uniwersytet_30min":0,"medyczny_30min":0},"geometry":{"type":"Polygon","coordinates":[[[20.010979,50.064477],[20.013043,50.066708],[20.017078,50.066673],[20.019047,50.064406],[20.016982,50.062175],[20.012949,50.06221],[20.010979,50.064477]]]}},{"type":"Feature","properties":{"hex_id":1029,"pop_20_29":255.0,"total_30min":8,"dominant_label":"Politechnika Krakowska","dominant_role":"politechnika","politechnika_30min":8,"uniwersytet_30min":0,"medyczny_30min":0},"geometry":{"type":"Polygon","coordinates":[[[20.017649,50.093658],[20.019715,50.09589],[20.023751,50.095854],[20.025722,50.093587],[20.023655,50.091356],[20.019619,50.091392],[20.017649,50.093658]]]}},{"type":"Feature","properties":{"hex_id":1030,"pop_20_29":395.0,"total_30min":15,"dominant_label":"Politechnika Krakowska","dominant_role":"politechnika","politechnika_30min":15,"uniwersytet_30min":0,"medyczny_30min":0},"geometry":{"type":"Polygon","coordinates":[[[20.017553,50.089161],[20.019619,50.091392],[20.023655,50.091356],[20.025626,50.08909],[20.02356,50.086859],[20.019524,50.086894],[20.017553,50.089161]]]}},{"type":"Feature","properties":{"hex_id":1031,"pop_20_29":578.0,"total_30min":15,"dominant_label":"Politechnika Krakowska","dominant_role":"politechnika","politechnika_30min":15,"uniwersytet_30min":0,"medyczny_30min":0},"geometry":{"type":"Polygon","coordinates":[[[20.017458,50.084663],[20.019524,50.086894],[20.02356,50.086859],[20.02553,50.084592],[20.023464,50.082361],[20.019428,50.082397],[20.017458,50.084663]]]}},{"type":"Feature","properties":{"hex_id":1032,"pop_20_29":338.0,"total_30min":15,"dominant_label":"Politechnika Krakowska","dominant_role":"politechnika","politechnika_30min":15,"uniwersytet_30min":0,"medyczny_30min":0},"geometry":{"type":"Polygon","coordinates":[[[20.017363,50.080166],[20.019428,50.082397],[20.023464,50.082361],[20.025434,50.080095],[20.023368,50.077864],[20.019333,50.077899],[20.017363,50.080166]]]}},{"type":"Feature","properties":{"hex_id":1033,"pop_20_29":288.0,"total_30min":18,"dominant_label":"Politechnika Krakowska","dominant_role":"politechnika","politechnika_30min":16,"uniwersytet_30min":2,"medyczny_30min":0},"geometry":{"type":"Polygon","coordinates":[[[20.017268,50.075668],[20.019333,50.077899],[20.023368,50.077864],[20.025338,50.075597],[20.023272,50.073366],[20.019238,50.073402],[20.017268,50.075668]]]}},{"type":"Feature","properties":{"hex_id":1034,"pop_20_29":108.0,"total_30min":15,"dominant_label":"Politechnika Krakowska","dominant_role":"politechnika","politechnika_30min":15,"uniwersytet_30min":0,"medyczny_30min":0},"geometry":{"type":"Polygon","coordinates":[[[20.017173,50.07117],[20.019238,50.073402],[20.023272,50.073366],[20.025242,50.071099],[20.023177,50.068868],[20.019142,50.068904],[20.017173,50.07117]]]}},{"type":"Feature","properties":{"hex_id":1055,"pop_20_29":280.0,"total_30min":6,"dominant_label":"Politechnika Krakowska","dominant_role":"politechnika","politechnika_30min":6,"uniwersytet_30min":0,"medyczny_30min":0},"geometry":{"type":"Polygon","coordinates":[[[20.02356,50.086859],[20.025626,50.08909],[20.029662,50.089054],[20.031631,50.086787],[20.029565,50.084556],[20.02553,50.084592],[20.02356,50.086859]]]}},{"type":"Feature","properties":{"hex_id":1056,"pop_20_29":450.0,"total_30min":15,"dominant_label":"Politechnika Krakowska","dominant_role":"politechnika","politechnika_30min":15,"uniwersytet_30min":0,"medyczny_30min":0},"geometry":{"type":"Polygon","coordinates":[[[20.023464,50.082361],[20.02553,50.084592],[20.029565,50.084556],[20.031535,50.08229],[20.029469,50.080059],[20.025434,50.080095],[20.023464,50.082361]]]}},{"type":"Feature","properties":{"hex_id":1057,"pop_20_29":243.0,"total_30min":15,"dominant_label":"Politechnika Krakowska","dominant_role":"politechnika","politechnika_30min":15,"uniwersytet_30min":0,"medyczny_30min":0},"geometry":{"type":"Polygon","coordinates":[[[20.023368,50.077864],[20.025434,50.080095],[20.029469,50.080059],[20.031438,50.077792],[20.029373,50.075561],[20.025338,50.075597],[20.023368,50.077864]]]}},{"type":"Feature","properties":{"hex_id":1058,"pop_20_29":191.0,"total_30min":15,"dominant_label":"Politechnika Krakowska","dominant_role":"politechnika","politechnika_30min":15,"uniwersytet_30min":0,"medyczny_30min":0},"geometry":{"type":"Polygon","coordinates":[[[20.023272,50.073366],[20.025338,50.075597],[20.029373,50.075561],[20.031342,50.073295],[20.029276,50.071064],[20.025242,50.071099],[20.023272,50.073366]]]}},{"type":"Feature","properties":{"hex_id":1059,"pop_20_29":189.0,"total_30min":15,"dominant_label":"Politechnika Krakowska","dominant_role":"politechnika","politechnika_30min":15,"uniwersytet_30min":0,"medyczny_30min":0},"geometry":{"type":"Polygon","coordinates":[[[20.023177,50.068868],[20.025242,50.071099],[20.029276,50.071064],[20.031245,50.068797],[20.02918,50.066566],[20.025146,50.066602],[20.023177,50.068868]]]}},{"type":"Feature","properties":{"hex_id":1081,"pop_20_29":185.0,"total_30min":13,"dominant_label":"Politechnika Krakowska","dominant_role":"politechnika","politechnika_30min":13,"uniwersytet_30min":0,"medyczny_30min":0},"geometry":{"type":"Polygon","coordinates":[[[20.029565,50.084556],[20.031631,50.086787],[20.035667,50.086751],[20.037636,50.084485],[20.03557,50.082254],[20.031535,50.08229],[20.029565,50.084556]]]}},{"type":"Feature","properties":{"hex_id":1082,"pop_20_29":292.0,"total_30min":13,"dominant_label":"Politechnika Krakowska","dominant_role":"politechnika","politechnika_30min":13,"uniwersytet_30min":0,"medyczny_30min":0},"geometry":{"type":"Polygon","coordinates":[[[20.029469,50.080059],[20.031535,50.08229],[20.03557,50.082254],[20.037539,50.079987],[20.035473,50.077756],[20.031438,50.077792],[20.029469,50.080059]]]}},{"type":"Feature","properties":{"hex_id":1083,"pop_20_29":347.0,"total_30min":15,"dominant_label":"Politechnika Krakowska","dominant_role":"politechnika","politechnika_30min":15,"uniwersytet_30min":0,"medyczny_30min":0},"geometry":{"type":"Polygon","coordinates":[[[20.029373,50.075561],[20.031438,50.077792],[20.035473,50.077756],[20.037442,50.075489],[20.035376,50.073259],[20.031342,50.073295],[20.029373,50.075561]]]}},{"type":"Feature","properties":{"hex_id":1084,"pop_20_29":145.0,"total_30min":15,"dominant_label":"Politechnika Krakowska","dominant_role":"politechnika","politechnika_30min":15,"uniwersytet_30min":0,"medyczny_30min":0},"geometry":{"type":"Polygon","coordinates":[[[20.029276,50.071064],[20.031342,50.073295],[20.035376,50.073259],[20.037345,50.070992],[20.03528,50.068761],[20.031245,50.068797],[20.029276,50.071064]]]}},{"type":"Feature","properties":{"hex_id":1085,"pop_20_29":47.0,"total_30min":13,"dominant_label":"Politechnika Krakowska","dominant_role":"politechnika","politechnika_30min":13,"uniwersytet_30min":0,"medyczny_30min":0},"geometry":{"type":"Polygon","coordinates":[[[20.02918,50.066566],[20.031245,50.068797],[20.03528,50.068761],[20.037248,50.066494],[20.035183,50.064264],[20.031149,50.064299],[20.02918,50.066566]]]}},{"type":"Feature","properties":{"hex_id":1107,"pop_20_29":19.0,"total_30min":8,"dominant_label":"Politechnika Krakowska","dominant_role":"politechnika","politechnika_30min":8,"uniwersytet_30min":0,"medyczny_30min":0},"geometry":{"type":"Polygon","coordinates":[[[20.035667,50.086751],[20.037734,50.088982],[20.04177,50.088946],[20.043739,50.086679],[20.041672,50.084448],[20.037636,50.084485],[20.035667,50.086751]]]}},{"type":"Feature","properties":{"hex_id":1109,"pop_20_29":433.0,"total_30min":8,"dominant_label":"Politechnika Krakowska","dominant_role":"politechnika","politechnika_30min":8,"uniwersytet_30min":0,"medyczny_30min":0},"geometry":{"type":"Polygon","coordinates":[[[20.035473,50.077756],[20.037539,50.079987],[20.041575,50.079951],[20.043543,50.077684],[20.041477,50.075453],[20.037442,50.075489],[20.035473,50.077756]]]}},{"type":"Feature","properties":{"hex_id":1110,"pop_20_29":520.0,"total_30min":15,"dominant_label":"Politechnika Krakowska","dominant_role":"politechnika","politechnika_30min":15,"uniwersytet_30min":0,"medyczny_30min":0},"geometry":{"type":"Polygon","coordinates":[[[20.035376,50.073259],[20.037442,50.075489],[20.041477,50.075453],[20.043446,50.073186],[20.04138,50.070956],[20.037345,50.070992],[20.035376,50.073259]]]}},{"type":"Feature","properties":{"hex_id":1111,"pop_20_29":173.0,"total_30min":15,"dominant_label":"Politechnika Krakowska","dominant_role":"politechnika","politechnika_30min":15,"uniwersytet_30min":0,"medyczny_30min":0},"geometry":{"type":"Polygon","coordinates":[[[20.03528,50.068761],[20.037345,50.070992],[20.04138,50.070956],[20.043348,50.068689],[20.041282,50.066458],[20.037248,50.066494],[20.03528,50.068761]]]}},{"type":"Feature","properties":{"hex_id":1134,"pop_20_29":279.0,"total_30min":6,"dominant_label":"Politechnika Krakowska","dominant_role":"politechnika","politechnika_30min":6,"uniwersytet_30min":0,"medyczny_30min":0},"geometry":{"type":"Polygon","coordinates":[[[20.041575,50.079951],[20.043641,50.082182],[20.047676,50.082145],[20.049645,50.079878],[20.047578,50.077648],[20.043543,50.077684],[20.041575,50.079951]]]}},{"type":"Feature","properties":{"hex_id":1135,"pop_20_29":435.0,"total_30min":15,"dominant_label":"Politechnika Krakowska","dominant_role":"politechnika","politechnika_30min":15,"uniwersytet_30min":0,"medyczny_30min":0},"geometry":{"type":"Polygon","coordinates":[[[20.041477,50.075453],[20.043543,50.077684],[20.047578,50.077648],[20.049547,50.075381],[20.04748,50.07315],[20.043446,50.073186],[20.041477,50.075453]]]}},{"type":"Feature","properties":{"hex_id":1136,"pop_20_29":390.0,"total_30min":13,"dominant_label":"Politechnika Krakowska","dominant_role":"politechnika","politechnika_30min":13,"uniwersytet_30min":0,"medyczny_30min":0},"geometry":{"type":"Polygon","coordinates":[[[20.04138,50.070956],[20.043446,50.073186],[20.04748,50.07315],[20.049449,50.070883],[20.047382,50.068653],[20.043348,50.068689],[20.04138,50.070956]]]}},{"type":"Feature","properties":{"hex_id":1137,"pop_20_29":226.0,"total_30min":1,"dominant_label":"Politechnika Krakowska","dominant_role":"politechnika","politechnika_30min":1,"uniwersytet_30min":0,"medyczny_30min":0},"geometry":{"type":"Polygon","coordinates":[[[20.041282,50.066458],[20.043348,50.068689],[20.047382,50.068653],[20.049351,50.066386],[20.047285,50.064155],[20.043251,50.064191],[20.041282,50.066458]]]}},{"type":"Feature","properties":{"hex_id":1161,"pop_20_29":93.0,"total_30min":15,"dominant_label":"Politechnika Krakowska","dominant_role":"politechnika","politechnika_30min":15,"uniwersytet_30min":0,"medyczny_30min":0},"geometry":{"type":"Polygon","coordinates":[[[20.047578,50.077648],[20.049645,50.079878],[20.05368,50.079842],[20.055649,50.077575],[20.053582,50.075344],[20.049547,50.075381],[20.047578,50.077648]]]}},{"type":"Feature","properties":{"hex_id":1162,"pop_20_29":302.0,"total_30min":14,"dominant_label":"Politechnika Krakowska","dominant_role":"politechnika","politechnika_30min":14,"uniwersytet_30min":0,"medyczny_30min":0},"geometry":{"type":"Polygon","coordinates":[[[20.04748,50.07315],[20.049547,50.075381],[20.053582,50.075344],[20.05555,50.073077],[20.053483,50.070847],[20.049449,50.070883],[20.04748,50.07315]]]}},{"type":"Feature","properties":{"hex_id":1163,"pop_20_29":230.0,"total_30min":13,"dominant_label":"Politechnika Krakowska","dominant_role":"politechnika","politechnika_30min":13,"uniwersytet_30min":0,"medyczny_30min":0},"geometry":{"type":"Polygon","coordinates":[[[20.047382,50.068653],[20.049449,50.070883],[20.053483,50.070847],[20.055451,50.068579],[20.053385,50.066349],[20.049351,50.066386],[20.047382,50.068653]]]}}]}