{"type":"FeatureCollection","name":"hex500","crs":{"type":"name","properties":{"name":"urn:ogc:def:crs:OGC:1.3:CRS84"}},"xy_coordinate_resolution":1e-06,"features":[{"type":"Feature","properties":{"hex_id":132,"pop_20_29":85.0,"total_30min":1,"dominant_label":"Warszawski Uniwersytet Medyczny","dominant_role":"medyczny","politechnika_30min":0,"uniwersytet_30min":0,"medyczny_30min":1},"geometry":{"type":"Polygon","coordinates":[[[20.892235,52.260154],[20.894445,52.262367],[20.898674,52.2623],[20.900692,52.260018],[20.898482,52.257805],[20.894254,52.257873],[20.892235,52.260154]]]}},{"type":"Feature","properties":{"hex_id":133,"pop_20_29":431.0,"total_30min":1,"dominant_label":"Warszawski Uniwersytet Medyczny","dominant_role":"medyczny","politechnika_30min":0,"uniwersytet_30min":0,"medyczny_30min":1},"geometry":{"type":"Polygon","coordinates":[[[20.892044,52.25566],[20.894254,52.257873],[20.898482,52.257805],[20.9005,52.255524],[20.89829,52.253311],[20.894062,52.253379],[20.892044,52.25566]]]}},{"type":"Feature","properties":{"hex_id":134,"pop_20_29":216.0,"total_30min":1,"dominant_label":"Warszawski Uniwersytet Medyczny","dominant_role":"medyczny","politechnika_30min":0,"uniwersytet_30min":0,"medyczny_30min":1},"geometry":{"type":"Polygon","coordinates":[[[20.891853,52.251166],[20.894062,52.253379],[20.89829,52.253311],[20.900308,52.25103],[20.898098,52.248817],[20.893871,52.248885],[20.891853,52.251166]]]}},{"type":"Feature","properties":{"hex_id":135,"pop_20_29":211.0,"total_30min":1,"dominant_label":"Warszawski Uniwersytet Medyczny","dominant_role":"medyczny","politechnika_30min":0,"uniwersytet_30min":0,"medyczny_30min":1},"geometry":{"type":"Polygon","coordinates":[[[20.891662,52.246672],[20.893871,52.248885],[20.898098,52.248817],[20.900116,52.246536],[20.897907,52.244323],[20.89368,52.244391],[20.891662,52.246672]]]}},{"type":"Feature","properties":{"hex_id":136,"pop_20_29":293.0,"total_30min":1,"dominant_label":"Warszawski Uniwersytet Medyczny","dominant_role":"medyczny","politechnika_30min":0,"uniwersytet_30min":0,"medyczny_30min":1},"geometry":{"type":"Polygon","coordinates":[[[20.89147,52.242178],[20.89368,52.244391],[20.897907,52.244323],[20.899924,52.242042],[20.897715,52.239829],[20.893488,52.239897],[20.89147,52.242178]]]}},{"type":"Feature","properties":{"hex_id":166,"pop_20_29":37.0,"total_30min":1,"dominant_label":"Warszawski Uniwersytet Medyczny","dominant_role":"medyczny","politechnika_30min":0,"uniwersytet_30min":0,"medyczny_30min":1},"geometry":{"type":"Polygon","coordinates":[[[20.89829,52.253311],[20.9005,52.255524],[20.904728,52.255456],[20.906746,52.253175],[20.904536,52.250962],[20.900308,52.25103],[20.89829,52.253311]]]}},{"type":"Feature","properties":{"hex_id":168,"pop_20_29":518.0,"total_30min":1,"dominant_label":"Warszawski Uniwersytet Medyczny","dominant_role":"medyczny","politechnika_30min":0,"uniwersytet_30min":0,"medyczny_30min":1},"geometry":{"type":"Polygon","coordinates":[[[20.897907,52.244323],[20.900116,52.246536],[20.904343,52.246468],[20.906361,52.244187],[20.904151,52.241974],[20.899924,52.242042],[20.897907,52.244323]]]}},{"type":"Feature","properties":{"hex_id":200,"pop_20_29":35.0,"total_30min":1,"dominant_label":"Warszawski Uniwersytet Medyczny","dominant_role":"medyczny","politechnika_30min":0,"uniwersytet_30min":0,"medyczny_30min":1},"geometry":{"type":"Polygon","coordinates":[[[20.904728,52.255456],[20.906939,52.257669],[20.911167,52.257601],[20.913184,52.255319],[20.910974,52.253107],[20.906746,52.253175],[20.904728,52.255456]]]}},{"type":"Feature","properties":{"hex_id":201,"pop_20_29":204.0,"total_30min":1,"dominant_label":"Warszawski Uniwersytet Medyczny","dominant_role":"medyczny","politechnika_30min":0,"uniwersytet_30min":0,"medyczny_30min":1},"geometry":{"type":"Polygon","coordinates":[[[20.904536,52.250962],[20.906746,52.253175],[20.910974,52.253107],[20.912991,52.250825],[20.910781,52.248612],[20.906553,52.248681],[20.904536,52.250962]]]}},{"type":"Feature","properties":{"hex_id":202,"pop_20_29":278.0,"total_30min":1,"dominant_label":"Warszawski Uniwersytet Medyczny","dominant_role":"medyczny","politechnika_30min":0,"uniwersytet_30min":0,"medyczny_30min":1},"geometry":{"type":"Polygon","coordinates":[[[20.904343,52.246468],[20.906553,52.248681],[20.910781,52.248612],[20.912798,52.246331],[20.910587,52.244118],[20.906361,52.244187],[20.904343,52.246468]]]}},{"type":"Feature","properties":{"hex_id":203,"pop_20_29":726.0,"total_30min":1,"dominant_label":"Warszawski Uniwersytet Medyczny","dominant_role":"medyczny","politechnika_30min":0,"uniwersytet_30min":0,"medyczny_30min":1},"geometry":{"type":"Polygon","coordinates":[[[20.904151,52.241974],[20.906361,52.244187],[20.910587,52.244118],[20.912604,52.241837],[20.910394,52.239624],[20.906168,52.239692],[20.904151,52.241974]]]}},{"type":"Feature","properties":{"hex_id":204,"pop_20_29":337.0,"total_30min":1,"dominant_label":"Warszawski Uniwersytet Medyczny","dominant_role":"medyczny","politechnika_30min":0,"uniwersytet_30min":0,"medyczny_30min":1},"geometry":{"type":"Polygon","coordinates":[[[20.903958,52.237479],[20.906168,52.239692],[20.910394,52.239624],[20.912411,52.237343],[20.910201,52.23513],[20.905975,52.235198],[20.903958,52.237479]]]}},{"type":"Feature","properties":{"hex_id":235,"pop_20_29":148.0,"total_30min":1,"dominant_label":"Warszawski Uniwersytet Medyczny","dominant_role":"medyczny","politechnika_30min":0,"uniwersytet_30min":0,"medyczny_30min":1},"geometry":{"type":"Polygon","coordinates":[[[20.911167,52.257601],[20.913378,52.259813],[20.917606,52.259745],[20.919623,52.257463],[20.917412,52.255251],[20.913184,52.255319],[20.911167,52.257601]]]}},{"type":"Feature","properties":{"hex_id":236,"pop_20_29":269.0,"total_30min":1,"dominant_label":"Warszawski Uniwersytet Medyczny","dominant_role":"medyczny","politechnika_30min":0,"uniwersytet_30min":0,"medyczny_30min":1},"geometry":{"type":"Polygon","coordinates":[[[20.910974,52.253107],[20.913184,52.255319],[20.917412,52.255251],[20.919429,52.252969],[20.917219,52.250757],[20.912991,52.250825],[20.910974,52.253107]]]}},{"type":"Feature","properties":{"hex_id":237,"pop_20_29":216.0,"total_30min":1,"dominant_label":"Warszawski Uniwersytet Medyczny","dominant_role":"medyczny","politechnika_30min":0,"uniwersytet_30min":0,"medyczny_30min":1},"geometry":{"type":"Polygon","coordinates":[[[20.910781,52.248612],[20.912991,52.250825],[20.917219,52.250757],[20.919235,52.248475],[20.917025,52.246262],[20.912798,52.246331],[20.910781,52.248612]]]}},{"type":"Feature","properties":{"hex_id":238,"pop_20_29":318.0,"total_30min":1,"dominant_label":"Warszawski Uniwersytet Medyczny","dominant_role":"medyczny","politechnika_30min":0,"uniwersytet_30min":0,"medyczny_30min":1},"geometry":{"type":"Polygon","coordinates":[[[20.910587,52.244118],[20.912798,52.246331],[20.917025,52.246262],[20.919041,52.243981],[20.916831,52.241768],[20.912604,52.241837],[20.910587,52.244118]]]}},{"type":"Feature","properties":{"hex_id":239,"pop_20_29":342.0,"total_30min":3,"dominant_label":"Politechnika Warszawska","dominant_role":"politechnika","politechnika_30min":1,"uniwersytet_30min":1,"medyczny_30min":1},"geometry":{"type":"Polygon","coordinates":[[[20.910394,52.239624],[20.912604,52.241837],[20.916831,52.241768],[20.918847,52.239487],[20.916637,52.237274],[20.912411,52.237343],[20.910394,52.239624]]]}},{"type":"Feature","properties":{"hex_id":240,"pop_20_29":314.0,"total_30min":1,"dominant_label":"Warszawski Uniwersytet Medyczny","dominant_role":"medyczny","politechnika_30min":0,"uniwersytet_30min":0,"medyczny_30min":1},"geometry":{"type":"Polygon","coordinates":[[[20.910201,52.23513],[20.912411,52.237343],[20.916637,52.237274],[20.918654,52.234993],[20.916444,52.23278],[20.912218,52.232849],[20.910201,52.23513]]]}},{"type":"Feature","properties":{"hex_id":241,"pop_20_29":306.0,"total_30min":1,"dominant_label":"Warszawski Uniwersytet Medyczny","dominant_role":"medyczny","politechnika_30min":0,"uniwersytet_30min":0,"medyczny_30min":1},"geometry":{"type":"Polygon","coordinates":[[[20.910008,52.230636],[20.912218,52.232849],[20.916444,52.23278],[20.91846,52.230499],[20.91625,52.228286],[20.912025,52.228355],[20.910008,52.230636]]]}},{"type":"Feature","properties":{"hex_id":274,"pop_20_29":68.0,"total_30min":1,"dominant_label":"Warszawski Uniwersytet Medyczny","dominant_role":"medyczny","politechnika_30min":0,"uniwersytet_30min":0,"medyczny_30min":1},"geometry":{"type":"Polygon","coordinates":[[[20.9178,52.264239],[20.920012,52.266452],[20.924241,52.266383],[20.926258,52.264101],[20.924046,52.261889],[20.919818,52.261958],[20.9178,52.264239]]]}},{"type":"Feature","properties":{"hex_id":275,"pop_20_29":319.0,"total_30min":1,"dominant_label":"Warszawski Uniwersytet Medyczny","dominant_role":"medyczny","politechnika_30min":0,"uniwersytet_30min":0,"medyczny_30min":1},"geometry":{"type":"Polygon","coordinates":[[[20.917606,52.259745],[20.919818,52.261958],[20.924046,52.261889],[20.926063,52.259607],[20.923852,52.257395],[20.919623,52.257463],[20.917606,52.259745]]]}},{"type":"Feature","properties":{"hex_id":276,"pop_20_29":390.0,"total_30min":1,"dominant_label":"Warszawski Uniwersytet Medyczny","dominant_role":"medyczny","politechnika_30min":0,"uniwersytet_30min":0,"medyczny_30min":1},"geometry":{"type":"Polygon","coordinates":[[[20.917412,52.255251],[20.919623,52.257463],[20.923852,52.257395],[20.925868,52.255113],[20.923657,52.2529],[20.919429,52.252969],[20.917412,52.255251]]]}},{"type":"Feature","properties":{"hex_id":277,"pop_20_29":308.0,"total_30min":1,"dominant_label":"Warszawski Uniwersytet Medyczny","dominant_role":"medyczny","politechnika_30min":0,"uniwersytet_30min":0,"medyczny_30min":1},"geometry":{"type":"Polygon","coordinates":[[[20.917219,52.250757],[20.919429,52.252969],[20.923657,52.2529],[20.925674,52.250619],[20.923463,52.248406],[20.919235,52.248475],[20.917219,52.250757]]]}},{"type":"Feature","properties":{"hex_id":278,"pop_20_29":176.0,"total_30min":1,"dominant_label":"Warszawski Uniwersytet Medyczny","dominant_role":"medyczny","politechnika_30min":0,"uniwersytet_30min":0,"medyczny_30min":1},"geometry":{"type":"Polygon","coordinates":[[[20.917025,52.246262],[20.919235,52.248475],[20.923463,52.248406],[20.925479,52.246125],[20.923268,52.243912],[20.919041,52.243981],[20.917025,52.246262]]]}},{"type":"Feature","properties":{"hex_id":279,"pop_20_29":435.0,"total_30min":1,"dominant_label":"Warszawski Uniwersytet Medyczny","dominant_role":"medyczny","politechnika_30min":0,"uniwersytet_30min":0,"medyczny_30min":1},"geometry":{"type":"Polygon","coordinates":[[[20.916831,52.241768],[20.919041,52.243981],[20.923268,52.243912],[20.925284,52.241631],[20.923074,52.239418],[20.918847,52.239487],[20.916831,52.241768]]]}},{"type":"Feature","properties":{"hex_id":280,"pop_20_29":26.0,"total_30min":1,"dominant_label":"Warszawski Uniwersytet Medyczny","dominant_role":"medyczny","politechnika_30min":0,"uniwersytet_30min":0,"medyczny_30min":1},"geometry":{"type":"Polygon","coordinates":[[[20.916637,52.237274],[20.918847,52.239487],[20.923074,52.239418],[20.92509,52.237137],[20.92288,52.234924],[20.918654,52.234993],[20.916637,52.237274]]]}},{"type":"Feature","properties":{"hex_id":313,"pop_20_29":298.0,"total_30min":1,"dominant_label":"Uniwersytet Warszawski","dominant_role":"uniwersytet","politechnika_30min":0,"uniwersytet_30min":1,"medyczny_30min":0},"geometry":{"type":"Polygon","coordinates":[[[20.925214,52.288853],[20.927428,52.291066],[20.931659,52.290996],[20.933677,52.288715],[20.931463,52.286502],[20.927233,52.286572],[20.925214,52.288853]]]}},{"type":"Feature","properties":{"hex_id":315,"pop_20_29":276.0,"total_30min":1,"dominant_label":"Uniwersytet Warszawski","dominant_role":"uniwersytet","politechnika_30min":0,"uniwersytet_30min":1,"medyczny_30min":0},"geometry":{"type":"Polygon","coordinates":[[[20.924825,52.279865],[20.927037,52.282078],[20.931268,52.282008],[20.933285,52.279727],[20.931073,52.277514],[20.926842,52.277583],[20.924825,52.279865]]]}},{"type":"Feature","properties":{"hex_id":318,"pop_20_29":36.0,"total_30min":1,"dominant_label":"Warszawski Uniwersytet Medyczny","dominant_role":"medyczny","politechnika_30min":0,"uniwersytet_30min":0,"medyczny_30min":1},"geometry":{"type":"Polygon","coordinates":[[[20.924241,52.266383],[20.926453,52.268595],[20.930682,52.268526],[20.932699,52.266245],[20.930487,52.264032],[20.926258,52.264101],[20.924241,52.266383]]]}},{"type":"Feature","properties":{"hex_id":319,"pop_20_29":52.0,"total_30min":1,"dominant_label":"Warszawski Uniwersytet Medyczny","dominant_role":"medyczny","politechnika_30min":0,"uniwersytet_30min":0,"medyczny_30min":1},"geometry":{"type":"Polygon","coordinates":[[[20.924046,52.261889],[20.926258,52.264101],[20.930487,52.264032],[20.932503,52.261751],[20.930291,52.259538],[20.926063,52.259607],[20.924046,52.261889]]]}},{"type":"Feature","properties":{"hex_id":320,"pop_20_29":261.0,"total_30min":1,"dominant_label":"Warszawski Uniwersytet Medyczny","dominant_role":"medyczny","politechnika_30min":0,"uniwersytet_30min":0,"medyczny_30min":1},"geometry":{"type":"Polygon","coordinates":[[[20.923852,52.257395],[20.926063,52.259607],[20.930291,52.259538],[20.932308,52.257256],[20.930096,52.255044],[20.925868,52.255113],[20.923852,52.257395]]]}},{"type":"Feature","properties":{"hex_id":321,"pop_20_29":255.0,"total_30min":1,"dominant_label":"Warszawski Uniwersytet Medyczny","dominant_role":"medyczny","politechnika_30min":0,"uniwersytet_30min":0,"medyczny_30min":1},"geometry":{"type":"Polygon","coordinates":[[[20.923657,52.2529],[20.925868,52.255113],[20.930096,52.255044],[20.932113,52.252762],[20.929901,52.25055],[20.925674,52.250619],[20.923657,52.2529]]]}},{"type":"Feature","properties":{"hex_id":322,"pop_20_29":117.0,"total_30min":1,"dominant_label":"Warszawski Uniwersytet Medyczny","dominant_role":"medyczny","politechnika_30min":0,"uniwersytet_30min":0,"medyczny_30min":1},"geometry":{"type":"Polygon","coordinates":[[[20.923463,52.248406],[20.925674,52.250619],[20.929901,52.25055],[20.931917,52.248268],[20.929706,52.246056],[20.925479,52.246125],[20.923463,52.248406]]]}},{"type":"Feature","properties":{"hex_id":323,"pop_20_29":40.0,"total_30min":1,"dominant_label":"Warszawski Uniwersytet Medyczny","dominant_role":"medyczny","politechnika_30min":0,"uniwersytet_30min":0,"medyczny_30min":1},"geometry":{"type":"Polygon","coordinates":[[[20.923268,52.243912],[20.925479,52.246125],[20.929706,52.246056],[20.931722,52.243774],[20.929511,52.241562],[20.925284,52.241631],[20.923268,52.243912]]]}},{"type":"Feature","properties":{"hex_id":324,"pop_20_29":242.0,"total_30min":1,"dominant_label":"Warszawski Uniwersytet Medyczny","dominant_role":"medyczny","politechnika_30min":0,"uniwersytet_30min":0,"medyczny_30min":1},"geometry":{"type":"Polygon","coordinates":[[[20.923074,52.239418],[20.925284,52.241631],[20.929511,52.241562],[20.931527,52.23928],[20.929316,52.237068],[20.92509,52.237137],[20.923074,52.239418]]]}},{"type":"Feature","properties":{"hex_id":326,"pop_20_29":69.0,"total_30min":1,"dominant_label":"Warszawski Uniwersytet Medyczny","dominant_role":"medyczny","politechnika_30min":0,"uniwersytet_30min":0,"medyczny_30min":1},"geometry":{"type":"Polygon","coordinates":[[[20.922685,52.23043],[20.924895,52.232643],[20.929121,52.232574],[20.931137,52.230292],[20.928926,52.228079],[20.924701,52.228148],[20.922685,52.23043]]]}},{"type":"Feature","properties":{"hex_id":327,"pop_20_29":1.0,"total_30min":1,"dominant_label":"Warszawski Uniwersytet Medyczny","dominant_role":"medyczny","politechnika_30min":0,"uniwersytet_30min":0,"medyczny_30min":1},"geometry":{"type":"Polygon","coordinates":[[[20.922491,52.225936],[20.924701,52.228148],[20.928926,52.228079],[20.930941,52.225798],[20.928732,52.223585],[20.924507,52.223654],[20.922491,52.225936]]]}},{"type":"Feature","properties":{"hex_id":358,"pop_20_29":409.0,"total_30min":1,"dominant_label":"Uniwersytet Warszawski","dominant_role":"uniwersytet","politechnika_30min":0,"uniwersytet_30min":1,"medyczny_30min":0},"geometry":{"type":"Polygon","coordinates":[[[20.931463,52.286502],[20.933677,52.288715],[20.937908,52.288645],[20.939925,52.286364],[20.937712,52.284151],[20.933481,52.284221],[20.931463,52.286502]]]}},{"type":"Feature","properties":{"hex_id":360,"pop_20_29":330.0,"total_30min":1,"dominant_label":"Uniwersytet Warszawski","dominant_role":"uniwersytet","politechnika_30min":0,"uniwersytet_30min":1,"medyczny_30min":0},"geometry":{"type":"Polygon","coordinates":[[[20.931073,52.277514],[20.933285,52.279727],[20.937516,52.279657],[20.939533,52.277376],[20.93732,52.275163],[20.93309,52.275233],[20.931073,52.277514]]]}},{"type":"Feature","properties":{"hex_id":361,"pop_20_29":396.0,"total_30min":1,"dominant_label":"Warszawski Uniwersytet Medyczny","dominant_role":"medyczny","politechnika_30min":0,"uniwersytet_30min":0,"medyczny_30min":1},"geometry":{"type":"Polygon","coordinates":[[[20.930877,52.27302],[20.93309,52.275233],[20.93732,52.275163],[20.939336,52.272882],[20.937124,52.270669],[20.932894,52.270739],[20.930877,52.27302]]]}},{"type":"Feature","properties":{"hex_id":362,"pop_20_29":209.0,"total_30min":1,"dominant_label":"Warszawski Uniwersytet Medyczny","dominant_role":"medyczny","politechnika_30min":0,"uniwersytet_30min":0,"medyczny_30min":1},"geometry":{"type":"Polygon","coordinates":[[[20.930682,52.268526],[20.932894,52.270739],[20.937124,52.270669],[20.93914,52.268388],[20.936928,52.266175],[20.932699,52.266245],[20.930682,52.268526]]]}},{"type":"Feature","properties":{"hex_id":363,"pop_20_29":47.0,"total_30min":1,"dominant_label":"Warszawski Uniwersytet Medyczny","dominant_role":"medyczny","politechnika_30min":0,"uniwersytet_30min":0,"medyczny_30min":1},"geometry":{"type":"Polygon","coordinates":[[[20.930487,52.264032],[20.932699,52.266245],[20.936928,52.266175],[20.938944,52.263894],[20.936732,52.261681],[20.932503,52.261751],[20.930487,52.264032]]]}},{"type":"Feature","properties":{"hex_id":364,"pop_20_29":188.0,"total_30min":1,"dominant_label":"Warszawski Uniwersytet Medyczny","dominant_role":"medyczny","politechnika_30min":0,"uniwersytet_30min":0,"medyczny_30min":1},"geometry":{"type":"Polygon","coordinates":[[[20.930291,52.259538],[20.932503,52.261751],[20.936732,52.261681],[20.938748,52.259399],[20.936536,52.257187],[20.932308,52.257256],[20.930291,52.259538]]]}},{"type":"Feature","properties":{"hex_id":365,"pop_20_29":231.0,"total_30min":1,"dominant_label":"Warszawski Uniwersytet Medyczny","dominant_role":"medyczny","politechnika_30min":0,"uniwersytet_30min":0,"medyczny_30min":1},"geometry":{"type":"Polygon","coordinates":[[[20.930096,52.255044],[20.932308,52.257256],[20.936536,52.257187],[20.938552,52.254905],[20.93634,52.252693],[20.932113,52.252762],[20.930096,52.255044]]]}},{"type":"Feature","properties":{"hex_id":367,"pop_20_29":64.0,"total_30min":1,"dominant_label":"Warszawski Uniwersytet Medyczny","dominant_role":"medyczny","politechnika_30min":0,"uniwersytet_30min":0,"medyczny_30min":1},"geometry":{"type":"Polygon","coordinates":[[[20.929706,52.246056],[20.931917,52.248268],[20.936145,52.248199],[20.93816,52.245917],[20.935949,52.243705],[20.931722,52.243774],[20.929706,52.246056]]]}},{"type":"Feature","properties":{"hex_id":368,"pop_20_29":100.0,"total_30min":1,"dominant_label":"Warszawski Uniwersytet Medyczny","dominant_role":"medyczny","politechnika_30min":0,"uniwersytet_30min":0,"medyczny_30min":1},"geometry":{"type":"Polygon","coordinates":[[[20.929511,52.241562],[20.931722,52.243774],[20.935949,52.243705],[20.937964,52.241423],[20.935753,52.239211],[20.931527,52.23928],[20.929511,52.241562]]]}},{"type":"Feature","properties":{"hex_id":369,"pop_20_29":445.0,"total_30min":1,"dominant_label":"Warszawski Uniwersytet Medyczny","dominant_role":"medyczny","politechnika_30min":0,"uniwersytet_30min":0,"medyczny_30min":1},"geometry":{"type":"Polygon","coordinates":[[[20.929316,52.237068],[20.931527,52.23928],[20.935753,52.239211],[20.937769,52.236929],[20.935558,52.234717],[20.931332,52.234786],[20.929316,52.237068]]]}},{"type":"Feature","properties":{"hex_id":372,"pop_20_29":425.0,"total_30min":2,"dominant_label":"Politechnika Warszawska","dominant_role":"politechnika","politechnika_30min":1,"uniwersytet_30min":0,"medyczny_30min":1},"geometry":{"type":"Polygon","coordinates":[[[20.928732,52.223585],[20.930941,52.225798],[20.935167,52.225729],[20.937181,52.223447],[20.934971,52.221235],[20.930746,52.221304],[20.928732,52.223585]]]}},{"type":"Feature","properties":{"hex_id":402,"pop_20_29":313.0,"total_30min":1,"dominant_label":"Uniwersytet Warszawski","dominant_role":"uniwersytet","politechnika_30min":0,"uniwersytet_30min":1,"medyczny_30min":0},"geometry":{"type":"Polygon","coordinates":[[[20.9383,52.297634],[20.940515,52.299846],[20.944747,52.299776],[20.946764,52.297494],[20.94455,52.295282],[20.940318,52.295352],[20.9383,52.297634]]]}},{"type":"Feature","properties":{"hex_id":404,"pop_20_29":656.0,"total_30min":1,"dominant_label":"Uniwersytet Warszawski","dominant_role":"uniwersytet","politechnika_30min":0,"uniwersytet_30min":1,"medyczny_30min":0},"geometry":{"type":"Polygon","coordinates":[[[20.937908,52.288645],[20.940122,52.290858],[20.944353,52.290788],[20.94637,52.288506],[20.944156,52.286294],[20.939925,52.286364],[20.937908,52.288645]]]}},{"type":"Feature","properties":{"hex_id":405,"pop_20_29":173.0,"total_30min":1,"dominant_label":"Uniwersytet Warszawski","dominant_role":"uniwersytet","politechnika_30min":0,"uniwersytet_30min":1,"medyczny_30min":0},"geometry":{"type":"Polygon","coordinates":[[[20.937712,52.284151],[20.939925,52.286364],[20.944156,52.286294],[20.946173,52.284012],[20.943959,52.2818],[20.939729,52.28187],[20.937712,52.284151]]]}},{"type":"Feature","properties":{"hex_id":408,"pop_20_29":530.0,"total_30min":1,"dominant_label":"Uniwersytet Warszawski","dominant_role":"uniwersytet","politechnika_30min":0,"uniwersytet_30min":1,"medyczny_30min":0},"geometry":{"type":"Polygon","coordinates":[[[20.937124,52.270669],[20.939336,52.272882],[20.943566,52.272812],[20.945582,52.27053],[20.943369,52.268318],[20.93914,52.268388],[20.937124,52.270669]]]}},{"type":"Feature","properties":{"hex_id":410,"pop_20_29":24.0,"total_30min":1,"dominant_label":"Warszawski Uniwersytet Medyczny","dominant_role":"medyczny","politechnika_30min":0,"uniwersytet_30min":0,"medyczny_30min":1},"geometry":{"type":"Polygon","coordinates":[[[20.936732,52.261681],[20.938944,52.263894],[20.943173,52.263824],[20.945189,52.261542],[20.942976,52.25933],[20.938748,52.259399],[20.936732,52.261681]]]}},{"type":"Feature","properties":{"hex_id":411,"pop_20_29":26.0,"total_30min":1,"dominant_label":"Warszawski Uniwersytet Medyczny","dominant_role":"medyczny","politechnika_30min":0,"uniwersytet_30min":0,"medyczny_30min":1},"geometry":{"type":"Polygon","coordinates":[[[20.936536,52.257187],[20.938748,52.259399],[20.942976,52.25933],[20.944992,52.257048],[20.94278,52.254836],[20.938552,52.254905],[20.936536,52.257187]]]}},{"type":"Feature","properties":{"hex_id":414,"pop_20_29":289.0,"total_30min":1,"dominant_label":"Warszawski Uniwersytet Medyczny","dominant_role":"medyczny","politechnika_30min":0,"uniwersytet_30min":0,"medyczny_30min":1},"geometry":{"type":"Polygon","coordinates":[[[20.935949,52.243705],[20.93816,52.245917],[20.942387,52.245848],[20.944402,52.243566],[20.942191,52.241354],[20.937964,52.241423],[20.935949,52.243705]]]}},{"type":"Feature","properties":{"hex_id":415,"pop_20_29":515.0,"total_30min":13,"dominant_label":"Uniwersytet Warszawski","dominant_role":"uniwersytet","politechnika_30min":3,"uniwersytet_30min":9,"medyczny_30min":1},"geometry":{"type":"Polygon","coordinates":[[[20.935753,52.239211],[20.937964,52.241423],[20.942191,52.241354],[20.944206,52.239072],[20.941995,52.23686],[20.937769,52.236929],[20.935753,52.239211]]]}},{"type":"Feature","properties":{"hex_id":416,"pop_20_29":490.0,"total_30min":1,"dominant_label":"Warszawski Uniwersytet Medyczny","dominant_role":"medyczny","politechnika_30min":0,"uniwersytet_30min":0,"medyczny_30min":1},"geometry":{"type":"Polygon","coordinates":[[[20.935558,52.234717],[20.937769,52.236929],[20.941995,52.23686],[20.94401,52.234578],[20.941799,52.232366],[20.937573,52.232435],[20.935558,52.234717]]]}},{"type":"Feature","properties":{"hex_id":417,"pop_20_29":273.0,"total_30min":1,"dominant_label":"Warszawski Uniwersytet Medyczny","dominant_role":"medyczny","politechnika_30min":0,"uniwersytet_30min":0,"medyczny_30min":1},"geometry":{"type":"Polygon","coordinates":[[[20.935362,52.230223],[20.937573,52.232435],[20.941799,52.232366],[20.943813,52.230084],[20.941602,52.227872],[20.937377,52.227941],[20.935362,52.230223]]]}},{"type":"Feature","properties":{"hex_id":418,"pop_20_29":749.0,"total_30min":5,"dominant_label":"Politechnika Warszawska","dominant_role":"politechnika","politechnika_30min":3,"uniwersytet_30min":1,"medyczny_30min":1},"geometry":{"type":"Polygon","coordinates":[[[20.935167,52.225729],[20.937377,52.227941],[20.941602,52.227872],[20.943617,52.22559],[20.941406,52.223377],[20.937181,52.223447],[20.935167,52.225729]]]}},{"type":"Feature","properties":{"hex_id":451,"pop_20_29":276.0,"total_30min":1,"dominant_label":"Uniwersytet Warszawski","dominant_role":"uniwersytet","politechnika_30min":0,"uniwersytet_30min":1,"medyczny_30min":0},"geometry":{"type":"Polygon","coordinates":[[[20.944353,52.290788],[20.946567,52.293],[20.950799,52.29293],[20.952816,52.290648],[20.950601,52.288436],[20.94637,52.288506],[20.944353,52.290788]]]}},{"type":"Feature","properties":{"hex_id":452,"pop_20_29":16.0,"total_30min":1,"dominant_label":"Uniwersytet Warszawski","dominant_role":"uniwersytet","politechnika_30min":0,"uniwersytet_30min":1,"medyczny_30min":0},"geometry":{"type":"Polygon","coordinates":[[[20.944156,52.286294],[20.94637,52.288506],[20.950601,52.288436],[20.952618,52.286154],[20.950404,52.283942],[20.946173,52.284012],[20.944156,52.286294]]]}},{"type":"Feature","properties":{"hex_id":453,"pop_20_29":252.0,"total_30min":3,"dominant_label":"Uniwersytet Warszawski","dominant_role":"uniwersytet","politechnika_30min":1,"uniwersytet_30min":2,"medyczny_30min":0},"geometry":{"type":"Polygon","coordinates":[[[20.943959,52.2818],[20.946173,52.284012],[20.950404,52.283942],[20.95242,52.28166],[20.950206,52.279448],[20.945976,52.279518],[20.943959,52.2818]]]}},{"type":"Feature","properties":{"hex_id":454,"pop_20_29":255.0,"total_30min":2,"dominant_label":"Uniwersytet Warszawski","dominant_role":"uniwersytet","politechnika_30min":0,"uniwersytet_30min":2,"medyczny_30min":0},"geometry":{"type":"Polygon","coordinates":[[[20.943763,52.277306],[20.945976,52.279518],[20.950206,52.279448],[20.952223,52.277166],[20.950009,52.274954],[20.945779,52.275024],[20.943763,52.277306]]]}},{"type":"Feature","properties":{"hex_id":455,"pop_20_29":354.0,"total_30min":1,"dominant_label":"Uniwersytet Warszawski","dominant_role":"uniwersytet","politechnika_30min":0,"uniwersytet_30min":1,"medyczny_30min":0},"geometry":{"type":"Polygon","coordinates":[[[20.943566,52.272812],[20.945779,52.275024],[20.950009,52.274954],[20.952025,52.272672],[20.949812,52.27046],[20.945582,52.27053],[20.943566,52.272812]]]}},{"type":"Feature","properties":{"hex_id":456,"pop_20_29":462.0,"total_30min":2,"dominant_label":"Uniwersytet Warszawski","dominant_role":"uniwersytet","politechnika_30min":0,"uniwersytet_30min":1,"medyczny_30min":1},"geometry":{"type":"Polygon","coordinates":[[[20.943369,52.268318],[20.945582,52.27053],[20.949812,52.27046],[20.951828,52.268178],[20.949615,52.265966],[20.945386,52.266036],[20.943369,52.268318]]]}},{"type":"Feature","properties":{"hex_id":460,"pop_20_29":9.0,"total_30min":1,"dominant_label":"Warszawski Uniwersytet Medyczny","dominant_role":"medyczny","politechnika_30min":0,"uniwersytet_30min":0,"medyczny_30min":1},"geometry":{"type":"Polygon","coordinates":[[[20.942584,52.250342],[20.944796,52.252554],[20.949023,52.252484],[20.951038,52.250202],[20.948826,52.24799],[20.944599,52.24806],[20.942584,52.250342]]]}},{"type":"Feature","properties":{"hex_id":461,"pop_20_29":340.0,"total_30min":1,"dominant_label":"Warszawski Uniwersytet Medyczny","dominant_role":"medyczny","politechnika_30min":0,"uniwersytet_30min":0,"medyczny_30min":1},"geometry":{"type":"Polygon","coordinates":[[[20.942387,52.245848],[20.944599,52.24806],[20.948826,52.24799],[20.950841,52.245708],[20.948629,52.243496],[20.944402,52.243566],[20.942387,52.245848]]]}},{"type":"Feature","properties":{"hex_id":462,"pop_20_29":427.0,"total_30min":10,"dominant_label":"Uniwersytet Warszawski","dominant_role":"uniwersytet","politechnika_30min":2,"uniwersytet_30min":7,"medyczny_30min":1},"geometry":{"type":"Polygon","coordinates":[[[20.942191,52.241354],[20.944402,52.243566],[20.948629,52.243496],[20.950644,52.241214],[20.948432,52.239002],[20.944206,52.239072],[20.942191,52.241354]]]}},{"type":"Feature","properties":{"hex_id":463,"pop_20_29":489.0,"total_30min":2,"dominant_label":"Politechnika Warszawska","dominant_role":"politechnika","politechnika_30min":1,"uniwersytet_30min":0,"medyczny_30min":1},"geometry":{"type":"Polygon","coordinates":[[[20.941995,52.23686],[20.944206,52.239072],[20.948432,52.239002],[20.950447,52.23672],[20.948236,52.234508],[20.94401,52.234578],[20.941995,52.23686]]]}},{"type":"Feature","properties":{"hex_id":464,"pop_20_29":91.0,"total_30min":1,"dominant_label":"Warszawski Uniwersytet Medyczny","dominant_role":"medyczny","politechnika_30min":0,"uniwersytet_30min":0,"medyczny_30min":1},"geometry":{"type":"Polygon","coordinates":[[[20.941799,52.232366],[20.94401,52.234578],[20.948236,52.234508],[20.95025,52.232226],[20.948039,52.230014],[20.943813,52.230084],[20.941799,52.232366]]]}},{"type":"Feature","properties":{"hex_id":465,"pop_20_29":117.0,"total_30min":2,"dominant_label":"Politechnika Warszawska","dominant_role":"politechnika","politechnika_30min":1,"uniwersytet_30min":0,"medyczny_30min":1},"geometry":{"type":"Polygon","coordinates":[[[20.941602,52.227872],[20.943813,52.230084],[20.948039,52.230014],[20.950053,52.227732],[20.947842,52.22552],[20.943617,52.22559],[20.941602,52.227872]]]}},{"type":"Feature","properties":{"hex_id":466,"pop_20_29":578.0,"total_30min":1,"dominant_label":"Warszawski Uniwersytet Medyczny","dominant_role":"medyczny","politechnika_30min":0,"uniwersytet_30min":0,"medyczny_30min":1},"geometry":{"type":"Polygon","coordinates":[[[20.941406,52.223377],[20.943617,52.22559],[20.947842,52.22552],[20.949856,52.223238],[20.947645,52.221026],[20.943421,52.221096],[20.941406,52.223377]]]}},{"type":"Feature","properties":{"hex_id":499,"pop_20_29":132.0,"total_30min":3,"dominant_label":"Uniwersytet Warszawski","dominant_role":"uniwersytet","politechnika_30min":1,"uniwersytet_30min":2,"medyczny_30min":0},"geometry":{"type":"Polygon","coordinates":[[[20.950404,52.283942],[20.952618,52.286154],[20.956849,52.286084],[20.958865,52.283802],[20.956651,52.28159],[20.95242,52.28166],[20.950404,52.283942]]]}},{"type":"Feature","properties":{"hex_id":500,"pop_20_29":287.0,"total_30min":2,"dominant_label":"Uniwersytet Warszawski","dominant_role":"uniwersytet","politechnika_30min":0,"uniwersytet_30min":2,"medyczny_30min":0},"geometry":{"type":"Polygon","coordinates":[[[20.950206,52.279448],[20.95242,52.28166],[20.956651,52.28159],[20.958667,52.279308],[20.956453,52.277096],[20.952223,52.277166],[20.950206,52.279448]]]}},{"type":"Feature","properties":{"hex_id":501,"pop_20_29":288.0,"total_30min":1,"dominant_label":"Uniwersytet Warszawski","dominant_role":"uniwersytet","politechnika_30min":0,"uniwersytet_30min":1,"medyczny_30min":0},"geometry":{"type":"Polygon","coordinates":[[[20.950009,52.274954],[20.952223,52.277166],[20.956453,52.277096],[20.958469,52.274814],[20.956255,52.272602],[20.952025,52.272672],[20.950009,52.274954]]]}},{"type":"Feature","properties":{"hex_id":502,"pop_20_29":511.0,"total_30min":1,"dominant_label":"Uniwersytet Warszawski","dominant_role":"uniwersytet","politechnika_30min":0,"uniwersytet_30min":1,"medyczny_30min":0},"geometry":{"type":"Polygon","coordinates":[[[20.949812,52.27046],[20.952025,52.272672],[20.956255,52.272602],[20.95827,52.27032],[20.956057,52.268108],[20.951828,52.268178],[20.949812,52.27046]]]}},{"type":"Feature","properties":{"hex_id":503,"pop_20_29":354.0,"total_30min":1,"dominant_label":"Uniwersytet Warszawski","dominant_role":"uniwersytet","politechnika_30min":0,"uniwersytet_30min":1,"medyczny_30min":0},"geometry":{"type":"Polygon","coordinates":[[[20.949615,52.265966],[20.951828,52.268178],[20.956057,52.268108],[20.958072,52.265826],[20.955859,52.263614],[20.95163,52.263684],[20.949615,52.265966]]]}},{"type":"Feature","properties":{"hex_id":506,"pop_20_29":14.0,"total_30min":1,"dominant_label":"Warszawski Uniwersytet Medyczny","dominant_role":"medyczny","politechnika_30min":0,"uniwersytet_30min":0,"medyczny_30min":1},"geometry":{"type":"Polygon","coordinates":[[[20.949023,52.252484],[20.951236,52.254696],[20.955464,52.254626],[20.957479,52.252344],[20.955266,52.250132],[20.951038,52.250202],[20.949023,52.252484]]]}},{"type":"Feature","properties":{"hex_id":507,"pop_20_29":418.0,"total_30min":1,"dominant_label":"Warszawski Uniwersytet Medyczny","dominant_role":"medyczny","politechnika_30min":0,"uniwersytet_30min":0,"medyczny_30min":1},"geometry":{"type":"Polygon","coordinates":[[[20.948826,52.24799],[20.951038,52.250202],[20.955266,52.250132],[20.957281,52.24785],[20.955068,52.245638],[20.950841,52.245708],[20.948826,52.24799]]]}},{"type":"Feature","properties":{"hex_id":508,"pop_20_29":152.0,"total_30min":1,"dominant_label":"Warszawski Uniwersytet Medyczny","dominant_role":"medyczny","politechnika_30min":0,"uniwersytet_30min":0,"medyczny_30min":1},"geometry":{"type":"Polygon","coordinates":[[[20.948629,52.243496],[20.950841,52.245708],[20.955068,52.245638],[20.957083,52.243356],[20.954871,52.241144],[20.950644,52.241214],[20.948629,52.243496]]]}},{"type":"Feature","properties":{"hex_id":510,"pop_20_29":46.0,"total_30min":1,"dominant_label":"Warszawski Uniwersytet Medyczny","dominant_role":"medyczny","politechnika_30min":0,"uniwersytet_30min":0,"medyczny_30min":1},"geometry":{"type":"Polygon","coordinates":[[[20.948236,52.234508],[20.950447,52.23672],[20.954673,52.23665],[20.956687,52.234368],[20.954476,52.232156],[20.95025,52.232226],[20.948236,52.234508]]]}},{"type":"Feature","properties":{"hex_id":511,"pop_20_29":263.0,"total_30min":5,"dominant_label":"Politechnika Warszawska","dominant_role":"politechnika","politechnika_30min":3,"uniwersytet_30min":1,"medyczny_30min":1},"geometry":{"type":"Polygon","coordinates":[[[20.948039,52.230014],[20.95025,52.232226],[20.954476,52.232156],[20.95649,52.229874],[20.954278,52.227662],[20.950053,52.227732],[20.948039,52.230014]]]}},{"type":"Feature","properties":{"hex_id":512,"pop_20_29":810.0,"total_30min":9,"dominant_label":"Politechnika Warszawska","dominant_role":"politechnika","politechnika_30min":6,"uniwersytet_30min":1,"medyczny_30min":2},"geometry":{"type":"Polygon","coordinates":[[[20.947842,52.22552],[20.950053,52.227732],[20.954278,52.227662],[20.956292,52.22538],[20.954081,52.223168],[20.949856,52.223238],[20.947842,52.22552]]]}},{"type":"Feature","properties":{"hex_id":515,"pop_20_29":23.0,"total_30min":7,"dominant_label":"Warszawski Uniwersytet Medyczny","dominant_role":"medyczny","politechnika_30min":3,"uniwersytet_30min":0,"medyczny_30min":4},"geometry":{"type":"Polygon","coordinates":[[[20.947252,52.212038],[20.949462,52.21425],[20.953686,52.21418],[20.9557,52.211898],[20.953489,52.209686],[20.949266,52.209756],[20.947252,52.212038]]]}},{"type":"Feature","properties":{"hex_id":521,"pop_20_29":12.0,"total_30min":1,"dominant_label":"Warszawski Uniwersytet Medyczny","dominant_role":"medyczny","politechnika_30min":0,"uniwersytet_30min":0,"medyczny_30min":1},"geometry":{"type":"Polygon","coordinates":[[[20.946074,52.185073],[20.948282,52.187286],[20.952504,52.187216],[20.954516,52.184934],[20.952307,52.182722],[20.948086,52.182792],[20.946074,52.185073]]]}},{"type":"Feature","properties":{"hex_id":522,"pop_20_29":16.0,"total_30min":1,"dominant_label":"Warszawski Uniwersytet Medyczny","dominant_role":"medyczny","politechnika_30min":0,"uniwersytet_30min":0,"medyczny_30min":1},"geometry":{"type":"Polygon","coordinates":[[[20.945877,52.180579],[20.948086,52.182792],[20.952307,52.182722],[20.954319,52.18044],[20.95211,52.178228],[20.94789,52.178297],[20.945877,52.180579]]]}},{"type":"Feature","properties":{"hex_id":547,"pop_20_29":281.0,"total_30min":2,"dominant_label":"Uniwersytet Warszawski","dominant_role":"uniwersytet","politechnika_30min":0,"uniwersytet_30min":2,"medyczny_30min":0},"geometry":{"type":"Polygon","coordinates":[[[20.956651,52.28159],[20.958865,52.283802],[20.963096,52.283732],[20.965111,52.28145],[20.962897,52.279238],[20.958667,52.279308],[20.956651,52.28159]]]}},{"type":"Feature","properties":{"hex_id":548,"pop_20_29":540.0,"total_30min":10,"dominant_label":"Politechnika Warszawska","dominant_role":"politechnika","politechnika_30min":5,"uniwersytet_30min":4,"medyczny_30min":1},"geometry":{"type":"Polygon","coordinates":[[[20.956453,52.277096],[20.958667,52.279308],[20.962897,52.279238],[20.964913,52.276956],[20.962698,52.274744],[20.958469,52.274814],[20.956453,52.277096]]]}},{"type":"Feature","properties":{"hex_id":549,"pop_20_29":613.0,"total_30min":2,"dominant_label":"Uniwersytet Warszawski","dominant_role":"uniwersytet","politechnika_30min":0,"uniwersytet_30min":2,"medyczny_30min":0},"geometry":{"type":"Polygon","coordinates":[[[20.956255,52.272602],[20.958469,52.274814],[20.962698,52.274744],[20.964714,52.272462],[20.9625,52.27025],[20.95827,52.27032],[20.956255,52.272602]]]}},{"type":"Feature","properties":{"hex_id":550,"pop_20_29":230.0,"total_30min":4,"dominant_label":"Uniwersytet Warszawski","dominant_role":"uniwersytet","politechnika_30min":1,"uniwersytet_30min":2,"medyczny_30min":1},"geometry":{"type":"Polygon","coordinates":[[[20.956057,52.268108],[20.95827,52.27032],[20.9625,52.27025],[20.964515,52.267968],[20.962301,52.265756],[20.958072,52.265826],[20.956057,52.268108]]]}},{"type":"Feature","properties":{"hex_id":551,"pop_20_29":323.0,"total_30min":1,"dominant_label":"Uniwersytet Warszawski","dominant_role":"uniwersytet","politechnika_30min":0,"uniwersytet_30min":1,"medyczny_30min":0},"geometry":{"type":"Polygon","coordinates":[[[20.955859,52.263614],[20.958072,52.265826],[20.962301,52.265756],[20.964316,52.263474],[20.962103,52.261262],[20.957874,52.261332],[20.955859,52.263614]]]}},{"type":"Feature","properties":{"hex_id":552,"pop_20_29":238.0,"total_30min":1,"dominant_label":"Uniwersytet Warszawski","dominant_role":"uniwersytet","politechnika_30min":0,"uniwersytet_30min":1,"medyczny_30min":0},"geometry":{"type":"Polygon","coordinates":[[[20.955661,52.25912],[20.957874,52.261332],[20.962103,52.261262],[20.964118,52.25898],[20.961904,52.256768],[20.957676,52.256838],[20.955661,52.25912]]]}},{"type":"Feature","properties":{"hex_id":555,"pop_20_29":551.0,"total_30min":1,"dominant_label":"Warszawski Uniwersytet Medyczny","dominant_role":"medyczny","politechnika_30min":0,"uniwersytet_30min":0,"medyczny_30min":1},"geometry":{"type":"Polygon","coordinates":[[[20.955068,52.245638],[20.957281,52.24785],[20.961508,52.24778],[20.963522,52.245498],[20.96131,52.243286],[20.957083,52.243356],[20.955068,52.245638]]]}},{"type":"Feature","properties":{"hex_id":556,"pop_20_29":266.0,"total_30min":1,"dominant_label":"Warszawski Uniwersytet Medyczny","dominant_role":"medyczny","politechnika_30min":0,"uniwersytet_30min":0,"medyczny_30min":1},"geometry":{"type":"Polygon","coordinates":[[[20.954871,52.241144],[20.957083,52.243356],[20.96131,52.243286],[20.963324,52.241004],[20.961111,52.238792],[20.956885,52.238862],[20.954871,52.241144]]]}},{"type":"Feature","properties":{"hex_id":557,"pop_20_29":522.0,"total_30min":22,"dominant_label":"Uniwersytet Warszawski","dominant_role":"uniwersytet","politechnika_30min":6,"uniwersytet_30min":12,"medyczny_30min":4},"geometry":{"type":"Polygon","coordinates":[[[20.954673,52.23665],[20.956885,52.238862],[20.961111,52.238792],[20.963125,52.23651],[20.960913,52.234298],[20.956687,52.234368],[20.954673,52.23665]]]}},{"type":"Feature","properties":{"hex_id":558,"pop_20_29":392.0,"total_30min":12,"dominant_label":"Uniwersytet Warszawski","dominant_role":"uniwersytet","politechnika_30min":2,"uniwersytet_30min":7,"medyczny_30min":3},"geometry":{"type":"Polygon","coordinates":[[[20.954476,52.232156],[20.956687,52.234368],[20.960913,52.234298],[20.962927,52.232016],[20.960715,52.229804],[20.95649,52.229874],[20.954476,52.232156]]]}},{"type":"Feature","properties":{"hex_id":559,"pop_20_29":657.0,"total_30min":19,"dominant_label":"Politechnika Warszawska","dominant_role":"politechnika","politechnika_30min":7,"uniwersytet_30min":5,"medyczny_30min":7},"geometry":{"type":"Polygon","coordinates":[[[20.954278,52.227662],[20.95649,52.229874],[20.960715,52.229804],[20.962729,52.227522],[20.960517,52.22531],[20.956292,52.22538],[20.954278,52.227662]]]}},{"type":"Feature","properties":{"hex_id":560,"pop_20_29":442.0,"total_30min":6,"dominant_label":"Warszawski Uniwersytet Medyczny","dominant_role":"medyczny","politechnika_30min":2,"uniwersytet_30min":0,"medyczny_30min":4},"geometry":{"type":"Polygon","coordinates":[[[20.954081,52.223168],[20.956292,52.22538],[20.960517,52.22531],[20.962531,52.223028],[20.960319,52.220816],[20.956095,52.220886],[20.954081,52.223168]]]}},{"type":"Feature","properties":{"hex_id":562,"pop_20_29":81.0,"total_30min":3,"dominant_label":"Warszawski Uniwersytet Medyczny","dominant_role":"medyczny","politechnika_30min":0,"uniwersytet_30min":0,"medyczny_30min":3},"geometry":{"type":"Polygon","coordinates":[[[20.953686,52.21418],[20.955897,52.216392],[20.960121,52.216322],[20.962134,52.21404],[20.959923,52.211828],[20.9557,52.211898],[20.953686,52.21418]]]}},{"type":"Feature","properties":{"hex_id":567,"pop_20_29":93.0,"total_30min":2,"dominant_label":"Warszawski Uniwersytet Medyczny","dominant_role":"medyczny","politechnika_30min":0,"uniwersytet_30min":0,"medyczny_30min":2},"geometry":{"type":"Polygon","coordinates":[[[20.952701,52.19171],[20.95491,52.193922],[20.959132,52.193852],[20.961145,52.19157],[20.958935,52.189358],[20.954713,52.189428],[20.952701,52.19171]]]}},{"type":"Feature","properties":{"hex_id":568,"pop_20_29":123.0,"total_30min":1,"dominant_label":"Warszawski Uniwersytet Medyczny","dominant_role":"medyczny","politechnika_30min":0,"uniwersytet_30min":0,"medyczny_30min":1},"geometry":{"type":"Polygon","coordinates":[[[20.952504,52.187216],[20.954713,52.189428],[20.958935,52.189358],[20.960947,52.187076],[20.958737,52.184864],[20.954516,52.184934],[20.952504,52.187216]]]}},{"type":"Feature","properties":{"hex_id":595,"pop_20_29":49.0,"total_30min":1,"dominant_label":"Uniwersytet Warszawski","dominant_role":"uniwersytet","politechnika_30min":0,"uniwersytet_30min":1,"medyczny_30min":0},"geometry":{"type":"Polygon","coordinates":[[[20.963096,52.283732],[20.96531,52.285944],[20.969541,52.285873],[20.971557,52.283591],[20.969342,52.281379],[20.965111,52.28145],[20.963096,52.283732]]]}},{"type":"Feature","properties":{"hex_id":596,"pop_20_29":130.0,"total_30min":2,"dominant_label":"Uniwersytet Warszawski","dominant_role":"uniwersytet","politechnika_30min":0,"uniwersytet_30min":2,"medyczny_30min":0},"geometry":{"type":"Polygon","coordinates":[[[20.962897,52.279238],[20.965111,52.28145],[20.969342,52.281379],[20.971357,52.279097],[20.969143,52.276885],[20.964913,52.276956],[20.962897,52.279238]]]}},{"type":"Feature","properties":{"hex_id":597,"pop_20_29":22.0,"total_30min":3,"dominant_label":"Uniwersytet Warszawski","dominant_role":"uniwersytet","politechnika_30min":1,"uniwersytet_30min":2,"medyczny_30min":0},"geometry":{"type":"Polygon","coordinates":[[[20.962698,52.274744],[20.964913,52.276956],[20.969143,52.276885],[20.971158,52.274603],[20.968943,52.272391],[20.964714,52.272462],[20.962698,52.274744]]]}},{"type":"Feature","properties":{"hex_id":598,"pop_20_29":174.0,"total_30min":3,"dominant_label":"Uniwersytet Warszawski","dominant_role":"uniwersytet","politechnika_30min":1,"uniwersytet_30min":2,"medyczny_30min":0},"geometry":{"type":"Polygon","coordinates":[[[20.9625,52.27025],[20.964714,52.272462],[20.968943,52.272391],[20.970958,52.270109],[20.968744,52.267898],[20.964515,52.267968],[20.9625,52.27025]]]}},{"type":"Feature","properties":{"hex_id":599,"pop_20_29":565.0,"total_30min":2,"dominant_label":"Politechnika Warszawska","dominant_role":"politechnika","politechnika_30min":1,"uniwersytet_30min":1,"medyczny_30min":0},"geometry":{"type":"Polygon","coordinates":[[[20.962301,52.265756],[20.964515,52.267968],[20.968744,52.267898],[20.970759,52.265615],[20.968545,52.263404],[20.964316,52.263474],[20.962301,52.265756]]]}},{"type":"Feature","properties":{"hex_id":600,"pop_20_29":307.0,"total_30min":2,"dominant_label":"Politechnika Warszawska","dominant_role":"politechnika","politechnika_30min":1,"uniwersytet_30min":1,"medyczny_30min":0},"geometry":{"type":"Polygon","coordinates":[[[20.962103,52.261262],[20.964316,52.263474],[20.968545,52.263404],[20.97056,52.261121],[20.968346,52.25891],[20.964118,52.25898],[20.962103,52.261262]]]}},{"type":"Feature","properties":{"hex_id":601,"pop_20_29":538.0,"total_30min":1,"dominant_label":"Uniwersytet Warszawski","dominant_role":"uniwersytet","politechnika_30min":0,"uniwersytet_30min":1,"medyczny_30min":0},"geometry":{"type":"Polygon","coordinates":[[[20.961904,52.256768],[20.964118,52.25898],[20.968346,52.25891],[20.97036,52.256627],[20.968147,52.254416],[20.963919,52.254486],[20.961904,52.256768]]]}},{"type":"Feature","properties":{"hex_id":603,"pop_20_29":326.0,"total_30min":1,"dominant_label":"Warszawski Uniwersytet Medyczny","dominant_role":"medyczny","politechnika_30min":0,"uniwersytet_30min":0,"medyczny_30min":1},"geometry":{"type":"Polygon","coordinates":[[[20.961508,52.24778],[20.963721,52.249992],[20.967948,52.249922],[20.969962,52.247639],[20.967749,52.245428],[20.963522,52.245498],[20.961508,52.24778]]]}},{"type":"Feature","properties":{"hex_id":604,"pop_20_29":386.0,"total_30min":3,"dominant_label":"Politechnika Warszawska","dominant_role":"politechnika","politechnika_30min":1,"uniwersytet_30min":1,"medyczny_30min":1},"geometry":{"type":"Polygon","coordinates":[[[20.96131,52.243286],[20.963522,52.245498],[20.967749,52.245428],[20.969763,52.243145],[20.96755,52.240934],[20.963324,52.241004],[20.96131,52.243286]]]}},{"type":"Feature","properties":{"hex_id":605,"pop_20_29":601.0,"total_30min":15,"dominant_label":"Uniwersytet Warszawski","dominant_role":"uniwersytet","politechnika_30min":3,"uniwersytet_30min":11,"medyczny_30min":1},"geometry":{"type":"Polygon","coordinates":[[[20.961111,52.238792],[20.963324,52.241004],[20.96755,52.240934],[20.969564,52.238651],[20.967351,52.23644],[20.963125,52.23651],[20.961111,52.238792]]]}},{"type":"Feature","properties":{"hex_id":606,"pop_20_29":518.0,"total_30min":28,"dominant_label":"Uniwersytet Warszawski","dominant_role":"uniwersytet","politechnika_30min":7,"uniwersytet_30min":15,"medyczny_30min":6},"geometry":{"type":"Polygon","coordinates":[[[20.960913,52.234298],[20.963125,52.23651],[20.967351,52.23644],[20.969365,52.234157],[20.967153,52.231946],[20.962927,52.232016],[20.960913,52.234298]]]}},{"type":"Feature","properties":{"hex_id":610,"pop_20_29":112.0,"total_30min":17,"dominant_label":"Politechnika Warszawska","dominant_role":"politechnika","politechnika_30min":8,"uniwersytet_30min":1,"medyczny_30min":8},"geometry":{"type":"Polygon","coordinates":[[[20.960121,52.216322],[20.962332,52.218534],[20.966557,52.218464],[20.96857,52.216181],[20.966358,52.21397],[20.962134,52.21404],[20.960121,52.216322]]]}},{"type":"Feature","properties":{"hex_id":611,"pop_20_29":270.0,"total_30min":2,"dominant_label":"Warszawski Uniwersytet Medyczny","dominant_role":"medyczny","politechnika_30min":0,"uniwersytet_30min":0,"medyczny_30min":2},"geometry":{"type":"Polygon","coordinates":[[[20.959923,52.211828],[20.962134,52.21404],[20.966358,52.21397],[20.968371,52.211687],[20.96616,52.209476],[20.961936,52.209546],[20.959923,52.211828]]]}},{"type":"Feature","properties":{"hex_id":612,"pop_20_29":197.0,"total_30min":3,"dominant_label":"Warszawski Uniwersytet Medyczny","dominant_role":"medyczny","politechnika_30min":0,"uniwersytet_30min":0,"medyczny_30min":3},"geometry":{"type":"Polygon","coordinates":[[[20.959726,52.207334],[20.961936,52.209546],[20.96616,52.209476],[20.968172,52.207193],[20.965961,52.204982],[20.961738,52.205052],[20.959726,52.207334]]]}},{"type":"Feature","properties":{"hex_id":613,"pop_20_29":261.0,"total_30min":2,"dominant_label":"Warszawski Uniwersytet Medyczny","dominant_role":"medyczny","politechnika_30min":0,"uniwersytet_30min":0,"medyczny_30min":2},"geometry":{"type":"Polygon","coordinates":[[[20.959528,52.20284],[20.961738,52.205052],[20.965961,52.204982],[20.967974,52.202699],[20.965763,52.200488],[20.96154,52.200558],[20.959528,52.20284]]]}},{"type":"Feature","properties":{"hex_id":614,"pop_20_29":369.0,"total_30min":4,"dominant_label":"Warszawski Uniwersytet Medyczny","dominant_role":"medyczny","politechnika_30min":1,"uniwersytet_30min":0,"medyczny_30min":3},"geometry":{"type":"Polygon","coordinates":[[[20.95933,52.198346],[20.96154,52.200558],[20.965763,52.200488],[20.967775,52.198205],[20.965565,52.195994],[20.961342,52.196064],[20.95933,52.198346]]]}},{"type":"Feature","properties":{"hex_id":615,"pop_20_29":307.0,"total_30min":3,"dominant_label":"Warszawski Uniwersytet Medyczny","dominant_role":"medyczny","politechnika_30min":0,"uniwersytet_30min":0,"medyczny_30min":3},"geometry":{"type":"Polygon","coordinates":[[[20.959132,52.193852],[20.961342,52.196064],[20.965565,52.195994],[20.967577,52.193711],[20.965366,52.191499],[20.961145,52.19157],[20.959132,52.193852]]]}},{"type":"Feature","properties":{"hex_id":616,"pop_20_29":85.0,"total_30min":1,"dominant_label":"Warszawski Uniwersytet Medyczny","dominant_role":"medyczny","politechnika_30min":0,"uniwersytet_30min":0,"medyczny_30min":1},"geometry":{"type":"Polygon","coordinates":[[[20.958935,52.189358],[20.961145,52.19157],[20.965366,52.191499],[20.967378,52.189217],[20.965168,52.187005],[20.960947,52.187076],[20.958935,52.189358]]]}},{"type":"Feature","properties":{"hex_id":643,"pop_20_29":246.0,"total_30min":2,"dominant_label":"Uniwersytet Warszawski","dominant_role":"uniwersytet","politechnika_30min":0,"uniwersytet_30min":2,"medyczny_30min":0},"geometry":{"type":"Polygon","coordinates":[[[20.969342,52.281379],[20.971557,52.283591],[20.975787,52.28352],[20.977802,52.281238],[20.975587,52.279026],[20.971357,52.279097],[20.969342,52.281379]]]}},{"type":"Feature","properties":{"hex_id":644,"pop_20_29":141.0,"total_30min":2,"dominant_label":"Uniwersytet Warszawski","dominant_role":"uniwersytet","politechnika_30min":0,"uniwersytet_30min":2,"medyczny_30min":0},"geometry":{"type":"Polygon","coordinates":[[[20.969143,52.276885],[20.971357,52.279097],[20.975587,52.279026],[20.977602,52.276744],[20.975387,52.274532],[20.971158,52.274603],[20.969143,52.276885]]]}},{"type":"Feature","properties":{"hex_id":645,"pop_20_29":87.0,"total_30min":8,"dominant_label":"Uniwersytet Warszawski","dominant_role":"uniwersytet","politechnika_30min":3,"uniwersytet_30min":4,"medyczny_30min":1},"geometry":{"type":"Polygon","coordinates":[[[20.968943,52.272391],[20.971158,52.274603],[20.975387,52.274532],[20.977402,52.27225],[20.975188,52.270039],[20.970958,52.270109],[20.968943,52.272391]]]}},{"type":"Feature","properties":{"hex_id":646,"pop_20_29":513.0,"total_30min":3,"dominant_label":"Uniwersytet Warszawski","dominant_role":"uniwersytet","politechnika_30min":1,"uniwersytet_30min":2,"medyczny_30min":0},"geometry":{"type":"Polygon","coordinates":[[[20.968744,52.267898],[20.970958,52.270109],[20.975188,52.270039],[20.977202,52.267756],[20.974988,52.265545],[20.970759,52.265615],[20.968744,52.267898]]]}},{"type":"Feature","properties":{"hex_id":647,"pop_20_29":222.0,"total_30min":3,"dominant_label":"Uniwersytet Warszawski","dominant_role":"uniwersytet","politechnika_30min":1,"uniwersytet_30min":2,"medyczny_30min":0},"geometry":{"type":"Polygon","coordinates":[[[20.968545,52.263404],[20.970759,52.265615],[20.974988,52.265545],[20.977002,52.263262],[20.974788,52.261051],[20.97056,52.261121],[20.968545,52.263404]]]}},{"type":"Feature","properties":{"hex_id":648,"pop_20_29":560.0,"total_30min":3,"dominant_label":"Uniwersytet Warszawski","dominant_role":"uniwersytet","politechnika_30min":1,"uniwersytet_30min":2,"medyczny_30min":0},"geometry":{"type":"Polygon","coordinates":[[[20.968346,52.25891],[20.97056,52.261121],[20.974788,52.261051],[20.976802,52.258768],[20.974588,52.256557],[20.97036,52.256627],[20.968346,52.25891]]]}},{"type":"Feature","properties":{"hex_id":649,"pop_20_29":57.0,"total_30min":3,"dominant_label":"Uniwersytet Warszawski","dominant_role":"uniwersytet","politechnika_30min":1,"uniwersytet_30min":2,"medyczny_30min":0},"geometry":{"type":"Polygon","coordinates":[[[20.968147,52.254416],[20.97036,52.256627],[20.974588,52.256557],[20.976603,52.254274],[20.974389,52.252063],[20.970161,52.252133],[20.968147,52.254416]]]}},{"type":"Feature","properties":{"hex_id":652,"pop_20_29":301.0,"total_30min":2,"dominant_label":"Uniwersytet Warszawski","dominant_role":"uniwersytet","politechnika_30min":0,"uniwersytet_30min":1,"medyczny_30min":1},"geometry":{"type":"Polygon","coordinates":[[[20.96755,52.240934],[20.969763,52.243145],[20.97399,52.243075],[20.976003,52.240792],[20.97379,52.238581],[20.969564,52.238651],[20.96755,52.240934]]]}},{"type":"Feature","properties":{"hex_id":653,"pop_20_29":523.0,"total_30min":8,"dominant_label":"Uniwersytet Warszawski","dominant_role":"uniwersytet","politechnika_30min":2,"uniwersytet_30min":5,"medyczny_30min":1},"geometry":{"type":"Polygon","coordinates":[[[20.967351,52.23644],[20.969564,52.238651],[20.97379,52.238581],[20.975804,52.236298],[20.973591,52.234087],[20.969365,52.234157],[20.967351,52.23644]]]}},{"type":"Feature","properties":{"hex_id":654,"pop_20_29":526.0,"total_30min":14,"dominant_label":"Uniwersytet Warszawski","dominant_role":"uniwersytet","politechnika_30min":3,"uniwersytet_30min":10,"medyczny_30min":1},"geometry":{"type":"Polygon","coordinates":[[[20.967153,52.231946],[20.969365,52.234157],[20.973591,52.234087],[20.975604,52.231804],[20.973392,52.229593],[20.969166,52.229663],[20.967153,52.231946]]]}},{"type":"Feature","properties":{"hex_id":655,"pop_20_29":208.0,"total_30min":10,"dominant_label":"Politechnika Warszawska","dominant_role":"politechnika","politechnika_30min":7,"uniwersytet_30min":1,"medyczny_30min":2},"geometry":{"type":"Polygon","coordinates":[[[20.966954,52.227452],[20.969166,52.229663],[20.973392,52.229593],[20.975404,52.22731],[20.973192,52.225099],[20.968967,52.225169],[20.966954,52.227452]]]}},{"type":"Feature","properties":{"hex_id":657,"pop_20_29":173.0,"total_30min":24,"dominant_label":"Politechnika Warszawska","dominant_role":"politechnika","politechnika_30min":9,"uniwersytet_30min":8,"medyczny_30min":7},"geometry":{"type":"Polygon","coordinates":[[[20.966557,52.218464],[20.968768,52.220675],[20.972993,52.220605],[20.975006,52.218323],[20.972794,52.216111],[20.96857,52.216181],[20.966557,52.218464]]]}},{"type":"Feature","properties":{"hex_id":658,"pop_20_29":469.0,"total_30min":5,"dominant_label":"Warszawski Uniwersytet Medyczny","dominant_role":"medyczny","politechnika_30min":1,"uniwersytet_30min":0,"medyczny_30min":4},"geometry":{"type":"Polygon","coordinates":[[[20.966358,52.21397],[20.96857,52.216181],[20.972794,52.216111],[20.974806,52.213829],[20.972595,52.211617],[20.968371,52.211687],[20.966358,52.21397]]]}},{"type":"Feature","properties":{"hex_id":659,"pop_20_29":459.0,"total_30min":6,"dominant_label":"Warszawski Uniwersytet Medyczny","dominant_role":"medyczny","politechnika_30min":2,"uniwersytet_30min":0,"medyczny_30min":4},"geometry":{"type":"Polygon","coordinates":[[[20.96616,52.209476],[20.968371,52.211687],[20.972595,52.211617],[20.974607,52.209335],[20.972395,52.207123],[20.968172,52.207193],[20.96616,52.209476]]]}},{"type":"Feature","properties":{"hex_id":660,"pop_20_29":788.0,"total_30min":10,"dominant_label":"Politechnika Warszawska","dominant_role":"politechnika","politechnika_30min":6,"uniwersytet_30min":0,"medyczny_30min":4},"geometry":{"type":"Polygon","coordinates":[[[20.965961,52.204982],[20.968172,52.207193],[20.972395,52.207123],[20.974408,52.204841],[20.972196,52.202629],[20.967974,52.202699],[20.965961,52.204982]]]}},{"type":"Feature","properties":{"hex_id":661,"pop_20_29":556.0,"total_30min":3,"dominant_label":"Warszawski Uniwersytet Medyczny","dominant_role":"medyczny","politechnika_30min":0,"uniwersytet_30min":0,"medyczny_30min":3},"geometry":{"type":"Polygon","coordinates":[[[20.965763,52.200488],[20.967974,52.202699],[20.972196,52.202629],[20.974208,52.200347],[20.971997,52.198135],[20.967775,52.198205],[20.965763,52.200488]]]}},{"type":"Feature","properties":{"hex_id":662,"pop_20_29":261.0,"total_30min":2,"dominant_label":"Warszawski Uniwersytet Medyczny","dominant_role":"medyczny","politechnika_30min":0,"uniwersytet_30min":0,"medyczny_30min":2},"geometry":{"type":"Polygon","coordinates":[[[20.965565,52.195994],[20.967775,52.198205],[20.971997,52.198135],[20.974009,52.195853],[20.971799,52.193641],[20.967577,52.193711],[20.965565,52.195994]]]}},{"type":"Feature","properties":{"hex_id":663,"pop_20_29":361.0,"total_30min":1,"dominant_label":"Warszawski Uniwersytet Medyczny","dominant_role":"medyczny","politechnika_30min":0,"uniwersytet_30min":0,"medyczny_30min":1},"geometry":{"type":"Polygon","coordinates":[[[20.965366,52.191499],[20.967577,52.193711],[20.971799,52.193641],[20.97381,52.191359],[20.9716,52.189147],[20.967378,52.189217],[20.965366,52.191499]]]}},{"type":"Feature","properties":{"hex_id":664,"pop_20_29":26.0,"total_30min":1,"dominant_label":"Warszawski Uniwersytet Medyczny","dominant_role":"medyczny","politechnika_30min":0,"uniwersytet_30min":0,"medyczny_30min":1},"geometry":{"type":"Polygon","coordinates":[[[20.965168,52.187005],[20.967378,52.189217],[20.9716,52.189147],[20.973611,52.186864],[20.971401,52.184653],[20.96718,52.184723],[20.965168,52.187005]]]}},{"type":"Feature","properties":{"hex_id":692,"pop_20_29":195.0,"total_30min":4,"dominant_label":"Uniwersytet Warszawski","dominant_role":"uniwersytet","politechnika_30min":1,"uniwersytet_30min":3,"medyczny_30min":0},"geometry":{"type":"Polygon","coordinates":[[[20.975587,52.279026],[20.977802,52.281238],[20.982033,52.281167],[20.984048,52.278885],[20.981832,52.276673],[20.977602,52.276744],[20.975587,52.279026]]]}},{"type":"Feature","properties":{"hex_id":693,"pop_20_29":212.0,"total_30min":4,"dominant_label":"Uniwersytet Warszawski","dominant_role":"uniwersytet","politechnika_30min":1,"uniwersytet_30min":3,"medyczny_30min":0},"geometry":{"type":"Polygon","coordinates":[[[20.975387,52.274532],[20.977602,52.276744],[20.981832,52.276673],[20.983847,52.274391],[20.981632,52.272179],[20.977402,52.27225],[20.975387,52.274532]]]}},{"type":"Feature","properties":{"hex_id":694,"pop_20_29":436.0,"total_30min":12,"dominant_label":"Uniwersytet Warszawski","dominant_role":"uniwersytet","politechnika_30min":1,"uniwersytet_30min":11,"medyczny_30min":0},"geometry":{"type":"Polygon","coordinates":[[[20.975188,52.270039],[20.977402,52.27225],[20.981632,52.272179],[20.983646,52.269897],[20.981431,52.267685],[20.977202,52.267756],[20.975188,52.270039]]]}},{"type":"Feature","properties":{"hex_id":695,"pop_20_29":339.0,"total_30min":3,"dominant_label":"Uniwersytet Warszawski","dominant_role":"uniwersytet","politechnika_30min":1,"uniwersytet_30min":2,"medyczny_30min":0},"geometry":{"type":"Polygon","coordinates":[[[20.974988,52.265545],[20.977202,52.267756],[20.981431,52.267685],[20.983445,52.265403],[20.981231,52.263191],[20.977002,52.263262],[20.974988,52.265545]]]}},{"type":"Feature","properties":{"hex_id":696,"pop_20_29":320.0,"total_30min":3,"dominant_label":"Uniwersytet Warszawski","dominant_role":"uniwersytet","politechnika_30min":1,"uniwersytet_30min":2,"medyczny_30min":0},"geometry":{"type":"Polygon","coordinates":[[[20.974788,52.261051],[20.977002,52.263262],[20.981231,52.263191],[20.983245,52.260909],[20.981031,52.258697],[20.976802,52.258768],[20.974788,52.261051]]]}},{"type":"Feature","properties":{"hex_id":697,"pop_20_29":373.0,"total_30min":3,"dominant_label":"Uniwersytet Warszawski","dominant_role":"uniwersytet","politechnika_30min":1,"uniwersytet_30min":2,"medyczny_30min":0},"geometry":{"type":"Polygon","coordinates":[[[20.974588,52.256557],[20.976802,52.258768],[20.981031,52.258697],[20.983044,52.256415],[20.98083,52.254203],[20.976603,52.254274],[20.974588,52.256557]]]}},{"type":"Feature","properties":{"hex_id":698,"pop_20_29":84.0,"total_30min":3,"dominant_label":"Uniwersytet Warszawski","dominant_role":"uniwersytet","politechnika_30min":1,"uniwersytet_30min":2,"medyczny_30min":0},"geometry":{"type":"Polygon","coordinates":[[[20.974389,52.252063],[20.976603,52.254274],[20.98083,52.254203],[20.982844,52.251921],[20.98063,52.249709],[20.976403,52.24978],[20.974389,52.252063]]]}},{"type":"Feature","properties":{"hex_id":699,"pop_20_29":266.0,"total_30min":9,"dominant_label":"Uniwersytet Warszawski","dominant_role":"uniwersytet","politechnika_30min":1,"uniwersytet_30min":7,"medyczny_30min":1},"geometry":{"type":"Polygon","coordinates":[[[20.974189,52.247569],[20.976403,52.24978],[20.98063,52.249709],[20.982643,52.247427],[20.98043,52.245216],[20.976203,52.245286],[20.974189,52.247569]]]}},{"type":"Feature","properties":{"hex_id":700,"pop_20_29":573.0,"total_30min":12,"dominant_label":"Uniwersytet Warszawski","dominant_role":"uniwersytet","politechnika_30min":1,"uniwersytet_30min":10,"medyczny_30min":1},"geometry":{"type":"Polygon","coordinates":[[[20.97399,52.243075],[20.976203,52.245286],[20.98043,52.245216],[20.982443,52.242933],[20.98023,52.240722],[20.976003,52.240792],[20.97399,52.243075]]]}},{"type":"Feature","properties":{"hex_id":701,"pop_20_29":544.0,"total_30min":17,"dominant_label":"Politechnika Warszawska","dominant_role":"politechnika","politechnika_30min":6,"uniwersytet_30min":6,"medyczny_30min":5},"geometry":{"type":"Polygon","coordinates":[[[20.97379,52.238581],[20.976003,52.240792],[20.98023,52.240722],[20.982243,52.238439],[20.98003,52.236228],[20.975804,52.236298],[20.97379,52.238581]]]}},{"type":"Feature","properties":{"hex_id":702,"pop_20_29":280.0,"total_30min":14,"dominant_label":"Politechnika Warszawska","dominant_role":"politechnika","politechnika_30min":6,"uniwersytet_30min":3,"medyczny_30min":5},"geometry":{"type":"Polygon","coordinates":[[[20.973591,52.234087],[20.975804,52.236298],[20.98003,52.236228],[20.982043,52.233945],[20.97983,52.231734],[20.975604,52.231804],[20.973591,52.234087]]]}},{"type":"Feature","properties":{"hex_id":703,"pop_20_29":261.0,"total_30min":25,"dominant_label":"Uniwersytet Warszawski","dominant_role":"uniwersytet","politechnika_30min":7,"uniwersytet_30min":12,"medyczny_30min":6},"geometry":{"type":"Polygon","coordinates":[[[20.973392,52.229593],[20.975604,52.231804],[20.97983,52.231734],[20.981842,52.229451],[20.97963,52.22724],[20.975404,52.22731],[20.973392,52.229593]]]}},{"type":"Feature","properties":{"hex_id":704,"pop_20_29":121.0,"total_30min":7,"dominant_label":"Politechnika Warszawska","dominant_role":"politechnika","politechnika_30min":4,"uniwersytet_30min":1,"medyczny_30min":2},"geometry":{"type":"Polygon","coordinates":[[[20.973192,52.225099],[20.975404,52.22731],[20.97963,52.22724],[20.981642,52.224957],[20.97943,52.222746],[20.975205,52.222816],[20.973192,52.225099]]]}},{"type":"Feature","properties":{"hex_id":705,"pop_20_29":498.0,"total_30min":21,"dominant_label":"Politechnika Warszawska","dominant_role":"politechnika","politechnika_30min":9,"uniwersytet_30min":5,"medyczny_30min":7},"geometry":{"type":"Polygon","coordinates":[[[20.972993,52.220605],[20.975205,52.222816],[20.97943,52.222746],[20.981442,52.220463],[20.97923,52.218252],[20.975006,52.218323],[20.972993,52.220605]]]}},{"type":"Feature","properties":{"hex_id":706,"pop_20_29":647.0,"total_30min":24,"dominant_label":"Politechnika Warszawska","dominant_role":"politechnika","politechnika_30min":9,"uniwersytet_30min":8,"medyczny_30min":7},"geometry":{"type":"Polygon","coordinates":[[[20.972794,52.216111],[20.975006,52.218323],[20.97923,52.218252],[20.981242,52.215969],[20.97903,52.213758],[20.974806,52.213829],[20.972794,52.216111]]]}},{"type":"Feature","properties":{"hex_id":707,"pop_20_29":572.0,"total_30min":25,"dominant_label":"Politechnika Warszawska","dominant_role":"politechnika","politechnika_30min":9,"uniwersytet_30min":9,"medyczny_30min":7},"geometry":{"type":"Polygon","coordinates":[[[20.972595,52.211617],[20.974806,52.213829],[20.97903,52.213758],[20.981042,52.211475],[20.97883,52.209264],[20.974607,52.209335],[20.972595,52.211617]]]}},{"type":"Feature","properties":{"hex_id":708,"pop_20_29":274.0,"total_30min":6,"dominant_label":"Warszawski Uniwersytet Medyczny","dominant_role":"medyczny","politechnika_30min":2,"uniwersytet_30min":0,"medyczny_30min":4},"geometry":{"type":"Polygon","coordinates":[[[20.972395,52.207123],[20.974607,52.209335],[20.97883,52.209264],[20.980842,52.206981],[20.978631,52.20477],[20.974408,52.204841],[20.972395,52.207123]]]}},{"type":"Feature","properties":{"hex_id":709,"pop_20_29":480.0,"total_30min":3,"dominant_label":"Warszawski Uniwersytet Medyczny","dominant_role":"medyczny","politechnika_30min":0,"uniwersytet_30min":0,"medyczny_30min":3},"geometry":{"type":"Polygon","coordinates":[[[20.972196,52.202629],[20.974408,52.204841],[20.978631,52.20477],[20.980642,52.202487],[20.978431,52.200276],[20.974208,52.200347],[20.972196,52.202629]]]}},{"type":"Feature","properties":{"hex_id":710,"pop_20_29":655.0,"total_30min":4,"dominant_label":"Warszawski Uniwersytet Medyczny","dominant_role":"medyczny","politechnika_30min":1,"uniwersytet_30min":0,"medyczny_30min":3},"geometry":{"type":"Polygon","coordinates":[[[20.971997,52.198135],[20.974208,52.200347],[20.978431,52.200276],[20.980442,52.197993],[20.978231,52.195782],[20.974009,52.195853],[20.971997,52.198135]]]}},{"type":"Feature","properties":{"hex_id":711,"pop_20_29":153.0,"total_30min":4,"dominant_label":"Warszawski Uniwersytet Medyczny","dominant_role":"medyczny","politechnika_30min":1,"uniwersytet_30min":0,"medyczny_30min":3},"geometry":{"type":"Polygon","coordinates":[[[20.971799,52.193641],[20.974009,52.195853],[20.978231,52.195782],[20.980242,52.193499],[20.978032,52.191288],[20.97381,52.191359],[20.971799,52.193641]]]}},{"type":"Feature","properties":{"hex_id":712,"pop_20_29":52.0,"total_30min":3,"dominant_label":"Warszawski Uniwersytet Medyczny","dominant_role":"medyczny","politechnika_30min":0,"uniwersytet_30min":0,"medyczny_30min":3},"geometry":{"type":"Polygon","coordinates":[[[20.9716,52.189147],[20.97381,52.191359],[20.978032,52.191288],[20.980043,52.189005],[20.977832,52.186794],[20.973611,52.186864],[20.9716,52.189147]]]}},{"type":"Feature","properties":{"hex_id":713,"pop_20_29":153.0,"total_30min":4,"dominant_label":"Warszawski Uniwersytet Medyczny","dominant_role":"medyczny","politechnika_30min":1,"uniwersytet_30min":0,"medyczny_30min":3},"geometry":{"type":"Polygon","coordinates":[[[20.971401,52.184653],[20.973611,52.186864],[20.977832,52.186794],[20.979843,52.184511],[20.977633,52.1823],[20.973412,52.18237],[20.971401,52.184653]]]}},{"type":"Feature","properties":{"hex_id":714,"pop_20_29":71.0,"total_30min":3,"dominant_label":"Warszawski Uniwersytet Medyczny","dominant_role":"medyczny","politechnika_30min":0,"uniwersytet_30min":0,"medyczny_30min":3},"geometry":{"type":"Polygon","coordinates":[[[20.971202,52.180159],[20.973412,52.18237],[20.977633,52.1823],[20.979643,52.180017],[20.977433,52.177806],[20.973213,52.177876],[20.971202,52.180159]]]}},{"type":"Feature","properties":{"hex_id":742,"pop_20_29":145.0,"total_30min":2,"dominant_label":"Uniwersytet Warszawski","dominant_role":"uniwersytet","politechnika_30min":0,"uniwersytet_30min":2,"medyczny_30min":0},"geometry":{"type":"Polygon","coordinates":[[[20.981832,52.276673],[20.984048,52.278885],[20.988278,52.278813],[20.990292,52.276531],[20.988076,52.274319],[20.983847,52.274391],[20.981832,52.276673]]]}},{"type":"Feature","properties":{"hex_id":743,"pop_20_29":158.0,"total_30min":4,"dominant_label":"Uniwersytet Warszawski","dominant_role":"uniwersytet","politechnika_30min":1,"uniwersytet_30min":3,"medyczny_30min":0},"geometry":{"type":"Polygon","coordinates":[[[20.981632,52.272179],[20.983847,52.274391],[20.988076,52.274319],[20.990091,52.272037],[20.987875,52.269826],[20.983646,52.269897],[20.981632,52.272179]]]}},{"type":"Feature","properties":{"hex_id":744,"pop_20_29":219.0,"total_30min":10,"dominant_label":"Uniwersytet Warszawski","dominant_role":"uniwersytet","politechnika_30min":1,"uniwersytet_30min":9,"medyczny_30min":0},"geometry":{"type":"Polygon","coordinates":[[[20.981431,52.267685],[20.983646,52.269897],[20.987875,52.269826],[20.989889,52.267543],[20.987674,52.265332],[20.983445,52.265403],[20.981431,52.267685]]]}},{"type":"Feature","properties":{"hex_id":745,"pop_20_29":224.0,"total_30min":3,"dominant_label":"Uniwersytet Warszawski","dominant_role":"uniwersytet","politechnika_30min":1,"uniwersytet_30min":2,"medyczny_30min":0},"geometry":{"type":"Polygon","coordinates":[[[20.981231,52.263191],[20.983445,52.265403],[20.987674,52.265332],[20.989688,52.263049],[20.987473,52.260838],[20.983245,52.260909],[20.981231,52.263191]]]}},{"type":"Feature","properties":{"hex_id":746,"pop_20_29":84.0,"total_30min":3,"dominant_label":"Uniwersytet Warszawski","dominant_role":"uniwersytet","politechnika_30min":1,"uniwersytet_30min":2,"medyczny_30min":0},"geometry":{"type":"Polygon","coordinates":[[[20.981031,52.258697],[20.983245,52.260909],[20.987473,52.260838],[20.989487,52.258555],[20.987272,52.256344],[20.983044,52.256415],[20.981031,52.258697]]]}},{"type":"Feature","properties":{"hex_id":747,"pop_20_29":311.0,"total_30min":10,"dominant_label":"Uniwersytet Warszawski","dominant_role":"uniwersytet","politechnika_30min":1,"uniwersytet_30min":9,"medyczny_30min":0},"geometry":{"type":"Polygon","coordinates":[[[20.98083,52.254203],[20.983044,52.256415],[20.987272,52.256344],[20.989286,52.254061],[20.987071,52.25185],[20.982844,52.251921],[20.98083,52.254203]]]}},{"type":"Feature","properties":{"hex_id":748,"pop_20_29":509.0,"total_30min":11,"dominant_label":"Uniwersytet Warszawski","dominant_role":"uniwersytet","politechnika_30min":1,"uniwersytet_30min":10,"medyczny_30min":0},"geometry":{"type":"Polygon","coordinates":[[[20.98063,52.249709],[20.982844,52.251921],[20.987071,52.25185],[20.989085,52.249567],[20.986871,52.247356],[20.982643,52.247427],[20.98063,52.249709]]]}},{"type":"Feature","properties":{"hex_id":749,"pop_20_29":675.0,"total_30min":14,"dominant_label":"Uniwersytet Warszawski","dominant_role":"uniwersytet","politechnika_30min":2,"uniwersytet_30min":11,"medyczny_30min":1},"geometry":{"type":"Polygon","coordinates":[[[20.98043,52.245216],[20.982643,52.247427],[20.986871,52.247356],[20.988884,52.245073],[20.98667,52.242862],[20.982443,52.242933],[20.98043,52.245216]]]}},{"type":"Feature","properties":{"hex_id":750,"pop_20_29":719.0,"total_30min":11,"dominant_label":"Uniwersytet Warszawski","dominant_role":"uniwersytet","politechnika_30min":3,"uniwersytet_30min":7,"medyczny_30min":1},"geometry":{"type":"Polygon","coordinates":[[[20.98023,52.240722],[20.982443,52.242933],[20.98667,52.242862],[20.988683,52.240579],[20.986469,52.238368],[20.982243,52.238439],[20.98023,52.240722]]]}},{"type":"Feature","properties":{"hex_id":751,"pop_20_29":428.0,"total_30min":14,"dominant_label":"Politechnika Warszawska","dominant_role":"politechnika","politechnika_30min":6,"uniwersytet_30min":3,"medyczny_30min":5},"geometry":{"type":"Polygon","coordinates":[[[20.98003,52.236228],[20.982243,52.238439],[20.986469,52.238368],[20.988482,52.236085],[20.986268,52.233874],[20.982043,52.233945],[20.98003,52.236228]]]}},{"type":"Feature","properties":{"hex_id":752,"pop_20_29":249.0,"total_30min":30,"dominant_label":"Uniwersytet Warszawski","dominant_role":"uniwersytet","politechnika_30min":7,"uniwersytet_30min":15,"medyczny_30min":8},"geometry":{"type":"Polygon","coordinates":[[[20.97983,52.231734],[20.982043,52.233945],[20.986268,52.233874],[20.988281,52.231592],[20.986068,52.22938],[20.981842,52.229451],[20.97983,52.231734]]]}},{"type":"Feature","properties":{"hex_id":753,"pop_20_29":244.0,"total_30min":27,"dominant_label":"Uniwersytet Warszawski","dominant_role":"uniwersytet","politechnika_30min":7,"uniwersytet_30min":12,"medyczny_30min":8},"geometry":{"type":"Polygon","coordinates":[[[20.97963,52.22724],[20.981842,52.229451],[20.986068,52.22938],[20.98808,52.227098],[20.985867,52.224886],[20.981642,52.224957],[20.97963,52.22724]]]}},{"type":"Feature","properties":{"hex_id":754,"pop_20_29":392.0,"total_30min":17,"dominant_label":"Politechnika Warszawska","dominant_role":"politechnika","politechnika_30min":7,"uniwersytet_30min":3,"medyczny_30min":7},"geometry":{"type":"Polygon","coordinates":[[[20.97943,52.222746],[20.981642,52.224957],[20.985867,52.224886],[20.987879,52.222604],[20.985667,52.220392],[20.981442,52.220463],[20.97943,52.222746]]]}},{"type":"Feature","properties":{"hex_id":755,"pop_20_29":612.0,"total_30min":25,"dominant_label":"Politechnika Warszawska","dominant_role":"politechnika","politechnika_30min":9,"uniwersytet_30min":9,"medyczny_30min":7},"geometry":{"type":"Polygon","coordinates":[[[20.97923,52.218252],[20.981442,52.220463],[20.985667,52.220392],[20.987678,52.21811],[20.985466,52.215898],[20.981242,52.215969],[20.97923,52.218252]]]}},{"type":"Feature","properties":{"hex_id":756,"pop_20_29":166.0,"total_30min":23,"dominant_label":"Politechnika Warszawska","dominant_role":"politechnika","politechnika_30min":9,"uniwersytet_30min":8,"medyczny_30min":6},"geometry":{"type":"Polygon","coordinates":[[[20.97903,52.213758],[20.981242,52.215969],[20.985466,52.215898],[20.987478,52.213616],[20.985266,52.211404],[20.981042,52.211475],[20.97903,52.213758]]]}},{"type":"Feature","properties":{"hex_id":757,"pop_20_29":1.0,"total_30min":13,"dominant_label":"Politechnika Warszawska","dominant_role":"politechnika","politechnika_30min":8,"uniwersytet_30min":0,"medyczny_30min":5},"geometry":{"type":"Polygon","coordinates":[[[20.97883,52.209264],[20.981042,52.211475],[20.985266,52.211404],[20.987277,52.209122],[20.985065,52.20691],[20.980842,52.206981],[20.97883,52.209264]]]}},{"type":"Feature","properties":{"hex_id":758,"pop_20_29":313.0,"total_30min":17,"dominant_label":"Politechnika Warszawska","dominant_role":"politechnika","politechnika_30min":8,"uniwersytet_30min":2,"medyczny_30min":7},"geometry":{"type":"Polygon","coordinates":[[[20.978631,52.20477],[20.980842,52.206981],[20.985065,52.20691],[20.987077,52.204628],[20.984865,52.202416],[20.980642,52.202487],[20.978631,52.20477]]]}},{"type":"Feature","properties":{"hex_id":759,"pop_20_29":429.0,"total_30min":8,"dominant_label":"Warszawski Uniwersytet Medyczny","dominant_role":"medyczny","politechnika_30min":3,"uniwersytet_30min":0,"medyczny_30min":5},"geometry":{"type":"Polygon","coordinates":[[[20.978431,52.200276],[20.980642,52.202487],[20.984865,52.202416],[20.986876,52.200134],[20.984665,52.197922],[20.980442,52.197993],[20.978431,52.200276]]]}},{"type":"Feature","properties":{"hex_id":760,"pop_20_29":336.0,"total_30min":9,"dominant_label":"Warszawski Uniwersytet Medyczny","dominant_role":"medyczny","politechnika_30min":3,"uniwersytet_30min":2,"medyczny_30min":4},"geometry":{"type":"Polygon","coordinates":[[[20.978231,52.195782],[20.980442,52.197993],[20.984665,52.197922],[20.986676,52.19564],[20.984464,52.193428],[20.980242,52.193499],[20.978231,52.195782]]]}},{"type":"Feature","properties":{"hex_id":761,"pop_20_29":22.0,"total_30min":9,"dominant_label":"Warszawski Uniwersytet Medyczny","dominant_role":"medyczny","politechnika_30min":4,"uniwersytet_30min":0,"medyczny_30min":5},"geometry":{"type":"Polygon","coordinates":[[[20.978032,52.191288],[20.980242,52.193499],[20.984464,52.193428],[20.986475,52.191146],[20.984264,52.188934],[20.980043,52.189005],[20.978032,52.191288]]]}},{"type":"Feature","properties":{"hex_id":797,"pop_20_29":69.0,"total_30min":1,"dominant_label":"Uniwersytet Warszawski","dominant_role":"uniwersytet","politechnika_30min":0,"uniwersytet_30min":1,"medyczny_30min":0},"geometry":{"type":"Polygon","coordinates":[[[20.988076,52.274319],[20.990292,52.276531],[20.994522,52.276459],[20.996536,52.274177],[20.99432,52.271965],[20.990091,52.272037],[20.988076,52.274319]]]}},{"type":"Feature","properties":{"hex_id":798,"pop_20_29":202.0,"total_30min":5,"dominant_label":"Uniwersytet Warszawski","dominant_role":"uniwersytet","politechnika_30min":1,"uniwersytet_30min":4,"medyczny_30min":0},"geometry":{"type":"Polygon","coordinates":[[[20.987875,52.269826],[20.990091,52.272037],[20.99432,52.271965],[20.996334,52.269683],[20.994118,52.267472],[20.989889,52.267543],[20.987875,52.269826]]]}},{"type":"Feature","properties":{"hex_id":799,"pop_20_29":132.0,"total_30min":5,"dominant_label":"Uniwersytet Warszawski","dominant_role":"uniwersytet","politechnika_30min":1,"uniwersytet_30min":4,"medyczny_30min":0},"geometry":{"type":"Polygon","coordinates":[[[20.987674,52.265332],[20.989889,52.267543],[20.994118,52.267472],[20.996132,52.265189],[20.993917,52.262978],[20.989688,52.263049],[20.987674,52.265332]]]}},{"type":"Feature","properties":{"hex_id":800,"pop_20_29":113.0,"total_30min":16,"dominant_label":"Uniwersytet Warszawski","dominant_role":"uniwersytet","politechnika_30min":3,"uniwersytet_30min":12,"medyczny_30min":1},"geometry":{"type":"Polygon","coordinates":[[[20.987473,52.260838],[20.989688,52.263049],[20.993917,52.262978],[20.99593,52.260695],[20.993715,52.258484],[20.989487,52.258555],[20.987473,52.260838]]]}},{"type":"Feature","properties":{"hex_id":801,"pop_20_29":311.0,"total_30min":17,"dominant_label":"Uniwersytet Warszawski","dominant_role":"uniwersytet","politechnika_30min":5,"uniwersytet_30min":11,"medyczny_30min":1},"geometry":{"type":"Polygon","coordinates":[[[20.987272,52.256344],[20.989487,52.258555],[20.993715,52.258484],[20.995728,52.256201],[20.993513,52.25399],[20.989286,52.254061],[20.987272,52.256344]]]}},{"type":"Feature","properties":{"hex_id":802,"pop_20_29":452.0,"total_30min":11,"dominant_label":"Uniwersytet Warszawski","dominant_role":"uniwersytet","politechnika_30min":1,"uniwersytet_30min":10,"medyczny_30min":0},"geometry":{"type":"Polygon","coordinates":[[[20.987071,52.25185],[20.989286,52.254061],[20.993513,52.25399],[20.995526,52.251707],[20.993312,52.249496],[20.989085,52.249567],[20.987071,52.25185]]]}},{"type":"Feature","properties":{"hex_id":803,"pop_20_29":510.0,"total_30min":16,"dominant_label":"Uniwersytet Warszawski","dominant_role":"uniwersytet","politechnika_30min":3,"uniwersytet_30min":12,"medyczny_30min":1},"geometry":{"type":"Polygon","coordinates":[[[20.986871,52.247356],[20.989085,52.249567],[20.993312,52.249496],[20.995325,52.247213],[20.99311,52.245002],[20.988884,52.245073],[20.986871,52.247356]]]}},{"type":"Feature","properties":{"hex_id":804,"pop_20_29":480.0,"total_30min":21,"dominant_label":"Uniwersytet Warszawski","dominant_role":"uniwersytet","politechnika_30min":7,"uniwersytet_30min":11,"medyczny_30min":3},"geometry":{"type":"Polygon","coordinates":[[[20.98667,52.242862],[20.988884,52.245073],[20.99311,52.245002],[20.995123,52.242719],[20.992909,52.240508],[20.988683,52.240579],[20.98667,52.242862]]]}},{"type":"Feature","properties":{"hex_id":805,"pop_20_29":634.0,"total_30min":15,"dominant_label":"Politechnika Warszawska","dominant_role":"politechnika","politechnika_30min":6,"uniwersytet_30min":6,"medyczny_30min":3},"geometry":{"type":"Polygon","coordinates":[[[20.986469,52.238368],[20.988683,52.240579],[20.992909,52.240508],[20.994921,52.238225],[20.992708,52.236014],[20.988482,52.236085],[20.986469,52.238368]]]}},{"type":"Feature","properties":{"hex_id":806,"pop_20_29":535.0,"total_30min":16,"dominant_label":"Uniwersytet Warszawski","dominant_role":"uniwersytet","politechnika_30min":6,"uniwersytet_30min":7,"medyczny_30min":3},"geometry":{"type":"Polygon","coordinates":[[[20.986268,52.233874],[20.988482,52.236085],[20.992708,52.236014],[20.99472,52.233732],[20.992506,52.23152],[20.988281,52.231592],[20.986268,52.233874]]]}},{"type":"Feature","properties":{"hex_id":807,"pop_20_29":367.0,"total_30min":25,"dominant_label":"Uniwersytet Warszawski","dominant_role":"uniwersytet","politechnika_30min":7,"uniwersytet_30min":12,"medyczny_30min":6},"geometry":{"type":"Polygon","coordinates":[[[20.986068,52.22938],[20.988281,52.231592],[20.992506,52.23152],[20.994518,52.229238],[20.992305,52.227026],[20.98808,52.227098],[20.986068,52.22938]]]}},{"type":"Feature","properties":{"hex_id":808,"pop_20_29":253.0,"total_30min":34,"dominant_label":"Uniwersytet Warszawski","dominant_role":"uniwersytet","politechnika_30min":9,"uniwersytet_30min":18,"medyczny_30min":7},"geometry":{"type":"Polygon","coordinates":[[[20.985867,52.224886],[20.98808,52.227098],[20.992305,52.227026],[20.994317,52.224744],[20.992104,52.222532],[20.987879,52.222604],[20.985867,52.224886]]]}},{"type":"Feature","properties":{"hex_id":809,"pop_20_29":273.0,"total_30min":31,"dominant_label":"Uniwersytet Warszawski","dominant_role":"uniwersytet","politechnika_30min":9,"uniwersytet_30min":15,"medyczny_30min":7},"geometry":{"type":"Polygon","coordinates":[[[20.985667,52.220392],[20.987879,52.222604],[20.992104,52.222532],[20.994116,52.22025],[20.991903,52.218038],[20.987678,52.21811],[20.985667,52.220392]]]}},{"type":"Feature","properties":{"hex_id":810,"pop_20_29":79.0,"total_30min":33,"dominant_label":"Uniwersytet Warszawski","dominant_role":"uniwersytet","politechnika_30min":11,"uniwersytet_30min":15,"medyczny_30min":7},"geometry":{"type":"Polygon","coordinates":[[[20.985466,52.215898],[20.987678,52.21811],[20.991903,52.218038],[20.993914,52.215756],[20.991702,52.213544],[20.987478,52.213616],[20.985466,52.215898]]]}},{"type":"Feature","properties":{"hex_id":811,"pop_20_29":56.0,"total_30min":28,"dominant_label":"Politechnika Warszawska","dominant_role":"politechnika","politechnika_30min":12,"uniwersytet_30min":9,"medyczny_30min":7},"geometry":{"type":"Polygon","coordinates":[[[20.985266,52.211404],[20.987478,52.213616],[20.991702,52.213544],[20.993713,52.211262],[20.991501,52.209051],[20.987277,52.209122],[20.985266,52.211404]]]}},{"type":"Feature","properties":{"hex_id":814,"pop_20_29":29.0,"total_30min":10,"dominant_label":"Politechnika Warszawska","dominant_role":"politechnika","politechnika_30min":4,"uniwersytet_30min":2,"medyczny_30min":4},"geometry":{"type":"Polygon","coordinates":[[[20.984665,52.197922],[20.986876,52.200134],[20.991099,52.200063],[20.993109,52.19778],[20.990898,52.195569],[20.986676,52.19564],[20.984665,52.197922]]]}},{"type":"Feature","properties":{"hex_id":815,"pop_20_29":386.0,"total_30min":4,"dominant_label":"Warszawski Uniwersytet Medyczny","dominant_role":"medyczny","politechnika_30min":1,"uniwersytet_30min":0,"medyczny_30min":3},"geometry":{"type":"Polygon","coordinates":[[[20.984464,52.193428],[20.986676,52.19564],[20.990898,52.195569],[20.992908,52.193286],[20.990697,52.191075],[20.986475,52.191146],[20.984464,52.193428]]]}},{"type":"Feature","properties":{"hex_id":816,"pop_20_29":675.0,"total_30min":8,"dominant_label":"Uniwersytet Warszawski","dominant_role":"uniwersytet","politechnika_30min":2,"uniwersytet_30min":3,"medyczny_30min":3},"geometry":{"type":"Polygon","coordinates":[[[20.984264,52.188934],[20.986475,52.191146],[20.990697,52.191075],[20.992707,52.188792],[20.990496,52.186581],[20.986275,52.186652],[20.984264,52.188934]]]}},{"type":"Feature","properties":{"hex_id":817,"pop_20_29":90.0,"total_30min":4,"dominant_label":"Politechnika Warszawska","dominant_role":"politechnika","politechnika_30min":2,"uniwersytet_30min":0,"medyczny_30min":2},"geometry":{"type":"Polygon","coordinates":[[[20.984064,52.18444],[20.986275,52.186652],[20.990496,52.186581],[20.992506,52.184298],[20.990295,52.182087],[20.986075,52.182158],[20.984064,52.18444]]]}},{"type":"Feature","properties":{"hex_id":821,"pop_20_29":83.0,"total_30min":1,"dominant_label":"Politechnika Warszawska","dominant_role":"politechnika","politechnika_30min":1,"uniwersytet_30min":0,"medyczny_30min":0},"geometry":{"type":"Polygon","coordinates":[[[20.983264,52.166464],[20.985474,52.168676],[20.989694,52.168605],[20.991703,52.166322],[20.989493,52.164111],[20.985274,52.164182],[20.983264,52.166464]]]}},{"type":"Feature","properties":{"hex_id":823,"pop_20_29":4.0,"total_30min":1,"dominant_label":"Politechnika Warszawska","dominant_role":"politechnika","politechnika_30min":1,"uniwersytet_30min":0,"medyczny_30min":0},"geometry":{"type":"Polygon","coordinates":[[[20.982865,52.157476],[20.985074,52.159688],[20.989293,52.159617],[20.991302,52.157334],[20.989092,52.155123],[20.984874,52.155194],[20.982865,52.157476]]]}},{"type":"Feature","properties":{"hex_id":857,"pop_20_29":13.0,"total_30min":2,"dominant_label":"Politechnika Warszawska","dominant_role":"politechnika","politechnika_30min":1,"uniwersytet_30min":1,"medyczny_30min":0},"geometry":{"type":"Polygon","coordinates":[[[20.994118,52.267472],[20.996334,52.269683],[21.000563,52.269611],[21.002576,52.267328],[21.00036,52.265117],[20.996132,52.265189],[20.994118,52.267472]]]}},{"type":"Feature","properties":{"hex_id":858,"pop_20_29":125.0,"total_30min":4,"dominant_label":"Uniwersytet Warszawski","dominant_role":"uniwersytet","politechnika_30min":1,"uniwersytet_30min":3,"medyczny_30min":0},"geometry":{"type":"Polygon","coordinates":[[[20.993917,52.262978],[20.996132,52.265189],[21.00036,52.265117],[21.002374,52.262834],[21.000158,52.260623],[20.99593,52.260695],[20.993917,52.262978]]]}},{"type":"Feature","properties":{"hex_id":859,"pop_20_29":153.0,"total_30min":20,"dominant_label":"Uniwersytet Warszawski","dominant_role":"uniwersytet","politechnika_30min":6,"uniwersytet_30min":13,"medyczny_30min":1},"geometry":{"type":"Polygon","coordinates":[[[20.993715,52.258484],[20.99593,52.260695],[21.000158,52.260623],[21.002171,52.258341],[20.999956,52.25613],[20.995728,52.256201],[20.993715,52.258484]]]}},{"type":"Feature","properties":{"hex_id":860,"pop_20_29":342.0,"total_30min":25,"dominant_label":"Uniwersytet Warszawski","dominant_role":"uniwersytet","politechnika_30min":7,"uniwersytet_30min":16,"medyczny_30min":2},"geometry":{"type":"Polygon","coordinates":[[[20.993513,52.25399],[20.995728,52.256201],[20.999956,52.25613],[21.001969,52.253847],[20.999754,52.251636],[20.995526,52.251707],[20.993513,52.25399]]]}},{"type":"Feature","properties":{"hex_id":861,"pop_20_29":515.0,"total_30min":29,"dominant_label":"Uniwersytet Warszawski","dominant_role":"uniwersytet","politechnika_30min":8,"uniwersytet_30min":18,"medyczny_30min":3},"geometry":{"type":"Polygon","coordinates":[[[20.993312,52.249496],[20.995526,52.251707],[20.999754,52.251636],[21.001766,52.249353],[20.999552,52.247142],[20.995325,52.247213],[20.993312,52.249496]]]}},{"type":"Feature","properties":{"hex_id":862,"pop_20_29":476.0,"total_30min":27,"dominant_label":"Uniwersytet Warszawski","dominant_role":"uniwersytet","politechnika_30min":9,"uniwersytet_30min":17,"medyczny_30min":1},"geometry":{"type":"Polygon","coordinates":[[[20.99311,52.245002],[20.995325,52.247213],[20.999552,52.247142],[21.001564,52.244859],[20.99935,52.242648],[20.995123,52.242719],[20.99311,52.245002]]]}},{"type":"Feature","properties":{"hex_id":863,"pop_20_29":529.0,"total_30min":27,"dominant_label":"Uniwersytet Warszawski","dominant_role":"uniwersytet","politechnika_30min":9,"uniwersytet_30min":14,"medyczny_30min":4},"geometry":{"type":"Polygon","coordinates":[[[20.992909,52.240508],[20.995123,52.242719],[20.99935,52.242648],[21.001362,52.240365],[20.999148,52.238154],[20.994921,52.238225],[20.992909,52.240508]]]}},{"type":"Feature","properties":{"hex_id":864,"pop_20_29":651.0,"total_30min":29,"dominant_label":"Uniwersytet Warszawski","dominant_role":"uniwersytet","politechnika_30min":8,"uniwersytet_30min":16,"medyczny_30min":5},"geometry":{"type":"Polygon","coordinates":[[[20.992708,52.236014],[20.994921,52.238225],[20.999148,52.238154],[21.00116,52.235871],[20.998946,52.23366],[20.99472,52.233732],[20.992708,52.236014]]]}},{"type":"Feature","properties":{"hex_id":865,"pop_20_29":504.0,"total_30min":36,"dominant_label":"Uniwersytet Warszawski","dominant_role":"uniwersytet","politechnika_30min":11,"uniwersytet_30min":18,"medyczny_30min":7},"geometry":{"type":"Polygon","coordinates":[[[20.992506,52.23152],[20.99472,52.233732],[20.998946,52.23366],[21.000957,52.231377],[20.998744,52.229166],[20.994518,52.229238],[20.992506,52.23152]]]}},{"type":"Feature","properties":{"hex_id":866,"pop_20_29":286.0,"total_30min":30,"dominant_label":"Uniwersytet Warszawski","dominant_role":"uniwersytet","politechnika_30min":10,"uniwersytet_30min":13,"medyczny_30min":7},"geometry":{"type":"Polygon","coordinates":[[[20.992305,52.227026],[20.994518,52.229238],[20.998744,52.229166],[21.000755,52.226883],[20.998542,52.224672],[20.994317,52.224744],[20.992305,52.227026]]]}},{"type":"Feature","properties":{"hex_id":868,"pop_20_29":39.0,"total_30min":27,"dominant_label":"Politechnika Warszawska","dominant_role":"politechnika","politechnika_30min":10,"uniwersytet_30min":10,"medyczny_30min":7},"geometry":{"type":"Polygon","coordinates":[[[20.991903,52.218038],[20.994116,52.22025],[20.99834,52.220178],[21.000351,52.217895],[20.998138,52.215684],[20.993914,52.215756],[20.991903,52.218038]]]}},{"type":"Feature","properties":{"hex_id":870,"pop_20_29":56.0,"total_30min":12,"dominant_label":"Politechnika Warszawska","dominant_role":"politechnika","politechnika_30min":8,"uniwersytet_30min":0,"medyczny_30min":4},"geometry":{"type":"Polygon","coordinates":[[[20.991501,52.209051],[20.993713,52.211262],[20.997937,52.21119],[20.999947,52.208908],[20.997735,52.206696],[20.993512,52.206768],[20.991501,52.209051]]]}},{"type":"Feature","properties":{"hex_id":871,"pop_20_29":204.0,"total_30min":11,"dominant_label":"Politechnika Warszawska","dominant_role":"politechnika","politechnika_30min":7,"uniwersytet_30min":1,"medyczny_30min":3},"geometry":{"type":"Polygon","coordinates":[[[20.9913,52.204557],[20.993512,52.206768],[20.997735,52.206696],[20.999746,52.204414],[20.997533,52.202203],[20.993311,52.202274],[20.9913,52.204557]]]}},{"type":"Feature","properties":{"hex_id":872,"pop_20_29":12.0,"total_30min":4,"dominant_label":"Politechnika Warszawska","dominant_role":"politechnika","politechnika_30min":2,"uniwersytet_30min":0,"medyczny_30min":2},"geometry":{"type":"Polygon","coordinates":[[[20.991099,52.200063],[20.993311,52.202274],[20.997533,52.202203],[20.999544,52.19992],[20.997332,52.197709],[20.993109,52.19778],[20.991099,52.200063]]]}},{"type":"Feature","properties":{"hex_id":873,"pop_20_29":93.0,"total_30min":4,"dominant_label":"Politechnika Warszawska","dominant_role":"politechnika","politechnika_30min":4,"uniwersytet_30min":0,"medyczny_30min":0},"geometry":{"type":"Polygon","coordinates":[[[20.990898,52.195569],[20.993109,52.19778],[20.997332,52.197709],[20.999342,52.195426],[20.99713,52.193215],[20.992908,52.193286],[20.990898,52.195569]]]}},{"type":"Feature","properties":{"hex_id":874,"pop_20_29":131.0,"total_30min":9,"dominant_label":"Politechnika Warszawska","dominant_role":"politechnika","politechnika_30min":5,"uniwersytet_30min":3,"medyczny_30min":1},"geometry":{"type":"Polygon","coordinates":[[[20.990697,52.191075],[20.992908,52.193286],[20.99713,52.193215],[20.99914,52.190932],[20.996929,52.188721],[20.992707,52.188792],[20.990697,52.191075]]]}},{"type":"Feature","properties":{"hex_id":875,"pop_20_29":297.0,"total_30min":4,"dominant_label":"Politechnika Warszawska","dominant_role":"politechnika","politechnika_30min":2,"uniwersytet_30min":0,"medyczny_30min":2},"geometry":{"type":"Polygon","coordinates":[[[20.990496,52.186581],[20.992707,52.188792],[20.996929,52.188721],[20.998939,52.186438],[20.996727,52.184227],[20.992506,52.184298],[20.990496,52.186581]]]}},{"type":"Feature","properties":{"hex_id":877,"pop_20_29":287.0,"total_30min":3,"dominant_label":"Politechnika Warszawska","dominant_role":"politechnika","politechnika_30min":2,"uniwersytet_30min":0,"medyczny_30min":1},"geometry":{"type":"Polygon","coordinates":[[[20.990095,52.177593],[20.992305,52.179804],[20.996526,52.179733],[20.998536,52.17745],[20.996325,52.175239],[20.992105,52.17531],[20.990095,52.177593]]]}},{"type":"Feature","properties":{"hex_id":879,"pop_20_29":60.0,"total_30min":2,"dominant_label":"Politechnika Warszawska","dominant_role":"politechnika","politechnika_30min":1,"uniwersytet_30min":1,"medyczny_30min":0},"geometry":{"type":"Polygon","coordinates":[[[20.989694,52.168605],[20.991904,52.170816],[20.996124,52.170745],[20.998133,52.168462],[20.995922,52.166251],[20.991703,52.166322],[20.989694,52.168605]]]}},{"type":"Feature","properties":{"hex_id":881,"pop_20_29":389.0,"total_30min":1,"dominant_label":"Politechnika Warszawska","dominant_role":"politechnika","politechnika_30min":1,"uniwersytet_30min":0,"medyczny_30min":0},"geometry":{"type":"Polygon","coordinates":[[[20.989293,52.159617],[20.991502,52.161828],[20.995721,52.161757],[20.99773,52.159474],[20.99552,52.157263],[20.991302,52.157334],[20.989293,52.159617]]]}},{"type":"Feature","properties":{"hex_id":918,"pop_20_29":17.0,"total_30min":4,"dominant_label":"Uniwersytet Warszawski","dominant_role":"uniwersytet","politechnika_30min":1,"uniwersytet_30min":3,"medyczny_30min":0},"geometry":{"type":"Polygon","coordinates":[[[21.000158,52.260623],[21.002374,52.262834],[21.006602,52.262763],[21.008615,52.26048],[21.006399,52.258269],[21.002171,52.258341],[21.000158,52.260623]]]}},{"type":"Feature","properties":{"hex_id":919,"pop_20_29":18.0,"total_30min":12,"dominant_label":"Uniwersytet Warszawski","dominant_role":"uniwersytet","politechnika_30min":1,"uniwersytet_30min":11,"medyczny_30min":0},"geometry":{"type":"Polygon","coordinates":[[[20.999956,52.25613],[21.002171,52.258341],[21.006399,52.258269],[21.008412,52.255986],[21.006196,52.253775],[21.001969,52.253847],[20.999956,52.25613]]]}},{"type":"Feature","properties":{"hex_id":920,"pop_20_29":317.0,"total_30min":16,"dominant_label":"Uniwersytet Warszawski","dominant_role":"uniwersytet","politechnika_30min":1,"uniwersytet_30min":15,"medyczny_30min":0},"geometry":{"type":"Polygon","coordinates":[[[20.999754,52.251636],[21.001969,52.253847],[21.006196,52.253775],[21.008209,52.251492],[21.005994,52.249281],[21.001766,52.249353],[20.999754,52.251636]]]}},{"type":"Feature","properties":{"hex_id":921,"pop_20_29":238.0,"total_30min":24,"dominant_label":"Uniwersytet Warszawski","dominant_role":"uniwersytet","politechnika_30min":6,"uniwersytet_30min":17,"medyczny_30min":1},"geometry":{"type":"Polygon","coordinates":[[[20.999552,52.247142],[21.001766,52.249353],[21.005994,52.249281],[21.008006,52.246998],[21.005791,52.244787],[21.001564,52.244859],[20.999552,52.247142]]]}},{"type":"Feature","properties":{"hex_id":922,"pop_20_29":269.0,"total_30min":40,"dominant_label":"Uniwersytet Warszawski","dominant_role":"uniwersytet","politechnika_30min":12,"uniwersytet_30min":24,"medyczny_30min":4},"geometry":{"type":"Polygon","coordinates":[[[20.99935,52.242648],[21.001564,52.244859],[21.005791,52.244787],[21.007803,52.242504],[21.005588,52.240293],[21.001362,52.240365],[20.99935,52.242648]]]}},{"type":"Feature","properties":{"hex_id":923,"pop_20_29":537.0,"total_30min":33,"dominant_label":"Uniwersytet Warszawski","dominant_role":"uniwersytet","politechnika_30min":11,"uniwersytet_30min":18,"medyczny_30min":4},"geometry":{"type":"Polygon","coordinates":[[[20.999148,52.238154],[21.001362,52.240365],[21.005588,52.240293],[21.0076,52.23801],[21.005385,52.235799],[21.00116,52.235871],[20.999148,52.238154]]]}},{"type":"Feature","properties":{"hex_id":924,"pop_20_29":383.0,"total_30min":35,"dominant_label":"Uniwersytet Warszawski","dominant_role":"uniwersytet","politechnika_30min":11,"uniwersytet_30min":18,"medyczny_30min":6},"geometry":{"type":"Polygon","coordinates":[[[20.998946,52.23366],[21.00116,52.235871],[21.005385,52.235799],[21.007397,52.233517],[21.005183,52.231306],[21.000957,52.231377],[20.998946,52.23366]]]}},{"type":"Feature","properties":{"hex_id":925,"pop_20_29":70.0,"total_30min":37,"dominant_label":"Uniwersytet Warszawski","dominant_role":"uniwersytet","politechnika_30min":11,"uniwersytet_30min":19,"medyczny_30min":7},"geometry":{"type":"Polygon","coordinates":[[[20.998744,52.229166],[21.000957,52.231377],[21.005183,52.231306],[21.007194,52.229023],[21.00498,52.226812],[21.000755,52.226883],[20.998744,52.229166]]]}},{"type":"Feature","properties":{"hex_id":926,"pop_20_29":54.0,"total_30min":35,"dominant_label":"Uniwersytet Warszawski","dominant_role":"uniwersytet","politechnika_30min":11,"uniwersytet_30min":18,"medyczny_30min":6},"geometry":{"type":"Polygon","coordinates":[[[20.998542,52.224672],[21.000755,52.226883],[21.00498,52.226812],[21.006992,52.224529],[21.004778,52.222318],[21.000553,52.222389],[20.998542,52.224672]]]}},{"type":"Feature","properties":{"hex_id":927,"pop_20_29":111.0,"total_30min":32,"dominant_label":"Uniwersytet Warszawski","dominant_role":"uniwersytet","politechnika_30min":12,"uniwersytet_30min":13,"medyczny_30min":7},"geometry":{"type":"Polygon","coordinates":[[[20.99834,52.220178],[21.000553,52.222389],[21.004778,52.222318],[21.006789,52.220035],[21.004575,52.217824],[21.000351,52.217895],[20.99834,52.220178]]]}},{"type":"Feature","properties":{"hex_id":928,"pop_20_29":18.0,"total_30min":33,"dominant_label":"Politechnika Warszawska","dominant_role":"politechnika","politechnika_30min":13,"uniwersytet_30min":13,"medyczny_30min":7},"geometry":{"type":"Polygon","coordinates":[[[20.998138,52.215684],[21.000351,52.217895],[21.004575,52.217824],[21.006586,52.215541],[21.004373,52.21333],[21.000149,52.213402],[20.998138,52.215684]]]}},{"type":"Feature","properties":{"hex_id":929,"pop_20_29":113.0,"total_30min":32,"dominant_label":"Politechnika Warszawska","dominant_role":"politechnika","politechnika_30min":13,"uniwersytet_30min":12,"medyczny_30min":7},"geometry":{"type":"Polygon","coordinates":[[[20.997937,52.21119],[21.000149,52.213402],[21.004373,52.21333],[21.006384,52.211047],[21.004171,52.208836],[20.999947,52.208908],[20.997937,52.21119]]]}},{"type":"Feature","properties":{"hex_id":930,"pop_20_29":241.0,"total_30min":30,"dominant_label":"Politechnika Warszawska","dominant_role":"politechnika","politechnika_30min":13,"uniwersytet_30min":12,"medyczny_30min":5},"geometry":{"type":"Polygon","coordinates":[[[20.997735,52.206696],[20.999947,52.208908],[21.004171,52.208836],[21.006181,52.206553],[21.003968,52.204342],[20.999746,52.204414],[20.997735,52.206696]]]}},{"type":"Feature","properties":{"hex_id":931,"pop_20_29":289.0,"total_30min":31,"dominant_label":"Politechnika Warszawska","dominant_role":"politechnika","politechnika_30min":13,"uniwersytet_30min":12,"medyczny_30min":6},"geometry":{"type":"Polygon","coordinates":[[[20.997533,52.202203],[20.999746,52.204414],[21.003968,52.204342],[21.005979,52.202059],[21.003766,52.199848],[20.999544,52.19992],[20.997533,52.202203]]]}},{"type":"Feature","properties":{"hex_id":932,"pop_20_29":188.0,"total_30min":17,"dominant_label":"Politechnika Warszawska","dominant_role":"politechnika","politechnika_30min":10,"uniwersytet_30min":4,"medyczny_30min":3},"geometry":{"type":"Polygon","coordinates":[[[20.997332,52.197709],[20.999544,52.19992],[21.003766,52.199848],[21.005776,52.197565],[21.003564,52.195354],[20.999342,52.195426],[20.997332,52.197709]]]}},{"type":"Feature","properties":{"hex_id":933,"pop_20_29":311.0,"total_30min":13,"dominant_label":"Politechnika Warszawska","dominant_role":"politechnika","politechnika_30min":8,"uniwersytet_30min":3,"medyczny_30min":2},"geometry":{"type":"Polygon","coordinates":[[[20.99713,52.193215],[20.999342,52.195426],[21.003564,52.195354],[21.005574,52.193071],[21.003362,52.19086],[20.99914,52.190932],[20.99713,52.193215]]]}},{"type":"Feature","properties":{"hex_id":934,"pop_20_29":173.0,"total_30min":14,"dominant_label":"Politechnika Warszawska","dominant_role":"politechnika","politechnika_30min":8,"uniwersytet_30min":4,"medyczny_30min":2},"geometry":{"type":"Polygon","coordinates":[[[20.996929,52.188721],[20.99914,52.190932],[21.003362,52.19086],[21.005372,52.188577],[21.00316,52.186366],[20.998939,52.186438],[20.996929,52.188721]]]}},{"type":"Feature","properties":{"hex_id":935,"pop_20_29":34.0,"total_30min":10,"dominant_label":"Politechnika Warszawska","dominant_role":"politechnika","politechnika_30min":5,"uniwersytet_30min":3,"medyczny_30min":2},"geometry":{"type":"Polygon","coordinates":[[[20.996727,52.184227],[20.998939,52.186438],[21.00316,52.186366],[21.005169,52.184084],[21.002958,52.181872],[20.998737,52.181944],[20.996727,52.184227]]]}},{"type":"Feature","properties":{"hex_id":936,"pop_20_29":76.0,"total_30min":9,"dominant_label":"Politechnika Warszawska","dominant_role":"politechnika","politechnika_30min":4,"uniwersytet_30min":3,"medyczny_30min":2},"geometry":{"type":"Polygon","coordinates":[[[20.996526,52.179733],[20.998737,52.181944],[21.002958,52.181872],[21.004967,52.17959],[21.002756,52.177378],[20.998536,52.17745],[20.996526,52.179733]]]}},{"type":"Feature","properties":{"hex_id":937,"pop_20_29":607.0,"total_30min":6,"dominant_label":"Politechnika Warszawska","dominant_role":"politechnika","politechnika_30min":4,"uniwersytet_30min":1,"medyczny_30min":1},"geometry":{"type":"Polygon","coordinates":[[[20.996325,52.175239],[20.998536,52.17745],[21.002756,52.177378],[21.004765,52.175096],[21.002554,52.172885],[20.998334,52.172956],[20.996325,52.175239]]]}},{"type":"Feature","properties":{"hex_id":938,"pop_20_29":357.0,"total_30min":2,"dominant_label":"Politechnika Warszawska","dominant_role":"politechnika","politechnika_30min":1,"uniwersytet_30min":1,"medyczny_30min":0},"geometry":{"type":"Polygon","coordinates":[[[20.996124,52.170745],[20.998334,52.172956],[21.002554,52.172885],[21.004563,52.170602],[21.002352,52.168391],[20.998133,52.168462],[20.996124,52.170745]]]}},{"type":"Feature","properties":{"hex_id":940,"pop_20_29":63.0,"total_30min":1,"dominant_label":"Politechnika Warszawska","dominant_role":"politechnika","politechnika_30min":1,"uniwersytet_30min":0,"medyczny_30min":0},"geometry":{"type":"Polygon","coordinates":[[[20.995721,52.161757],[20.997931,52.163968],[21.002151,52.163897],[21.004159,52.161614],[21.001949,52.159403],[20.99773,52.159474],[20.995721,52.161757]]]}},{"type":"Feature","properties":{"hex_id":941,"pop_20_29":4.0,"total_30min":1,"dominant_label":"Politechnika Warszawska","dominant_role":"politechnika","politechnika_30min":1,"uniwersytet_30min":0,"medyczny_30min":0},"geometry":{"type":"Polygon","coordinates":[[[20.99552,52.157263],[20.99773,52.159474],[21.001949,52.159403],[21.003957,52.15712],[21.001747,52.154909],[20.997529,52.15498],[20.99552,52.157263]]]}},{"type":"Feature","properties":{"hex_id":942,"pop_20_29":154.0,"total_30min":1,"dominant_label":"Politechnika Warszawska","dominant_role":"politechnika","politechnika_30min":1,"uniwersytet_30min":0,"medyczny_30min":0},"geometry":{"type":"Polygon","coordinates":[[[20.995319,52.152769],[20.997529,52.15498],[21.001747,52.154909],[21.003755,52.152626],[21.001545,52.150415],[20.997328,52.150486],[20.995319,52.152769]]]}},{"type":"Feature","properties":{"hex_id":943,"pop_20_29":141.0,"total_30min":1,"dominant_label":"Politechnika Warszawska","dominant_role":"politechnika","politechnika_30min":1,"uniwersytet_30min":0,"medyczny_30min":0},"geometry":{"type":"Polygon","coordinates":[[[20.995118,52.148275],[20.997328,52.150486],[21.001545,52.150415],[21.003553,52.148132],[21.001344,52.145921],[20.997126,52.145992],[20.995118,52.148275]]]}},{"type":"Feature","properties":{"hex_id":971,"pop_20_29":24.0,"total_30min":1,"dominant_label":"Politechnika Warszawska","dominant_role":"politechnika","politechnika_30min":1,"uniwersytet_30min":0,"medyczny_30min":0},"geometry":{"type":"Polygon","coordinates":[[[21.007414,52.280738],[21.009631,52.282949],[21.013861,52.282877],[21.015875,52.280594],[21.013658,52.278383],[21.009428,52.278455],[21.007414,52.280738]]]}},{"type":"Feature","properties":{"hex_id":974,"pop_20_29":41.0,"total_30min":1,"dominant_label":"Politechnika Warszawska","dominant_role":"politechnika","politechnika_30min":1,"uniwersytet_30min":0,"medyczny_30min":0},"geometry":{"type":"Polygon","coordinates":[[[21.006805,52.267257],[21.009021,52.269467],[21.01325,52.269395],[21.015263,52.267112],[21.013047,52.264902],[21.008818,52.264974],[21.006805,52.267257]]]}},{"type":"Feature","properties":{"hex_id":977,"pop_20_29":109.0,"total_30min":14,"dominant_label":"Uniwersytet Warszawski","dominant_role":"uniwersytet","politechnika_30min":1,"uniwersytet_30min":13,"medyczny_30min":0},"geometry":{"type":"Polygon","coordinates":[[[21.006196,52.253775],[21.008412,52.255986],[21.012639,52.255914],[21.014652,52.253631],[21.012436,52.25142],[21.008209,52.251492],[21.006196,52.253775]]]}},{"type":"Feature","properties":{"hex_id":978,"pop_20_29":229.0,"total_30min":16,"dominant_label":"Uniwersytet Warszawski","dominant_role":"uniwersytet","politechnika_30min":1,"uniwersytet_30min":15,"medyczny_30min":0},"geometry":{"type":"Polygon","coordinates":[[[21.005994,52.249281],[21.008209,52.251492],[21.012436,52.25142],[21.014448,52.249137],[21.012233,52.246926],[21.008006,52.246998],[21.005994,52.249281]]]}},{"type":"Feature","properties":{"hex_id":979,"pop_20_29":140.0,"total_30min":23,"dominant_label":"Uniwersytet Warszawski","dominant_role":"uniwersytet","politechnika_30min":5,"uniwersytet_30min":17,"medyczny_30min":1},"geometry":{"type":"Polygon","coordinates":[[[21.005791,52.244787],[21.008006,52.246998],[21.012233,52.246926],[21.014244,52.244643],[21.012029,52.242432],[21.007803,52.242504],[21.005791,52.244787]]]}},{"type":"Feature","properties":{"hex_id":980,"pop_20_29":50.0,"total_30min":32,"dominant_label":"Uniwersytet Warszawski","dominant_role":"uniwersytet","politechnika_30min":10,"uniwersytet_30min":18,"medyczny_30min":4},"geometry":{"type":"Polygon","coordinates":[[[21.005588,52.240293],[21.007803,52.242504],[21.012029,52.242432],[21.014041,52.240149],[21.011826,52.237938],[21.0076,52.23801],[21.005588,52.240293]]]}},{"type":"Feature","properties":{"hex_id":981,"pop_20_29":263.0,"total_30min":44,"dominant_label":"Uniwersytet Warszawski","dominant_role":"uniwersytet","politechnika_30min":12,"uniwersytet_30min":25,"medyczny_30min":7},"geometry":{"type":"Polygon","coordinates":[[[21.005385,52.235799],[21.0076,52.23801],[21.011826,52.237938],[21.013837,52.235655],[21.011623,52.233445],[21.007397,52.233517],[21.005385,52.235799]]]}},{"type":"Feature","properties":{"hex_id":982,"pop_20_29":143.0,"total_30min":43,"dominant_label":"Uniwersytet Warszawski","dominant_role":"uniwersytet","politechnika_30min":13,"uniwersytet_30min":23,"medyczny_30min":7},"geometry":{"type":"Polygon","coordinates":[[[21.005183,52.231306],[21.007397,52.233517],[21.011623,52.233445],[21.013634,52.231162],[21.011419,52.228951],[21.007194,52.229023],[21.005183,52.231306]]]}},{"type":"Feature","properties":{"hex_id":983,"pop_20_29":363.0,"total_30min":35,"dominant_label":"Uniwersytet Warszawski","dominant_role":"uniwersytet","politechnika_30min":9,"uniwersytet_30min":20,"medyczny_30min":6},"geometry":{"type":"Polygon","coordinates":[[[21.00498,52.226812],[21.007194,52.229023],[21.011419,52.228951],[21.01343,52.226668],[21.011216,52.224457],[21.006992,52.224529],[21.00498,52.226812]]]}},{"type":"Feature","properties":{"hex_id":984,"pop_20_29":366.0,"total_30min":30,"dominant_label":"Uniwersytet Warszawski","dominant_role":"uniwersytet","politechnika_30min":11,"uniwersytet_30min":13,"medyczny_30min":6},"geometry":{"type":"Polygon","coordinates":[[[21.004778,52.222318],[21.006992,52.224529],[21.011216,52.224457],[21.013227,52.222174],[21.011013,52.219963],[21.006789,52.220035],[21.004778,52.222318]]]}},{"type":"Feature","properties":{"hex_id":985,"pop_20_29":28.0,"total_30min":32,"dominant_label":"Uniwersytet Warszawski","dominant_role":"uniwersytet","politechnika_30min":12,"uniwersytet_30min":13,"medyczny_30min":7},"geometry":{"type":"Polygon","coordinates":[[[21.004575,52.217824],[21.006789,52.220035],[21.011013,52.219963],[21.013024,52.21768],[21.01081,52.215469],[21.006586,52.215541],[21.004575,52.217824]]]}},{"type":"Feature","properties":{"hex_id":987,"pop_20_29":248.0,"total_30min":40,"dominant_label":"Uniwersytet Warszawski","dominant_role":"uniwersytet","politechnika_30min":14,"uniwersytet_30min":20,"medyczny_30min":6},"geometry":{"type":"Polygon","coordinates":[[[21.004171,52.208836],[21.006384,52.211047],[21.010607,52.210975],[21.012617,52.208692],[21.010404,52.206481],[21.006181,52.206553],[21.004171,52.208836]]]}},{"type":"Feature","properties":{"hex_id":988,"pop_20_29":529.0,"total_30min":28,"dominant_label":"Politechnika Warszawska","dominant_role":"politechnika","politechnika_30min":13,"uniwersytet_30min":11,"medyczny_30min":4},"geometry":{"type":"Polygon","coordinates":[[[21.003968,52.204342],[21.006181,52.206553],[21.010404,52.206481],[21.012414,52.204198],[21.010201,52.201987],[21.005979,52.202059],[21.003968,52.204342]]]}},{"type":"Feature","properties":{"hex_id":989,"pop_20_29":514.0,"total_30min":27,"dominant_label":"Politechnika Warszawska","dominant_role":"politechnika","politechnika_30min":13,"uniwersytet_30min":12,"medyczny_30min":2},"geometry":{"type":"Polygon","coordinates":[[[21.003766,52.199848],[21.005979,52.202059],[21.010201,52.201987],[21.012211,52.199704],[21.009999,52.197493],[21.005776,52.197565],[21.003766,52.199848]]]}},{"type":"Feature","properties":{"hex_id":990,"pop_20_29":445.0,"total_30min":19,"dominant_label":"Politechnika Warszawska","dominant_role":"politechnika","politechnika_30min":10,"uniwersytet_30min":5,"medyczny_30min":4},"geometry":{"type":"Polygon","coordinates":[[[21.003564,52.195354],[21.005776,52.197565],[21.009999,52.197493],[21.012008,52.19521],[21.009796,52.193],[21.005574,52.193071],[21.003564,52.195354]]]}},{"type":"Feature","properties":{"hex_id":991,"pop_20_29":417.0,"total_30min":8,"dominant_label":"Politechnika Warszawska","dominant_role":"politechnika","politechnika_30min":5,"uniwersytet_30min":3,"medyczny_30min":0},"geometry":{"type":"Polygon","coordinates":[[[21.003362,52.19086],[21.005574,52.193071],[21.009796,52.193],[21.011805,52.190717],[21.009593,52.188506],[21.005372,52.188577],[21.003362,52.19086]]]}},{"type":"Feature","properties":{"hex_id":992,"pop_20_29":264.0,"total_30min":8,"dominant_label":"Politechnika Warszawska","dominant_role":"politechnika","politechnika_30min":5,"uniwersytet_30min":3,"medyczny_30min":0},"geometry":{"type":"Polygon","coordinates":[[[21.00316,52.186366],[21.005372,52.188577],[21.009593,52.188506],[21.011602,52.186223],[21.00939,52.184012],[21.005169,52.184084],[21.00316,52.186366]]]}},{"type":"Feature","properties":{"hex_id":993,"pop_20_29":170.0,"total_30min":3,"dominant_label":"Politechnika Warszawska","dominant_role":"politechnika","politechnika_30min":2,"uniwersytet_30min":1,"medyczny_30min":0},"geometry":{"type":"Polygon","coordinates":[[[21.002958,52.181872],[21.005169,52.184084],[21.00939,52.184012],[21.0114,52.181729],[21.009188,52.179518],[21.004967,52.17959],[21.002958,52.181872]]]}},{"type":"Feature","properties":{"hex_id":994,"pop_20_29":330.0,"total_30min":8,"dominant_label":"Politechnika Warszawska","dominant_role":"politechnika","politechnika_30min":4,"uniwersytet_30min":3,"medyczny_30min":1},"geometry":{"type":"Polygon","coordinates":[[[21.002756,52.177378],[21.004967,52.17959],[21.009188,52.179518],[21.011197,52.177235],[21.008985,52.175024],[21.004765,52.175096],[21.002756,52.177378]]]}},{"type":"Feature","properties":{"hex_id":995,"pop_20_29":634.0,"total_30min":3,"dominant_label":"Politechnika Warszawska","dominant_role":"politechnika","politechnika_30min":2,"uniwersytet_30min":1,"medyczny_30min":0},"geometry":{"type":"Polygon","coordinates":[[[21.002554,52.172885],[21.004765,52.175096],[21.008985,52.175024],[21.010994,52.172741],[21.008783,52.17053],[21.004563,52.170602],[21.002554,52.172885]]]}},{"type":"Feature","properties":{"hex_id":996,"pop_20_29":389.0,"total_30min":2,"dominant_label":"Politechnika Warszawska","dominant_role":"politechnika","politechnika_30min":1,"uniwersytet_30min":1,"medyczny_30min":0},"geometry":{"type":"Polygon","coordinates":[[[21.002352,52.168391],[21.004563,52.170602],[21.008783,52.17053],[21.010791,52.168247],[21.00858,52.166036],[21.004361,52.166108],[21.002352,52.168391]]]}},{"type":"Feature","properties":{"hex_id":1002,"pop_20_29":14.0,"total_30min":1,"dominant_label":"Politechnika Warszawska","dominant_role":"politechnika","politechnika_30min":1,"uniwersytet_30min":0,"medyczny_30min":0},"geometry":{"type":"Polygon","coordinates":[[[21.001142,52.141427],[21.003352,52.143638],[21.007569,52.143566],[21.009576,52.141283],[21.007367,52.139072],[21.00315,52.139144],[21.001142,52.141427]]]}},{"type":"Feature","properties":{"hex_id":1033,"pop_20_29":171.0,"total_30min":4,"dominant_label":"Uniwersytet Warszawski","dominant_role":"uniwersytet","politechnika_30min":1,"uniwersytet_30min":3,"medyczny_30min":0},"geometry":{"type":"Polygon","coordinates":[[[21.013047,52.264902],[21.015263,52.267112],[21.019492,52.26704],[21.021504,52.264757],[21.019287,52.262546],[21.015059,52.262619],[21.013047,52.264902]]]}},{"type":"Feature","properties":{"hex_id":1036,"pop_20_29":7.0,"total_30min":13,"dominant_label":"Uniwersytet Warszawski","dominant_role":"uniwersytet","politechnika_30min":1,"uniwersytet_30min":12,"medyczny_30min":0},"geometry":{"type":"Polygon","coordinates":[[[21.012436,52.25142],[21.014652,52.253631],[21.018879,52.253559],[21.020891,52.251276],[21.018675,52.249065],[21.014448,52.249137],[21.012436,52.25142]]]}},{"type":"Feature","properties":{"hex_id":1037,"pop_20_29":110.0,"total_30min":29,"dominant_label":"Uniwersytet Warszawski","dominant_role":"uniwersytet","politechnika_30min":7,"uniwersytet_30min":21,"medyczny_30min":1},"geometry":{"type":"Polygon","coordinates":[[[21.012233,52.246926],[21.014448,52.249137],[21.018675,52.249065],[21.020686,52.246782],[21.018471,52.244571],[21.014244,52.244643],[21.012233,52.246926]]]}},{"type":"Feature","properties":{"hex_id":1038,"pop_20_29":96.0,"total_30min":26,"dominant_label":"Uniwersytet Warszawski","dominant_role":"uniwersytet","politechnika_30min":3,"uniwersytet_30min":21,"medyczny_30min":2},"geometry":{"type":"Polygon","coordinates":[[[21.012029,52.242432],[21.014244,52.244643],[21.018471,52.244571],[21.020482,52.242288],[21.018267,52.240077],[21.014041,52.240149],[21.012029,52.242432]]]}},{"type":"Feature","properties":{"hex_id":1039,"pop_20_29":75.0,"total_30min":37,"dominant_label":"Uniwersytet Warszawski","dominant_role":"uniwersytet","politechnika_30min":10,"uniwersytet_30min":22,"medyczny_30min":5},"geometry":{"type":"Polygon","coordinates":[[[21.011826,52.237938],[21.014041,52.240149],[21.018267,52.240077],[21.020278,52.237794],[21.018063,52.235583],[21.013837,52.235655],[21.011826,52.237938]]]}},{"type":"Feature","properties":{"hex_id":1040,"pop_20_29":294.0,"total_30min":38,"dominant_label":"Uniwersytet Warszawski","dominant_role":"uniwersytet","politechnika_30min":10,"uniwersytet_30min":22,"medyczny_30min":6},"geometry":{"type":"Polygon","coordinates":[[[21.011623,52.233445],[21.013837,52.235655],[21.018063,52.235583],[21.020074,52.2333],[21.017859,52.231089],[21.013634,52.231162],[21.011623,52.233445]]]}},{"type":"Feature","properties":{"hex_id":1041,"pop_20_29":375.0,"total_30min":37,"dominant_label":"Uniwersytet Warszawski","dominant_role":"uniwersytet","politechnika_30min":10,"uniwersytet_30min":22,"medyczny_30min":5},"geometry":{"type":"Polygon","coordinates":[[[21.011419,52.228951],[21.013634,52.231162],[21.017859,52.231089],[21.01987,52.228806],[21.017655,52.226596],[21.01343,52.226668],[21.011419,52.228951]]]}},{"type":"Feature","properties":{"hex_id":1042,"pop_20_29":424.0,"total_30min":43,"dominant_label":"Uniwersytet Warszawski","dominant_role":"uniwersytet","politechnika_30min":12,"uniwersytet_30min":25,"medyczny_30min":6},"geometry":{"type":"Polygon","coordinates":[[[21.011216,52.224457],[21.01343,52.226668],[21.017655,52.226596],[21.019666,52.224312],[21.017452,52.222102],[21.013227,52.222174],[21.011216,52.224457]]]}},{"type":"Feature","properties":{"hex_id":1043,"pop_20_29":441.0,"total_30min":45,"dominant_label":"Uniwersytet Warszawski","dominant_role":"uniwersytet","politechnika_30min":14,"uniwersytet_30min":24,"medyczny_30min":7},"geometry":{"type":"Polygon","coordinates":[[[21.011013,52.219963],[21.013227,52.222174],[21.017452,52.222102],[21.019462,52.219819],[21.017248,52.217608],[21.013024,52.21768],[21.011013,52.219963]]]}},{"type":"Feature","properties":{"hex_id":1044,"pop_20_29":220.0,"total_30min":39,"dominant_label":"Uniwersytet Warszawski","dominant_role":"uniwersytet","politechnika_30min":13,"uniwersytet_30min":19,"medyczny_30min":7},"geometry":{"type":"Polygon","coordinates":[[[21.01081,52.215469],[21.013024,52.21768],[21.017248,52.217608],[21.019258,52.215325],[21.017044,52.213114],[21.012821,52.213186],[21.01081,52.215469]]]}},{"type":"Feature","properties":{"hex_id":1045,"pop_20_29":173.0,"total_30min":20,"dominant_label":"Politechnika Warszawska","dominant_role":"politechnika","politechnika_30min":11,"uniwersytet_30min":8,"medyczny_30min":1},"geometry":{"type":"Polygon","coordinates":[[[21.010607,52.210975],[21.012821,52.213186],[21.017044,52.213114],[21.019054,52.210831],[21.016841,52.20862],[21.012617,52.208692],[21.010607,52.210975]]]}},{"type":"Feature","properties":{"hex_id":1046,"pop_20_29":340.0,"total_30min":25,"dominant_label":"Politechnika Warszawska","dominant_role":"politechnika","politechnika_30min":13,"uniwersytet_30min":11,"medyczny_30min":1},"geometry":{"type":"Polygon","coordinates":[[[21.010404,52.206481],[21.012617,52.208692],[21.016841,52.20862],[21.018851,52.206337],[21.016637,52.204126],[21.012414,52.204198],[21.010404,52.206481]]]}},{"type":"Feature","properties":{"hex_id":1047,"pop_20_29":322.0,"total_30min":26,"dominant_label":"Politechnika Warszawska","dominant_role":"politechnika","politechnika_30min":13,"uniwersytet_30min":11,"medyczny_30min":2},"geometry":{"type":"Polygon","coordinates":[[[21.010201,52.201987],[21.012414,52.204198],[21.016637,52.204126],[21.018647,52.201843],[21.016434,52.199632],[21.012211,52.199704],[21.010201,52.201987]]]}},{"type":"Feature","properties":{"hex_id":1048,"pop_20_29":429.0,"total_30min":31,"dominant_label":"Uniwersytet Warszawski","dominant_role":"uniwersytet","politechnika_30min":13,"uniwersytet_30min":14,"medyczny_30min":4},"geometry":{"type":"Polygon","coordinates":[[[21.009999,52.197493],[21.012211,52.199704],[21.016434,52.199632],[21.018443,52.197349],[21.01623,52.195138],[21.012008,52.19521],[21.009999,52.197493]]]}},{"type":"Feature","properties":{"hex_id":1049,"pop_20_29":488.0,"total_30min":22,"dominant_label":"Politechnika Warszawska","dominant_role":"politechnika","politechnika_30min":13,"uniwersytet_30min":8,"medyczny_30min":1},"geometry":{"type":"Polygon","coordinates":[[[21.009796,52.193],[21.012008,52.19521],[21.01623,52.195138],[21.01824,52.192855],[21.016027,52.190644],[21.011805,52.190717],[21.009796,52.193]]]}},{"type":"Feature","properties":{"hex_id":1050,"pop_20_29":424.0,"total_30min":24,"dominant_label":"Uniwersytet Warszawski","dominant_role":"uniwersytet","politechnika_30min":11,"uniwersytet_30min":12,"medyczny_30min":1},"geometry":{"type":"Polygon","coordinates":[[[21.009593,52.188506],[21.011805,52.190717],[21.016027,52.190644],[21.018036,52.188361],[21.015824,52.186151],[21.011602,52.186223],[21.009593,52.188506]]]}},{"type":"Feature","properties":{"hex_id":1051,"pop_20_29":343.0,"total_30min":8,"dominant_label":"Politechnika Warszawska","dominant_role":"politechnika","politechnika_30min":5,"uniwersytet_30min":3,"medyczny_30min":0},"geometry":{"type":"Polygon","coordinates":[[[21.00939,52.184012],[21.011602,52.186223],[21.015824,52.186151],[21.017832,52.183868],[21.01562,52.181657],[21.0114,52.181729],[21.00939,52.184012]]]}},{"type":"Feature","properties":{"hex_id":1052,"pop_20_29":449.0,"total_30min":6,"dominant_label":"Politechnika Warszawska","dominant_role":"politechnika","politechnika_30min":3,"uniwersytet_30min":3,"medyczny_30min":0},"geometry":{"type":"Polygon","coordinates":[[[21.009188,52.179518],[21.0114,52.181729],[21.01562,52.181657],[21.017629,52.179374],[21.015417,52.177163],[21.011197,52.177235],[21.009188,52.179518]]]}},{"type":"Feature","properties":{"hex_id":1053,"pop_20_29":359.0,"total_30min":8,"dominant_label":"Politechnika Warszawska","dominant_role":"politechnika","politechnika_30min":4,"uniwersytet_30min":4,"medyczny_30min":0},"geometry":{"type":"Polygon","coordinates":[[[21.008985,52.175024],[21.011197,52.177235],[21.015417,52.177163],[21.017426,52.17488],[21.015214,52.172669],[21.010994,52.172741],[21.008985,52.175024]]]}},{"type":"Feature","properties":{"hex_id":1054,"pop_20_29":121.0,"total_30min":2,"dominant_label":"Politechnika Warszawska","dominant_role":"politechnika","politechnika_30min":1,"uniwersytet_30min":1,"medyczny_30min":0},"geometry":{"type":"Polygon","coordinates":[[[21.008783,52.17053],[21.010994,52.172741],[21.015214,52.172669],[21.017222,52.170386],[21.015011,52.168175],[21.010791,52.168247],[21.008783,52.17053]]]}},{"type":"Feature","properties":{"hex_id":1055,"pop_20_29":108.0,"total_30min":1,"dominant_label":"Politechnika Warszawska","dominant_role":"politechnika","politechnika_30min":1,"uniwersytet_30min":0,"medyczny_30min":0},"geometry":{"type":"Polygon","coordinates":[[[21.00858,52.166036],[21.010791,52.168247],[21.015011,52.168175],[21.017019,52.165892],[21.014808,52.163681],[21.010589,52.163753],[21.00858,52.166036]]]}},{"type":"Feature","properties":{"hex_id":1056,"pop_20_29":77.0,"total_30min":1,"dominant_label":"Politechnika Warszawska","dominant_role":"politechnika","politechnika_30min":1,"uniwersytet_30min":0,"medyczny_30min":0},"geometry":{"type":"Polygon","coordinates":[[[21.008378,52.161542],[21.010589,52.163753],[21.014808,52.163681],[21.016816,52.161398],[21.014605,52.159187],[21.010386,52.159259],[21.008378,52.161542]]]}},{"type":"Feature","properties":{"hex_id":1058,"pop_20_29":31.0,"total_30min":1,"dominant_label":"Politechnika Warszawska","dominant_role":"politechnika","politechnika_30min":1,"uniwersytet_30min":0,"medyczny_30min":0},"geometry":{"type":"Polygon","coordinates":[[[21.007973,52.152554],[21.010184,52.154765],[21.014402,52.154693],[21.016409,52.15241],[21.014199,52.150199],[21.009981,52.150271],[21.007973,52.152554]]]}},{"type":"Feature","properties":{"hex_id":1059,"pop_20_29":62.0,"total_30min":1,"dominant_label":"Politechnika Warszawska","dominant_role":"politechnika","politechnika_30min":1,"uniwersytet_30min":0,"medyczny_30min":0},"geometry":{"type":"Polygon","coordinates":[[[21.007771,52.14806],[21.009981,52.150271],[21.014199,52.150199],[21.016206,52.147916],[21.013996,52.145705],[21.009779,52.145777],[21.007771,52.14806]]]}},{"type":"Feature","properties":{"hex_id":1086,"pop_20_29":442.0,"total_30min":1,"dominant_label":"Politechnika Warszawska","dominant_role":"politechnika","politechnika_30min":1,"uniwersytet_30min":0,"medyczny_30min":0},"geometry":{"type":"Polygon","coordinates":[[[21.020718,52.294003],[21.022936,52.296214],[21.027168,52.296141],[21.029181,52.293858],[21.026963,52.291647],[21.022731,52.29172],[21.020718,52.294003]]]}},{"type":"Feature","properties":{"hex_id":1089,"pop_20_29":227.0,"total_30min":3,"dominant_label":"Uniwersytet Warszawski","dominant_role":"uniwersytet","politechnika_30min":1,"uniwersytet_30min":2,"medyczny_30min":0},"geometry":{"type":"Polygon","coordinates":[[[21.020105,52.280522],[21.022322,52.282732],[21.026552,52.28266],[21.028565,52.280377],[21.026347,52.278166],[21.022117,52.278239],[21.020105,52.280522]]]}},{"type":"Feature","properties":{"hex_id":1092,"pop_20_29":23.0,"total_30min":3,"dominant_label":"Uniwersytet Warszawski","dominant_role":"uniwersytet","politechnika_30min":1,"uniwersytet_30min":2,"medyczny_30min":0},"geometry":{"type":"Polygon","coordinates":[[[21.019492,52.26704],[21.021708,52.269251],[21.025937,52.269178],[21.027949,52.266895],[21.025732,52.264685],[21.021504,52.264757],[21.019492,52.26704]]]}},{"type":"Feature","properties":{"hex_id":1093,"pop_20_29":296.0,"total_30min":4,"dominant_label":"Uniwersytet Warszawski","dominant_role":"uniwersytet","politechnika_30min":1,"uniwersytet_30min":3,"medyczny_30min":0},"geometry":{"type":"Polygon","coordinates":[[[21.019287,52.262546],[21.021504,52.264757],[21.025732,52.264685],[21.027744,52.262401],[21.025528,52.260191],[21.021299,52.260263],[21.019287,52.262546]]]}},{"type":"Feature","properties":{"hex_id":1094,"pop_20_29":7.0,"total_30min":3,"dominant_label":"Uniwersytet Warszawski","dominant_role":"uniwersytet","politechnika_30min":1,"uniwersytet_30min":2,"medyczny_30min":0},"geometry":{"type":"Polygon","coordinates":[[[21.019083,52.258052],[21.021299,52.260263],[21.025528,52.260191],[21.027539,52.257908],[21.025323,52.255697],[21.021095,52.255769],[21.019083,52.258052]]]}},{"type":"Feature","properties":{"hex_id":1097,"pop_20_29":9.0,"total_30min":14,"dominant_label":"Uniwersytet Warszawski","dominant_role":"uniwersytet","politechnika_30min":1,"uniwersytet_30min":13,"medyczny_30min":0},"geometry":{"type":"Polygon","coordinates":[[[21.018471,52.244571],[21.020686,52.246782],[21.024913,52.246709],[21.026924,52.244426],[21.024709,52.242215],[21.020482,52.242288],[21.018471,52.244571]]]}},{"type":"Feature","properties":{"hex_id":1098,"pop_20_29":238.0,"total_30min":20,"dominant_label":"Uniwersytet Warszawski","dominant_role":"uniwersytet","politechnika_30min":2,"uniwersytet_30min":17,"medyczny_30min":1},"geometry":{"type":"Polygon","coordinates":[[[21.018267,52.240077],[21.020482,52.242288],[21.024709,52.242215],[21.02672,52.239932],[21.024504,52.237722],[21.020278,52.237794],[21.018267,52.240077]]]}},{"type":"Feature","properties":{"hex_id":1099,"pop_20_29":303.0,"total_30min":31,"dominant_label":"Uniwersytet Warszawski","dominant_role":"uniwersytet","politechnika_30min":5,"uniwersytet_30min":22,"medyczny_30min":4},"geometry":{"type":"Polygon","coordinates":[[[21.018063,52.235583],[21.020278,52.237794],[21.024504,52.237722],[21.026515,52.235438],[21.0243,52.233228],[21.020074,52.2333],[21.018063,52.235583]]]}},{"type":"Feature","properties":{"hex_id":1100,"pop_20_29":56.0,"total_30min":38,"dominant_label":"Uniwersytet Warszawski","dominant_role":"uniwersytet","politechnika_30min":10,"uniwersytet_30min":22,"medyczny_30min":6},"geometry":{"type":"Polygon","coordinates":[[[21.017859,52.231089],[21.020074,52.2333],[21.0243,52.233228],[21.02631,52.230945],[21.024095,52.228734],[21.01987,52.228806],[21.017859,52.231089]]]}},{"type":"Feature","properties":{"hex_id":1101,"pop_20_29":348.0,"total_30min":36,"dominant_label":"Uniwersytet Warszawski","dominant_role":"uniwersytet","politechnika_30min":10,"uniwersytet_30min":21,"medyczny_30min":5},"geometry":{"type":"Polygon","coordinates":[[[21.017655,52.226596],[21.01987,52.228806],[21.024095,52.228734],[21.026105,52.226451],[21.023891,52.22424],[21.019666,52.224312],[21.017655,52.226596]]]}},{"type":"Feature","properties":{"hex_id":1102,"pop_20_29":324.0,"total_30min":33,"dominant_label":"Uniwersytet Warszawski","dominant_role":"uniwersytet","politechnika_30min":9,"uniwersytet_30min":20,"medyczny_30min":4},"geometry":{"type":"Polygon","coordinates":[[[21.017452,52.222102],[21.019666,52.224312],[21.023891,52.22424],[21.025901,52.221957],[21.023686,52.219746],[21.019462,52.219819],[21.017452,52.222102]]]}},{"type":"Feature","properties":{"hex_id":1103,"pop_20_29":469.0,"total_30min":41,"dominant_label":"Uniwersytet Warszawski","dominant_role":"uniwersytet","politechnika_30min":13,"uniwersytet_30min":21,"medyczny_30min":7},"geometry":{"type":"Polygon","coordinates":[[[21.017248,52.217608],[21.019462,52.219819],[21.023686,52.219746],[21.025696,52.217463],[21.023482,52.215252],[21.019258,52.215325],[21.017248,52.217608]]]}},{"type":"Feature","properties":{"hex_id":1104,"pop_20_29":294.0,"total_30min":40,"dominant_label":"Uniwersytet Warszawski","dominant_role":"uniwersytet","politechnika_30min":13,"uniwersytet_30min":22,"medyczny_30min":5},"geometry":{"type":"Polygon","coordinates":[[[21.017044,52.213114],[21.019258,52.215325],[21.023482,52.215252],[21.025492,52.212969],[21.023278,52.210759],[21.019054,52.210831],[21.017044,52.213114]]]}},{"type":"Feature","properties":{"hex_id":1105,"pop_20_29":389.0,"total_30min":28,"dominant_label":"Politechnika Warszawska","dominant_role":"politechnika","politechnika_30min":13,"uniwersytet_30min":13,"medyczny_30min":2},"geometry":{"type":"Polygon","coordinates":[[[21.016841,52.20862],[21.019054,52.210831],[21.023278,52.210759],[21.025287,52.208475],[21.023074,52.206265],[21.018851,52.206337],[21.016841,52.20862]]]}},{"type":"Feature","properties":{"hex_id":1106,"pop_20_29":529.0,"total_30min":25,"dominant_label":"Politechnika Warszawska","dominant_role":"politechnika","politechnika_30min":13,"uniwersytet_30min":11,"medyczny_30min":1},"geometry":{"type":"Polygon","coordinates":[[[21.016637,52.204126],[21.018851,52.206337],[21.023074,52.206265],[21.025083,52.203981],[21.022869,52.201771],[21.018647,52.201843],[21.016637,52.204126]]]}},{"type":"Feature","properties":{"hex_id":1107,"pop_20_29":466.0,"total_30min":15,"dominant_label":"Politechnika Warszawska","dominant_role":"politechnika","politechnika_30min":9,"uniwersytet_30min":5,"medyczny_30min":1},"geometry":{"type":"Polygon","coordinates":[[[21.016434,52.199632],[21.018647,52.201843],[21.022869,52.201771],[21.024879,52.199488],[21.022665,52.197277],[21.018443,52.197349],[21.016434,52.199632]]]}},{"type":"Feature","properties":{"hex_id":1108,"pop_20_29":156.0,"total_30min":13,"dominant_label":"Politechnika Warszawska","dominant_role":"politechnika","politechnika_30min":8,"uniwersytet_30min":4,"medyczny_30min":1},"geometry":{"type":"Polygon","coordinates":[[[21.01623,52.195138],[21.018443,52.197349],[21.022665,52.197277],[21.024674,52.194994],[21.022461,52.192783],[21.01824,52.192855],[21.01623,52.195138]]]}},{"type":"Feature","properties":{"hex_id":1109,"pop_20_29":196.0,"total_30min":18,"dominant_label":"Politechnika Warszawska","dominant_role":"politechnika","politechnika_30min":10,"uniwersytet_30min":7,"medyczny_30min":1},"geometry":{"type":"Polygon","coordinates":[[[21.016027,52.190644],[21.01824,52.192855],[21.022461,52.192783],[21.02447,52.1905],[21.022257,52.188289],[21.018036,52.188361],[21.016027,52.190644]]]}},{"type":"Feature","properties":{"hex_id":1110,"pop_20_29":334.0,"total_30min":13,"dominant_label":"Politechnika Warszawska","dominant_role":"politechnika","politechnika_30min":8,"uniwersytet_30min":4,"medyczny_30min":1},"geometry":{"type":"Polygon","coordinates":[[[21.015824,52.186151],[21.018036,52.188361],[21.022257,52.188289],[21.024266,52.186006],[21.022053,52.183795],[21.017832,52.183868],[21.015824,52.186151]]]}},{"type":"Feature","properties":{"hex_id":1111,"pop_20_29":296.0,"total_30min":21,"dominant_label":"Politechnika Warszawska","dominant_role":"politechnika","politechnika_30min":10,"uniwersytet_30min":10,"medyczny_30min":1},"geometry":{"type":"Polygon","coordinates":[[[21.01562,52.181657],[21.017832,52.183868],[21.022053,52.183795],[21.024062,52.181512],[21.02185,52.179301],[21.017629,52.179374],[21.01562,52.181657]]]}},{"type":"Feature","properties":{"hex_id":1112,"pop_20_29":474.0,"total_30min":6,"dominant_label":"Uniwersytet Warszawski","dominant_role":"uniwersytet","politechnika_30min":2,"uniwersytet_30min":4,"medyczny_30min":0},"geometry":{"type":"Polygon","coordinates":[[[21.015417,52.177163],[21.017629,52.179374],[21.02185,52.179301],[21.023858,52.177018],[21.021646,52.174807],[21.017426,52.17488],[21.015417,52.177163]]]}},{"type":"Feature","properties":{"hex_id":1113,"pop_20_29":255.0,"total_30min":10,"dominant_label":"Politechnika Warszawska","dominant_role":"politechnika","politechnika_30min":5,"uniwersytet_30min":4,"medyczny_30min":1},"geometry":{"type":"Polygon","coordinates":[[[21.015214,52.172669],[21.017426,52.17488],[21.021646,52.174807],[21.023654,52.172524],[21.021442,52.170314],[21.017222,52.170386],[21.015214,52.172669]]]}},{"type":"Feature","properties":{"hex_id":1114,"pop_20_29":85.0,"total_30min":4,"dominant_label":"Uniwersytet Warszawski","dominant_role":"uniwersytet","politechnika_30min":1,"uniwersytet_30min":3,"medyczny_30min":0},"geometry":{"type":"Polygon","coordinates":[[[21.015011,52.168175],[21.017222,52.170386],[21.021442,52.170314],[21.02345,52.16803],[21.021238,52.16582],[21.017019,52.165892],[21.015011,52.168175]]]}},{"type":"Feature","properties":{"hex_id":1115,"pop_20_29":159.0,"total_30min":2,"dominant_label":"Politechnika Warszawska","dominant_role":"politechnika","politechnika_30min":1,"uniwersytet_30min":1,"medyczny_30min":0},"geometry":{"type":"Polygon","coordinates":[[[21.014808,52.163681],[21.017019,52.165892],[21.021238,52.16582],[21.023246,52.163537],[21.021035,52.161326],[21.016816,52.161398],[21.014808,52.163681]]]}},{"type":"Feature","properties":{"hex_id":1117,"pop_20_29":77.0,"total_30min":4,"dominant_label":"Uniwersytet Warszawski","dominant_role":"uniwersytet","politechnika_30min":1,"uniwersytet_30min":3,"medyczny_30min":0},"geometry":{"type":"Polygon","coordinates":[[[21.014402,52.154693],[21.016612,52.156904],[21.020831,52.156832],[21.022838,52.154549],[21.020627,52.152338],[21.016409,52.15241],[21.014402,52.154693]]]}},{"type":"Feature","properties":{"hex_id":1118,"pop_20_29":93.0,"total_30min":1,"dominant_label":"Politechnika Warszawska","dominant_role":"politechnika","politechnika_30min":1,"uniwersytet_30min":0,"medyczny_30min":0},"geometry":{"type":"Polygon","coordinates":[[[21.014199,52.150199],[21.016409,52.15241],[21.020627,52.152338],[21.022634,52.150055],[21.020424,52.147844],[21.016206,52.147916],[21.014199,52.150199]]]}},{"type":"Feature","properties":{"hex_id":1119,"pop_20_29":69.0,"total_30min":1,"dominant_label":"Politechnika Warszawska","dominant_role":"politechnika","politechnika_30min":1,"uniwersytet_30min":0,"medyczny_30min":0},"geometry":{"type":"Polygon","coordinates":[[[21.013996,52.145705],[21.016206,52.147916],[21.020424,52.147844],[21.022431,52.145561],[21.02022,52.14335],[21.016003,52.143422],[21.013996,52.145705]]]}},{"type":"Feature","properties":{"hex_id":1120,"pop_20_29":11.0,"total_30min":2,"dominant_label":"Politechnika Warszawska","dominant_role":"politechnika","politechnika_30min":1,"uniwersytet_30min":1,"medyczny_30min":0},"geometry":{"type":"Polygon","coordinates":[[[21.013793,52.141211],[21.016003,52.143422],[21.02022,52.14335],[21.022227,52.141067],[21.020017,52.138856],[21.0158,52.138928],[21.013793,52.141211]]]}},{"type":"Feature","properties":{"hex_id":1146,"pop_20_29":366.0,"total_30min":1,"dominant_label":"Politechnika Warszawska","dominant_role":"politechnika","politechnika_30min":1,"uniwersytet_30min":0,"medyczny_30min":0},"geometry":{"type":"Polygon","coordinates":[[[21.026758,52.287154],[21.028976,52.289364],[21.033207,52.289291],[21.035219,52.287008],[21.033001,52.284798],[21.02877,52.28487],[21.026758,52.287154]]]}},{"type":"Feature","properties":{"hex_id":1147,"pop_20_29":322.0,"total_30min":1,"dominant_label":"Politechnika Warszawska","dominant_role":"politechnika","politechnika_30min":1,"uniwersytet_30min":0,"medyczny_30min":0},"geometry":{"type":"Polygon","coordinates":[[[21.026552,52.28266],[21.02877,52.28487],[21.033001,52.284798],[21.035013,52.282514],[21.032795,52.280304],[21.028565,52.280377],[21.026552,52.28266]]]}},{"type":"Feature","properties":{"hex_id":1151,"pop_20_29":335.0,"total_30min":3,"dominant_label":"Uniwersytet Warszawski","dominant_role":"uniwersytet","politechnika_30min":1,"uniwersytet_30min":2,"medyczny_30min":0},"geometry":{"type":"Polygon","coordinates":[[[21.025732,52.264685],[21.027949,52.266895],[21.032178,52.266822],[21.03419,52.264539],[21.031973,52.262329],[21.027744,52.262401],[21.025732,52.264685]]]}},{"type":"Feature","properties":{"hex_id":1152,"pop_20_29":515.0,"total_30min":3,"dominant_label":"Uniwersytet Warszawski","dominant_role":"uniwersytet","politechnika_30min":1,"uniwersytet_30min":2,"medyczny_30min":0},"geometry":{"type":"Polygon","coordinates":[[[21.025528,52.260191],[21.027744,52.262401],[21.031973,52.262329],[21.033984,52.260045],[21.031767,52.257835],[21.027539,52.257908],[21.025528,52.260191]]]}},{"type":"Feature","properties":{"hex_id":1153,"pop_20_29":167.0,"total_30min":14,"dominant_label":"Uniwersytet Warszawski","dominant_role":"uniwersytet","politechnika_30min":1,"uniwersytet_30min":13,"medyczny_30min":0},"geometry":{"type":"Polygon","coordinates":[[[21.025323,52.255697],[21.027539,52.257908],[21.031767,52.257835],[21.033778,52.255552],[21.031562,52.253341],[21.027334,52.253414],[21.025323,52.255697]]]}},{"type":"Feature","properties":{"hex_id":1154,"pop_20_29":299.0,"total_30min":18,"dominant_label":"Uniwersytet Warszawski","dominant_role":"uniwersytet","politechnika_30min":2,"uniwersytet_30min":15,"medyczny_30min":1},"geometry":{"type":"Polygon","coordinates":[[[21.025118,52.251203],[21.027334,52.253414],[21.031562,52.253341],[21.033573,52.251058],[21.031356,52.248847],[21.027129,52.24892],[21.025118,52.251203]]]}},{"type":"Feature","properties":{"hex_id":1155,"pop_20_29":56.0,"total_30min":6,"dominant_label":"Uniwersytet Warszawski","dominant_role":"uniwersytet","politechnika_30min":0,"uniwersytet_30min":6,"medyczny_30min":0},"geometry":{"type":"Polygon","coordinates":[[[21.024913,52.246709],[21.027129,52.24892],[21.031356,52.248847],[21.033367,52.246564],[21.031151,52.244353],[21.026924,52.244426],[21.024913,52.246709]]]}},{"type":"Feature","properties":{"hex_id":1156,"pop_20_29":56.0,"total_30min":23,"dominant_label":"Uniwersytet Warszawski","dominant_role":"uniwersytet","politechnika_30min":5,"uniwersytet_30min":16,"medyczny_30min":2},"geometry":{"type":"Polygon","coordinates":[[[21.024709,52.242215],[21.026924,52.244426],[21.031151,52.244353],[21.033162,52.24207],[21.030946,52.23986],[21.02672,52.239932],[21.024709,52.242215]]]}},{"type":"Feature","properties":{"hex_id":1157,"pop_20_29":484.0,"total_30min":28,"dominant_label":"Uniwersytet Warszawski","dominant_role":"uniwersytet","politechnika_30min":5,"uniwersytet_30min":22,"medyczny_30min":1},"geometry":{"type":"Polygon","coordinates":[[[21.024504,52.237722],[21.02672,52.239932],[21.030946,52.23986],[21.032956,52.237576],[21.030741,52.235366],[21.026515,52.235438],[21.024504,52.237722]]]}},{"type":"Feature","properties":{"hex_id":1158,"pop_20_29":54.0,"total_30min":34,"dominant_label":"Uniwersytet Warszawski","dominant_role":"uniwersytet","politechnika_30min":9,"uniwersytet_30min":21,"medyczny_30min":4},"geometry":{"type":"Polygon","coordinates":[[[21.0243,52.233228],[21.026515,52.235438],[21.030741,52.235366],[21.032751,52.233082],[21.030535,52.230872],[21.02631,52.230945],[21.0243,52.233228]]]}},{"type":"Feature","properties":{"hex_id":1159,"pop_20_29":17.0,"total_30min":32,"dominant_label":"Uniwersytet Warszawski","dominant_role":"uniwersytet","politechnika_30min":8,"uniwersytet_30min":21,"medyczny_30min":3},"geometry":{"type":"Polygon","coordinates":[[[21.024095,52.228734],[21.02631,52.230945],[21.030535,52.230872],[21.032546,52.228589],[21.03033,52.226378],[21.026105,52.226451],[21.024095,52.228734]]]}},{"type":"Feature","properties":{"hex_id":1160,"pop_20_29":70.0,"total_30min":34,"dominant_label":"Uniwersytet Warszawski","dominant_role":"uniwersytet","politechnika_30min":9,"uniwersytet_30min":21,"medyczny_30min":4},"geometry":{"type":"Polygon","coordinates":[[[21.023891,52.22424],[21.026105,52.226451],[21.03033,52.226378],[21.03234,52.224095],[21.030125,52.221884],[21.025901,52.221957],[21.023891,52.22424]]]}},{"type":"Feature","properties":{"hex_id":1162,"pop_20_29":8.0,"total_30min":33,"dominant_label":"Uniwersytet Warszawski","dominant_role":"uniwersytet","politechnika_30min":11,"uniwersytet_30min":19,"medyczny_30min":3},"geometry":{"type":"Polygon","coordinates":[[[21.023482,52.215252],[21.025696,52.217463],[21.02992,52.21739],[21.03193,52.215107],[21.029715,52.212897],[21.025492,52.212969],[21.023482,52.215252]]]}},{"type":"Feature","properties":{"hex_id":1163,"pop_20_29":70.0,"total_30min":29,"dominant_label":"Uniwersytet Warszawski","dominant_role":"uniwersytet","politechnika_30min":11,"uniwersytet_30min":17,"medyczny_30min":1},"geometry":{"type":"Polygon","coordinates":[[[21.023278,52.210759],[21.025492,52.212969],[21.029715,52.212897],[21.031725,52.210613],[21.029511,52.208403],[21.025287,52.208475],[21.023278,52.210759]]]}},{"type":"Feature","properties":{"hex_id":1164,"pop_20_29":176.0,"total_30min":35,"dominant_label":"Uniwersytet Warszawski","dominant_role":"uniwersytet","politechnika_30min":13,"uniwersytet_30min":20,"medyczny_30min":2},"geometry":{"type":"Polygon","coordinates":[[[21.023074,52.206265],[21.025287,52.208475],[21.029511,52.208403],[21.03152,52.206119],[21.029306,52.203909],[21.025083,52.203981],[21.023074,52.206265]]]}},{"type":"Feature","properties":{"hex_id":1165,"pop_20_29":365.0,"total_30min":21,"dominant_label":"Uniwersytet Warszawski","dominant_role":"uniwersytet","politechnika_30min":9,"uniwersytet_30min":11,"medyczny_30min":1},"geometry":{"type":"Polygon","coordinates":[[[21.022869,52.201771],[21.025083,52.203981],[21.029306,52.203909],[21.031315,52.201626],[21.029101,52.199415],[21.024879,52.199488],[21.022869,52.201771]]]}},{"type":"Feature","properties":{"hex_id":1166,"pop_20_29":76.0,"total_30min":14,"dominant_label":"Politechnika Warszawska","dominant_role":"politechnika","politechnika_30min":8,"uniwersytet_30min":5,"medyczny_30min":1},"geometry":{"type":"Polygon","coordinates":[[[21.022665,52.197277],[21.024879,52.199488],[21.029101,52.199415],[21.03111,52.197132],[21.028896,52.194921],[21.024674,52.194994],[21.022665,52.197277]]]}},{"type":"Feature","properties":{"hex_id":1167,"pop_20_29":353.0,"total_30min":11,"dominant_label":"Politechnika Warszawska","dominant_role":"politechnika","politechnika_30min":6,"uniwersytet_30min":4,"medyczny_30min":1},"geometry":{"type":"Polygon","coordinates":[[[21.022461,52.192783],[21.024674,52.194994],[21.028896,52.194921],[21.030905,52.192638],[21.028692,52.190427],[21.02447,52.1905],[21.022461,52.192783]]]}},{"type":"Feature","properties":{"hex_id":1168,"pop_20_29":66.0,"total_30min":8,"dominant_label":"Uniwersytet Warszawski","dominant_role":"uniwersytet","politechnika_30min":3,"uniwersytet_30min":4,"medyczny_30min":1},"geometry":{"type":"Polygon","coordinates":[[[21.022257,52.188289],[21.02447,52.1905],[21.028692,52.190427],[21.0307,52.188144],[21.028487,52.185933],[21.024266,52.186006],[21.022257,52.188289]]]}},{"type":"Feature","properties":{"hex_id":1169,"pop_20_29":365.0,"total_30min":15,"dominant_label":"Politechnika Warszawska","dominant_role":"politechnika","politechnika_30min":9,"uniwersytet_30min":5,"medyczny_30min":1},"geometry":{"type":"Polygon","coordinates":[[[21.022053,52.183795],[21.024266,52.186006],[21.028487,52.185933],[21.030495,52.18365],[21.028283,52.18144],[21.024062,52.181512],[21.022053,52.183795]]]}},{"type":"Feature","properties":{"hex_id":1170,"pop_20_29":494.0,"total_30min":16,"dominant_label":"Politechnika Warszawska","dominant_role":"politechnika","politechnika_30min":10,"uniwersytet_30min":5,"medyczny_30min":1},"geometry":{"type":"Polygon","coordinates":[[[21.02185,52.179301],[21.024062,52.181512],[21.028283,52.18144],[21.030291,52.179156],[21.028078,52.176946],[21.023858,52.177018],[21.02185,52.179301]]]}},{"type":"Feature","properties":{"hex_id":1171,"pop_20_29":239.0,"total_30min":18,"dominant_label":"Politechnika Warszawska","dominant_role":"politechnika","politechnika_30min":10,"uniwersytet_30min":7,"medyczny_30min":1},"geometry":{"type":"Polygon","coordinates":[[[21.021646,52.174807],[21.023858,52.177018],[21.028078,52.176946],[21.030086,52.174663],[21.027874,52.172452],[21.023654,52.172524],[21.021646,52.174807]]]}},{"type":"Feature","properties":{"hex_id":1172,"pop_20_29":356.0,"total_30min":12,"dominant_label":"Politechnika Warszawska","dominant_role":"politechnika","politechnika_30min":6,"uniwersytet_30min":5,"medyczny_30min":1},"geometry":{"type":"Polygon","coordinates":[[[21.021442,52.170314],[21.023654,52.172524],[21.027874,52.172452],[21.029881,52.170169],[21.027669,52.167958],[21.02345,52.16803],[21.021442,52.170314]]]}},{"type":"Feature","properties":{"hex_id":1173,"pop_20_29":108.0,"total_30min":5,"dominant_label":"Uniwersytet Warszawski","dominant_role":"uniwersytet","politechnika_30min":1,"uniwersytet_30min":4,"medyczny_30min":0},"geometry":{"type":"Polygon","coordinates":[[[21.021238,52.16582],[21.02345,52.16803],[21.027669,52.167958],[21.029677,52.165675],[21.027465,52.163464],[21.023246,52.163537],[21.021238,52.16582]]]}},{"type":"Feature","properties":{"hex_id":1174,"pop_20_29":324.0,"total_30min":15,"dominant_label":"Politechnika Warszawska","dominant_role":"politechnika","politechnika_30min":9,"uniwersytet_30min":5,"medyczny_30min":1},"geometry":{"type":"Polygon","coordinates":[[[21.021035,52.161326],[21.023246,52.163537],[21.027465,52.163464],[21.029472,52.161181],[21.027261,52.15897],[21.023042,52.159043],[21.021035,52.161326]]]}},{"type":"Feature","properties":{"hex_id":1176,"pop_20_29":124.0,"total_30min":1,"dominant_label":"Politechnika Warszawska","dominant_role":"politechnika","politechnika_30min":1,"uniwersytet_30min":0,"medyczny_30min":0},"geometry":{"type":"Polygon","coordinates":[[[21.020627,52.152338],[21.022838,52.154549],[21.027056,52.154476],[21.029063,52.152193],[21.026852,52.149982],[21.022634,52.150055],[21.020627,52.152338]]]}},{"type":"Feature","properties":{"hex_id":1177,"pop_20_29":109.0,"total_30min":1,"dominant_label":"Politechnika Warszawska","dominant_role":"politechnika","politechnika_30min":1,"uniwersytet_30min":0,"medyczny_30min":0},"geometry":{"type":"Polygon","coordinates":[[[21.020424,52.147844],[21.022634,52.150055],[21.026852,52.149982],[21.028859,52.147699],[21.026648,52.145489],[21.022431,52.145561],[21.020424,52.147844]]]}},{"type":"Feature","properties":{"hex_id":1207,"pop_20_29":25.0,"total_30min":1,"dominant_label":"Politechnika Warszawska","dominant_role":"politechnika","politechnika_30min":1,"uniwersytet_30min":0,"medyczny_30min":0},"geometry":{"type":"Polygon","coordinates":[[[21.032589,52.27581],[21.034807,52.27802],[21.039037,52.277947],[21.041049,52.275664],[21.038831,52.273454],[21.034601,52.273527],[21.032589,52.27581]]]}},{"type":"Feature","properties":{"hex_id":1208,"pop_20_29":5.0,"total_30min":3,"dominant_label":"Uniwersytet Warszawski","dominant_role":"uniwersytet","politechnika_30min":1,"uniwersytet_30min":2,"medyczny_30min":0},"geometry":{"type":"Polygon","coordinates":[[[21.032384,52.271316],[21.034601,52.273527],[21.038831,52.273454],[21.040842,52.27117],[21.038624,52.26896],[21.034395,52.269033],[21.032384,52.271316]]]}},{"type":"Feature","properties":{"hex_id":1209,"pop_20_29":94.0,"total_30min":3,"dominant_label":"Uniwersytet Warszawski","dominant_role":"uniwersytet","politechnika_30min":1,"uniwersytet_30min":2,"medyczny_30min":0},"geometry":{"type":"Polygon","coordinates":[[[21.032178,52.266822],[21.034395,52.269033],[21.038624,52.26896],[21.040636,52.266676],[21.038418,52.264466],[21.03419,52.264539],[21.032178,52.266822]]]}},{"type":"Feature","properties":{"hex_id":1210,"pop_20_29":526.0,"total_30min":1,"dominant_label":"Uniwersytet Warszawski","dominant_role":"uniwersytet","politechnika_30min":0,"uniwersytet_30min":1,"medyczny_30min":0},"geometry":{"type":"Polygon","coordinates":[[[21.031973,52.262329],[21.03419,52.264539],[21.038418,52.264466],[21.040429,52.262183],[21.038212,52.259972],[21.033984,52.260045],[21.031973,52.262329]]]}},{"type":"Feature","properties":{"hex_id":1211,"pop_20_29":719.0,"total_30min":13,"dominant_label":"Uniwersytet Warszawski","dominant_role":"uniwersytet","politechnika_30min":1,"uniwersytet_30min":12,"medyczny_30min":0},"geometry":{"type":"Polygon","coordinates":[[[21.031767,52.257835],[21.033984,52.260045],[21.038212,52.259972],[21.040223,52.257689],[21.038006,52.255479],[21.033778,52.255552],[21.031767,52.257835]]]}},{"type":"Feature","properties":{"hex_id":1212,"pop_20_29":412.0,"total_30min":24,"dominant_label":"Uniwersytet Warszawski","dominant_role":"uniwersytet","politechnika_30min":6,"uniwersytet_30min":16,"medyczny_30min":2},"geometry":{"type":"Polygon","coordinates":[[[21.031562,52.253341],[21.033778,52.255552],[21.038006,52.255479],[21.040017,52.253195],[21.0378,52.250985],[21.033573,52.251058],[21.031562,52.253341]]]}},{"type":"Feature","properties":{"hex_id":1213,"pop_20_29":333.0,"total_30min":12,"dominant_label":"Uniwersytet Warszawski","dominant_role":"uniwersytet","politechnika_30min":0,"uniwersytet_30min":12,"medyczny_30min":0},"geometry":{"type":"Polygon","coordinates":[[[21.031356,52.248847],[21.033573,52.251058],[21.0378,52.250985],[21.039811,52.248701],[21.037594,52.246491],[21.033367,52.246564],[21.031356,52.248847]]]}},{"type":"Feature","properties":{"hex_id":1215,"pop_20_29":14.0,"total_30min":23,"dominant_label":"Uniwersytet Warszawski","dominant_role":"uniwersytet","politechnika_30min":5,"uniwersytet_30min":16,"medyczny_30min":2},"geometry":{"type":"Polygon","coordinates":[[[21.030946,52.23986],[21.033162,52.24207],[21.037388,52.241997],[21.039398,52.239714],[21.037182,52.237503],[21.032956,52.237576],[21.030946,52.23986]]]}},{"type":"Feature","properties":{"hex_id":1216,"pop_20_29":305.0,"total_30min":26,"dominant_label":"Uniwersytet Warszawski","dominant_role":"uniwersytet","politechnika_30min":2,"uniwersytet_30min":21,"medyczny_30min":3},"geometry":{"type":"Polygon","coordinates":[[[21.030741,52.235366],[21.032956,52.237576],[21.037182,52.237503],[21.039192,52.23522],[21.036976,52.23301],[21.032751,52.233082],[21.030741,52.235366]]]}},{"type":"Feature","properties":{"hex_id":1217,"pop_20_29":401.0,"total_30min":31,"dominant_label":"Uniwersytet Warszawski","dominant_role":"uniwersytet","politechnika_30min":8,"uniwersytet_30min":20,"medyczny_30min":3},"geometry":{"type":"Polygon","coordinates":[[[21.030535,52.230872],[21.032751,52.233082],[21.036976,52.23301],[21.038986,52.230726],[21.036771,52.228516],[21.032546,52.228589],[21.030535,52.230872]]]}},{"type":"Feature","properties":{"hex_id":1218,"pop_20_29":300.0,"total_30min":32,"dominant_label":"Uniwersytet Warszawski","dominant_role":"uniwersytet","politechnika_30min":9,"uniwersytet_30min":20,"medyczny_30min":3},"geometry":{"type":"Polygon","coordinates":[[[21.03033,52.226378],[21.032546,52.228589],[21.036771,52.228516],[21.03878,52.226232],[21.036565,52.224022],[21.03234,52.224095],[21.03033,52.226378]]]}},{"type":"Feature","properties":{"hex_id":1219,"pop_20_29":25.0,"total_30min":38,"dominant_label":"Uniwersytet Warszawski","dominant_role":"uniwersytet","politechnika_30min":11,"uniwersytet_30min":21,"medyczny_30min":6},"geometry":{"type":"Polygon","coordinates":[[[21.030125,52.221884],[21.03234,52.224095],[21.036565,52.224022],[21.038574,52.221739],[21.036359,52.219528],[21.032135,52.219601],[21.030125,52.221884]]]}},{"type":"Feature","properties":{"hex_id":1222,"pop_20_29":171.0,"total_30min":26,"dominant_label":"Uniwersytet Warszawski","dominant_role":"uniwersytet","politechnika_30min":9,"uniwersytet_30min":16,"medyczny_30min":1},"geometry":{"type":"Polygon","coordinates":[[[21.029511,52.208403],[21.031725,52.210613],[21.035948,52.210541],[21.037957,52.208257],[21.035743,52.206047],[21.03152,52.206119],[21.029511,52.208403]]]}},{"type":"Feature","properties":{"hex_id":1223,"pop_20_29":406.0,"total_30min":28,"dominant_label":"Uniwersytet Warszawski","dominant_role":"uniwersytet","politechnika_30min":10,"uniwersytet_30min":17,"medyczny_30min":1},"geometry":{"type":"Polygon","coordinates":[[[21.029306,52.203909],[21.03152,52.206119],[21.035743,52.206047],[21.037751,52.203763],[21.035537,52.201553],[21.031315,52.201626],[21.029306,52.203909]]]}},{"type":"Feature","properties":{"hex_id":1224,"pop_20_29":476.0,"total_30min":25,"dominant_label":"Uniwersytet Warszawski","dominant_role":"uniwersytet","politechnika_30min":9,"uniwersytet_30min":15,"medyczny_30min":1},"geometry":{"type":"Polygon","coordinates":[[[21.029101,52.199415],[21.031315,52.201626],[21.035537,52.201553],[21.037546,52.199269],[21.035332,52.197059],[21.03111,52.197132],[21.029101,52.199415]]]}},{"type":"Feature","properties":{"hex_id":1227,"pop_20_29":32.0,"total_30min":3,"dominant_label":"Uniwersytet Warszawski","dominant_role":"uniwersytet","politechnika_30min":0,"uniwersytet_30min":3,"medyczny_30min":0},"geometry":{"type":"Polygon","coordinates":[[[21.028487,52.185933],[21.0307,52.188144],[21.034921,52.188071],[21.036929,52.185788],[21.034716,52.183577],[21.030495,52.18365],[21.028487,52.185933]]]}},{"type":"Feature","properties":{"hex_id":1228,"pop_20_29":35.0,"total_30min":1,"dominant_label":"Uniwersytet Warszawski","dominant_role":"uniwersytet","politechnika_30min":0,"uniwersytet_30min":1,"medyczny_30min":0},"geometry":{"type":"Polygon","coordinates":[[[21.028283,52.18144],[21.030495,52.18365],[21.034716,52.183577],[21.036724,52.181294],[21.034511,52.179084],[21.030291,52.179156],[21.028283,52.18144]]]}},{"type":"Feature","properties":{"hex_id":1229,"pop_20_29":289.0,"total_30min":3,"dominant_label":"Uniwersytet Warszawski","dominant_role":"uniwersytet","politechnika_30min":0,"uniwersytet_30min":3,"medyczny_30min":0},"geometry":{"type":"Polygon","coordinates":[[[21.028078,52.176946],[21.030291,52.179156],[21.034511,52.179084],[21.036519,52.1768],[21.034306,52.17459],[21.030086,52.174663],[21.028078,52.176946]]]}},{"type":"Feature","properties":{"hex_id":1230,"pop_20_29":283.0,"total_30min":9,"dominant_label":"Politechnika Warszawska","dominant_role":"politechnika","politechnika_30min":4,"uniwersytet_30min":4,"medyczny_30min":1},"geometry":{"type":"Polygon","coordinates":[[[21.027874,52.172452],[21.030086,52.174663],[21.034306,52.17459],[21.036313,52.172306],[21.034101,52.170096],[21.029881,52.170169],[21.027874,52.172452]]]}},{"type":"Feature","properties":{"hex_id":1232,"pop_20_29":230.0,"total_30min":7,"dominant_label":"Uniwersytet Warszawski","dominant_role":"uniwersytet","politechnika_30min":2,"uniwersytet_30min":4,"medyczny_30min":1},"geometry":{"type":"Polygon","coordinates":[[[21.027465,52.163464],[21.029677,52.165675],[21.033896,52.165602],[21.035903,52.163319],[21.033691,52.161108],[21.029472,52.161181],[21.027465,52.163464]]]}},{"type":"Feature","properties":{"hex_id":1233,"pop_20_29":471.0,"total_30min":5,"dominant_label":"Uniwersytet Warszawski","dominant_role":"uniwersytet","politechnika_30min":1,"uniwersytet_30min":4,"medyczny_30min":0},"geometry":{"type":"Polygon","coordinates":[[[21.027261,52.15897],[21.029472,52.161181],[21.033691,52.161108],[21.035698,52.158825],[21.033486,52.156614],[21.029268,52.156687],[21.027261,52.15897]]]}},{"type":"Feature","properties":{"hex_id":1234,"pop_20_29":390.0,"total_30min":6,"dominant_label":"Uniwersytet Warszawski","dominant_role":"uniwersytet","politechnika_30min":2,"uniwersytet_30min":4,"medyczny_30min":0},"geometry":{"type":"Polygon","coordinates":[[[21.027056,52.154476],[21.029268,52.156687],[21.033486,52.156614],[21.035493,52.154331],[21.033281,52.15212],[21.029063,52.152193],[21.027056,52.154476]]]}},{"type":"Feature","properties":{"hex_id":1235,"pop_20_29":187.0,"total_30min":1,"dominant_label":"Politechnika Warszawska","dominant_role":"politechnika","politechnika_30min":1,"uniwersytet_30min":0,"medyczny_30min":0},"geometry":{"type":"Polygon","coordinates":[[[21.026852,52.149982],[21.029063,52.152193],[21.033281,52.15212],[21.035288,52.149837],[21.033076,52.147627],[21.028859,52.147699],[21.026852,52.149982]]]}},{"type":"Feature","properties":{"hex_id":1265,"pop_20_29":128.0,"total_30min":1,"dominant_label":"Politechnika Warszawska","dominant_role":"politechnika","politechnika_30min":1,"uniwersytet_30min":0,"medyczny_30min":0},"geometry":{"type":"Polygon","coordinates":[[[21.039037,52.277947],[21.041255,52.280158],[21.045485,52.280085],[21.047497,52.277801],[21.045278,52.275591],[21.041049,52.275664],[21.039037,52.277947]]]}},{"type":"Feature","properties":{"hex_id":1266,"pop_20_29":246.0,"total_30min":2,"dominant_label":"Politechnika Warszawska","dominant_role":"politechnika","politechnika_30min":1,"uniwersytet_30min":1,"medyczny_30min":0},"geometry":{"type":"Polygon","coordinates":[[[21.038831,52.273454],[21.041049,52.275664],[21.045278,52.275591],[21.047289,52.273307],[21.045071,52.271097],[21.040842,52.27117],[21.038831,52.273454]]]}},{"type":"Feature","properties":{"hex_id":1267,"pop_20_29":408.0,"total_30min":1,"dominant_label":"Politechnika Warszawska","dominant_role":"politechnika","politechnika_30min":1,"uniwersytet_30min":0,"medyczny_30min":0},"geometry":{"type":"Polygon","coordinates":[[[21.038624,52.26896],[21.040842,52.27117],[21.045071,52.271097],[21.047082,52.268814],[21.044864,52.266603],[21.040636,52.266676],[21.038624,52.26896]]]}},{"type":"Feature","properties":{"hex_id":1268,"pop_20_29":547.0,"total_30min":12,"dominant_label":"Uniwersytet Warszawski","dominant_role":"uniwersytet","politechnika_30min":0,"uniwersytet_30min":12,"medyczny_30min":0},"geometry":{"type":"Polygon","coordinates":[[[21.038418,52.264466],[21.040636,52.266676],[21.044864,52.266603],[21.046875,52.26432],[21.044658,52.26211],[21.040429,52.262183],[21.038418,52.264466]]]}},{"type":"Feature","properties":{"hex_id":1269,"pop_20_29":786.0,"total_30min":5,"dominant_label":"Uniwersytet Warszawski","dominant_role":"uniwersytet","politechnika_30min":0,"uniwersytet_30min":5,"medyczny_30min":0},"geometry":{"type":"Polygon","coordinates":[[[21.038212,52.259972],[21.040429,52.262183],[21.044658,52.26211],[21.046668,52.259826],[21.044451,52.257616],[21.040223,52.257689],[21.038212,52.259972]]]}},{"type":"Feature","properties":{"hex_id":1270,"pop_20_29":362.0,"total_30min":1,"dominant_label":"Uniwersytet Warszawski","dominant_role":"uniwersytet","politechnika_30min":0,"uniwersytet_30min":1,"medyczny_30min":0},"geometry":{"type":"Polygon","coordinates":[[[21.038006,52.255479],[21.040223,52.257689],[21.044451,52.257616],[21.046461,52.255332],[21.044244,52.253122],[21.040017,52.253195],[21.038006,52.255479]]]}},{"type":"Feature","properties":{"hex_id":1271,"pop_20_29":570.0,"total_30min":9,"dominant_label":"Uniwersytet Warszawski","dominant_role":"uniwersytet","politechnika_30min":0,"uniwersytet_30min":9,"medyczny_30min":0},"geometry":{"type":"Polygon","coordinates":[[[21.0378,52.250985],[21.040017,52.253195],[21.044244,52.253122],[21.046254,52.250839],[21.044038,52.248628],[21.039811,52.248701],[21.0378,52.250985]]]}},{"type":"Feature","properties":{"hex_id":1272,"pop_20_29":44.0,"total_30min":27,"dominant_label":"Uniwersytet Warszawski","dominant_role":"uniwersytet","politechnika_30min":8,"uniwersytet_30min":16,"medyczny_30min":3},"geometry":{"type":"Polygon","coordinates":[[[21.037594,52.246491],[21.039811,52.248701],[21.044038,52.248628],[21.046048,52.246345],[21.043831,52.244134],[21.039604,52.244208],[21.037594,52.246491]]]}},{"type":"Feature","properties":{"hex_id":1275,"pop_20_29":108.0,"total_30min":16,"dominant_label":"Uniwersytet Warszawski","dominant_role":"uniwersytet","politechnika_30min":0,"uniwersytet_30min":15,"medyczny_30min":1},"geometry":{"type":"Polygon","coordinates":[[[21.036976,52.23301],[21.039192,52.23522],[21.043418,52.235147],[21.045428,52.232863],[21.043212,52.230653],[21.038986,52.230726],[21.036976,52.23301]]]}},{"type":"Feature","properties":{"hex_id":1276,"pop_20_29":123.0,"total_30min":16,"dominant_label":"Uniwersytet Warszawski","dominant_role":"uniwersytet","politechnika_30min":2,"uniwersytet_30min":13,"medyczny_30min":1},"geometry":{"type":"Polygon","coordinates":[[[21.036771,52.228516],[21.038986,52.230726],[21.043212,52.230653],[21.045221,52.22837],[21.043005,52.226159],[21.03878,52.226232],[21.036771,52.228516]]]}},{"type":"Feature","properties":{"hex_id":1277,"pop_20_29":353.0,"total_30min":35,"dominant_label":"Uniwersytet Warszawski","dominant_role":"uniwersytet","politechnika_30min":10,"uniwersytet_30min":21,"medyczny_30min":4},"geometry":{"type":"Polygon","coordinates":[[[21.036565,52.224022],[21.03878,52.226232],[21.043005,52.226159],[21.045014,52.223876],[21.042799,52.221666],[21.038574,52.221739],[21.036565,52.224022]]]}},{"type":"Feature","properties":{"hex_id":1278,"pop_20_29":20.0,"total_30min":17,"dominant_label":"Politechnika Warszawska","dominant_role":"politechnika","politechnika_30min":8,"uniwersytet_30min":8,"medyczny_30min":1},"geometry":{"type":"Polygon","coordinates":[[[21.036359,52.219528],[21.038574,52.221739],[21.042799,52.221666],[21.044808,52.219382],[21.042593,52.217172],[21.038369,52.217245],[21.036359,52.219528]]]}},{"type":"Feature","properties":{"hex_id":1279,"pop_20_29":92.0,"total_30min":9,"dominant_label":"Uniwersytet Warszawski","dominant_role":"uniwersytet","politechnika_30min":0,"uniwersytet_30min":8,"medyczny_30min":1},"geometry":{"type":"Polygon","coordinates":[[[21.036154,52.215034],[21.038369,52.217245],[21.042593,52.217172],[21.044601,52.214888],[21.042386,52.212678],[21.038163,52.212751],[21.036154,52.215034]]]}},{"type":"Feature","properties":{"hex_id":1280,"pop_20_29":152.0,"total_30min":9,"dominant_label":"Uniwersytet Warszawski","dominant_role":"uniwersytet","politechnika_30min":1,"uniwersytet_30min":7,"medyczny_30min":1},"geometry":{"type":"Polygon","coordinates":[[[21.035948,52.210541],[21.038163,52.212751],[21.042386,52.212678],[21.044395,52.210394],[21.04218,52.208184],[21.037957,52.208257],[21.035948,52.210541]]]}},{"type":"Feature","properties":{"hex_id":1281,"pop_20_29":328.0,"total_30min":19,"dominant_label":"Uniwersytet Warszawski","dominant_role":"uniwersytet","politechnika_30min":8,"uniwersytet_30min":10,"medyczny_30min":1},"geometry":{"type":"Polygon","coordinates":[[[21.035743,52.206047],[21.037957,52.208257],[21.04218,52.208184],[21.044189,52.205901],[21.041974,52.20369],[21.037751,52.203763],[21.035743,52.206047]]]}},{"type":"Feature","properties":{"hex_id":1282,"pop_20_29":261.0,"total_30min":24,"dominant_label":"Uniwersytet Warszawski","dominant_role":"uniwersytet","politechnika_30min":8,"uniwersytet_30min":15,"medyczny_30min":1},"geometry":{"type":"Polygon","coordinates":[[[21.035537,52.201553],[21.037751,52.203763],[21.041974,52.20369],[21.043982,52.201407],[21.041768,52.199196],[21.037546,52.199269],[21.035537,52.201553]]]}},{"type":"Feature","properties":{"hex_id":1283,"pop_20_29":170.0,"total_30min":33,"dominant_label":"Uniwersytet Warszawski","dominant_role":"uniwersytet","politechnika_30min":13,"uniwersytet_30min":19,"medyczny_30min":1},"geometry":{"type":"Polygon","coordinates":[[[21.035332,52.197059],[21.037546,52.199269],[21.041768,52.199196],[21.043776,52.196913],[21.041562,52.194703],[21.03734,52.194776],[21.035332,52.197059]]]}},{"type":"Feature","properties":{"hex_id":1284,"pop_20_29":2.0,"total_30min":10,"dominant_label":"Uniwersytet Warszawski","dominant_role":"uniwersytet","politechnika_30min":1,"uniwersytet_30min":8,"medyczny_30min":1},"geometry":{"type":"Polygon","coordinates":[[[21.035127,52.192565],[21.03734,52.194776],[21.041562,52.194703],[21.04357,52.192419],[21.041356,52.190209],[21.037135,52.190282],[21.035127,52.192565]]]}},{"type":"Feature","properties":{"hex_id":1288,"pop_20_29":125.0,"total_30min":3,"dominant_label":"Uniwersytet Warszawski","dominant_role":"uniwersytet","politechnika_30min":0,"uniwersytet_30min":3,"medyczny_30min":0},"geometry":{"type":"Polygon","coordinates":[[[21.034306,52.17459],[21.036519,52.1768],[21.040739,52.176727],[21.042746,52.174444],[21.040533,52.172234],[21.036313,52.172306],[21.034306,52.17459]]]}},{"type":"Feature","properties":{"hex_id":1292,"pop_20_29":326.0,"total_30min":9,"dominant_label":"Politechnika Warszawska","dominant_role":"politechnika","politechnika_30min":4,"uniwersytet_30min":4,"medyczny_30min":1},"geometry":{"type":"Polygon","coordinates":[[[21.033486,52.156614],[21.035698,52.158825],[21.039916,52.158752],[21.041923,52.156469],[21.039711,52.154258],[21.035493,52.154331],[21.033486,52.156614]]]}},{"type":"Feature","properties":{"hex_id":1294,"pop_20_29":210.0,"total_30min":1,"dominant_label":"Politechnika Warszawska","dominant_role":"politechnika","politechnika_30min":1,"uniwersytet_30min":0,"medyczny_30min":0},"geometry":{"type":"Polygon","coordinates":[[[21.033076,52.147627],[21.035288,52.149837],[21.039505,52.149764],[21.041511,52.147481],[21.0393,52.14527],[21.035083,52.145343],[21.033076,52.147627]]]}},{"type":"Feature","properties":{"hex_id":1324,"pop_20_29":449.0,"total_30min":12,"dominant_label":"Uniwersytet Warszawski","dominant_role":"uniwersytet","politechnika_30min":0,"uniwersytet_30min":12,"medyczny_30min":0},"geometry":{"type":"Polygon","coordinates":[[[21.045071,52.271097],[21.047289,52.273307],[21.051519,52.273234],[21.05353,52.27095],[21.051311,52.26874],[21.047082,52.268814],[21.045071,52.271097]]]}},{"type":"Feature","properties":{"hex_id":1326,"pop_20_29":47.0,"total_30min":4,"dominant_label":"Uniwersytet Warszawski","dominant_role":"uniwersytet","politechnika_30min":0,"uniwersytet_30min":4,"medyczny_30min":0},"geometry":{"type":"Polygon","coordinates":[[[21.044658,52.26211],[21.046875,52.26432],[21.051104,52.264246],[21.053114,52.261963],[21.050896,52.259753],[21.046668,52.259826],[21.044658,52.26211]]]}},{"type":"Feature","properties":{"hex_id":1328,"pop_20_29":340.0,"total_30min":9,"dominant_label":"Uniwersytet Warszawski","dominant_role":"uniwersytet","politechnika_30min":0,"uniwersytet_30min":9,"medyczny_30min":0},"geometry":{"type":"Polygon","coordinates":[[[21.044244,52.253122],[21.046461,52.255332],[21.050689,52.255259],[21.052699,52.252975],[21.050482,52.250765],[21.046254,52.250839],[21.044244,52.253122]]]}},{"type":"Feature","properties":{"hex_id":1329,"pop_20_29":262.0,"total_30min":13,"dominant_label":"Uniwersytet Warszawski","dominant_role":"uniwersytet","politechnika_30min":0,"uniwersytet_30min":13,"medyczny_30min":0},"geometry":{"type":"Polygon","coordinates":[[[21.044038,52.248628],[21.046254,52.250839],[21.050482,52.250765],[21.052492,52.248482],[21.050274,52.246271],[21.046048,52.246345],[21.044038,52.248628]]]}},{"type":"Feature","properties":{"hex_id":1330,"pop_20_29":2.0,"total_30min":11,"dominant_label":"Uniwersytet Warszawski","dominant_role":"uniwersytet","politechnika_30min":0,"uniwersytet_30min":11,"medyczny_30min":0},"geometry":{"type":"Polygon","coordinates":[[[21.043831,52.244134],[21.046048,52.246345],[21.050274,52.246271],[21.052284,52.243988],[21.050067,52.241778],[21.045841,52.241851],[21.043831,52.244134]]]}},{"type":"Feature","properties":{"hex_id":1332,"pop_20_29":102.0,"total_30min":2,"dominant_label":"Uniwersytet Warszawski","dominant_role":"uniwersytet","politechnika_30min":0,"uniwersytet_30min":1,"medyczny_30min":1},"geometry":{"type":"Polygon","coordinates":[[[21.043418,52.235147],[21.045634,52.237357],[21.04986,52.237284],[21.051869,52.235],[21.049653,52.23279],[21.045428,52.232863],[21.043418,52.235147]]]}},{"type":"Feature","properties":{"hex_id":1336,"pop_20_29":102.0,"total_30min":20,"dominant_label":"Uniwersytet Warszawski","dominant_role":"uniwersytet","politechnika_30min":9,"uniwersytet_30min":10,"medyczny_30min":1},"geometry":{"type":"Polygon","coordinates":[[[21.042593,52.217172],[21.044808,52.219382],[21.049032,52.219309],[21.051041,52.217025],[21.048825,52.214815],[21.044601,52.214888],[21.042593,52.217172]]]}},{"type":"Feature","properties":{"hex_id":1337,"pop_20_29":172.0,"total_30min":18,"dominant_label":"Uniwersytet Warszawski","dominant_role":"uniwersytet","politechnika_30min":7,"uniwersytet_30min":10,"medyczny_30min":1},"geometry":{"type":"Polygon","coordinates":[[[21.042386,52.212678],[21.044601,52.214888],[21.048825,52.214815],[21.050834,52.212531],[21.048618,52.210321],[21.044395,52.210394],[21.042386,52.212678]]]}},{"type":"Feature","properties":{"hex_id":1338,"pop_20_29":531.0,"total_30min":19,"dominant_label":"Uniwersytet Warszawski","dominant_role":"uniwersytet","politechnika_30min":8,"uniwersytet_30min":10,"medyczny_30min":1},"geometry":{"type":"Polygon","coordinates":[[[21.04218,52.208184],[21.044395,52.210394],[21.048618,52.210321],[21.050627,52.208038],[21.048412,52.205827],[21.044189,52.205901],[21.04218,52.208184]]]}},{"type":"Feature","properties":{"hex_id":1339,"pop_20_29":355.0,"total_30min":3,"dominant_label":"Uniwersytet Warszawski","dominant_role":"uniwersytet","politechnika_30min":1,"uniwersytet_30min":2,"medyczny_30min":0},"geometry":{"type":"Polygon","coordinates":[[[21.041974,52.20369],[21.044189,52.205901],[21.048412,52.205827],[21.05042,52.203544],[21.048205,52.201334],[21.043982,52.201407],[21.041974,52.20369]]]}},{"type":"Feature","properties":{"hex_id":1340,"pop_20_29":234.0,"total_30min":3,"dominant_label":"Uniwersytet Warszawski","dominant_role":"uniwersytet","politechnika_30min":1,"uniwersytet_30min":2,"medyczny_30min":0},"geometry":{"type":"Polygon","coordinates":[[[21.041768,52.199196],[21.043982,52.201407],[21.048205,52.201334],[21.050213,52.19905],[21.047998,52.19684],[21.043776,52.196913],[21.041768,52.199196]]]}},{"type":"Feature","properties":{"hex_id":1341,"pop_20_29":63.0,"total_30min":9,"dominant_label":"Uniwersytet Warszawski","dominant_role":"uniwersytet","politechnika_30min":1,"uniwersytet_30min":7,"medyczny_30min":1},"geometry":{"type":"Polygon","coordinates":[[[21.041562,52.194703],[21.043776,52.196913],[21.047998,52.19684],[21.050006,52.194556],[21.047792,52.192346],[21.04357,52.192419],[21.041562,52.194703]]]}},{"type":"Feature","properties":{"hex_id":1342,"pop_20_29":165.0,"total_30min":11,"dominant_label":"Uniwersytet Warszawski","dominant_role":"uniwersytet","politechnika_30min":2,"uniwersytet_30min":8,"medyczny_30min":1},"geometry":{"type":"Polygon","coordinates":[[[21.041356,52.190209],[21.04357,52.192419],[21.047792,52.192346],[21.049799,52.190062],[21.047585,52.187852],[21.043364,52.187925],[21.041356,52.190209]]]}},{"type":"Feature","properties":{"hex_id":1343,"pop_20_29":325.0,"total_30min":9,"dominant_label":"Uniwersytet Warszawski","dominant_role":"uniwersytet","politechnika_30min":0,"uniwersytet_30min":8,"medyczny_30min":1},"geometry":{"type":"Polygon","coordinates":[[[21.04115,52.185715],[21.043364,52.187925],[21.047585,52.187852],[21.049592,52.185569],[21.047379,52.183358],[21.043158,52.183432],[21.04115,52.185715]]]}},{"type":"Feature","properties":{"hex_id":1344,"pop_20_29":473.0,"total_30min":8,"dominant_label":"Uniwersytet Warszawski","dominant_role":"uniwersytet","politechnika_30min":0,"uniwersytet_30min":7,"medyczny_30min":1},"geometry":{"type":"Polygon","coordinates":[[[21.040945,52.181221],[21.043158,52.183432],[21.047379,52.183358],[21.049386,52.181075],[21.047172,52.178865],[21.042952,52.178938],[21.040945,52.181221]]]}},{"type":"Feature","properties":{"hex_id":1345,"pop_20_29":266.0,"total_30min":11,"dominant_label":"Uniwersytet Warszawski","dominant_role":"uniwersytet","politechnika_30min":1,"uniwersytet_30min":9,"medyczny_30min":1},"geometry":{"type":"Polygon","coordinates":[[[21.040739,52.176727],[21.042952,52.178938],[21.047172,52.178865],[21.049179,52.176581],[21.046966,52.174371],[21.042746,52.174444],[21.040739,52.176727]]]}},{"type":"Feature","properties":{"hex_id":1346,"pop_20_29":64.0,"total_30min":2,"dominant_label":"Uniwersytet Warszawski","dominant_role":"uniwersytet","politechnika_30min":0,"uniwersytet_30min":2,"medyczny_30min":0},"geometry":{"type":"Polygon","coordinates":[[[21.040533,52.172234],[21.042746,52.174444],[21.046966,52.174371],[21.048973,52.172087],[21.04676,52.169877],[21.04254,52.16995],[21.040533,52.172234]]]}},{"type":"Feature","properties":{"hex_id":1351,"pop_20_29":226.0,"total_30min":6,"dominant_label":"Uniwersytet Warszawski","dominant_role":"uniwersytet","politechnika_30min":2,"uniwersytet_30min":4,"medyczny_30min":0},"geometry":{"type":"Polygon","coordinates":[[[21.039505,52.149764],[21.041717,52.151975],[21.045935,52.151902],[21.047941,52.149618],[21.045729,52.147408],[21.041511,52.147481],[21.039505,52.149764]]]}},{"type":"Feature","properties":{"hex_id":1380,"pop_20_29":193.0,"total_30min":2,"dominant_label":"Uniwersytet Warszawski","dominant_role":"uniwersytet","politechnika_30min":0,"uniwersytet_30min":2,"medyczny_30min":0},"geometry":{"type":"Polygon","coordinates":[[[21.051726,52.277728],[21.053945,52.279938],[21.058175,52.279864],[21.060186,52.27758],[21.057967,52.27537],[21.053737,52.275444],[21.051726,52.277728]]]}},{"type":"Feature","properties":{"hex_id":1381,"pop_20_29":372.0,"total_30min":7,"dominant_label":"Uniwersytet Warszawski","dominant_role":"uniwersytet","politechnika_30min":0,"uniwersytet_30min":7,"medyczny_30min":0},"geometry":{"type":"Polygon","coordinates":[[[21.051519,52.273234],[21.053737,52.275444],[21.057967,52.27537],[21.059977,52.273087],[21.057759,52.270877],[21.05353,52.27095],[21.051519,52.273234]]]}},{"type":"Feature","properties":{"hex_id":1382,"pop_20_29":433.0,"total_30min":12,"dominant_label":"Uniwersytet Warszawski","dominant_role":"uniwersytet","politechnika_30min":0,"uniwersytet_30min":12,"medyczny_30min":0},"geometry":{"type":"Polygon","coordinates":[[[21.051311,52.26874],[21.05353,52.27095],[21.057759,52.270877],[21.059769,52.268593],[21.057551,52.266383],[21.053322,52.266456],[21.051311,52.26874]]]}},{"type":"Feature","properties":{"hex_id":1383,"pop_20_29":101.0,"total_30min":2,"dominant_label":"Uniwersytet Warszawski","dominant_role":"uniwersytet","politechnika_30min":0,"uniwersytet_30min":2,"medyczny_30min":0},"geometry":{"type":"Polygon","coordinates":[[[21.051104,52.264246],[21.053322,52.266456],[21.057551,52.266383],[21.059561,52.264099],[21.057342,52.261889],[21.053114,52.261963],[21.051104,52.264246]]]}},{"type":"Feature","properties":{"hex_id":1386,"pop_20_29":68.0,"total_30min":3,"dominant_label":"Uniwersytet Warszawski","dominant_role":"uniwersytet","politechnika_30min":0,"uniwersytet_30min":3,"medyczny_30min":0},"geometry":{"type":"Polygon","coordinates":[[[21.050482,52.250765],[21.052699,52.252975],[21.056926,52.252902],[21.058936,52.250618],[21.056719,52.248408],[21.052492,52.248482],[21.050482,52.250765]]]}},{"type":"Feature","properties":{"hex_id":1387,"pop_20_29":193.0,"total_30min":3,"dominant_label":"Uniwersytet Warszawski","dominant_role":"uniwersytet","politechnika_30min":0,"uniwersytet_30min":3,"medyczny_30min":0},"geometry":{"type":"Polygon","coordinates":[[[21.050274,52.246271],[21.052492,52.248482],[21.056719,52.248408],[21.058728,52.246124],[21.056511,52.243914],[21.052284,52.243988],[21.050274,52.246271]]]}},{"type":"Feature","properties":{"hex_id":1388,"pop_20_29":2.0,"total_30min":3,"dominant_label":"Uniwersytet Warszawski","dominant_role":"uniwersytet","politechnika_30min":0,"uniwersytet_30min":3,"medyczny_30min":0},"geometry":{"type":"Polygon","coordinates":[[[21.050067,52.241778],[21.052284,52.243988],[21.056511,52.243914],[21.05852,52.24163],[21.056303,52.23942],[21.052077,52.239494],[21.050067,52.241778]]]}},{"type":"Feature","properties":{"hex_id":1389,"pop_20_29":188.0,"total_30min":16,"dominant_label":"Uniwersytet Warszawski","dominant_role":"uniwersytet","politechnika_30min":0,"uniwersytet_30min":15,"medyczny_30min":1},"geometry":{"type":"Polygon","coordinates":[[[21.04986,52.237284],[21.052077,52.239494],[21.056303,52.23942],[21.058312,52.237137],[21.056095,52.234927],[21.051869,52.235],[21.04986,52.237284]]]}},{"type":"Feature","properties":{"hex_id":1390,"pop_20_29":175.0,"total_30min":16,"dominant_label":"Uniwersytet Warszawski","dominant_role":"uniwersytet","politechnika_30min":2,"uniwersytet_30min":13,"medyczny_30min":1},"geometry":{"type":"Polygon","coordinates":[[[21.049653,52.23279],[21.051869,52.235],[21.056095,52.234927],[21.058104,52.232643],[21.055887,52.230433],[21.051662,52.230506],[21.049653,52.23279]]]}},{"type":"Feature","properties":{"hex_id":1391,"pop_20_29":126.0,"total_30min":10,"dominant_label":"Uniwersytet Warszawski","dominant_role":"uniwersytet","politechnika_30min":2,"uniwersytet_30min":7,"medyczny_30min":1},"geometry":{"type":"Polygon","coordinates":[[[21.049446,52.228296],[21.051662,52.230506],[21.055887,52.230433],[21.057896,52.228149],[21.05568,52.225939],[21.051455,52.226013],[21.049446,52.228296]]]}},{"type":"Feature","properties":{"hex_id":1393,"pop_20_29":18.0,"total_30min":5,"dominant_label":"Uniwersytet Warszawski","dominant_role":"uniwersytet","politechnika_30min":0,"uniwersytet_30min":4,"medyczny_30min":1},"geometry":{"type":"Polygon","coordinates":[[[21.049032,52.219309],[21.051248,52.221519],[21.055472,52.221445],[21.057481,52.219162],[21.055265,52.216952],[21.051041,52.217025],[21.049032,52.219309]]]}},{"type":"Feature","properties":{"hex_id":1395,"pop_20_29":80.0,"total_30min":5,"dominant_label":"Uniwersytet Warszawski","dominant_role":"uniwersytet","politechnika_30min":0,"uniwersytet_30min":4,"medyczny_30min":1},"geometry":{"type":"Polygon","coordinates":[[[21.048618,52.210321],[21.050834,52.212531],[21.055057,52.212458],[21.057065,52.210174],[21.05485,52.207964],[21.050627,52.208038],[21.048618,52.210321]]]}},{"type":"Feature","properties":{"hex_id":1396,"pop_20_29":353.0,"total_30min":11,"dominant_label":"Uniwersytet Warszawski","dominant_role":"uniwersytet","politechnika_30min":2,"uniwersytet_30min":8,"medyczny_30min":1},"geometry":{"type":"Polygon","coordinates":[[[21.048412,52.205827],[21.050627,52.208038],[21.05485,52.207964],[21.056858,52.20568],[21.054642,52.20347],[21.05042,52.203544],[21.048412,52.205827]]]}},{"type":"Feature","properties":{"hex_id":1397,"pop_20_29":194.0,"total_30min":6,"dominant_label":"Uniwersytet Warszawski","dominant_role":"uniwersytet","politechnika_30min":1,"uniwersytet_30min":5,"medyczny_30min":0},"geometry":{"type":"Polygon","coordinates":[[[21.048205,52.201334],[21.05042,52.203544],[21.054642,52.20347],[21.05665,52.201187],[21.054435,52.198977],[21.050213,52.19905],[21.048205,52.201334]]]}},{"type":"Feature","properties":{"hex_id":1398,"pop_20_29":35.0,"total_30min":8,"dominant_label":"Uniwersytet Warszawski","dominant_role":"uniwersytet","politechnika_30min":1,"uniwersytet_30min":6,"medyczny_30min":1},"geometry":{"type":"Polygon","coordinates":[[[21.047998,52.19684],[21.050213,52.19905],[21.054435,52.198977],[21.056443,52.196693],[21.054228,52.194483],[21.050006,52.194556],[21.047998,52.19684]]]}},{"type":"Feature","properties":{"hex_id":1399,"pop_20_29":239.0,"total_30min":9,"dominant_label":"Uniwersytet Warszawski","dominant_role":"uniwersytet","politechnika_30min":1,"uniwersytet_30min":7,"medyczny_30min":1},"geometry":{"type":"Polygon","coordinates":[[[21.047792,52.192346],[21.050006,52.194556],[21.054228,52.194483],[21.056235,52.192199],[21.054021,52.189989],[21.049799,52.190062],[21.047792,52.192346]]]}},{"type":"Feature","properties":{"hex_id":1400,"pop_20_29":258.0,"total_30min":12,"dominant_label":"Uniwersytet Warszawski","dominant_role":"uniwersytet","politechnika_30min":3,"uniwersytet_30min":8,"medyczny_30min":1},"geometry":{"type":"Polygon","coordinates":[[[21.047585,52.187852],[21.049799,52.190062],[21.054021,52.189989],[21.056028,52.187705],[21.053814,52.185495],[21.049592,52.185569],[21.047585,52.187852]]]}},{"type":"Feature","properties":{"hex_id":1401,"pop_20_29":272.0,"total_30min":9,"dominant_label":"Uniwersytet Warszawski","dominant_role":"uniwersytet","politechnika_30min":1,"uniwersytet_30min":7,"medyczny_30min":1},"geometry":{"type":"Polygon","coordinates":[[[21.047379,52.183358],[21.049592,52.185569],[21.053814,52.185495],[21.05582,52.183212],[21.053606,52.181001],[21.049386,52.181075],[21.047379,52.183358]]]}},{"type":"Feature","properties":{"hex_id":1402,"pop_20_29":343.0,"total_30min":1,"dominant_label":"Uniwersytet Warszawski","dominant_role":"uniwersytet","politechnika_30min":0,"uniwersytet_30min":1,"medyczny_30min":0},"geometry":{"type":"Polygon","coordinates":[[[21.047172,52.178865],[21.049386,52.181075],[21.053606,52.181001],[21.055613,52.178718],[21.053399,52.176508],[21.049179,52.176581],[21.047172,52.178865]]]}},{"type":"Feature","properties":{"hex_id":1409,"pop_20_29":434.0,"total_30min":3,"dominant_label":"Uniwersytet Warszawski","dominant_role":"uniwersytet","politechnika_30min":0,"uniwersytet_30min":3,"medyczny_30min":0},"geometry":{"type":"Polygon","coordinates":[[[21.045729,52.147408],[21.047941,52.149618],[21.052158,52.149545],[21.054164,52.147261],[21.051952,52.145051],[21.047734,52.145124],[21.045729,52.147408]]]}},{"type":"Feature","properties":{"hex_id":1436,"pop_20_29":95.0,"total_30min":10,"dominant_label":"Uniwersytet Warszawski","dominant_role":"uniwersytet","politechnika_30min":0,"uniwersytet_30min":10,"medyczny_30min":0},"geometry":{"type":"Polygon","coordinates":[[[21.058383,52.284358],[21.060603,52.286568],[21.064833,52.286494],[21.066844,52.28421],[21.064625,52.282],[21.060394,52.282074],[21.058383,52.284358]]]}},{"type":"Feature","properties":{"hex_id":1439,"pop_20_29":270.0,"total_30min":2,"dominant_label":"Uniwersytet Warszawski","dominant_role":"uniwersytet","politechnika_30min":0,"uniwersytet_30min":2,"medyczny_30min":0},"geometry":{"type":"Polygon","coordinates":[[[21.057759,52.270877],[21.059977,52.273087],[21.064207,52.273013],[21.066217,52.270729],[21.063998,52.268519],[21.059769,52.268593],[21.057759,52.270877]]]}},{"type":"Feature","properties":{"hex_id":1445,"pop_20_29":34.0,"total_30min":1,"dominant_label":"Uniwersytet Warszawski","dominant_role":"uniwersytet","politechnika_30min":0,"uniwersytet_30min":1,"medyczny_30min":0},"geometry":{"type":"Polygon","coordinates":[[[21.056511,52.243914],[21.058728,52.246124],[21.062955,52.24605],[21.064964,52.243767],[21.062746,52.241557],[21.05852,52.24163],[21.056511,52.243914]]]}},{"type":"Feature","properties":{"hex_id":1446,"pop_20_29":265.0,"total_30min":6,"dominant_label":"Uniwersytet Warszawski","dominant_role":"uniwersytet","politechnika_30min":0,"uniwersytet_30min":6,"medyczny_30min":0},"geometry":{"type":"Polygon","coordinates":[[[21.056303,52.23942],[21.05852,52.24163],[21.062746,52.241557],[21.064755,52.239273],[21.062538,52.237063],[21.058312,52.237137],[21.056303,52.23942]]]}},{"type":"Feature","properties":{"hex_id":1447,"pop_20_29":204.0,"total_30min":17,"dominant_label":"Uniwersytet Warszawski","dominant_role":"uniwersytet","politechnika_30min":0,"uniwersytet_30min":16,"medyczny_30min":1},"geometry":{"type":"Polygon","coordinates":[[[21.056095,52.234927],[21.058312,52.237137],[21.062538,52.237063],[21.064547,52.234779],[21.06233,52.232569],[21.058104,52.232643],[21.056095,52.234927]]]}},{"type":"Feature","properties":{"hex_id":1448,"pop_20_29":441.0,"total_30min":18,"dominant_label":"Uniwersytet Warszawski","dominant_role":"uniwersytet","politechnika_30min":7,"uniwersytet_30min":10,"medyczny_30min":1},"geometry":{"type":"Polygon","coordinates":[[[21.055887,52.230433],[21.058104,52.232643],[21.06233,52.232569],[21.064338,52.230285],[21.062121,52.228075],[21.057896,52.228149],[21.055887,52.230433]]]}},{"type":"Feature","properties":{"hex_id":1449,"pop_20_29":239.0,"total_30min":13,"dominant_label":"Uniwersytet Warszawski","dominant_role":"uniwersytet","politechnika_30min":2,"uniwersytet_30min":10,"medyczny_30min":1},"geometry":{"type":"Polygon","coordinates":[[[21.05568,52.225939],[21.057896,52.228149],[21.062121,52.228075],[21.064129,52.225792],[21.061913,52.223582],[21.057688,52.223655],[21.05568,52.225939]]]}},{"type":"Feature","properties":{"hex_id":1452,"pop_20_29":126.0,"total_30min":1,"dominant_label":"Politechnika Warszawska","dominant_role":"politechnika","politechnika_30min":1,"uniwersytet_30min":0,"medyczny_30min":0},"geometry":{"type":"Polygon","coordinates":[[[21.055057,52.212458],[21.057273,52.214668],[21.061497,52.214594],[21.063504,52.21231],[21.061289,52.2101],[21.057065,52.210174],[21.055057,52.212458]]]}},{"type":"Feature","properties":{"hex_id":1453,"pop_20_29":135.0,"total_30min":9,"dominant_label":"Uniwersytet Warszawski","dominant_role":"uniwersytet","politechnika_30min":2,"uniwersytet_30min":6,"medyczny_30min":1},"geometry":{"type":"Polygon","coordinates":[[[21.05485,52.207964],[21.057065,52.210174],[21.061289,52.2101],[21.063296,52.207817],[21.06108,52.205607],[21.056858,52.20568],[21.05485,52.207964]]]}},{"type":"Feature","properties":{"hex_id":1456,"pop_20_29":75.0,"total_30min":1,"dominant_label":"Uniwersytet Warszawski","dominant_role":"uniwersytet","politechnika_30min":0,"uniwersytet_30min":1,"medyczny_30min":0},"geometry":{"type":"Polygon","coordinates":[[[21.054228,52.194483],[21.056443,52.196693],[21.060665,52.196619],[21.062672,52.194335],[21.060457,52.192125],[21.056235,52.192199],[21.054228,52.194483]]]}},{"type":"Feature","properties":{"hex_id":1458,"pop_20_29":461.0,"total_30min":1,"dominant_label":"Uniwersytet Warszawski","dominant_role":"uniwersytet","politechnika_30min":0,"uniwersytet_30min":1,"medyczny_30min":0},"geometry":{"type":"Polygon","coordinates":[[[21.053814,52.185495],[21.056028,52.187705],[21.060249,52.187632],[21.062256,52.185348],[21.060041,52.183138],[21.05582,52.183212],[21.053814,52.185495]]]}},{"type":"Feature","properties":{"hex_id":1459,"pop_20_29":242.0,"total_30min":9,"dominant_label":"Uniwersytet Warszawski","dominant_role":"uniwersytet","politechnika_30min":1,"uniwersytet_30min":7,"medyczny_30min":1},"geometry":{"type":"Polygon","coordinates":[[[21.053606,52.181001],[21.05582,52.183212],[21.060041,52.183138],[21.062048,52.180854],[21.059833,52.178644],[21.055613,52.178718],[21.053606,52.181001]]]}},{"type":"Feature","properties":{"hex_id":1468,"pop_20_29":392.0,"total_30min":3,"dominant_label":"Uniwersytet Warszawski","dominant_role":"uniwersytet","politechnika_30min":0,"uniwersytet_30min":3,"medyczny_30min":0},"geometry":{"type":"Polygon","coordinates":[[[21.051745,52.140557],[21.053957,52.142767],[21.058174,52.142694],[21.060179,52.14041],[21.057967,52.1382],[21.05375,52.138273],[21.051745,52.140557]]]}},{"type":"Feature","properties":{"hex_id":1503,"pop_20_29":86.0,"total_30min":1,"dominant_label":"Uniwersytet Warszawski","dominant_role":"uniwersytet","politechnika_30min":0,"uniwersytet_30min":1,"medyczny_30min":0},"geometry":{"type":"Polygon","coordinates":[[[21.062746,52.241557],[21.064964,52.243767],[21.06919,52.243693],[21.071199,52.241409],[21.068981,52.239199],[21.064755,52.239273],[21.062746,52.241557]]]}},{"type":"Feature","properties":{"hex_id":1504,"pop_20_29":302.0,"total_30min":3,"dominant_label":"Uniwersytet Warszawski","dominant_role":"uniwersytet","politechnika_30min":0,"uniwersytet_30min":2,"medyczny_30min":1},"geometry":{"type":"Polygon","coordinates":[[[21.062538,52.237063],[21.064755,52.239273],[21.068981,52.239199],[21.07099,52.236915],[21.068772,52.234705],[21.064547,52.234779],[21.062538,52.237063]]]}},{"type":"Feature","properties":{"hex_id":1505,"pop_20_29":519.0,"total_30min":21,"dominant_label":"Uniwersytet Warszawski","dominant_role":"uniwersytet","politechnika_30min":5,"uniwersytet_30min":15,"medyczny_30min":1},"geometry":{"type":"Polygon","coordinates":[[[21.06233,52.232569],[21.064547,52.234779],[21.068772,52.234705],[21.07078,52.232421],[21.068563,52.230211],[21.064338,52.230285],[21.06233,52.232569]]]}},{"type":"Feature","properties":{"hex_id":1506,"pop_20_29":250.0,"total_30min":14,"dominant_label":"Uniwersytet Warszawski","dominant_role":"uniwersytet","politechnika_30min":5,"uniwersytet_30min":8,"medyczny_30min":1},"geometry":{"type":"Polygon","coordinates":[[[21.062121,52.228075],[21.064338,52.230285],[21.068563,52.230211],[21.070571,52.227927],[21.068354,52.225718],[21.064129,52.225792],[21.062121,52.228075]]]}},{"type":"Feature","properties":{"hex_id":1507,"pop_20_29":271.0,"total_30min":8,"dominant_label":"Uniwersytet Warszawski","dominant_role":"uniwersytet","politechnika_30min":0,"uniwersytet_30min":7,"medyczny_30min":1},"geometry":{"type":"Polygon","coordinates":[[[21.061913,52.223582],[21.064129,52.225792],[21.068354,52.225718],[21.070362,52.223434],[21.068145,52.221224],[21.063921,52.221298],[21.061913,52.223582]]]}},{"type":"Feature","properties":{"hex_id":1511,"pop_20_29":209.0,"total_30min":1,"dominant_label":"Politechnika Warszawska","dominant_role":"politechnika","politechnika_30min":1,"uniwersytet_30min":0,"medyczny_30min":0},"geometry":{"type":"Polygon","coordinates":[[[21.06108,52.205607],[21.063296,52.207817],[21.067519,52.207743],[21.069526,52.205459],[21.067311,52.203249],[21.063088,52.203323],[21.06108,52.205607]]]}},{"type":"Feature","properties":{"hex_id":1515,"pop_20_29":132.0,"total_30min":1,"dominant_label":"Uniwersytet Warszawski","dominant_role":"uniwersytet","politechnika_30min":0,"uniwersytet_30min":1,"medyczny_30min":0},"geometry":{"type":"Polygon","coordinates":[[[21.060249,52.187632],[21.062464,52.189842],[21.066685,52.189768],[21.068691,52.187484],[21.066476,52.185274],[21.062256,52.185348],[21.060249,52.187632]]]}},{"type":"Feature","properties":{"hex_id":1518,"pop_20_29":155.0,"total_30min":2,"dominant_label":"Uniwersytet Warszawski","dominant_role":"uniwersytet","politechnika_30min":0,"uniwersytet_30min":2,"medyczny_30min":0},"geometry":{"type":"Polygon","coordinates":[[[21.059626,52.17415],[21.06184,52.17636],[21.06606,52.176286],[21.068066,52.174003],[21.065852,52.171793],[21.061632,52.171867],[21.059626,52.17415]]]}},{"type":"Feature","properties":{"hex_id":1560,"pop_20_29":509.0,"total_30min":1,"dominant_label":"Uniwersytet Warszawski","dominant_role":"uniwersytet","politechnika_30min":0,"uniwersytet_30min":1,"medyczny_30min":0},"geometry":{"type":"Polygon","coordinates":[[[21.06919,52.243693],[21.071408,52.245902],[21.075635,52.245828],[21.077643,52.243544],[21.075425,52.241334],[21.071199,52.241409],[21.06919,52.243693]]]}},{"type":"Feature","properties":{"hex_id":1561,"pop_20_29":178.0,"total_30min":1,"dominant_label":"Warszawski Uniwersytet Medyczny","dominant_role":"medyczny","politechnika_30min":0,"uniwersytet_30min":0,"medyczny_30min":1},"geometry":{"type":"Polygon","coordinates":[[[21.068981,52.239199],[21.071199,52.241409],[21.075425,52.241334],[21.077433,52.23905],[21.075215,52.236841],[21.07099,52.236915],[21.068981,52.239199]]]}},{"type":"Feature","properties":{"hex_id":1563,"pop_20_29":369.0,"total_30min":11,"dominant_label":"Uniwersytet Warszawski","dominant_role":"uniwersytet","politechnika_30min":2,"uniwersytet_30min":8,"medyczny_30min":1},"geometry":{"type":"Polygon","coordinates":[[[21.068563,52.230211],[21.07078,52.232421],[21.075006,52.232347],[21.077014,52.230063],[21.074796,52.227853],[21.070571,52.227927],[21.068563,52.230211]]]}},{"type":"Feature","properties":{"hex_id":1564,"pop_20_29":258.0,"total_30min":11,"dominant_label":"Uniwersytet Warszawski","dominant_role":"uniwersytet","politechnika_30min":2,"uniwersytet_30min":8,"medyczny_30min":1},"geometry":{"type":"Polygon","coordinates":[[[21.068354,52.225718],[21.070571,52.227927],[21.074796,52.227853],[21.076804,52.225569],[21.074587,52.22336],[21.070362,52.223434],[21.068354,52.225718]]]}},{"type":"Feature","properties":{"hex_id":1565,"pop_20_29":33.0,"total_30min":1,"dominant_label":"Warszawski Uniwersytet Medyczny","dominant_role":"medyczny","politechnika_30min":0,"uniwersytet_30min":0,"medyczny_30min":1},"geometry":{"type":"Polygon","coordinates":[[[21.068145,52.221224],[21.070362,52.223434],[21.074587,52.22336],[21.076594,52.221076],[21.074377,52.218866],[21.070153,52.21894],[21.068145,52.221224]]]}},{"type":"Feature","properties":{"hex_id":1569,"pop_20_29":3.0,"total_30min":1,"dominant_label":"Politechnika Warszawska","dominant_role":"politechnika","politechnika_30min":1,"uniwersytet_30min":0,"medyczny_30min":0},"geometry":{"type":"Polygon","coordinates":[[[21.067311,52.203249],[21.069526,52.205459],[21.073749,52.205385],[21.075756,52.203101],[21.07354,52.200891],[21.069317,52.200965],[21.067311,52.203249]]]}},{"type":"Feature","properties":{"hex_id":1615,"pop_20_29":570.0,"total_30min":1,"dominant_label":"Warszawski Uniwersytet Medyczny","dominant_role":"medyczny","politechnika_30min":0,"uniwersytet_30min":0,"medyczny_30min":1},"geometry":{"type":"Polygon","coordinates":[[[21.075845,52.250322],[21.078063,52.252531],[21.082291,52.252457],[21.084299,52.250173],[21.08208,52.247963],[21.077853,52.248038],[21.075845,52.250322]]]}},{"type":"Feature","properties":{"hex_id":1616,"pop_20_29":516.0,"total_30min":1,"dominant_label":"Warszawski Uniwersytet Medyczny","dominant_role":"medyczny","politechnika_30min":0,"uniwersytet_30min":0,"medyczny_30min":1},"geometry":{"type":"Polygon","coordinates":[[[21.075635,52.245828],[21.077853,52.248038],[21.08208,52.247963],[21.084088,52.245679],[21.08187,52.24347],[21.077643,52.243544],[21.075635,52.245828]]]}},{"type":"Feature","properties":{"hex_id":1617,"pop_20_29":332.0,"total_30min":10,"dominant_label":"Uniwersytet Warszawski","dominant_role":"uniwersytet","politechnika_30min":2,"uniwersytet_30min":7,"medyczny_30min":1},"geometry":{"type":"Polygon","coordinates":[[[21.075425,52.241334],[21.077643,52.243544],[21.08187,52.24347],[21.083878,52.241185],[21.081659,52.238976],[21.077433,52.23905],[21.075425,52.241334]]]}},{"type":"Feature","properties":{"hex_id":1618,"pop_20_29":536.0,"total_30min":13,"dominant_label":"Uniwersytet Warszawski","dominant_role":"uniwersytet","politechnika_30min":4,"uniwersytet_30min":8,"medyczny_30min":1},"geometry":{"type":"Polygon","coordinates":[[[21.075215,52.236841],[21.077433,52.23905],[21.081659,52.238976],[21.083667,52.236692],[21.081449,52.234482],[21.077223,52.234557],[21.075215,52.236841]]]}},{"type":"Feature","properties":{"hex_id":1619,"pop_20_29":533.0,"total_30min":8,"dominant_label":"Uniwersytet Warszawski","dominant_role":"uniwersytet","politechnika_30min":0,"uniwersytet_30min":7,"medyczny_30min":1},"geometry":{"type":"Polygon","coordinates":[[[21.075006,52.232347],[21.077223,52.234557],[21.081449,52.234482],[21.083457,52.232198],[21.081239,52.229988],[21.077014,52.230063],[21.075006,52.232347]]]}},{"type":"Feature","properties":{"hex_id":1620,"pop_20_29":394.0,"total_30min":8,"dominant_label":"Uniwersytet Warszawski","dominant_role":"uniwersytet","politechnika_30min":0,"uniwersytet_30min":7,"medyczny_30min":1},"geometry":{"type":"Polygon","coordinates":[[[21.074796,52.227853],[21.077014,52.230063],[21.081239,52.229988],[21.083246,52.227704],[21.081029,52.225495],[21.076804,52.225569],[21.074796,52.227853]]]}},{"type":"Feature","properties":{"hex_id":1663,"pop_20_29":520.0,"total_30min":8,"dominant_label":"Uniwersytet Warszawski","dominant_role":"uniwersytet","politechnika_30min":0,"uniwersytet_30min":7,"medyczny_30min":1},"geometry":{"type":"Polygon","coordinates":[[[21.08208,52.247963],[21.084299,52.250173],[21.088526,52.250098],[21.090534,52.247814],[21.088315,52.245604],[21.084088,52.245679],[21.08208,52.247963]]]}},{"type":"Feature","properties":{"hex_id":1664,"pop_20_29":612.0,"total_30min":11,"dominant_label":"Uniwersytet Warszawski","dominant_role":"uniwersytet","politechnika_30min":2,"uniwersytet_30min":8,"medyczny_30min":1},"geometry":{"type":"Polygon","coordinates":[[[21.08187,52.24347],[21.084088,52.245679],[21.088315,52.245604],[21.090323,52.24332],[21.088104,52.241111],[21.083878,52.241185],[21.08187,52.24347]]]}},{"type":"Feature","properties":{"hex_id":1665,"pop_20_29":464.0,"total_30min":8,"dominant_label":"Uniwersytet Warszawski","dominant_role":"uniwersytet","politechnika_30min":0,"uniwersytet_30min":7,"medyczny_30min":1},"geometry":{"type":"Polygon","coordinates":[[[21.081659,52.238976],[21.083878,52.241185],[21.088104,52.241111],[21.090111,52.238826],[21.087893,52.236617],[21.083667,52.236692],[21.081659,52.238976]]]}},{"type":"Feature","properties":{"hex_id":1666,"pop_20_29":206.0,"total_30min":9,"dominant_label":"Uniwersytet Warszawski","dominant_role":"uniwersytet","politechnika_30min":1,"uniwersytet_30min":7,"medyczny_30min":1},"geometry":{"type":"Polygon","coordinates":[[[21.081449,52.234482],[21.083667,52.236692],[21.087893,52.236617],[21.0899,52.234333],[21.087682,52.232123],[21.083457,52.232198],[21.081449,52.234482]]]}},{"type":"Feature","properties":{"hex_id":1668,"pop_20_29":276.0,"total_30min":8,"dominant_label":"Uniwersytet Warszawski","dominant_role":"uniwersytet","politechnika_30min":0,"uniwersytet_30min":7,"medyczny_30min":1},"geometry":{"type":"Polygon","coordinates":[[[21.081029,52.225495],[21.083246,52.227704],[21.087471,52.22763],[21.089478,52.225345],[21.08726,52.223136],[21.083036,52.223211],[21.081029,52.225495]]]}},{"type":"Feature","properties":{"hex_id":1706,"pop_20_29":260.0,"total_30min":3,"dominant_label":"Uniwersytet Warszawski","dominant_role":"uniwersytet","politechnika_30min":0,"uniwersytet_30min":2,"medyczny_30min":1},"geometry":{"type":"Polygon","coordinates":[[[21.088526,52.250098],[21.090745,52.252307],[21.094972,52.252232],[21.09698,52.249948],[21.094761,52.247739],[21.090534,52.247814],[21.088526,52.250098]]]}},{"type":"Feature","properties":{"hex_id":1709,"pop_20_29":251.0,"total_30min":8,"dominant_label":"Uniwersytet Warszawski","dominant_role":"uniwersytet","politechnika_30min":0,"uniwersytet_30min":7,"medyczny_30min":1},"geometry":{"type":"Polygon","coordinates":[[[21.087893,52.236617],[21.090111,52.238826],[21.094337,52.238752],[21.096344,52.236467],[21.094126,52.234258],[21.0899,52.234333],[21.087893,52.236617]]]}},{"type":"Feature","properties":{"hex_id":1711,"pop_20_29":375.0,"total_30min":1,"dominant_label":"Warszawski Uniwersytet Medyczny","dominant_role":"medyczny","politechnika_30min":0,"uniwersytet_30min":0,"medyczny_30min":1},"geometry":{"type":"Polygon","coordinates":[[[21.087471,52.22763],[21.089689,52.229839],[21.093914,52.229764],[21.095921,52.22748],[21.093703,52.225271],[21.089478,52.225345],[21.087471,52.22763]]]}},{"type":"Feature","properties":{"hex_id":1712,"pop_20_29":491.0,"total_30min":3,"dominant_label":"Uniwersytet Warszawski","dominant_role":"uniwersytet","politechnika_30min":0,"uniwersytet_30min":2,"medyczny_30min":1},"geometry":{"type":"Polygon","coordinates":[[[21.08726,52.223136],[21.089478,52.225345],[21.093703,52.225271],[21.095709,52.222986],[21.093491,52.220777],[21.089267,52.220852],[21.08726,52.223136]]]}},{"type":"Feature","properties":{"hex_id":1749,"pop_20_29":417.0,"total_30min":1,"dominant_label":"Warszawski Uniwersytet Medyczny","dominant_role":"medyczny","politechnika_30min":0,"uniwersytet_30min":0,"medyczny_30min":1},"geometry":{"type":"Polygon","coordinates":[[[21.094761,52.247739],[21.09698,52.249948],[21.101207,52.249873],[21.103214,52.247588],[21.100995,52.245379],[21.096768,52.245454],[21.094761,52.247739]]]}},{"type":"Feature","properties":{"hex_id":1751,"pop_20_29":395.0,"total_30min":3,"dominant_label":"Uniwersytet Warszawski","dominant_role":"uniwersytet","politechnika_30min":0,"uniwersytet_30min":2,"medyczny_30min":1},"geometry":{"type":"Polygon","coordinates":[[[21.094337,52.238752],[21.096556,52.240961],[21.100782,52.240886],[21.102789,52.238601],[21.10057,52.236392],[21.096344,52.236467],[21.094337,52.238752]]]}},{"type":"Feature","properties":{"hex_id":1752,"pop_20_29":191.0,"total_30min":8,"dominant_label":"Uniwersytet Warszawski","dominant_role":"uniwersytet","politechnika_30min":0,"uniwersytet_30min":7,"medyczny_30min":1},"geometry":{"type":"Polygon","coordinates":[[[21.094126,52.234258],[21.096344,52.236467],[21.10057,52.236392],[21.102577,52.234108],[21.100358,52.231898],[21.096133,52.231974],[21.094126,52.234258]]]}},{"type":"Feature","properties":{"hex_id":1754,"pop_20_29":315.0,"total_30min":1,"dominant_label":"Warszawski Uniwersytet Medyczny","dominant_role":"medyczny","politechnika_30min":0,"uniwersytet_30min":0,"medyczny_30min":1},"geometry":{"type":"Polygon","coordinates":[[[21.093703,52.225271],[21.095921,52.22748],[21.100146,52.227405],[21.102152,52.22512],[21.099934,52.222911],[21.095709,52.222986],[21.093703,52.225271]]]}},{"type":"Feature","properties":{"hex_id":1791,"pop_20_29":436.0,"total_30min":3,"dominant_label":"Uniwersytet Warszawski","dominant_role":"uniwersytet","politechnika_30min":0,"uniwersytet_30min":2,"medyczny_30min":1},"geometry":{"type":"Polygon","coordinates":[[[21.10057,52.236392],[21.102789,52.238601],[21.107015,52.238526],[21.109022,52.236241],[21.106802,52.234032],[21.102577,52.234108],[21.10057,52.236392]]]}},{"type":"Feature","properties":{"hex_id":1830,"pop_20_29":460.0,"total_30min":1,"dominant_label":"Warszawski Uniwersytet Medyczny","dominant_role":"medyczny","politechnika_30min":0,"uniwersytet_30min":0,"medyczny_30min":1},"geometry":{"type":"Polygon","coordinates":[[[21.106802,52.234032],[21.109022,52.236241],[21.113247,52.236166],[21.115253,52.233881],[21.113034,52.231672],[21.108808,52.231748],[21.106802,52.234032]]]}},{"type":"Feature","properties":{"hex_id":1907,"pop_20_29":41.0,"total_30min":1,"dominant_label":"Warszawski Uniwersytet Medyczny","dominant_role":"medyczny","politechnika_30min":0,"uniwersytet_30min":0,"medyczny_30min":1},"geometry":{"type":"Polygon","coordinates":[[[21.119479,52.233805],[21.121699,52.236014],[21.125924,52.235938],[21.127929,52.233653],[21.125709,52.231444],[21.121484,52.23152],[21.119479,52.233805]]]}}]}