{"type": "FeatureCollection", "name": "krakow_hex_h10_14", "crs": {"type": "name", "properties": {"name": "urn:ogc:def:crs:OGC:1.3:CRS84"}}, "xy_coordinate_resolution": 1e-15, "features": [{"type": "Feature", "properties": {"count": 2, "mean_min": 9.76}, "geometry": {"type": "Polygon", "coordinates": [[[19.80111855426621, 50.06213700382884], [19.80241516069397, 50.06357868041482], [19.80500837354949, 50.06357868041482], [19.80630497997725, 50.06213700382884], [19.80500837354949, 50.0606952839148], [19.80241516069397, 50.0606952839148], [19.80111855426621, 50.06213700382884]]]}}, {"type": "Feature", "properties": {"count": 1, "mean_min": 44.39}, "geometry": {"type": "Polygon", "coordinates": [[[19.80500837354949, 50.01453736712296], [19.80630497997725, 50.01598047374004], [19.808898192832768, 50.01598047374004], [19.810194799260525, 50.01453736712296], [19.808898192832768, 50.01309421716502], [19.80630497997725, 50.01309421716502], [19.80500837354949, 50.01453736712296]]]}}, {"type": "Feature", "properties": {"count": 1, "mean_min": 19.78}, "geometry": {"type": "Polygon", "coordinates": [[[19.80500837354949, 50.01165102386583], [19.80630497997725, 50.01309421716502], [19.808898192832768, 50.01309421716502], [19.810194799260525, 50.01165102386583], [19.808898192832768, 50.010207787225006], [19.80630497997725, 50.010207787225006], [19.80500837354949, 50.01165102386583]]]}}, {"type": "Feature", "properties": {"count": 1, "mean_min": 19.82}, "geometry": {"type": "Polygon", "coordinates": [[[19.808898192832764, 50.041948982001465], [19.810194799260522, 50.043391265215725], [19.81278801211604, 50.043391265215725], [19.814084618543795, 50.041948982001465], [19.81278801211604, 50.040506655453704], [19.810194799260522, 50.040506655453704], [19.808898192832764, 50.041948982001465]]]}}, {"type": "Feature", "properties": {"count": 1, "mean_min": 18.42}, "geometry": {"type": "Polygon", "coordinates": [[[19.808898192832764, 50.01598047374004], [19.810194799260522, 50.01742353701666], [19.81278801211604, 50.01742353701666], [19.814084618543795, 50.01598047374004], [19.81278801211604, 50.01453736712296], [19.810194799260522, 50.01453736712296], [19.808898192832764, 50.01598047374004]]]}}, {"type": "Feature", "properties": {"count": 1, "mean_min": 59.88}, "geometry": {"type": "Polygon", "coordinates": [[[19.808898192832764, 50.010207787225006], [19.810194799260522, 50.01165102386583], [19.81278801211604, 50.01165102386583], [19.814084618543795, 50.010207787225006], [19.81278801211604, 50.008764507242184], [19.810194799260522, 50.008764507242184], [19.808898192832764, 50.010207787225006]]]}}, {"type": "Feature", "properties": {"count": 2, "mean_min": 33.2}, "geometry": {"type": "Polygon", "coordinates": [[[19.81278801211604, 50.03473691591986], [19.814084618543795, 50.03617941580551], [19.816677831399318, 50.03617941580551], [19.817974437827075, 50.03473691591986], [19.816677831399318, 50.033294372698755], [19.814084618543795, 50.033294372698755], [19.81278801211604, 50.03473691591986]]]}}, {"type": "Feature", "properties": {"count": 1, "mean_min": 59.93}, "geometry": {"type": "Polygon", "coordinates": [[[19.81278801211604, 50.008764507242184], [19.814084618543795, 50.010207787225006], [19.816677831399318, 50.010207787225006], [19.817974437827075, 50.008764507242184], [19.816677831399318, 50.00732118391694], [19.814084618543795, 50.00732118391694], [19.81278801211604, 50.008764507242184]]]}}, {"type": "Feature", "properties": {"count": 1, "mean_min": 62.55}, "geometry": {"type": "Polygon", "coordinates": [[[19.816677831399318, 50.06502031367313], [19.817974437827075, 50.06646190360415], [19.820567650682595, 50.06646190360415], [19.821864257110352, 50.06502031367313], [19.820567650682595, 50.06357868041482], [19.817974437827075, 50.06357868041482], [19.816677831399318, 50.06502031367313]]]}}, {"type": "Feature", "properties": {"count": 1, "mean_min": 24.93}, "geometry": {"type": "Polygon", "coordinates": [[[19.816677831399318, 50.041948982001465], [19.817974437827075, 50.043391265215725], [19.820567650682595, 50.043391265215725], [19.821864257110352, 50.041948982001465], [19.820567650682595, 50.040506655453704], [19.817974437827075, 50.040506655453704], [19.816677831399318, 50.041948982001465]]]}}, {"type": "Feature", "properties": {"count": 2, "mean_min": 37.5}, "geometry": {"type": "Polygon", "coordinates": [[[19.816677831399318, 50.018866556953185], [19.817974437827075, 50.020309533550005], [19.820567650682595, 50.020309533550005], [19.821864257110352, 50.018866556953185], [19.820567650682595, 50.01742353701666], [19.817974437827075, 50.01742353701666], [19.816677831399318, 50.018866556953185]]]}}, {"type": "Feature", "properties": {"count": 1, "mean_min": 59.91}, "geometry": {"type": "Polygon", "coordinates": [[[19.816677831399318, 49.99866033375349], [19.817974437827075, 50.00010391714123], [19.820567650682595, 50.00010391714123], [19.821864257110352, 49.99866033375349], [19.820567650682595, 49.99721670702065], [19.817974437827075, 49.99721670702065], [19.816677831399318, 49.99866033375349]]]}}, {"type": "Feature", "properties": {"count": 1, "mean_min": 40.14}, "geometry": {"type": "Polygon", "coordinates": [[[19.816677831399318, 49.99577303694232], [19.817974437827075, 49.99721670702065], [19.820567650682595, 49.99721670702065], [19.821864257110352, 49.99577303694232], [19.820567650682595, 49.994329323518116], [19.817974437827075, 49.994329323518116], [19.816677831399318, 49.99577303694232]]]}}, {"type": "Feature", "properties": {"count": 1, "mean_min": 62.7}, "geometry": {"type": "Polygon", "coordinates": [[[19.820567650682595, 50.06646190360415], [19.821864257110352, 50.06790345020828], [19.82445746996587, 50.06790345020828], [19.82575407639363, 50.06646190360415], [19.82445746996587, 50.06502031367313], [19.821864257110352, 50.06502031367313], [19.820567650682595, 50.06646190360415]]]}}, {"type": "Feature", "properties": {"count": 1, "mean_min": 15.05}, "geometry": {"type": "Polygon", "coordinates": [[[19.820567650682595, 50.043391265215725], [19.821864257110352, 50.044833505096875], [19.82445746996587, 50.044833505096875], [19.82575407639363, 50.043391265215725], [19.82445746996587, 50.041948982001465], [19.821864257110352, 50.041948982001465], [19.820567650682595, 50.043391265215725]]]}}, {"type": "Feature", "properties": {"count": 1, "mean_min": 62.72}, "geometry": {"type": "Polygon", "coordinates": [[[19.82445746996587, 50.06790345020828], [19.82575407639363, 50.0693449534859], [19.82834728924915, 50.0693449534859], [19.82964389567691, 50.06790345020828], [19.82834728924915, 50.06646190360415], [19.82575407639363, 50.06646190360415], [19.82445746996587, 50.06790345020828]]]}}, {"type": "Feature", "properties": {"count": 1, "mean_min": 29.65}, "geometry": {"type": "Polygon", "coordinates": [[[19.82445746996587, 50.0592535206723], [19.82575407639363, 50.0606952839148], [19.82834728924915, 50.0606952839148], [19.82964389567691, 50.0592535206723], [19.82834728924915, 50.05781171410096], [19.82575407639363, 50.05781171410096], [19.82445746996587, 50.0592535206723]]]}}, {"type": "Feature", "properties": {"count": 2, "mean_min": 29.91}, "geometry": {"type": "Polygon", "coordinates": [[[19.82445746996587, 50.053486034410014], [19.82575407639363, 50.054927970970205], [19.82834728924915, 50.054927970970205], [19.82964389567691, 50.053486034410014], [19.82834728924915, 50.052044054519406], [19.82575407639363, 50.052044054519406], [19.82445746996587, 50.053486034410014]]]}}, {"type": "Feature", "properties": {"count": 2, "mean_min": 29.84}, "geometry": {"type": "Polygon", "coordinates": [[[19.82445746996587, 50.04771785486135], [19.82575407639363, 50.04915996474547], [19.82834728924915, 50.04915996474547], [19.82964389567691, 50.04771785486135], [19.82834728924915, 50.04627570164527], [19.82575407639363, 50.04627570164527], [19.82445746996587, 50.04771785486135]]]}}, {"type": "Feature", "properties": {"count": 3, "mean_min": 21.2}, "geometry": {"type": "Polygon", "coordinates": [[[19.82445746996587, 50.044833505096875], [19.82575407639363, 50.04627570164527], [19.82834728924915, 50.04627570164527], [19.82964389567691, 50.044833505096875], [19.82834728924915, 50.043391265215725], [19.82575407639363, 50.043391265215725], [19.82445746996587, 50.044833505096875]]]}}, {"type": "Feature", "properties": {"count": 2, "mean_min": 33.02}, "geometry": {"type": "Polygon", "coordinates": [[[19.82445746996587, 50.03617941580551], [19.82575407639363, 50.03762187235612], [19.82834728924915, 50.03762187235612], [19.82964389567691, 50.03617941580551], [19.82834728924915, 50.03473691591986], [19.82575407639363, 50.03473691591986], [19.82445746996587, 50.03617941580551]]]}}, {"type": "Feature", "properties": {"count": 1, "mean_min": 23.22}, "geometry": {"type": "Polygon", "coordinates": [[[19.82445746996587, 50.02175246680752], [19.82575407639363, 50.0231953567261], [19.82834728924915, 50.0231953567261], [19.82964389567691, 50.02175246680752], [19.82834728924915, 50.020309533550005], [19.82575407639363, 50.020309533550005], [19.82445746996587, 50.02175246680752]]]}}, {"type": "Feature", "properties": {"count": 1, "mean_min": 9.14}, "geometry": {"type": "Polygon", "coordinates": [[[19.82834728924915, 50.0693449534859], [19.82964389567691, 50.07078641343742], [19.83223710853243, 50.07078641343742], [19.833533714960186, 50.0693449534859], [19.83223710853243, 50.06790345020828], [19.82964389567691, 50.06790345020828], [19.82834728924915, 50.0693449534859]]]}}, {"type": "Feature", "properties": {"count": 2, "mean_min": 29.37}, "geometry": {"type": "Polygon", "coordinates": [[[19.82834728924915, 50.0606952839148], [19.82964389567691, 50.06213700382884], [19.83223710853243, 50.06213700382884], [19.833533714960186, 50.0606952839148], [19.83223710853243, 50.0592535206723], [19.82964389567691, 50.0592535206723], [19.82834728924915, 50.0606952839148]]]}}, {"type": "Feature", "properties": {"count": 1, "mean_min": 29.53}, "geometry": {"type": "Polygon", "coordinates": [[[19.82834728924915, 50.05781171410096], [19.82964389567691, 50.0592535206723], [19.83223710853243, 50.0592535206723], [19.833533714960186, 50.05781171410096], [19.83223710853243, 50.0563698642004], [19.82964389567691, 50.0563698642004], [19.82834728924915, 50.05781171410096]]]}}, {"type": "Feature", "properties": {"count": 2, "mean_min": 19.52}, "geometry": {"type": "Polygon", "coordinates": [[[19.82834728924915, 50.043391265215725], [19.82964389567691, 50.044833505096875], [19.83223710853243, 50.044833505096875], [19.833533714960186, 50.043391265215725], [19.83223710853243, 50.041948982001465], [19.82964389567691, 50.041948982001465], [19.82834728924915, 50.043391265215725]]]}}, {"type": "Feature", "properties": {"count": 2, "mean_min": 32.92}, "geometry": {"type": "Polygon", "coordinates": [[[19.82834728924915, 50.03762187235612], [19.82964389567691, 50.039064285572046], [19.83223710853243, 50.039064285572046], [19.833533714960186, 50.03762187235612], [19.83223710853243, 50.03617941580551], [19.82964389567691, 50.03617941580551], [19.82834728924915, 50.03762187235612]]]}}, {"type": "Feature", "properties": {"count": 1, "mean_min": 36.24}, "geometry": {"type": "Polygon", "coordinates": [[[19.82834728924915, 50.03185178614182], [19.82964389567691, 50.033294372698755], [19.83223710853243, 50.033294372698755], [19.833533714960186, 50.03185178614182], [19.83223710853243, 50.03040915624867], [19.82964389567691, 50.03040915624867], [19.82834728924915, 50.03185178614182]]]}}, {"type": "Feature", "properties": {"count": 1, "mean_min": 36.06}, "geometry": {"type": "Polygon", "coordinates": [[[19.82834728924915, 50.02896648301891], [19.82964389567691, 50.03040915624867], [19.83223710853243, 50.03040915624867], [19.833533714960186, 50.02896648301891], [19.83223710853243, 50.02752376645217], [19.82964389567691, 50.02752376645217], [19.82834728924915, 50.02896648301891]]]}}, {"type": "Feature", "properties": {"count": 1, "mean_min": 36.61}, "geometry": {"type": "Polygon", "coordinates": [[[19.82834728924915, 50.02608100654804], [19.82964389567691, 50.02752376645217], [19.83223710853243, 50.02752376645217], [19.833533714960186, 50.02608100654804], [19.83223710853243, 50.02463820330614], [19.82964389567691, 50.02463820330614], [19.82834728924915, 50.02608100654804]]]}}, {"type": "Feature", "properties": {"count": 1, "mean_min": 8.76}, "geometry": {"type": "Polygon", "coordinates": [[[19.832237108532425, 50.06790345020828], [19.83353371496018, 50.0693449534859], [19.836126927815698, 50.0693449534859], [19.837423534243456, 50.06790345020828], [19.836126927815698, 50.06646190360415], [19.83353371496018, 50.06646190360415], [19.832237108532425, 50.06790345020828]]]}}, {"type": "Feature", "properties": {"count": 2, "mean_min": 29.64}, "geometry": {"type": "Polygon", "coordinates": [[[19.832237108532425, 50.06213700382884], [19.83353371496018, 50.06357868041482], [19.836126927815698, 50.06357868041482], [19.837423534243456, 50.06213700382884], [19.836126927815698, 50.0606952839148], [19.83353371496018, 50.0606952839148], [19.832237108532425, 50.06213700382884]]]}}, {"type": "Feature", "properties": {"count": 1, "mean_min": 27.7}, "geometry": {"type": "Polygon", "coordinates": [[[19.832237108532425, 50.02463820330614], [19.83353371496018, 50.02608100654804], [19.836126927815698, 50.02608100654804], [19.837423534243456, 50.02463820330614], [19.836126927815698, 50.0231953567261], [19.83353371496018, 50.0231953567261], [19.832237108532425, 50.02463820330614]]]}}, {"type": "Feature", "properties": {"count": 2, "mean_min": 33.1}, "geometry": {"type": "Polygon", "coordinates": [[[19.836126927815698, 50.08952145030809], [19.837423534243456, 50.09096230373497], [19.84001674709898, 50.09096230373497], [19.841313353526736, 50.08952145030809], [19.84001674709898, 50.08808055356056], [19.837423534243456, 50.08808055356056], [19.836126927815698, 50.08952145030809]]]}}, {"type": "Feature", "properties": {"count": 1, "mean_min": 62.72}, "geometry": {"type": "Polygon", "coordinates": [[[19.836126927815698, 50.0693449534859], [19.837423534243456, 50.07078641343742], [19.84001674709898, 50.07078641343742], [19.841313353526736, 50.0693449534859], [19.84001674709898, 50.06790345020828], [19.837423534243456, 50.06790345020828], [19.836126927815698, 50.0693449534859]]]}}, {"type": "Feature", "properties": {"count": 1, "mean_min": 29.92}, "geometry": {"type": "Polygon", "coordinates": [[[19.836126927815698, 50.06357868041482], [19.837423534243456, 50.06502031367313], [19.84001674709898, 50.06502031367313], [19.841313353526736, 50.06357868041482], [19.84001674709898, 50.06213700382884], [19.837423534243456, 50.06213700382884], [19.836126927815698, 50.06357868041482]]]}}, {"type": "Feature", "properties": {"count": 1, "mean_min": 12.69}, "geometry": {"type": "Polygon", "coordinates": [[[19.836126927815698, 50.040506655453704], [19.837423534243456, 50.041948982001465], [19.84001674709898, 50.041948982001465], [19.841313353526736, 50.040506655453704], [19.84001674709898, 50.039064285572046], [19.837423534243456, 50.039064285572046], [19.836126927815698, 50.040506655453704]]]}}, {"type": "Feature", "properties": {"count": 2, "mean_min": 11.35}, "geometry": {"type": "Polygon", "coordinates": [[[19.84001674709898, 50.08808055356056], [19.841313353526736, 50.08952145030809], [19.843906566382255, 50.08952145030809], [19.845203172810013, 50.08808055356056], [19.843906566382255, 50.086639613492], [19.841313353526736, 50.086639613492], [19.84001674709898, 50.08808055356056]]]}}, {"type": "Feature", "properties": {"count": 1, "mean_min": 10.35}, "geometry": {"type": "Polygon", "coordinates": [[[19.84001674709898, 50.085198630102], [19.841313353526736, 50.086639613492], [19.843906566382255, 50.086639613492], [19.845203172810013, 50.085198630102], [19.843906566382255, 50.08375760339018], [19.841313353526736, 50.08375760339018], [19.84001674709898, 50.085198630102]]]}}, {"type": "Feature", "properties": {"count": 1, "mean_min": 29.62}, "geometry": {"type": "Polygon", "coordinates": [[[19.84001674709898, 50.06502031367313], [19.841313353526736, 50.06646190360415], [19.843906566382255, 50.06646190360415], [19.845203172810013, 50.06502031367313], [19.843906566382255, 50.06357868041482], [19.841313353526736, 50.06357868041482], [19.84001674709898, 50.06502031367313]]]}}, {"type": "Feature", "properties": {"count": 1, "mean_min": 8.66}, "geometry": {"type": "Polygon", "coordinates": [[[19.84001674709898, 50.041948982001465], [19.841313353526736, 50.043391265215725], [19.843906566382255, 50.043391265215725], [19.845203172810013, 50.041948982001465], [19.843906566382255, 50.040506655453704], [19.841313353526736, 50.040506655453704], [19.84001674709898, 50.041948982001465]]]}}, {"type": "Feature", "properties": {"count": 1, "mean_min": 60.47}, "geometry": {"type": "Polygon", "coordinates": [[[19.84001674709898, 50.02752376645217], [19.841313353526736, 50.02896648301891], [19.843906566382255, 50.02896648301891], [19.845203172810013, 50.02752376645217], [19.843906566382255, 50.02608100654804], [19.841313353526736, 50.02608100654804], [19.84001674709898, 50.02752376645217]]]}}, {"type": "Feature", "properties": {"count": 2, "mean_min": 33.37}, "geometry": {"type": "Polygon", "coordinates": [[[19.84001674709898, 50.018866556953185], [19.841313353526736, 50.020309533550005], [19.843906566382255, 50.020309533550005], [19.845203172810013, 50.018866556953185], [19.843906566382255, 50.01742353701666], [19.841313353526736, 50.01742353701666], [19.84001674709898, 50.018866556953185]]]}}, {"type": "Feature", "properties": {"count": 2, "mean_min": 40.6}, "geometry": {"type": "Polygon", "coordinates": [[[19.84001674709898, 50.010207787225006], [19.841313353526736, 50.01165102386583], [19.843906566382255, 50.01165102386583], [19.845203172810013, 50.010207787225006], [19.843906566382255, 50.008764507242184], [19.841313353526736, 50.008764507242184], [19.84001674709898, 50.010207787225006]]]}}, {"type": "Feature", "properties": {"count": 1, "mean_min": 12.92}, "geometry": {"type": "Polygon", "coordinates": [[[19.843906566382255, 50.08375760339018], [19.845203172810013, 50.085198630102], [19.847796385665532, 50.085198630102], [19.84909299209329, 50.08375760339018], [19.847796385665532, 50.08231653335615], [19.845203172810013, 50.08231653335615], [19.843906566382255, 50.08375760339018]]]}}, {"type": "Feature", "properties": {"count": 3, "mean_min": 14.85}, "geometry": {"type": "Polygon", "coordinates": [[[19.843906566382255, 50.06646190360415], [19.845203172810013, 50.06790345020828], [19.847796385665532, 50.06790345020828], [19.84909299209329, 50.06646190360415], [19.847796385665532, 50.06502031367313], [19.845203172810013, 50.06502031367313], [19.843906566382255, 50.06646190360415]]]}}, {"type": "Feature", "properties": {"count": 1, "mean_min": 27.55}, "geometry": {"type": "Polygon", "coordinates": [[[19.843906566382255, 50.02896648301891], [19.845203172810013, 50.03040915624867], [19.847796385665532, 50.03040915624867], [19.84909299209329, 50.02896648301891], [19.847796385665532, 50.02752376645217], [19.845203172810013, 50.02752376645217], [19.843906566382255, 50.02896648301891]]]}}, {"type": "Feature", "properties": {"count": 1, "mean_min": 40.53}, "geometry": {"type": "Polygon", "coordinates": [[[19.843906566382255, 50.02608100654804], [19.845203172810013, 50.02752376645217], [19.847796385665532, 50.02752376645217], [19.84909299209329, 50.02608100654804], [19.847796385665532, 50.02463820330614], [19.845203172810013, 50.02463820330614], [19.843906566382255, 50.02608100654804]]]}}, {"type": "Feature", "properties": {"count": 1, "mean_min": 21.37}, "geometry": {"type": "Polygon", "coordinates": [[[19.843906566382255, 50.0231953567261], [19.845203172810013, 50.02463820330614], [19.847796385665532, 50.02463820330614], [19.84909299209329, 50.0231953567261], [19.847796385665532, 50.02175246680752], [19.845203172810013, 50.02175246680752], [19.843906566382255, 50.0231953567261]]]}}, {"type": "Feature", "properties": {"count": 1, "mean_min": 41.68}, "geometry": {"type": "Polygon", "coordinates": [[[19.843906566382255, 50.00587781724892], [19.845203172810013, 50.00732118391694], [19.847796385665532, 50.00732118391694], [19.84909299209329, 50.00587781724892], [19.847796385665532, 50.00443440723772], [19.845203172810013, 50.00443440723772], [19.843906566382255, 50.00587781724892]]]}}, {"type": "Feature", "properties": {"count": 1, "mean_min": 13.69}, "geometry": {"type": "Polygon", "coordinates": [[[19.843906566382255, 49.99144176663057], [19.845203172810013, 49.99288556674766], [19.847796385665532, 49.99288556674766], [19.84909299209329, 49.99144176663057], [19.847796385665532, 49.989997923166456], [19.845203172810013, 49.989997923166456], [19.843906566382255, 49.99144176663057]]]}}, {"type": "Feature", "properties": {"count": 1, "mean_min": 15.75}, "geometry": {"type": "Polygon", "coordinates": [[[19.843906566382255, 49.98855403635494], [19.845203172810013, 49.989997923166456], [19.847796385665532, 49.989997923166456], [19.84909299209329, 49.98855403635494], [19.847796385665532, 49.98711010619562], [19.845203172810013, 49.98711010619562], [19.843906566382255, 49.98855403635494]]]}}, {"type": "Feature", "properties": {"count": 2, "mean_min": 10.29}, "geometry": {"type": "Polygon", "coordinates": [[[19.847796385665532, 50.08231653335615], [19.84909299209329, 50.08375760339018], [19.851686204948813, 50.08375760339018], [19.85298281137657, 50.08231653335615], [19.851686204948813, 50.080875419999515], [19.84909299209329, 50.080875419999515], [19.847796385665532, 50.08231653335615]]]}}, {"type": "Feature", "properties": {"count": 2, "mean_min": 10.45}, "geometry": {"type": "Polygon", "coordinates": [[[19.847796385665532, 50.044833505096875], [19.84909299209329, 50.04627570164527], [19.851686204948813, 50.04627570164527], [19.85298281137657, 50.044833505096875], [19.851686204948813, 50.043391265215725], [19.84909299209329, 50.043391265215725], [19.847796385665532, 50.044833505096875]]]}}, {"type": "Feature", "properties": {"count": 3, "mean_min": 20.37}, "geometry": {"type": "Polygon", "coordinates": [[[19.847796385665532, 50.02463820330614], [19.84909299209329, 50.02608100654804], [19.851686204948813, 50.02608100654804], [19.85298281137657, 50.02463820330614], [19.851686204948813, 50.0231953567261], [19.84909299209329, 50.0231953567261], [19.847796385665532, 50.02463820330614]]]}}, {"type": "Feature", "properties": {"count": 2, "mean_min": 15.2}, "geometry": {"type": "Polygon", "coordinates": [[[19.847796385665532, 49.99577303694232], [19.84909299209329, 49.99721670702065], [19.851686204948813, 49.99721670702065], [19.85298281137657, 49.99577303694232], [19.851686204948813, 49.994329323518116], [19.84909299209329, 49.994329323518116], [19.847796385665532, 49.99577303694232]]]}}, {"type": "Feature", "properties": {"count": 1, "mean_min": 15.74}, "geometry": {"type": "Polygon", "coordinates": [[[19.847796385665532, 49.99288556674766], [19.84909299209329, 49.994329323518116], [19.851686204948813, 49.994329323518116], [19.85298281137657, 49.99288556674766], [19.851686204948813, 49.99144176663057], [19.84909299209329, 49.99144176663057], [19.847796385665532, 49.99288556674766]]]}}, {"type": "Feature", "properties": {"count": 2, "mean_min": 10.06}, "geometry": {"type": "Polygon", "coordinates": [[[19.851686204948813, 50.08375760339018], [19.85298281137657, 50.085198630102], [19.85557602423209, 50.085198630102], [19.856872630659844, 50.08375760339018], [19.85557602423209, 50.08231653335615], [19.85298281137657, 50.08231653335615], [19.851686204948813, 50.08375760339018]]]}}, {"type": "Feature", "properties": {"count": 2, "mean_min": 8.0}, "geometry": {"type": "Polygon", "coordinates": [[[19.851686204948813, 50.06646190360415], [19.85298281137657, 50.06790345020828], [19.85557602423209, 50.06790345020828], [19.856872630659844, 50.06646190360415], [19.85557602423209, 50.06502031367313], [19.85298281137657, 50.06502031367313], [19.851686204948813, 50.06646190360415]]]}}, {"type": "Feature", "properties": {"count": 1, "mean_min": 60.24}, "geometry": {"type": "Polygon", "coordinates": [[[19.851686204948813, 50.054927970970205], [19.85298281137657, 50.0563698642004], [19.85557602423209, 50.0563698642004], [19.856872630659844, 50.054927970970205], [19.85557602423209, 50.053486034410014], [19.85298281137657, 50.053486034410014], [19.851686204948813, 50.054927970970205]]]}}, {"type": "Feature", "properties": {"count": 4, "mean_min": 20.01}, "geometry": {"type": "Polygon", "coordinates": [[[19.851686204948813, 50.02896648301891], [19.85298281137657, 50.03040915624867], [19.85557602423209, 50.03040915624867], [19.856872630659844, 50.02896648301891], [19.85557602423209, 50.02752376645217], [19.85298281137657, 50.02752376645217], [19.851686204948813, 50.02896648301891]]]}}, {"type": "Feature", "properties": {"count": 1, "mean_min": 45.2}, "geometry": {"type": "Polygon", "coordinates": [[[19.851686204948813, 49.994329323518116], [19.85298281137657, 49.99577303694232], [19.85557602423209, 49.99577303694232], [19.856872630659844, 49.994329323518116], [19.85557602423209, 49.99288556674766], [19.85298281137657, 49.99288556674766], [19.851686204948813, 49.994329323518116]]]}}, {"type": "Feature", "properties": {"count": 2, "mean_min": 9.84}, "geometry": {"type": "Polygon", "coordinates": [[[19.855576024232082, 50.08231653335615], [19.85687263065984, 50.08375760339018], [19.85946584351536, 50.08375760339018], [19.860762449943117, 50.08231653335615], [19.85946584351536, 50.080875419999515], [19.85687263065984, 50.080875419999515], [19.855576024232082, 50.08231653335615]]]}}, {"type": "Feature", "properties": {"count": 1, "mean_min": 8.9}, "geometry": {"type": "Polygon", "coordinates": [[[19.855576024232082, 50.044833505096875], [19.85687263065984, 50.04627570164527], [19.85946584351536, 50.04627570164527], [19.860762449943117, 50.044833505096875], [19.85946584351536, 50.043391265215725], [19.85687263065984, 50.043391265215725], [19.855576024232082, 50.044833505096875]]]}}, {"type": "Feature", "properties": {"count": 2, "mean_min": 46.56}, "geometry": {"type": "Polygon", "coordinates": [[[19.855576024232082, 49.989997923166456], [19.85687263065984, 49.99144176663057], [19.85946584351536, 49.99144176663057], [19.860762449943117, 49.989997923166456], [19.85946584351536, 49.98855403635494], [19.85687263065984, 49.98855403635494], [19.855576024232082, 49.989997923166456]]]}}, {"type": "Feature", "properties": {"count": 1, "mean_min": 40.09}, "geometry": {"type": "Polygon", "coordinates": [[[19.85946584351536, 50.10392803521233], [19.860762449943117, 50.10536845545427], [19.86335566279864, 50.10536845545427], [19.864652269226397, 50.10392803521233], [19.86335566279864, 50.10248757165366], [19.860762449943117, 50.10248757165366], [19.85946584351536, 50.10392803521233]]]}}, {"type": "Feature", "properties": {"count": 2, "mean_min": 21.36}, "geometry": {"type": "Polygon", "coordinates": [[[19.85946584351536, 50.10104706477786], [19.860762449943117, 50.10248757165366], [19.86335566279864, 50.10248757165366], [19.864652269226397, 50.10104706477786], [19.86335566279864, 50.09960651458456], [19.860762449943117, 50.09960651458456], [19.85946584351536, 50.10104706477786]]]}}, {"type": "Feature", "properties": {"count": 1, "mean_min": 10.89}, "geometry": {"type": "Polygon", "coordinates": [[[19.85946584351536, 50.0693449534859], [19.860762449943117, 50.07078641343742], [19.86335566279864, 50.07078641343742], [19.864652269226397, 50.0693449534859], [19.86335566279864, 50.06790345020828], [19.860762449943117, 50.06790345020828], [19.85946584351536, 50.0693449534859]]]}}, {"type": "Feature", "properties": {"count": 2, "mean_min": 11.1}, "geometry": {"type": "Polygon", "coordinates": [[[19.85946584351536, 50.06646190360415], [19.860762449943117, 50.06790345020828], [19.86335566279864, 50.06790345020828], [19.864652269226397, 50.06646190360415], [19.86335566279864, 50.06502031367313], [19.860762449943117, 50.06502031367313], [19.85946584351536, 50.06646190360415]]]}}, {"type": "Feature", "properties": {"count": 2, "mean_min": 45.39}, "geometry": {"type": "Polygon", "coordinates": [[[19.85946584351536, 50.05781171410096], [19.860762449943117, 50.0592535206723], [19.86335566279864, 50.0592535206723], [19.864652269226397, 50.05781171410096], [19.86335566279864, 50.0563698642004], [19.860762449943117, 50.0563698642004], [19.85946584351536, 50.05781171410096]]]}}, {"type": "Feature", "properties": {"count": 1, "mean_min": 12.08}, "geometry": {"type": "Polygon", "coordinates": [[[19.85946584351536, 50.04627570164527], [19.860762449943117, 50.04771785486135], [19.86335566279864, 50.04771785486135], [19.864652269226397, 50.04627570164527], [19.86335566279864, 50.044833505096875], [19.860762449943117, 50.044833505096875], [19.85946584351536, 50.04627570164527]]]}}, {"type": "Feature", "properties": {"count": 2, "mean_min": 28.99}, "geometry": {"type": "Polygon", "coordinates": [[[19.85946584351536, 49.977001381309954], [19.860762449943117, 49.97844561491457], [19.86335566279864, 49.97844561491457], [19.864652269226397, 49.977001381309954], [19.86335566279864, 49.975557104354465], [19.860762449943117, 49.975557104354465], [19.85946584351536, 49.977001381309954]]]}}, {"type": "Feature", "properties": {"count": 1, "mean_min": 10.48}, "geometry": {"type": "Polygon", "coordinates": [[[19.86335566279864, 50.08231653335615], [19.864652269226397, 50.08375760339018], [19.867245482081916, 50.08375760339018], [19.868542088509674, 50.08231653335615], [19.867245482081916, 50.080875419999515], [19.864652269226397, 50.080875419999515], [19.86335566279864, 50.08231653335615]]]}}, {"type": "Feature", "properties": {"count": 1, "mean_min": 8.74}, "geometry": {"type": "Polygon", "coordinates": [[[19.86335566279864, 50.0794342633199], [19.864652269226397, 50.080875419999515], [19.867245482081916, 50.080875419999515], [19.868542088509674, 50.0794342633199], [19.867245482081916, 50.07799306331688], [19.864652269226397, 50.07799306331688], [19.86335566279864, 50.0794342633199]]]}}, {"type": "Feature", "properties": {"count": 1, "mean_min": 9.07}, "geometry": {"type": "Polygon", "coordinates": [[[19.86335566279864, 50.06790345020828], [19.864652269226397, 50.0693449534859], [19.867245482081916, 50.0693449534859], [19.868542088509674, 50.06790345020828], [19.867245482081916, 50.06646190360415], [19.864652269226397, 50.06646190360415], [19.86335566279864, 50.06790345020828]]]}}, {"type": "Feature", "properties": {"count": 2, "mean_min": 11.21}, "geometry": {"type": "Polygon", "coordinates": [[[19.86335566279864, 50.06502031367313], [19.864652269226397, 50.06646190360415], [19.867245482081916, 50.06646190360415], [19.868542088509674, 50.06502031367313], [19.867245482081916, 50.06357868041482], [19.864652269226397, 50.06357868041482], [19.86335566279864, 50.06502031367313]]]}}, {"type": "Feature", "properties": {"count": 1, "mean_min": 33.65}, "geometry": {"type": "Polygon", "coordinates": [[[19.86335566279864, 50.039064285572046], [19.864652269226397, 50.040506655453704], [19.867245482081916, 50.040506655453704], [19.868542088509674, 50.039064285572046], [19.867245482081916, 50.03762187235612], [19.864652269226397, 50.03762187235612], [19.86335566279864, 50.039064285572046]]]}}, {"type": "Feature", "properties": {"count": 2, "mean_min": 17.91}, "geometry": {"type": "Polygon", "coordinates": [[[19.86335566279864, 50.03040915624867], [19.864652269226397, 50.03185178614182], [19.867245482081916, 50.03185178614182], [19.868542088509674, 50.03040915624867], [19.867245482081916, 50.02896648301891], [19.864652269226397, 50.02896648301891], [19.86335566279864, 50.03040915624867]]]}}, {"type": "Feature", "properties": {"count": 2, "mean_min": 46.59}, "geometry": {"type": "Polygon", "coordinates": [[[19.86335566279864, 49.989997923166456], [19.864652269226397, 49.99144176663057], [19.867245482081916, 49.99144176663057], [19.868542088509674, 49.989997923166456], [19.867245482081916, 49.98855403635494], [19.864652269226397, 49.98855403635494], [19.86335566279864, 49.989997923166456]]]}}, {"type": "Feature", "properties": {"count": 2, "mean_min": 17.54}, "geometry": {"type": "Polygon", "coordinates": [[[19.867245482081916, 50.09816592107334], [19.868542088509674, 50.09960651458456], [19.871135301365193, 50.09960651458456], [19.87243190779295, 50.09816592107334], [19.871135301365193, 50.09672528424383], [19.868542088509674, 50.09672528424383], [19.867245482081916, 50.09816592107334]]]}}, {"type": "Feature", "properties": {"count": 2, "mean_min": 9.59}, "geometry": {"type": "Polygon", "coordinates": [[[19.867245482081916, 50.080875419999515], [19.868542088509674, 50.08231653335615], [19.871135301365193, 50.08231653335615], [19.87243190779295, 50.080875419999515], [19.871135301365193, 50.0794342633199], [19.868542088509674, 50.0794342633199], [19.867245482081916, 50.080875419999515]]]}}, {"type": "Feature", "properties": {"count": 2, "mean_min": 15.05}, "geometry": {"type": "Polygon", "coordinates": [[[19.867245482081916, 50.06646190360415], [19.868542088509674, 50.06790345020828], [19.871135301365193, 50.06790345020828], [19.87243190779295, 50.06646190360415], [19.871135301365193, 50.06502031367313], [19.868542088509674, 50.06502031367313], [19.867245482081916, 50.06646190360415]]]}}, {"type": "Feature", "properties": {"count": 2, "mean_min": 21.96}, "geometry": {"type": "Polygon", "coordinates": [[[19.867245482081916, 50.0606952839148], [19.868542088509674, 50.06213700382884], [19.871135301365193, 50.06213700382884], [19.87243190779295, 50.0606952839148], [19.871135301365193, 50.0592535206723], [19.868542088509674, 50.0592535206723], [19.867245482081916, 50.0606952839148]]]}}, {"type": "Feature", "properties": {"count": 1, "mean_min": 60.13}, "geometry": {"type": "Polygon", "coordinates": [[[19.867245482081916, 50.05781171410096], [19.868542088509674, 50.0592535206723], [19.871135301365193, 50.0592535206723], [19.87243190779295, 50.05781171410096], [19.871135301365193, 50.0563698642004], [19.868542088509674, 50.0563698642004], [19.867245482081916, 50.05781171410096]]]}}, {"type": "Feature", "properties": {"count": 1, "mean_min": 59.89}, "geometry": {"type": "Polygon", "coordinates": [[[19.867245482081916, 50.052044054519406], [19.868542088509674, 50.053486034410014], [19.871135301365193, 50.053486034410014], [19.87243190779295, 50.052044054519406], [19.871135301365193, 50.05060203129803], [19.868542088509674, 50.05060203129803], [19.867245482081916, 50.052044054519406]]]}}, {"type": "Feature", "properties": {"count": 1, "mean_min": 8.93}, "geometry": {"type": "Polygon", "coordinates": [[[19.867245482081916, 50.04627570164527], [19.868542088509674, 50.04771785486135], [19.871135301365193, 50.04771785486135], [19.87243190779295, 50.04627570164527], [19.871135301365193, 50.044833505096875], [19.868542088509674, 50.044833505096875], [19.867245482081916, 50.04627570164527]]]}}, {"type": "Feature", "properties": {"count": 2, "mean_min": 14.12}, "geometry": {"type": "Polygon", "coordinates": [[[19.867245482081916, 50.002990953882964], [19.868542088509674, 50.00443440723772], [19.871135301365193, 50.00443440723772], [19.87243190779295, 50.002990953882964], [19.871135301365193, 50.001547457184266], [19.868542088509674, 50.001547457184266], [19.867245482081916, 50.002990953882964]]]}}, {"type": "Feature", "properties": {"count": 2, "mean_min": 48.24}, "geometry": {"type": "Polygon", "coordinates": [[[19.867245482081916, 49.98855403635494], [19.868542088509674, 49.989997923166456], [19.871135301365193, 49.989997923166456], [19.87243190779295, 49.98855403635494], [19.871135301365193, 49.98711010619562], [19.868542088509674, 49.98711010619562], [19.867245482081916, 49.98855403635494]]]}}, {"type": "Feature", "properties": {"count": 1, "mean_min": 23.1}, "geometry": {"type": "Polygon", "coordinates": [[[19.871135301365193, 50.111129703262556], [19.87243190779295, 50.11256990692672], [19.875025120648473, 50.11256990692672], [19.876321727076228, 50.111129703262556], [19.875025120648473, 50.10968945628362], [19.87243190779295, 50.10968945628362], [19.871135301365193, 50.111129703262556]]]}}, {"type": "Feature", "properties": {"count": 1, "mean_min": 15.87}, "geometry": {"type": "Polygon", "coordinates": [[[19.871135301365193, 50.09672528424383], [19.87243190779295, 50.09816592107334], [19.875025120648473, 50.09816592107334], [19.876321727076228, 50.09672528424383], [19.875025120648473, 50.09528460409563], [19.87243190779295, 50.09528460409563], [19.871135301365193, 50.09672528424383]]]}}, {"type": "Feature", "properties": {"count": 1, "mean_min": 18.85}, "geometry": {"type": "Polygon", "coordinates": [[[19.871135301365193, 50.09384388062835], [19.87243190779295, 50.09528460409563], [19.875025120648473, 50.09528460409563], [19.876321727076228, 50.09384388062835], [19.875025120648473, 50.092403113841584], [19.87243190779295, 50.092403113841584], [19.871135301365193, 50.09384388062835]]]}}, {"type": "Feature", "properties": {"count": 1, "mean_min": 9.1}, "geometry": {"type": "Polygon", "coordinates": [[[19.871135301365193, 50.08231653335615], [19.87243190779295, 50.08375760339018], [19.875025120648473, 50.08375760339018], [19.876321727076228, 50.08231653335615], [19.875025120648473, 50.080875419999515], [19.87243190779295, 50.080875419999515], [19.871135301365193, 50.08231653335615]]]}}, {"type": "Feature", "properties": {"count": 1, "mean_min": 59.95}, "geometry": {"type": "Polygon", "coordinates": [[[19.871135301365193, 50.04771785486135], [19.87243190779295, 50.04915996474547], [19.875025120648473, 50.04915996474547], [19.876321727076228, 50.04771785486135], [19.875025120648473, 50.04627570164527], [19.87243190779295, 50.04627570164527], [19.871135301365193, 50.04771785486135]]]}}, {"type": "Feature", "properties": {"count": 1, "mean_min": 9.61}, "geometry": {"type": "Polygon", "coordinates": [[[19.871135301365193, 50.044833505096875], [19.87243190779295, 50.04627570164527], [19.875025120648473, 50.04627570164527], [19.876321727076228, 50.044833505096875], [19.875025120648473, 50.043391265215725], [19.87243190779295, 50.043391265215725], [19.871135301365193, 50.044833505096875]]]}}, {"type": "Feature", "properties": {"count": 1, "mean_min": 15.92}, "geometry": {"type": "Polygon", "coordinates": [[[19.871135301365193, 50.033294372698755], [19.87243190779295, 50.03473691591986], [19.875025120648473, 50.03473691591986], [19.876321727076228, 50.033294372698755], [19.875025120648473, 50.03185178614182], [19.87243190779295, 50.03185178614182], [19.871135301365193, 50.033294372698755]]]}}, {"type": "Feature", "properties": {"count": 2, "mean_min": 14.74}, "geometry": {"type": "Polygon", "coordinates": [[[19.871135301365193, 50.00732118391694], [19.87243190779295, 50.008764507242184], [19.875025120648473, 50.008764507242184], [19.876321727076228, 50.00732118391694], [19.875025120648473, 50.00587781724892], [19.87243190779295, 50.00587781724892], [19.871135301365193, 50.00732118391694]]]}}, {"type": "Feature", "properties": {"count": 3, "mean_min": 25.27}, "geometry": {"type": "Polygon", "coordinates": [[[19.871135301365193, 49.981333952072745], [19.87243190779295, 49.98277805562707], [19.875025120648473, 49.98277805562707], [19.876321727076228, 49.981333952072745], [19.875025120648473, 49.9798898051687], [19.87243190779295, 49.9798898051687], [19.871135301365193, 49.981333952072745]]]}}, {"type": "Feature", "properties": {"count": 2, "mean_min": 40.2}, "geometry": {"type": "Polygon", "coordinates": [[[19.875025120648473, 50.10968945628362], [19.876321727076228, 50.111129703262556], [19.878914939931747, 50.111129703262556], [19.880211546359504, 50.10968945628362], [19.878914939931747, 50.10824916598952], [19.876321727076228, 50.10824916598952], [19.875025120648473, 50.10968945628362]]]}}, {"type": "Feature", "properties": {"count": 1, "mean_min": 8.73}, "geometry": {"type": "Polygon", "coordinates": [[[19.875025120648473, 50.080875419999515], [19.876321727076228, 50.08231653335615], [19.878914939931747, 50.08231653335615], [19.880211546359504, 50.080875419999515], [19.878914939931747, 50.0794342633199], [19.876321727076228, 50.0794342633199], [19.875025120648473, 50.080875419999515]]]}}, {"type": "Feature", "properties": {"count": 2, "mean_min": 8.24}, "geometry": {"type": "Polygon", "coordinates": [[[19.875025120648473, 50.06646190360415], [19.876321727076228, 50.06790345020828], [19.878914939931747, 50.06790345020828], [19.880211546359504, 50.06646190360415], [19.878914939931747, 50.06502031367313], [19.876321727076228, 50.06502031367313], [19.875025120648473, 50.06646190360415]]]}}, {"type": "Feature", "properties": {"count": 1, "mean_min": 19.22}, "geometry": {"type": "Polygon", "coordinates": [[[19.875025120648473, 50.03473691591986], [19.876321727076228, 50.03617941580551], [19.878914939931747, 50.03617941580551], [19.880211546359504, 50.03473691591986], [19.878914939931747, 50.033294372698755], [19.876321727076228, 50.033294372698755], [19.875025120648473, 50.03473691591986]]]}}, {"type": "Feature", "properties": {"count": 2, "mean_min": 32.79}, "geometry": {"type": "Polygon", "coordinates": [[[19.875025120648473, 49.98277805562707], [19.876321727076228, 49.984222115832075], [19.878914939931747, 49.984222115832075], [19.880211546359504, 49.98277805562707], [19.878914939931747, 49.981333952072745], [19.876321727076228, 49.981333952072745], [19.875025120648473, 49.98277805562707]]]}}, {"type": "Feature", "properties": {"count": 2, "mean_min": 39.86}, "geometry": {"type": "Polygon", "coordinates": [[[19.878914939931747, 50.10536845545427], [19.880211546359504, 50.10680883237986], [19.882804759215023, 50.10680883237986], [19.88410136564278, 50.10536845545427], [19.882804759215023, 50.10392803521233], [19.880211546359504, 50.10392803521233], [19.878914939931747, 50.10536845545427]]]}}, {"type": "Feature", "properties": {"count": 1, "mean_min": 40.76}, "geometry": {"type": "Polygon", "coordinates": [[[19.878914939931747, 50.09672528424383], [19.880211546359504, 50.09816592107334], [19.882804759215023, 50.09816592107334], [19.88410136564278, 50.09672528424383], [19.882804759215023, 50.09528460409563], [19.880211546359504, 50.09528460409563], [19.878914939931747, 50.09672528424383]]]}}, {"type": "Feature", "properties": {"count": 2, "mean_min": 40.28}, "geometry": {"type": "Polygon", "coordinates": [[[19.878914939931747, 50.09384388062835], [19.880211546359504, 50.09528460409563], [19.882804759215023, 50.09528460409563], [19.88410136564278, 50.09384388062835], [19.882804759215023, 50.092403113841584], [19.880211546359504, 50.092403113841584], [19.878914939931747, 50.09384388062835]]]}}, {"type": "Feature", "properties": {"count": 1, "mean_min": 12.13}, "geometry": {"type": "Polygon", "coordinates": [[[19.878914939931747, 50.09096230373497], [19.880211546359504, 50.092403113841584], [19.882804759215023, 50.092403113841584], [19.88410136564278, 50.09096230373497], [19.882804759215023, 50.08952145030809], [19.880211546359504, 50.08952145030809], [19.878914939931747, 50.09096230373497]]]}}, {"type": "Feature", "properties": {"count": 4, "mean_min": 15.16}, "geometry": {"type": "Polygon", "coordinates": [[[19.878914939931747, 50.08231653335615], [19.880211546359504, 50.08375760339018], [19.882804759215023, 50.08375760339018], [19.88410136564278, 50.08231653335615], [19.882804759215023, 50.080875419999515], [19.880211546359504, 50.080875419999515], [19.878914939931747, 50.08231653335615]]]}}, {"type": "Feature", "properties": {"count": 1, "mean_min": 8.44}, "geometry": {"type": "Polygon", "coordinates": [[[19.878914939931747, 50.06502031367313], [19.880211546359504, 50.06646190360415], [19.882804759215023, 50.06646190360415], [19.88410136564278, 50.06502031367313], [19.882804759215023, 50.06357868041482], [19.880211546359504, 50.06357868041482], [19.878914939931747, 50.06502031367313]]]}}, {"type": "Feature", "properties": {"count": 2, "mean_min": 8.69}, "geometry": {"type": "Polygon", "coordinates": [[[19.878914939931747, 50.04771785486135], [19.880211546359504, 50.04915996474547], [19.882804759215023, 50.04915996474547], [19.88410136564278, 50.04771785486135], [19.882804759215023, 50.04627570164527], [19.880211546359504, 50.04627570164527], [19.878914939931747, 50.04771785486135]]]}}, {"type": "Feature", "properties": {"count": 1, "mean_min": 9.12}, "geometry": {"type": "Polygon", "coordinates": [[[19.878914939931747, 50.01309421716502], [19.880211546359504, 50.01453736712296], [19.882804759215023, 50.01453736712296], [19.88410136564278, 50.01309421716502], [19.882804759215023, 50.01165102386583], [19.880211546359504, 50.01165102386583], [19.878914939931747, 50.01309421716502]]]}}, {"type": "Feature", "properties": {"count": 3, "mean_min": 12.34}, "geometry": {"type": "Polygon", "coordinates": [[[19.878914939931747, 50.00732118391694], [19.880211546359504, 50.008764507242184], [19.882804759215023, 50.008764507242184], [19.88410136564278, 50.00732118391694], [19.882804759215023, 50.00587781724892], [19.880211546359504, 50.00587781724892], [19.878914939931747, 50.00732118391694]]]}}, {"type": "Feature", "properties": {"count": 2, "mean_min": 40.15}, "geometry": {"type": "Polygon", "coordinates": [[[19.88280475921502, 50.10968945628362], [19.884101365642778, 50.111129703262556], [19.8866945784983, 50.111129703262556], [19.887991184926058, 50.10968945628362], [19.8866945784983, 50.10824916598952], [19.884101365642778, 50.10824916598952], [19.88280475921502, 50.10968945628362]]]}}, {"type": "Feature", "properties": {"count": 2, "mean_min": 39.61}, "geometry": {"type": "Polygon", "coordinates": [[[19.88280475921502, 50.10104706477786], [19.884101365642778, 50.10248757165366], [19.8866945784983, 50.10248757165366], [19.887991184926058, 50.10104706477786], [19.8866945784983, 50.09960651458456], [19.884101365642778, 50.09960651458456], [19.88280475921502, 50.10104706477786]]]}}, {"type": "Feature", "properties": {"count": 1, "mean_min": 39.91}, "geometry": {"type": "Polygon", "coordinates": [[[19.88280475921502, 50.09816592107334], [19.884101365642778, 50.09960651458456], [19.8866945784983, 50.09960651458456], [19.887991184926058, 50.09816592107334], [19.8866945784983, 50.09672528424383], [19.884101365642778, 50.09672528424383], [19.88280475921502, 50.09816592107334]]]}}, {"type": "Feature", "properties": {"count": 1, "mean_min": 10.28}, "geometry": {"type": "Polygon", "coordinates": [[[19.88280475921502, 50.08952145030809], [19.884101365642778, 50.09096230373497], [19.8866945784983, 50.09096230373497], [19.887991184926058, 50.08952145030809], [19.8866945784983, 50.08808055356056], [19.884101365642778, 50.08808055356056], [19.88280475921502, 50.08952145030809]]]}}, {"type": "Feature", "properties": {"count": 1, "mean_min": 19.53}, "geometry": {"type": "Polygon", "coordinates": [[[19.88280475921502, 50.075110533339156], [19.884101365642778, 50.0765518199901], [19.8866945784983, 50.0765518199901], [19.887991184926058, 50.075110533339156], [19.8866945784983, 50.07366920336365], [19.884101365642778, 50.07366920336365], [19.88280475921502, 50.075110533339156]]]}}, {"type": "Feature", "properties": {"count": 1, "mean_min": 6.53}, "geometry": {"type": "Polygon", "coordinates": [[[19.88280475921502, 50.06357868041482], [19.884101365642778, 50.06502031367313], [19.8866945784983, 50.06502031367313], [19.887991184926058, 50.06357868041482], [19.8866945784983, 50.06213700382884], [19.884101365642778, 50.06213700382884], [19.88280475921502, 50.06357868041482]]]}}, {"type": "Feature", "properties": {"count": 2, "mean_min": 19.63}, "geometry": {"type": "Polygon", "coordinates": [[[19.88280475921502, 50.03473691591986], [19.884101365642778, 50.03617941580551], [19.8866945784983, 50.03617941580551], [19.887991184926058, 50.03473691591986], [19.8866945784983, 50.033294372698755], [19.884101365642778, 50.033294372698755], [19.88280475921502, 50.03473691591986]]]}}, {"type": "Feature", "properties": {"count": 1, "mean_min": 7.14}, "geometry": {"type": "Polygon", "coordinates": [[[19.88280475921502, 50.01165102386583], [19.884101365642778, 50.01309421716502], [19.8866945784983, 50.01309421716502], [19.887991184926058, 50.01165102386583], [19.8866945784983, 50.010207787225006], [19.884101365642778, 50.010207787225006], [19.88280475921502, 50.01165102386583]]]}}, {"type": "Feature", "properties": {"count": 2, "mean_min": 32.98}, "geometry": {"type": "Polygon", "coordinates": [[[19.88280475921502, 49.98277805562707], [19.884101365642778, 49.984222115832075], [19.8866945784983, 49.984222115832075], [19.887991184926058, 49.98277805562707], [19.8866945784983, 49.981333952072745], [19.884101365642778, 49.981333952072745], [19.88280475921502, 49.98277805562707]]]}}, {"type": "Feature", "properties": {"count": 2, "mean_min": 11.89}, "geometry": {"type": "Polygon", "coordinates": [[[19.8866945784983, 50.09960651458456], [19.887991184926058, 50.10104706477786], [19.890584397781577, 50.10104706477786], [19.89188100420933, 50.09960651458456], [19.890584397781577, 50.09816592107334], [19.887991184926058, 50.09816592107334], [19.8866945784983, 50.09960651458456]]]}}, {"type": "Feature", "properties": {"count": 1, "mean_min": 10.28}, "geometry": {"type": "Polygon", "coordinates": [[[19.8866945784983, 50.08808055356056], [19.887991184926058, 50.08952145030809], [19.890584397781577, 50.08952145030809], [19.89188100420933, 50.08808055356056], [19.890584397781577, 50.086639613492], [19.887991184926058, 50.086639613492], [19.8866945784983, 50.08808055356056]]]}}, {"type": "Feature", "properties": {"count": 5, "mean_min": 10.93}, "geometry": {"type": "Polygon", "coordinates": [[[19.8866945784983, 50.08231653335615], [19.887991184926058, 50.08375760339018], [19.890584397781577, 50.08375760339018], [19.89188100420933, 50.08231653335615], [19.890584397781577, 50.080875419999515], [19.887991184926058, 50.080875419999515], [19.8866945784983, 50.08231653335615]]]}}, {"type": "Feature", "properties": {"count": 2, "mean_min": 14.93}, "geometry": {"type": "Polygon", "coordinates": [[[19.8866945784983, 50.0765518199901], [19.887991184926058, 50.07799306331688], [19.890584397781577, 50.07799306331688], [19.89188100420933, 50.0765518199901], [19.890584397781577, 50.075110533339156], [19.887991184926058, 50.075110533339156], [19.8866945784983, 50.0765518199901]]]}}, {"type": "Feature", "properties": {"count": 1, "mean_min": 9.56}, "geometry": {"type": "Polygon", "coordinates": [[[19.8866945784983, 50.07078641343742], [19.887991184926058, 50.0722278300632], [19.890584397781577, 50.0722278300632], [19.89188100420933, 50.07078641343742], [19.890584397781577, 50.0693449534859], [19.887991184926058, 50.0693449534859], [19.8866945784983, 50.07078641343742]]]}}, {"type": "Feature", "properties": {"count": 2, "mean_min": 6.82}, "geometry": {"type": "Polygon", "coordinates": [[[19.8866945784983, 50.06213700382884], [19.887991184926058, 50.06357868041482], [19.890584397781577, 50.06357868041482], [19.89188100420933, 50.06213700382884], [19.890584397781577, 50.0606952839148], [19.887991184926058, 50.0606952839148], [19.8866945784983, 50.06213700382884]]]}}, {"type": "Feature", "properties": {"count": 2, "mean_min": 8.81}, "geometry": {"type": "Polygon", "coordinates": [[[19.8866945784983, 50.04771785486135], [19.887991184926058, 50.04915996474547], [19.890584397781577, 50.04915996474547], [19.89188100420933, 50.04771785486135], [19.890584397781577, 50.04627570164527], [19.887991184926058, 50.04627570164527], [19.8866945784983, 50.04771785486135]]]}}, {"type": "Feature", "properties": {"count": 2, "mean_min": 19.54}, "geometry": {"type": "Polygon", "coordinates": [[[19.8866945784983, 50.018866556953185], [19.887991184926058, 50.020309533550005], [19.890584397781577, 50.020309533550005], [19.89188100420933, 50.018866556953185], [19.890584397781577, 50.01742353701666], [19.887991184926058, 50.01742353701666], [19.8866945784983, 50.018866556953185]]]}}, {"type": "Feature", "properties": {"count": 1, "mean_min": 14.97}, "geometry": {"type": "Polygon", "coordinates": [[[19.8866945784983, 50.01598047374004], [19.887991184926058, 50.01742353701666], [19.890584397781577, 50.01742353701666], [19.89188100420933, 50.01598047374004], [19.890584397781577, 50.01453736712296], [19.887991184926058, 50.01453736712296], [19.8866945784983, 50.01598047374004]]]}}, {"type": "Feature", "properties": {"count": 1, "mean_min": 14.95}, "geometry": {"type": "Polygon", "coordinates": [[[19.8866945784983, 50.00732118391694], [19.887991184926058, 50.008764507242184], [19.890584397781577, 50.008764507242184], [19.89188100420933, 50.00732118391694], [19.890584397781577, 50.00587781724892], [19.887991184926058, 50.00587781724892], [19.8866945784983, 50.00732118391694]]]}}, {"type": "Feature", "properties": {"count": 1, "mean_min": 25.45}, "geometry": {"type": "Polygon", "coordinates": [[[19.8866945784983, 49.984222115832075], [19.887991184926058, 49.98566613268813], [19.890584397781577, 49.98566613268813], [19.89188100420933, 49.984222115832075], [19.890584397781577, 49.98277805562707], [19.887991184926058, 49.98277805562707], [19.8866945784983, 49.984222115832075]]]}}, {"type": "Feature", "properties": {"count": 2, "mean_min": 40.05}, "geometry": {"type": "Polygon", "coordinates": [[[19.890584397781577, 50.11256990692672], [19.89188100420933, 50.114010067276524], [19.89447421706485, 50.114010067276524], [19.895770823492608, 50.11256990692672], [19.89447421706485, 50.111129703262556], [19.89188100420933, 50.111129703262556], [19.890584397781577, 50.11256990692672]]]}}, {"type": "Feature", "properties": {"count": 1, "mean_min": 30.36}, "geometry": {"type": "Polygon", "coordinates": [[[19.890584397781577, 50.09816592107334], [19.89188100420933, 50.09960651458456], [19.89447421706485, 50.09960651458456], [19.895770823492608, 50.09816592107334], [19.89447421706485, 50.09672528424383], [19.89188100420933, 50.09672528424383], [19.890584397781577, 50.09816592107334]]]}}, {"type": "Feature", "properties": {"count": 2, "mean_min": 5.99}, "geometry": {"type": "Polygon", "coordinates": [[[19.890584397781577, 50.09528460409563], [19.89188100420933, 50.09672528424383], [19.89447421706485, 50.09672528424383], [19.895770823492608, 50.09528460409563], [19.89447421706485, 50.09384388062835], [19.89188100420933, 50.09384388062835], [19.890584397781577, 50.09528460409563]]]}}, {"type": "Feature", "properties": {"count": 1, "mean_min": 5.51}, "geometry": {"type": "Polygon", "coordinates": [[[19.890584397781577, 50.08952145030809], [19.89188100420933, 50.09096230373497], [19.89447421706485, 50.09096230373497], [19.895770823492608, 50.08952145030809], [19.89447421706485, 50.08808055356056], [19.89188100420933, 50.08808055356056], [19.890584397781577, 50.08952145030809]]]}}, {"type": "Feature", "properties": {"count": 2, "mean_min": 6.43}, "geometry": {"type": "Polygon", "coordinates": [[[19.890584397781577, 50.086639613492], [19.89188100420933, 50.08808055356056], [19.89447421706485, 50.08808055356056], [19.895770823492608, 50.086639613492], [19.89447421706485, 50.085198630102], [19.89188100420933, 50.085198630102], [19.890584397781577, 50.086639613492]]]}}, {"type": "Feature", "properties": {"count": 1, "mean_min": 6.65}, "geometry": {"type": "Polygon", "coordinates": [[[19.890584397781577, 50.080875419999515], [19.89188100420933, 50.08231653335615], [19.89447421706485, 50.08231653335615], [19.895770823492608, 50.080875419999515], [19.89447421706485, 50.0794342633199], [19.89188100420933, 50.0794342633199], [19.890584397781577, 50.080875419999515]]]}}, {"type": "Feature", "properties": {"count": 1, "mean_min": 9.86}, "geometry": {"type": "Polygon", "coordinates": [[[19.890584397781577, 50.0722278300632], [19.89188100420933, 50.07366920336365], [19.89447421706485, 50.07366920336365], [19.895770823492608, 50.0722278300632], [19.89447421706485, 50.07078641343742], [19.89188100420933, 50.07078641343742], [19.890584397781577, 50.0722278300632]]]}}, {"type": "Feature", "properties": {"count": 3, "mean_min": 6.08}, "geometry": {"type": "Polygon", "coordinates": [[[19.890584397781577, 50.0606952839148], [19.89188100420933, 50.06213700382884], [19.89447421706485, 50.06213700382884], [19.895770823492608, 50.0606952839148], [19.89447421706485, 50.0592535206723], [19.89188100420933, 50.0592535206723], [19.890584397781577, 50.0606952839148]]]}}, {"type": "Feature", "properties": {"count": 1, "mean_min": 20.08}, "geometry": {"type": "Polygon", "coordinates": [[[19.890584397781577, 50.03762187235612], [19.89188100420933, 50.039064285572046], [19.89447421706485, 50.039064285572046], [19.895770823492608, 50.03762187235612], [19.89447421706485, 50.03617941580551], [19.89188100420933, 50.03617941580551], [19.890584397781577, 50.03762187235612]]]}}, {"type": "Feature", "properties": {"count": 1, "mean_min": 13.57}, "geometry": {"type": "Polygon", "coordinates": [[[19.890584397781577, 50.00587781724892], [19.89188100420933, 50.00732118391694], [19.89447421706485, 50.00732118391694], [19.895770823492608, 50.00587781724892], [19.89447421706485, 50.00443440723772], [19.89188100420933, 50.00443440723772], [19.890584397781577, 50.00587781724892]]]}}, {"type": "Feature", "properties": {"count": 1, "mean_min": 14.7}, "geometry": {"type": "Polygon", "coordinates": [[[19.89447421706485, 50.114010067276524], [19.895770823492608, 50.11545018431234], [19.89836403634813, 50.11545018431234], [19.89966064277589, 50.114010067276524], [19.89836403634813, 50.11256990692672], [19.895770823492608, 50.11256990692672], [19.89447421706485, 50.114010067276524]]]}}, {"type": "Feature", "properties": {"count": 3, "mean_min": 30.3}, "geometry": {"type": "Polygon", "coordinates": [[[19.89447421706485, 50.09384388062835], [19.895770823492608, 50.09528460409563], [19.89836403634813, 50.09528460409563], [19.89966064277589, 50.09384388062835], [19.89836403634813, 50.092403113841584], [19.895770823492608, 50.092403113841584], [19.89447421706485, 50.09384388062835]]]}}, {"type": "Feature", "properties": {"count": 1, "mean_min": 9.81}, "geometry": {"type": "Polygon", "coordinates": [[[19.89447421706485, 50.08808055356056], [19.895770823492608, 50.08952145030809], [19.89836403634813, 50.08952145030809], [19.89966064277589, 50.08808055356056], [19.89836403634813, 50.086639613492], [19.895770823492608, 50.086639613492], [19.89447421706485, 50.08808055356056]]]}}, {"type": "Feature", "properties": {"count": 1, "mean_min": 29.23}, "geometry": {"type": "Polygon", "coordinates": [[[19.89447421706485, 50.085198630102], [19.895770823492608, 50.086639613492], [19.89836403634813, 50.086639613492], [19.89966064277589, 50.085198630102], [19.89836403634813, 50.08375760339018], [19.895770823492608, 50.08375760339018], [19.89447421706485, 50.085198630102]]]}}, {"type": "Feature", "properties": {"count": 2, "mean_min": 3.65}, "geometry": {"type": "Polygon", "coordinates": [[[19.89447421706485, 50.0794342633199], [19.895770823492608, 50.080875419999515], [19.89836403634813, 50.080875419999515], [19.89966064277589, 50.0794342633199], [19.89836403634813, 50.07799306331688], [19.895770823492608, 50.07799306331688], [19.89447421706485, 50.0794342633199]]]}}, {"type": "Feature", "properties": {"count": 2, "mean_min": 8.07}, "geometry": {"type": "Polygon", "coordinates": [[[19.89447421706485, 50.07078641343742], [19.895770823492608, 50.0722278300632], [19.89836403634813, 50.0722278300632], [19.89966064277589, 50.07078641343742], [19.89836403634813, 50.0693449534859], [19.895770823492608, 50.0693449534859], [19.89447421706485, 50.07078641343742]]]}}, {"type": "Feature", "properties": {"count": 1, "mean_min": 6.15}, "geometry": {"type": "Polygon", "coordinates": [[[19.89447421706485, 50.0592535206723], [19.895770823492608, 50.0606952839148], [19.89836403634813, 50.0606952839148], [19.89966064277589, 50.0592535206723], [19.89836403634813, 50.05781171410096], [19.895770823492608, 50.05781171410096], [19.89447421706485, 50.0592535206723]]]}}, {"type": "Feature", "properties": {"count": 2, "mean_min": 9.11}, "geometry": {"type": "Polygon", "coordinates": [[[19.89447421706485, 50.04771785486135], [19.895770823492608, 50.04915996474547], [19.89836403634813, 50.04915996474547], [19.89966064277589, 50.04771785486135], [19.89836403634813, 50.04627570164527], [19.895770823492608, 50.04627570164527], [19.89447421706485, 50.04771785486135]]]}}, {"type": "Feature", "properties": {"count": 1, "mean_min": 20.04}, "geometry": {"type": "Polygon", "coordinates": [[[19.89447421706485, 50.039064285572046], [19.895770823492608, 50.040506655453704], [19.89836403634813, 50.040506655453704], [19.89966064277589, 50.039064285572046], [19.89836403634813, 50.03762187235612], [19.895770823492608, 50.03762187235612], [19.89447421706485, 50.039064285572046]]]}}, {"type": "Feature", "properties": {"count": 1, "mean_min": 19.47}, "geometry": {"type": "Polygon", "coordinates": [[[19.89447421706485, 50.03617941580551], [19.895770823492608, 50.03762187235612], [19.89836403634813, 50.03762187235612], [19.89966064277589, 50.03617941580551], [19.89836403634813, 50.03473691591986], [19.895770823492608, 50.03473691591986], [19.89447421706485, 50.03617941580551]]]}}, {"type": "Feature", "properties": {"count": 2, "mean_min": 2.98}, "geometry": {"type": "Polygon", "coordinates": [[[19.89447421706485, 50.02175246680752], [19.895770823492608, 50.0231953567261], [19.89836403634813, 50.0231953567261], [19.89966064277589, 50.02175246680752], [19.89836403634813, 50.020309533550005], [19.895770823492608, 50.020309533550005], [19.89447421706485, 50.02175246680752]]]}}, {"type": "Feature", "properties": {"count": 1, "mean_min": 17.97}, "geometry": {"type": "Polygon", "coordinates": [[[19.89447421706485, 50.010207787225006], [19.895770823492608, 50.01165102386583], [19.89836403634813, 50.01165102386583], [19.89966064277589, 50.010207787225006], [19.89836403634813, 50.008764507242184], [19.895770823492608, 50.008764507242184], [19.89447421706485, 50.010207787225006]]]}}, {"type": "Feature", "properties": {"count": 2, "mean_min": 6.7}, "geometry": {"type": "Polygon", "coordinates": [[[19.89447421706485, 50.00732118391694], [19.895770823492608, 50.008764507242184], [19.89836403634813, 50.008764507242184], [19.89966064277589, 50.00732118391694], [19.89836403634813, 50.00587781724892], [19.895770823492608, 50.00587781724892], [19.89447421706485, 50.00732118391694]]]}}, {"type": "Feature", "properties": {"count": 1, "mean_min": 6.0}, "geometry": {"type": "Polygon", "coordinates": [[[19.89447421706485, 49.99866033375349], [19.895770823492608, 50.00010391714123], [19.89836403634813, 50.00010391714123], [19.89966064277589, 49.99866033375349], [19.89836403634813, 49.99721670702065], [19.895770823492608, 49.99721670702065], [19.89447421706485, 49.99866033375349]]]}}, {"type": "Feature", "properties": {"count": 1, "mean_min": 31.67}, "geometry": {"type": "Polygon", "coordinates": [[[19.89447421706485, 49.984222115832075], [19.895770823492608, 49.98566613268813], [19.89836403634813, 49.98566613268813], [19.89966064277589, 49.984222115832075], [19.89836403634813, 49.98277805562707], [19.895770823492608, 49.98277805562707], [19.89447421706485, 49.984222115832075]]]}}, {"type": "Feature", "properties": {"count": 2, "mean_min": 29.85}, "geometry": {"type": "Polygon", "coordinates": [[[19.89836403634813, 50.124089976955574], [19.89966064277589, 50.12552979080451], [19.902253855631407, 50.12552979080451], [19.903550462059165, 50.124089976955574], [19.902253855631407, 50.12265011979541], [19.89966064277589, 50.12265011979541], [19.89836403634813, 50.124089976955574]]]}}, {"type": "Feature", "properties": {"count": 2, "mean_min": 30.53}, "geometry": {"type": "Polygon", "coordinates": [[[19.89836403634813, 50.11545018431234], [19.89966064277589, 50.11689025803456], [19.902253855631407, 50.11689025803456], [19.903550462059165, 50.11545018431234], [19.902253855631407, 50.114010067276524], [19.89966064277589, 50.114010067276524], [19.89836403634813, 50.11545018431234]]]}}, {"type": "Feature", "properties": {"count": 1, "mean_min": 15.62}, "geometry": {"type": "Polygon", "coordinates": [[[19.89836403634813, 50.11256990692672], [19.89966064277589, 50.114010067276524], [19.902253855631407, 50.114010067276524], [19.903550462059165, 50.11256990692672], [19.902253855631407, 50.111129703262556], [19.89966064277589, 50.111129703262556], [19.89836403634813, 50.11256990692672]]]}}, {"type": "Feature", "properties": {"count": 1, "mean_min": 14.88}, "geometry": {"type": "Polygon", "coordinates": [[[19.89836403634813, 50.092403113841584], [19.89966064277589, 50.09384388062835], [19.902253855631407, 50.09384388062835], [19.903550462059165, 50.092403113841584], [19.902253855631407, 50.09096230373497], [19.89966064277589, 50.09096230373497], [19.89836403634813, 50.092403113841584]]]}}, {"type": "Feature", "properties": {"count": 1, "mean_min": 5.54}, "geometry": {"type": "Polygon", "coordinates": [[[19.89836403634813, 50.08952145030809], [19.89966064277589, 50.09096230373497], [19.902253855631407, 50.09096230373497], [19.903550462059165, 50.08952145030809], [19.902253855631407, 50.08808055356056], [19.89966064277589, 50.08808055356056], [19.89836403634813, 50.08952145030809]]]}}, {"type": "Feature", "properties": {"count": 1, "mean_min": 29.86}, "geometry": {"type": "Polygon", "coordinates": [[[19.89836403634813, 50.08375760339018], [19.89966064277589, 50.085198630102], [19.902253855631407, 50.085198630102], [19.903550462059165, 50.08375760339018], [19.902253855631407, 50.08231653335615], [19.89966064277589, 50.08231653335615], [19.89836403634813, 50.08375760339018]]]}}, {"type": "Feature", "properties": {"count": 2, "mean_min": 3.86}, "geometry": {"type": "Polygon", "coordinates": [[[19.89836403634813, 50.07799306331688], [19.89966064277589, 50.0794342633199], [19.902253855631407, 50.0794342633199], [19.903550462059165, 50.07799306331688], [19.902253855631407, 50.0765518199901], [19.89966064277589, 50.0765518199901], [19.89836403634813, 50.07799306331688]]]}}, {"type": "Feature", "properties": {"count": 1, "mean_min": 30.05}, "geometry": {"type": "Polygon", "coordinates": [[[19.89836403634813, 50.06357868041482], [19.89966064277589, 50.06502031367313], [19.902253855631407, 50.06502031367313], [19.903550462059165, 50.06357868041482], [19.902253855631407, 50.06213700382884], [19.89966064277589, 50.06213700382884], [19.89836403634813, 50.06357868041482]]]}}, {"type": "Feature", "properties": {"count": 1, "mean_min": 5.4}, "geometry": {"type": "Polygon", "coordinates": [[[19.89836403634813, 50.05781171410096], [19.89966064277589, 50.0592535206723], [19.902253855631407, 50.0592535206723], [19.903550462059165, 50.05781171410096], [19.902253855631407, 50.0563698642004], [19.89966064277589, 50.0563698642004], [19.89836403634813, 50.05781171410096]]]}}, {"type": "Feature", "properties": {"count": 1, "mean_min": 8.79}, "geometry": {"type": "Polygon", "coordinates": [[[19.89836403634813, 50.04915996474547], [19.89966064277589, 50.05060203129803], [19.902253855631407, 50.05060203129803], [19.903550462059165, 50.04915996474547], [19.902253855631407, 50.04771785486135], [19.89966064277589, 50.04771785486135], [19.89836403634813, 50.04915996474547]]]}}, {"type": "Feature", "properties": {"count": 1, "mean_min": 19.62}, "geometry": {"type": "Polygon", "coordinates": [[[19.89836403634813, 50.03762187235612], [19.89966064277589, 50.039064285572046], [19.902253855631407, 50.039064285572046], [19.903550462059165, 50.03762187235612], [19.902253855631407, 50.03617941580551], [19.89966064277589, 50.03617941580551], [19.89836403634813, 50.03762187235612]]]}}, {"type": "Feature", "properties": {"count": 1, "mean_min": 2.98}, "geometry": {"type": "Polygon", "coordinates": [[[19.89836403634813, 50.02608100654804], [19.89966064277589, 50.02752376645217], [19.902253855631407, 50.02752376645217], [19.903550462059165, 50.02608100654804], [19.902253855631407, 50.02463820330614], [19.89966064277589, 50.02463820330614], [19.89836403634813, 50.02608100654804]]]}}, {"type": "Feature", "properties": {"count": 1, "mean_min": 3.13}, "geometry": {"type": "Polygon", "coordinates": [[[19.89836403634813, 50.0231953567261], [19.89966064277589, 50.02463820330614], [19.902253855631407, 50.02463820330614], [19.903550462059165, 50.0231953567261], [19.902253855631407, 50.02175246680752], [19.89966064277589, 50.02175246680752], [19.89836403634813, 50.0231953567261]]]}}, {"type": "Feature", "properties": {"count": 2, "mean_min": 20.59}, "geometry": {"type": "Polygon", "coordinates": [[[19.89836403634813, 50.01453736712296], [19.89966064277589, 50.01598047374004], [19.902253855631407, 50.01598047374004], [19.903550462059165, 50.01453736712296], [19.902253855631407, 50.01309421716502], [19.89966064277589, 50.01309421716502], [19.89836403634813, 50.01453736712296]]]}}, {"type": "Feature", "properties": {"count": 1, "mean_min": 23.13}, "geometry": {"type": "Polygon", "coordinates": [[[19.89836403634813, 50.01165102386583], [19.89966064277589, 50.01309421716502], [19.902253855631407, 50.01309421716502], [19.903550462059165, 50.01165102386583], [19.902253855631407, 50.010207787225006], [19.89966064277589, 50.010207787225006], [19.89836403634813, 50.01165102386583]]]}}, {"type": "Feature", "properties": {"count": 2, "mean_min": 6.43}, "geometry": {"type": "Polygon", "coordinates": [[[19.89836403634813, 50.00587781724892], [19.89966064277589, 50.00732118391694], [19.902253855631407, 50.00732118391694], [19.903550462059165, 50.00587781724892], [19.902253855631407, 50.00443440723772], [19.89966064277589, 50.00443440723772], [19.89836403634813, 50.00587781724892]]]}}, {"type": "Feature", "properties": {"count": 1, "mean_min": 5.99}, "geometry": {"type": "Polygon", "coordinates": [[[19.89836403634813, 50.002990953882964], [19.89966064277589, 50.00443440723772], [19.902253855631407, 50.00443440723772], [19.903550462059165, 50.002990953882964], [19.902253855631407, 50.001547457184266], [19.89966064277589, 50.001547457184266], [19.89836403634813, 50.002990953882964]]]}}, {"type": "Feature", "properties": {"count": 1, "mean_min": 6.73}, "geometry": {"type": "Polygon", "coordinates": [[[19.89836403634813, 50.00010391714123], [19.89966064277589, 50.001547457184266], [19.902253855631407, 50.001547457184266], [19.903550462059165, 50.00010391714123], [19.902253855631407, 49.99866033375349], [19.89966064277589, 49.99866033375349], [19.89836403634813, 50.00010391714123]]]}}, {"type": "Feature", "properties": {"count": 1, "mean_min": 37.57}, "geometry": {"type": "Polygon", "coordinates": [[[19.89836403634813, 49.98566613268813], [19.89966064277589, 49.98711010619562], [19.902253855631407, 49.98711010619562], [19.903550462059165, 49.98566613268813], [19.902253855631407, 49.984222115832075], [19.89966064277589, 49.984222115832075], [19.89836403634813, 49.98566613268813]]]}}, {"type": "Feature", "properties": {"count": 2, "mean_min": 15.12}, "geometry": {"type": "Polygon", "coordinates": [[[19.902253855631407, 50.10824916598952], [19.903550462059165, 50.10968945628362], [19.906143674914684, 50.10968945628362], [19.907440281342442, 50.10824916598952], [19.906143674914684, 50.10680883237986], [19.903550462059165, 50.10680883237986], [19.902253855631407, 50.10824916598952]]]}}, {"type": "Feature", "properties": {"count": 2, "mean_min": 30.41}, "geometry": {"type": "Polygon", "coordinates": [[[19.902253855631407, 50.09672528424383], [19.903550462059165, 50.09816592107334], [19.906143674914684, 50.09816592107334], [19.907440281342442, 50.09672528424383], [19.906143674914684, 50.09528460409563], [19.903550462059165, 50.09528460409563], [19.902253855631407, 50.09672528424383]]]}}, {"type": "Feature", "properties": {"count": 1, "mean_min": 29.77}, "geometry": {"type": "Polygon", "coordinates": [[[19.902253855631407, 50.08231653335615], [19.903550462059165, 50.08375760339018], [19.906143674914684, 50.08375760339018], [19.907440281342442, 50.08231653335615], [19.906143674914684, 50.080875419999515], [19.903550462059165, 50.080875419999515], [19.902253855631407, 50.08231653335615]]]}}, {"type": "Feature", "properties": {"count": 1, "mean_min": 3.89}, "geometry": {"type": "Polygon", "coordinates": [[[19.902253855631407, 50.0765518199901], [19.903550462059165, 50.07799306331688], [19.906143674914684, 50.07799306331688], [19.907440281342442, 50.0765518199901], [19.906143674914684, 50.075110533339156], [19.903550462059165, 50.075110533339156], [19.902253855631407, 50.0765518199901]]]}}, {"type": "Feature", "properties": {"count": 3, "mean_min": 21.76}, "geometry": {"type": "Polygon", "coordinates": [[[19.902253855631407, 50.07078641343742], [19.903550462059165, 50.0722278300632], [19.906143674914684, 50.0722278300632], [19.907440281342442, 50.07078641343742], [19.906143674914684, 50.0693449534859], [19.903550462059165, 50.0693449534859], [19.902253855631407, 50.07078641343742]]]}}, {"type": "Feature", "properties": {"count": 2, "mean_min": 19.18}, "geometry": {"type": "Polygon", "coordinates": [[[19.902253855631407, 50.06213700382884], [19.903550462059165, 50.06357868041482], [19.906143674914684, 50.06357868041482], [19.907440281342442, 50.06213700382884], [19.906143674914684, 50.0606952839148], [19.903550462059165, 50.0606952839148], [19.902253855631407, 50.06213700382884]]]}}, {"type": "Feature", "properties": {"count": 2, "mean_min": 12.29}, "geometry": {"type": "Polygon", "coordinates": [[[19.902253855631407, 50.0563698642004], [19.903550462059165, 50.05781171410096], [19.906143674914684, 50.05781171410096], [19.907440281342442, 50.0563698642004], [19.906143674914684, 50.054927970970205], [19.903550462059165, 50.054927970970205], [19.902253855631407, 50.0563698642004]]]}}, {"type": "Feature", "properties": {"count": 1, "mean_min": 9.99}, "geometry": {"type": "Polygon", "coordinates": [[[19.902253855631407, 50.04771785486135], [19.903550462059165, 50.04915996474547], [19.906143674914684, 50.04915996474547], [19.907440281342442, 50.04771785486135], [19.906143674914684, 50.04627570164527], [19.903550462059165, 50.04627570164527], [19.902253855631407, 50.04771785486135]]]}}, {"type": "Feature", "properties": {"count": 2, "mean_min": 3.03}, "geometry": {"type": "Polygon", "coordinates": [[[19.902253855631407, 50.02752376645217], [19.903550462059165, 50.02896648301891], [19.906143674914684, 50.02896648301891], [19.907440281342442, 50.02752376645217], [19.906143674914684, 50.02608100654804], [19.903550462059165, 50.02608100654804], [19.902253855631407, 50.02752376645217]]]}}, {"type": "Feature", "properties": {"count": 2, "mean_min": 20.44}, "geometry": {"type": "Polygon", "coordinates": [[[19.902253855631407, 50.018866556953185], [19.903550462059165, 50.020309533550005], [19.906143674914684, 50.020309533550005], [19.907440281342442, 50.018866556953185], [19.906143674914684, 50.01742353701666], [19.903550462059165, 50.01742353701666], [19.902253855631407, 50.018866556953185]]]}}, {"type": "Feature", "properties": {"count": 1, "mean_min": 12.53}, "geometry": {"type": "Polygon", "coordinates": [[[19.902253855631407, 50.00732118391694], [19.903550462059165, 50.008764507242184], [19.906143674914684, 50.008764507242184], [19.907440281342442, 50.00732118391694], [19.906143674914684, 50.00587781724892], [19.903550462059165, 50.00587781724892], [19.902253855631407, 50.00732118391694]]]}}, {"type": "Feature", "properties": {"count": 2, "mean_min": 5.95}, "geometry": {"type": "Polygon", "coordinates": [[[19.902253855631407, 50.00443440723772], [19.903550462059165, 50.00587781724892], [19.906143674914684, 50.00587781724892], [19.907440281342442, 50.00443440723772], [19.906143674914684, 50.002990953882964], [19.903550462059165, 50.002990953882964], [19.902253855631407, 50.00443440723772]]]}}, {"type": "Feature", "properties": {"count": 1, "mean_min": 19.24}, "geometry": {"type": "Polygon", "coordinates": [[[19.902253855631407, 50.001547457184266], [19.903550462059165, 50.002990953882964], [19.906143674914684, 50.002990953882964], [19.907440281342442, 50.001547457184266], [19.906143674914684, 50.00010391714123], [19.903550462059165, 50.00010391714123], [19.902253855631407, 50.001547457184266]]]}}, {"type": "Feature", "properties": {"count": 2, "mean_min": 15.17}, "geometry": {"type": "Polygon", "coordinates": [[[19.90614367491468, 50.10392803521233], [19.90744028134244, 50.10536845545427], [19.91003349419796, 50.10536845545427], [19.911330100625715, 50.10392803521233], [19.91003349419796, 50.10248757165366], [19.90744028134244, 50.10248757165366], [19.90614367491468, 50.10392803521233]]]}}, {"type": "Feature", "properties": {"count": 3, "mean_min": 28.69}, "geometry": {"type": "Polygon", "coordinates": [[[19.90614367491468, 50.10104706477786], [19.90744028134244, 50.10248757165366], [19.91003349419796, 50.10248757165366], [19.911330100625715, 50.10104706477786], [19.91003349419796, 50.09960651458456], [19.90744028134244, 50.09960651458456], [19.90614367491468, 50.10104706477786]]]}}, {"type": "Feature", "properties": {"count": 2, "mean_min": 30.45}, "geometry": {"type": "Polygon", "coordinates": [[[19.90614367491468, 50.09528460409563], [19.90744028134244, 50.09672528424383], [19.91003349419796, 50.09672528424383], [19.911330100625715, 50.09528460409563], [19.91003349419796, 50.09384388062835], [19.90744028134244, 50.09384388062835], [19.90614367491468, 50.09528460409563]]]}}, {"type": "Feature", "properties": {"count": 2, "mean_min": 25.38}, "geometry": {"type": "Polygon", "coordinates": [[[19.90614367491468, 50.086639613492], [19.90744028134244, 50.08808055356056], [19.91003349419796, 50.08808055356056], [19.911330100625715, 50.086639613492], [19.91003349419796, 50.085198630102], [19.90744028134244, 50.085198630102], [19.90614367491468, 50.086639613492]]]}}, {"type": "Feature", "properties": {"count": 2, "mean_min": 29.89}, "geometry": {"type": "Polygon", "coordinates": [[[19.90614367491468, 50.08375760339018], [19.90744028134244, 50.085198630102], [19.91003349419796, 50.085198630102], [19.911330100625715, 50.08375760339018], [19.91003349419796, 50.08231653335615], [19.90744028134244, 50.08231653335615], [19.90614367491468, 50.08375760339018]]]}}, {"type": "Feature", "properties": {"count": 3, "mean_min": 11.78}, "geometry": {"type": "Polygon", "coordinates": [[[19.90614367491468, 50.075110533339156], [19.90744028134244, 50.0765518199901], [19.91003349419796, 50.0765518199901], [19.911330100625715, 50.075110533339156], [19.91003349419796, 50.07366920336365], [19.90744028134244, 50.07366920336365], [19.90614367491468, 50.075110533339156]]]}}, {"type": "Feature", "properties": {"count": 1, "mean_min": 6.86}, "geometry": {"type": "Polygon", "coordinates": [[[19.90614367491468, 50.0693449534859], [19.90744028134244, 50.07078641343742], [19.91003349419796, 50.07078641343742], [19.911330100625715, 50.0693449534859], [19.91003349419796, 50.06790345020828], [19.90744028134244, 50.06790345020828], [19.90614367491468, 50.0693449534859]]]}}, {"type": "Feature", "properties": {"count": 1, "mean_min": 6.12}, "geometry": {"type": "Polygon", "coordinates": [[[19.90614367491468, 50.0606952839148], [19.90744028134244, 50.06213700382884], [19.91003349419796, 50.06213700382884], [19.911330100625715, 50.0606952839148], [19.91003349419796, 50.0592535206723], [19.90744028134244, 50.0592535206723], [19.90614367491468, 50.0606952839148]]]}}, {"type": "Feature", "properties": {"count": 2, "mean_min": 12.32}, "geometry": {"type": "Polygon", "coordinates": [[[19.90614367491468, 50.052044054519406], [19.90744028134244, 50.053486034410014], [19.91003349419796, 50.053486034410014], [19.911330100625715, 50.052044054519406], [19.91003349419796, 50.05060203129803], [19.90744028134244, 50.05060203129803], [19.90614367491468, 50.052044054519406]]]}}, {"type": "Feature", "properties": {"count": 2, "mean_min": 19.56}, "geometry": {"type": "Polygon", "coordinates": [[[19.90614367491468, 50.04627570164527], [19.90744028134244, 50.04771785486135], [19.91003349419796, 50.04771785486135], [19.911330100625715, 50.04627570164527], [19.91003349419796, 50.044833505096875], [19.90744028134244, 50.044833505096875], [19.90614367491468, 50.04627570164527]]]}}, {"type": "Feature", "properties": {"count": 1, "mean_min": 22.68}, "geometry": {"type": "Polygon", "coordinates": [[[19.90614367491468, 50.0231953567261], [19.90744028134244, 50.02463820330614], [19.91003349419796, 50.02463820330614], [19.911330100625715, 50.0231953567261], [19.91003349419796, 50.02175246680752], [19.90744028134244, 50.02175246680752], [19.90614367491468, 50.0231953567261]]]}}, {"type": "Feature", "properties": {"count": 1, "mean_min": 60.57}, "geometry": {"type": "Polygon", "coordinates": [[[19.90614367491468, 50.01165102386583], [19.90744028134244, 50.01309421716502], [19.91003349419796, 50.01309421716502], [19.911330100625715, 50.01165102386583], [19.91003349419796, 50.010207787225006], [19.90744028134244, 50.010207787225006], [19.90614367491468, 50.01165102386583]]]}}, {"type": "Feature", "properties": {"count": 1, "mean_min": 21.15}, "geometry": {"type": "Polygon", "coordinates": [[[19.90614367491468, 50.008764507242184], [19.90744028134244, 50.010207787225006], [19.91003349419796, 50.010207787225006], [19.911330100625715, 50.008764507242184], [19.91003349419796, 50.00732118391694], [19.90744028134244, 50.00732118391694], [19.90614367491468, 50.008764507242184]]]}}, {"type": "Feature", "properties": {"count": 1, "mean_min": 25.78}, "geometry": {"type": "Polygon", "coordinates": [[[19.90614367491468, 50.00010391714123], [19.90744028134244, 50.001547457184266], [19.91003349419796, 50.001547457184266], [19.911330100625715, 50.00010391714123], [19.91003349419796, 49.99866033375349], [19.90744028134244, 49.99866033375349], [19.90614367491468, 50.00010391714123]]]}}, {"type": "Feature", "properties": {"count": 2, "mean_min": 37.83}, "geometry": {"type": "Polygon", "coordinates": [[[19.90614367491468, 49.98566613268813], [19.90744028134244, 49.98711010619562], [19.91003349419796, 49.98711010619562], [19.911330100625715, 49.98566613268813], [19.91003349419796, 49.984222115832075], [19.90744028134244, 49.984222115832075], [19.90614367491468, 49.98566613268813]]]}}, {"type": "Feature", "properties": {"count": 2, "mean_min": 37.8}, "geometry": {"type": "Polygon", "coordinates": [[[19.91003349419796, 50.111129703262556], [19.911330100625715, 50.11256990692672], [19.913923313481234, 50.11256990692672], [19.915219919908992, 50.111129703262556], [19.913923313481234, 50.10968945628362], [19.911330100625715, 50.10968945628362], [19.91003349419796, 50.111129703262556]]]}}, {"type": "Feature", "properties": {"count": 1, "mean_min": 31.13}, "geometry": {"type": "Polygon", "coordinates": [[[19.91003349419796, 50.09960651458456], [19.911330100625715, 50.10104706477786], [19.913923313481234, 50.10104706477786], [19.915219919908992, 50.09960651458456], [19.913923313481234, 50.09816592107334], [19.911330100625715, 50.09816592107334], [19.91003349419796, 50.09960651458456]]]}}, {"type": "Feature", "properties": {"count": 3, "mean_min": 30.41}, "geometry": {"type": "Polygon", "coordinates": [[[19.91003349419796, 50.09672528424383], [19.911330100625715, 50.09816592107334], [19.913923313481234, 50.09816592107334], [19.915219919908992, 50.09672528424383], [19.913923313481234, 50.09528460409563], [19.911330100625715, 50.09528460409563], [19.91003349419796, 50.09672528424383]]]}}, {"type": "Feature", "properties": {"count": 1, "mean_min": 29.77}, "geometry": {"type": "Polygon", "coordinates": [[[19.91003349419796, 50.09096230373497], [19.911330100625715, 50.092403113841584], [19.913923313481234, 50.092403113841584], [19.915219919908992, 50.09096230373497], [19.913923313481234, 50.08952145030809], [19.911330100625715, 50.08952145030809], [19.91003349419796, 50.09096230373497]]]}}, {"type": "Feature", "properties": {"count": 3, "mean_min": 14.13}, "geometry": {"type": "Polygon", "coordinates": [[[19.91003349419796, 50.08808055356056], [19.911330100625715, 50.08952145030809], [19.913923313481234, 50.08952145030809], [19.915219919908992, 50.08808055356056], [19.913923313481234, 50.086639613492], [19.911330100625715, 50.086639613492], [19.91003349419796, 50.08808055356056]]]}}, {"type": "Feature", "properties": {"count": 1, "mean_min": 29.92}, "geometry": {"type": "Polygon", "coordinates": [[[19.91003349419796, 50.08231653335615], [19.911330100625715, 50.08375760339018], [19.913923313481234, 50.08375760339018], [19.915219919908992, 50.08231653335615], [19.913923313481234, 50.080875419999515], [19.911330100625715, 50.080875419999515], [19.91003349419796, 50.08231653335615]]]}}, {"type": "Feature", "properties": {"count": 2, "mean_min": 17.33}, "geometry": {"type": "Polygon", "coordinates": [[[19.91003349419796, 50.07366920336365], [19.911330100625715, 50.075110533339156], [19.913923313481234, 50.075110533339156], [19.915219919908992, 50.07366920336365], [19.913923313481234, 50.0722278300632], [19.911330100625715, 50.0722278300632], [19.91003349419796, 50.07366920336365]]]}}, {"type": "Feature", "properties": {"count": 3, "mean_min": 8.86}, "geometry": {"type": "Polygon", "coordinates": [[[19.91003349419796, 50.06790345020828], [19.911330100625715, 50.0693449534859], [19.913923313481234, 50.0693449534859], [19.915219919908992, 50.06790345020828], [19.913923313481234, 50.06646190360415], [19.911330100625715, 50.06646190360415], [19.91003349419796, 50.06790345020828]]]}}, {"type": "Feature", "properties": {"count": 1, "mean_min": 7.22}, "geometry": {"type": "Polygon", "coordinates": [[[19.91003349419796, 50.06213700382884], [19.911330100625715, 50.06357868041482], [19.913923313481234, 50.06357868041482], [19.915219919908992, 50.06213700382884], [19.913923313481234, 50.0606952839148], [19.911330100625715, 50.0606952839148], [19.91003349419796, 50.06213700382884]]]}}, {"type": "Feature", "properties": {"count": 1, "mean_min": 12.26}, "geometry": {"type": "Polygon", "coordinates": [[[19.91003349419796, 50.0563698642004], [19.911330100625715, 50.05781171410096], [19.913923313481234, 50.05781171410096], [19.915219919908992, 50.0563698642004], [19.913923313481234, 50.054927970970205], [19.911330100625715, 50.054927970970205], [19.91003349419796, 50.0563698642004]]]}}, {"type": "Feature", "properties": {"count": 1, "mean_min": 9.06}, "geometry": {"type": "Polygon", "coordinates": [[[19.91003349419796, 50.053486034410014], [19.911330100625715, 50.054927970970205], [19.913923313481234, 50.054927970970205], [19.915219919908992, 50.053486034410014], [19.913923313481234, 50.052044054519406], [19.911330100625715, 50.052044054519406], [19.91003349419796, 50.053486034410014]]]}}, {"type": "Feature", "properties": {"count": 3, "mean_min": 23.64}, "geometry": {"type": "Polygon", "coordinates": [[[19.91003349419796, 50.04771785486135], [19.911330100625715, 50.04915996474547], [19.913923313481234, 50.04915996474547], [19.915219919908992, 50.04771785486135], [19.913923313481234, 50.04627570164527], [19.911330100625715, 50.04627570164527], [19.91003349419796, 50.04771785486135]]]}}, {"type": "Feature", "properties": {"count": 2, "mean_min": 3.01}, "geometry": {"type": "Polygon", "coordinates": [[[19.91003349419796, 50.03040915624867], [19.911330100625715, 50.03185178614182], [19.913923313481234, 50.03185178614182], [19.915219919908992, 50.03040915624867], [19.913923313481234, 50.02896648301891], [19.911330100625715, 50.02896648301891], [19.91003349419796, 50.03040915624867]]]}}, {"type": "Feature", "properties": {"count": 1, "mean_min": 22.75}, "geometry": {"type": "Polygon", "coordinates": [[[19.91003349419796, 50.02752376645217], [19.911330100625715, 50.02896648301891], [19.913923313481234, 50.02896648301891], [19.915219919908992, 50.02752376645217], [19.913923313481234, 50.02608100654804], [19.911330100625715, 50.02608100654804], [19.91003349419796, 50.02752376645217]]]}}, {"type": "Feature", "properties": {"count": 1, "mean_min": 17.62}, "geometry": {"type": "Polygon", "coordinates": [[[19.91003349419796, 50.02463820330614], [19.911330100625715, 50.02608100654804], [19.913923313481234, 50.02608100654804], [19.915219919908992, 50.02463820330614], [19.913923313481234, 50.0231953567261], [19.911330100625715, 50.0231953567261], [19.91003349419796, 50.02463820330614]]]}}, {"type": "Feature", "properties": {"count": 1, "mean_min": 60.56}, "geometry": {"type": "Polygon", "coordinates": [[[19.91003349419796, 50.01309421716502], [19.911330100625715, 50.01453736712296], [19.913923313481234, 50.01453736712296], [19.915219919908992, 50.01309421716502], [19.913923313481234, 50.01165102386583], [19.911330100625715, 50.01165102386583], [19.91003349419796, 50.01309421716502]]]}}, {"type": "Feature", "properties": {"count": 1, "mean_min": 30.79}, "geometry": {"type": "Polygon", "coordinates": [[[19.91003349419796, 50.010207787225006], [19.911330100625715, 50.01165102386583], [19.913923313481234, 50.01165102386583], [19.915219919908992, 50.010207787225006], [19.913923313481234, 50.008764507242184], [19.911330100625715, 50.008764507242184], [19.91003349419796, 50.010207787225006]]]}}, {"type": "Feature", "properties": {"count": 1, "mean_min": 8.85}, "geometry": {"type": "Polygon", "coordinates": [[[19.91003349419796, 50.001547457184266], [19.911330100625715, 50.002990953882964], [19.913923313481234, 50.002990953882964], [19.915219919908992, 50.001547457184266], [19.913923313481234, 50.00010391714123], [19.911330100625715, 50.00010391714123], [19.91003349419796, 50.001547457184266]]]}}, {"type": "Feature", "properties": {"count": 3, "mean_min": 34.95}, "geometry": {"type": "Polygon", "coordinates": [[[19.91003349419796, 49.99866033375349], [19.911330100625715, 50.00010391714123], [19.913923313481234, 50.00010391714123], [19.915219919908992, 49.99866033375349], [19.913923313481234, 49.99721670702065], [19.911330100625715, 49.99721670702065], [19.91003349419796, 49.99866033375349]]]}}, {"type": "Feature", "properties": {"count": 1, "mean_min": 59.41}, "geometry": {"type": "Polygon", "coordinates": [[[19.91003349419796, 49.99577303694232], [19.911330100625715, 49.99721670702065], [19.913923313481234, 49.99721670702065], [19.915219919908992, 49.99577303694232], [19.913923313481234, 49.994329323518116], [19.911330100625715, 49.994329323518116], [19.91003349419796, 49.99577303694232]]]}}, {"type": "Feature", "properties": {"count": 3, "mean_min": 46.85}, "geometry": {"type": "Polygon", "coordinates": [[[19.91003349419796, 49.98711010619562], [19.911330100625715, 49.98855403635494], [19.913923313481234, 49.98855403635494], [19.915219919908992, 49.98711010619562], [19.913923313481234, 49.98566613268813], [19.911330100625715, 49.98566613268813], [19.91003349419796, 49.98711010619562]]]}}, {"type": "Feature", "properties": {"count": 2, "mean_min": 30.75}, "geometry": {"type": "Polygon", "coordinates": [[[19.91003349419796, 49.984222115832075], [19.911330100625715, 49.98566613268813], [19.913923313481234, 49.98566613268813], [19.915219919908992, 49.984222115832075], [19.913923313481234, 49.98277805562707], [19.911330100625715, 49.98277805562707], [19.91003349419796, 49.984222115832075]]]}}, {"type": "Feature", "properties": {"count": 2, "mean_min": 40.4}, "geometry": {"type": "Polygon", "coordinates": [[[19.913923313481234, 50.10392803521233], [19.915219919908992, 50.10536845545427], [19.91781313276451, 50.10536845545427], [19.91910973919227, 50.10392803521233], [19.91781313276451, 50.10248757165366], [19.915219919908992, 50.10248757165366], [19.913923313481234, 50.10392803521233]]]}}, {"type": "Feature", "properties": {"count": 2, "mean_min": 40.36}, "geometry": {"type": "Polygon", "coordinates": [[[19.913923313481234, 50.10104706477786], [19.915219919908992, 50.10248757165366], [19.91781313276451, 50.10248757165366], [19.91910973919227, 50.10104706477786], [19.91781313276451, 50.09960651458456], [19.915219919908992, 50.09960651458456], [19.913923313481234, 50.10104706477786]]]}}, {"type": "Feature", "properties": {"count": 4, "mean_min": 8.56}, "geometry": {"type": "Polygon", "coordinates": [[[19.913923313481234, 50.086639613492], [19.915219919908992, 50.08808055356056], [19.91781313276451, 50.08808055356056], [19.91910973919227, 50.086639613492], [19.91781313276451, 50.085198630102], [19.915219919908992, 50.085198630102], [19.913923313481234, 50.086639613492]]]}}, {"type": "Feature", "properties": {"count": 1, "mean_min": 4.69}, "geometry": {"type": "Polygon", "coordinates": [[[19.913923313481234, 50.08375760339018], [19.915219919908992, 50.085198630102], [19.91781313276451, 50.085198630102], [19.91910973919227, 50.08375760339018], [19.91781313276451, 50.08231653335615], [19.915219919908992, 50.08231653335615], [19.913923313481234, 50.08375760339018]]]}}, {"type": "Feature", "properties": {"count": 3, "mean_min": 12.4}, "geometry": {"type": "Polygon", "coordinates": [[[19.913923313481234, 50.080875419999515], [19.915219919908992, 50.08231653335615], [19.91781313276451, 50.08231653335615], [19.91910973919227, 50.080875419999515], [19.91781313276451, 50.0794342633199], [19.915219919908992, 50.0794342633199], [19.913923313481234, 50.080875419999515]]]}}, {"type": "Feature", "properties": {"count": 2, "mean_min": 7.13}, "geometry": {"type": "Polygon", "coordinates": [[[19.913923313481234, 50.07799306331688], [19.915219919908992, 50.0794342633199], [19.91781313276451, 50.0794342633199], [19.91910973919227, 50.07799306331688], [19.91781313276451, 50.0765518199901], [19.915219919908992, 50.0765518199901], [19.913923313481234, 50.07799306331688]]]}}, {"type": "Feature", "properties": {"count": 5, "mean_min": 11.12}, "geometry": {"type": "Polygon", "coordinates": [[[19.913923313481234, 50.0722278300632], [19.915219919908992, 50.07366920336365], [19.91781313276451, 50.07366920336365], [19.91910973919227, 50.0722278300632], [19.91781313276451, 50.07078641343742], [19.915219919908992, 50.07078641343742], [19.913923313481234, 50.0722278300632]]]}}, {"type": "Feature", "properties": {"count": 1, "mean_min": 2.89}, "geometry": {"type": "Polygon", "coordinates": [[[19.913923313481234, 50.06646190360415], [19.915219919908992, 50.06790345020828], [19.91781313276451, 50.06790345020828], [19.91910973919227, 50.06646190360415], [19.91781313276451, 50.06502031367313], [19.915219919908992, 50.06502031367313], [19.913923313481234, 50.06646190360415]]]}}, {"type": "Feature", "properties": {"count": 2, "mean_min": 6.68}, "geometry": {"type": "Polygon", "coordinates": [[[19.913923313481234, 50.0606952839148], [19.915219919908992, 50.06213700382884], [19.91781313276451, 50.06213700382884], [19.91910973919227, 50.0606952839148], [19.91781313276451, 50.0592535206723], [19.915219919908992, 50.0592535206723], [19.913923313481234, 50.0606952839148]]]}}, {"type": "Feature", "properties": {"count": 1, "mean_min": 14.05}, "geometry": {"type": "Polygon", "coordinates": [[[19.913923313481234, 50.05781171410096], [19.915219919908992, 50.0592535206723], [19.91781313276451, 50.0592535206723], [19.91910973919227, 50.05781171410096], [19.91781313276451, 50.0563698642004], [19.915219919908992, 50.0563698642004], [19.913923313481234, 50.05781171410096]]]}}, {"type": "Feature", "properties": {"count": 2, "mean_min": 6.98}, "geometry": {"type": "Polygon", "coordinates": [[[19.913923313481234, 50.052044054519406], [19.915219919908992, 50.053486034410014], [19.91781313276451, 50.053486034410014], [19.91910973919227, 50.052044054519406], [19.91781313276451, 50.05060203129803], [19.915219919908992, 50.05060203129803], [19.913923313481234, 50.052044054519406]]]}}, {"type": "Feature", "properties": {"count": 1, "mean_min": 17.24}, "geometry": {"type": "Polygon", "coordinates": [[[19.913923313481234, 50.02896648301891], [19.915219919908992, 50.03040915624867], [19.91781313276451, 50.03040915624867], [19.91910973919227, 50.02896648301891], [19.91781313276451, 50.02752376645217], [19.915219919908992, 50.02752376645217], [19.913923313481234, 50.02896648301891]]]}}, {"type": "Feature", "properties": {"count": 1, "mean_min": 14.07}, "geometry": {"type": "Polygon", "coordinates": [[[19.913923313481234, 50.008764507242184], [19.915219919908992, 50.010207787225006], [19.91781313276451, 50.010207787225006], [19.91910973919227, 50.008764507242184], [19.91781313276451, 50.00732118391694], [19.915219919908992, 50.00732118391694], [19.913923313481234, 50.008764507242184]]]}}, {"type": "Feature", "properties": {"count": 1, "mean_min": 29.11}, "geometry": {"type": "Polygon", "coordinates": [[[19.913923313481234, 50.00010391714123], [19.915219919908992, 50.001547457184266], [19.91781313276451, 50.001547457184266], [19.91910973919227, 50.00010391714123], [19.91781313276451, 49.99866033375349], [19.915219919908992, 49.99866033375349], [19.913923313481234, 50.00010391714123]]]}}, {"type": "Feature", "properties": {"count": 2, "mean_min": 18.15}, "geometry": {"type": "Polygon", "coordinates": [[[19.913923313481234, 49.994329323518116], [19.915219919908992, 49.99577303694232], [19.91781313276451, 49.99577303694232], [19.91910973919227, 49.994329323518116], [19.91781313276451, 49.99288556674766], [19.915219919908992, 49.99288556674766], [19.913923313481234, 49.994329323518116]]]}}, {"type": "Feature", "properties": {"count": 1, "mean_min": 21.07}, "geometry": {"type": "Polygon", "coordinates": [[[19.913923313481234, 49.98855403635494], [19.915219919908992, 49.989997923166456], [19.91781313276451, 49.989997923166456], [19.91910973919227, 49.98855403635494], [19.91781313276451, 49.98711010619562], [19.915219919908992, 49.98711010619562], [19.913923313481234, 49.98855403635494]]]}}, {"type": "Feature", "properties": {"count": 1, "mean_min": 29.64}, "geometry": {"type": "Polygon", "coordinates": [[[19.91781313276451, 50.10248757165366], [19.91910973919227, 50.10392803521233], [19.92170295204779, 50.10392803521233], [19.92299955847555, 50.10248757165366], [19.92170295204779, 50.10104706477786], [19.91910973919227, 50.10104706477786], [19.91781313276451, 50.10248757165366]]]}}, {"type": "Feature", "properties": {"count": 1, "mean_min": 11.79}, "geometry": {"type": "Polygon", "coordinates": [[[19.91781313276451, 50.0794342633199], [19.91910973919227, 50.080875419999515], [19.92170295204779, 50.080875419999515], [19.92299955847555, 50.0794342633199], [19.92170295204779, 50.07799306331688], [19.91910973919227, 50.07799306331688], [19.91781313276451, 50.0794342633199]]]}}, {"type": "Feature", "properties": {"count": 2, "mean_min": 3.76}, "geometry": {"type": "Polygon", "coordinates": [[[19.91781313276451, 50.07078641343742], [19.91910973919227, 50.0722278300632], [19.92170295204779, 50.0722278300632], [19.92299955847555, 50.07078641343742], [19.92170295204779, 50.0693449534859], [19.91910973919227, 50.0693449534859], [19.91781313276451, 50.07078641343742]]]}}, {"type": "Feature", "properties": {"count": 4, "mean_min": 5.73}, "geometry": {"type": "Polygon", "coordinates": [[[19.91781313276451, 50.0592535206723], [19.91910973919227, 50.0606952839148], [19.92170295204779, 50.0606952839148], [19.92299955847555, 50.0592535206723], [19.92170295204779, 50.05781171410096], [19.91910973919227, 50.05781171410096], [19.91781313276451, 50.0592535206723]]]}}, {"type": "Feature", "properties": {"count": 2, "mean_min": 6.08}, "geometry": {"type": "Polygon", "coordinates": [[[19.91781313276451, 50.053486034410014], [19.91910973919227, 50.054927970970205], [19.92170295204779, 50.054927970970205], [19.92299955847555, 50.053486034410014], [19.92170295204779, 50.052044054519406], [19.91910973919227, 50.052044054519406], [19.91781313276451, 50.053486034410014]]]}}, {"type": "Feature", "properties": {"count": 2, "mean_min": 18.43}, "geometry": {"type": "Polygon", "coordinates": [[[19.91781313276451, 50.05060203129803], [19.91910973919227, 50.052044054519406], [19.92170295204779, 50.052044054519406], [19.92299955847555, 50.05060203129803], [19.92170295204779, 50.04915996474547], [19.91910973919227, 50.04915996474547], [19.91781313276451, 50.05060203129803]]]}}, {"type": "Feature", "properties": {"count": 2, "mean_min": 4.1}, "geometry": {"type": "Polygon", "coordinates": [[[19.91781313276451, 50.044833505096875], [19.91910973919227, 50.04627570164527], [19.92170295204779, 50.04627570164527], [19.92299955847555, 50.044833505096875], [19.92170295204779, 50.043391265215725], [19.91910973919227, 50.043391265215725], [19.91781313276451, 50.044833505096875]]]}}, {"type": "Feature", "properties": {"count": 1, "mean_min": 3.05}, "geometry": {"type": "Polygon", "coordinates": [[[19.91781313276451, 50.033294372698755], [19.91910973919227, 50.03473691591986], [19.92170295204779, 50.03473691591986], [19.92299955847555, 50.033294372698755], [19.92170295204779, 50.03185178614182], [19.91910973919227, 50.03185178614182], [19.91781313276451, 50.033294372698755]]]}}, {"type": "Feature", "properties": {"count": 3, "mean_min": 13.85}, "geometry": {"type": "Polygon", "coordinates": [[[19.91781313276451, 50.03040915624867], [19.91910973919227, 50.03185178614182], [19.92170295204779, 50.03185178614182], [19.92299955847555, 50.03040915624867], [19.92170295204779, 50.02896648301891], [19.91910973919227, 50.02896648301891], [19.91781313276451, 50.03040915624867]]]}}, {"type": "Feature", "properties": {"count": 1, "mean_min": 60.35}, "geometry": {"type": "Polygon", "coordinates": [[[19.91781313276451, 50.01598047374004], [19.91910973919227, 50.01742353701666], [19.92170295204779, 50.01742353701666], [19.92299955847555, 50.01598047374004], [19.92170295204779, 50.01453736712296], [19.91910973919227, 50.01453736712296], [19.91781313276451, 50.01598047374004]]]}}, {"type": "Feature", "properties": {"count": 1, "mean_min": 5.52}, "geometry": {"type": "Polygon", "coordinates": [[[19.91781313276451, 50.001547457184266], [19.91910973919227, 50.002990953882964], [19.92170295204779, 50.002990953882964], [19.92299955847555, 50.001547457184266], [19.92170295204779, 50.00010391714123], [19.91910973919227, 50.00010391714123], [19.91781313276451, 50.001547457184266]]]}}, {"type": "Feature", "properties": {"count": 3, "mean_min": 9.11}, "geometry": {"type": "Polygon", "coordinates": [[[19.91781313276451, 49.99866033375349], [19.91910973919227, 50.00010391714123], [19.92170295204779, 50.00010391714123], [19.92299955847555, 49.99866033375349], [19.92170295204779, 49.99721670702065], [19.91910973919227, 49.99721670702065], [19.91781313276451, 49.99866033375349]]]}}, {"type": "Feature", "properties": {"count": 1, "mean_min": 10.4}, "geometry": {"type": "Polygon", "coordinates": [[[19.91781313276451, 49.99577303694232], [19.91910973919227, 49.99721670702065], [19.92170295204779, 49.99721670702065], [19.92299955847555, 49.99577303694232], [19.92170295204779, 49.994329323518116], [19.91910973919227, 49.994329323518116], [19.91781313276451, 49.99577303694232]]]}}, {"type": "Feature", "properties": {"count": 1, "mean_min": 38.18}, "geometry": {"type": "Polygon", "coordinates": [[[19.91781313276451, 49.98711010619562], [19.91910973919227, 49.98855403635494], [19.92170295204779, 49.98855403635494], [19.92299955847555, 49.98711010619562], [19.92170295204779, 49.98566613268813], [19.91910973919227, 49.98566613268813], [19.91781313276451, 49.98711010619562]]]}}, {"type": "Feature", "properties": {"count": 1, "mean_min": 40.25}, "geometry": {"type": "Polygon", "coordinates": [[[19.91781313276451, 49.984222115832075], [19.91910973919227, 49.98566613268813], [19.92170295204779, 49.98566613268813], [19.92299955847555, 49.984222115832075], [19.92170295204779, 49.98277805562707], [19.91910973919227, 49.98277805562707], [19.91781313276451, 49.984222115832075]]]}}, {"type": "Feature", "properties": {"count": 1, "mean_min": 31.92}, "geometry": {"type": "Polygon", "coordinates": [[[19.91781313276451, 49.981333952072745], [19.91910973919227, 49.98277805562707], [19.92170295204779, 49.98277805562707], [19.92299955847555, 49.981333952072745], [19.92170295204779, 49.9798898051687], [19.91910973919227, 49.9798898051687], [19.91781313276451, 49.981333952072745]]]}}, {"type": "Feature", "properties": {"count": 1, "mean_min": 9.11}, "geometry": {"type": "Polygon", "coordinates": [[[19.92170295204779, 50.10968945628362], [19.92299955847555, 50.111129703262556], [19.92559277133107, 50.111129703262556], [19.926889377758826, 50.10968945628362], [19.92559277133107, 50.10824916598952], [19.92299955847555, 50.10824916598952], [19.92170295204779, 50.10968945628362]]]}}, {"type": "Feature", "properties": {"count": 3, "mean_min": 37.85}, "geometry": {"type": "Polygon", "coordinates": [[[19.92170295204779, 50.10392803521233], [19.92299955847555, 50.10536845545427], [19.92559277133107, 50.10536845545427], [19.926889377758826, 50.10392803521233], [19.92559277133107, 50.10248757165366], [19.92299955847555, 50.10248757165366], [19.92170295204779, 50.10392803521233]]]}}, {"type": "Feature", "properties": {"count": 2, "mean_min": 7.58}, "geometry": {"type": "Polygon", "coordinates": [[[19.92170295204779, 50.10104706477786], [19.92299955847555, 50.10248757165366], [19.92559277133107, 50.10248757165366], [19.926889377758826, 50.10104706477786], [19.92559277133107, 50.09960651458456], [19.92299955847555, 50.09960651458456], [19.92170295204779, 50.10104706477786]]]}}, {"type": "Feature", "properties": {"count": 2, "mean_min": 16.56}, "geometry": {"type": "Polygon", "coordinates": [[[19.92170295204779, 50.09528460409563], [19.92299955847555, 50.09672528424383], [19.92559277133107, 50.09672528424383], [19.926889377758826, 50.09528460409563], [19.92559277133107, 50.09384388062835], [19.92299955847555, 50.09384388062835], [19.92170295204779, 50.09528460409563]]]}}, {"type": "Feature", "properties": {"count": 2, "mean_min": 16.66}, "geometry": {"type": "Polygon", "coordinates": [[[19.92170295204779, 50.092403113841584], [19.92299955847555, 50.09384388062835], [19.92559277133107, 50.09384388062835], [19.926889377758826, 50.092403113841584], [19.92559277133107, 50.09096230373497], [19.92299955847555, 50.09096230373497], [19.92170295204779, 50.092403113841584]]]}}, {"type": "Feature", "properties": {"count": 3, "mean_min": 6.64}, "geometry": {"type": "Polygon", "coordinates": [[[19.92170295204779, 50.08952145030809], [19.92299955847555, 50.09096230373497], [19.92559277133107, 50.09096230373497], [19.926889377758826, 50.08952145030809], [19.92559277133107, 50.08808055356056], [19.92299955847555, 50.08808055356056], [19.92170295204779, 50.08952145030809]]]}}, {"type": "Feature", "properties": {"count": 3, "mean_min": 27.51}, "geometry": {"type": "Polygon", "coordinates": [[[19.92170295204779, 50.086639613492], [19.92299955847555, 50.08808055356056], [19.92559277133107, 50.08808055356056], [19.926889377758826, 50.086639613492], [19.92559277133107, 50.085198630102], [19.92299955847555, 50.085198630102], [19.92170295204779, 50.086639613492]]]}}, {"type": "Feature", "properties": {"count": 1, "mean_min": 5.78}, "geometry": {"type": "Polygon", "coordinates": [[[19.92170295204779, 50.08375760339018], [19.92299955847555, 50.085198630102], [19.92559277133107, 50.085198630102], [19.926889377758826, 50.08375760339018], [19.92559277133107, 50.08231653335615], [19.92299955847555, 50.08231653335615], [19.92170295204779, 50.08375760339018]]]}}, {"type": "Feature", "properties": {"count": 1, "mean_min": 11.92}, "geometry": {"type": "Polygon", "coordinates": [[[19.92170295204779, 50.07799306331688], [19.92299955847555, 50.0794342633199], [19.92559277133107, 50.0794342633199], [19.926889377758826, 50.07799306331688], [19.92559277133107, 50.0765518199901], [19.92299955847555, 50.0765518199901], [19.92170295204779, 50.07799306331688]]]}}, {"type": "Feature", "properties": {"count": 3, "mean_min": 3.78}, "geometry": {"type": "Polygon", "coordinates": [[[19.92170295204779, 50.0693449534859], [19.92299955847555, 50.07078641343742], [19.92559277133107, 50.07078641343742], [19.926889377758826, 50.0693449534859], [19.92559277133107, 50.06790345020828], [19.92299955847555, 50.06790345020828], [19.92170295204779, 50.0693449534859]]]}}, {"type": "Feature", "properties": {"count": 2, "mean_min": 3.18}, "geometry": {"type": "Polygon", "coordinates": [[[19.92170295204779, 50.06646190360415], [19.92299955847555, 50.06790345020828], [19.92559277133107, 50.06790345020828], [19.926889377758826, 50.06646190360415], [19.92559277133107, 50.06502031367313], [19.92299955847555, 50.06502031367313], [19.92170295204779, 50.06646190360415]]]}}, {"type": "Feature", "properties": {"count": 2, "mean_min": 1.28}, "geometry": {"type": "Polygon", "coordinates": [[[19.92170295204779, 50.06357868041482], [19.92299955847555, 50.06502031367313], [19.92559277133107, 50.06502031367313], [19.926889377758826, 50.06357868041482], [19.92559277133107, 50.06213700382884], [19.92299955847555, 50.06213700382884], [19.92170295204779, 50.06357868041482]]]}}, {"type": "Feature", "properties": {"count": 3, "mean_min": 4.84}, "geometry": {"type": "Polygon", "coordinates": [[[19.92170295204779, 50.0606952839148], [19.92299955847555, 50.06213700382884], [19.92559277133107, 50.06213700382884], [19.926889377758826, 50.0606952839148], [19.92559277133107, 50.0592535206723], [19.92299955847555, 50.0592535206723], [19.92170295204779, 50.0606952839148]]]}}, {"type": "Feature", "properties": {"count": 2, "mean_min": 4.52}, "geometry": {"type": "Polygon", "coordinates": [[[19.92170295204779, 50.05781171410096], [19.92299955847555, 50.0592535206723], [19.92559277133107, 50.0592535206723], [19.926889377758826, 50.05781171410096], [19.92559277133107, 50.0563698642004], [19.92299955847555, 50.0563698642004], [19.92170295204779, 50.05781171410096]]]}}, {"type": "Feature", "properties": {"count": 1, "mean_min": 18.73}, "geometry": {"type": "Polygon", "coordinates": [[[19.92170295204779, 50.04915996474547], [19.92299955847555, 50.05060203129803], [19.92559277133107, 50.05060203129803], [19.926889377758826, 50.04915996474547], [19.92559277133107, 50.04771785486135], [19.92299955847555, 50.04771785486135], [19.92170295204779, 50.04915996474547]]]}}, {"type": "Feature", "properties": {"count": 3, "mean_min": 8.05}, "geometry": {"type": "Polygon", "coordinates": [[[19.92170295204779, 50.04627570164527], [19.92299955847555, 50.04771785486135], [19.92559277133107, 50.04771785486135], [19.926889377758826, 50.04627570164527], [19.92559277133107, 50.044833505096875], [19.92299955847555, 50.044833505096875], [19.92170295204779, 50.04627570164527]]]}}, {"type": "Feature", "properties": {"count": 1, "mean_min": 18.88}, "geometry": {"type": "Polygon", "coordinates": [[[19.92170295204779, 50.043391265215725], [19.92299955847555, 50.044833505096875], [19.92559277133107, 50.044833505096875], [19.926889377758826, 50.043391265215725], [19.92559277133107, 50.041948982001465], [19.92299955847555, 50.041948982001465], [19.92170295204779, 50.043391265215725]]]}}, {"type": "Feature", "properties": {"count": 4, "mean_min": 11.0}, "geometry": {"type": "Polygon", "coordinates": [[[19.92170295204779, 50.040506655453704], [19.92299955847555, 50.041948982001465], [19.92559277133107, 50.041948982001465], [19.926889377758826, 50.040506655453704], [19.92559277133107, 50.039064285572046], [19.92299955847555, 50.039064285572046], [19.92170295204779, 50.040506655453704]]]}}, {"type": "Feature", "properties": {"count": 4, "mean_min": 11.27}, "geometry": {"type": "Polygon", "coordinates": [[[19.92170295204779, 50.03473691591986], [19.92299955847555, 50.03617941580551], [19.92559277133107, 50.03617941580551], [19.926889377758826, 50.03473691591986], [19.92559277133107, 50.033294372698755], [19.92299955847555, 50.033294372698755], [19.92170295204779, 50.03473691591986]]]}}, {"type": "Feature", "properties": {"count": 4, "mean_min": 10.92}, "geometry": {"type": "Polygon", "coordinates": [[[19.92170295204779, 50.03185178614182], [19.92299955847555, 50.033294372698755], [19.92559277133107, 50.033294372698755], [19.926889377758826, 50.03185178614182], [19.92559277133107, 50.03040915624867], [19.92299955847555, 50.03040915624867], [19.92170295204779, 50.03185178614182]]]}}, {"type": "Feature", "properties": {"count": 1, "mean_min": 60.6}, "geometry": {"type": "Polygon", "coordinates": [[[19.92170295204779, 50.01742353701666], [19.92299955847555, 50.018866556953185], [19.92559277133107, 50.018866556953185], [19.926889377758826, 50.01742353701666], [19.92559277133107, 50.01598047374004], [19.92299955847555, 50.01598047374004], [19.92170295204779, 50.01742353701666]]]}}, {"type": "Feature", "properties": {"count": 1, "mean_min": 42.73}, "geometry": {"type": "Polygon", "coordinates": [[[19.92170295204779, 50.01165102386583], [19.92299955847555, 50.01309421716502], [19.92559277133107, 50.01309421716502], [19.926889377758826, 50.01165102386583], [19.92559277133107, 50.010207787225006], [19.92299955847555, 50.010207787225006], [19.92170295204779, 50.01165102386583]]]}}, {"type": "Feature", "properties": {"count": 2, "mean_min": 17.26}, "geometry": {"type": "Polygon", "coordinates": [[[19.92170295204779, 50.008764507242184], [19.92299955847555, 50.010207787225006], [19.92559277133107, 50.010207787225006], [19.926889377758826, 50.008764507242184], [19.92559277133107, 50.00732118391694], [19.92299955847555, 50.00732118391694], [19.92170295204779, 50.008764507242184]]]}}, {"type": "Feature", "properties": {"count": 2, "mean_min": 32.88}, "geometry": {"type": "Polygon", "coordinates": [[[19.92170295204779, 50.00587781724892], [19.92299955847555, 50.00732118391694], [19.92559277133107, 50.00732118391694], [19.926889377758826, 50.00587781724892], [19.92559277133107, 50.00443440723772], [19.92299955847555, 50.00443440723772], [19.92170295204779, 50.00587781724892]]]}}, {"type": "Feature", "properties": {"count": 1, "mean_min": 6.06}, "geometry": {"type": "Polygon", "coordinates": [[[19.92170295204779, 50.002990953882964], [19.92299955847555, 50.00443440723772], [19.92559277133107, 50.00443440723772], [19.926889377758826, 50.002990953882964], [19.92559277133107, 50.001547457184266], [19.92299955847555, 50.001547457184266], [19.92170295204779, 50.002990953882964]]]}}, {"type": "Feature", "properties": {"count": 1, "mean_min": 23.59}, "geometry": {"type": "Polygon", "coordinates": [[[19.92559277133107, 50.10248757165366], [19.926889377758826, 50.10392803521233], [19.929482590614345, 50.10392803521233], [19.930779197042103, 50.10248757165366], [19.929482590614345, 50.10104706477786], [19.926889377758826, 50.10104706477786], [19.92559277133107, 50.10248757165366]]]}}, {"type": "Feature", "properties": {"count": 6, "mean_min": 11.4}, "geometry": {"type": "Polygon", "coordinates": [[[19.92559277133107, 50.09384388062835], [19.926889377758826, 50.09528460409563], [19.929482590614345, 50.09528460409563], [19.930779197042103, 50.09384388062835], [19.929482590614345, 50.092403113841584], [19.926889377758826, 50.092403113841584], [19.92559277133107, 50.09384388062835]]]}}, {"type": "Feature", "properties": {"count": 1, "mean_min": 9.93}, "geometry": {"type": "Polygon", "coordinates": [[[19.92559277133107, 50.085198630102], [19.926889377758826, 50.086639613492], [19.929482590614345, 50.086639613492], [19.930779197042103, 50.085198630102], [19.929482590614345, 50.08375760339018], [19.926889377758826, 50.08375760339018], [19.92559277133107, 50.085198630102]]]}}, {"type": "Feature", "properties": {"count": 2, "mean_min": 12.06}, "geometry": {"type": "Polygon", "coordinates": [[[19.92559277133107, 50.0765518199901], [19.926889377758826, 50.07799306331688], [19.929482590614345, 50.07799306331688], [19.930779197042103, 50.0765518199901], [19.929482590614345, 50.075110533339156], [19.926889377758826, 50.075110533339156], [19.92559277133107, 50.0765518199901]]]}}, {"type": "Feature", "properties": {"count": 2, "mean_min": 2.0}, "geometry": {"type": "Polygon", "coordinates": [[[19.92559277133107, 50.07078641343742], [19.926889377758826, 50.0722278300632], [19.929482590614345, 50.0722278300632], [19.930779197042103, 50.07078641343742], [19.929482590614345, 50.0693449534859], [19.926889377758826, 50.0693449534859], [19.92559277133107, 50.07078641343742]]]}}, {"type": "Feature", "properties": {"count": 1, "mean_min": 5.15}, "geometry": {"type": "Polygon", "coordinates": [[[19.92559277133107, 50.06790345020828], [19.926889377758826, 50.0693449534859], [19.929482590614345, 50.0693449534859], [19.930779197042103, 50.06790345020828], [19.929482590614345, 50.06646190360415], [19.926889377758826, 50.06646190360415], [19.92559277133107, 50.06790345020828]]]}}, {"type": "Feature", "properties": {"count": 4, "mean_min": 4.03}, "geometry": {"type": "Polygon", "coordinates": [[[19.92559277133107, 50.0563698642004], [19.926889377758826, 50.05781171410096], [19.929482590614345, 50.05781171410096], [19.930779197042103, 50.0563698642004], [19.929482590614345, 50.054927970970205], [19.926889377758826, 50.054927970970205], [19.92559277133107, 50.0563698642004]]]}}, {"type": "Feature", "properties": {"count": 2, "mean_min": 1.49}, "geometry": {"type": "Polygon", "coordinates": [[[19.92559277133107, 50.053486034410014], [19.926889377758826, 50.054927970970205], [19.929482590614345, 50.054927970970205], [19.930779197042103, 50.053486034410014], [19.929482590614345, 50.052044054519406], [19.926889377758826, 50.052044054519406], [19.92559277133107, 50.053486034410014]]]}}, {"type": "Feature", "properties": {"count": 2, "mean_min": 19.01}, "geometry": {"type": "Polygon", "coordinates": [[[19.92559277133107, 50.05060203129803], [19.926889377758826, 50.052044054519406], [19.929482590614345, 50.052044054519406], [19.930779197042103, 50.05060203129803], [19.929482590614345, 50.04915996474547], [19.926889377758826, 50.04915996474547], [19.92559277133107, 50.05060203129803]]]}}, {"type": "Feature", "properties": {"count": 1, "mean_min": 19.17}, "geometry": {"type": "Polygon", "coordinates": [[[19.92559277133107, 50.04771785486135], [19.926889377758826, 50.04915996474547], [19.929482590614345, 50.04915996474547], [19.930779197042103, 50.04771785486135], [19.929482590614345, 50.04627570164527], [19.926889377758826, 50.04627570164527], [19.92559277133107, 50.04771785486135]]]}}, {"type": "Feature", "properties": {"count": 2, "mean_min": 7.35}, "geometry": {"type": "Polygon", "coordinates": [[[19.92559277133107, 50.03040915624867], [19.926889377758826, 50.03185178614182], [19.929482590614345, 50.03185178614182], [19.930779197042103, 50.03040915624867], [19.929482590614345, 50.02896648301891], [19.926889377758826, 50.02896648301891], [19.92559277133107, 50.03040915624867]]]}}, {"type": "Feature", "properties": {"count": 5, "mean_min": 16.64}, "geometry": {"type": "Polygon", "coordinates": [[[19.92559277133107, 50.01598047374004], [19.926889377758826, 50.01742353701666], [19.929482590614345, 50.01742353701666], [19.930779197042103, 50.01598047374004], [19.929482590614345, 50.01453736712296], [19.926889377758826, 50.01453736712296], [19.92559277133107, 50.01598047374004]]]}}, {"type": "Feature", "properties": {"count": 2, "mean_min": 19.51}, "geometry": {"type": "Polygon", "coordinates": [[[19.92559277133107, 50.01309421716502], [19.926889377758826, 50.01453736712296], [19.929482590614345, 50.01453736712296], [19.930779197042103, 50.01309421716502], [19.929482590614345, 50.01165102386583], [19.926889377758826, 50.01165102386583], [19.92559277133107, 50.01309421716502]]]}}, {"type": "Feature", "properties": {"count": 1, "mean_min": 14.5}, "geometry": {"type": "Polygon", "coordinates": [[[19.92559277133107, 50.010207787225006], [19.926889377758826, 50.01165102386583], [19.929482590614345, 50.01165102386583], [19.930779197042103, 50.010207787225006], [19.929482590614345, 50.008764507242184], [19.926889377758826, 50.008764507242184], [19.92559277133107, 50.010207787225006]]]}}, {"type": "Feature", "properties": {"count": 1, "mean_min": 58.64}, "geometry": {"type": "Polygon", "coordinates": [[[19.92559277133107, 50.00732118391694], [19.926889377758826, 50.008764507242184], [19.929482590614345, 50.008764507242184], [19.930779197042103, 50.00732118391694], [19.929482590614345, 50.00587781724892], [19.926889377758826, 50.00587781724892], [19.92559277133107, 50.00732118391694]]]}}, {"type": "Feature", "properties": {"count": 2, "mean_min": 21.14}, "geometry": {"type": "Polygon", "coordinates": [[[19.92559277133107, 49.99866033375349], [19.926889377758826, 50.00010391714123], [19.929482590614345, 50.00010391714123], [19.930779197042103, 49.99866033375349], [19.929482590614345, 49.99721670702065], [19.926889377758826, 49.99721670702065], [19.92559277133107, 49.99866033375349]]]}}, {"type": "Feature", "properties": {"count": 1, "mean_min": 40.2}, "geometry": {"type": "Polygon", "coordinates": [[[19.929482590614338, 50.09528460409563], [19.9307791970421, 50.09672528424383], [19.93337240989762, 50.09672528424383], [19.934669016325376, 50.09528460409563], [19.93337240989762, 50.09384388062835], [19.9307791970421, 50.09384388062835], [19.929482590614338, 50.09528460409563]]]}}, {"type": "Feature", "properties": {"count": 7, "mean_min": 6.25}, "geometry": {"type": "Polygon", "coordinates": [[[19.929482590614338, 50.08952145030809], [19.9307791970421, 50.09096230373497], [19.93337240989762, 50.09096230373497], [19.934669016325376, 50.08952145030809], [19.93337240989762, 50.08808055356056], [19.9307791970421, 50.08808055356056], [19.929482590614338, 50.08952145030809]]]}}, {"type": "Feature", "properties": {"count": 1, "mean_min": 12.59}, "geometry": {"type": "Polygon", "coordinates": [[[19.929482590614338, 50.086639613492], [19.9307791970421, 50.08808055356056], [19.93337240989762, 50.08808055356056], [19.934669016325376, 50.086639613492], [19.93337240989762, 50.085198630102], [19.9307791970421, 50.085198630102], [19.929482590614338, 50.086639613492]]]}}, {"type": "Feature", "properties": {"count": 6, "mean_min": 14.94}, "geometry": {"type": "Polygon", "coordinates": [[[19.929482590614338, 50.08375760339018], [19.9307791970421, 50.085198630102], [19.93337240989762, 50.085198630102], [19.934669016325376, 50.08375760339018], [19.93337240989762, 50.08231653335615], [19.9307791970421, 50.08231653335615], [19.929482590614338, 50.08375760339018]]]}}, {"type": "Feature", "properties": {"count": 2, "mean_min": 12.3}, "geometry": {"type": "Polygon", "coordinates": [[[19.929482590614338, 50.075110533339156], [19.9307791970421, 50.0765518199901], [19.93337240989762, 50.0765518199901], [19.934669016325376, 50.075110533339156], [19.93337240989762, 50.07366920336365], [19.9307791970421, 50.07366920336365], [19.929482590614338, 50.075110533339156]]]}}, {"type": "Feature", "properties": {"count": 1, "mean_min": 5.93}, "geometry": {"type": "Polygon", "coordinates": [[[19.929482590614338, 50.0722278300632], [19.9307791970421, 50.07366920336365], [19.93337240989762, 50.07366920336365], [19.934669016325376, 50.0722278300632], [19.93337240989762, 50.07078641343742], [19.9307791970421, 50.07078641343742], [19.929482590614338, 50.0722278300632]]]}}, {"type": "Feature", "properties": {"count": 2, "mean_min": 6.33}, "geometry": {"type": "Polygon", "coordinates": [[[19.929482590614338, 50.0606952839148], [19.9307791970421, 50.06213700382884], [19.93337240989762, 50.06213700382884], [19.934669016325376, 50.0606952839148], [19.93337240989762, 50.0592535206723], [19.9307791970421, 50.0592535206723], [19.929482590614338, 50.0606952839148]]]}}, {"type": "Feature", "properties": {"count": 2, "mean_min": 6.35}, "geometry": {"type": "Polygon", "coordinates": [[[19.929482590614338, 50.05781171410096], [19.9307791970421, 50.0592535206723], [19.93337240989762, 50.0592535206723], [19.934669016325376, 50.05781171410096], [19.93337240989762, 50.0563698642004], [19.9307791970421, 50.0563698642004], [19.929482590614338, 50.05781171410096]]]}}, {"type": "Feature", "properties": {"count": 4, "mean_min": 2.05}, "geometry": {"type": "Polygon", "coordinates": [[[19.929482590614338, 50.04915996474547], [19.9307791970421, 50.05060203129803], [19.93337240989762, 50.05060203129803], [19.934669016325376, 50.04915996474547], [19.93337240989762, 50.04771785486135], [19.9307791970421, 50.04771785486135], [19.929482590614338, 50.04915996474547]]]}}, {"type": "Feature", "properties": {"count": 1, "mean_min": 6.58}, "geometry": {"type": "Polygon", "coordinates": [[[19.929482590614338, 50.04627570164527], [19.9307791970421, 50.04771785486135], [19.93337240989762, 50.04771785486135], [19.934669016325376, 50.04627570164527], [19.93337240989762, 50.044833505096875], [19.9307791970421, 50.044833505096875], [19.929482590614338, 50.04627570164527]]]}}, {"type": "Feature", "properties": {"count": 2, "mean_min": 7.31}, "geometry": {"type": "Polygon", "coordinates": [[[19.929482590614338, 50.03185178614182], [19.9307791970421, 50.033294372698755], [19.93337240989762, 50.033294372698755], [19.934669016325376, 50.03185178614182], [19.93337240989762, 50.03040915624867], [19.9307791970421, 50.03040915624867], [19.929482590614338, 50.03185178614182]]]}}, {"type": "Feature", "properties": {"count": 2, "mean_min": 5.23}, "geometry": {"type": "Polygon", "coordinates": [[[19.929482590614338, 50.0231953567261], [19.9307791970421, 50.02463820330614], [19.93337240989762, 50.02463820330614], [19.934669016325376, 50.0231953567261], [19.93337240989762, 50.02175246680752], [19.9307791970421, 50.02175246680752], [19.929482590614338, 50.0231953567261]]]}}, {"type": "Feature", "properties": {"count": 2, "mean_min": 11.43}, "geometry": {"type": "Polygon", "coordinates": [[[19.929482590614338, 50.020309533550005], [19.9307791970421, 50.02175246680752], [19.93337240989762, 50.02175246680752], [19.934669016325376, 50.020309533550005], [19.93337240989762, 50.018866556953185], [19.9307791970421, 50.018866556953185], [19.929482590614338, 50.020309533550005]]]}}, {"type": "Feature", "properties": {"count": 1, "mean_min": 40.04}, "geometry": {"type": "Polygon", "coordinates": [[[19.929482590614338, 50.008764507242184], [19.9307791970421, 50.010207787225006], [19.93337240989762, 50.010207787225006], [19.934669016325376, 50.008764507242184], [19.93337240989762, 50.00732118391694], [19.9307791970421, 50.00732118391694], [19.929482590614338, 50.008764507242184]]]}}, {"type": "Feature", "properties": {"count": 2, "mean_min": 7.54}, "geometry": {"type": "Polygon", "coordinates": [[[19.929482590614338, 49.994329323518116], [19.9307791970421, 49.99577303694232], [19.93337240989762, 49.99577303694232], [19.934669016325376, 49.994329323518116], [19.93337240989762, 49.99288556674766], [19.9307791970421, 49.99288556674766], [19.929482590614338, 49.994329323518116]]]}}, {"type": "Feature", "properties": {"count": 2, "mean_min": 5.31}, "geometry": {"type": "Polygon", "coordinates": [[[19.93337240989762, 50.09384388062835], [19.934669016325376, 50.09528460409563], [19.937262229180895, 50.09528460409563], [19.938558835608653, 50.09384388062835], [19.937262229180895, 50.092403113841584], [19.934669016325376, 50.092403113841584], [19.93337240989762, 50.09384388062835]]]}}, {"type": "Feature", "properties": {"count": 3, "mean_min": 15.25}, "geometry": {"type": "Polygon", "coordinates": [[[19.93337240989762, 50.08231653335615], [19.934669016325376, 50.08375760339018], [19.937262229180895, 50.08375760339018], [19.938558835608653, 50.08231653335615], [19.937262229180895, 50.080875419999515], [19.934669016325376, 50.080875419999515], [19.93337240989762, 50.08231653335615]]]}}, {"type": "Feature", "properties": {"count": 1, "mean_min": 9.18}, "geometry": {"type": "Polygon", "coordinates": [[[19.93337240989762, 50.0794342633199], [19.934669016325376, 50.080875419999515], [19.937262229180895, 50.080875419999515], [19.938558835608653, 50.0794342633199], [19.937262229180895, 50.07799306331688], [19.934669016325376, 50.07799306331688], [19.93337240989762, 50.0794342633199]]]}}, {"type": "Feature", "properties": {"count": 1, "mean_min": 7.03}, "geometry": {"type": "Polygon", "coordinates": [[[19.93337240989762, 50.0765518199901], [19.934669016325376, 50.07799306331688], [19.937262229180895, 50.07799306331688], [19.938558835608653, 50.0765518199901], [19.937262229180895, 50.075110533339156], [19.934669016325376, 50.075110533339156], [19.93337240989762, 50.0765518199901]]]}}, {"type": "Feature", "properties": {"count": 8, "mean_min": 10.46}, "geometry": {"type": "Polygon", "coordinates": [[[19.93337240989762, 50.07366920336365], [19.934669016325376, 50.075110533339156], [19.937262229180895, 50.075110533339156], [19.938558835608653, 50.07366920336365], [19.937262229180895, 50.0722278300632], [19.934669016325376, 50.0722278300632], [19.93337240989762, 50.07366920336365]]]}}, {"type": "Feature", "properties": {"count": 2, "mean_min": 6.16}, "geometry": {"type": "Polygon", "coordinates": [[[19.93337240989762, 50.07078641343742], [19.934669016325376, 50.0722278300632], [19.937262229180895, 50.0722278300632], [19.938558835608653, 50.07078641343742], [19.937262229180895, 50.0693449534859], [19.934669016325376, 50.0693449534859], [19.93337240989762, 50.07078641343742]]]}}, {"type": "Feature", "properties": {"count": 1, "mean_min": 5.19}, "geometry": {"type": "Polygon", "coordinates": [[[19.93337240989762, 50.06502031367313], [19.934669016325376, 50.06646190360415], [19.937262229180895, 50.06646190360415], [19.938558835608653, 50.06502031367313], [19.937262229180895, 50.06357868041482], [19.934669016325376, 50.06357868041482], [19.93337240989762, 50.06502031367313]]]}}, {"type": "Feature", "properties": {"count": 3, "mean_min": 3.04}, "geometry": {"type": "Polygon", "coordinates": [[[19.93337240989762, 50.0592535206723], [19.934669016325376, 50.0606952839148], [19.937262229180895, 50.0606952839148], [19.938558835608653, 50.0592535206723], [19.937262229180895, 50.05781171410096], [19.934669016325376, 50.05781171410096], [19.93337240989762, 50.0592535206723]]]}}, {"type": "Feature", "properties": {"count": 1, "mean_min": 4.14}, "geometry": {"type": "Polygon", "coordinates": [[[19.93337240989762, 50.05060203129803], [19.934669016325376, 50.052044054519406], [19.937262229180895, 50.052044054519406], [19.938558835608653, 50.05060203129803], [19.937262229180895, 50.04915996474547], [19.934669016325376, 50.04915996474547], [19.93337240989762, 50.05060203129803]]]}}, {"type": "Feature", "properties": {"count": 2, "mean_min": 4.19}, "geometry": {"type": "Polygon", "coordinates": [[[19.93337240989762, 50.041948982001465], [19.934669016325376, 50.043391265215725], [19.937262229180895, 50.043391265215725], [19.938558835608653, 50.041948982001465], [19.937262229180895, 50.040506655453704], [19.934669016325376, 50.040506655453704], [19.93337240989762, 50.041948982001465]]]}}, {"type": "Feature", "properties": {"count": 4, "mean_min": 5.64}, "geometry": {"type": "Polygon", "coordinates": [[[19.93337240989762, 50.03040915624867], [19.934669016325376, 50.03185178614182], [19.937262229180895, 50.03185178614182], [19.938558835608653, 50.03040915624867], [19.937262229180895, 50.02896648301891], [19.934669016325376, 50.02896648301891], [19.93337240989762, 50.03040915624867]]]}}, {"type": "Feature", "properties": {"count": 1, "mean_min": 3.86}, "geometry": {"type": "Polygon", "coordinates": [[[19.93337240989762, 50.02463820330614], [19.934669016325376, 50.02608100654804], [19.937262229180895, 50.02608100654804], [19.938558835608653, 50.02463820330614], [19.937262229180895, 50.0231953567261], [19.934669016325376, 50.0231953567261], [19.93337240989762, 50.02463820330614]]]}}, {"type": "Feature", "properties": {"count": 2, "mean_min": 5.51}, "geometry": {"type": "Polygon", "coordinates": [[[19.93337240989762, 50.018866556953185], [19.934669016325376, 50.020309533550005], [19.937262229180895, 50.020309533550005], [19.938558835608653, 50.018866556953185], [19.937262229180895, 50.01742353701666], [19.934669016325376, 50.01742353701666], [19.93337240989762, 50.018866556953185]]]}}, {"type": "Feature", "properties": {"count": 2, "mean_min": 7.44}, "geometry": {"type": "Polygon", "coordinates": [[[19.93337240989762, 49.99288556674766], [19.934669016325376, 49.994329323518116], [19.937262229180895, 49.994329323518116], [19.938558835608653, 49.99288556674766], [19.937262229180895, 49.99144176663057], [19.934669016325376, 49.99144176663057], [19.93337240989762, 49.99288556674766]]]}}, {"type": "Feature", "properties": {"count": 1, "mean_min": 5.29}, "geometry": {"type": "Polygon", "coordinates": [[[19.937262229180895, 50.09528460409563], [19.938558835608653, 50.09672528424383], [19.941152048464172, 50.09672528424383], [19.94244865489193, 50.09528460409563], [19.941152048464172, 50.09384388062835], [19.938558835608653, 50.09384388062835], [19.937262229180895, 50.09528460409563]]]}}, {"type": "Feature", "properties": {"count": 3, "mean_min": 13.05}, "geometry": {"type": "Polygon", "coordinates": [[[19.937262229180895, 50.08952145030809], [19.938558835608653, 50.09096230373497], [19.941152048464172, 50.09096230373497], [19.94244865489193, 50.08952145030809], [19.941152048464172, 50.08808055356056], [19.938558835608653, 50.08808055356056], [19.937262229180895, 50.08952145030809]]]}}, {"type": "Feature", "properties": {"count": 2, "mean_min": 19.67}, "geometry": {"type": "Polygon", "coordinates": [[[19.937262229180895, 50.086639613492], [19.938558835608653, 50.08808055356056], [19.941152048464172, 50.08808055356056], [19.94244865489193, 50.086639613492], [19.941152048464172, 50.085198630102], [19.938558835608653, 50.085198630102], [19.937262229180895, 50.086639613492]]]}}, {"type": "Feature", "properties": {"count": 2, "mean_min": 2.76}, "geometry": {"type": "Polygon", "coordinates": [[[19.937262229180895, 50.080875419999515], [19.938558835608653, 50.08231653335615], [19.941152048464172, 50.08231653335615], [19.94244865489193, 50.080875419999515], [19.941152048464172, 50.0794342633199], [19.938558835608653, 50.0794342633199], [19.937262229180895, 50.080875419999515]]]}}, {"type": "Feature", "properties": {"count": 3, "mean_min": 4.94}, "geometry": {"type": "Polygon", "coordinates": [[[19.937262229180895, 50.075110533339156], [19.938558835608653, 50.0765518199901], [19.941152048464172, 50.0765518199901], [19.94244865489193, 50.075110533339156], [19.941152048464172, 50.07366920336365], [19.938558835608653, 50.07366920336365], [19.937262229180895, 50.075110533339156]]]}}, {"type": "Feature", "properties": {"count": 4, "mean_min": 9.53}, "geometry": {"type": "Polygon", "coordinates": [[[19.937262229180895, 50.06646190360415], [19.938558835608653, 50.06790345020828], [19.941152048464172, 50.06790345020828], [19.94244865489193, 50.06646190360415], [19.941152048464172, 50.06502031367313], [19.938558835608653, 50.06502031367313], [19.937262229180895, 50.06646190360415]]]}}, {"type": "Feature", "properties": {"count": 2, "mean_min": 5.37}, "geometry": {"type": "Polygon", "coordinates": [[[19.937262229180895, 50.05781171410096], [19.938558835608653, 50.0592535206723], [19.941152048464172, 50.0592535206723], [19.94244865489193, 50.05781171410096], [19.941152048464172, 50.0563698642004], [19.938558835608653, 50.0563698642004], [19.937262229180895, 50.05781171410096]]]}}, {"type": "Feature", "properties": {"count": 2, "mean_min": 2.67}, "geometry": {"type": "Polygon", "coordinates": [[[19.937262229180895, 50.054927970970205], [19.938558835608653, 50.0563698642004], [19.941152048464172, 50.0563698642004], [19.94244865489193, 50.054927970970205], [19.941152048464172, 50.053486034410014], [19.938558835608653, 50.053486034410014], [19.937262229180895, 50.054927970970205]]]}}, {"type": "Feature", "properties": {"count": 4, "mean_min": 4.38}, "geometry": {"type": "Polygon", "coordinates": [[[19.937262229180895, 50.052044054519406], [19.938558835608653, 50.053486034410014], [19.941152048464172, 50.053486034410014], [19.94244865489193, 50.052044054519406], [19.941152048464172, 50.05060203129803], [19.938558835608653, 50.05060203129803], [19.937262229180895, 50.052044054519406]]]}}, {"type": "Feature", "properties": {"count": 2, "mean_min": 3.04}, "geometry": {"type": "Polygon", "coordinates": [[[19.937262229180895, 50.03762187235612], [19.938558835608653, 50.039064285572046], [19.941152048464172, 50.039064285572046], [19.94244865489193, 50.03762187235612], [19.941152048464172, 50.03617941580551], [19.938558835608653, 50.03617941580551], [19.937262229180895, 50.03762187235612]]]}}, {"type": "Feature", "properties": {"count": 3, "mean_min": 3.34}, "geometry": {"type": "Polygon", "coordinates": [[[19.937262229180895, 50.03473691591986], [19.938558835608653, 50.03617941580551], [19.941152048464172, 50.03617941580551], [19.94244865489193, 50.03473691591986], [19.941152048464172, 50.033294372698755], [19.938558835608653, 50.033294372698755], [19.937262229180895, 50.03473691591986]]]}}, {"type": "Feature", "properties": {"count": 1, "mean_min": 4.1}, "geometry": {"type": "Polygon", "coordinates": [[[19.937262229180895, 50.03185178614182], [19.938558835608653, 50.033294372698755], [19.941152048464172, 50.033294372698755], [19.94244865489193, 50.03185178614182], [19.941152048464172, 50.03040915624867], [19.938558835608653, 50.03040915624867], [19.937262229180895, 50.03185178614182]]]}}, {"type": "Feature", "properties": {"count": 1, "mean_min": 30.56}, "geometry": {"type": "Polygon", "coordinates": [[[19.937262229180895, 50.00010391714123], [19.938558835608653, 50.001547457184266], [19.941152048464172, 50.001547457184266], [19.94244865489193, 50.00010391714123], [19.941152048464172, 49.99866033375349], [19.938558835608653, 49.99866033375349], [19.937262229180895, 50.00010391714123]]]}}, {"type": "Feature", "properties": {"count": 1, "mean_min": 7.45}, "geometry": {"type": "Polygon", "coordinates": [[[19.937262229180895, 49.994329323518116], [19.938558835608653, 49.99577303694232], [19.941152048464172, 49.99577303694232], [19.94244865489193, 49.994329323518116], [19.941152048464172, 49.99288556674766], [19.938558835608653, 49.99288556674766], [19.937262229180895, 49.994329323518116]]]}}, {"type": "Feature", "properties": {"count": 1, "mean_min": 7.12}, "geometry": {"type": "Polygon", "coordinates": [[[19.937262229180895, 49.99144176663057], [19.938558835608653, 49.99288556674766], [19.941152048464172, 49.99288556674766], [19.94244865489193, 49.99144176663057], [19.941152048464172, 49.989997923166456], [19.938558835608653, 49.989997923166456], [19.937262229180895, 49.99144176663057]]]}}, {"type": "Feature", "properties": {"count": 1, "mean_min": 39.89}, "geometry": {"type": "Polygon", "coordinates": [[[19.941152048464172, 50.10824916598952], [19.94244865489193, 50.10968945628362], [19.945041867747452, 50.10968945628362], [19.94633847417521, 50.10824916598952], [19.945041867747452, 50.10680883237986], [19.94244865489193, 50.10680883237986], [19.941152048464172, 50.10824916598952]]]}}, {"type": "Feature", "properties": {"count": 2, "mean_min": 25.6}, "geometry": {"type": "Polygon", "coordinates": [[[19.941152048464172, 50.10536845545427], [19.94244865489193, 50.10680883237986], [19.945041867747452, 50.10680883237986], [19.94633847417521, 50.10536845545427], [19.945041867747452, 50.10392803521233], [19.94244865489193, 50.10392803521233], [19.941152048464172, 50.10536845545427]]]}}, {"type": "Feature", "properties": {"count": 2, "mean_min": 25.54}, "geometry": {"type": "Polygon", "coordinates": [[[19.941152048464172, 50.10248757165366], [19.94244865489193, 50.10392803521233], [19.945041867747452, 50.10392803521233], [19.94633847417521, 50.10248757165366], [19.945041867747452, 50.10104706477786], [19.94244865489193, 50.10104706477786], [19.941152048464172, 50.10248757165366]]]}}, {"type": "Feature", "properties": {"count": 1, "mean_min": 5.47}, "geometry": {"type": "Polygon", "coordinates": [[[19.941152048464172, 50.09672528424383], [19.94244865489193, 50.09816592107334], [19.945041867747452, 50.09816592107334], [19.94633847417521, 50.09672528424383], [19.945041867747452, 50.09528460409563], [19.94244865489193, 50.09528460409563], [19.941152048464172, 50.09672528424383]]]}}, {"type": "Feature", "properties": {"count": 2, "mean_min": 16.62}, "geometry": {"type": "Polygon", "coordinates": [[[19.941152048464172, 50.09384388062835], [19.94244865489193, 50.09528460409563], [19.945041867747452, 50.09528460409563], [19.94633847417521, 50.09384388062835], [19.945041867747452, 50.092403113841584], [19.94244865489193, 50.092403113841584], [19.941152048464172, 50.09384388062835]]]}}, {"type": "Feature", "properties": {"count": 3, "mean_min": 12.39}, "geometry": {"type": "Polygon", "coordinates": [[[19.941152048464172, 50.09096230373497], [19.94244865489193, 50.092403113841584], [19.945041867747452, 50.092403113841584], [19.94633847417521, 50.09096230373497], [19.945041867747452, 50.08952145030809], [19.94244865489193, 50.08952145030809], [19.941152048464172, 50.09096230373497]]]}}, {"type": "Feature", "properties": {"count": 6, "mean_min": 8.38}, "geometry": {"type": "Polygon", "coordinates": [[[19.941152048464172, 50.07078641343742], [19.94244865489193, 50.0722278300632], [19.945041867747452, 50.0722278300632], [19.94633847417521, 50.07078641343742], [19.945041867747452, 50.0693449534859], [19.94244865489193, 50.0693449534859], [19.941152048464172, 50.07078641343742]]]}}, {"type": "Feature", "properties": {"count": 5, "mean_min": 13.78}, "geometry": {"type": "Polygon", "coordinates": [[[19.941152048464172, 50.06790345020828], [19.94244865489193, 50.0693449534859], [19.945041867747452, 50.0693449534859], [19.94633847417521, 50.06790345020828], [19.945041867747452, 50.06646190360415], [19.94244865489193, 50.06646190360415], [19.941152048464172, 50.06790345020828]]]}}, {"type": "Feature", "properties": {"count": 4, "mean_min": 4.5}, "geometry": {"type": "Polygon", "coordinates": [[[19.941152048464172, 50.06502031367313], [19.94244865489193, 50.06646190360415], [19.945041867747452, 50.06646190360415], [19.94633847417521, 50.06502031367313], [19.945041867747452, 50.06357868041482], [19.94244865489193, 50.06357868041482], [19.941152048464172, 50.06502031367313]]]}}, {"type": "Feature", "properties": {"count": 3, "mean_min": 2.42}, "geometry": {"type": "Polygon", "coordinates": [[[19.941152048464172, 50.0592535206723], [19.94244865489193, 50.0606952839148], [19.945041867747452, 50.0606952839148], [19.94633847417521, 50.0592535206723], [19.945041867747452, 50.05781171410096], [19.94244865489193, 50.05781171410096], [19.941152048464172, 50.0592535206723]]]}}, {"type": "Feature", "properties": {"count": 2, "mean_min": 3.09}, "geometry": {"type": "Polygon", "coordinates": [[[19.941152048464172, 50.0563698642004], [19.94244865489193, 50.05781171410096], [19.945041867747452, 50.05781171410096], [19.94633847417521, 50.0563698642004], [19.945041867747452, 50.054927970970205], [19.94244865489193, 50.054927970970205], [19.941152048464172, 50.0563698642004]]]}}, {"type": "Feature", "properties": {"count": 1, "mean_min": 2.71}, "geometry": {"type": "Polygon", "coordinates": [[[19.941152048464172, 50.05060203129803], [19.94244865489193, 50.052044054519406], [19.945041867747452, 50.052044054519406], [19.94633847417521, 50.05060203129803], [19.945041867747452, 50.04915996474547], [19.94244865489193, 50.04915996474547], [19.941152048464172, 50.05060203129803]]]}}, {"type": "Feature", "properties": {"count": 2, "mean_min": 3.49}, "geometry": {"type": "Polygon", "coordinates": [[[19.941152048464172, 50.04771785486135], [19.94244865489193, 50.04915996474547], [19.945041867747452, 50.04915996474547], [19.94633847417521, 50.04771785486135], [19.945041867747452, 50.04627570164527], [19.94244865489193, 50.04627570164527], [19.941152048464172, 50.04771785486135]]]}}, {"type": "Feature", "properties": {"count": 2, "mean_min": 4.03}, "geometry": {"type": "Polygon", "coordinates": [[[19.941152048464172, 50.041948982001465], [19.94244865489193, 50.043391265215725], [19.945041867747452, 50.043391265215725], [19.94633847417521, 50.041948982001465], [19.945041867747452, 50.040506655453704], [19.94244865489193, 50.040506655453704], [19.941152048464172, 50.041948982001465]]]}}, {"type": "Feature", "properties": {"count": 2, "mean_min": 5.35}, "geometry": {"type": "Polygon", "coordinates": [[[19.941152048464172, 50.01598047374004], [19.94244865489193, 50.01742353701666], [19.945041867747452, 50.01742353701666], [19.94633847417521, 50.01598047374004], [19.945041867747452, 50.01453736712296], [19.94244865489193, 50.01453736712296], [19.941152048464172, 50.01598047374004]]]}}, {"type": "Feature", "properties": {"count": 2, "mean_min": 35.32}, "geometry": {"type": "Polygon", "coordinates": [[[19.941152048464172, 50.00443440723772], [19.94244865489193, 50.00587781724892], [19.945041867747452, 50.00587781724892], [19.94633847417521, 50.00443440723772], [19.945041867747452, 50.002990953882964], [19.94244865489193, 50.002990953882964], [19.941152048464172, 50.00443440723772]]]}}, {"type": "Feature", "properties": {"count": 1, "mean_min": 30.08}, "geometry": {"type": "Polygon", "coordinates": [[[19.941152048464172, 50.001547457184266], [19.94244865489193, 50.002990953882964], [19.945041867747452, 50.002990953882964], [19.94633847417521, 50.001547457184266], [19.945041867747452, 50.00010391714123], [19.94244865489193, 50.00010391714123], [19.941152048464172, 50.001547457184266]]]}}, {"type": "Feature", "properties": {"count": 1, "mean_min": 30.06}, "geometry": {"type": "Polygon", "coordinates": [[[19.941152048464172, 49.99866033375349], [19.94244865489193, 50.00010391714123], [19.945041867747452, 50.00010391714123], [19.94633847417521, 49.99866033375349], [19.945041867747452, 49.99721670702065], [19.94244865489193, 49.99721670702065], [19.941152048464172, 49.99866033375349]]]}}, {"type": "Feature", "properties": {"count": 2, "mean_min": 18.26}, "geometry": {"type": "Polygon", "coordinates": [[[19.941152048464172, 49.989997923166456], [19.94244865489193, 49.99144176663057], [19.945041867747452, 49.99144176663057], [19.94633847417521, 49.989997923166456], [19.945041867747452, 49.98855403635494], [19.94244865489193, 49.98855403635494], [19.941152048464172, 49.989997923166456]]]}}, {"type": "Feature", "properties": {"count": 2, "mean_min": 37.81}, "geometry": {"type": "Polygon", "coordinates": [[[19.941152048464172, 49.984222115832075], [19.94244865489193, 49.98566613268813], [19.945041867747452, 49.98566613268813], [19.94633847417521, 49.984222115832075], [19.945041867747452, 49.98277805562707], [19.94244865489193, 49.98277805562707], [19.941152048464172, 49.984222115832075]]]}}, {"type": "Feature", "properties": {"count": 2, "mean_min": 30.46}, "geometry": {"type": "Polygon", "coordinates": [[[19.941152048464172, 49.981333952072745], [19.94244865489193, 49.98277805562707], [19.945041867747452, 49.98277805562707], [19.94633847417521, 49.981333952072745], [19.945041867747452, 49.9798898051687], [19.94244865489193, 49.9798898051687], [19.941152048464172, 49.981333952072745]]]}}, {"type": "Feature", "properties": {"count": 1, "mean_min": 12.83}, "geometry": {"type": "Polygon", "coordinates": [[[19.941152048464172, 49.97844561491457], [19.94244865489193, 49.9798898051687], [19.945041867747452, 49.9798898051687], [19.94633847417521, 49.97844561491457], [19.945041867747452, 49.977001381309954], [19.94244865489193, 49.977001381309954], [19.941152048464172, 49.97844561491457]]]}}, {"type": "Feature", "properties": {"count": 1, "mean_min": 13.45}, "geometry": {"type": "Polygon", "coordinates": [[[19.941152048464172, 49.975557104354465], [19.94244865489193, 49.977001381309954], [19.945041867747452, 49.977001381309954], [19.94633847417521, 49.975557104354465], [19.945041867747452, 49.97411278404773], [19.94244865489193, 49.97411278404773], [19.941152048464172, 49.975557104354465]]]}}, {"type": "Feature", "properties": {"count": 1, "mean_min": 27.35}, "geometry": {"type": "Polygon", "coordinates": [[[19.945041867747452, 50.10104706477786], [19.94633847417521, 50.10248757165366], [19.94893168703073, 50.10248757165366], [19.950228293458483, 50.10104706477786], [19.94893168703073, 50.09960651458456], [19.94633847417521, 50.09960651458456], [19.945041867747452, 50.10104706477786]]]}}, {"type": "Feature", "properties": {"count": 1, "mean_min": 44.66}, "geometry": {"type": "Polygon", "coordinates": [[[19.945041867747452, 50.09816592107334], [19.94633847417521, 50.09960651458456], [19.94893168703073, 50.09960651458456], [19.950228293458483, 50.09816592107334], [19.94893168703073, 50.09672528424383], [19.94633847417521, 50.09672528424383], [19.945041867747452, 50.09816592107334]]]}}, {"type": "Feature", "properties": {"count": 4, "mean_min": 12.17}, "geometry": {"type": "Polygon", "coordinates": [[[19.945041867747452, 50.09528460409563], [19.94633847417521, 50.09672528424383], [19.94893168703073, 50.09672528424383], [19.950228293458483, 50.09528460409563], [19.94893168703073, 50.09384388062835], [19.94633847417521, 50.09384388062835], [19.945041867747452, 50.09528460409563]]]}}, {"type": "Feature", "properties": {"count": 1, "mean_min": 4.07}, "geometry": {"type": "Polygon", "coordinates": [[[19.945041867747452, 50.08952145030809], [19.94633847417521, 50.09096230373497], [19.94893168703073, 50.09096230373497], [19.950228293458483, 50.08952145030809], [19.94893168703073, 50.08808055356056], [19.94633847417521, 50.08808055356056], [19.945041867747452, 50.08952145030809]]]}}, {"type": "Feature", "properties": {"count": 1, "mean_min": 8.02}, "geometry": {"type": "Polygon", "coordinates": [[[19.945041867747452, 50.086639613492], [19.94633847417521, 50.08808055356056], [19.94893168703073, 50.08808055356056], [19.950228293458483, 50.086639613492], [19.94893168703073, 50.085198630102], [19.94633847417521, 50.085198630102], [19.945041867747452, 50.086639613492]]]}}, {"type": "Feature", "properties": {"count": 1, "mean_min": 3.12}, "geometry": {"type": "Polygon", "coordinates": [[[19.945041867747452, 50.07799306331688], [19.94633847417521, 50.0794342633199], [19.94893168703073, 50.0794342633199], [19.950228293458483, 50.07799306331688], [19.94893168703073, 50.0765518199901], [19.94633847417521, 50.0765518199901], [19.945041867747452, 50.07799306331688]]]}}, {"type": "Feature", "properties": {"count": 2, "mean_min": 7.68}, "geometry": {"type": "Polygon", "coordinates": [[[19.945041867747452, 50.075110533339156], [19.94633847417521, 50.0765518199901], [19.94893168703073, 50.0765518199901], [19.950228293458483, 50.075110533339156], [19.94893168703073, 50.07366920336365], [19.94633847417521, 50.07366920336365], [19.945041867747452, 50.075110533339156]]]}}, {"type": "Feature", "properties": {"count": 1, "mean_min": 30.71}, "geometry": {"type": "Polygon", "coordinates": [[[19.945041867747452, 50.0722278300632], [19.94633847417521, 50.07366920336365], [19.94893168703073, 50.07366920336365], [19.950228293458483, 50.0722278300632], [19.94893168703073, 50.07078641343742], [19.94633847417521, 50.07078641343742], [19.945041867747452, 50.0722278300632]]]}}, {"type": "Feature", "properties": {"count": 5, "mean_min": 17.3}, "geometry": {"type": "Polygon", "coordinates": [[[19.945041867747452, 50.0693449534859], [19.94633847417521, 50.07078641343742], [19.94893168703073, 50.07078641343742], [19.950228293458483, 50.0693449534859], [19.94893168703073, 50.06790345020828], [19.94633847417521, 50.06790345020828], [19.945041867747452, 50.0693449534859]]]}}, {"type": "Feature", "properties": {"count": 1, "mean_min": 5.4}, "geometry": {"type": "Polygon", "coordinates": [[[19.945041867747452, 50.054927970970205], [19.94633847417521, 50.0563698642004], [19.94893168703073, 50.0563698642004], [19.950228293458483, 50.054927970970205], [19.94893168703073, 50.053486034410014], [19.94633847417521, 50.053486034410014], [19.945041867747452, 50.054927970970205]]]}}, {"type": "Feature", "properties": {"count": 1, "mean_min": 5.87}, "geometry": {"type": "Polygon", "coordinates": [[[19.945041867747452, 50.052044054519406], [19.94633847417521, 50.053486034410014], [19.94893168703073, 50.053486034410014], [19.950228293458483, 50.052044054519406], [19.94893168703073, 50.05060203129803], [19.94633847417521, 50.05060203129803], [19.945041867747452, 50.052044054519406]]]}}, {"type": "Feature", "properties": {"count": 3, "mean_min": 4.58}, "geometry": {"type": "Polygon", "coordinates": [[[19.945041867747452, 50.043391265215725], [19.94633847417521, 50.044833505096875], [19.94893168703073, 50.044833505096875], [19.950228293458483, 50.043391265215725], [19.94893168703073, 50.041948982001465], [19.94633847417521, 50.041948982001465], [19.945041867747452, 50.043391265215725]]]}}, {"type": "Feature", "properties": {"count": 2, "mean_min": 2.93}, "geometry": {"type": "Polygon", "coordinates": [[[19.945041867747452, 50.03185178614182], [19.94633847417521, 50.033294372698755], [19.94893168703073, 50.033294372698755], [19.950228293458483, 50.03185178614182], [19.94893168703073, 50.03040915624867], [19.94633847417521, 50.03040915624867], [19.945041867747452, 50.03185178614182]]]}}, {"type": "Feature", "properties": {"count": 2, "mean_min": 21.04}, "geometry": {"type": "Polygon", "coordinates": [[[19.945041867747452, 50.02608100654804], [19.94633847417521, 50.02752376645217], [19.94893168703073, 50.02752376645217], [19.950228293458483, 50.02608100654804], [19.94893168703073, 50.02463820330614], [19.94633847417521, 50.02463820330614], [19.945041867747452, 50.02608100654804]]]}}, {"type": "Feature", "properties": {"count": 2, "mean_min": 10.24}, "geometry": {"type": "Polygon", "coordinates": [[[19.945041867747452, 50.01453736712296], [19.94633847417521, 50.01598047374004], [19.94893168703073, 50.01598047374004], [19.950228293458483, 50.01453736712296], [19.94893168703073, 50.01309421716502], [19.94633847417521, 50.01309421716502], [19.945041867747452, 50.01453736712296]]]}}, {"type": "Feature", "properties": {"count": 1, "mean_min": 5.09}, "geometry": {"type": "Polygon", "coordinates": [[[19.945041867747452, 50.01165102386583], [19.94633847417521, 50.01309421716502], [19.94893168703073, 50.01309421716502], [19.950228293458483, 50.01165102386583], [19.94893168703073, 50.010207787225006], [19.94633847417521, 50.010207787225006], [19.945041867747452, 50.01165102386583]]]}}, {"type": "Feature", "properties": {"count": 1, "mean_min": 7.79}, "geometry": {"type": "Polygon", "coordinates": [[[19.945041867747452, 50.008764507242184], [19.94633847417521, 50.010207787225006], [19.94893168703073, 50.010207787225006], [19.950228293458483, 50.008764507242184], [19.94893168703073, 50.00732118391694], [19.94633847417521, 50.00732118391694], [19.945041867747452, 50.008764507242184]]]}}, {"type": "Feature", "properties": {"count": 4, "mean_min": 15.23}, "geometry": {"type": "Polygon", "coordinates": [[[19.945041867747452, 50.00587781724892], [19.94633847417521, 50.00732118391694], [19.94893168703073, 50.00732118391694], [19.950228293458483, 50.00587781724892], [19.94893168703073, 50.00443440723772], [19.94633847417521, 50.00443440723772], [19.945041867747452, 50.00587781724892]]]}}, {"type": "Feature", "properties": {"count": 1, "mean_min": 30.83}, "geometry": {"type": "Polygon", "coordinates": [[[19.945041867747452, 49.99721670702065], [19.94633847417521, 49.99866033375349], [19.94893168703073, 49.99866033375349], [19.950228293458483, 49.99721670702065], [19.94893168703073, 49.99577303694232], [19.94633847417521, 49.99577303694232], [19.945041867747452, 49.99721670702065]]]}}, {"type": "Feature", "properties": {"count": 2, "mean_min": 19.01}, "geometry": {"type": "Polygon", "coordinates": [[[19.945041867747452, 49.994329323518116], [19.94633847417521, 49.99577303694232], [19.94893168703073, 49.99577303694232], [19.950228293458483, 49.994329323518116], [19.94893168703073, 49.99288556674766], [19.94633847417521, 49.99288556674766], [19.945041867747452, 49.994329323518116]]]}}, {"type": "Feature", "properties": {"count": 1, "mean_min": 7.31}, "geometry": {"type": "Polygon", "coordinates": [[[19.945041867747452, 49.99144176663057], [19.94633847417521, 49.99288556674766], [19.94893168703073, 49.99288556674766], [19.950228293458483, 49.99144176663057], [19.94893168703073, 49.989997923166456], [19.94633847417521, 49.989997923166456], [19.945041867747452, 49.99144176663057]]]}}, {"type": "Feature", "properties": {"count": 1, "mean_min": 20.05}, "geometry": {"type": "Polygon", "coordinates": [[[19.945041867747452, 49.98855403635494], [19.94633847417521, 49.989997923166456], [19.94893168703073, 49.989997923166456], [19.950228293458483, 49.98855403635494], [19.94893168703073, 49.98711010619562], [19.94633847417521, 49.98711010619562], [19.945041867747452, 49.98855403635494]]]}}, {"type": "Feature", "properties": {"count": 2, "mean_min": 29.98}, "geometry": {"type": "Polygon", "coordinates": [[[19.945041867747452, 49.9798898051687], [19.94633847417521, 49.981333952072745], [19.94893168703073, 49.981333952072745], [19.950228293458483, 49.9798898051687], [19.94893168703073, 49.97844561491457], [19.94633847417521, 49.97844561491457], [19.945041867747452, 49.9798898051687]]]}}, {"type": "Feature", "properties": {"count": 3, "mean_min": 19.47}, "geometry": {"type": "Polygon", "coordinates": [[[19.945041867747452, 49.97411278404773], [19.94633847417521, 49.975557104354465], [19.94893168703073, 49.975557104354465], [19.950228293458483, 49.97411278404773], [19.94893168703073, 49.972668420389375], [19.94633847417521, 49.972668420389375], [19.945041867747452, 49.97411278404773]]]}}, {"type": "Feature", "properties": {"count": 1, "mean_min": 29.29}, "geometry": {"type": "Polygon", "coordinates": [[[19.945041867747452, 49.971224013379], [19.94633847417521, 49.972668420389375], [19.94893168703073, 49.972668420389375], [19.950228293458483, 49.971224013379], [19.94893168703073, 49.96977956301623], [19.94633847417521, 49.96977956301623], [19.945041867747452, 49.971224013379]]]}}, {"type": "Feature", "properties": {"count": 2, "mean_min": 38.05}, "geometry": {"type": "Polygon", "coordinates": [[[19.94893168703073, 50.09960651458456], [19.950228293458483, 50.10104706477786], [19.952821506314002, 50.10104706477786], [19.95411811274176, 50.09960651458456], [19.952821506314002, 50.09816592107334], [19.950228293458483, 50.09816592107334], [19.94893168703073, 50.09960651458456]]]}}, {"type": "Feature", "properties": {"count": 2, "mean_min": 19.83}, "geometry": {"type": "Polygon", "coordinates": [[[19.94893168703073, 50.09384388062835], [19.950228293458483, 50.09528460409563], [19.952821506314002, 50.09528460409563], [19.95411811274176, 50.09384388062835], [19.952821506314002, 50.092403113841584], [19.950228293458483, 50.092403113841584], [19.94893168703073, 50.09384388062835]]]}}, {"type": "Feature", "properties": {"count": 1, "mean_min": 3.02}, "geometry": {"type": "Polygon", "coordinates": [[[19.94893168703073, 50.085198630102], [19.950228293458483, 50.086639613492], [19.952821506314002, 50.086639613492], [19.95411811274176, 50.085198630102], [19.952821506314002, 50.08375760339018], [19.950228293458483, 50.08375760339018], [19.94893168703073, 50.085198630102]]]}}, {"type": "Feature", "properties": {"count": 2, "mean_min": 4.37}, "geometry": {"type": "Polygon", "coordinates": [[[19.94893168703073, 50.08231653335615], [19.950228293458483, 50.08375760339018], [19.952821506314002, 50.08375760339018], [19.95411811274176, 50.08231653335615], [19.952821506314002, 50.080875419999515], [19.950228293458483, 50.080875419999515], [19.94893168703073, 50.08231653335615]]]}}, {"type": "Feature", "properties": {"count": 1, "mean_min": 4.56}, "geometry": {"type": "Polygon", "coordinates": [[[19.94893168703073, 50.0794342633199], [19.950228293458483, 50.080875419999515], [19.952821506314002, 50.080875419999515], [19.95411811274176, 50.0794342633199], [19.952821506314002, 50.07799306331688], [19.950228293458483, 50.07799306331688], [19.94893168703073, 50.0794342633199]]]}}, {"type": "Feature", "properties": {"count": 5, "mean_min": 16.97}, "geometry": {"type": "Polygon", "coordinates": [[[19.94893168703073, 50.06790345020828], [19.950228293458483, 50.0693449534859], [19.952821506314002, 50.0693449534859], [19.95411811274176, 50.06790345020828], [19.952821506314002, 50.06646190360415], [19.950228293458483, 50.06646190360415], [19.94893168703073, 50.06790345020828]]]}}, {"type": "Feature", "properties": {"count": 3, "mean_min": 7.05}, "geometry": {"type": "Polygon", "coordinates": [[[19.94893168703073, 50.06502031367313], [19.950228293458483, 50.06646190360415], [19.952821506314002, 50.06646190360415], [19.95411811274176, 50.06502031367313], [19.952821506314002, 50.06357868041482], [19.950228293458483, 50.06357868041482], [19.94893168703073, 50.06502031367313]]]}}, {"type": "Feature", "properties": {"count": 2, "mean_min": 5.72}, "geometry": {"type": "Polygon", "coordinates": [[[19.94893168703073, 50.05060203129803], [19.950228293458483, 50.052044054519406], [19.952821506314002, 50.052044054519406], [19.95411811274176, 50.05060203129803], [19.952821506314002, 50.04915996474547], [19.950228293458483, 50.04915996474547], [19.94893168703073, 50.05060203129803]]]}}, {"type": "Feature", "properties": {"count": 1, "mean_min": 2.97}, "geometry": {"type": "Polygon", "coordinates": [[[19.94893168703073, 50.03040915624867], [19.950228293458483, 50.03185178614182], [19.952821506314002, 50.03185178614182], [19.95411811274176, 50.03040915624867], [19.952821506314002, 50.02896648301891], [19.950228293458483, 50.02896648301891], [19.94893168703073, 50.03040915624867]]]}}, {"type": "Feature", "properties": {"count": 2, "mean_min": 11.88}, "geometry": {"type": "Polygon", "coordinates": [[[19.94893168703073, 50.018866556953185], [19.950228293458483, 50.020309533550005], [19.952821506314002, 50.020309533550005], [19.95411811274176, 50.018866556953185], [19.952821506314002, 50.01742353701666], [19.950228293458483, 50.01742353701666], [19.94893168703073, 50.018866556953185]]]}}, {"type": "Feature", "properties": {"count": 1, "mean_min": 9.0}, "geometry": {"type": "Polygon", "coordinates": [[[19.94893168703073, 50.01598047374004], [19.950228293458483, 50.01742353701666], [19.952821506314002, 50.01742353701666], [19.95411811274176, 50.01598047374004], [19.952821506314002, 50.01453736712296], [19.950228293458483, 50.01453736712296], [19.94893168703073, 50.01598047374004]]]}}, {"type": "Feature", "properties": {"count": 4, "mean_min": 10.43}, "geometry": {"type": "Polygon", "coordinates": [[[19.94893168703073, 50.01309421716502], [19.950228293458483, 50.01453736712296], [19.952821506314002, 50.01453736712296], [19.95411811274176, 50.01309421716502], [19.952821506314002, 50.01165102386583], [19.950228293458483, 50.01165102386583], [19.94893168703073, 50.01309421716502]]]}}, {"type": "Feature", "properties": {"count": 1, "mean_min": 5.01}, "geometry": {"type": "Polygon", "coordinates": [[[19.952821506314, 50.10104706477786], [19.95411811274176, 50.10248757165366], [19.95671132559728, 50.10248757165366], [19.958007932025037, 50.10104706477786], [19.95671132559728, 50.09960651458456], [19.95411811274176, 50.09960651458456], [19.952821506314, 50.10104706477786]]]}}, {"type": "Feature", "properties": {"count": 3, "mean_min": 18.29}, "geometry": {"type": "Polygon", "coordinates": [[[19.952821506314, 50.09816592107334], [19.95411811274176, 50.09960651458456], [19.95671132559728, 50.09960651458456], [19.958007932025037, 50.09816592107334], [19.95671132559728, 50.09672528424383], [19.95411811274176, 50.09672528424383], [19.952821506314, 50.09816592107334]]]}}, {"type": "Feature", "properties": {"count": 2, "mean_min": 5.13}, "geometry": {"type": "Polygon", "coordinates": [[[19.952821506314, 50.09528460409563], [19.95411811274176, 50.09672528424383], [19.95671132559728, 50.09672528424383], [19.958007932025037, 50.09528460409563], [19.95671132559728, 50.09384388062835], [19.95411811274176, 50.09384388062835], [19.952821506314, 50.09528460409563]]]}}, {"type": "Feature", "properties": {"count": 2, "mean_min": 19.92}, "geometry": {"type": "Polygon", "coordinates": [[[19.952821506314, 50.092403113841584], [19.95411811274176, 50.09384388062835], [19.95671132559728, 50.09384388062835], [19.958007932025037, 50.092403113841584], [19.95671132559728, 50.09096230373497], [19.95411811274176, 50.09096230373497], [19.952821506314, 50.092403113841584]]]}}, {"type": "Feature", "properties": {"count": 1, "mean_min": 3.27}, "geometry": {"type": "Polygon", "coordinates": [[[19.952821506314, 50.08952145030809], [19.95411811274176, 50.09096230373497], [19.95671132559728, 50.09096230373497], [19.958007932025037, 50.08952145030809], [19.95671132559728, 50.08808055356056], [19.95411811274176, 50.08808055356056], [19.952821506314, 50.08952145030809]]]}}, {"type": "Feature", "properties": {"count": 3, "mean_min": 9.34}, "geometry": {"type": "Polygon", "coordinates": [[[19.952821506314, 50.086639613492], [19.95411811274176, 50.08808055356056], [19.95671132559728, 50.08808055356056], [19.958007932025037, 50.086639613492], [19.95671132559728, 50.085198630102], [19.95411811274176, 50.085198630102], [19.952821506314, 50.086639613492]]]}}, {"type": "Feature", "properties": {"count": 2, "mean_min": 19.9}, "geometry": {"type": "Polygon", "coordinates": [[[19.952821506314, 50.0722278300632], [19.95411811274176, 50.07366920336365], [19.95671132559728, 50.07366920336365], [19.958007932025037, 50.0722278300632], [19.95671132559728, 50.07078641343742], [19.95411811274176, 50.07078641343742], [19.952821506314, 50.0722278300632]]]}}, {"type": "Feature", "properties": {"count": 1, "mean_min": 19.45}, "geometry": {"type": "Polygon", "coordinates": [[[19.952821506314, 50.0693449534859], [19.95411811274176, 50.07078641343742], [19.95671132559728, 50.07078641343742], [19.958007932025037, 50.0693449534859], [19.95671132559728, 50.06790345020828], [19.95411811274176, 50.06790345020828], [19.952821506314, 50.0693449534859]]]}}, {"type": "Feature", "properties": {"count": 4, "mean_min": 4.54}, "geometry": {"type": "Polygon", "coordinates": [[[19.952821506314, 50.04627570164527], [19.95411811274176, 50.04771785486135], [19.95671132559728, 50.04771785486135], [19.958007932025037, 50.04627570164527], [19.95671132559728, 50.044833505096875], [19.95411811274176, 50.044833505096875], [19.952821506314, 50.04627570164527]]]}}, {"type": "Feature", "properties": {"count": 3, "mean_min": 2.64}, "geometry": {"type": "Polygon", "coordinates": [[[19.952821506314, 50.02896648301891], [19.95411811274176, 50.03040915624867], [19.95671132559728, 50.03040915624867], [19.958007932025037, 50.02896648301891], [19.95671132559728, 50.02752376645217], [19.95411811274176, 50.02752376645217], [19.952821506314, 50.02896648301891]]]}}, {"type": "Feature", "properties": {"count": 2, "mean_min": 12.13}, "geometry": {"type": "Polygon", "coordinates": [[[19.952821506314, 50.020309533550005], [19.95411811274176, 50.02175246680752], [19.95671132559728, 50.02175246680752], [19.958007932025037, 50.020309533550005], [19.95671132559728, 50.018866556953185], [19.95411811274176, 50.018866556953185], [19.952821506314, 50.020309533550005]]]}}, {"type": "Feature", "properties": {"count": 4, "mean_min": 11.53}, "geometry": {"type": "Polygon", "coordinates": [[[19.952821506314, 50.01165102386583], [19.95411811274176, 50.01309421716502], [19.95671132559728, 50.01309421716502], [19.958007932025037, 50.01165102386583], [19.95671132559728, 50.010207787225006], [19.95411811274176, 50.010207787225006], [19.952821506314, 50.01165102386583]]]}}, {"type": "Feature", "properties": {"count": 2, "mean_min": 11.95}, "geometry": {"type": "Polygon", "coordinates": [[[19.952821506314, 50.00587781724892], [19.95411811274176, 50.00732118391694], [19.95671132559728, 50.00732118391694], [19.958007932025037, 50.00587781724892], [19.95671132559728, 50.00443440723772], [19.95411811274176, 50.00443440723772], [19.952821506314, 50.00587781724892]]]}}, {"type": "Feature", "properties": {"count": 2, "mean_min": 17.91}, "geometry": {"type": "Polygon", "coordinates": [[[19.952821506314, 49.98855403635494], [19.95411811274176, 49.989997923166456], [19.95671132559728, 49.989997923166456], [19.958007932025037, 49.98855403635494], [19.95671132559728, 49.98711010619562], [19.95411811274176, 49.98711010619562], [19.952821506314, 49.98855403635494]]]}}, {"type": "Feature", "properties": {"count": 2, "mean_min": 30.15}, "geometry": {"type": "Polygon", "coordinates": [[[19.952821506314, 49.9798898051687], [19.95411811274176, 49.981333952072745], [19.95671132559728, 49.981333952072745], [19.958007932025037, 49.9798898051687], [19.95671132559728, 49.97844561491457], [19.95411811274176, 49.97844561491457], [19.952821506314, 49.9798898051687]]]}}, {"type": "Feature", "properties": {"count": 3, "mean_min": 31.3}, "geometry": {"type": "Polygon", "coordinates": [[[19.95671132559728, 50.10248757165366], [19.958007932025037, 50.10392803521233], [19.960601144880556, 50.10392803521233], [19.961897751308314, 50.10248757165366], [19.960601144880556, 50.10104706477786], [19.958007932025037, 50.10104706477786], [19.95671132559728, 50.10248757165366]]]}}, {"type": "Feature", "properties": {"count": 1, "mean_min": 31.46}, "geometry": {"type": "Polygon", "coordinates": [[[19.95671132559728, 50.09960651458456], [19.958007932025037, 50.10104706477786], [19.960601144880556, 50.10104706477786], [19.961897751308314, 50.09960651458456], [19.960601144880556, 50.09816592107334], [19.958007932025037, 50.09816592107334], [19.95671132559728, 50.09960651458456]]]}}, {"type": "Feature", "properties": {"count": 1, "mean_min": 20.28}, "geometry": {"type": "Polygon", "coordinates": [[[19.95671132559728, 50.09384388062835], [19.958007932025037, 50.09528460409563], [19.960601144880556, 50.09528460409563], [19.961897751308314, 50.09384388062835], [19.960601144880556, 50.092403113841584], [19.958007932025037, 50.092403113841584], [19.95671132559728, 50.09384388062835]]]}}, {"type": "Feature", "properties": {"count": 2, "mean_min": 9.78}, "geometry": {"type": "Polygon", "coordinates": [[[19.95671132559728, 50.08808055356056], [19.958007932025037, 50.08952145030809], [19.960601144880556, 50.08952145030809], [19.961897751308314, 50.08808055356056], [19.960601144880556, 50.086639613492], [19.958007932025037, 50.086639613492], [19.95671132559728, 50.08808055356056]]]}}, {"type": "Feature", "properties": {"count": 3, "mean_min": 19.79}, "geometry": {"type": "Polygon", "coordinates": [[[19.95671132559728, 50.07366920336365], [19.958007932025037, 50.075110533339156], [19.960601144880556, 50.075110533339156], [19.961897751308314, 50.07366920336365], [19.960601144880556, 50.0722278300632], [19.958007932025037, 50.0722278300632], [19.95671132559728, 50.07366920336365]]]}}, {"type": "Feature", "properties": {"count": 2, "mean_min": 5.8}, "geometry": {"type": "Polygon", "coordinates": [[[19.95671132559728, 50.06790345020828], [19.958007932025037, 50.0693449534859], [19.960601144880556, 50.0693449534859], [19.961897751308314, 50.06790345020828], [19.960601144880556, 50.06646190360415], [19.958007932025037, 50.06646190360415], [19.95671132559728, 50.06790345020828]]]}}, {"type": "Feature", "properties": {"count": 6, "mean_min": 6.16}, "geometry": {"type": "Polygon", "coordinates": [[[19.95671132559728, 50.06502031367313], [19.958007932025037, 50.06646190360415], [19.960601144880556, 50.06646190360415], [19.961897751308314, 50.06502031367313], [19.960601144880556, 50.06357868041482], [19.958007932025037, 50.06357868041482], [19.95671132559728, 50.06502031367313]]]}}, {"type": "Feature", "properties": {"count": 2, "mean_min": 3.59}, "geometry": {"type": "Polygon", "coordinates": [[[19.95671132559728, 50.0592535206723], [19.958007932025037, 50.0606952839148], [19.960601144880556, 50.0606952839148], [19.961897751308314, 50.0592535206723], [19.960601144880556, 50.05781171410096], [19.958007932025037, 50.05781171410096], [19.95671132559728, 50.0592535206723]]]}}, {"type": "Feature", "properties": {"count": 1, "mean_min": 3.55}, "geometry": {"type": "Polygon", "coordinates": [[[19.95671132559728, 50.0563698642004], [19.958007932025037, 50.05781171410096], [19.960601144880556, 50.05781171410096], [19.961897751308314, 50.0563698642004], [19.960601144880556, 50.054927970970205], [19.958007932025037, 50.054927970970205], [19.95671132559728, 50.0563698642004]]]}}, {"type": "Feature", "properties": {"count": 2, "mean_min": 2.48}, "geometry": {"type": "Polygon", "coordinates": [[[19.95671132559728, 50.041948982001465], [19.958007932025037, 50.043391265215725], [19.960601144880556, 50.043391265215725], [19.961897751308314, 50.041948982001465], [19.960601144880556, 50.040506655453704], [19.958007932025037, 50.040506655453704], [19.95671132559728, 50.041948982001465]]]}}, {"type": "Feature", "properties": {"count": 3, "mean_min": 11.73}, "geometry": {"type": "Polygon", "coordinates": [[[19.95671132559728, 50.02463820330614], [19.958007932025037, 50.02608100654804], [19.960601144880556, 50.02608100654804], [19.961897751308314, 50.02463820330614], [19.960601144880556, 50.0231953567261], [19.958007932025037, 50.0231953567261], [19.95671132559728, 50.02463820330614]]]}}, {"type": "Feature", "properties": {"count": 1, "mean_min": 5.24}, "geometry": {"type": "Polygon", "coordinates": [[[19.95671132559728, 50.02175246680752], [19.958007932025037, 50.0231953567261], [19.960601144880556, 50.0231953567261], [19.961897751308314, 50.02175246680752], [19.960601144880556, 50.020309533550005], [19.958007932025037, 50.020309533550005], [19.95671132559728, 50.02175246680752]]]}}, {"type": "Feature", "properties": {"count": 1, "mean_min": 6.09}, "geometry": {"type": "Polygon", "coordinates": [[[19.95671132559728, 50.018866556953185], [19.958007932025037, 50.020309533550005], [19.960601144880556, 50.020309533550005], [19.961897751308314, 50.018866556953185], [19.960601144880556, 50.01742353701666], [19.958007932025037, 50.01742353701666], [19.95671132559728, 50.018866556953185]]]}}, {"type": "Feature", "properties": {"count": 2, "mean_min": 30.05}, "geometry": {"type": "Polygon", "coordinates": [[[19.95671132559728, 49.981333952072745], [19.958007932025037, 49.98277805562707], [19.960601144880556, 49.98277805562707], [19.961897751308314, 49.981333952072745], [19.960601144880556, 49.9798898051687], [19.958007932025037, 49.9798898051687], [19.95671132559728, 49.981333952072745]]]}}, {"type": "Feature", "properties": {"count": 2, "mean_min": 37.77}, "geometry": {"type": "Polygon", "coordinates": [[[19.95671132559728, 49.972668420389375], [19.958007932025037, 49.97411278404773], [19.960601144880556, 49.97411278404773], [19.961897751308314, 49.972668420389375], [19.960601144880556, 49.971224013379], [19.958007932025037, 49.971224013379], [19.95671132559728, 49.972668420389375]]]}}, {"type": "Feature", "properties": {"count": 3, "mean_min": 9.14}, "geometry": {"type": "Polygon", "coordinates": [[[19.960601144880556, 50.10392803521233], [19.961897751308314, 50.10536845545427], [19.964490964163833, 50.10536845545427], [19.96578757059159, 50.10392803521233], [19.964490964163833, 50.10248757165366], [19.961897751308314, 50.10248757165366], [19.960601144880556, 50.10392803521233]]]}}, {"type": "Feature", "properties": {"count": 5, "mean_min": 23.28}, "geometry": {"type": "Polygon", "coordinates": [[[19.960601144880556, 50.10104706477786], [19.961897751308314, 50.10248757165366], [19.964490964163833, 50.10248757165366], [19.96578757059159, 50.10104706477786], [19.964490964163833, 50.09960651458456], [19.961897751308314, 50.09960651458456], [19.960601144880556, 50.10104706477786]]]}}, {"type": "Feature", "properties": {"count": 3, "mean_min": 14.53}, "geometry": {"type": "Polygon", "coordinates": [[[19.960601144880556, 50.09816592107334], [19.961897751308314, 50.09960651458456], [19.964490964163833, 50.09960651458456], [19.96578757059159, 50.09816592107334], [19.964490964163833, 50.09672528424383], [19.961897751308314, 50.09672528424383], [19.960601144880556, 50.09816592107334]]]}}, {"type": "Feature", "properties": {"count": 3, "mean_min": 19.3}, "geometry": {"type": "Polygon", "coordinates": [[[19.960601144880556, 50.092403113841584], [19.961897751308314, 50.09384388062835], [19.964490964163833, 50.09384388062835], [19.96578757059159, 50.092403113841584], [19.964490964163833, 50.09096230373497], [19.961897751308314, 50.09096230373497], [19.960601144880556, 50.092403113841584]]]}}, {"type": "Feature", "properties": {"count": 1, "mean_min": 19.79}, "geometry": {"type": "Polygon", "coordinates": [[[19.960601144880556, 50.08952145030809], [19.961897751308314, 50.09096230373497], [19.964490964163833, 50.09096230373497], [19.96578757059159, 50.08952145030809], [19.964490964163833, 50.08808055356056], [19.961897751308314, 50.08808055356056], [19.960601144880556, 50.08952145030809]]]}}, {"type": "Feature", "properties": {"count": 2, "mean_min": 17.82}, "geometry": {"type": "Polygon", "coordinates": [[[19.960601144880556, 50.086639613492], [19.961897751308314, 50.08808055356056], [19.964490964163833, 50.08808055356056], [19.96578757059159, 50.086639613492], [19.964490964163833, 50.085198630102], [19.961897751308314, 50.085198630102], [19.960601144880556, 50.086639613492]]]}}, {"type": "Feature", "properties": {"count": 1, "mean_min": 20.43}, "geometry": {"type": "Polygon", "coordinates": [[[19.960601144880556, 50.08375760339018], [19.961897751308314, 50.085198630102], [19.964490964163833, 50.085198630102], [19.96578757059159, 50.08375760339018], [19.964490964163833, 50.08231653335615], [19.961897751308314, 50.08231653335615], [19.960601144880556, 50.08375760339018]]]}}, {"type": "Feature", "properties": {"count": 1, "mean_min": 19.94}, "geometry": {"type": "Polygon", "coordinates": [[[19.960601144880556, 50.075110533339156], [19.961897751308314, 50.0765518199901], [19.964490964163833, 50.0765518199901], [19.96578757059159, 50.075110533339156], [19.964490964163833, 50.07366920336365], [19.961897751308314, 50.07366920336365], [19.960601144880556, 50.075110533339156]]]}}, {"type": "Feature", "properties": {"count": 2, "mean_min": 13.88}, "geometry": {"type": "Polygon", "coordinates": [[[19.960601144880556, 50.0693449534859], [19.961897751308314, 50.07078641343742], [19.964490964163833, 50.07078641343742], [19.96578757059159, 50.0693449534859], [19.964490964163833, 50.06790345020828], [19.961897751308314, 50.06790345020828], [19.960601144880556, 50.0693449534859]]]}}, {"type": "Feature", "properties": {"count": 2, "mean_min": 5.17}, "geometry": {"type": "Polygon", "coordinates": [[[19.960601144880556, 50.05781171410096], [19.961897751308314, 50.0592535206723], [19.964490964163833, 50.0592535206723], [19.96578757059159, 50.05781171410096], [19.964490964163833, 50.0563698642004], [19.961897751308314, 50.0563698642004], [19.960601144880556, 50.05781171410096]]]}}, {"type": "Feature", "properties": {"count": 2, "mean_min": 3.25}, "geometry": {"type": "Polygon", "coordinates": [[[19.960601144880556, 50.04915996474547], [19.961897751308314, 50.05060203129803], [19.964490964163833, 50.05060203129803], [19.96578757059159, 50.04915996474547], [19.964490964163833, 50.04771785486135], [19.961897751308314, 50.04771785486135], [19.960601144880556, 50.04915996474547]]]}}, {"type": "Feature", "properties": {"count": 2, "mean_min": 26.32}, "geometry": {"type": "Polygon", "coordinates": [[[19.960601144880556, 50.043391265215725], [19.961897751308314, 50.044833505096875], [19.964490964163833, 50.044833505096875], [19.96578757059159, 50.043391265215725], [19.964490964163833, 50.041948982001465], [19.961897751308314, 50.041948982001465], [19.960601144880556, 50.043391265215725]]]}}, {"type": "Feature", "properties": {"count": 1, "mean_min": 11.84}, "geometry": {"type": "Polygon", "coordinates": [[[19.960601144880556, 50.040506655453704], [19.961897751308314, 50.041948982001465], [19.964490964163833, 50.041948982001465], [19.96578757059159, 50.040506655453704], [19.964490964163833, 50.039064285572046], [19.961897751308314, 50.039064285572046], [19.960601144880556, 50.040506655453704]]]}}, {"type": "Feature", "properties": {"count": 1, "mean_min": 2.07}, "geometry": {"type": "Polygon", "coordinates": [[[19.960601144880556, 50.03762187235612], [19.961897751308314, 50.039064285572046], [19.964490964163833, 50.039064285572046], [19.96578757059159, 50.03762187235612], [19.964490964163833, 50.03617941580551], [19.961897751308314, 50.03617941580551], [19.960601144880556, 50.03762187235612]]]}}, {"type": "Feature", "properties": {"count": 1, "mean_min": 13.87}, "geometry": {"type": "Polygon", "coordinates": [[[19.960601144880556, 50.0231953567261], [19.961897751308314, 50.02463820330614], [19.964490964163833, 50.02463820330614], [19.96578757059159, 50.0231953567261], [19.964490964163833, 50.02175246680752], [19.961897751308314, 50.02175246680752], [19.960601144880556, 50.0231953567261]]]}}, {"type": "Feature", "properties": {"count": 1, "mean_min": 11.09}, "geometry": {"type": "Polygon", "coordinates": [[[19.960601144880556, 50.020309533550005], [19.961897751308314, 50.02175246680752], [19.964490964163833, 50.02175246680752], [19.96578757059159, 50.020309533550005], [19.964490964163833, 50.018866556953185], [19.961897751308314, 50.018866556953185], [19.960601144880556, 50.020309533550005]]]}}, {"type": "Feature", "properties": {"count": 1, "mean_min": 5.24}, "geometry": {"type": "Polygon", "coordinates": [[[19.960601144880556, 50.01742353701666], [19.961897751308314, 50.018866556953185], [19.964490964163833, 50.018866556953185], [19.96578757059159, 50.01742353701666], [19.964490964163833, 50.01598047374004], [19.961897751308314, 50.01598047374004], [19.960601144880556, 50.01742353701666]]]}}, {"type": "Feature", "properties": {"count": 4, "mean_min": 7.83}, "geometry": {"type": "Polygon", "coordinates": [[[19.960601144880556, 50.01453736712296], [19.961897751308314, 50.01598047374004], [19.964490964163833, 50.01598047374004], [19.96578757059159, 50.01453736712296], [19.964490964163833, 50.01309421716502], [19.961897751308314, 50.01309421716502], [19.960601144880556, 50.01453736712296]]]}}, {"type": "Feature", "properties": {"count": 3, "mean_min": 30.51}, "geometry": {"type": "Polygon", "coordinates": [[[19.960601144880556, 49.98855403635494], [19.961897751308314, 49.989997923166456], [19.964490964163833, 49.989997923166456], [19.96578757059159, 49.98855403635494], [19.964490964163833, 49.98711010619562], [19.961897751308314, 49.98711010619562], [19.960601144880556, 49.98855403635494]]]}}, {"type": "Feature", "properties": {"count": 2, "mean_min": 11.14}, "geometry": {"type": "Polygon", "coordinates": [[[19.964490964163833, 50.10824916598952], [19.96578757059159, 50.10968945628362], [19.968380783447113, 50.10968945628362], [19.969677389874867, 50.10824916598952], [19.968380783447113, 50.10680883237986], [19.96578757059159, 50.10680883237986], [19.964490964163833, 50.10824916598952]]]}}, {"type": "Feature", "properties": {"count": 1, "mean_min": 9.35}, "geometry": {"type": "Polygon", "coordinates": [[[19.964490964163833, 50.10536845545427], [19.96578757059159, 50.10680883237986], [19.968380783447113, 50.10680883237986], [19.969677389874867, 50.10536845545427], [19.968380783447113, 50.10392803521233], [19.96578757059159, 50.10392803521233], [19.964490964163833, 50.10536845545427]]]}}, {"type": "Feature", "properties": {"count": 2, "mean_min": 16.72}, "geometry": {"type": "Polygon", "coordinates": [[[19.964490964163833, 50.09384388062835], [19.96578757059159, 50.09528460409563], [19.968380783447113, 50.09528460409563], [19.969677389874867, 50.09384388062835], [19.968380783447113, 50.092403113841584], [19.96578757059159, 50.092403113841584], [19.964490964163833, 50.09384388062835]]]}}, {"type": "Feature", "properties": {"count": 3, "mean_min": 18.01}, "geometry": {"type": "Polygon", "coordinates": [[[19.964490964163833, 50.08808055356056], [19.96578757059159, 50.08952145030809], [19.968380783447113, 50.08952145030809], [19.969677389874867, 50.08808055356056], [19.968380783447113, 50.086639613492], [19.96578757059159, 50.086639613492], [19.964490964163833, 50.08808055356056]]]}}, {"type": "Feature", "properties": {"count": 1, "mean_min": 20.29}, "geometry": {"type": "Polygon", "coordinates": [[[19.964490964163833, 50.085198630102], [19.96578757059159, 50.086639613492], [19.968380783447113, 50.086639613492], [19.969677389874867, 50.085198630102], [19.968380783447113, 50.08375760339018], [19.96578757059159, 50.08375760339018], [19.964490964163833, 50.085198630102]]]}}, {"type": "Feature", "properties": {"count": 2, "mean_min": 9.4}, "geometry": {"type": "Polygon", "coordinates": [[[19.964490964163833, 50.07366920336365], [19.96578757059159, 50.075110533339156], [19.968380783447113, 50.075110533339156], [19.969677389874867, 50.07366920336365], [19.968380783447113, 50.0722278300632], [19.96578757059159, 50.0722278300632], [19.964490964163833, 50.07366920336365]]]}}, {"type": "Feature", "properties": {"count": 2, "mean_min": 5.29}, "geometry": {"type": "Polygon", "coordinates": [[[19.964490964163833, 50.0592535206723], [19.96578757059159, 50.0606952839148], [19.968380783447113, 50.0606952839148], [19.969677389874867, 50.0592535206723], [19.968380783447113, 50.05781171410096], [19.96578757059159, 50.05781171410096], [19.964490964163833, 50.0592535206723]]]}}, {"type": "Feature", "properties": {"count": 2, "mean_min": 3.48}, "geometry": {"type": "Polygon", "coordinates": [[[19.964490964163833, 50.04771785486135], [19.96578757059159, 50.04915996474547], [19.968380783447113, 50.04915996474547], [19.969677389874867, 50.04771785486135], [19.968380783447113, 50.04627570164527], [19.96578757059159, 50.04627570164527], [19.964490964163833, 50.04771785486135]]]}}, {"type": "Feature", "properties": {"count": 1, "mean_min": 2.74}, "geometry": {"type": "Polygon", "coordinates": [[[19.964490964163833, 50.039064285572046], [19.96578757059159, 50.040506655453704], [19.968380783447113, 50.040506655453704], [19.969677389874867, 50.039064285572046], [19.968380783447113, 50.03762187235612], [19.96578757059159, 50.03762187235612], [19.964490964163833, 50.039064285572046]]]}}, {"type": "Feature", "properties": {"count": 2, "mean_min": 5.12}, "geometry": {"type": "Polygon", "coordinates": [[[19.964490964163833, 50.02752376645217], [19.96578757059159, 50.02896648301891], [19.968380783447113, 50.02896648301891], [19.969677389874867, 50.02752376645217], [19.968380783447113, 50.02608100654804], [19.96578757059159, 50.02608100654804], [19.964490964163833, 50.02752376645217]]]}}, {"type": "Feature", "properties": {"count": 1, "mean_min": 11.47}, "geometry": {"type": "Polygon", "coordinates": [[[19.964490964163833, 50.02175246680752], [19.96578757059159, 50.0231953567261], [19.968380783447113, 50.0231953567261], [19.969677389874867, 50.02175246680752], [19.968380783447113, 50.020309533550005], [19.96578757059159, 50.020309533550005], [19.964490964163833, 50.02175246680752]]]}}, {"type": "Feature", "properties": {"count": 3, "mean_min": 14.36}, "geometry": {"type": "Polygon", "coordinates": [[[19.964490964163833, 50.01309421716502], [19.96578757059159, 50.01453736712296], [19.968380783447113, 50.01453736712296], [19.969677389874867, 50.01309421716502], [19.968380783447113, 50.01165102386583], [19.96578757059159, 50.01165102386583], [19.964490964163833, 50.01309421716502]]]}}, {"type": "Feature", "properties": {"count": 1, "mean_min": 29.77}, "geometry": {"type": "Polygon", "coordinates": [[[19.964490964163833, 49.98711010619562], [19.96578757059159, 49.98855403635494], [19.968380783447113, 49.98855403635494], [19.969677389874867, 49.98711010619562], [19.968380783447113, 49.98566613268813], [19.96578757059159, 49.98566613268813], [19.964490964163833, 49.98711010619562]]]}}, {"type": "Feature", "properties": {"count": 2, "mean_min": 17.4}, "geometry": {"type": "Polygon", "coordinates": [[[19.968380783447113, 50.08952145030809], [19.969677389874867, 50.09096230373497], [19.972270602730386, 50.09096230373497], [19.973567209158144, 50.08952145030809], [19.972270602730386, 50.08808055356056], [19.969677389874867, 50.08808055356056], [19.968380783447113, 50.08952145030809]]]}}, {"type": "Feature", "properties": {"count": 1, "mean_min": 19.47}, "geometry": {"type": "Polygon", "coordinates": [[[19.968380783447113, 50.086639613492], [19.969677389874867, 50.08808055356056], [19.972270602730386, 50.08808055356056], [19.973567209158144, 50.086639613492], [19.972270602730386, 50.085198630102], [19.969677389874867, 50.085198630102], [19.968380783447113, 50.086639613492]]]}}, {"type": "Feature", "properties": {"count": 2, "mean_min": 7.44}, "geometry": {"type": "Polygon", "coordinates": [[[19.968380783447113, 50.08375760339018], [19.969677389874867, 50.085198630102], [19.972270602730386, 50.085198630102], [19.973567209158144, 50.08375760339018], [19.972270602730386, 50.08231653335615], [19.969677389874867, 50.08231653335615], [19.968380783447113, 50.08375760339018]]]}}, {"type": "Feature", "properties": {"count": 2, "mean_min": 7.79}, "geometry": {"type": "Polygon", "coordinates": [[[19.968380783447113, 50.080875419999515], [19.969677389874867, 50.08231653335615], [19.972270602730386, 50.08231653335615], [19.973567209158144, 50.080875419999515], [19.972270602730386, 50.0794342633199], [19.969677389874867, 50.0794342633199], [19.968380783447113, 50.080875419999515]]]}}, {"type": "Feature", "properties": {"count": 2, "mean_min": 6.59}, "geometry": {"type": "Polygon", "coordinates": [[[19.968380783447113, 50.07799306331688], [19.969677389874867, 50.0794342633199], [19.972270602730386, 50.0794342633199], [19.973567209158144, 50.07799306331688], [19.972270602730386, 50.0765518199901], [19.969677389874867, 50.0765518199901], [19.968380783447113, 50.07799306331688]]]}}, {"type": "Feature", "properties": {"count": 2, "mean_min": 2.91}, "geometry": {"type": "Polygon", "coordinates": [[[19.968380783447113, 50.06646190360415], [19.969677389874867, 50.06790345020828], [19.972270602730386, 50.06790345020828], [19.973567209158144, 50.06646190360415], [19.972270602730386, 50.06502031367313], [19.969677389874867, 50.06502031367313], [19.968380783447113, 50.06646190360415]]]}}, {"type": "Feature", "properties": {"count": 2, "mean_min": 5.27}, "geometry": {"type": "Polygon", "coordinates": [[[19.968380783447113, 50.0606952839148], [19.969677389874867, 50.06213700382884], [19.972270602730386, 50.06213700382884], [19.973567209158144, 50.0606952839148], [19.972270602730386, 50.0592535206723], [19.969677389874867, 50.0592535206723], [19.968380783447113, 50.0606952839148]]]}}, {"type": "Feature", "properties": {"count": 1, "mean_min": 11.04}, "geometry": {"type": "Polygon", "coordinates": [[[19.968380783447113, 50.04627570164527], [19.969677389874867, 50.04771785486135], [19.972270602730386, 50.04771785486135], [19.973567209158144, 50.04627570164527], [19.972270602730386, 50.044833505096875], [19.969677389874867, 50.044833505096875], [19.968380783447113, 50.04627570164527]]]}}, {"type": "Feature", "properties": {"count": 1, "mean_min": 2.0}, "geometry": {"type": "Polygon", "coordinates": [[[19.968380783447113, 50.03473691591986], [19.969677389874867, 50.03617941580551], [19.972270602730386, 50.03617941580551], [19.973567209158144, 50.03473691591986], [19.972270602730386, 50.033294372698755], [19.969677389874867, 50.033294372698755], [19.968380783447113, 50.03473691591986]]]}}, {"type": "Feature", "properties": {"count": 1, "mean_min": 2.85}, "geometry": {"type": "Polygon", "coordinates": [[[19.968380783447113, 50.03185178614182], [19.969677389874867, 50.033294372698755], [19.972270602730386, 50.033294372698755], [19.973567209158144, 50.03185178614182], [19.972270602730386, 50.03040915624867], [19.969677389874867, 50.03040915624867], [19.968380783447113, 50.03185178614182]]]}}, {"type": "Feature", "properties": {"count": 1, "mean_min": 13.61}, "geometry": {"type": "Polygon", "coordinates": [[[19.968380783447113, 50.02608100654804], [19.969677389874867, 50.02752376645217], [19.972270602730386, 50.02752376645217], [19.973567209158144, 50.02608100654804], [19.972270602730386, 50.02463820330614], [19.969677389874867, 50.02463820330614], [19.968380783447113, 50.02608100654804]]]}}, {"type": "Feature", "properties": {"count": 2, "mean_min": 12.92}, "geometry": {"type": "Polygon", "coordinates": [[[19.968380783447113, 50.0231953567261], [19.969677389874867, 50.02463820330614], [19.972270602730386, 50.02463820330614], [19.973567209158144, 50.0231953567261], [19.972270602730386, 50.02175246680752], [19.969677389874867, 50.02175246680752], [19.968380783447113, 50.0231953567261]]]}}, {"type": "Feature", "properties": {"count": 4, "mean_min": 18.27}, "geometry": {"type": "Polygon", "coordinates": [[[19.968380783447113, 50.01453736712296], [19.969677389874867, 50.01598047374004], [19.972270602730386, 50.01598047374004], [19.973567209158144, 50.01453736712296], [19.972270602730386, 50.01309421716502], [19.969677389874867, 50.01309421716502], [19.968380783447113, 50.01453736712296]]]}}, {"type": "Feature", "properties": {"count": 1, "mean_min": 15.13}, "geometry": {"type": "Polygon", "coordinates": [[[19.968380783447113, 50.01165102386583], [19.969677389874867, 50.01309421716502], [19.972270602730386, 50.01309421716502], [19.973567209158144, 50.01165102386583], [19.972270602730386, 50.010207787225006], [19.969677389874867, 50.010207787225006], [19.968380783447113, 50.01165102386583]]]}}, {"type": "Feature", "properties": {"count": 1, "mean_min": 12.38}, "geometry": {"type": "Polygon", "coordinates": [[[19.968380783447113, 50.008764507242184], [19.969677389874867, 50.010207787225006], [19.972270602730386, 50.010207787225006], [19.973567209158144, 50.008764507242184], [19.972270602730386, 50.00732118391694], [19.969677389874867, 50.00732118391694], [19.968380783447113, 50.008764507242184]]]}}, {"type": "Feature", "properties": {"count": 1, "mean_min": 29.06}, "geometry": {"type": "Polygon", "coordinates": [[[19.968380783447113, 49.98566613268813], [19.969677389874867, 49.98711010619562], [19.972270602730386, 49.98711010619562], [19.973567209158144, 49.98566613268813], [19.972270602730386, 49.984222115832075], [19.969677389874867, 49.984222115832075], [19.968380783447113, 49.98566613268813]]]}}, {"type": "Feature", "properties": {"count": 4, "mean_min": 18.52}, "geometry": {"type": "Polygon", "coordinates": [[[19.972270602730386, 50.09672528424383], [19.973567209158144, 50.09816592107334], [19.976160422013663, 50.09816592107334], [19.97745702844142, 50.09672528424383], [19.976160422013663, 50.09528460409563], [19.973567209158144, 50.09528460409563], [19.972270602730386, 50.09672528424383]]]}}, {"type": "Feature", "properties": {"count": 4, "mean_min": 29.25}, "geometry": {"type": "Polygon", "coordinates": [[[19.972270602730386, 50.09384388062835], [19.973567209158144, 50.09528460409563], [19.976160422013663, 50.09528460409563], [19.97745702844142, 50.09384388062835], [19.976160422013663, 50.092403113841584], [19.973567209158144, 50.092403113841584], [19.972270602730386, 50.09384388062835]]]}}, {"type": "Feature", "properties": {"count": 2, "mean_min": 26.27}, "geometry": {"type": "Polygon", "coordinates": [[[19.972270602730386, 50.09096230373497], [19.973567209158144, 50.092403113841584], [19.976160422013663, 50.092403113841584], [19.97745702844142, 50.09096230373497], [19.976160422013663, 50.08952145030809], [19.973567209158144, 50.08952145030809], [19.972270602730386, 50.09096230373497]]]}}, {"type": "Feature", "properties": {"count": 2, "mean_min": 4.79}, "geometry": {"type": "Polygon", "coordinates": [[[19.972270602730386, 50.08808055356056], [19.973567209158144, 50.08952145030809], [19.976160422013663, 50.08952145030809], [19.97745702844142, 50.08808055356056], [19.976160422013663, 50.086639613492], [19.973567209158144, 50.086639613492], [19.972270602730386, 50.08808055356056]]]}}, {"type": "Feature", "properties": {"count": 1, "mean_min": 20.69}, "geometry": {"type": "Polygon", "coordinates": [[[19.972270602730386, 50.0794342633199], [19.973567209158144, 50.080875419999515], [19.976160422013663, 50.080875419999515], [19.97745702844142, 50.0794342633199], [19.976160422013663, 50.07799306331688], [19.973567209158144, 50.07799306331688], [19.972270602730386, 50.0794342633199]]]}}, {"type": "Feature", "properties": {"count": 4, "mean_min": 14.44}, "geometry": {"type": "Polygon", "coordinates": [[[19.972270602730386, 50.0592535206723], [19.973567209158144, 50.0606952839148], [19.976160422013663, 50.0606952839148], [19.97745702844142, 50.0592535206723], [19.976160422013663, 50.05781171410096], [19.973567209158144, 50.05781171410096], [19.972270602730386, 50.0592535206723]]]}}, {"type": "Feature", "properties": {"count": 3, "mean_min": 7.03}, "geometry": {"type": "Polygon", "coordinates": [[[19.972270602730386, 50.044833505096875], [19.973567209158144, 50.04627570164527], [19.976160422013663, 50.04627570164527], [19.97745702844142, 50.044833505096875], [19.976160422013663, 50.043391265215725], [19.973567209158144, 50.043391265215725], [19.972270602730386, 50.044833505096875]]]}}, {"type": "Feature", "properties": {"count": 2, "mean_min": 2.53}, "geometry": {"type": "Polygon", "coordinates": [[[19.972270602730386, 50.033294372698755], [19.973567209158144, 50.03473691591986], [19.976160422013663, 50.03473691591986], [19.97745702844142, 50.033294372698755], [19.976160422013663, 50.03185178614182], [19.973567209158144, 50.03185178614182], [19.972270602730386, 50.033294372698755]]]}}, {"type": "Feature", "properties": {"count": 2, "mean_min": 3.34}, "geometry": {"type": "Polygon", "coordinates": [[[19.972270602730386, 50.02752376645217], [19.973567209158144, 50.02896648301891], [19.976160422013663, 50.02896648301891], [19.97745702844142, 50.02752376645217], [19.976160422013663, 50.02608100654804], [19.973567209158144, 50.02608100654804], [19.972270602730386, 50.02752376645217]]]}}, {"type": "Feature", "properties": {"count": 1, "mean_min": 9.54}, "geometry": {"type": "Polygon", "coordinates": [[[19.972270602730386, 50.02463820330614], [19.973567209158144, 50.02608100654804], [19.976160422013663, 50.02608100654804], [19.97745702844142, 50.02463820330614], [19.976160422013663, 50.0231953567261], [19.973567209158144, 50.0231953567261], [19.972270602730386, 50.02463820330614]]]}}, {"type": "Feature", "properties": {"count": 2, "mean_min": 13.44}, "geometry": {"type": "Polygon", "coordinates": [[[19.972270602730386, 50.00732118391694], [19.973567209158144, 50.008764507242184], [19.976160422013663, 50.008764507242184], [19.97745702844142, 50.00732118391694], [19.976160422013663, 50.00587781724892], [19.973567209158144, 50.00587781724892], [19.972270602730386, 50.00732118391694]]]}}, {"type": "Feature", "properties": {"count": 1, "mean_min": 4.07}, "geometry": {"type": "Polygon", "coordinates": [[[19.976160422013663, 50.08952145030809], [19.97745702844142, 50.09096230373497], [19.980050241296944, 50.09096230373497], [19.9813468477247, 50.08952145030809], [19.980050241296944, 50.08808055356056], [19.97745702844142, 50.08808055356056], [19.976160422013663, 50.08952145030809]]]}}, {"type": "Feature", "properties": {"count": 2, "mean_min": 39.54}, "geometry": {"type": "Polygon", "coordinates": [[[19.976160422013663, 50.080875419999515], [19.97745702844142, 50.08231653335615], [19.980050241296944, 50.08231653335615], [19.9813468477247, 50.080875419999515], [19.980050241296944, 50.0794342633199], [19.97745702844142, 50.0794342633199], [19.976160422013663, 50.080875419999515]]]}}, {"type": "Feature", "properties": {"count": 2, "mean_min": 18.33}, "geometry": {"type": "Polygon", "coordinates": [[[19.976160422013663, 50.07799306331688], [19.97745702844142, 50.0794342633199], [19.980050241296944, 50.0794342633199], [19.9813468477247, 50.07799306331688], [19.980050241296944, 50.0765518199901], [19.97745702844142, 50.0765518199901], [19.976160422013663, 50.07799306331688]]]}}, {"type": "Feature", "properties": {"count": 2, "mean_min": 18.18}, "geometry": {"type": "Polygon", "coordinates": [[[19.976160422013663, 50.075110533339156], [19.97745702844142, 50.0765518199901], [19.980050241296944, 50.0765518199901], [19.9813468477247, 50.075110533339156], [19.980050241296944, 50.07366920336365], [19.97745702844142, 50.07366920336365], [19.976160422013663, 50.075110533339156]]]}}, {"type": "Feature", "properties": {"count": 2, "mean_min": 2.63}, "geometry": {"type": "Polygon", "coordinates": [[[19.976160422013663, 50.06646190360415], [19.97745702844142, 50.06790345020828], [19.980050241296944, 50.06790345020828], [19.9813468477247, 50.06646190360415], [19.980050241296944, 50.06502031367313], [19.97745702844142, 50.06502031367313], [19.976160422013663, 50.06646190360415]]]}}, {"type": "Feature", "properties": {"count": 5, "mean_min": 19.83}, "geometry": {"type": "Polygon", "coordinates": [[[19.976160422013663, 50.0606952839148], [19.97745702844142, 50.06213700382884], [19.980050241296944, 50.06213700382884], [19.9813468477247, 50.0606952839148], [19.980050241296944, 50.0592535206723], [19.97745702844142, 50.0592535206723], [19.976160422013663, 50.0606952839148]]]}}, {"type": "Feature", "properties": {"count": 2, "mean_min": 60.14}, "geometry": {"type": "Polygon", "coordinates": [[[19.976160422013663, 50.04627570164527], [19.97745702844142, 50.04771785486135], [19.980050241296944, 50.04771785486135], [19.9813468477247, 50.04627570164527], [19.980050241296944, 50.044833505096875], [19.97745702844142, 50.044833505096875], [19.976160422013663, 50.04627570164527]]]}}, {"type": "Feature", "properties": {"count": 1, "mean_min": 60.42}, "geometry": {"type": "Polygon", "coordinates": [[[19.976160422013663, 50.043391265215725], [19.97745702844142, 50.044833505096875], [19.980050241296944, 50.044833505096875], [19.9813468477247, 50.043391265215725], [19.980050241296944, 50.041948982001465], [19.97745702844142, 50.041948982001465], [19.976160422013663, 50.043391265215725]]]}}, {"type": "Feature", "properties": {"count": 2, "mean_min": 3.39}, "geometry": {"type": "Polygon", "coordinates": [[[19.976160422013663, 50.040506655453704], [19.97745702844142, 50.041948982001465], [19.980050241296944, 50.041948982001465], [19.9813468477247, 50.040506655453704], [19.980050241296944, 50.039064285572046], [19.97745702844142, 50.039064285572046], [19.976160422013663, 50.040506655453704]]]}}, {"type": "Feature", "properties": {"count": 1, "mean_min": 2.01}, "geometry": {"type": "Polygon", "coordinates": [[[19.976160422013663, 50.02608100654804], [19.97745702844142, 50.02752376645217], [19.980050241296944, 50.02752376645217], [19.9813468477247, 50.02608100654804], [19.980050241296944, 50.02463820330614], [19.97745702844142, 50.02463820330614], [19.976160422013663, 50.02608100654804]]]}}, {"type": "Feature", "properties": {"count": 4, "mean_min": 12.2}, "geometry": {"type": "Polygon", "coordinates": [[[19.976160422013663, 50.0231953567261], [19.97745702844142, 50.02463820330614], [19.980050241296944, 50.02463820330614], [19.9813468477247, 50.0231953567261], [19.980050241296944, 50.02175246680752], [19.97745702844142, 50.02175246680752], [19.976160422013663, 50.0231953567261]]]}}, {"type": "Feature", "properties": {"count": 1, "mean_min": 59.28}, "geometry": {"type": "Polygon", "coordinates": [[[19.976160422013663, 50.020309533550005], [19.97745702844142, 50.02175246680752], [19.980050241296944, 50.02175246680752], [19.9813468477247, 50.020309533550005], [19.980050241296944, 50.018866556953185], [19.97745702844142, 50.018866556953185], [19.976160422013663, 50.020309533550005]]]}}, {"type": "Feature", "properties": {"count": 3, "mean_min": 15.55}, "geometry": {"type": "Polygon", "coordinates": [[[19.976160422013663, 50.01742353701666], [19.97745702844142, 50.018866556953185], [19.980050241296944, 50.018866556953185], [19.9813468477247, 50.01742353701666], [19.980050241296944, 50.01598047374004], [19.97745702844142, 50.01598047374004], [19.976160422013663, 50.01742353701666]]]}}, {"type": "Feature", "properties": {"count": 2, "mean_min": 29.45}, "geometry": {"type": "Polygon", "coordinates": [[[19.976160422013663, 49.98566613268813], [19.97745702844142, 49.98711010619562], [19.980050241296944, 49.98711010619562], [19.9813468477247, 49.98566613268813], [19.980050241296944, 49.984222115832075], [19.97745702844142, 49.984222115832075], [19.976160422013663, 49.98566613268813]]]}}, {"type": "Feature", "properties": {"count": 2, "mean_min": 19.73}, "geometry": {"type": "Polygon", "coordinates": [[[19.98005024129694, 50.10248757165366], [19.981346847724698, 50.10392803521233], [19.983940060580217, 50.10392803521233], [19.98523666700797, 50.10248757165366], [19.983940060580217, 50.10104706477786], [19.981346847724698, 50.10104706477786], [19.98005024129694, 50.10248757165366]]]}}, {"type": "Feature", "properties": {"count": 2, "mean_min": 3.92}, "geometry": {"type": "Polygon", "coordinates": [[[19.98005024129694, 50.09096230373497], [19.981346847724698, 50.092403113841584], [19.983940060580217, 50.092403113841584], [19.98523666700797, 50.09096230373497], [19.983940060580217, 50.08952145030809], [19.981346847724698, 50.08952145030809], [19.98005024129694, 50.09096230373497]]]}}, {"type": "Feature", "properties": {"count": 2, "mean_min": 39.43}, "geometry": {"type": "Polygon", "coordinates": [[[19.98005024129694, 50.0794342633199], [19.981346847724698, 50.080875419999515], [19.983940060580217, 50.080875419999515], [19.98523666700797, 50.0794342633199], [19.983940060580217, 50.07799306331688], [19.981346847724698, 50.07799306331688], [19.98005024129694, 50.0794342633199]]]}}, {"type": "Feature", "properties": {"count": 1, "mean_min": 39.01}, "geometry": {"type": "Polygon", "coordinates": [[[19.98005024129694, 50.0765518199901], [19.981346847724698, 50.07799306331688], [19.983940060580217, 50.07799306331688], [19.98523666700797, 50.0765518199901], [19.983940060580217, 50.075110533339156], [19.981346847724698, 50.075110533339156], [19.98005024129694, 50.0765518199901]]]}}, {"type": "Feature", "properties": {"count": 4, "mean_min": 17.02}, "geometry": {"type": "Polygon", "coordinates": [[[19.98005024129694, 50.07078641343742], [19.981346847724698, 50.0722278300632], [19.983940060580217, 50.0722278300632], [19.98523666700797, 50.07078641343742], [19.983940060580217, 50.0693449534859], [19.981346847724698, 50.0693449534859], [19.98005024129694, 50.07078641343742]]]}}, {"type": "Feature", "properties": {"count": 2, "mean_min": 29.12}, "geometry": {"type": "Polygon", "coordinates": [[[19.98005024129694, 50.05060203129803], [19.981346847724698, 50.052044054519406], [19.983940060580217, 50.052044054519406], [19.98523666700797, 50.05060203129803], [19.983940060580217, 50.04915996474547], [19.981346847724698, 50.04915996474547], [19.98005024129694, 50.05060203129803]]]}}, {"type": "Feature", "properties": {"count": 2, "mean_min": 17.05}, "geometry": {"type": "Polygon", "coordinates": [[[19.98005024129694, 50.04771785486135], [19.981346847724698, 50.04915996474547], [19.983940060580217, 50.04915996474547], [19.98523666700797, 50.04771785486135], [19.983940060580217, 50.04627570164527], [19.981346847724698, 50.04627570164527], [19.98005024129694, 50.04771785486135]]]}}, {"type": "Feature", "properties": {"count": 3, "mean_min": 30.62}, "geometry": {"type": "Polygon", "coordinates": [[[19.98005024129694, 50.044833505096875], [19.981346847724698, 50.04627570164527], [19.983940060580217, 50.04627570164527], [19.98523666700797, 50.044833505096875], [19.983940060580217, 50.043391265215725], [19.981346847724698, 50.043391265215725], [19.98005024129694, 50.044833505096875]]]}}, {"type": "Feature", "properties": {"count": 1, "mean_min": 3.09}, "geometry": {"type": "Polygon", "coordinates": [[[19.98005024129694, 50.041948982001465], [19.981346847724698, 50.043391265215725], [19.983940060580217, 50.043391265215725], [19.98523666700797, 50.041948982001465], [19.983940060580217, 50.040506655453704], [19.981346847724698, 50.040506655453704], [19.98005024129694, 50.041948982001465]]]}}, {"type": "Feature", "properties": {"count": 1, "mean_min": 2.72}, "geometry": {"type": "Polygon", "coordinates": [[[19.98005024129694, 50.039064285572046], [19.981346847724698, 50.040506655453704], [19.983940060580217, 50.040506655453704], [19.98523666700797, 50.039064285572046], [19.983940060580217, 50.03762187235612], [19.981346847724698, 50.03762187235612], [19.98005024129694, 50.039064285572046]]]}}, {"type": "Feature", "properties": {"count": 3, "mean_min": 4.59}, "geometry": {"type": "Polygon", "coordinates": [[[19.98005024129694, 50.02175246680752], [19.981346847724698, 50.0231953567261], [19.983940060580217, 50.0231953567261], [19.98523666700797, 50.02175246680752], [19.983940060580217, 50.020309533550005], [19.981346847724698, 50.020309533550005], [19.98005024129694, 50.02175246680752]]]}}, {"type": "Feature", "properties": {"count": 2, "mean_min": 16.88}, "geometry": {"type": "Polygon", "coordinates": [[[19.98005024129694, 50.00732118391694], [19.981346847724698, 50.008764507242184], [19.983940060580217, 50.008764507242184], [19.98523666700797, 50.00732118391694], [19.983940060580217, 50.00587781724892], [19.981346847724698, 50.00587781724892], [19.98005024129694, 50.00732118391694]]]}}, {"type": "Feature", "properties": {"count": 2, "mean_min": 29.4}, "geometry": {"type": "Polygon", "coordinates": [[[19.98005024129694, 49.984222115832075], [19.981346847724698, 49.98566613268813], [19.983940060580217, 49.98566613268813], [19.98523666700797, 49.984222115832075], [19.983940060580217, 49.98277805562707], [19.981346847724698, 49.98277805562707], [19.98005024129694, 49.984222115832075]]]}}, {"type": "Feature", "properties": {"count": 2, "mean_min": 19.58}, "geometry": {"type": "Polygon", "coordinates": [[[19.983940060580217, 50.10104706477786], [19.98523666700797, 50.10248757165366], [19.98782987986349, 50.10248757165366], [19.98912648629125, 50.10104706477786], [19.98782987986349, 50.09960651458456], [19.98523666700797, 50.09960651458456], [19.983940060580217, 50.10104706477786]]]}}, {"type": "Feature", "properties": {"count": 1, "mean_min": 7.17}, "geometry": {"type": "Polygon", "coordinates": [[[19.983940060580217, 50.09528460409563], [19.98523666700797, 50.09672528424383], [19.98782987986349, 50.09672528424383], [19.98912648629125, 50.09528460409563], [19.98782987986349, 50.09384388062835], [19.98523666700797, 50.09384388062835], [19.983940060580217, 50.09528460409563]]]}}, {"type": "Feature", "properties": {"count": 2, "mean_min": 7.67}, "geometry": {"type": "Polygon", "coordinates": [[[19.983940060580217, 50.092403113841584], [19.98523666700797, 50.09384388062835], [19.98782987986349, 50.09384388062835], [19.98912648629125, 50.092403113841584], [19.98782987986349, 50.09096230373497], [19.98523666700797, 50.09096230373497], [19.983940060580217, 50.092403113841584]]]}}, {"type": "Feature", "properties": {"count": 2, "mean_min": 6.19}, "geometry": {"type": "Polygon", "coordinates": [[[19.983940060580217, 50.08952145030809], [19.98523666700797, 50.09096230373497], [19.98782987986349, 50.09096230373497], [19.98912648629125, 50.08952145030809], [19.98782987986349, 50.08808055356056], [19.98523666700797, 50.08808055356056], [19.983940060580217, 50.08952145030809]]]}}, {"type": "Feature", "properties": {"count": 1, "mean_min": 59.77}, "geometry": {"type": "Polygon", "coordinates": [[[19.983940060580217, 50.04627570164527], [19.98523666700797, 50.04771785486135], [19.98782987986349, 50.04771785486135], [19.98912648629125, 50.04627570164527], [19.98782987986349, 50.044833505096875], [19.98523666700797, 50.044833505096875], [19.983940060580217, 50.04627570164527]]]}}, {"type": "Feature", "properties": {"count": 1, "mean_min": 6.74}, "geometry": {"type": "Polygon", "coordinates": [[[19.983940060580217, 50.040506655453704], [19.98523666700797, 50.041948982001465], [19.98782987986349, 50.041948982001465], [19.98912648629125, 50.040506655453704], [19.98782987986349, 50.039064285572046], [19.98523666700797, 50.039064285572046], [19.983940060580217, 50.040506655453704]]]}}, {"type": "Feature", "properties": {"count": 3, "mean_min": 4.63}, "geometry": {"type": "Polygon", "coordinates": [[[19.983940060580217, 50.020309533550005], [19.98523666700797, 50.02175246680752], [19.98782987986349, 50.02175246680752], [19.98912648629125, 50.020309533550005], [19.98782987986349, 50.018866556953185], [19.98523666700797, 50.018866556953185], [19.983940060580217, 50.020309533550005]]]}}, {"type": "Feature", "properties": {"count": 2, "mean_min": 29.08}, "geometry": {"type": "Polygon", "coordinates": [[[19.983940060580217, 50.002990953882964], [19.98523666700797, 50.00443440723772], [19.98782987986349, 50.00443440723772], [19.98912648629125, 50.002990953882964], [19.98782987986349, 50.001547457184266], [19.98523666700797, 50.001547457184266], [19.983940060580217, 50.002990953882964]]]}}, {"type": "Feature", "properties": {"count": 1, "mean_min": 28.52}, "geometry": {"type": "Polygon", "coordinates": [[[19.983940060580217, 50.00010391714123], [19.98523666700797, 50.001547457184266], [19.98782987986349, 50.001547457184266], [19.98912648629125, 50.00010391714123], [19.98782987986349, 49.99866033375349], [19.98523666700797, 49.99866033375349], [19.983940060580217, 50.00010391714123]]]}}, {"type": "Feature", "properties": {"count": 3, "mean_min": 29.14}, "geometry": {"type": "Polygon", "coordinates": [[[19.983940060580217, 49.97411278404773], [19.98523666700797, 49.975557104354465], [19.98782987986349, 49.975557104354465], [19.98912648629125, 49.97411278404773], [19.98782987986349, 49.972668420389375], [19.98523666700797, 49.972668420389375], [19.983940060580217, 49.97411278404773]]]}}, {"type": "Feature", "properties": {"count": 1, "mean_min": 28.41}, "geometry": {"type": "Polygon", "coordinates": [[[19.98782987986349, 50.10248757165366], [19.98912648629125, 50.10392803521233], [19.99171969914677, 50.10392803521233], [19.99301630557453, 50.10248757165366], [19.99171969914677, 50.10104706477786], [19.98912648629125, 50.10104706477786], [19.98782987986349, 50.10248757165366]]]}}, {"type": "Feature", "properties": {"count": 1, "mean_min": 8.08}, "geometry": {"type": "Polygon", "coordinates": [[[19.98782987986349, 50.09384388062835], [19.98912648629125, 50.09528460409563], [19.99171969914677, 50.09528460409563], [19.99301630557453, 50.09384388062835], [19.99171969914677, 50.092403113841584], [19.98912648629125, 50.092403113841584], [19.98782987986349, 50.09384388062835]]]}}, {"type": "Feature", "properties": {"count": 1, "mean_min": 14.14}, "geometry": {"type": "Polygon", "coordinates": [[[19.98782987986349, 50.08808055356056], [19.98912648629125, 50.08952145030809], [19.99171969914677, 50.08952145030809], [19.99301630557453, 50.08808055356056], [19.99171969914677, 50.086639613492], [19.98912648629125, 50.086639613492], [19.98782987986349, 50.08808055356056]]]}}, {"type": "Feature", "properties": {"count": 2, "mean_min": 2.73}, "geometry": {"type": "Polygon", "coordinates": [[[19.98782987986349, 50.07366920336365], [19.98912648629125, 50.075110533339156], [19.99171969914677, 50.075110533339156], [19.99301630557453, 50.07366920336365], [19.99171969914677, 50.0722278300632], [19.98912648629125, 50.0722278300632], [19.98782987986349, 50.07366920336365]]]}}, {"type": "Feature", "properties": {"count": 1, "mean_min": 29.66}, "geometry": {"type": "Polygon", "coordinates": [[[19.98782987986349, 50.06790345020828], [19.98912648629125, 50.0693449534859], [19.99171969914677, 50.0693449534859], [19.99301630557453, 50.06790345020828], [19.99171969914677, 50.06646190360415], [19.98912648629125, 50.06646190360415], [19.98782987986349, 50.06790345020828]]]}}, {"type": "Feature", "properties": {"count": 3, "mean_min": 13.22}, "geometry": {"type": "Polygon", "coordinates": [[[19.98782987986349, 50.06502031367313], [19.98912648629125, 50.06646190360415], [19.99171969914677, 50.06646190360415], [19.99301630557453, 50.06502031367313], [19.99171969914677, 50.06357868041482], [19.98912648629125, 50.06357868041482], [19.98782987986349, 50.06502031367313]]]}}, {"type": "Feature", "properties": {"count": 2, "mean_min": 19.57}, "geometry": {"type": "Polygon", "coordinates": [[[19.98782987986349, 50.053486034410014], [19.98912648629125, 50.054927970970205], [19.99171969914677, 50.054927970970205], [19.99301630557453, 50.053486034410014], [19.99171969914677, 50.052044054519406], [19.98912648629125, 50.052044054519406], [19.98782987986349, 50.053486034410014]]]}}, {"type": "Feature", "properties": {"count": 1, "mean_min": 30.16}, "geometry": {"type": "Polygon", "coordinates": [[[19.98782987986349, 50.05060203129803], [19.98912648629125, 50.052044054519406], [19.99171969914677, 50.052044054519406], [19.99301630557453, 50.05060203129803], [19.99171969914677, 50.04915996474547], [19.98912648629125, 50.04915996474547], [19.98782987986349, 50.05060203129803]]]}}, {"type": "Feature", "properties": {"count": 2, "mean_min": 60.16}, "geometry": {"type": "Polygon", "coordinates": [[[19.98782987986349, 50.044833505096875], [19.98912648629125, 50.04627570164527], [19.99171969914677, 50.04627570164527], [19.99301630557453, 50.044833505096875], [19.99171969914677, 50.043391265215725], [19.98912648629125, 50.043391265215725], [19.98782987986349, 50.044833505096875]]]}}, {"type": "Feature", "properties": {"count": 4, "mean_min": 18.22}, "geometry": {"type": "Polygon", "coordinates": [[[19.98782987986349, 50.041948982001465], [19.98912648629125, 50.043391265215725], [19.99171969914677, 50.043391265215725], [19.99301630557453, 50.041948982001465], [19.99171969914677, 50.040506655453704], [19.98912648629125, 50.040506655453704], [19.98782987986349, 50.041948982001465]]]}}, {"type": "Feature", "properties": {"count": 1, "mean_min": 60.94}, "geometry": {"type": "Polygon", "coordinates": [[[19.98782987986349, 50.039064285572046], [19.98912648629125, 50.040506655453704], [19.99171969914677, 50.040506655453704], [19.99301630557453, 50.039064285572046], [19.99171969914677, 50.03762187235612], [19.98912648629125, 50.03762187235612], [19.98782987986349, 50.039064285572046]]]}}, {"type": "Feature", "properties": {"count": 1, "mean_min": 60.92}, "geometry": {"type": "Polygon", "coordinates": [[[19.98782987986349, 50.03617941580551], [19.98912648629125, 50.03762187235612], [19.99171969914677, 50.03762187235612], [19.99301630557453, 50.03617941580551], [19.99171969914677, 50.03473691591986], [19.98912648629125, 50.03473691591986], [19.98782987986349, 50.03617941580551]]]}}, {"type": "Feature", "properties": {"count": 3, "mean_min": 4.82}, "geometry": {"type": "Polygon", "coordinates": [[[19.98782987986349, 50.018866556953185], [19.98912648629125, 50.020309533550005], [19.99171969914677, 50.020309533550005], [19.99301630557453, 50.018866556953185], [19.99171969914677, 50.01742353701666], [19.98912648629125, 50.01742353701666], [19.98782987986349, 50.018866556953185]]]}}, {"type": "Feature", "properties": {"count": 1, "mean_min": 29.66}, "geometry": {"type": "Polygon", "coordinates": [[[19.98782987986349, 49.99866033375349], [19.98912648629125, 50.00010391714123], [19.99171969914677, 50.00010391714123], [19.99301630557453, 49.99866033375349], [19.99171969914677, 49.99721670702065], [19.98912648629125, 49.99721670702065], [19.98782987986349, 49.99866033375349]]]}}, {"type": "Feature", "properties": {"count": 2, "mean_min": 29.26}, "geometry": {"type": "Polygon", "coordinates": [[[19.98782987986349, 49.99288556674766], [19.98912648629125, 49.994329323518116], [19.99171969914677, 49.994329323518116], [19.99301630557453, 49.99288556674766], [19.99171969914677, 49.99144176663057], [19.98912648629125, 49.99144176663057], [19.98782987986349, 49.99288556674766]]]}}, {"type": "Feature", "properties": {"count": 3, "mean_min": 23.48}, "geometry": {"type": "Polygon", "coordinates": [[[19.98782987986349, 49.981333952072745], [19.98912648629125, 49.98277805562707], [19.99171969914677, 49.98277805562707], [19.99301630557453, 49.981333952072745], [19.99171969914677, 49.9798898051687], [19.98912648629125, 49.9798898051687], [19.98782987986349, 49.981333952072745]]]}}, {"type": "Feature", "properties": {"count": 1, "mean_min": 28.8}, "geometry": {"type": "Polygon", "coordinates": [[[19.98782987986349, 49.97844561491457], [19.98912648629125, 49.9798898051687], [19.99171969914677, 49.9798898051687], [19.99301630557453, 49.97844561491457], [19.99171969914677, 49.977001381309954], [19.98912648629125, 49.977001381309954], [19.98782987986349, 49.97844561491457]]]}}, {"type": "Feature", "properties": {"count": 1, "mean_min": 29.91}, "geometry": {"type": "Polygon", "coordinates": [[[19.98782987986349, 49.972668420389375], [19.98912648629125, 49.97411278404773], [19.99171969914677, 49.97411278404773], [19.99301630557453, 49.972668420389375], [19.99171969914677, 49.971224013379], [19.98912648629125, 49.971224013379], [19.98782987986349, 49.972668420389375]]]}}, {"type": "Feature", "properties": {"count": 1, "mean_min": 10.89}, "geometry": {"type": "Polygon", "coordinates": [[[19.99171969914677, 50.10392803521233], [19.99301630557453, 50.10536845545427], [19.995609518430047, 50.10536845545427], [19.996906124857805, 50.10392803521233], [19.995609518430047, 50.10248757165366], [19.99301630557453, 50.10248757165366], [19.99171969914677, 50.10392803521233]]]}}, {"type": "Feature", "properties": {"count": 4, "mean_min": 33.99}, "geometry": {"type": "Polygon", "coordinates": [[[19.99171969914677, 50.09528460409563], [19.99301630557453, 50.09672528424383], [19.995609518430047, 50.09672528424383], [19.996906124857805, 50.09528460409563], [19.995609518430047, 50.09384388062835], [19.99301630557453, 50.09384388062835], [19.99171969914677, 50.09528460409563]]]}}, {"type": "Feature", "properties": {"count": 2, "mean_min": 12.09}, "geometry": {"type": "Polygon", "coordinates": [[[19.99171969914677, 50.086639613492], [19.99301630557453, 50.08808055356056], [19.995609518430047, 50.08808055356056], [19.996906124857805, 50.086639613492], [19.995609518430047, 50.085198630102], [19.99301630557453, 50.085198630102], [19.99171969914677, 50.086639613492]]]}}, {"type": "Feature", "properties": {"count": 2, "mean_min": 30.15}, "geometry": {"type": "Polygon", "coordinates": [[[19.99171969914677, 50.04915996474547], [19.99301630557453, 50.05060203129803], [19.995609518430047, 50.05060203129803], [19.996906124857805, 50.04915996474547], [19.995609518430047, 50.04771785486135], [19.99301630557453, 50.04771785486135], [19.99171969914677, 50.04915996474547]]]}}, {"type": "Feature", "properties": {"count": 2, "mean_min": 23.15}, "geometry": {"type": "Polygon", "coordinates": [[[19.99171969914677, 50.043391265215725], [19.99301630557453, 50.044833505096875], [19.995609518430047, 50.044833505096875], [19.996906124857805, 50.043391265215725], [19.995609518430047, 50.041948982001465], [19.99301630557453, 50.041948982001465], [19.99171969914677, 50.043391265215725]]]}}, {"type": "Feature", "properties": {"count": 2, "mean_min": 6.51}, "geometry": {"type": "Polygon", "coordinates": [[[19.99171969914677, 50.040506655453704], [19.99301630557453, 50.041948982001465], [19.995609518430047, 50.041948982001465], [19.996906124857805, 50.040506655453704], [19.995609518430047, 50.039064285572046], [19.99301630557453, 50.039064285572046], [19.99171969914677, 50.040506655453704]]]}}, {"type": "Feature", "properties": {"count": 1, "mean_min": 60.94}, "geometry": {"type": "Polygon", "coordinates": [[[19.99171969914677, 50.03762187235612], [19.99301630557453, 50.039064285572046], [19.995609518430047, 50.039064285572046], [19.996906124857805, 50.03762187235612], [19.995609518430047, 50.03617941580551], [19.99301630557453, 50.03617941580551], [19.99171969914677, 50.03762187235612]]]}}, {"type": "Feature", "properties": {"count": 1, "mean_min": 60.84}, "geometry": {"type": "Polygon", "coordinates": [[[19.99171969914677, 50.03473691591986], [19.99301630557453, 50.03617941580551], [19.995609518430047, 50.03617941580551], [19.996906124857805, 50.03473691591986], [19.995609518430047, 50.033294372698755], [19.99301630557453, 50.033294372698755], [19.99171969914677, 50.03473691591986]]]}}, {"type": "Feature", "properties": {"count": 1, "mean_min": 39.68}, "geometry": {"type": "Polygon", "coordinates": [[[19.99171969914677, 50.01165102386583], [19.99301630557453, 50.01309421716502], [19.995609518430047, 50.01309421716502], [19.996906124857805, 50.01165102386583], [19.995609518430047, 50.010207787225006], [19.99301630557453, 50.010207787225006], [19.99171969914677, 50.01165102386583]]]}}, {"type": "Feature", "properties": {"count": 1, "mean_min": 28.51}, "geometry": {"type": "Polygon", "coordinates": [[[19.99171969914677, 49.994329323518116], [19.99301630557453, 49.99577303694232], [19.995609518430047, 49.99577303694232], [19.996906124857805, 49.994329323518116], [19.995609518430047, 49.99288556674766], [19.99301630557453, 49.99288556674766], [19.99171969914677, 49.994329323518116]]]}}, {"type": "Feature", "properties": {"count": 2, "mean_min": 29.99}, "geometry": {"type": "Polygon", "coordinates": [[[19.99171969914677, 49.98277805562707], [19.99301630557453, 49.984222115832075], [19.995609518430047, 49.984222115832075], [19.996906124857805, 49.98277805562707], [19.995609518430047, 49.981333952072745], [19.99301630557453, 49.981333952072745], [19.99171969914677, 49.98277805562707]]]}}, {"type": "Feature", "properties": {"count": 1, "mean_min": 30.08}, "geometry": {"type": "Polygon", "coordinates": [[[19.99171969914677, 49.97411278404773], [19.99301630557453, 49.975557104354465], [19.995609518430047, 49.975557104354465], [19.996906124857805, 49.97411278404773], [19.995609518430047, 49.972668420389375], [19.99301630557453, 49.972668420389375], [19.99171969914677, 49.97411278404773]]]}}, {"type": "Feature", "properties": {"count": 1, "mean_min": 44.87}, "geometry": {"type": "Polygon", "coordinates": [[[19.995609518430047, 50.10824916598952], [19.996906124857805, 50.10968945628362], [19.999499337713324, 50.10968945628362], [20.000795944141082, 50.10824916598952], [19.999499337713324, 50.10680883237986], [19.996906124857805, 50.10680883237986], [19.995609518430047, 50.10824916598952]]]}}, {"type": "Feature", "properties": {"count": 2, "mean_min": 13.05}, "geometry": {"type": "Polygon", "coordinates": [[[19.995609518430047, 50.09384388062835], [19.996906124857805, 50.09528460409563], [19.999499337713324, 50.09528460409563], [20.000795944141082, 50.09384388062835], [19.999499337713324, 50.092403113841584], [19.996906124857805, 50.092403113841584], [19.995609518430047, 50.09384388062835]]]}}, {"type": "Feature", "properties": {"count": 1, "mean_min": 6.99}, "geometry": {"type": "Polygon", "coordinates": [[[19.995609518430047, 50.08808055356056], [19.996906124857805, 50.08952145030809], [19.999499337713324, 50.08952145030809], [20.000795944141082, 50.08808055356056], [19.999499337713324, 50.086639613492], [19.996906124857805, 50.086639613492], [19.995609518430047, 50.08808055356056]]]}}, {"type": "Feature", "properties": {"count": 2, "mean_min": 2.66}, "geometry": {"type": "Polygon", "coordinates": [[[19.995609518430047, 50.07366920336365], [19.996906124857805, 50.075110533339156], [19.999499337713324, 50.075110533339156], [20.000795944141082, 50.07366920336365], [19.999499337713324, 50.0722278300632], [19.996906124857805, 50.0722278300632], [19.995609518430047, 50.07366920336365]]]}}, {"type": "Feature", "properties": {"count": 2, "mean_min": 5.16}, "geometry": {"type": "Polygon", "coordinates": [[[19.995609518430047, 50.06502031367313], [19.996906124857805, 50.06646190360415], [19.999499337713324, 50.06646190360415], [20.000795944141082, 50.06502031367313], [19.999499337713324, 50.06357868041482], [19.996906124857805, 50.06357868041482], [19.995609518430047, 50.06502031367313]]]}}, {"type": "Feature", "properties": {"count": 1, "mean_min": 24.77}, "geometry": {"type": "Polygon", "coordinates": [[[19.995609518430047, 50.0563698642004], [19.996906124857805, 50.05781171410096], [19.999499337713324, 50.05781171410096], [20.000795944141082, 50.0563698642004], [19.999499337713324, 50.054927970970205], [19.996906124857805, 50.054927970970205], [19.995609518430047, 50.0563698642004]]]}}, {"type": "Feature", "properties": {"count": 2, "mean_min": 30.2}, "geometry": {"type": "Polygon", "coordinates": [[[19.995609518430047, 50.044833505096875], [19.996906124857805, 50.04627570164527], [19.999499337713324, 50.04627570164527], [20.000795944141082, 50.044833505096875], [19.999499337713324, 50.043391265215725], [19.996906124857805, 50.043391265215725], [19.995609518430047, 50.044833505096875]]]}}, {"type": "Feature", "properties": {"count": 2, "mean_min": 35.91}, "geometry": {"type": "Polygon", "coordinates": [[[19.995609518430047, 50.039064285572046], [19.996906124857805, 50.040506655453704], [19.999499337713324, 50.040506655453704], [20.000795944141082, 50.039064285572046], [19.999499337713324, 50.03762187235612], [19.996906124857805, 50.03762187235612], [19.995609518430047, 50.039064285572046]]]}}, {"type": "Feature", "properties": {"count": 1, "mean_min": 61.06}, "geometry": {"type": "Polygon", "coordinates": [[[19.995609518430047, 50.03617941580551], [19.996906124857805, 50.03762187235612], [19.999499337713324, 50.03762187235612], [20.000795944141082, 50.03617941580551], [19.999499337713324, 50.03473691591986], [19.996906124857805, 50.03473691591986], [19.995609518430047, 50.03617941580551]]]}}, {"type": "Feature", "properties": {"count": 3, "mean_min": 3.58}, "geometry": {"type": "Polygon", "coordinates": [[[19.995609518430047, 50.01309421716502], [19.996906124857805, 50.01453736712296], [19.999499337713324, 50.01453736712296], [20.000795944141082, 50.01309421716502], [19.999499337713324, 50.01165102386583], [19.996906124857805, 50.01165102386583], [19.995609518430047, 50.01309421716502]]]}}, {"type": "Feature", "properties": {"count": 1, "mean_min": 10.16}, "geometry": {"type": "Polygon", "coordinates": [[[19.995609518430047, 50.010207787225006], [19.996906124857805, 50.01165102386583], [19.999499337713324, 50.01165102386583], [20.000795944141082, 50.010207787225006], [19.999499337713324, 50.008764507242184], [19.996906124857805, 50.008764507242184], [19.995609518430047, 50.010207787225006]]]}}, {"type": "Feature", "properties": {"count": 1, "mean_min": 29.97}, "geometry": {"type": "Polygon", "coordinates": [[[19.995609518430047, 49.99288556674766], [19.996906124857805, 49.994329323518116], [19.999499337713324, 49.994329323518116], [20.000795944141082, 49.99288556674766], [19.999499337713324, 49.99144176663057], [19.996906124857805, 49.99144176663057], [19.995609518430047, 49.99288556674766]]]}}, {"type": "Feature", "properties": {"count": 2, "mean_min": 22.99}, "geometry": {"type": "Polygon", "coordinates": [[[19.999499337713324, 50.10680883237986], [20.000795944141082, 50.10824916598952], [20.003389156996604, 50.10824916598952], [20.004685763424362, 50.10680883237986], [20.003389156996604, 50.10536845545427], [20.000795944141082, 50.10536845545427], [19.999499337713324, 50.10680883237986]]]}}, {"type": "Feature", "properties": {"count": 2, "mean_min": 7.13}, "geometry": {"type": "Polygon", "coordinates": [[[19.999499337713324, 50.09528460409563], [20.000795944141082, 50.09672528424383], [20.003389156996604, 50.09672528424383], [20.004685763424362, 50.09528460409563], [20.003389156996604, 50.09384388062835], [20.000795944141082, 50.09384388062835], [19.999499337713324, 50.09528460409563]]]}}, {"type": "Feature", "properties": {"count": 1, "mean_min": 39.25}, "geometry": {"type": "Polygon", "coordinates": [[[19.999499337713324, 50.08952145030809], [20.000795944141082, 50.09096230373497], [20.003389156996604, 50.09096230373497], [20.004685763424362, 50.08952145030809], [20.003389156996604, 50.08808055356056], [20.000795944141082, 50.08808055356056], [19.999499337713324, 50.08952145030809]]]}}, {"type": "Feature", "properties": {"count": 1, "mean_min": 7.46}, "geometry": {"type": "Polygon", "coordinates": [[[19.999499337713324, 50.086639613492], [20.000795944141082, 50.08808055356056], [20.003389156996604, 50.08808055356056], [20.004685763424362, 50.086639613492], [20.003389156996604, 50.085198630102], [20.000795944141082, 50.085198630102], [19.999499337713324, 50.086639613492]]]}}, {"type": "Feature", "properties": {"count": 2, "mean_min": 28.21}, "geometry": {"type": "Polygon", "coordinates": [[[19.999499337713324, 50.06357868041482], [20.000795944141082, 50.06502031367313], [20.003389156996604, 50.06502031367313], [20.004685763424362, 50.06357868041482], [20.003389156996604, 50.06213700382884], [20.000795944141082, 50.06213700382884], [19.999499337713324, 50.06357868041482]]]}}, {"type": "Feature", "properties": {"count": 1, "mean_min": 29.75}, "geometry": {"type": "Polygon", "coordinates": [[[19.999499337713324, 50.05781171410096], [20.000795944141082, 50.0592535206723], [20.003389156996604, 50.0592535206723], [20.004685763424362, 50.05781171410096], [20.003389156996604, 50.0563698642004], [20.000795944141082, 50.0563698642004], [19.999499337713324, 50.05781171410096]]]}}, {"type": "Feature", "properties": {"count": 1, "mean_min": 56.32}, "geometry": {"type": "Polygon", "coordinates": [[[19.999499337713324, 50.054927970970205], [20.000795944141082, 50.0563698642004], [20.003389156996604, 50.0563698642004], [20.004685763424362, 50.054927970970205], [20.003389156996604, 50.053486034410014], [20.000795944141082, 50.053486034410014], [19.999499337713324, 50.054927970970205]]]}}, {"type": "Feature", "properties": {"count": 4, "mean_min": 12.43}, "geometry": {"type": "Polygon", "coordinates": [[[19.999499337713324, 50.040506655453704], [20.000795944141082, 50.041948982001465], [20.003389156996604, 50.041948982001465], [20.004685763424362, 50.040506655453704], [20.003389156996604, 50.039064285572046], [20.000795944141082, 50.039064285572046], [19.999499337713324, 50.040506655453704]]]}}, {"type": "Feature", "properties": {"count": 3, "mean_min": 7.33}, "geometry": {"type": "Polygon", "coordinates": [[[19.999499337713324, 50.01453736712296], [20.000795944141082, 50.01598047374004], [20.003389156996604, 50.01598047374004], [20.004685763424362, 50.01453736712296], [20.003389156996604, 50.01309421716502], [20.000795944141082, 50.01309421716502], [19.999499337713324, 50.01453736712296]]]}}, {"type": "Feature", "properties": {"count": 1, "mean_min": 14.48}, "geometry": {"type": "Polygon", "coordinates": [[[19.999499337713324, 50.008764507242184], [20.000795944141082, 50.010207787225006], [20.003389156996604, 50.010207787225006], [20.004685763424362, 50.008764507242184], [20.003389156996604, 50.00732118391694], [20.000795944141082, 50.00732118391694], [19.999499337713324, 50.008764507242184]]]}}, {"type": "Feature", "properties": {"count": 2, "mean_min": 27.11}, "geometry": {"type": "Polygon", "coordinates": [[[19.999499337713324, 49.98855403635494], [20.000795944141082, 49.989997923166456], [20.003389156996604, 49.989997923166456], [20.004685763424362, 49.98855403635494], [20.003389156996604, 49.98711010619562], [20.000795944141082, 49.98711010619562], [19.999499337713324, 49.98855403635494]]]}}, {"type": "Feature", "properties": {"count": 2, "mean_min": 29.7}, "geometry": {"type": "Polygon", "coordinates": [[[19.999499337713324, 49.98566613268813], [20.000795944141082, 49.98711010619562], [20.003389156996604, 49.98711010619562], [20.004685763424362, 49.98566613268813], [20.003389156996604, 49.984222115832075], [20.000795944141082, 49.984222115832075], [19.999499337713324, 49.98566613268813]]]}}, {"type": "Feature", "properties": {"count": 6, "mean_min": 20.3}, "geometry": {"type": "Polygon", "coordinates": [[[20.0033891569966, 50.09384388062835], [20.004685763424355, 50.09528460409563], [20.007278976279874, 50.09528460409563], [20.008575582707632, 50.09384388062835], [20.007278976279874, 50.092403113841584], [20.004685763424355, 50.092403113841584], [20.0033891569966, 50.09384388062835]]]}}, {"type": "Feature", "properties": {"count": 1, "mean_min": 39.84}, "geometry": {"type": "Polygon", "coordinates": [[[20.0033891569966, 50.09096230373497], [20.004685763424355, 50.092403113841584], [20.007278976279874, 50.092403113841584], [20.008575582707632, 50.09096230373497], [20.007278976279874, 50.08952145030809], [20.004685763424355, 50.08952145030809], [20.0033891569966, 50.09096230373497]]]}}, {"type": "Feature", "properties": {"count": 2, "mean_min": 2.55}, "geometry": {"type": "Polygon", "coordinates": [[[20.0033891569966, 50.07366920336365], [20.004685763424355, 50.075110533339156], [20.007278976279874, 50.075110533339156], [20.008575582707632, 50.07366920336365], [20.007278976279874, 50.0722278300632], [20.004685763424355, 50.0722278300632], [20.0033891569966, 50.07366920336365]]]}}, {"type": "Feature", "properties": {"count": 4, "mean_min": 17.21}, "geometry": {"type": "Polygon", "coordinates": [[[20.0033891569966, 50.06790345020828], [20.004685763424355, 50.0693449534859], [20.007278976279874, 50.0693449534859], [20.008575582707632, 50.06790345020828], [20.007278976279874, 50.06646190360415], [20.004685763424355, 50.06646190360415], [20.0033891569966, 50.06790345020828]]]}}, {"type": "Feature", "properties": {"count": 2, "mean_min": 43.44}, "geometry": {"type": "Polygon", "coordinates": [[[20.0033891569966, 50.0592535206723], [20.004685763424355, 50.0606952839148], [20.007278976279874, 50.0606952839148], [20.008575582707632, 50.0592535206723], [20.007278976279874, 50.05781171410096], [20.004685763424355, 50.05781171410096], [20.0033891569966, 50.0592535206723]]]}}, {"type": "Feature", "properties": {"count": 2, "mean_min": 11.69}, "geometry": {"type": "Polygon", "coordinates": [[[20.0033891569966, 50.039064285572046], [20.004685763424355, 50.040506655453704], [20.007278976279874, 50.040506655453704], [20.008575582707632, 50.039064285572046], [20.007278976279874, 50.03762187235612], [20.004685763424355, 50.03762187235612], [20.0033891569966, 50.039064285572046]]]}}, {"type": "Feature", "properties": {"count": 2, "mean_min": 12.35}, "geometry": {"type": "Polygon", "coordinates": [[[20.0033891569966, 50.03617941580551], [20.004685763424355, 50.03762187235612], [20.007278976279874, 50.03762187235612], [20.008575582707632, 50.03617941580551], [20.007278976279874, 50.03473691591986], [20.004685763424355, 50.03473691591986], [20.0033891569966, 50.03617941580551]]]}}, {"type": "Feature", "properties": {"count": 4, "mean_min": 5.95}, "geometry": {"type": "Polygon", "coordinates": [[[20.0033891569966, 50.01598047374004], [20.004685763424355, 50.01742353701666], [20.007278976279874, 50.01742353701666], [20.008575582707632, 50.01598047374004], [20.007278976279874, 50.01453736712296], [20.004685763424355, 50.01453736712296], [20.0033891569966, 50.01598047374004]]]}}, {"type": "Feature", "properties": {"count": 1, "mean_min": 3.45}, "geometry": {"type": "Polygon", "coordinates": [[[20.0033891569966, 50.010207787225006], [20.004685763424355, 50.01165102386583], [20.007278976279874, 50.01165102386583], [20.008575582707632, 50.010207787225006], [20.007278976279874, 50.008764507242184], [20.004685763424355, 50.008764507242184], [20.0033891569966, 50.010207787225006]]]}}, {"type": "Feature", "properties": {"count": 1, "mean_min": 11.81}, "geometry": {"type": "Polygon", "coordinates": [[[20.007278976279874, 50.10680883237986], [20.008575582707632, 50.10824916598952], [20.01116879556315, 50.10824916598952], [20.012465401990912, 50.10680883237986], [20.01116879556315, 50.10536845545427], [20.008575582707632, 50.10536845545427], [20.007278976279874, 50.10680883237986]]]}}, {"type": "Feature", "properties": {"count": 4, "mean_min": 11.91}, "geometry": {"type": "Polygon", "coordinates": [[[20.007278976279874, 50.09528460409563], [20.008575582707632, 50.09672528424383], [20.01116879556315, 50.09672528424383], [20.012465401990912, 50.09528460409563], [20.01116879556315, 50.09384388062835], [20.008575582707632, 50.09384388062835], [20.007278976279874, 50.09528460409563]]]}}, {"type": "Feature", "properties": {"count": 2, "mean_min": 19.04}, "geometry": {"type": "Polygon", "coordinates": [[[20.007278976279874, 50.092403113841584], [20.008575582707632, 50.09384388062835], [20.01116879556315, 50.09384388062835], [20.012465401990912, 50.092403113841584], [20.01116879556315, 50.09096230373497], [20.008575582707632, 50.09096230373497], [20.007278976279874, 50.092403113841584]]]}}, {"type": "Feature", "properties": {"count": 2, "mean_min": 17.49}, "geometry": {"type": "Polygon", "coordinates": [[[20.007278976279874, 50.086639613492], [20.008575582707632, 50.08808055356056], [20.01116879556315, 50.08808055356056], [20.012465401990912, 50.086639613492], [20.01116879556315, 50.085198630102], [20.008575582707632, 50.085198630102], [20.007278976279874, 50.086639613492]]]}}, {"type": "Feature", "properties": {"count": 1, "mean_min": 2.5}, "geometry": {"type": "Polygon", "coordinates": [[[20.007278976279874, 50.075110533339156], [20.008575582707632, 50.0765518199901], [20.01116879556315, 50.0765518199901], [20.012465401990912, 50.075110533339156], [20.01116879556315, 50.07366920336365], [20.008575582707632, 50.07366920336365], [20.007278976279874, 50.075110533339156]]]}}, {"type": "Feature", "properties": {"count": 1, "mean_min": 5.08}, "geometry": {"type": "Polygon", "coordinates": [[[20.007278976279874, 50.0693449534859], [20.008575582707632, 50.07078641343742], [20.01116879556315, 50.07078641343742], [20.012465401990912, 50.0693449534859], [20.01116879556315, 50.06790345020828], [20.008575582707632, 50.06790345020828], [20.007278976279874, 50.0693449534859]]]}}, {"type": "Feature", "properties": {"count": 2, "mean_min": 67.08}, "geometry": {"type": "Polygon", "coordinates": [[[20.007278976279874, 50.06646190360415], [20.008575582707632, 50.06790345020828], [20.01116879556315, 50.06790345020828], [20.012465401990912, 50.06646190360415], [20.01116879556315, 50.06502031367313], [20.008575582707632, 50.06502031367313], [20.007278976279874, 50.06646190360415]]]}}, {"type": "Feature", "properties": {"count": 2, "mean_min": 52.06}, "geometry": {"type": "Polygon", "coordinates": [[[20.007278976279874, 50.06357868041482], [20.008575582707632, 50.06502031367313], [20.01116879556315, 50.06502031367313], [20.012465401990912, 50.06357868041482], [20.01116879556315, 50.06213700382884], [20.008575582707632, 50.06213700382884], [20.007278976279874, 50.06357868041482]]]}}, {"type": "Feature", "properties": {"count": 2, "mean_min": 21.36}, "geometry": {"type": "Polygon", "coordinates": [[[20.007278976279874, 50.03473691591986], [20.008575582707632, 50.03617941580551], [20.01116879556315, 50.03617941580551], [20.012465401990912, 50.03473691591986], [20.01116879556315, 50.033294372698755], [20.008575582707632, 50.033294372698755], [20.007278976279874, 50.03473691591986]]]}}, {"type": "Feature", "properties": {"count": 2, "mean_min": 9.19}, "geometry": {"type": "Polygon", "coordinates": [[[20.007278976279874, 50.008764507242184], [20.008575582707632, 50.010207787225006], [20.01116879556315, 50.010207787225006], [20.012465401990912, 50.008764507242184], [20.01116879556315, 50.00732118391694], [20.008575582707632, 50.00732118391694], [20.007278976279874, 50.008764507242184]]]}}, {"type": "Feature", "properties": {"count": 1, "mean_min": 22.52}, "geometry": {"type": "Polygon", "coordinates": [[[20.007278976279874, 50.00587781724892], [20.008575582707632, 50.00732118391694], [20.01116879556315, 50.00732118391694], [20.012465401990912, 50.00587781724892], [20.01116879556315, 50.00443440723772], [20.008575582707632, 50.00443440723772], [20.007278976279874, 50.00587781724892]]]}}, {"type": "Feature", "properties": {"count": 1, "mean_min": 39.73}, "geometry": {"type": "Polygon", "coordinates": [[[20.01116879556315, 50.10536845545427], [20.012465401990912, 50.10680883237986], [20.01505861484643, 50.10680883237986], [20.01635522127419, 50.10536845545427], [20.01505861484643, 50.10392803521233], [20.012465401990912, 50.10392803521233], [20.01116879556315, 50.10536845545427]]]}}, {"type": "Feature", "properties": {"count": 1, "mean_min": 13.88}, "geometry": {"type": "Polygon", "coordinates": [[[20.01116879556315, 50.10248757165366], [20.012465401990912, 50.10392803521233], [20.01505861484643, 50.10392803521233], [20.01635522127419, 50.10248757165366], [20.01505861484643, 50.10104706477786], [20.012465401990912, 50.10104706477786], [20.01116879556315, 50.10248757165366]]]}}, {"type": "Feature", "properties": {"count": 1, "mean_min": 5.93}, "geometry": {"type": "Polygon", "coordinates": [[[20.01116879556315, 50.09960651458456], [20.012465401990912, 50.10104706477786], [20.01505861484643, 50.10104706477786], [20.01635522127419, 50.09960651458456], [20.01505861484643, 50.09816592107334], [20.012465401990912, 50.09816592107334], [20.01116879556315, 50.09960651458456]]]}}, {"type": "Feature", "properties": {"count": 5, "mean_min": 11.6}, "geometry": {"type": "Polygon", "coordinates": [[[20.01116879556315, 50.09672528424383], [20.012465401990912, 50.09816592107334], [20.01505861484643, 50.09816592107334], [20.01635522127419, 50.09672528424383], [20.01505861484643, 50.09528460409563], [20.012465401990912, 50.09528460409563], [20.01116879556315, 50.09672528424383]]]}}, {"type": "Feature", "properties": {"count": 1, "mean_min": 20.2}, "geometry": {"type": "Polygon", "coordinates": [[[20.01116879556315, 50.09384388062835], [20.012465401990912, 50.09528460409563], [20.01505861484643, 50.09528460409563], [20.01635522127419, 50.09384388062835], [20.01505861484643, 50.092403113841584], [20.012465401990912, 50.092403113841584], [20.01116879556315, 50.09384388062835]]]}}, {"type": "Feature", "properties": {"count": 3, "mean_min": 28.68}, "geometry": {"type": "Polygon", "coordinates": [[[20.01116879556315, 50.085198630102], [20.012465401990912, 50.086639613492], [20.01505861484643, 50.086639613492], [20.01635522127419, 50.085198630102], [20.01505861484643, 50.08375760339018], [20.012465401990912, 50.08375760339018], [20.01116879556315, 50.085198630102]]]}}, {"type": "Feature", "properties": {"count": 2, "mean_min": 2.82}, "geometry": {"type": "Polygon", "coordinates": [[[20.01116879556315, 50.07366920336365], [20.012465401990912, 50.075110533339156], [20.01505861484643, 50.075110533339156], [20.01635522127419, 50.07366920336365], [20.01505861484643, 50.0722278300632], [20.012465401990912, 50.0722278300632], [20.01116879556315, 50.07366920336365]]]}}, {"type": "Feature", "properties": {"count": 2, "mean_min": 16.67}, "geometry": {"type": "Polygon", "coordinates": [[[20.01116879556315, 50.07078641343742], [20.012465401990912, 50.0722278300632], [20.01505861484643, 50.0722278300632], [20.01635522127419, 50.07078641343742], [20.01505861484643, 50.0693449534859], [20.012465401990912, 50.0693449534859], [20.01116879556315, 50.07078641343742]]]}}, {"type": "Feature", "properties": {"count": 2, "mean_min": 39.94}, "geometry": {"type": "Polygon", "coordinates": [[[20.01116879556315, 50.06790345020828], [20.012465401990912, 50.0693449534859], [20.01505861484643, 50.0693449534859], [20.01635522127419, 50.06790345020828], [20.01505861484643, 50.06646190360415], [20.012465401990912, 50.06646190360415], [20.01116879556315, 50.06790345020828]]]}}, {"type": "Feature", "properties": {"count": 2, "mean_min": 24.68}, "geometry": {"type": "Polygon", "coordinates": [[[20.01116879556315, 50.03617941580551], [20.012465401990912, 50.03762187235612], [20.01505861484643, 50.03762187235612], [20.01635522127419, 50.03617941580551], [20.01505861484643, 50.03473691591986], [20.012465401990912, 50.03473691591986], [20.01116879556315, 50.03617941580551]]]}}, {"type": "Feature", "properties": {"count": 4, "mean_min": 5.89}, "geometry": {"type": "Polygon", "coordinates": [[[20.01116879556315, 50.01598047374004], [20.012465401990912, 50.01742353701666], [20.01505861484643, 50.01742353701666], [20.01635522127419, 50.01598047374004], [20.01505861484643, 50.01453736712296], [20.012465401990912, 50.01453736712296], [20.01116879556315, 50.01598047374004]]]}}, {"type": "Feature", "properties": {"count": 1, "mean_min": 12.01}, "geometry": {"type": "Polygon", "coordinates": [[[20.01116879556315, 50.01309421716502], [20.012465401990912, 50.01453736712296], [20.01505861484643, 50.01453736712296], [20.01635522127419, 50.01309421716502], [20.01505861484643, 50.01165102386583], [20.012465401990912, 50.01165102386583], [20.01116879556315, 50.01309421716502]]]}}, {"type": "Feature", "properties": {"count": 1, "mean_min": 20.94}, "geometry": {"type": "Polygon", "coordinates": [[[20.01505861484643, 50.09528460409563], [20.01635522127419, 50.09672528424383], [20.018948434129708, 50.09672528424383], [20.020245040557466, 50.09528460409563], [20.018948434129708, 50.09384388062835], [20.01635522127419, 50.09384388062835], [20.01505861484643, 50.09528460409563]]]}}, {"type": "Feature", "properties": {"count": 5, "mean_min": 20.26}, "geometry": {"type": "Polygon", "coordinates": [[[20.01505861484643, 50.092403113841584], [20.01635522127419, 50.09384388062835], [20.018948434129708, 50.09384388062835], [20.020245040557466, 50.092403113841584], [20.018948434129708, 50.09096230373497], [20.01635522127419, 50.09096230373497], [20.01505861484643, 50.092403113841584]]]}}, {"type": "Feature", "properties": {"count": 1, "mean_min": 39.65}, "geometry": {"type": "Polygon", "coordinates": [[[20.01505861484643, 50.08952145030809], [20.01635522127419, 50.09096230373497], [20.018948434129708, 50.09096230373497], [20.020245040557466, 50.08952145030809], [20.018948434129708, 50.08808055356056], [20.01635522127419, 50.08808055356056], [20.01505861484643, 50.08952145030809]]]}}, {"type": "Feature", "properties": {"count": 4, "mean_min": 17.02}, "geometry": {"type": "Polygon", "coordinates": [[[20.01505861484643, 50.075110533339156], [20.01635522127419, 50.0765518199901], [20.018948434129708, 50.0765518199901], [20.020245040557466, 50.075110533339156], [20.018948434129708, 50.07366920336365], [20.01635522127419, 50.07366920336365], [20.01505861484643, 50.075110533339156]]]}}, {"type": "Feature", "properties": {"count": 4, "mean_min": 15.49}, "geometry": {"type": "Polygon", "coordinates": [[[20.01505861484643, 50.0722278300632], [20.01635522127419, 50.07366920336365], [20.018948434129708, 50.07366920336365], [20.020245040557466, 50.0722278300632], [20.018948434129708, 50.07078641343742], [20.01635522127419, 50.07078641343742], [20.01505861484643, 50.0722278300632]]]}}, {"type": "Feature", "properties": {"count": 3, "mean_min": 15.03}, "geometry": {"type": "Polygon", "coordinates": [[[20.01505861484643, 50.03762187235612], [20.01635522127419, 50.039064285572046], [20.018948434129708, 50.039064285572046], [20.020245040557466, 50.03762187235612], [20.018948434129708, 50.03617941580551], [20.01635522127419, 50.03617941580551], [20.01505861484643, 50.03762187235612]]]}}, {"type": "Feature", "properties": {"count": 1, "mean_min": 10.77}, "geometry": {"type": "Polygon", "coordinates": [[[20.01505861484643, 50.01742353701666], [20.01635522127419, 50.018866556953185], [20.018948434129708, 50.018866556953185], [20.020245040557466, 50.01742353701666], [20.018948434129708, 50.01598047374004], [20.01635522127419, 50.01598047374004], [20.01505861484643, 50.01742353701666]]]}}, {"type": "Feature", "properties": {"count": 2, "mean_min": 20.51}, "geometry": {"type": "Polygon", "coordinates": [[[20.01505861484643, 50.008764507242184], [20.01635522127419, 50.010207787225006], [20.018948434129708, 50.010207787225006], [20.020245040557466, 50.008764507242184], [20.018948434129708, 50.00732118391694], [20.01635522127419, 50.00732118391694], [20.01505861484643, 50.008764507242184]]]}}, {"type": "Feature", "properties": {"count": 4, "mean_min": 20.2}, "geometry": {"type": "Polygon", "coordinates": [[[20.01505861484643, 50.00587781724892], [20.01635522127419, 50.00732118391694], [20.018948434129708, 50.00732118391694], [20.020245040557466, 50.00587781724892], [20.018948434129708, 50.00443440723772], [20.01635522127419, 50.00443440723772], [20.01505861484643, 50.00587781724892]]]}}, {"type": "Feature", "properties": {"count": 2, "mean_min": 10.79}, "geometry": {"type": "Polygon", "coordinates": [[[20.018948434129708, 50.09384388062835], [20.020245040557466, 50.09528460409563], [20.022838253412985, 50.09528460409563], [20.024134859840743, 50.09384388062835], [20.022838253412985, 50.092403113841584], [20.020245040557466, 50.092403113841584], [20.018948434129708, 50.09384388062835]]]}}, {"type": "Feature", "properties": {"count": 3, "mean_min": 6.81}, "geometry": {"type": "Polygon", "coordinates": [[[20.018948434129708, 50.09096230373497], [20.020245040557466, 50.092403113841584], [20.022838253412985, 50.092403113841584], [20.024134859840743, 50.09096230373497], [20.022838253412985, 50.08952145030809], [20.020245040557466, 50.08952145030809], [20.018948434129708, 50.09096230373497]]]}}, {"type": "Feature", "properties": {"count": 4, "mean_min": 16.35}, "geometry": {"type": "Polygon", "coordinates": [[[20.018948434129708, 50.085198630102], [20.020245040557466, 50.086639613492], [20.022838253412985, 50.086639613492], [20.024134859840743, 50.085198630102], [20.022838253412985, 50.08375760339018], [20.020245040557466, 50.08375760339018], [20.018948434129708, 50.085198630102]]]}}, {"type": "Feature", "properties": {"count": 2, "mean_min": 2.36}, "geometry": {"type": "Polygon", "coordinates": [[[20.018948434129708, 50.0765518199901], [20.020245040557466, 50.07799306331688], [20.022838253412985, 50.07799306331688], [20.024134859840743, 50.0765518199901], [20.022838253412985, 50.075110533339156], [20.020245040557466, 50.075110533339156], [20.018948434129708, 50.0765518199901]]]}}, {"type": "Feature", "properties": {"count": 4, "mean_min": 7.78}, "geometry": {"type": "Polygon", "coordinates": [[[20.018948434129708, 50.01598047374004], [20.020245040557466, 50.01742353701666], [20.022838253412985, 50.01742353701666], [20.024134859840743, 50.01598047374004], [20.022838253412985, 50.01453736712296], [20.020245040557466, 50.01453736712296], [20.018948434129708, 50.01598047374004]]]}}, {"type": "Feature", "properties": {"count": 1, "mean_min": 39.57}, "geometry": {"type": "Polygon", "coordinates": [[[20.018948434129708, 50.010207787225006], [20.020245040557466, 50.01165102386583], [20.022838253412985, 50.01165102386583], [20.024134859840743, 50.010207787225006], [20.022838253412985, 50.008764507242184], [20.020245040557466, 50.008764507242184], [20.018948434129708, 50.010207787225006]]]}}, {"type": "Feature", "properties": {"count": 1, "mean_min": 16.32}, "geometry": {"type": "Polygon", "coordinates": [[[20.022838253412985, 50.08952145030809], [20.024134859840743, 50.09096230373497], [20.026728072696265, 50.09096230373497], [20.02802467912402, 50.08952145030809], [20.026728072696265, 50.08808055356056], [20.024134859840743, 50.08808055356056], [20.022838253412985, 50.08952145030809]]]}}, {"type": "Feature", "properties": {"count": 2, "mean_min": 16.01}, "geometry": {"type": "Polygon", "coordinates": [[[20.022838253412985, 50.080875419999515], [20.024134859840743, 50.08231653335615], [20.026728072696265, 50.08231653335615], [20.02802467912402, 50.080875419999515], [20.026728072696265, 50.0794342633199], [20.024134859840743, 50.0794342633199], [20.022838253412985, 50.080875419999515]]]}}, {"type": "Feature", "properties": {"count": 2, "mean_min": 19.13}, "geometry": {"type": "Polygon", "coordinates": [[[20.022838253412985, 50.07799306331688], [20.024134859840743, 50.0794342633199], [20.026728072696265, 50.0794342633199], [20.02802467912402, 50.07799306331688], [20.026728072696265, 50.0765518199901], [20.024134859840743, 50.0765518199901], [20.022838253412985, 50.07799306331688]]]}}, {"type": "Feature", "properties": {"count": 2, "mean_min": 22.29}, "geometry": {"type": "Polygon", "coordinates": [[[20.022838253412985, 50.03762187235612], [20.024134859840743, 50.039064285572046], [20.026728072696265, 50.039064285572046], [20.02802467912402, 50.03762187235612], [20.026728072696265, 50.03617941580551], [20.024134859840743, 50.03617941580551], [20.022838253412985, 50.03762187235612]]]}}, {"type": "Feature", "properties": {"count": 1, "mean_min": 30.57}, "geometry": {"type": "Polygon", "coordinates": [[[20.022838253412985, 50.01742353701666], [20.024134859840743, 50.018866556953185], [20.026728072696265, 50.018866556953185], [20.02802467912402, 50.01742353701666], [20.026728072696265, 50.01598047374004], [20.024134859840743, 50.01598047374004], [20.022838253412985, 50.01742353701666]]]}}, {"type": "Feature", "properties": {"count": 1, "mean_min": 10.36}, "geometry": {"type": "Polygon", "coordinates": [[[20.022838253412985, 50.01453736712296], [20.024134859840743, 50.01598047374004], [20.026728072696265, 50.01598047374004], [20.02802467912402, 50.01453736712296], [20.026728072696265, 50.01309421716502], [20.024134859840743, 50.01309421716502], [20.022838253412985, 50.01453736712296]]]}}, {"type": "Feature", "properties": {"count": 1, "mean_min": 38.66}, "geometry": {"type": "Polygon", "coordinates": [[[20.022838253412985, 50.01165102386583], [20.024134859840743, 50.01309421716502], [20.026728072696265, 50.01309421716502], [20.02802467912402, 50.01165102386583], [20.026728072696265, 50.010207787225006], [20.024134859840743, 50.010207787225006], [20.022838253412985, 50.01165102386583]]]}}, {"type": "Feature", "properties": {"count": 1, "mean_min": 39.7}, "geometry": {"type": "Polygon", "coordinates": [[[20.022838253412985, 50.00010391714123], [20.024134859840743, 50.001547457184266], [20.026728072696265, 50.001547457184266], [20.02802467912402, 50.00010391714123], [20.026728072696265, 49.99866033375349], [20.024134859840743, 49.99866033375349], [20.022838253412985, 50.00010391714123]]]}}, {"type": "Feature", "properties": {"count": 3, "mean_min": 7.67}, "geometry": {"type": "Polygon", "coordinates": [[[20.026728072696258, 50.09384388062835], [20.028024679124016, 50.09528460409563], [20.030617891979535, 50.09528460409563], [20.031914498407293, 50.09384388062835], [20.030617891979535, 50.092403113841584], [20.028024679124016, 50.092403113841584], [20.026728072696258, 50.09384388062835]]]}}, {"type": "Feature", "properties": {"count": 2, "mean_min": 14.41}, "geometry": {"type": "Polygon", "coordinates": [[[20.026728072696258, 50.08808055356056], [20.028024679124016, 50.08952145030809], [20.030617891979535, 50.08952145030809], [20.031914498407293, 50.08808055356056], [20.030617891979535, 50.086639613492], [20.028024679124016, 50.086639613492], [20.026728072696258, 50.08808055356056]]]}}, {"type": "Feature", "properties": {"count": 1, "mean_min": 12.06}, "geometry": {"type": "Polygon", "coordinates": [[[20.026728072696258, 50.085198630102], [20.028024679124016, 50.086639613492], [20.030617891979535, 50.086639613492], [20.031914498407293, 50.085198630102], [20.030617891979535, 50.08375760339018], [20.028024679124016, 50.08375760339018], [20.026728072696258, 50.085198630102]]]}}, {"type": "Feature", "properties": {"count": 1, "mean_min": 16.18}, "geometry": {"type": "Polygon", "coordinates": [[[20.026728072696258, 50.08231653335615], [20.028024679124016, 50.08375760339018], [20.030617891979535, 50.08375760339018], [20.031914498407293, 50.08231653335615], [20.030617891979535, 50.080875419999515], [20.028024679124016, 50.080875419999515], [20.026728072696258, 50.08231653335615]]]}}, {"type": "Feature", "properties": {"count": 4, "mean_min": 11.69}, "geometry": {"type": "Polygon", "coordinates": [[[20.026728072696258, 50.0794342633199], [20.028024679124016, 50.080875419999515], [20.030617891979535, 50.080875419999515], [20.031914498407293, 50.0794342633199], [20.030617891979535, 50.07799306331688], [20.028024679124016, 50.07799306331688], [20.026728072696258, 50.0794342633199]]]}}, {"type": "Feature", "properties": {"count": 4, "mean_min": 13.24}, "geometry": {"type": "Polygon", "coordinates": [[[20.026728072696258, 50.0765518199901], [20.028024679124016, 50.07799306331688], [20.030617891979535, 50.07799306331688], [20.031914498407293, 50.0765518199901], [20.030617891979535, 50.075110533339156], [20.028024679124016, 50.075110533339156], [20.026728072696258, 50.0765518199901]]]}}, {"type": "Feature", "properties": {"count": 2, "mean_min": 17.58}, "geometry": {"type": "Polygon", "coordinates": [[[20.026728072696258, 50.07366920336365], [20.028024679124016, 50.075110533339156], [20.030617891979535, 50.075110533339156], [20.031914498407293, 50.07366920336365], [20.030617891979535, 50.0722278300632], [20.028024679124016, 50.0722278300632], [20.026728072696258, 50.07366920336365]]]}}, {"type": "Feature", "properties": {"count": 2, "mean_min": 17.85}, "geometry": {"type": "Polygon", "coordinates": [[[20.026728072696258, 50.07078641343742], [20.028024679124016, 50.0722278300632], [20.030617891979535, 50.0722278300632], [20.031914498407293, 50.07078641343742], [20.030617891979535, 50.0693449534859], [20.028024679124016, 50.0693449534859], [20.026728072696258, 50.07078641343742]]]}}, {"type": "Feature", "properties": {"count": 2, "mean_min": 30.11}, "geometry": {"type": "Polygon", "coordinates": [[[20.026728072696258, 50.041948982001465], [20.028024679124016, 50.043391265215725], [20.030617891979535, 50.043391265215725], [20.031914498407293, 50.041948982001465], [20.030617891979535, 50.040506655453704], [20.028024679124016, 50.040506655453704], [20.026728072696258, 50.041948982001465]]]}}, {"type": "Feature", "properties": {"count": 1, "mean_min": 14.17}, "geometry": {"type": "Polygon", "coordinates": [[[20.026728072696258, 50.039064285572046], [20.028024679124016, 50.040506655453704], [20.030617891979535, 50.040506655453704], [20.031914498407293, 50.039064285572046], [20.030617891979535, 50.03762187235612], [20.028024679124016, 50.03762187235612], [20.026728072696258, 50.039064285572046]]]}}, {"type": "Feature", "properties": {"count": 2, "mean_min": 22.27}, "geometry": {"type": "Polygon", "coordinates": [[[20.026728072696258, 50.018866556953185], [20.028024679124016, 50.020309533550005], [20.030617891979535, 50.020309533550005], [20.031914498407293, 50.018866556953185], [20.030617891979535, 50.01742353701666], [20.028024679124016, 50.01742353701666], [20.026728072696258, 50.018866556953185]]]}}, {"type": "Feature", "properties": {"count": 2, "mean_min": 17.15}, "geometry": {"type": "Polygon", "coordinates": [[[20.026728072696258, 50.01598047374004], [20.028024679124016, 50.01742353701666], [20.030617891979535, 50.01742353701666], [20.031914498407293, 50.01598047374004], [20.030617891979535, 50.01453736712296], [20.028024679124016, 50.01453736712296], [20.026728072696258, 50.01598047374004]]]}}, {"type": "Feature", "properties": {"count": 2, "mean_min": 39.24}, "geometry": {"type": "Polygon", "coordinates": [[[20.026728072696258, 50.01309421716502], [20.028024679124016, 50.01453736712296], [20.030617891979535, 50.01453736712296], [20.031914498407293, 50.01309421716502], [20.030617891979535, 50.01165102386583], [20.028024679124016, 50.01165102386583], [20.026728072696258, 50.01309421716502]]]}}, {"type": "Feature", "properties": {"count": 2, "mean_min": 38.92}, "geometry": {"type": "Polygon", "coordinates": [[[20.026728072696258, 50.010207787225006], [20.028024679124016, 50.01165102386583], [20.030617891979535, 50.01165102386583], [20.031914498407293, 50.010207787225006], [20.030617891979535, 50.008764507242184], [20.028024679124016, 50.008764507242184], [20.026728072696258, 50.010207787225006]]]}}, {"type": "Feature", "properties": {"count": 2, "mean_min": 13.56}, "geometry": {"type": "Polygon", "coordinates": [[[20.026728072696258, 49.99866033375349], [20.028024679124016, 50.00010391714123], [20.030617891979535, 50.00010391714123], [20.031914498407293, 49.99866033375349], [20.030617891979535, 49.99721670702065], [20.028024679124016, 49.99721670702065], [20.026728072696258, 49.99866033375349]]]}}, {"type": "Feature", "properties": {"count": 3, "mean_min": 16.35}, "geometry": {"type": "Polygon", "coordinates": [[[20.030617891979535, 50.092403113841584], [20.031914498407293, 50.09384388062835], [20.034507711262812, 50.09384388062835], [20.035804317690573, 50.092403113841584], [20.034507711262812, 50.09096230373497], [20.031914498407293, 50.09096230373497], [20.030617891979535, 50.092403113841584]]]}}, {"type": "Feature", "properties": {"count": 6, "mean_min": 10.12}, "geometry": {"type": "Polygon", "coordinates": [[[20.030617891979535, 50.080875419999515], [20.031914498407293, 50.08231653335615], [20.034507711262812, 50.08231653335615], [20.035804317690573, 50.080875419999515], [20.034507711262812, 50.0794342633199], [20.031914498407293, 50.0794342633199], [20.030617891979535, 50.080875419999515]]]}}, {"type": "Feature", "properties": {"count": 1, "mean_min": 16.18}, "geometry": {"type": "Polygon", "coordinates": [[[20.030617891979535, 50.075110533339156], [20.031914498407293, 50.0765518199901], [20.034507711262812, 50.0765518199901], [20.035804317690573, 50.075110533339156], [20.034507711262812, 50.07366920336365], [20.031914498407293, 50.07366920336365], [20.030617891979535, 50.075110533339156]]]}}, {"type": "Feature", "properties": {"count": 1, "mean_min": 24.55}, "geometry": {"type": "Polygon", "coordinates": [[[20.030617891979535, 50.043391265215725], [20.031914498407293, 50.044833505096875], [20.034507711262812, 50.044833505096875], [20.035804317690573, 50.043391265215725], [20.034507711262812, 50.041948982001465], [20.031914498407293, 50.041948982001465], [20.030617891979535, 50.043391265215725]]]}}, {"type": "Feature", "properties": {"count": 1, "mean_min": 11.64}, "geometry": {"type": "Polygon", "coordinates": [[[20.030617891979535, 50.01742353701666], [20.031914498407293, 50.018866556953185], [20.034507711262812, 50.018866556953185], [20.035804317690573, 50.01742353701666], [20.034507711262812, 50.01598047374004], [20.031914498407293, 50.01598047374004], [20.030617891979535, 50.01742353701666]]]}}, {"type": "Feature", "properties": {"count": 1, "mean_min": 38.18}, "geometry": {"type": "Polygon", "coordinates": [[[20.030617891979535, 50.01165102386583], [20.031914498407293, 50.01309421716502], [20.034507711262812, 50.01309421716502], [20.035804317690573, 50.01165102386583], [20.034507711262812, 50.010207787225006], [20.031914498407293, 50.010207787225006], [20.030617891979535, 50.01165102386583]]]}}, {"type": "Feature", "properties": {"count": 2, "mean_min": 11.74}, "geometry": {"type": "Polygon", "coordinates": [[[20.034507711262812, 50.09384388062835], [20.035804317690573, 50.09528460409563], [20.038397530546092, 50.09528460409563], [20.03969413697385, 50.09384388062835], [20.038397530546092, 50.092403113841584], [20.035804317690573, 50.092403113841584], [20.034507711262812, 50.09384388062835]]]}}, {"type": "Feature", "properties": {"count": 1, "mean_min": 14.58}, "geometry": {"type": "Polygon", "coordinates": [[[20.034507711262812, 50.08808055356056], [20.035804317690573, 50.08952145030809], [20.038397530546092, 50.08952145030809], [20.03969413697385, 50.08808055356056], [20.038397530546092, 50.086639613492], [20.035804317690573, 50.086639613492], [20.034507711262812, 50.08808055356056]]]}}, {"type": "Feature", "properties": {"count": 4, "mean_min": 8.15}, "geometry": {"type": "Polygon", "coordinates": [[[20.034507711262812, 50.085198630102], [20.035804317690573, 50.086639613492], [20.038397530546092, 50.086639613492], [20.03969413697385, 50.085198630102], [20.038397530546092, 50.08375760339018], [20.035804317690573, 50.08375760339018], [20.034507711262812, 50.085198630102]]]}}, {"type": "Feature", "properties": {"count": 1, "mean_min": 14.25}, "geometry": {"type": "Polygon", "coordinates": [[[20.034507711262812, 50.0794342633199], [20.035804317690573, 50.080875419999515], [20.038397530546092, 50.080875419999515], [20.03969413697385, 50.0794342633199], [20.038397530546092, 50.07799306331688], [20.035804317690573, 50.07799306331688], [20.034507711262812, 50.0794342633199]]]}}, {"type": "Feature", "properties": {"count": 2, "mean_min": 21.3}, "geometry": {"type": "Polygon", "coordinates": [[[20.034507711262812, 50.07366920336365], [20.035804317690573, 50.075110533339156], [20.038397530546092, 50.075110533339156], [20.03969413697385, 50.07366920336365], [20.038397530546092, 50.0722278300632], [20.035804317690573, 50.0722278300632], [20.034507711262812, 50.07366920336365]]]}}, {"type": "Feature", "properties": {"count": 4, "mean_min": 18.77}, "geometry": {"type": "Polygon", "coordinates": [[[20.034507711262812, 50.07078641343742], [20.035804317690573, 50.0722278300632], [20.038397530546092, 50.0722278300632], [20.03969413697385, 50.07078641343742], [20.038397530546092, 50.0693449534859], [20.035804317690573, 50.0693449534859], [20.034507711262812, 50.07078641343742]]]}}, {"type": "Feature", "properties": {"count": 1, "mean_min": 36.17}, "geometry": {"type": "Polygon", "coordinates": [[[20.034507711262812, 50.041948982001465], [20.035804317690573, 50.043391265215725], [20.038397530546092, 50.043391265215725], [20.03969413697385, 50.041948982001465], [20.038397530546092, 50.040506655453704], [20.035804317690573, 50.040506655453704], [20.034507711262812, 50.041948982001465]]]}}, {"type": "Feature", "properties": {"count": 1, "mean_min": 29.86}, "geometry": {"type": "Polygon", "coordinates": [[[20.034507711262812, 50.02752376645217], [20.035804317690573, 50.02896648301891], [20.038397530546092, 50.02896648301891], [20.03969413697385, 50.02752376645217], [20.038397530546092, 50.02608100654804], [20.035804317690573, 50.02608100654804], [20.034507711262812, 50.02752376645217]]]}}, {"type": "Feature", "properties": {"count": 2, "mean_min": 34.62}, "geometry": {"type": "Polygon", "coordinates": [[[20.034507711262812, 50.02463820330614], [20.035804317690573, 50.02608100654804], [20.038397530546092, 50.02608100654804], [20.03969413697385, 50.02463820330614], [20.038397530546092, 50.0231953567261], [20.035804317690573, 50.0231953567261], [20.034507711262812, 50.02463820330614]]]}}, {"type": "Feature", "properties": {"count": 1, "mean_min": 26.12}, "geometry": {"type": "Polygon", "coordinates": [[[20.034507711262812, 50.018866556953185], [20.035804317690573, 50.020309533550005], [20.038397530546092, 50.020309533550005], [20.03969413697385, 50.018866556953185], [20.038397530546092, 50.01742353701666], [20.035804317690573, 50.01742353701666], [20.034507711262812, 50.018866556953185]]]}}, {"type": "Feature", "properties": {"count": 1, "mean_min": 58.81}, "geometry": {"type": "Polygon", "coordinates": [[[20.034507711262812, 50.01598047374004], [20.035804317690573, 50.01742353701666], [20.038397530546092, 50.01742353701666], [20.03969413697385, 50.01598047374004], [20.038397530546092, 50.01453736712296], [20.035804317690573, 50.01453736712296], [20.034507711262812, 50.01598047374004]]]}}, {"type": "Feature", "properties": {"count": 2, "mean_min": 47.98}, "geometry": {"type": "Polygon", "coordinates": [[[20.034507711262812, 50.010207787225006], [20.035804317690573, 50.01165102386583], [20.038397530546092, 50.01165102386583], [20.03969413697385, 50.010207787225006], [20.038397530546092, 50.008764507242184], [20.035804317690573, 50.008764507242184], [20.034507711262812, 50.010207787225006]]]}}, {"type": "Feature", "properties": {"count": 2, "mean_min": 10.66}, "geometry": {"type": "Polygon", "coordinates": [[[20.038397530546092, 50.09528460409563], [20.03969413697385, 50.09672528424383], [20.04228734982937, 50.09672528424383], [20.043583956257127, 50.09528460409563], [20.04228734982937, 50.09384388062835], [20.03969413697385, 50.09384388062835], [20.038397530546092, 50.09528460409563]]]}}, {"type": "Feature", "properties": {"count": 2, "mean_min": 14.64}, "geometry": {"type": "Polygon", "coordinates": [[[20.038397530546092, 50.08952145030809], [20.03969413697385, 50.09096230373497], [20.04228734982937, 50.09096230373497], [20.043583956257127, 50.08952145030809], [20.04228734982937, 50.08808055356056], [20.03969413697385, 50.08808055356056], [20.038397530546092, 50.08952145030809]]]}}, {"type": "Feature", "properties": {"count": 2, "mean_min": 28.55}, "geometry": {"type": "Polygon", "coordinates": [[[20.038397530546092, 50.080875419999515], [20.03969413697385, 50.08231653335615], [20.04228734982937, 50.08231653335615], [20.043583956257127, 50.080875419999515], [20.04228734982937, 50.0794342633199], [20.03969413697385, 50.0794342633199], [20.038397530546092, 50.080875419999515]]]}}, {"type": "Feature", "properties": {"count": 2, "mean_min": 18.42}, "geometry": {"type": "Polygon", "coordinates": [[[20.038397530546092, 50.07799306331688], [20.03969413697385, 50.0794342633199], [20.04228734982937, 50.0794342633199], [20.043583956257127, 50.07799306331688], [20.04228734982937, 50.0765518199901], [20.03969413697385, 50.0765518199901], [20.038397530546092, 50.07799306331688]]]}}, {"type": "Feature", "properties": {"count": 1, "mean_min": 17.3}, "geometry": {"type": "Polygon", "coordinates": [[[20.038397530546092, 50.075110533339156], [20.03969413697385, 50.0765518199901], [20.04228734982937, 50.0765518199901], [20.043583956257127, 50.075110533339156], [20.04228734982937, 50.07366920336365], [20.03969413697385, 50.07366920336365], [20.038397530546092, 50.075110533339156]]]}}, {"type": "Feature", "properties": {"count": 1, "mean_min": 5.02}, "geometry": {"type": "Polygon", "coordinates": [[[20.038397530546092, 50.0722278300632], [20.03969413697385, 50.07366920336365], [20.04228734982937, 50.07366920336365], [20.043583956257127, 50.0722278300632], [20.04228734982937, 50.07078641343742], [20.03969413697385, 50.07078641343742], [20.038397530546092, 50.0722278300632]]]}}, {"type": "Feature", "properties": {"count": 2, "mean_min": 22.12}, "geometry": {"type": "Polygon", "coordinates": [[[20.038397530546092, 50.03762187235612], [20.03969413697385, 50.039064285572046], [20.04228734982937, 50.039064285572046], [20.043583956257127, 50.03762187235612], [20.04228734982937, 50.03617941580551], [20.03969413697385, 50.03617941580551], [20.038397530546092, 50.03762187235612]]]}}, {"type": "Feature", "properties": {"count": 2, "mean_min": 28.21}, "geometry": {"type": "Polygon", "coordinates": [[[20.038397530546092, 50.03473691591986], [20.03969413697385, 50.03617941580551], [20.04228734982937, 50.03617941580551], [20.043583956257127, 50.03473691591986], [20.04228734982937, 50.033294372698755], [20.03969413697385, 50.033294372698755], [20.038397530546092, 50.03473691591986]]]}}, {"type": "Feature", "properties": {"count": 1, "mean_min": 39.74}, "geometry": {"type": "Polygon", "coordinates": [[[20.038397530546092, 50.02896648301891], [20.03969413697385, 50.03040915624867], [20.04228734982937, 50.03040915624867], [20.043583956257127, 50.02896648301891], [20.04228734982937, 50.02752376645217], [20.03969413697385, 50.02752376645217], [20.038397530546092, 50.02896648301891]]]}}, {"type": "Feature", "properties": {"count": 1, "mean_min": 59.66}, "geometry": {"type": "Polygon", "coordinates": [[[20.038397530546092, 50.01742353701666], [20.03969413697385, 50.018866556953185], [20.04228734982937, 50.018866556953185], [20.043583956257127, 50.01742353701666], [20.04228734982937, 50.01598047374004], [20.03969413697385, 50.01598047374004], [20.038397530546092, 50.01742353701666]]]}}, {"type": "Feature", "properties": {"count": 2, "mean_min": 33.39}, "geometry": {"type": "Polygon", "coordinates": [[[20.038397530546092, 50.01453736712296], [20.03969413697385, 50.01598047374004], [20.04228734982937, 50.01598047374004], [20.043583956257127, 50.01453736712296], [20.04228734982937, 50.01309421716502], [20.03969413697385, 50.01309421716502], [20.038397530546092, 50.01453736712296]]]}}, {"type": "Feature", "properties": {"count": 1, "mean_min": 57.77}, "geometry": {"type": "Polygon", "coordinates": [[[20.038397530546092, 50.01165102386583], [20.03969413697385, 50.01309421716502], [20.04228734982937, 50.01309421716502], [20.043583956257127, 50.01165102386583], [20.04228734982937, 50.010207787225006], [20.03969413697385, 50.010207787225006], [20.038397530546092, 50.01165102386583]]]}}, {"type": "Feature", "properties": {"count": 1, "mean_min": 57.81}, "geometry": {"type": "Polygon", "coordinates": [[[20.038397530546092, 50.008764507242184], [20.03969413697385, 50.010207787225006], [20.04228734982937, 50.010207787225006], [20.043583956257127, 50.008764507242184], [20.04228734982937, 50.00732118391694], [20.03969413697385, 50.00732118391694], [20.038397530546092, 50.008764507242184]]]}}, {"type": "Feature", "properties": {"count": 1, "mean_min": 29.18}, "geometry": {"type": "Polygon", "coordinates": [[[20.04228734982937, 50.10536845545427], [20.043583956257127, 50.10680883237986], [20.046177169112646, 50.10680883237986], [20.047473775540404, 50.10536845545427], [20.046177169112646, 50.10392803521233], [20.043583956257127, 50.10392803521233], [20.04228734982937, 50.10536845545427]]]}}, {"type": "Feature", "properties": {"count": 3, "mean_min": 14.29}, "geometry": {"type": "Polygon", "coordinates": [[[20.04228734982937, 50.08808055356056], [20.043583956257127, 50.08952145030809], [20.046177169112646, 50.08952145030809], [20.047473775540404, 50.08808055356056], [20.046177169112646, 50.086639613492], [20.043583956257127, 50.086639613492], [20.04228734982937, 50.08808055356056]]]}}, {"type": "Feature", "properties": {"count": 2, "mean_min": 28.74}, "geometry": {"type": "Polygon", "coordinates": [[[20.04228734982937, 50.0794342633199], [20.043583956257127, 50.080875419999515], [20.046177169112646, 50.080875419999515], [20.047473775540404, 50.0794342633199], [20.046177169112646, 50.07799306331688], [20.043583956257127, 50.07799306331688], [20.04228734982937, 50.0794342633199]]]}}, {"type": "Feature", "properties": {"count": 1, "mean_min": 5.18}, "geometry": {"type": "Polygon", "coordinates": [[[20.04228734982937, 50.07366920336365], [20.043583956257127, 50.075110533339156], [20.046177169112646, 50.075110533339156], [20.047473775540404, 50.07366920336365], [20.046177169112646, 50.0722278300632], [20.043583956257127, 50.0722278300632], [20.04228734982937, 50.07366920336365]]]}}, {"type": "Feature", "properties": {"count": 3, "mean_min": 11.12}, "geometry": {"type": "Polygon", "coordinates": [[[20.04228734982937, 50.07078641343742], [20.043583956257127, 50.0722278300632], [20.046177169112646, 50.0722278300632], [20.047473775540404, 50.07078641343742], [20.046177169112646, 50.0693449534859], [20.043583956257127, 50.0693449534859], [20.04228734982937, 50.07078641343742]]]}}, {"type": "Feature", "properties": {"count": 1, "mean_min": 61.79}, "geometry": {"type": "Polygon", "coordinates": [[[20.04228734982937, 50.06790345020828], [20.043583956257127, 50.0693449534859], [20.046177169112646, 50.0693449534859], [20.047473775540404, 50.06790345020828], [20.046177169112646, 50.06646190360415], [20.043583956257127, 50.06646190360415], [20.04228734982937, 50.06790345020828]]]}}, {"type": "Feature", "properties": {"count": 2, "mean_min": 41.92}, "geometry": {"type": "Polygon", "coordinates": [[[20.04228734982937, 50.053486034410014], [20.043583956257127, 50.054927970970205], [20.046177169112646, 50.054927970970205], [20.047473775540404, 50.053486034410014], [20.046177169112646, 50.052044054519406], [20.043583956257127, 50.052044054519406], [20.04228734982937, 50.053486034410014]]]}}, {"type": "Feature", "properties": {"count": 4, "mean_min": 40.98}, "geometry": {"type": "Polygon", "coordinates": [[[20.04228734982937, 50.044833505096875], [20.043583956257127, 50.04627570164527], [20.046177169112646, 50.04627570164527], [20.047473775540404, 50.044833505096875], [20.046177169112646, 50.043391265215725], [20.043583956257127, 50.043391265215725], [20.04228734982937, 50.044833505096875]]]}}, {"type": "Feature", "properties": {"count": 2, "mean_min": 39.89}, "geometry": {"type": "Polygon", "coordinates": [[[20.04228734982937, 50.041948982001465], [20.043583956257127, 50.043391265215725], [20.046177169112646, 50.043391265215725], [20.047473775540404, 50.041948982001465], [20.046177169112646, 50.040506655453704], [20.043583956257127, 50.040506655453704], [20.04228734982937, 50.041948982001465]]]}}, {"type": "Feature", "properties": {"count": 1, "mean_min": 59.89}, "geometry": {"type": "Polygon", "coordinates": [[[20.04228734982937, 50.039064285572046], [20.043583956257127, 50.040506655453704], [20.046177169112646, 50.040506655453704], [20.047473775540404, 50.039064285572046], [20.046177169112646, 50.03762187235612], [20.043583956257127, 50.03762187235612], [20.04228734982937, 50.039064285572046]]]}}, {"type": "Feature", "properties": {"count": 2, "mean_min": 14.87}, "geometry": {"type": "Polygon", "coordinates": [[[20.04228734982937, 50.02175246680752], [20.043583956257127, 50.0231953567261], [20.046177169112646, 50.0231953567261], [20.047473775540404, 50.02175246680752], [20.046177169112646, 50.020309533550005], [20.043583956257127, 50.020309533550005], [20.04228734982937, 50.02175246680752]]]}}, {"type": "Feature", "properties": {"count": 1, "mean_min": 60.24}, "geometry": {"type": "Polygon", "coordinates": [[[20.04228734982937, 50.018866556953185], [20.043583956257127, 50.020309533550005], [20.046177169112646, 50.020309533550005], [20.047473775540404, 50.018866556953185], [20.046177169112646, 50.01742353701666], [20.043583956257127, 50.01742353701666], [20.04228734982937, 50.018866556953185]]]}}, {"type": "Feature", "properties": {"count": 1, "mean_min": 33.24}, "geometry": {"type": "Polygon", "coordinates": [[[20.04228734982937, 50.01309421716502], [20.043583956257127, 50.01453736712296], [20.046177169112646, 50.01453736712296], [20.047473775540404, 50.01309421716502], [20.046177169112646, 50.01165102386583], [20.043583956257127, 50.01165102386583], [20.04228734982937, 50.01309421716502]]]}}, {"type": "Feature", "properties": {"count": 2, "mean_min": 30.66}, "geometry": {"type": "Polygon", "coordinates": [[[20.046177169112646, 50.10680883237986], [20.047473775540404, 50.10824916598952], [20.050066988395923, 50.10824916598952], [20.05136359482368, 50.10680883237986], [20.050066988395923, 50.10536845545427], [20.047473775540404, 50.10536845545427], [20.046177169112646, 50.10680883237986]]]}}, {"type": "Feature", "properties": {"count": 3, "mean_min": 10.47}, "geometry": {"type": "Polygon", "coordinates": [[[20.046177169112646, 50.09528460409563], [20.047473775540404, 50.09672528424383], [20.050066988395923, 50.09672528424383], [20.05136359482368, 50.09528460409563], [20.050066988395923, 50.09384388062835], [20.047473775540404, 50.09384388062835], [20.046177169112646, 50.09528460409563]]]}}, {"type": "Feature", "properties": {"count": 3, "mean_min": 7.05}, "geometry": {"type": "Polygon", "coordinates": [[[20.046177169112646, 50.086639613492], [20.047473775540404, 50.08808055356056], [20.050066988395923, 50.08808055356056], [20.05136359482368, 50.086639613492], [20.050066988395923, 50.085198630102], [20.047473775540404, 50.085198630102], [20.046177169112646, 50.086639613492]]]}}, {"type": "Feature", "properties": {"count": 5, "mean_min": 23.22}, "geometry": {"type": "Polygon", "coordinates": [[[20.046177169112646, 50.075110533339156], [20.047473775540404, 50.0765518199901], [20.050066988395923, 50.0765518199901], [20.05136359482368, 50.075110533339156], [20.050066988395923, 50.07366920336365], [20.047473775540404, 50.07366920336365], [20.046177169112646, 50.075110533339156]]]}}, {"type": "Feature", "properties": {"count": 1, "mean_min": 38.9}, "geometry": {"type": "Polygon", "coordinates": [[[20.046177169112646, 50.0722278300632], [20.047473775540404, 50.07366920336365], [20.050066988395923, 50.07366920336365], [20.05136359482368, 50.0722278300632], [20.050066988395923, 50.07078641343742], [20.047473775540404, 50.07078641343742], [20.046177169112646, 50.0722278300632]]]}}, {"type": "Feature", "properties": {"count": 3, "mean_min": 34.38}, "geometry": {"type": "Polygon", "coordinates": [[[20.046177169112646, 50.0693449534859], [20.047473775540404, 50.07078641343742], [20.050066988395923, 50.07078641343742], [20.05136359482368, 50.0693449534859], [20.050066988395923, 50.06790345020828], [20.047473775540404, 50.06790345020828], [20.046177169112646, 50.0693449534859]]]}}, {"type": "Feature", "properties": {"count": 2, "mean_min": 50.57}, "geometry": {"type": "Polygon", "coordinates": [[[20.046177169112646, 50.06646190360415], [20.047473775540404, 50.06790345020828], [20.050066988395923, 50.06790345020828], [20.05136359482368, 50.06646190360415], [20.050066988395923, 50.06502031367313], [20.047473775540404, 50.06502031367313], [20.046177169112646, 50.06646190360415]]]}}, {"type": "Feature", "properties": {"count": 1, "mean_min": 43.6}, "geometry": {"type": "Polygon", "coordinates": [[[20.046177169112646, 50.054927970970205], [20.047473775540404, 50.0563698642004], [20.050066988395923, 50.0563698642004], [20.05136359482368, 50.054927970970205], [20.050066988395923, 50.053486034410014], [20.047473775540404, 50.053486034410014], [20.046177169112646, 50.054927970970205]]]}}, {"type": "Feature", "properties": {"count": 1, "mean_min": 14.21}, "geometry": {"type": "Polygon", "coordinates": [[[20.046177169112646, 50.0231953567261], [20.047473775540404, 50.02463820330614], [20.050066988395923, 50.02463820330614], [20.05136359482368, 50.0231953567261], [20.050066988395923, 50.02175246680752], [20.047473775540404, 50.02175246680752], [20.046177169112646, 50.0231953567261]]]}}, {"type": "Feature", "properties": {"count": 1, "mean_min": 33.02}, "geometry": {"type": "Polygon", "coordinates": [[[20.046177169112646, 50.01453736712296], [20.047473775540404, 50.01598047374004], [20.050066988395923, 50.01598047374004], [20.05136359482368, 50.01453736712296], [20.050066988395923, 50.01309421716502], [20.047473775540404, 50.01309421716502], [20.046177169112646, 50.01453736712296]]]}}, {"type": "Feature", "properties": {"count": 3, "mean_min": 14.04}, "geometry": {"type": "Polygon", "coordinates": [[[20.05006698839592, 50.09672528424383], [20.051363594823677, 50.09816592107334], [20.053956807679196, 50.09816592107334], [20.055253414106954, 50.09672528424383], [20.053956807679196, 50.09528460409563], [20.051363594823677, 50.09528460409563], [20.05006698839592, 50.09672528424383]]]}}, {"type": "Feature", "properties": {"count": 3, "mean_min": 12.64}, "geometry": {"type": "Polygon", "coordinates": [[[20.05006698839592, 50.0765518199901], [20.051363594823677, 50.07799306331688], [20.053956807679196, 50.07799306331688], [20.055253414106954, 50.0765518199901], [20.053956807679196, 50.075110533339156], [20.051363594823677, 50.075110533339156], [20.05006698839592, 50.0765518199901]]]}}, {"type": "Feature", "properties": {"count": 3, "mean_min": 28.34}, "geometry": {"type": "Polygon", "coordinates": [[[20.05006698839592, 50.07366920336365], [20.051363594823677, 50.075110533339156], [20.053956807679196, 50.075110533339156], [20.055253414106954, 50.07366920336365], [20.053956807679196, 50.0722278300632], [20.051363594823677, 50.0722278300632], [20.05006698839592, 50.07366920336365]]]}}, {"type": "Feature", "properties": {"count": 1, "mean_min": 17.72}, "geometry": {"type": "Polygon", "coordinates": [[[20.05006698839592, 50.07078641343742], [20.051363594823677, 50.0722278300632], [20.053956807679196, 50.0722278300632], [20.055253414106954, 50.07078641343742], [20.053956807679196, 50.0693449534859], [20.051363594823677, 50.0693449534859], [20.05006698839592, 50.07078641343742]]]}}, {"type": "Feature", "properties": {"count": 3, "mean_min": 11.46}, "geometry": {"type": "Polygon", "coordinates": [[[20.05006698839592, 50.06790345020828], [20.051363594823677, 50.0693449534859], [20.053956807679196, 50.0693449534859], [20.055253414106954, 50.06790345020828], [20.053956807679196, 50.06646190360415], [20.051363594823677, 50.06646190360415], [20.05006698839592, 50.06790345020828]]]}}, {"type": "Feature", "properties": {"count": 2, "mean_min": 42.79}, "geometry": {"type": "Polygon", "coordinates": [[[20.05006698839592, 50.06502031367313], [20.051363594823677, 50.06646190360415], [20.053956807679196, 50.06646190360415], [20.055253414106954, 50.06502031367313], [20.053956807679196, 50.06357868041482], [20.051363594823677, 50.06357868041482], [20.05006698839592, 50.06502031367313]]]}}, {"type": "Feature", "properties": {"count": 1, "mean_min": 43.24}, "geometry": {"type": "Polygon", "coordinates": [[[20.05006698839592, 50.0592535206723], [20.051363594823677, 50.0606952839148], [20.053956807679196, 50.0606952839148], [20.055253414106954, 50.0592535206723], [20.053956807679196, 50.05781171410096], [20.051363594823677, 50.05781171410096], [20.05006698839592, 50.0592535206723]]]}}, {"type": "Feature", "properties": {"count": 2, "mean_min": 37.4}, "geometry": {"type": "Polygon", "coordinates": [[[20.05006698839592, 50.041948982001465], [20.051363594823677, 50.043391265215725], [20.053956807679196, 50.043391265215725], [20.055253414106954, 50.041948982001465], [20.053956807679196, 50.040506655453704], [20.051363594823677, 50.040506655453704], [20.05006698839592, 50.041948982001465]]]}}, {"type": "Feature", "properties": {"count": 2, "mean_min": 54.0}, "geometry": {"type": "Polygon", "coordinates": [[[20.05006698839592, 50.02175246680752], [20.051363594823677, 50.0231953567261], [20.053956807679196, 50.0231953567261], [20.055253414106954, 50.02175246680752], [20.053956807679196, 50.020309533550005], [20.051363594823677, 50.020309533550005], [20.05006698839592, 50.02175246680752]]]}}, {"type": "Feature", "properties": {"count": 2, "mean_min": 60.04}, "geometry": {"type": "Polygon", "coordinates": [[[20.05006698839592, 50.01598047374004], [20.051363594823677, 50.01742353701666], [20.053956807679196, 50.01742353701666], [20.055253414106954, 50.01598047374004], [20.053956807679196, 50.01453736712296], [20.051363594823677, 50.01453736712296], [20.05006698839592, 50.01598047374004]]]}}, {"type": "Feature", "properties": {"count": 1, "mean_min": 33.17}, "geometry": {"type": "Polygon", "coordinates": [[[20.05006698839592, 50.00732118391694], [20.051363594823677, 50.008764507242184], [20.053956807679196, 50.008764507242184], [20.055253414106954, 50.00732118391694], [20.053956807679196, 50.00587781724892], [20.051363594823677, 50.00587781724892], [20.05006698839592, 50.00732118391694]]]}}, {"type": "Feature", "properties": {"count": 2, "mean_min": 31.21}, "geometry": {"type": "Polygon", "coordinates": [[[20.053956807679196, 50.092403113841584], [20.055253414106954, 50.09384388062835], [20.057846626962473, 50.09384388062835], [20.059143233390234, 50.092403113841584], [20.057846626962473, 50.09096230373497], [20.055253414106954, 50.09096230373497], [20.053956807679196, 50.092403113841584]]]}}, {"type": "Feature", "properties": {"count": 1, "mean_min": 4.1}, "geometry": {"type": "Polygon", "coordinates": [[[20.053956807679196, 50.08952145030809], [20.055253414106954, 50.09096230373497], [20.057846626962473, 50.09096230373497], [20.059143233390234, 50.08952145030809], [20.057846626962473, 50.08808055356056], [20.055253414106954, 50.08808055356056], [20.053956807679196, 50.08952145030809]]]}}, {"type": "Feature", "properties": {"count": 1, "mean_min": 70.47}, "geometry": {"type": "Polygon", "coordinates": [[[20.053956807679196, 50.002990953882964], [20.055253414106954, 50.00443440723772], [20.057846626962473, 50.00443440723772], [20.059143233390234, 50.002990953882964], [20.057846626962473, 50.001547457184266], [20.055253414106954, 50.001547457184266], [20.053956807679196, 50.002990953882964]]]}}, {"type": "Feature", "properties": {"count": 2, "mean_min": 30.04}, "geometry": {"type": "Polygon", "coordinates": [[[20.057846626962473, 50.10536845545427], [20.059143233390234, 50.10680883237986], [20.061736446245753, 50.10680883237986], [20.063033052673507, 50.10536845545427], [20.061736446245753, 50.10392803521233], [20.059143233390234, 50.10392803521233], [20.057846626962473, 50.10536845545427]]]}}, {"type": "Feature", "properties": {"count": 5, "mean_min": 8.45}, "geometry": {"type": "Polygon", "coordinates": [[[20.057846626962473, 50.09096230373497], [20.059143233390234, 50.092403113841584], [20.061736446245753, 50.092403113841584], [20.063033052673507, 50.09096230373497], [20.061736446245753, 50.08952145030809], [20.059143233390234, 50.08952145030809], [20.057846626962473, 50.09096230373497]]]}}, {"type": "Feature", "properties": {"count": 2, "mean_min": 16.94}, "geometry": {"type": "Polygon", "coordinates": [[[20.057846626962473, 50.08808055356056], [20.059143233390234, 50.08952145030809], [20.061736446245753, 50.08952145030809], [20.063033052673507, 50.08808055356056], [20.061736446245753, 50.086639613492], [20.059143233390234, 50.086639613492], [20.057846626962473, 50.08808055356056]]]}}, {"type": "Feature", "properties": {"count": 2, "mean_min": 11.35}, "geometry": {"type": "Polygon", "coordinates": [[[20.057846626962473, 50.0794342633199], [20.059143233390234, 50.080875419999515], [20.061736446245753, 50.080875419999515], [20.063033052673507, 50.0794342633199], [20.061736446245753, 50.07799306331688], [20.059143233390234, 50.07799306331688], [20.057846626962473, 50.0794342633199]]]}}, {"type": "Feature", "properties": {"count": 2, "mean_min": 10.31}, "geometry": {"type": "Polygon", "coordinates": [[[20.057846626962473, 50.06790345020828], [20.059143233390234, 50.0693449534859], [20.061736446245753, 50.0693449534859], [20.063033052673507, 50.06790345020828], [20.061736446245753, 50.06646190360415], [20.059143233390234, 50.06646190360415], [20.057846626962473, 50.06790345020828]]]}}, {"type": "Feature", "properties": {"count": 1, "mean_min": 38.35}, "geometry": {"type": "Polygon", "coordinates": [[[20.057846626962473, 50.041948982001465], [20.059143233390234, 50.043391265215725], [20.061736446245753, 50.043391265215725], [20.063033052673507, 50.041948982001465], [20.061736446245753, 50.040506655453704], [20.059143233390234, 50.040506655453704], [20.057846626962473, 50.041948982001465]]]}}, {"type": "Feature", "properties": {"count": 2, "mean_min": 13.82}, "geometry": {"type": "Polygon", "coordinates": [[[20.061736446245753, 50.09528460409563], [20.063033052673507, 50.09672528424383], [20.065626265529026, 50.09672528424383], [20.066922871956784, 50.09528460409563], [20.065626265529026, 50.09384388062835], [20.063033052673507, 50.09384388062835], [20.061736446245753, 50.09528460409563]]]}}, {"type": "Feature", "properties": {"count": 3, "mean_min": 18.14}, "geometry": {"type": "Polygon", "coordinates": [[[20.061736446245753, 50.086639613492], [20.063033052673507, 50.08808055356056], [20.065626265529026, 50.08808055356056], [20.066922871956784, 50.086639613492], [20.065626265529026, 50.085198630102], [20.063033052673507, 50.085198630102], [20.061736446245753, 50.086639613492]]]}}, {"type": "Feature", "properties": {"count": 4, "mean_min": 19.05}, "geometry": {"type": "Polygon", "coordinates": [[[20.061736446245753, 50.08375760339018], [20.063033052673507, 50.085198630102], [20.065626265529026, 50.085198630102], [20.066922871956784, 50.08375760339018], [20.065626265529026, 50.08231653335615], [20.063033052673507, 50.08231653335615], [20.061736446245753, 50.08375760339018]]]}}, {"type": "Feature", "properties": {"count": 1, "mean_min": 14.61}, "geometry": {"type": "Polygon", "coordinates": [[[20.061736446245753, 50.080875419999515], [20.063033052673507, 50.08231653335615], [20.065626265529026, 50.08231653335615], [20.066922871956784, 50.080875419999515], [20.065626265529026, 50.0794342633199], [20.063033052673507, 50.0794342633199], [20.061736446245753, 50.080875419999515]]]}}, {"type": "Feature", "properties": {"count": 3, "mean_min": 10.32}, "geometry": {"type": "Polygon", "coordinates": [[[20.061736446245753, 50.07799306331688], [20.063033052673507, 50.0794342633199], [20.065626265529026, 50.0794342633199], [20.066922871956784, 50.07799306331688], [20.065626265529026, 50.0765518199901], [20.063033052673507, 50.0765518199901], [20.061736446245753, 50.07799306331688]]]}}, {"type": "Feature", "properties": {"count": 2, "mean_min": 19.15}, "geometry": {"type": "Polygon", "coordinates": [[[20.061736446245753, 50.06646190360415], [20.063033052673507, 50.06790345020828], [20.065626265529026, 50.06790345020828], [20.066922871956784, 50.06646190360415], [20.065626265529026, 50.06502031367313], [20.063033052673507, 50.06502031367313], [20.061736446245753, 50.06646190360415]]]}}, {"type": "Feature", "properties": {"count": 1, "mean_min": 34.84}, "geometry": {"type": "Polygon", "coordinates": [[[20.061736446245753, 50.04627570164527], [20.063033052673507, 50.04771785486135], [20.065626265529026, 50.04771785486135], [20.066922871956784, 50.04627570164527], [20.065626265529026, 50.044833505096875], [20.063033052673507, 50.044833505096875], [20.061736446245753, 50.04627570164527]]]}}, {"type": "Feature", "properties": {"count": 1, "mean_min": 38.29}, "geometry": {"type": "Polygon", "coordinates": [[[20.061736446245753, 50.043391265215725], [20.063033052673507, 50.044833505096875], [20.065626265529026, 50.044833505096875], [20.066922871956784, 50.043391265215725], [20.065626265529026, 50.041948982001465], [20.063033052673507, 50.041948982001465], [20.061736446245753, 50.043391265215725]]]}}, {"type": "Feature", "properties": {"count": 1, "mean_min": 36.48}, "geometry": {"type": "Polygon", "coordinates": [[[20.061736446245753, 50.040506655453704], [20.063033052673507, 50.041948982001465], [20.065626265529026, 50.041948982001465], [20.066922871956784, 50.040506655453704], [20.065626265529026, 50.039064285572046], [20.063033052673507, 50.039064285572046], [20.061736446245753, 50.040506655453704]]]}}, {"type": "Feature", "properties": {"count": 1, "mean_min": 60.21}, "geometry": {"type": "Polygon", "coordinates": [[[20.061736446245753, 50.01165102386583], [20.063033052673507, 50.01309421716502], [20.065626265529026, 50.01309421716502], [20.066922871956784, 50.01165102386583], [20.065626265529026, 50.010207787225006], [20.063033052673507, 50.010207787225006], [20.061736446245753, 50.01165102386583]]]}}, {"type": "Feature", "properties": {"count": 1, "mean_min": 59.85}, "geometry": {"type": "Polygon", "coordinates": [[[20.061736446245753, 50.008764507242184], [20.063033052673507, 50.010207787225006], [20.065626265529026, 50.010207787225006], [20.066922871956784, 50.008764507242184], [20.065626265529026, 50.00732118391694], [20.063033052673507, 50.00732118391694], [20.061736446245753, 50.008764507242184]]]}}, {"type": "Feature", "properties": {"count": 2, "mean_min": 13.48}, "geometry": {"type": "Polygon", "coordinates": [[[20.065626265529026, 50.10248757165366], [20.066922871956784, 50.10392803521233], [20.069516084812303, 50.10392803521233], [20.070812691240064, 50.10248757165366], [20.069516084812303, 50.10104706477786], [20.066922871956784, 50.10104706477786], [20.065626265529026, 50.10248757165366]]]}}, {"type": "Feature", "properties": {"count": 1, "mean_min": 20.12}, "geometry": {"type": "Polygon", "coordinates": [[[20.065626265529026, 50.08808055356056], [20.066922871956784, 50.08952145030809], [20.069516084812303, 50.08952145030809], [20.070812691240064, 50.08808055356056], [20.069516084812303, 50.086639613492], [20.066922871956784, 50.086639613492], [20.065626265529026, 50.08808055356056]]]}}, {"type": "Feature", "properties": {"count": 1, "mean_min": 19.27}, "geometry": {"type": "Polygon", "coordinates": [[[20.065626265529026, 50.0794342633199], [20.066922871956784, 50.080875419999515], [20.069516084812303, 50.080875419999515], [20.070812691240064, 50.0794342633199], [20.069516084812303, 50.07799306331688], [20.066922871956784, 50.07799306331688], [20.065626265529026, 50.0794342633199]]]}}, {"type": "Feature", "properties": {"count": 2, "mean_min": 39.15}, "geometry": {"type": "Polygon", "coordinates": [[[20.065626265529026, 50.07078641343742], [20.066922871956784, 50.0722278300632], [20.069516084812303, 50.0722278300632], [20.070812691240064, 50.07078641343742], [20.069516084812303, 50.0693449534859], [20.066922871956784, 50.0693449534859], [20.065626265529026, 50.07078641343742]]]}}, {"type": "Feature", "properties": {"count": 1, "mean_min": 34.7}, "geometry": {"type": "Polygon", "coordinates": [[[20.065626265529026, 50.04771785486135], [20.066922871956784, 50.04915996474547], [20.069516084812303, 50.04915996474547], [20.070812691240064, 50.04771785486135], [20.069516084812303, 50.04627570164527], [20.066922871956784, 50.04627570164527], [20.065626265529026, 50.04771785486135]]]}}, {"type": "Feature", "properties": {"count": 1, "mean_min": 34.66}, "geometry": {"type": "Polygon", "coordinates": [[[20.065626265529026, 50.044833505096875], [20.066922871956784, 50.04627570164527], [20.069516084812303, 50.04627570164527], [20.070812691240064, 50.044833505096875], [20.069516084812303, 50.043391265215725], [20.066922871956784, 50.043391265215725], [20.065626265529026, 50.044833505096875]]]}}, {"type": "Feature", "properties": {"count": 4, "mean_min": 27.09}, "geometry": {"type": "Polygon", "coordinates": [[[20.069516084812303, 50.10392803521233], [20.070812691240064, 50.10536845545427], [20.073405904095583, 50.10536845545427], [20.07470251052334, 50.10392803521233], [20.073405904095583, 50.10248757165366], [20.070812691240064, 50.10248757165366], [20.069516084812303, 50.10392803521233]]]}}, {"type": "Feature", "properties": {"count": 1, "mean_min": 45.08}, "geometry": {"type": "Polygon", "coordinates": [[[20.069516084812303, 50.08952145030809], [20.070812691240064, 50.09096230373497], [20.073405904095583, 50.09096230373497], [20.07470251052334, 50.08952145030809], [20.073405904095583, 50.08808055356056], [20.070812691240064, 50.08808055356056], [20.069516084812303, 50.08952145030809]]]}}, {"type": "Feature", "properties": {"count": 1, "mean_min": 62.4}, "geometry": {"type": "Polygon", "coordinates": [[[20.069516084812303, 50.086639613492], [20.070812691240064, 50.08808055356056], [20.073405904095583, 50.08808055356056], [20.07470251052334, 50.086639613492], [20.073405904095583, 50.085198630102], [20.070812691240064, 50.085198630102], [20.069516084812303, 50.086639613492]]]}}, {"type": "Feature", "properties": {"count": 2, "mean_min": 53.77}, "geometry": {"type": "Polygon", "coordinates": [[[20.069516084812303, 50.08375760339018], [20.070812691240064, 50.085198630102], [20.073405904095583, 50.085198630102], [20.07470251052334, 50.08375760339018], [20.073405904095583, 50.08231653335615], [20.070812691240064, 50.08231653335615], [20.069516084812303, 50.08375760339018]]]}}, {"type": "Feature", "properties": {"count": 2, "mean_min": 15.47}, "geometry": {"type": "Polygon", "coordinates": [[[20.069516084812303, 50.06646190360415], [20.070812691240064, 50.06790345020828], [20.073405904095583, 50.06790345020828], [20.07470251052334, 50.06646190360415], [20.073405904095583, 50.06502031367313], [20.070812691240064, 50.06502031367313], [20.069516084812303, 50.06646190360415]]]}}, {"type": "Feature", "properties": {"count": 1, "mean_min": 13.09}, "geometry": {"type": "Polygon", "coordinates": [[[20.07340590409558, 50.10536845545427], [20.074702510523338, 50.10680883237986], [20.077295723378857, 50.10680883237986], [20.078592329806614, 50.10536845545427], [20.077295723378857, 50.10392803521233], [20.074702510523338, 50.10392803521233], [20.07340590409558, 50.10536845545427]]]}}, {"type": "Feature", "properties": {"count": 1, "mean_min": 28.47}, "geometry": {"type": "Polygon", "coordinates": [[[20.07340590409558, 50.09096230373497], [20.074702510523338, 50.092403113841584], [20.077295723378857, 50.092403113841584], [20.078592329806614, 50.09096230373497], [20.077295723378857, 50.08952145030809], [20.074702510523338, 50.08952145030809], [20.07340590409558, 50.09096230373497]]]}}, {"type": "Feature", "properties": {"count": 1, "mean_min": 62.36}, "geometry": {"type": "Polygon", "coordinates": [[[20.07340590409558, 50.08808055356056], [20.074702510523338, 50.08952145030809], [20.077295723378857, 50.08952145030809], [20.078592329806614, 50.08808055356056], [20.077295723378857, 50.086639613492], [20.074702510523338, 50.086639613492], [20.07340590409558, 50.08808055356056]]]}}, {"type": "Feature", "properties": {"count": 1, "mean_min": 45.16}, "geometry": {"type": "Polygon", "coordinates": [[[20.07340590409558, 50.085198630102], [20.074702510523338, 50.086639613492], [20.077295723378857, 50.086639613492], [20.078592329806614, 50.085198630102], [20.077295723378857, 50.08375760339018], [20.074702510523338, 50.08375760339018], [20.07340590409558, 50.085198630102]]]}}, {"type": "Feature", "properties": {"count": 2, "mean_min": 15.34}, "geometry": {"type": "Polygon", "coordinates": [[[20.07340590409558, 50.06502031367313], [20.074702510523338, 50.06646190360415], [20.077295723378857, 50.06646190360415], [20.078592329806614, 50.06502031367313], [20.077295723378857, 50.06357868041482], [20.074702510523338, 50.06357868041482], [20.07340590409558, 50.06502031367313]]]}}, {"type": "Feature", "properties": {"count": 1, "mean_min": 34.58}, "geometry": {"type": "Polygon", "coordinates": [[[20.077295723378857, 50.10968945628362], [20.078592329806614, 50.111129703262556], [20.081185542662134, 50.111129703262556], [20.08248214908989, 50.10968945628362], [20.081185542662134, 50.10824916598952], [20.078592329806614, 50.10824916598952], [20.077295723378857, 50.10968945628362]]]}}, {"type": "Feature", "properties": {"count": 1, "mean_min": 13.14}, "geometry": {"type": "Polygon", "coordinates": [[[20.081185542662134, 50.111129703262556], [20.08248214908989, 50.11256990692672], [20.08507536194541, 50.11256990692672], [20.086371968373168, 50.111129703262556], [20.08507536194541, 50.10968945628362], [20.08248214908989, 50.10968945628362], [20.081185542662134, 50.111129703262556]]]}}, {"type": "Feature", "properties": {"count": 1, "mean_min": 31.71}, "geometry": {"type": "Polygon", "coordinates": [[[20.081185542662134, 50.09384388062835], [20.08248214908989, 50.09528460409563], [20.08507536194541, 50.09528460409563], [20.086371968373168, 50.09384388062835], [20.08507536194541, 50.092403113841584], [20.08248214908989, 50.092403113841584], [20.081185542662134, 50.09384388062835]]]}}, {"type": "Feature", "properties": {"count": 2, "mean_min": 15.19}, "geometry": {"type": "Polygon", "coordinates": [[[20.081185542662134, 50.06502031367313], [20.08248214908989, 50.06646190360415], [20.08507536194541, 50.06646190360415], [20.086371968373168, 50.06502031367313], [20.08507536194541, 50.06357868041482], [20.08248214908989, 50.06357868041482], [20.081185542662134, 50.06502031367313]]]}}, {"type": "Feature", "properties": {"count": 2, "mean_min": 15.01}, "geometry": {"type": "Polygon", "coordinates": [[[20.088965181228687, 50.06790345020828], [20.090261787656445, 50.0693449534859], [20.092855000511964, 50.0693449534859], [20.094151606939725, 50.06790345020828], [20.092855000511964, 50.06646190360415], [20.090261787656445, 50.06646190360415], [20.088965181228687, 50.06790345020828]]]}}, {"type": "Feature", "properties": {"count": 1, "mean_min": 31.53}, "geometry": {"type": "Polygon", "coordinates": [[[20.092855000511964, 50.09528460409563], [20.094151606939725, 50.09672528424383], [20.096744819795244, 50.09672528424383], [20.098041426223002, 50.09528460409563], [20.096744819795244, 50.09384388062835], [20.094151606939725, 50.09384388062835], [20.092855000511964, 50.09528460409563]]]}}, {"type": "Feature", "properties": {"count": 2, "mean_min": 15.05}, "geometry": {"type": "Polygon", "coordinates": [[[20.092855000511964, 50.0693449534859], [20.094151606939725, 50.07078641343742], [20.096744819795244, 50.07078641343742], [20.098041426223002, 50.0693449534859], [20.096744819795244, 50.06790345020828], [20.094151606939725, 50.06790345020828], [20.092855000511964, 50.0693449534859]]]}}, {"type": "Feature", "properties": {"count": 1, "mean_min": 37.25}, "geometry": {"type": "Polygon", "coordinates": [[[20.096744819795244, 50.03617941580551], [20.098041426223002, 50.03762187235612], [20.10063463907852, 50.03762187235612], [20.10193124550628, 50.03617941580551], [20.10063463907852, 50.03473691591986], [20.098041426223002, 50.03473691591986], [20.096744819795244, 50.03617941580551]]]}}, {"type": "Feature", "properties": {"count": 2, "mean_min": 14.97}, "geometry": {"type": "Polygon", "coordinates": [[[20.100634639078514, 50.0722278300632], [20.10193124550627, 50.07366920336365], [20.104524458361794, 50.07366920336365], [20.105821064789552, 50.0722278300632], [20.104524458361794, 50.07078641343742], [20.10193124550627, 50.07078641343742], [20.100634639078514, 50.0722278300632]]]}}, {"type": "Feature", "properties": {"count": 1, "mean_min": 18.99}, "geometry": {"type": "Polygon", "coordinates": [[[20.10841427764507, 50.10680883237986], [20.10971088407283, 50.10824916598952], [20.112304096928348, 50.10824916598952], [20.113600703356106, 50.10680883237986], [20.112304096928348, 50.10536845545427], [20.10971088407283, 50.10536845545427], [20.10841427764507, 50.10680883237986]]]}}, {"type": "Feature", "properties": {"count": 2, "mean_min": 36.53}, "geometry": {"type": "Polygon", "coordinates": [[[20.112304096928348, 50.111129703262556], [20.113600703356106, 50.11256990692672], [20.116193916211625, 50.11256990692672], [20.117490522639386, 50.111129703262556], [20.116193916211625, 50.10968945628362], [20.113600703356106, 50.10968945628362], [20.112304096928348, 50.111129703262556]]]}}, {"type": "Feature", "properties": {"count": 2, "mean_min": 36.68}, "geometry": {"type": "Polygon", "coordinates": [[[20.116193916211625, 50.11256990692672], [20.117490522639386, 50.114010067276524], [20.120083735494905, 50.114010067276524], [20.12138034192266, 50.11256990692672], [20.120083735494905, 50.111129703262556], [20.117490522639386, 50.111129703262556], [20.116193916211625, 50.11256990692672]]]}}, {"type": "Feature", "properties": {"count": 1, "mean_min": 20.2}, "geometry": {"type": "Polygon", "coordinates": [[[20.116193916211625, 50.0722278300632], [20.117490522639386, 50.07366920336365], [20.120083735494905, 50.07366920336365], [20.12138034192266, 50.0722278300632], [20.120083735494905, 50.07078641343742], [20.117490522639386, 50.07078641343742], [20.116193916211625, 50.0722278300632]]]}}, {"type": "Feature", "properties": {"count": 2, "mean_min": 37.12}, "geometry": {"type": "Polygon", "coordinates": [[[20.120083735494905, 50.10536845545427], [20.12138034192266, 50.10680883237986], [20.12397355477818, 50.10680883237986], [20.125270161205936, 50.10536845545427], [20.12397355477818, 50.10392803521233], [20.12138034192266, 50.10392803521233], [20.120083735494905, 50.10536845545427]]]}}, {"type": "Feature", "properties": {"count": 1, "mean_min": 44.8}, "geometry": {"type": "Polygon", "coordinates": [[[20.120083735494905, 50.09672528424383], [20.12138034192266, 50.09816592107334], [20.12397355477818, 50.09816592107334], [20.125270161205936, 50.09672528424383], [20.12397355477818, 50.09528460409563], [20.12138034192266, 50.09528460409563], [20.120083735494905, 50.09672528424383]]]}}, {"type": "Feature", "properties": {"count": 2, "mean_min": 36.95}, "geometry": {"type": "Polygon", "coordinates": [[[20.123973554778175, 50.10104706477786], [20.125270161205933, 50.10248757165366], [20.127863374061455, 50.10248757165366], [20.129159980489213, 50.10104706477786], [20.127863374061455, 50.09960651458456], [20.125270161205933, 50.09960651458456], [20.123973554778175, 50.10104706477786]]]}}, {"type": "Feature", "properties": {"count": 1, "mean_min": 62.93}, "geometry": {"type": "Polygon", "coordinates": [[[20.123973554778175, 50.09816592107334], [20.125270161205933, 50.09960651458456], [20.127863374061455, 50.09960651458456], [20.129159980489213, 50.09816592107334], [20.127863374061455, 50.09672528424383], [20.125270161205933, 50.09672528424383], [20.123973554778175, 50.09816592107334]]]}}, {"type": "Feature", "properties": {"count": 2, "mean_min": 6.54}, "geometry": {"type": "Polygon", "coordinates": [[[20.123973554778175, 50.0722278300632], [20.125270161205933, 50.07366920336365], [20.127863374061455, 50.07366920336365], [20.129159980489213, 50.0722278300632], [20.127863374061455, 50.07078641343742], [20.125270161205933, 50.07078641343742], [20.123973554778175, 50.0722278300632]]]}}, {"type": "Feature", "properties": {"count": 2, "mean_min": 7.05}, "geometry": {"type": "Polygon", "coordinates": [[[20.131753193344732, 50.075110533339156], [20.13304979977249, 50.0765518199901], [20.13564301262801, 50.0765518199901], [20.136939619055767, 50.075110533339156], [20.13564301262801, 50.07366920336365], [20.13304979977249, 50.07366920336365], [20.131753193344732, 50.075110533339156]]]}}, {"type": "Feature", "properties": {"count": 1, "mean_min": 9.12}, "geometry": {"type": "Polygon", "coordinates": [[[20.13564301262801, 50.0765518199901], [20.136939619055767, 50.07799306331688], [20.139532831911286, 50.07799306331688], [20.140829438339043, 50.0765518199901], [20.139532831911286, 50.075110533339156], [20.136939619055767, 50.075110533339156], [20.13564301262801, 50.0765518199901]]]}}, {"type": "Feature", "properties": {"count": 1, "mean_min": 4.94}, "geometry": {"type": "Polygon", "coordinates": [[[20.139532831911286, 50.075110533339156], [20.140829438339043, 50.0765518199901], [20.143422651194562, 50.0765518199901], [20.14471925762232, 50.075110533339156], [20.143422651194562, 50.07366920336365], [20.140829438339043, 50.07366920336365], [20.139532831911286, 50.075110533339156]]]}}, {"type": "Feature", "properties": {"count": 1, "mean_min": 11.05}, "geometry": {"type": "Polygon", "coordinates": [[[20.143422651194562, 50.08808055356056], [20.14471925762232, 50.08952145030809], [20.14731247047784, 50.08952145030809], [20.148609076905597, 50.08808055356056], [20.14731247047784, 50.086639613492], [20.14471925762232, 50.086639613492], [20.143422651194562, 50.08808055356056]]]}}, {"type": "Feature", "properties": {"count": 1, "mean_min": 9.24}, "geometry": {"type": "Polygon", "coordinates": [[[20.143422651194562, 50.0765518199901], [20.14471925762232, 50.07799306331688], [20.14731247047784, 50.07799306331688], [20.148609076905597, 50.0765518199901], [20.14731247047784, 50.075110533339156], [20.14471925762232, 50.075110533339156], [20.143422651194562, 50.0765518199901]]]}}, {"type": "Feature", "properties": {"count": 2, "mean_min": 10.57}, "geometry": {"type": "Polygon", "coordinates": [[[20.147312470477836, 50.08375760339018], [20.148609076905593, 50.085198630102], [20.151202289761116, 50.085198630102], [20.152498896188874, 50.08375760339018], [20.151202289761116, 50.08231653335615], [20.148609076905593, 50.08231653335615], [20.147312470477836, 50.08375760339018]]]}}, {"type": "Feature", "properties": {"count": 1, "mean_min": 8.07}, "geometry": {"type": "Polygon", "coordinates": [[[20.147312470477836, 50.075110533339156], [20.148609076905593, 50.0765518199901], [20.151202289761116, 50.0765518199901], [20.152498896188874, 50.075110533339156], [20.151202289761116, 50.07366920336365], [20.148609076905593, 50.07366920336365], [20.147312470477836, 50.075110533339156]]]}}, {"type": "Feature", "properties": {"count": 3, "mean_min": 19.33}, "geometry": {"type": "Polygon", "coordinates": [[[20.151202289761116, 50.0765518199901], [20.152498896188874, 50.07799306331688], [20.155092109044393, 50.07799306331688], [20.156388715472147, 50.0765518199901], [20.155092109044393, 50.075110533339156], [20.152498896188874, 50.075110533339156], [20.151202289761116, 50.0765518199901]]]}}, {"type": "Feature", "properties": {"count": 1, "mean_min": 60.24}, "geometry": {"type": "Polygon", "coordinates": [[[20.155092109044393, 50.07799306331688], [20.156388715472147, 50.0794342633199], [20.158981928327666, 50.0794342633199], [20.160278534755424, 50.07799306331688], [20.158981928327666, 50.0765518199901], [20.156388715472147, 50.0765518199901], [20.155092109044393, 50.07799306331688]]]}}, {"type": "Feature", "properties": {"count": 2, "mean_min": 23.38}, "geometry": {"type": "Polygon", "coordinates": [[[20.155092109044393, 50.0722278300632], [20.156388715472147, 50.07366920336365], [20.158981928327666, 50.07366920336365], [20.160278534755424, 50.0722278300632], [20.158981928327666, 50.07078641343742], [20.156388715472147, 50.07078641343742], [20.155092109044393, 50.0722278300632]]]}}, {"type": "Feature", "properties": {"count": 2, "mean_min": 19.89}, "geometry": {"type": "Polygon", "coordinates": [[[20.158981928327666, 50.07078641343742], [20.160278534755424, 50.0722278300632], [20.162871747610946, 50.0722278300632], [20.164168354038704, 50.07078641343742], [20.162871747610946, 50.0693449534859], [20.160278534755424, 50.0693449534859], [20.158981928327666, 50.07078641343742]]]}}, {"type": "Feature", "properties": {"count": 1, "mean_min": 60.19}, "geometry": {"type": "Polygon", "coordinates": [[[20.162871747610946, 50.07799306331688], [20.164168354038704, 50.0794342633199], [20.166761566894223, 50.0794342633199], [20.16805817332198, 50.07799306331688], [20.166761566894223, 50.0765518199901], [20.164168354038704, 50.0765518199901], [20.162871747610946, 50.07799306331688]]]}}, {"type": "Feature", "properties": {"count": 1, "mean_min": 16.68}, "geometry": {"type": "Polygon", "coordinates": [[[20.162871747610946, 50.0693449534859], [20.164168354038704, 50.07078641343742], [20.166761566894223, 50.07078641343742], [20.16805817332198, 50.0693449534859], [20.166761566894223, 50.06790345020828], [20.164168354038704, 50.06790345020828], [20.162871747610946, 50.0693449534859]]]}}, {"type": "Feature", "properties": {"count": 1, "mean_min": 58.88}, "geometry": {"type": "Polygon", "coordinates": [[[20.166761566894223, 50.10536845545427], [20.16805817332198, 50.10680883237986], [20.1706513861775, 50.10680883237986], [20.171947992605258, 50.10536845545427], [20.1706513861775, 50.10392803521233], [20.16805817332198, 50.10392803521233], [20.166761566894223, 50.10536845545427]]]}}, {"type": "Feature", "properties": {"count": 1, "mean_min": 22.93}, "geometry": {"type": "Polygon", "coordinates": [[[20.166761566894223, 50.06790345020828], [20.16805817332198, 50.0693449534859], [20.1706513861775, 50.0693449534859], [20.171947992605258, 50.06790345020828], [20.1706513861775, 50.06646190360415], [20.16805817332198, 50.06646190360415], [20.166761566894223, 50.06790345020828]]]}}, {"type": "Feature", "properties": {"count": 2, "mean_min": 22.99}, "geometry": {"type": "Polygon", "coordinates": [[[20.166761566894223, 50.06502031367313], [20.16805817332198, 50.06646190360415], [20.1706513861775, 50.06646190360415], [20.171947992605258, 50.06502031367313], [20.1706513861775, 50.06357868041482], [20.16805817332198, 50.06357868041482], [20.166761566894223, 50.06502031367313]]]}}, {"type": "Feature", "properties": {"count": 1, "mean_min": 58.83}, "geometry": {"type": "Polygon", "coordinates": [[[20.170651386177497, 50.10968945628362], [20.171947992605254, 50.111129703262556], [20.174541205460777, 50.111129703262556], [20.17583781188853, 50.10968945628362], [20.174541205460777, 50.10824916598952], [20.171947992605254, 50.10824916598952], [20.170651386177497, 50.10968945628362]]]}}, {"type": "Feature", "properties": {"count": 1, "mean_min": 58.81}, "geometry": {"type": "Polygon", "coordinates": [[[20.174541205460777, 50.09960651458456], [20.17583781188853, 50.10104706477786], [20.17843102474405, 50.10104706477786], [20.179727631171808, 50.09960651458456], [20.17843102474405, 50.09816592107334], [20.17583781188853, 50.09816592107334], [20.174541205460777, 50.09960651458456]]]}}, {"type": "Feature", "properties": {"count": 1, "mean_min": 60.11}, "geometry": {"type": "Polygon", "coordinates": [[[20.174541205460777, 50.0794342633199], [20.17583781188853, 50.080875419999515], [20.17843102474405, 50.080875419999515], [20.179727631171808, 50.0794342633199], [20.17843102474405, 50.07799306331688], [20.17583781188853, 50.07799306331688], [20.174541205460777, 50.0794342633199]]]}}, {"type": "Feature", "properties": {"count": 2, "mean_min": 22.83}, "geometry": {"type": "Polygon", "coordinates": [[[20.174541205460777, 50.0592535206723], [20.17583781188853, 50.0606952839148], [20.17843102474405, 50.0606952839148], [20.179727631171808, 50.0592535206723], [20.17843102474405, 50.05781171410096], [20.17583781188853, 50.05781171410096], [20.174541205460777, 50.0592535206723]]]}}, {"type": "Feature", "properties": {"count": 2, "mean_min": 62.38}, "geometry": {"type": "Polygon", "coordinates": [[[20.17843102474405, 50.11256990692672], [20.179727631171808, 50.114010067276524], [20.182320844027327, 50.114010067276524], [20.183617450455085, 50.11256990692672], [20.182320844027327, 50.111129703262556], [20.179727631171808, 50.111129703262556], [20.17843102474405, 50.11256990692672]]]}}, {"type": "Feature", "properties": {"count": 2, "mean_min": 61.5}, "geometry": {"type": "Polygon", "coordinates": [[[20.17843102474405, 50.09528460409563], [20.179727631171808, 50.09672528424383], [20.182320844027327, 50.09672528424383], [20.183617450455085, 50.09528460409563], [20.182320844027327, 50.09384388062835], [20.179727631171808, 50.09384388062835], [20.17843102474405, 50.09528460409563]]]}}, {"type": "Feature", "properties": {"count": 2, "mean_min": 22.83}, "geometry": {"type": "Polygon", "coordinates": [[[20.17843102474405, 50.05781171410096], [20.179727631171808, 50.0592535206723], [20.182320844027327, 50.0592535206723], [20.183617450455085, 50.05781171410096], [20.182320844027327, 50.0563698642004], [20.179727631171808, 50.0563698642004], [20.17843102474405, 50.05781171410096]]]}}, {"type": "Feature", "properties": {"count": 1, "mean_min": 64.56}, "geometry": {"type": "Polygon", "coordinates": [[[20.182320844027327, 50.09096230373497], [20.183617450455085, 50.092403113841584], [20.186210663310607, 50.092403113841584], [20.187507269738365, 50.09096230373497], [20.186210663310607, 50.08952145030809], [20.183617450455085, 50.08952145030809], [20.182320844027327, 50.09096230373497]]]}}, {"type": "Feature", "properties": {"count": 1, "mean_min": 59.99}, "geometry": {"type": "Polygon", "coordinates": [[[20.182320844027327, 50.0794342633199], [20.183617450455085, 50.080875419999515], [20.186210663310607, 50.080875419999515], [20.187507269738365, 50.0794342633199], [20.186210663310607, 50.07799306331688], [20.183617450455085, 50.07799306331688], [20.182320844027327, 50.0794342633199]]]}}, {"type": "Feature", "properties": {"count": 2, "mean_min": 22.88}, "geometry": {"type": "Polygon", "coordinates": [[[20.182320844027327, 50.0563698642004], [20.183617450455085, 50.05781171410096], [20.186210663310607, 50.05781171410096], [20.187507269738365, 50.0563698642004], [20.186210663310607, 50.054927970970205], [20.183617450455085, 50.054927970970205], [20.182320844027327, 50.0563698642004]]]}}, {"type": "Feature", "properties": {"count": 1, "mean_min": 59.53}, "geometry": {"type": "Polygon", "coordinates": [[[20.186210663310607, 50.0722278300632], [20.187507269738365, 50.07366920336365], [20.190100482593884, 50.07366920336365], [20.191397089021642, 50.0722278300632], [20.190100482593884, 50.07078641343742], [20.187507269738365, 50.07078641343742], [20.186210663310607, 50.0722278300632]]]}}, {"type": "Feature", "properties": {"count": 1, "mean_min": 53.38}, "geometry": {"type": "Polygon", "coordinates": [[[20.186210663310607, 50.0693449534859], [20.187507269738365, 50.07078641343742], [20.190100482593884, 50.07078641343742], [20.191397089021642, 50.0693449534859], [20.190100482593884, 50.06790345020828], [20.187507269738365, 50.06790345020828], [20.186210663310607, 50.0693449534859]]]}}, {"type": "Feature", "properties": {"count": 1, "mean_min": 59.49}, "geometry": {"type": "Polygon", "coordinates": [[[20.186210663310607, 50.06646190360415], [20.187507269738365, 50.06790345020828], [20.190100482593884, 50.06790345020828], [20.191397089021642, 50.06646190360415], [20.190100482593884, 50.06502031367313], [20.187507269738365, 50.06502031367313], [20.186210663310607, 50.06646190360415]]]}}, {"type": "Feature", "properties": {"count": 2, "mean_min": 56.65}, "geometry": {"type": "Polygon", "coordinates": [[[20.190100482593884, 50.06213700382884], [20.191397089021642, 50.06357868041482], [20.19399030187716, 50.06357868041482], [20.19528690830492, 50.06213700382884], [20.19399030187716, 50.0606952839148], [20.191397089021642, 50.0606952839148], [20.190100482593884, 50.06213700382884]]]}}, {"type": "Feature", "properties": {"count": 2, "mean_min": 22.86}, "geometry": {"type": "Polygon", "coordinates": [[[20.190100482593884, 50.0563698642004], [20.191397089021642, 50.05781171410096], [20.19399030187716, 50.05781171410096], [20.19528690830492, 50.0563698642004], [20.19399030187716, 50.054927970970205], [20.191397089021642, 50.054927970970205], [20.190100482593884, 50.0563698642004]]]}}, {"type": "Feature", "properties": {"count": 1, "mean_min": 53.35}, "geometry": {"type": "Polygon", "coordinates": [[[20.197880121160434, 50.0563698642004], [20.199176727588192, 50.05781171410096], [20.20176994044371, 50.05781171410096], [20.20306654687147, 50.0563698642004], [20.20176994044371, 50.054927970970205], [20.199176727588192, 50.054927970970205], [20.197880121160434, 50.0563698642004]]]}}, {"type": "Feature", "properties": {"count": 3, "mean_min": 35.02}, "geometry": {"type": "Polygon", "coordinates": [[[20.20176994044371, 50.054927970970205], [20.20306654687147, 50.0563698642004], [20.205659759726988, 50.0563698642004], [20.206956366154746, 50.054927970970205], [20.205659759726988, 50.053486034410014], [20.20306654687147, 50.053486034410014], [20.20176994044371, 50.054927970970205]]]}}, {"type": "Feature", "properties": {"count": 1, "mean_min": 14.48}, "geometry": {"type": "Polygon", "coordinates": [[[20.20176994044371, 50.052044054519406], [20.20306654687147, 50.053486034410014], [20.205659759726988, 50.053486034410014], [20.206956366154746, 50.052044054519406], [20.205659759726988, 50.05060203129803], [20.20306654687147, 50.05060203129803], [20.20176994044371, 50.052044054519406]]]}}, {"type": "Feature", "properties": {"count": 1, "mean_min": 64.36}, "geometry": {"type": "Polygon", "coordinates": [[[20.205659759726988, 50.05060203129803], [20.206956366154746, 50.052044054519406], [20.209549579010268, 50.052044054519406], [20.210846185438026, 50.05060203129803], [20.209549579010268, 50.04915996474547], [20.206956366154746, 50.04915996474547], [20.205659759726988, 50.05060203129803]]]}}, {"type": "Feature", "properties": {"count": 1, "mean_min": 64.25}, "geometry": {"type": "Polygon", "coordinates": [[[20.209549579010268, 50.04627570164527], [20.210846185438026, 50.04771785486135], [20.213439398293545, 50.04771785486135], [20.214736004721303, 50.04627570164527], [20.213439398293545, 50.044833505096875], [20.210846185438026, 50.044833505096875], [20.209549579010268, 50.04627570164527]]]}}]}