{
"type": "FeatureCollection",
"name": "gdansk_hex_boundary",
"crs": { "type": "name", "properties": { "name": "urn:ogc:def:crs:OGC:1.3:CRS84" } },
"features": [
{ "type": "Feature", "properties": { "name": "gdansk" }, "geometry": { "type": "Polygon", "coordinates": [ [ [ 18.429540328121185, 54.381927559287483 ], [ 18.429540329732262, 54.381927561148437 ], [ 18.431732151058071, 54.384185395363851 ], [ 18.431732157669153, 54.384185402999314 ], [ 18.431732163006814, 54.384185410966992 ], [ 18.431732167022712, 54.384185419194743 ], [ 18.431732169680483, 54.384185427608045 ], [ 18.431732170956053, 54.384185436130707 ], [ 18.431732170837876, 54.384185444685556 ], [ 18.431732169327017, 54.384185453195101 ], [ 18.431732166437158, 54.384185461582291 ], [ 18.431732162194475, 54.384185469771182 ], [ 18.431732156637388, 54.384185477687581 ], [ 18.43173214981622, 54.38418548525982 ], [ 18.42947799431893, 54.386422353743917 ], [ 18.42947799265627, 54.386422355589417 ], [ 18.429477994267518, 54.386422357450364 ], [ 18.431670091966016, 54.388680234979915 ], [ 18.431670093873269, 54.388680236743042 ], [ 18.431670097440421, 54.388680236859038 ], [ 18.436116560040922, 54.388701082398356 ], [ 18.436116574677136, 54.388701082873787 ], [ 18.436116589169643, 54.388701084159024 ], [ 18.436116603387191, 54.388701086242421 ], [ 18.436116617201026, 54.38870108910514 ], [ 18.436116630486051, 54.388701092721199 ], [ 18.436116643121952, 54.388701097057897 ], [ 18.436116654994301, 54.388701102075949 ], [ 18.43611666599557, 54.388701107729922 ], [ 18.436116676026138, 54.388701113968587 ], [ 18.436116684995163, 54.388701120735455 ], [ 18.436116692821425, 54.388701127969263 ], [ 18.4383092343543, 54.390958841990162 ], [ 18.438309236261944, 54.390958843753182 ], [ 18.438309239829312, 54.390958843868987 ], [ 18.442755953830009, 54.390979445519676 ], [ 18.442755968467115, 54.390979445994311 ], [ 18.442755982960634, 54.390979447278752 ], [ 18.442755997179315, 54.390979449361367 ], [ 18.44275601099438, 54.390979452223313 ], [ 18.442756024280733, 54.390979455838661 ], [ 18.442756036918034, 54.390979460174663 ], [ 18.44275604879185, 54.390979465192068 ], [ 18.442756059794647, 54.39097947084543 ], [ 18.442756069826778, 54.39097947708354 ], [ 18.442756078797395, 54.390979483849932 ], [ 18.442756086625256, 54.390979491083293 ], [ 18.444949072039179, 54.393237041550542 ], [ 18.444949078654162, 54.393237049185274 ], [ 18.444949083995549, 54.393237057152355 ], [ 18.444949088014969, 54.393237065379672 ], [ 18.444949090676015, 54.393237073792676 ], [ 18.444949091954594, 54.393237082315203 ], [ 18.444949091839124, 54.393237090870038 ], [ 18.444949090330653, 54.39323709937976 ], [ 18.44494908744284, 54.393237107767241 ], [ 18.444949083201838, 54.393237115956602 ], [ 18.444949077646054, 54.393237123873597 ], [ 18.444949070825803, 54.393237131446575 ], [ 18.442695132930826, 54.395474243818448 ], [ 18.442695131268394, 54.395474245664111 ], [ 18.442695132880594, 54.395474247524895 ], [ 18.444888437071636, 54.39773188455478 ], [ 18.444888438979874, 54.397731886317679 ], [ 18.44488844254785, 54.397731886433299 ], [ 18.449335893958125, 54.397752247507931 ], [ 18.449335908597725, 54.397752247981778 ], [ 18.449335923093841, 54.397752249265423 ], [ 18.449335937315197, 54.397752251347278 ], [ 18.449335951133001, 54.397752254208477 ], [ 18.449335964422119, 54.397752257823093 ], [ 18.449335977062194, 54.397752262158427 ], [ 18.44933598893877, 54.397752267175164 ], [ 18.449335999944278, 54.397752272827937 ], [ 18.44933600997906, 54.397752279065514 ], [ 18.449336018952231, 54.397752285831388 ], [ 18.449336026782532, 54.397752293064336 ], [ 18.45152977505813, 54.4000097664699 ], [ 18.451529776966758, 54.400009768232707 ], [ 18.451529780534955, 54.400009768348134 ], [ 18.455977483287981, 54.40002988541147 ], [ 18.455977497928473, 54.4000298858845 ], [ 18.455977512425605, 54.400029887167349 ], [ 18.455977526648091, 54.400029889248437 ], [ 18.455977540467128, 54.400029892108869 ], [ 18.455977553757567, 54.400029895722753 ], [ 18.455977566399053, 54.40002990005739 ], [ 18.455977578277093, 54.400029905073495 ], [ 18.455977589284128, 54.40002991072565 ], [ 18.455977599320473, 54.40002991696268 ], [ 18.455977608295239, 54.400029923728077 ], [ 18.455977616127143, 54.400029930960578 ], [ 18.458171850612388, 54.402287283982922 ], [ 18.45817185252141, 54.402287285745622 ], [ 18.45817185608982, 54.402287285860858 ], [ 18.462619810121861, 54.402307158871601 ], [ 18.462619824763248, 54.402307159343835 ], [ 18.462619839261396, 54.402307160625902 ], [ 18.462619853485009, 54.40230716270618 ], [ 18.462619867305275, 54.402307165565865 ], [ 18.462619880597039, 54.402307169179025 ], [ 18.462619893239928, 54.402307173512959 ], [ 18.462619905119443, 54.402307178528417 ], [ 18.462619916128002, 54.402307184179975 ], [ 18.46261992616591, 54.402307190416437 ], [ 18.462619935142268, 54.402307197181344 ], [ 18.462619942975774, 54.402307204413425 ], [ 18.464814621652717, 54.404564393718303 ], [ 18.46481462827321, 54.404564401351919 ], [ 18.464814633619909, 54.404564409318141 ], [ 18.464814637644398, 54.40456441754479 ], [ 18.46481464031023, 54.404564425957346 ], [ 18.464814641593268, 54.404564434479646 ], [ 18.464814641481883, 54.404564443034509 ], [ 18.464814639977089, 54.404564451544452 ], [ 18.46481463709252, 54.404564459932416 ], [ 18.464814632854281, 54.404564468122452 ], [ 18.464814627300772, 54.404564476040363 ], [ 18.464814620482279, 54.404564483614443 ], [ 18.462561179187496, 54.406801920664712 ], [ 18.462561171164936, 54.406801927826244 ], [ 18.46256116201176, 54.406801934510462 ], [ 18.462561151810849, 54.406801940656884 ], [ 18.462561140654589, 54.406801946209811 ], [ 18.462561128644015, 54.406801951118958 ], [ 18.46256111588789, 54.40680195533988 ], [ 18.462561102501745, 54.406801958834336 ], [ 18.462561088606797, 54.406801961570686 ], [ 18.462561074328892, 54.406801963524153 ], [ 18.46256105979732, 54.406801964677044 ], [ 18.462561045143691, 54.406801965018921 ], [ 18.45811269006764, 54.406782089116511 ], [ 18.458112675424715, 54.406782088643737 ], [ 18.458112660925135, 54.40678208736113 ], [ 18.458112646700204, 54.406782085280305 ], [ 18.458112632878755, 54.406782082420108 ], [ 18.458112619585943, 54.406782078806444 ], [ 18.458112606942166, 54.406782074472041 ], [ 18.458112595061912, 54.406782069456149 ], [ 18.458112584052781, 54.406782063804194 ], [ 18.458112574014468, 54.406782057567341 ], [ 18.458112565037887, 54.406782050802114 ], [ 18.458112557204327, 54.406782043569741 ], [ 18.455918087726236, 54.404524690604752 ], [ 18.45591808581721, 54.404524688842024 ], [ 18.455918082248612, 54.404524688726724 ], [ 18.45146980792153, 54.404504567964651 ], [ 18.4514698043503, 54.404504568047649 ], [ 18.451469802394652, 54.404504569792898 ], [ 18.449215596482336, 54.406741799066744 ], [ 18.449215588457474, 54.406741806227373 ], [ 18.449215579302145, 54.406741812910589 ], [ 18.449215569099259, 54.406741819055867 ], [ 18.449215557941223, 54.40674182460755 ], [ 18.449215545929079, 54.406741829515376 ], [ 18.449215533171618, 54.406741833734884 ], [ 18.449215519784367, 54.406741837227848 ], [ 18.44921550588856, 54.406741839962677 ], [ 18.449215491610051, 54.406741841914553 ], [ 18.449215477078141, 54.406741843065838 ], [ 18.44921546242443, 54.406741843406103 ], [ 18.44476712376937, 54.406721476013672 ], [ 18.444767109126634, 54.406721475539278 ], [ 18.444767094627498, 54.406721474255079 ], [ 18.444767080403281, 54.406721472172677 ], [ 18.444767066582788, 54.406721469310966 ], [ 18.44476705329118, 54.406721465695838 ], [ 18.444767040648838, 54.406721461360036 ], [ 18.444767028770237, 54.406721456342844 ], [ 18.444767017762967, 54.406721450689659 ], [ 18.4447670077267, 54.406721444451712 ], [ 18.444766998752335, 54.406721437685491 ], [ 18.444766990921142, 54.406721430452265 ], [ 18.442573259265789, 54.404463836751084 ], [ 18.442573257357338, 54.404463834988142 ], [ 18.442573253788787, 54.404463834872452 ], [ 18.438124996080745, 54.404443222643998 ], [ 18.438124992509493, 54.404443222726613 ], [ 18.438124990553284, 54.404443224471635 ], [ 18.435870020200767, 54.40668024583919 ], [ 18.435870018537571, 54.406680247684754 ], [ 18.435870020149899, 54.406680249545623 ], [ 18.438063500192143, 54.408937963569258 ], [ 18.438063506808351, 54.408937971204359 ], [ 18.438063512150421, 54.408937979171725 ], [ 18.438063516169976, 54.408937987399248 ], [ 18.438063518830603, 54.40893799581238 ], [ 18.438063520108219, 54.408938004334928 ], [ 18.438063519991253, 54.408938012889756 ], [ 18.438063518480757, 54.408938021399365 ], [ 18.438063515590414, 54.408938029786661 ], [ 18.4380635113464, 54.408938037975737 ], [ 18.438063505787149, 54.408938045892391 ], [ 18.438063498963007, 54.408938053464951 ], [ 18.435808320168171, 54.411175028521058 ], [ 18.435808318504787, 54.411175030366628 ], [ 18.435808320117289, 54.41117503222749 ], [ 18.438002077015696, 54.413432789545801 ], [ 18.438002078924363, 54.413432791308814 ], [ 18.438002082493679, 54.41343279142464 ], [ 18.442451227845982, 54.413453410052497 ], [ 18.442451242491089, 54.413453410527175 ], [ 18.44245125699252, 54.413453411811666 ], [ 18.44245127121895, 54.413453413894338 ], [ 18.442451285041539, 54.413453416756326 ], [ 18.442451298335111, 54.413453420371702 ], [ 18.44245131097928, 54.413453424707747 ], [ 18.442451322859533, 54.413453429725173 ], [ 18.442451333868277, 54.413453435378557 ], [ 18.442451343905827, 54.413453441616696 ], [ 18.442451352881275, 54.413453448383088 ], [ 18.442451360713331, 54.413453455616455 ], [ 18.444645520074467, 54.415711005989991 ], [ 18.444645526692984, 54.415711013624716 ], [ 18.444645532037203, 54.41571102159179 ], [ 18.444645536058729, 54.415711029819072 ], [ 18.444645538721137, 54.415711038232061 ], [ 18.444645540000316, 54.415711046754566 ], [ 18.444645539884693, 54.415711055309373 ], [ 18.444645538375298, 54.415711063819053 ], [ 18.444645535485812, 54.415711072206513 ], [ 18.444645531242401, 54.415711080395809 ], [ 18.444645525683494, 54.415711088312754 ], [ 18.444645518859424, 54.415711095885676 ], [ 18.442390366480392, 54.417948148388554 ], [ 18.44239035845214, 54.417948155548707 ], [ 18.442390349293195, 54.417948162231383 ], [ 18.442390339086501, 54.417948168376071 ], [ 18.442390327924493, 54.417948173927108 ], [ 18.442390315908256, 54.41794817883423 ], [ 18.442390303146606, 54.417948183052999 ], [ 18.442390289755124, 54.417948186545189 ], [ 18.442390275855075, 54.417948189279201 ], [ 18.442390261572349, 54.41794819123028 ], [ 18.442390247036286, 54.417948192380734 ], [ 18.442390232378532, 54.417948192720146 ], [ 18.437940600354867, 54.417927570694623 ], [ 18.437940596782447, 54.417927570777223 ], [ 18.437940594825584, 54.417927572522252 ], [ 18.435684869208657, 54.420164583643121 ], [ 18.4356848675449, 54.420164585488678 ], [ 18.435684869157743, 54.420164587349539 ], [ 18.437879095831633, 54.422422344672469 ], [ 18.437879097740709, 54.422422346435482 ], [ 18.437879101310809, 54.422422346551301 ], [ 18.442329220139623, 54.422442971975222 ], [ 18.44232923478793, 54.422442972449922 ], [ 18.442329249292531, 54.422442973734434 ], [ 18.442329263522065, 54.42244297581712 ], [ 18.442329277347664, 54.422442978679122 ], [ 18.442329290644132, 54.42244298229452 ], [ 18.442329303291046, 54.422442986630571 ], [ 18.442329315173875, 54.422442991648005 ], [ 18.442329326185007, 54.422442997301395 ], [ 18.442329336224724, 54.422443003539541 ], [ 18.442329345202104, 54.42244301030594 ], [ 18.442329353035849, 54.422443017539308 ], [ 18.444524024508887, 54.424700611169257 ], [ 18.444524026418353, 54.42470061293217 ], [ 18.444524029988671, 54.424700613047804 ], [ 18.44897440064376, 54.424720994260987 ], [ 18.448974415292962, 54.424720994734884 ], [ 18.448974429798579, 54.4247209960186 ], [ 18.448974444029243, 54.424720998100497 ], [ 18.448974457856082, 54.424721000961753 ], [ 18.448974471153871, 54.424721004576405 ], [ 18.448974483802189, 54.424721008911781 ], [ 18.448974495686496, 54.424721013928554 ], [ 18.448974506699152, 54.424721019581348 ], [ 18.448974516740439, 54.424721025818947 ], [ 18.448974525719411, 54.424721032584841 ], [ 18.448974533554757, 54.42472103981779 ], [ 18.451169649873723, 54.426978469709681 ], [ 18.451169656495257, 54.426978477344051 ], [ 18.451169661842194, 54.426978485310826 ], [ 18.451169665866114, 54.426978493537902 ], [ 18.451169668530575, 54.426978501950714 ], [ 18.451169669811446, 54.426978510473134 ], [ 18.451169669697126, 54.426978519027934 ], [ 18.451169668188658, 54.426978527537678 ], [ 18.451169665299691, 54.426978535925272 ], [ 18.451169661056401, 54.426978544114789 ], [ 18.451169655497207, 54.426978552032018 ], [ 18.451169648672455, 54.426978559605288 ], [ 18.448914184643058, 54.429215772007424 ], [ 18.448914182979525, 54.429215773853173 ], [ 18.448914184593324, 54.42921577571385 ], [ 18.451109578250509, 54.431473248858993 ], [ 18.45110958487275, 54.431473256493348 ], [ 18.451109590220256, 54.431473264460138 ], [ 18.451109594244599, 54.431473272687207 ], [ 18.45110959690933, 54.431473281100025 ], [ 18.451109598190325, 54.431473289622417 ], [ 18.451109598075973, 54.431473298177238 ], [ 18.451109596567321, 54.431473306686975 ], [ 18.451109593678023, 54.431473315074562 ], [ 18.451109589434246, 54.431473323264058 ], [ 18.451109583874427, 54.43147333118128 ], [ 18.451109577048911, 54.431473338754536 ], [ 18.44885390444453, 54.433710504881816 ], [ 18.448853896414299, 54.433710512042381 ], [ 18.44885388725287, 54.433710518725526 ], [ 18.448853877043206, 54.433710524870733 ], [ 18.448853865877766, 54.433710530422346 ], [ 18.448853853857671, 54.433710535330086 ], [ 18.448853841091772, 54.433710539549516 ], [ 18.448853827695686, 54.433710543042402 ], [ 18.448853813790723, 54.43371054577716 ], [ 18.44885379950281, 54.433710547728964 ], [ 18.448853784961337, 54.433710548880178 ], [ 18.448853770298005, 54.433710549220372 ], [ 18.444402425490861, 54.433690161288474 ], [ 18.444402421917079, 54.433690161371246 ], [ 18.444402419959733, 54.433690163116381 ], [ 18.442146216892624, 54.435927244935534 ], [ 18.442146208860795, 54.435927252095652 ], [ 18.442146199697781, 54.435927258778278 ], [ 18.442146189486561, 54.43592726492291 ], [ 18.442146178319614, 54.435927270473904 ], [ 18.442146166298073, 54.435927275380962 ], [ 18.4421461535308, 54.435927279599682 ], [ 18.442146140133421, 54.435927283091821 ], [ 18.442146126227264, 54.435927285825791 ], [ 18.442146111938264, 54.435927287776813 ], [ 18.442146097395828, 54.435927288927211 ], [ 18.44214608273165, 54.435927289266587 ], [ 18.437694502684092, 54.435906653643023 ], [ 18.437694499110108, 54.43590665372561 ], [ 18.437694497152371, 54.435906655470632 ], [ 18.435437763535244, 54.438143652925177 ], [ 18.435437761870741, 54.438143654770727 ], [ 18.435437763484277, 54.438143656631588 ], [ 18.437632930474429, 54.440401413969205 ], [ 18.437632932384325, 54.440401415732218 ], [ 18.437632935955989, 54.440401415848051 ], [ 18.442085003344385, 54.440422054872975 ], [ 18.442085017999101, 54.440422055347732 ], [ 18.442085032510036, 54.440422056632279 ], [ 18.442085046745788, 54.440422058715001 ], [ 18.442085060577419, 54.440422061577053 ], [ 18.442085073879671, 54.440422065192465 ], [ 18.442085086532085, 54.440422069528537 ], [ 18.442085098420076, 54.440422074546007 ], [ 18.442085109435975, 54.440422080199411 ], [ 18.442085119480033, 54.440422086437579 ], [ 18.442085128461287, 54.440422093203971 ], [ 18.442085136298392, 54.440422100437345 ], [ 18.444280748605451, 54.442679694004056 ], [ 18.444280750515738, 54.442679695766969 ], [ 18.444280754087618, 54.442679695882603 ], [ 18.448733073582698, 54.44270009053615 ], [ 18.448733088238313, 54.442700091010089 ], [ 18.448733102750271, 54.442700092293848 ], [ 18.44873311698715, 54.442700094375788 ], [ 18.448733130820013, 54.442700097237072 ], [ 18.448733144123597, 54.442700100851759 ], [ 18.448733156777418, 54.442700105187143 ], [ 18.448733168666884, 54.442700110203951 ], [ 18.448733179684314, 54.442700115856752 ], [ 18.448733189729939, 54.442700122094358 ], [ 18.448733198712787, 54.44270012886026 ], [ 18.448733206551498, 54.442700136093208 ], [ 18.450929306336569, 54.444957609132324 ], [ 18.450929308247247, 54.444957610895138 ], [ 18.450929311819344, 54.444957611010587 ], [ 18.455381883357187, 54.444977761251337 ], [ 18.455381898013695, 54.444977761724481 ], [ 18.455381912526672, 54.444977763007429 ], [ 18.45538192676468, 54.444977765088588 ], [ 18.455381940598784, 54.444977767949119 ], [ 18.455381953903693, 54.444977771563074 ], [ 18.455381966558924, 54.444977775897769 ], [ 18.455381978449861, 54.444977780913923 ], [ 18.455381989468822, 54.44497778656612 ], [ 18.455381999516014, 54.444977792803165 ], [ 18.455382008500454, 54.444977799568591 ], [ 18.455382016340778, 54.444977806801106 ], [ 18.457578603673991, 54.447235159262092 ], [ 18.457578605585059, 54.4472351610248 ], [ 18.457578609157377, 54.447235161140043 ], [ 18.46203151806046, 54.447255067306777 ], [ 18.462031521635392, 54.44725506722348 ], [ 18.462031523592639, 54.447255065478075 ], [ 18.464287272184855, 54.445017615521039 ], [ 18.464287280214624, 54.445017608359464 ], [ 18.464287289376088, 54.445017601675175 ], [ 18.464287299586271, 54.445017595528668 ], [ 18.46428731075272, 54.445017589975642 ], [ 18.4642873227743, 54.445017585066381 ], [ 18.464287335542146, 54.445017580845338 ], [ 18.464287348940626, 54.445017577350747 ], [ 18.46428736284841, 54.445017574614226 ], [ 18.464287377139541, 54.44501757266061 ], [ 18.464287391684596, 54.445017571507542 ], [ 18.464287406351861, 54.445017571165479 ], [ 18.468739994162071, 54.445037229212808 ], [ 18.468739997736797, 54.445037229129319 ], [ 18.468739999693653, 54.445037227383786 ], [ 18.470995303975712, 54.442799607378838 ], [ 18.470995305638812, 54.442799605532798 ], [ 18.470995304023479, 54.442799603672412 ], [ 18.468798213000881, 54.440542492332504 ], [ 18.468798206373894, 54.440542484699108 ], [ 18.468798201021784, 54.440542476733121 ], [ 18.468798196993014, 54.440542468506642 ], [ 18.468798194324076, 54.440542460094221 ], [ 18.468798193039142, 54.440542451572 ], [ 18.468798193149841, 54.440542443017186 ], [ 18.468798194655175, 54.440542434507236 ], [ 18.468798197541513, 54.440542426119229 ], [ 18.468798201782715, 54.440542417929116 ], [ 18.468798207340367, 54.440542410011084 ], [ 18.468798214164146, 54.440542402436826 ], [ 18.471053180247605, 54.438304864933258 ], [ 18.471053188274876, 54.438304857771236 ], [ 18.471053197433733, 54.438304851086407 ], [ 18.471053207641233, 54.438304844939317 ], [ 18.47105321880494, 54.438304839385644 ], [ 18.471053230823742, 54.438304834475701 ], [ 18.471053243588806, 54.438304830253941 ], [ 18.471053256984526, 54.438304826758575 ], [ 18.471053270889584, 54.438304824021287 ], [ 18.471053285178058, 54.43830482206684 ], [ 18.471053299720548, 54.438304820912954 ], [ 18.471053314385362, 54.438304820570089 ], [ 18.475505178995896, 54.438324227722042 ], [ 18.475505182570025, 54.43832422763834 ], [ 18.47550518452627, 54.4383242258927 ], [ 18.477759706497576, 54.436086518413745 ], [ 18.477759714523245, 54.436086511251261 ], [ 18.477759723680517, 54.436086504565907 ], [ 18.477759733886462, 54.436086498418256 ], [ 18.477759745048658, 54.436086492863964 ], [ 18.477759757066014, 54.436086487953354 ], [ 18.477759769829699, 54.436086483730868 ], [ 18.477759783224126, 54.436086480234771 ], [ 18.477759797127991, 54.436086477496694 ], [ 18.477759811415382, 54.436086475541458 ], [ 18.477759825956905, 54.436086474386762 ], [ 18.477759840620873, 54.436086474043066 ], [ 18.482211384085375, 54.436105633213486 ], [ 18.48221139873905, 54.436105633683361 ], [ 18.482211413249747, 54.436105634963091 ], [ 18.482211427486064, 54.436105637041095 ], [ 18.48221144131907, 54.436105639898543 ], [ 18.482211454623489, 54.436105643509563 ], [ 18.482211467278837, 54.436105647841451 ], [ 18.482211479170509, 54.436105652854955 ], [ 18.482211490190807, 54.436105658504729 ], [ 18.482211500239927, 54.436105664739564 ], [ 18.482211509226872, 54.436105671503 ], [ 18.482211517070247, 54.436105678733789 ], [ 18.484409111245945, 54.438362548908408 ], [ 18.48440911315776, 54.438362550670696 ], [ 18.484409116729385, 54.438362550785151 ], [ 18.488861082368231, 54.438381466226929 ], [ 18.488861085942343, 54.438381466142829 ], [ 18.488861087898023, 54.438381464396976 ], [ 18.49111492987392, 54.436143463268941 ], [ 18.491114931535844, 54.436143461422617 ], [ 18.49111492991986, 54.436143459562487 ], [ 18.488917084368627, 54.433886709987014 ], [ 18.488917077738957, 54.433886702354719 ], [ 18.488917072383799, 54.433886694389592 ], [ 18.48891706835164, 54.433886686163781 ], [ 18.488917065679001, 54.433886677751779 ], [ 18.488917064390087, 54.433886669229757 ], [ 18.488917064496569, 54.433886660674901 ], [ 18.488917065997484, 54.433886652164695 ], [ 18.488917068879239, 54.433886643776191 ], [ 18.488917073115733, 54.433886635585353 ], [ 18.488917078668603, 54.433886627666361 ], [ 18.488917085487564, 54.433886620090952 ], [ 18.491170589723023, 54.431648701541675 ], [ 18.491170597745484, 54.431648694378282 ], [ 18.491170606899583, 54.431648687691911 ], [ 18.491170617102423, 54.431648681543109 ], [ 18.4911706282616, 54.431648675987574 ], [ 18.49117064027606, 54.431648671075607 ], [ 18.491170653036992, 54.431648666851707 ], [ 18.49117066642884, 54.431648663354103 ], [ 18.491170680330313, 54.431648660614485 ], [ 18.49117069461553, 54.43164865865765 ], [ 18.491170709155114, 54.431648657501349 ], [ 18.49117072381739, 54.431648657156025 ], [ 18.495621880870772, 54.431667321580122 ], [ 18.495621884444283, 54.431667321495816 ], [ 18.495621886399356, 54.431667319749863 ], [ 18.49787494668692, 54.429429231370214 ], [ 18.497874954707775, 54.429429224206366 ], [ 18.497874963860294, 54.429429217519491 ], [ 18.497874974061578, 54.429429211370106 ], [ 18.497874985219248, 54.42942920581396 ], [ 18.497874997232259, 54.429429200901318 ], [ 18.497875009991816, 54.429429196676693 ], [ 18.497875023382367, 54.42942919317835 ], [ 18.49787503728265, 54.429429190437951 ], [ 18.497875051566776, 54.429429188480334 ], [ 18.49787506610539, 54.429429187323215 ], [ 18.497875080766825, 54.429429186977067 ], [ 18.502326001828113, 54.429447603904748 ], [ 18.502326005401422, 54.42944760382025 ], [ 18.502326007356103, 54.429447602074184 ], [ 18.504578580544013, 54.427209386829183 ], [ 18.50457858856327, 54.427209379664902 ], [ 18.5045785977142, 54.427209372977494 ], [ 18.504578607913931, 54.42720936682754 ], [ 18.504578619070092, 54.427209361270776 ], [ 18.504578631081653, 54.427209356357466 ], [ 18.504578643839835, 54.427209352132131 ], [ 18.5045786572291, 54.427209348633028 ], [ 18.504578671128183, 54.427209345891853 ], [ 18.504578685411225, 54.427209343933455 ], [ 18.504578699948869, 54.427209342775512 ], [ 18.504578714609462, 54.427209342428554 ], [ 18.509029399608877, 54.427227511899602 ], [ 18.50902940318198, 54.427227511814912 ], [ 18.509029405136275, 54.427227510068732 ], [ 18.51128149128871, 54.424989168009134 ], [ 18.511281499306364, 54.424989160844405 ], [ 18.51128150845571, 54.424989154156485 ], [ 18.511281518653888, 54.42498914800597 ], [ 18.511281529808542, 54.42498914244856 ], [ 18.511281541818651, 54.424989137534581 ], [ 18.511281554575458, 54.424989133308529 ], [ 18.511281567963426, 54.424989129808694 ], [ 18.511281581861322, 54.424989127066752 ], [ 18.511281596143274, 54.424989125107544 ], [ 18.511281610679944, 54.424989123948798 ], [ 18.511281625339695, 54.42498912360103 ], [ 18.515732074207524, 54.425007045655228 ], [ 18.51573207778042, 54.425007045570325 ], [ 18.515732079734324, 54.425007043824046 ], [ 18.517983678915485, 54.42276857500061 ], [ 18.517983686931537, 54.422768567835412 ], [ 18.517983696079298, 54.422768561146995 ], [ 18.51798370627592, 54.422768554995905 ], [ 18.517983717429065, 54.422768549437869 ], [ 18.517983729437731, 54.42276854452323 ], [ 18.517983742193159, 54.422768540296467 ], [ 18.517983755579838, 54.422768536795886 ], [ 18.517983769476533, 54.422768534053155 ], [ 18.517983783757401, 54.422768532093158 ], [ 18.517983798293105, 54.422768530933602 ], [ 18.517983812952007, 54.42276853058501 ], [ 18.522433940282191, 54.422786204924805 ], [ 18.5224339549316, 54.422786205389798 ], [ 18.522433969438875, 54.422786206664689 ], [ 18.522433983672641, 54.422786208737953 ], [ 18.522433997503992, 54.422786211590797 ], [ 18.522434010807668, 54.422786215197405 ], [ 18.522434023463187, 54.422786219525072 ], [ 18.522434035355946, 54.422786224534661 ], [ 18.522434046378233, 54.422786230180762 ], [ 18.522434056430235, 54.422786236412271 ], [ 18.522434065420917, 54.42278624317273 ], [ 18.522434073268858, 54.422786250400939 ], [ 18.524633173688223, 54.425042396815762 ], [ 18.524633175601153, 54.425042398577411 ], [ 18.524633179171737, 54.425042398690678 ], [ 18.529083642477058, 54.425059828905773 ], [ 18.529083657127355, 54.425059829369964 ], [ 18.529083671635647, 54.425059830644059 ], [ 18.529083685870543, 54.425059832716542 ], [ 18.529083699703122, 54.425059835568625 ], [ 18.52908371300812, 54.42505983917448 ], [ 18.529083725665046, 54.425059843501479 ], [ 18.529083737559276, 54.425059848510401 ], [ 18.529083748583087, 54.425059854155904 ], [ 18.529083758636656, 54.425059860386853 ], [ 18.529083767628933, 54.425059867146828 ], [ 18.529083775478476, 54.425059874374597 ], [ 18.531283362874497, 54.427315899850967 ], [ 18.531283364787818, 54.427315901612516 ], [ 18.531283368358622, 54.427315901725585 ], [ 18.53573416758449, 54.427333087762221 ], [ 18.535734171157547, 54.427333087676729 ], [ 18.535734173110711, 54.42733308593013 ], [ 18.537984812575328, 54.425094243328765 ], [ 18.537984820588353, 54.425094236162252 ], [ 18.537984829733386, 54.4250942294723 ], [ 18.537984839927603, 54.425094223319526 ], [ 18.537984851078686, 54.425094217759636 ], [ 18.537984863085651, 54.425094212843007 ], [ 18.537984875839758, 54.425094208614127 ], [ 18.537984889225502, 54.425094205111321 ], [ 18.537984903121664, 54.42509420236631 ], [ 18.537984917402397, 54.425094200403933 ], [ 18.537984931938375, 54.425094199241983 ], [ 18.537984946597952, 54.425094198890967 ], [ 18.542435423939271, 54.425111137257197 ], [ 18.542435427512121, 54.425111137171513 ], [ 18.542435429464899, 54.425111135424785 ], [ 18.544685581947626, 54.422872166220891 ], [ 18.544685589959052, 54.422872159053917 ], [ 18.544685599102497, 54.422872152363453 ], [ 18.544685609295161, 54.422872146210103 ], [ 18.544685620444739, 54.422872140649602 ], [ 18.54468563245025, 54.422872135732305 ], [ 18.544685645202982, 54.422872131502714 ], [ 18.544685658587433, 54.422872127999163 ], [ 18.544685672482402, 54.42287212525337 ], [ 18.544685686762044, 54.422872123290205 ], [ 18.544685701297045, 54.422872122127451 ], [ 18.544685715955776, 54.422872121775612 ], [ 18.549135871352011, 54.422888812523894 ], [ 18.549135886001778, 54.42288881298564 ], [ 18.549135900509938, 54.422888814257327 ], [ 18.549135914745104, 54.422888816327443 ], [ 18.549135928578359, 54.422888819177238 ], [ 18.54913594188443, 54.422888822780898 ], [ 18.549135954542809, 54.422888827105787 ], [ 18.549135966438868, 54.422888832112733 ], [ 18.549135977464864, 54.422888837756418 ], [ 18.549135987520955, 54.42288884398571 ], [ 18.549135996516064, 54.422888850744201 ], [ 18.549136004368734, 54.422888857970676 ], [ 18.551336579563582, 54.425144520993506 ], [ 18.551336581477663, 54.425144522754728 ], [ 18.551336585048332, 54.425144522867207 ], [ 18.555787076023801, 54.425160969387484 ], [ 18.555787090674457, 54.425160969848434 ], [ 18.555787105183629, 54.425160971119325 ], [ 18.555787119419922, 54.42516097318866 ], [ 18.555787133254405, 54.425160976037702 ], [ 18.555787146561801, 54.425160979640616 ], [ 18.555787159221584, 54.425160983964815 ], [ 18.55578717111911, 54.425160988971115 ], [ 18.555787182146634, 54.425160994614181 ], [ 18.555787192204292, 54.42516100084292 ], [ 18.555787201200992, 54.42516100760092 ], [ 18.555787209055268, 54.425161014826955 ], [ 18.557988271237086, 54.427416556748483 ], [ 18.557988273151558, 54.427416558509599 ], [ 18.557988276722444, 54.427416558621879 ], [ 18.562439103222385, 54.427432760860427 ], [ 18.562439106795399, 54.42743276077416 ], [ 18.562439108747441, 54.427432759027113 ], [ 18.564688300689635, 54.425193416363513 ], [ 18.564688308698031, 54.425193409195209 ], [ 18.564688317838748, 54.425193402503233 ], [ 18.564688328029003, 54.425193396348206 ], [ 18.564688339176509, 54.425193390785843 ], [ 18.564688351180322, 54.42519338586655 ], [ 18.564688363931726, 54.425193381634841 ], [ 18.564688377315242, 54.425193378129087 ], [ 18.564688391209671, 54.425193375380992 ], [ 18.564688405489179, 54.42519337341546 ], [ 18.564688420024449, 54.425193372250284 ], [ 18.564688434683848, 54.425193371896036 ], [ 18.569138853549976, 54.425209326256436 ], [ 18.569138868200806, 54.425209326715759 ], [ 18.569138882710416, 54.425209327985051 ], [ 18.569138896947404, 54.425209330052816 ], [ 18.56913891078284, 54.425209332900323 ], [ 18.569138924091426, 54.425209336501766 ], [ 18.56913893675264, 54.425209340824573 ], [ 18.569138948651815, 54.425209345829558 ], [ 18.569138959681194, 54.425209351471416 ], [ 18.569138969740891, 54.425209357699053 ], [ 18.569138978739808, 54.425209364456059 ], [ 18.569138986596446, 54.425209371681234 ], [ 18.571340785881166, 54.427464671640486 ], [ 18.571340787796213, 54.427464673401388 ], [ 18.571340791367142, 54.427464673513285 ], [ 18.575791545554697, 54.427480383548229 ], [ 18.575791560206415, 54.427480384006763 ], [ 18.575791574717037, 54.42748038527526 ], [ 18.575791588955152, 54.427480387342236 ], [ 18.575791602791817, 54.427480390188975 ], [ 18.575791616101728, 54.4274803937897 ], [ 18.575791628764343, 54.427480398111804 ], [ 18.575791640664988, 54.427480403116142 ], [ 18.575791651695891, 54.427480408757397 ], [ 18.575791661757155, 54.42748041498448 ], [ 18.575791670757663, 54.427480421740981 ], [ 18.575791678615904, 54.427480428965723 ], [ 18.577993964961891, 54.429735607691711 ], [ 18.57799396687733, 54.429735609452528 ], [ 18.577993970448478, 54.429735609564204 ], [ 18.582444974550992, 54.429751074925036 ], [ 18.582444989203601, 54.429751075382768 ], [ 18.58244500371524, 54.429751076650462 ], [ 18.58244501795448, 54.429751078716663 ], [ 18.582445031792375, 54.429751081562642 ], [ 18.582445045103601, 54.429751085162628 ], [ 18.582445057767622, 54.429751089484036 ], [ 18.582445069669735, 54.42975109448772 ], [ 18.582445080702168, 54.42975110012835 ], [ 18.582445090764999, 54.429751106354878 ], [ 18.582445099767096, 54.429751113110889 ], [ 18.582445107626942, 54.429751120335212 ], [ 18.584647881103542, 54.432006177777396 ], [ 18.584647883019372, 54.432006179538099 ], [ 18.584647886590737, 54.432006179649584 ], [ 18.589099140543595, 54.432021400295127 ], [ 18.58909915519709, 54.432021400752049 ], [ 18.589099169709737, 54.432021402018947 ], [ 18.589099183950104, 54.432021404084367 ], [ 18.589099197789228, 54.432021406929586 ], [ 18.589099211101779, 54.432021410528833 ], [ 18.589099223767196, 54.432021414849544 ], [ 18.589099235670787, 54.432021419852575 ], [ 18.589099246704741, 54.432021425492607 ], [ 18.589099256769138, 54.432021431718567 ], [ 18.58909926577283, 54.432021438474102 ], [ 18.589099273634282, 54.432021445697977 ], [ 18.591302534310806, 54.434276381805802 ], [ 18.591302536227026, 54.434276383566406 ], [ 18.591302539798608, 54.434276383677705 ], [ 18.595754128898285, 54.434291359852409 ], [ 18.595754132471832, 54.43429135976514 ], [ 18.595754134422783, 54.434291358017546 ], [ 18.598001933342733, 54.432051352375652 ], [ 18.598001934999694, 54.432051350527843 ], [ 18.59800193337902, 54.432051348669141 ], [ 18.595798422983798, 54.429796533475177 ], [ 18.595798416334894, 54.429796525848701 ], [ 18.59579841095951, 54.429796517888278 ], [ 18.595798406906326, 54.429796509665998 ], [ 18.595798404212044, 54.42979650125632 ], [ 18.595798402901064, 54.429796492735406 ], [ 18.595798402985267, 54.429796484180414 ], [ 18.595798404463885, 54.429796475668837 ], [ 18.595798407323525, 54.429796467277747 ], [ 18.595798411538293, 54.429796459083114 ], [ 18.595798417070018, 54.429796451159191 ], [ 18.595798423868604, 54.429796443577708 ], [ 18.598045886936664, 54.427556520923211 ], [ 18.598045894939709, 54.427556513752691 ], [ 18.59804590407553, 54.427556507058192 ], [ 18.598045914261387, 54.427556500900337 ], [ 18.598045925405035, 54.427556495334898 ], [ 18.598045937405558, 54.427556490412272 ], [ 18.598045950154276, 54.42755648617706 ], [ 18.598045963535736, 54.427556482667597 ], [ 18.59804597742875, 54.427556479915658 ], [ 18.598045991707501, 54.42755647794619 ], [ 18.598046006242686, 54.427556476777013 ], [ 18.598046020902661, 54.427556476418701 ], [ 18.602496799953236, 54.427571202652238 ], [ 18.602496803526186, 54.427571202564785 ], [ 18.60249680547653, 54.427571200817098 ], [ 18.604743824574104, 54.42533110896008 ], [ 18.604743832575551, 54.425331101789119 ], [ 18.604743841709784, 54.425331095094101 ], [ 18.604743851894085, 54.425331088935678 ], [ 18.604743863036227, 54.425331083369628 ], [ 18.604743875035297, 54.425331078446327 ], [ 18.604743887782636, 54.425331074210405 ], [ 18.604743901162795, 54.425331070700203 ], [ 18.604743915054613, 54.425331067947489 ], [ 18.604743929332276, 54.425331065977232 ], [ 18.604743943866481, 54.425331064807239 ], [ 18.60474395852561, 54.425331064448116 ], [ 18.609194500021168, 54.425345543537127 ], [ 18.609194503593915, 54.42534554344946 ], [ 18.609194505543865, 54.425345541701667 ], [ 18.611441037635643, 54.423105323645565 ], [ 18.611441045635484, 54.42310531647415 ], [ 18.611441054768132, 54.423105309778627 ], [ 18.611441064950878, 54.423105303619622 ], [ 18.611441076091509, 54.423105298052945 ], [ 18.61144108808913, 54.423105293129005 ], [ 18.611441100835091, 54.423105288892366 ], [ 18.61144111421396, 54.423105285381396 ], [ 18.611441128104573, 54.423105282627915 ], [ 18.611441142381146, 54.423105280656863 ], [ 18.611441156914378, 54.423105279486073 ], [ 18.611441171572654, 54.423105279126126 ], [ 18.615891475444041, 54.423119511110542 ], [ 18.615891479016579, 54.423119511022691 ], [ 18.615891480966141, 54.423119509274777 ], [ 18.618137569184217, 54.42087912210954 ], [ 18.618137570839814, 54.420879120261453 ], [ 18.618137569218671, 54.420879118403022 ], [ 18.615933548164371, 54.418624665484039 ], [ 18.615933541513524, 54.418624657858665 ], [ 18.615933536135682, 54.418624649899122 ], [ 18.615933532079556, 54.418624641677489 ], [ 18.61593352938187, 54.418624633268237 ], [ 18.615933528067064, 54.41862462474753 ], [ 18.615933528147036, 54.418624616192503 ], [ 18.615933529621071, 54.418624607680641 ], [ 18.615933532475811, 54.418624599289046 ], [ 18.615933536685411, 54.418624591093703 ], [ 18.615933542211739, 54.418624583168835 ], [ 18.615933549004755, 54.418624575586186 ], [ 18.618179301907407, 54.416384271485398 ], [ 18.618179309904761, 54.416384264313521 ], [ 18.618179319034812, 54.416384257617473 ], [ 18.618179329214883, 54.416384251457906 ], [ 18.618179340352775, 54.41638424589059 ], [ 18.618179352347628, 54.416384240965954 ], [ 18.618179365090807, 54.416384236728604 ], [ 18.618179378466913, 54.416384233216903 ], [ 18.618179392354808, 54.416384230462626 ], [ 18.61817940662872, 54.416384228490763 ], [ 18.618179421159386, 54.416384227319149 ], [ 18.618179435815211, 54.416384226958392 ], [ 18.622629015183986, 54.41639820957387 ], [ 18.622629018755926, 54.416398209485813 ], [ 18.622629020704881, 54.416398207737785 ], [ 18.624874329932364, 54.414157734600074 ], [ 18.624874337928119, 54.414157727427749 ], [ 18.624874347056586, 54.414157720731197 ], [ 18.624874357235104, 54.414157714571047 ], [ 18.624874368371483, 54.414157709003113 ], [ 18.624874380364886, 54.414157704077809 ], [ 18.624874393106687, 54.414157699839734 ], [ 18.624874406481496, 54.414157696327287 ], [ 18.62487442036819, 54.414157693572264 ], [ 18.624874434641015, 54.414157691599584 ], [ 18.624874449170704, 54.414157690427167 ], [ 18.62487446382568, 54.414157690065608 ], [ 18.629323805496924, 54.414171425697134 ], [ 18.629323809068655, 54.414171425608878 ], [ 18.629323811017219, 54.414171423860736 ], [ 18.631568633567074, 54.411930824696803 ], [ 18.631568641561227, 54.411930817524038 ], [ 18.631568650688109, 54.411930810826973 ], [ 18.631568660865071, 54.411930804666248 ], [ 18.631568671999947, 54.411930799097689 ], [ 18.631568683991894, 54.411930794171717 ], [ 18.631568696732316, 54.411930789932939 ], [ 18.631568710105832, 54.411930786419752 ], [ 18.631568723991329, 54.411930783663948 ], [ 18.631568738263059, 54.411930781690486 ], [ 18.631568752791775, 54.411930780517253 ], [ 18.631568767445902, 54.411930780154869 ], [ 18.636017871350628, 54.411944268842404 ], [ 18.636017874922153, 54.411944268753935 ], [ 18.63601787687033, 54.411944267005694 ], [ 18.638262212807369, 54.409703541866236 ], [ 18.63826222079992, 54.409703534693016 ], [ 18.638262229925218, 54.40970352799544 ], [ 18.638262240100627, 54.409703521834153 ], [ 18.638262251233989, 54.409703516264976 ], [ 18.63826226322449, 54.409703511338328 ], [ 18.638262275963534, 54.409703507098854 ], [ 18.638262289335753, 54.409703503584907 ], [ 18.638262303220053, 54.409703500828336 ], [ 18.638262317490689, 54.409703498854078 ], [ 18.638262332018432, 54.409703497680034 ], [ 18.638262346671709, 54.409703497316848 ], [ 18.642711127430431, 54.409716738847969 ], [ 18.6427111420766, 54.409716739298361 ], [ 18.642711156583047, 54.409716740558814 ], [ 18.642711170818412, 54.409716742617924 ], [ 18.64271118465377, 54.409716745457004 ], [ 18.642711197963827, 54.409716749050361 ], [ 18.64271121062804, 54.409716753365451 ], [ 18.64271122253173, 54.409716758363231 ], [ 18.642711233567088, 54.409716763998382 ], [ 18.642711243634182, 54.409716770219916 ], [ 18.642711252641835, 54.409716776971464 ], [ 18.642711260508477, 54.4097167841919 ], [ 18.644916277215586, 54.411970753298242 ], [ 18.644916279133071, 54.411970755058007 ], [ 18.644916282702866, 54.411970755167722 ], [ 18.649365482733039, 54.411983752479166 ], [ 18.649365486304543, 54.411983752390313 ], [ 18.649365488252151, 54.411983750641852 ], [ 18.651609099670022, 54.409742776456284 ], [ 18.651609107660256, 54.409742769282175 ], [ 18.651609116783391, 54.409742762583576 ], [ 18.651609126956814, 54.409742756421174 ], [ 18.651609138088386, 54.409742750850761 ], [ 18.651609150077302, 54.409742745922799 ], [ 18.651609162814989, 54.409742741681889 ], [ 18.651609176186088, 54.409742738166479 ], [ 18.651609190069511, 54.409742735408358 ], [ 18.651609204339529, 54.40974273343253 ], [ 18.651609218866909, 54.409742732256888 ], [ 18.651609233520087, 54.409742731892081 ], [ 18.656058024886189, 54.409755481844947 ], [ 18.656058039532521, 54.409755482293733 ], [ 18.656058054039399, 54.409755483552587 ], [ 18.656058068275456, 54.409755485610106 ], [ 18.656058082111752, 54.409755488447672 ], [ 18.656058095422992, 54.409755492039558 ], [ 18.656058108088629, 54.409755496353263 ], [ 18.656058119993958, 54.409755501349707 ], [ 18.656058131031163, 54.40975550698365 ], [ 18.656058141100289, 54.409755513204082 ], [ 18.656058150110148, 54.409755519954643 ], [ 18.65605815797915, 54.409755527174198 ], [ 18.658263867517615, 54.412009210441411 ], [ 18.658263874175262, 54.412009218064483 ], [ 18.658263879560447, 54.412009226022157 ], [ 18.658263883624404, 54.412009234242383 ], [ 18.658263886330325, 54.412009242650726 ], [ 18.65826388765371, 54.412009251170986 ], [ 18.658263887582567, 54.412009259726062 ], [ 18.658263886117542, 54.412009268238457 ], [ 18.658263883271907, 54.412009276631082 ], [ 18.658263879071431, 54.412009284827917 ], [ 18.658263873554152, 54.412009292754746 ], [ 18.658263866770035, 54.41200930033979 ], [ 18.656020493457092, 54.414250397637161 ], [ 18.656020491803464, 54.414250399485773 ], [ 18.656020493426066, 54.414250401343701 ], [ 18.658226483431083, 54.416504127176765 ], [ 18.658226490089451, 54.41650413479983 ], [ 18.658226495475212, 54.416504142757503 ], [ 18.658226499539602, 54.416504150977723 ], [ 18.65822650224581, 54.416504159386037 ], [ 18.658226503569324, 54.416504167906318 ], [ 18.658226503498163, 54.416504176461387 ], [ 18.658226502032967, 54.416504184973775 ], [ 18.658226499187009, 54.416504193366386 ], [ 18.65822649498606, 54.416504201563221 ], [ 18.658226489468166, 54.416504209490043 ], [ 18.6582264826833, 54.416504217075072 ], [ 18.655982860854568, 54.41874531163996 ], [ 18.655982859200758, 54.418745313488557 ], [ 18.655982860823535, 54.418745315346499 ], [ 18.658189131373835, 54.420999083744888 ], [ 18.658189133292311, 54.420999085504434 ], [ 18.658189136862923, 54.420999085613751 ], [ 18.662639320829918, 54.421011595408359 ], [ 18.662639324402175, 54.421011595319108 ], [ 18.662639326349652, 54.421011593570434 ], [ 18.66488275289095, 54.418770332905225 ], [ 18.664882754544362, 54.4187703310565 ], [ 18.664882752921184, 54.418770329198686 ], [ 18.662676276157022, 54.416516725079227 ], [ 18.66267626949783, 54.416516717456417 ], [ 18.662676264111198, 54.416516709498943 ], [ 18.66267626004592, 54.416516701278873 ], [ 18.662676257338799, 54.416516692870644 ], [ 18.662676256014361, 54.41651668435042 ], [ 18.662676256084598, 54.41651667579535 ], [ 18.66267625754887, 54.416516667282899 ], [ 18.662676260393923, 54.416516658890188 ], [ 18.662676264593983, 54.416516650693197 ], [ 18.662676270111021, 54.416516642766169 ], [ 18.662676276895073, 54.416516635180898 ], [ 18.664919368953051, 54.414275457758002 ], [ 18.66491937694185, 54.414275450583013 ], [ 18.664919386063829, 54.414275443883426 ], [ 18.664919396236385, 54.414275437719901 ], [ 18.664919407367389, 54.414275432148251 ], [ 18.664919419356035, 54.414275427218968 ], [ 18.664919432093761, 54.414275422976679 ], [ 18.664919445465205, 54.414275419459798 ], [ 18.664919459349278, 54.414275416700136 ], [ 18.664919473620234, 54.414275414722738 ], [ 18.664919488148843, 54.414275413545504 ], [ 18.664919502803528, 54.414275413179084 ], [ 18.669368876309356, 54.414287673804694 ], [ 18.669368879881016, 54.414287673715258 ], [ 18.669368881827889, 54.414287671966463 ], [ 18.671611530212601, 54.412046325782754 ], [ 18.671611538199798, 54.41204631860731 ], [ 18.671611547320193, 54.412046311907218 ], [ 18.671611557491193, 54.412046305743111 ], [ 18.671611568620687, 54.412046300170864 ], [ 18.671611580607884, 54.412046295240906 ], [ 18.671611593344231, 54.4120462909979 ], [ 18.671611606714375, 54.412046287480266 ], [ 18.671611620597247, 54.412046284719857 ], [ 18.671611634867112, 54.412046282741663 ], [ 18.671611649394745, 54.412046281563605 ], [ 18.671611664048577, 54.412046281196382 ], [ 18.676060799180032, 54.412058294995646 ], [ 18.676060802751486, 54.412058294906004 ], [ 18.676060804697965, 54.412058293157116 ], [ 18.678302966458229, 54.409816821240007 ], [ 18.678302974443824, 54.409816814064129 ], [ 18.678302983562631, 54.409816807363519 ], [ 18.678302993732078, 54.409816801198851 ], [ 18.678303004860062, 54.409816795625972 ], [ 18.67830301684581, 54.409816790695352 ], [ 18.678303029580775, 54.409816786451628 ], [ 18.678303042949626, 54.409816782933262 ], [ 18.678303056831297, 54.409816780172079 ], [ 18.678303071100068, 54.40981677819309 ], [ 18.678303085626723, 54.409816777014235 ], [ 18.678303100279706, 54.409816776646188 ], [ 18.682751996968076, 54.409828543659131 ], [ 18.68275200053932, 54.409828543569297 ], [ 18.682752002485412, 54.409828541820296 ], [ 18.684993677686293, 54.407586944220469 ], [ 18.684993685670289, 54.407586937044144 ], [ 18.684993694787515, 54.407586930343022 ], [ 18.684993704955403, 54.407586924177792 ], [ 18.684993716081877, 54.407586918604295 ], [ 18.684993728066171, 54.407586913673001 ], [ 18.684993740799758, 54.407586909428581 ], [ 18.684993754167312, 54.407586905909461 ], [ 18.684993768047782, 54.407586903147504 ], [ 18.684993782315463, 54.407586901167733 ], [ 18.684993796841137, 54.407586899988068 ], [ 18.684993811493271, 54.407586899619204 ], [ 18.689442469669899, 54.407598419885844 ], [ 18.689442473240934, 54.407598419795811 ], [ 18.689442475186635, 54.407598418046696 ], [ 18.69168366389323, 54.405356694814841 ], [ 18.691683671875619, 54.405356687638061 ], [ 18.691683680991261, 54.405356680936436 ], [ 18.691683691157596, 54.405356674770644 ], [ 18.691683702282564, 54.405356669196522 ], [ 18.691683714265405, 54.405356664264559 ], [ 18.69168372699761, 54.405356660019422 ], [ 18.691683740363871, 54.405356656499556 ], [ 18.69168375424314, 54.405356653736831 ], [ 18.691683768509723, 54.405356651756264 ], [ 18.691683783034428, 54.405356650575804 ], [ 18.691683797685702, 54.405356650206123 ], [ 18.696132217281978, 54.405367923766491 ], [ 18.696132220852807, 54.405367923676252 ], [ 18.69613222279812, 54.405367921927024 ], [ 18.698372925075549, 54.403126073113796 ], [ 18.698372933056337, 54.403126065936576 ], [ 18.698372942170394, 54.403126059234438 ], [ 18.698372952335177, 54.403126053068078 ], [ 18.698372963458631, 54.403126047493338 ], [ 18.698372975440023, 54.403126042560707 ], [ 18.698372988170849, 54.403126038314873 ], [ 18.698373001535813, 54.403126034794269 ], [ 18.698373015413878, 54.403126032030762 ], [ 18.69837302967937, 54.403126030049414 ], [ 18.698373044203095, 54.403126028868137 ], [ 18.69837305885352, 54.403126028497645 ], [ 18.702821154503468, 54.403137055181872 ], [ 18.702821169147974, 54.403137055624981 ], [ 18.70282118365397, 54.403137056878215 ], [ 18.702821197890092, 54.403137058930234 ], [ 18.702821211727411, 54.403137061762436 ], [ 18.702821225040619, 54.403137065349171 ], [ 18.702821237709138, 54.403137069657987 ], [ 18.702821249618257, 54.403137074649848 ], [ 18.702821260660112, 54.403137080279514 ], [ 18.702821270734709, 54.403137086496059 ], [ 18.702821279750815, 54.403137093243139 ], [ 18.702821287626776, 54.403137100459674 ], [ 18.705029210345831, 54.405389934785049 ], [ 18.705029217011099, 54.405389942405542 ], [ 18.70502922240448, 54.405389950361148 ], [ 18.705029226477148, 54.405389958579839 ], [ 18.70502922919221, 54.40538996698713 ], [ 18.705029230525078, 54.405389975506914 ], [ 18.705029230463687, 54.405389984062047 ], [ 18.705029229008588, 54.405389992575024 ], [ 18.705029226172961, 54.405390000968758 ], [ 18.705029221982485, 54.405390009167256 ], [ 18.705029216475111, 54.405390017096238 ], [ 18.705029209700715, 54.405390024683911 ], [ 18.702788746139031, 54.407631996439648 ], [ 18.702788744487773, 54.407631998288906 ], [ 18.702788746112226, 54.407632000146215 ], [ 18.704996992297421, 54.40988492008146 ], [ 18.704996994217385, 54.409884921840273 ], [ 18.704996997787163, 54.409884921948212 ], [ 18.709445912882099, 54.409895705772094 ], [ 18.709445927529089, 54.409895706214392 ], [ 18.709445942037675, 54.409895707466852 ], [ 18.709445956276472, 54.409895709518082 ], [ 18.709445970116519, 54.409895712349517 ], [ 18.709445983432495, 54.409895715935534 ], [ 18.709445996103796, 54.40989572024364 ], [ 18.709446008015671, 54.40989572523484 ], [ 18.709446019060248, 54.409895730863916 ], [ 18.709446029137506, 54.409895737079886 ], [ 18.709446038156177, 54.409895743826489 ], [ 18.709446046034593, 54.409895751042576 ], [ 18.711654736444284, 54.412148505809142 ], [ 18.71165473836464, 54.412148507567835 ], [ 18.711654741934634, 54.412148507675575 ], [ 18.716103989997347, 54.412159046768757 ], [ 18.716103993568726, 54.412159046677928 ], [ 18.716103995513507, 54.41215904492838 ], [ 18.718343981242512, 54.409916827316465 ], [ 18.718343989221143, 54.40991682013793 ], [ 18.718343998333456, 54.409916813434293 ], [ 18.718344008496931, 54.409916807266249 ], [ 18.718344019619526, 54.409916801689668 ], [ 18.718344031600509, 54.409916796755084 ], [ 18.718344044331385, 54.409916792507126 ], [ 18.718344057696857, 54.409916788984319 ], [ 18.718344071575885, 54.409916786218538 ], [ 18.71834408584278, 54.409916784234817 ], [ 18.718344100368334, 54.409916783051152 ], [ 18.718344115021011, 54.409916782678245 ], [ 18.722793038717469, 54.40992707489962 ], [ 18.722793042288636, 54.409927074808586 ], [ 18.722793044233029, 54.409927073058938 ], [ 18.72503254339259, 54.407684730006544 ], [ 18.725032551369619, 54.407684722827561 ], [ 18.725032560480347, 54.407684716123399 ], [ 18.725032570642266, 54.4076847099548 ], [ 18.725032581763351, 54.407684704377616 ], [ 18.725032593742885, 54.407684699442349 ], [ 18.725032606472375, 54.407684695193687 ], [ 18.725032619836551, 54.407684691670134 ], [ 18.725032633714378, 54.407684688903572 ], [ 18.725032647980175, 54.407684686919062 ], [ 18.725032662504756, 54.407684685734594 ], [ 18.725032677156577, 54.407684685360877 ], [ 18.729481361734525, 54.407694730954169 ], [ 18.729481365305485, 54.407694730862943 ], [ 18.729481367249484, 54.407694729113182 ], [ 18.731720379904921, 54.40545226067097 ], [ 18.731720387880351, 54.405452253491546 ], [ 18.731720396989495, 54.405452246786886 ], [ 18.731720407149858, 54.405452240617727 ], [ 18.731720418269433, 54.40545223503991 ], [ 18.731720430247513, 54.405452230103968 ], [ 18.731720442975625, 54.405452225854617 ], [ 18.7317204563385, 54.405452222330311 ], [ 18.731720470215127, 54.405452219562989 ], [ 18.73172048447983, 54.40545221757769 ], [ 18.73172049900343, 54.405452216392405 ], [ 18.731720513654398, 54.405452216017864 ], [ 18.73616895904544, 54.405462015023183 ], [ 18.736168962616194, 54.405462014931764 ], [ 18.736168964559806, 54.405462013181889 ], [ 18.738407533699636, 54.403219376396613 ], [ 18.738407535349115, 54.403219374546872 ], [ 18.738407533723223, 54.403219372690025 ], [ 18.736197811407138, 54.400967059545493 ], [ 18.736197809486249, 54.400967057787177 ], [ 18.736197805917161, 54.400967057680177 ], [ 18.731749846898051, 54.400957260289154 ], [ 18.731749832253996, 54.400957259849541 ], [ 18.731749817747875, 54.400957258599789 ], [ 18.731749803511054, 54.400957256551187 ], [ 18.731749789672467, 54.400957253722289 ], [ 18.731749776357432, 54.400957250138738 ], [ 18.731749763686537, 54.400957245832949 ], [ 18.731749751774533, 54.400957240843944 ], [ 18.731749740729292, 54.400957235216907 ], [ 18.731749730650844, 54.400957229002778 ], [ 18.731749721630461, 54.400957222257844 ], [ 18.731749713749835, 54.400957215043199 ], [ 18.729540562474238, 54.39870486618873 ], [ 18.729540555805507, 54.398704858569559 ], [ 18.729540550408245, 54.398704850615033 ], [ 18.729540546331339, 54.398704842397166 ], [ 18.729540543611702, 54.398704833990401 ], [ 18.729540542273963, 54.398704825470887 ], [ 18.729540542330238, 54.398704816915732 ], [ 18.729540543780018, 54.398704808402442 ], [ 18.729540546610178, 54.398704800008119 ], [ 18.729540550795083, 54.398704791808761 ], [ 18.729540556296829, 54.398704783878635 ], [ 18.729540563065605, 54.398704776289563 ], [ 18.731779038360937, 54.396462345835957 ], [ 18.731779046334605, 54.396462338656519 ], [ 18.731779055441741, 54.396462331951845 ], [ 18.731779065599873, 54.39646232578265 ], [ 18.731779076717004, 54.396462320204826 ], [ 18.731779088692452, 54.396462315268877 ], [ 18.731779101417771, 54.396462311019498 ], [ 18.731779114777719, 54.396462307495185 ], [ 18.731779128651308, 54.396462304727834 ], [ 18.731779142912885, 54.396462302742528 ], [ 18.731779157433309, 54.396462301557236 ], [ 18.731779172081072, 54.396462301182687 ], [ 18.736226644861894, 54.396472096959762 ], [ 18.736226648431867, 54.396472096868351 ], [ 18.736226650375048, 54.396472095118469 ], [ 18.738464725340286, 54.39422945336203 ], [ 18.738464726989402, 54.394229451512288 ], [ 18.738464725363858, 54.394229449655448 ], [ 18.736255481371373, 54.391977134727114 ], [ 18.7362554794509, 54.391977132968805 ], [ 18.73625547588259, 54.391977132861797 ], [ 18.731808489206458, 54.391967338698301 ], [ 18.731808474565604, 54.391967338258716 ], [ 18.731808460062648, 54.391967337008971 ], [ 18.731808445828936, 54.391967334960356 ], [ 18.731808431993368, 54.391967332131472 ], [ 18.731808418681236, 54.391967328547921 ], [ 18.731808406013101, 54.391967324242145 ], [ 18.731808394103691, 54.391967319253155 ], [ 18.731808383060851, 54.39196731362609 ], [ 18.731808372984592, 54.39196730741196 ], [ 18.73180836396617, 54.391967300667041 ], [ 18.731808356087249, 54.391967293452375 ], [ 18.729599682849713, 54.389714942853864 ], [ 18.729599676182424, 54.389714935234693 ], [ 18.729599670786328, 54.38971492728016 ], [ 18.729599666710289, 54.389714919062278 ], [ 18.729599663991227, 54.389714910655513 ], [ 18.729599662653762, 54.389714902135964 ], [ 18.729599662710008, 54.389714893580809 ], [ 18.729599664159458, 54.389714885067498 ], [ 18.729599666988978, 54.38971487667316 ], [ 18.729599671172949, 54.389714868473781 ], [ 18.72959967667348, 54.389714860543641 ], [ 18.729599683440757, 54.389714852954562 ], [ 18.731837707499938, 54.387472374487537 ], [ 18.73183770914908, 54.38747237263788 ], [ 18.731837707524104, 54.387472370780955 ], [ 18.729629188509133, 54.385219932927136 ], [ 18.729629186589261, 54.385219931168706 ], [ 18.729629183021554, 54.385219931061506 ], [ 18.725182929293734, 54.385209893739393 ], [ 18.72518291465536, 54.385209893299006 ], [ 18.725182900154991, 54.385209892048458 ], [ 18.72518288592395, 54.385209889999082 ], [ 18.725182872091111, 54.385209887169431 ], [ 18.725182858781743, 54.385209883585148 ], [ 18.725182846116386, 54.385209879278676 ], [ 18.725182834209729, 54.385209874289025 ], [ 18.725182823169611, 54.385209868661356 ], [ 18.725182813096009, 54.385209862446672 ], [ 18.725182804080152, 54.385209855701241 ], [ 18.725182796203683, 54.385209848486134 ], [ 18.722974847714095, 54.382957375037165 ], [ 18.722974841049123, 54.382957367417625 ], [ 18.72297483565519, 54.382957359462779 ], [ 18.722974831581141, 54.38295735124467 ], [ 18.722974828863876, 54.382957342837763 ], [ 18.722974827527999, 54.382957334318128 ], [ 18.72297482758561, 54.382957325762959 ], [ 18.722974829036183, 54.382957317249733 ], [ 18.722974831866587, 54.382957308855538 ], [ 18.722974836051186, 54.382957300656379 ], [ 18.722974841552084, 54.382957292726537 ], [ 18.722974848319467, 54.382957285137813 ], [ 18.725212821281829, 54.380714969925243 ], [ 18.725212829253579, 54.380714962746218 ], [ 18.725212838358292, 54.380714956042013 ], [ 18.725212848513507, 54.380714949873365 ], [ 18.725212859627263, 54.380714944296116 ], [ 18.725212871598906, 54.3807149393608 ], [ 18.725212884320026, 54.380714935112096 ], [ 18.725212897675416, 54.3807149315885 ], [ 18.725212911544123, 54.380714928821895 ], [ 18.725212925800559, 54.380714926837335 ], [ 18.725212940315604, 54.380714925652832 ], [ 18.725212954957815, 54.380714925279072 ], [ 18.729658722916234, 54.380724960948037 ], [ 18.729658726484853, 54.38072496085681 ], [ 18.72965872842757, 54.380724959107049 ], [ 18.7318962586053, 54.378482475629397 ], [ 18.73189626657545, 54.378482468449917 ], [ 18.731896275678579, 54.378482461745214 ], [ 18.731896285832242, 54.378482455575991 ], [ 18.731896296944491, 54.378482449998131 ], [ 18.731896308914688, 54.37848244506214 ], [ 18.731896321634427, 54.378482440812739 ], [ 18.731896334988519, 54.37848243728839 ], [ 18.731896348856033, 54.378482434521025 ], [ 18.731896363111371, 54.378482432535684 ], [ 18.731896377625439, 54.378482431350363 ], [ 18.731896392266801, 54.378482430975808 ], [ 18.736341921429961, 54.378492220300636 ], [ 18.736341924998374, 54.37849222020921 ], [ 18.7363419269407, 54.378492218459343 ], [ 18.738578971480944, 54.376249609765765 ], [ 18.7385789794495, 54.37624960258583 ], [ 18.738578988551048, 54.37624959588063 ], [ 18.738578998703158, 54.376249589710838 ], [ 18.738579009813897, 54.37624958413236 ], [ 18.738579021782641, 54.376249579195715 ], [ 18.738579034501008, 54.376249574945589 ], [ 18.738579047853801, 54.376249571420516 ], [ 18.738579061720113, 54.376249568652362 ], [ 18.738579075974357, 54.376249566666246 ], [ 18.738579090487452, 54.376249565480116 ], [ 18.738579105127958, 54.376249565104736 ], [ 18.743024395427682, 54.376259108125474 ], [ 18.743024398995885, 54.376259108033871 ], [ 18.743024400937824, 54.376259106283882 ], [ 18.745260959905814, 54.374016372424968 ], [ 18.745260967872767, 54.3740163652446 ], [ 18.745260976972734, 54.374016358538881 ], [ 18.745260987123292, 54.374016352368521 ], [ 18.745260998232524, 54.374016346789432 ], [ 18.745261010199819, 54.374016341852119 ], [ 18.745261022916804, 54.374016337601283 ], [ 18.745261036268303, 54.374016334075463 ], [ 18.745261050133415, 54.374016331306557 ], [ 18.745261064386568, 54.374016329319637 ], [ 18.745261078898679, 54.374016328132697 ], [ 18.745261093538335, 54.374016327756514 ], [ 18.749706059669091, 54.374025624336518 ], [ 18.749706074303756, 54.37402562477395 ], [ 18.749706088800938, 54.374025626021535 ], [ 18.749706103029347, 54.374025628068011 ], [ 18.749706116860125, 54.37402563089487 ], [ 18.749706130168018, 54.374025634476446 ], [ 18.749706142832515, 54.37402563878036 ], [ 18.749706154738913, 54.374025643767609 ], [ 18.749706165779401, 54.374025649393033 ], [ 18.74970617585398, 54.374025655605678 ], [ 18.749706184871421, 54.374025662349304 ], [ 18.749706192750057, 54.374025669562805 ], [ 18.751915170684054, 54.376277701711182 ], [ 18.751915172604463, 54.376277703469256 ], [ 18.751915176171455, 54.376277703575795 ], [ 18.756360559290421, 54.376286755774387 ], [ 18.756360562858596, 54.376286755682379 ], [ 18.756360564799969, 54.376286753932163 ], [ 18.758596399194619, 54.374043772317954 ], [ 18.758596407159256, 54.374043765136697 ], [ 18.758596416257056, 54.374043758429984 ], [ 18.758596426405628, 54.374043752258494 ], [ 18.758596437513063, 54.374043746678169 ], [ 18.75859644947877, 54.374043741739541 ], [ 18.75859646219439, 54.374043737487298 ], [ 18.75859647554476, 54.374043733960008 ], [ 18.758596489408987, 54.374043731189552 ], [ 18.758596503661508, 54.374043729201063 ], [ 18.758596518173256, 54.374043728012538 ], [ 18.758596532812803, 54.374043727634721 ], [ 18.763041591556679, 54.374052533433634 ], [ 18.763041595124651, 54.374052533341427 ], [ 18.76304159706563, 54.374052531591126 ], [ 18.765276945950532, 54.371809424942796 ], [ 18.765276953913574, 54.371809417761106 ], [ 18.765276963009789, 54.371809411053867 ], [ 18.765276973156809, 54.371809404881823 ], [ 18.765276984262734, 54.371809399300879 ], [ 18.765276996226991, 54.37180939436157 ], [ 18.765277008941229, 54.371809390108645 ], [ 18.765277022290309, 54.371809386580601 ], [ 18.765277036153336, 54.371809383809371 ], [ 18.765277050404762, 54.371809381820093 ], [ 18.76527706491553, 54.371809380630758 ], [ 18.76527707955422, 54.371809380252138 ], [ 18.76972181386413, 54.37181793970403 ], [ 18.769721828498231, 54.371817940139039 ], [ 18.769721842995249, 54.371817941384222 ], [ 18.769721857223892, 54.371817943428354 ], [ 18.76972187105531, 54.371817946252904 ], [ 18.769721884364245, 54.371817949832284 ], [ 18.769721897030156, 54.371817954134102 ], [ 18.769721908938354, 54.371817959119376 ], [ 18.769721919980984, 54.371817964742959 ], [ 18.769721930058051, 54.371817970953956 ], [ 18.769721939078295, 54.371817977696089 ], [ 18.769721946960022, 54.37181798490829 ], [ 18.7719319030892, 54.374069652582399 ], [ 18.771931905010362, 54.374069654340147 ], [ 18.771931908577216, 54.374069654446096 ], [ 18.776376974296717, 54.374077969288606 ], [ 18.776376988931698, 54.374077969722798 ], [ 18.776377003429712, 54.374077970967193 ], [ 18.776377017659474, 54.374077973010536 ], [ 18.776377031492107, 54.374077975834325 ], [ 18.776377044802352, 54.374077979412966 ], [ 18.776377057469659, 54.374077983714095 ], [ 18.776377069379315, 54.374077988698701 ], [ 18.776377080423462, 54.374077994321695 ], [ 18.776377090502091, 54.374078000532123 ], [ 18.77637709952392, 54.374078007273759 ], [ 18.776377107407246, 54.374078014485526 ], [ 18.778587549048769, 54.376329559945049 ], [ 18.778587550970318, 54.376329561702697 ], [ 18.778587554537388, 54.376329561808454 ], [ 18.783032951610554, 54.376337631988278 ], [ 18.78303295517868, 54.376337631895488 ], [ 18.78303295711892, 54.376337630144839 ], [ 18.785267384598544, 54.37409411036046 ], [ 18.785267386244751, 54.374094108510064 ], [ 18.785267384617885, 54.374094106653843 ], [ 18.783056696931752, 54.371842682426298 ], [ 18.783056690257439, 54.371842674810054 ], [ 18.783056684853339, 54.37184266685788 ], [ 18.783056680768382, 54.371842658641775 ], [ 18.783056678039564, 54.371842650236182 ], [ 18.783056676691601, 54.371842641717201 ], [ 18.783056676736699, 54.371842633161975 ], [ 18.783056678174447, 54.371842624647982 ], [ 18.783056680991827, 54.371842616252366 ], [ 18.783056685163324, 54.371842608051097 ], [ 18.783056690651158, 54.371842600118498 ], [ 18.783056697405634, 54.371842592526377 ], [ 18.785290793219875, 54.369599156441005 ], [ 18.785290801178995, 54.369599149257994 ], [ 18.785290810271466, 54.369599142549241 ], [ 18.785290820414943, 54.369599136375506 ], [ 18.785290831517564, 54.369599130792722 ], [ 18.78529084347878, 54.36959912585143 ], [ 18.785290856190272, 54.369599121596387 ], [ 18.785290869536926, 54.369599118066127 ], [ 18.785290883397863, 54.369599115292601 ], [ 18.785290897647563, 54.369599113300957 ], [ 18.785290912156977, 54.369599112109213 ], [ 18.785290926794708, 54.369599111728164 ], [ 18.789735513641737, 54.369606934317915 ], [ 18.789735517209266, 54.369606934224912 ], [ 18.789735519148905, 54.369606932474163 ], [ 18.791969172425382, 54.367363328516419 ], [ 18.791969180382907, 54.367363321332945 ], [ 18.791969189473797, 54.367363314623688 ], [ 18.791969199615718, 54.367363308449391 ], [ 18.791969210716832, 54.367363302865989 ], [ 18.791969222676602, 54.367363297924037 ], [ 18.791969235386713, 54.367363293668291 ], [ 18.791969248732066, 54.367363290137277 ], [ 18.791969262591806, 54.367363287362998 ], [ 18.791969276840412, 54.367363285370551 ], [ 18.791969291348845, 54.367363284178012 ], [ 18.79196930598572, 54.367363283796159 ], [ 18.796413568070818, 54.367370860177516 ], [ 18.796413582703632, 54.36737086060927 ], [ 18.796413597199898, 54.367370861851263 ], [ 18.796413611428342, 54.367370863892255 ], [ 18.796413625260101, 54.367370866713749 ], [ 18.796413638569923, 54.367370870290188 ], [ 18.796413651237266, 54.367370874589206 ], [ 18.796413663147415, 54.367370879571851 ], [ 18.796413674192515, 54.367370885193012 ], [ 18.796413684272522, 54.367370891401784 ], [ 18.79641369329617, 54.367370898141928 ], [ 18.796413701181731, 54.367370905352402 ], [ 18.798624880557046, 54.369622087084572 ], [ 18.798624882479139, 54.369622088841901 ], [ 18.798624886045676, 54.369622088947061 ], [ 18.803069564294518, 54.369629420797061 ], [ 18.803069567862018, 54.369629420703674 ], [ 18.803069569801089, 54.369629418952712 ], [ 18.805302498089116, 54.367385567722543 ], [ 18.80530250604432, 54.367385560538196 ], [ 18.805302515133047, 54.36738555382793 ], [ 18.805302525272975, 54.367385547652511 ], [ 18.805302536372292, 54.367385542067872 ], [ 18.805302548330467, 54.367385537124591 ], [ 18.805302561039209, 54.367385532867445 ], [ 18.805302574383429, 54.367385529334967 ], [ 18.805302588242281, 54.367385526559147 ], [ 18.805302602490251, 54.36738552456513 ], [ 18.805302616998311, 54.367385523370984 ], [ 18.805302631635076, 54.367385522987504 ], [ 18.809746984916238, 54.367392608670372 ], [ 18.809746988483528, 54.367392608576779 ], [ 18.809746990422209, 54.367392606825717 ], [ 18.811979433392032, 54.365148630874451 ], [ 18.811979441345638, 54.365148623689649 ], [ 18.81197945043278, 54.365148616978878 ], [ 18.811979460571159, 54.365148610802905 ], [ 18.811979471668963, 54.365148605217648 ], [ 18.811979483625692, 54.365148600273699 ], [ 18.811979496333056, 54.365148596015842 ], [ 18.811979509675979, 54.365148592482619 ], [ 18.811979523533626, 54.365148589706038 ], [ 18.811979537780502, 54.365148587711239 ], [ 18.811979552287582, 54.365148586516284 ], [ 18.81197956692349, 54.365148586132001 ], [ 18.816423680397826, 54.365155425830004 ], [ 18.816423683964906, 54.365155425736212 ], [ 18.816423685903199, 54.365155423985044 ], [ 18.818655643620396, 54.362911323363207 ], [ 18.818655651572406, 54.362911316177971 ], [ 18.818655660657967, 54.362911309466689 ], [ 18.818655670794797, 54.362911303290147 ], [ 18.818655681891091, 54.362911297704279 ], [ 18.818655693846367, 54.362911292759662 ], [ 18.818655706552349, 54.36291128850111 ], [ 18.818655719893975, 54.362911284967154 ], [ 18.818655733750425, 54.362911282189792 ], [ 18.818655747996203, 54.362911280194204 ], [ 18.818655762502303, 54.362911278998439 ], [ 18.818655777137351, 54.362911278613339 ], [ 18.823099650737195, 54.36291787236663 ], [ 18.82309965430407, 54.362917872272646 ], [ 18.823099656241972, 54.362917870521358 ], [ 18.825331128772152, 54.360673645279505 ], [ 18.825331136722561, 54.360673638093836 ], [ 18.82533114580654, 54.360673631382042 ], [ 18.825331155941818, 54.360673625204925 ], [ 18.825331167036605, 54.360673619618439 ], [ 18.825331178990428, 54.360673614673168 ], [ 18.825331191695035, 54.360673610413905 ], [ 18.825331205035365, 54.36067360687921 ], [ 18.825331218890607, 54.360673604101081 ], [ 18.825331233135291, 54.360673602104697 ], [ 18.82533124764041, 54.360673600908143 ], [ 18.825331262274602, 54.36067360052224 ], [ 18.829774895932339, 54.360679948370944 ], [ 18.829774899499, 54.360679948276754 ], [ 18.829774901436519, 54.360679946525359 ], [ 18.832005888845309, 54.358435596713996 ], [ 18.832005896794122, 54.358435589527879 ], [ 18.832005905876517, 54.358435582815588 ], [ 18.832005916010242, 54.358435576637923 ], [ 18.832005927103523, 54.358435571050812 ], [ 18.832005939055897, 54.35843556610488 ], [ 18.832005951759118, 54.3584355618449 ], [ 18.832005965098155, 54.358435558309466 ], [ 18.832005978952196, 54.358435555530569 ], [ 18.832005993195782, 54.358435553533397 ], [ 18.832006007699921, 54.358435552336047 ], [ 18.83200602233326, 54.358435551949334 ], [ 18.836449415981317, 54.358441653933596 ], [ 18.836449419547773, 54.358441653839208 ], [ 18.8364494214849, 54.358441652087713 ], [ 18.838679923837955, 54.35619717775738 ], [ 18.838679931785173, 54.356197170570809 ], [ 18.838679940865987, 54.356197163858013 ], [ 18.838679950998159, 54.35619715767978 ], [ 18.838679962089934, 54.356197152092058 ], [ 18.838679974040854, 54.356197147145451 ], [ 18.838679986742701, 54.356197142884767 ], [ 18.838680000080437, 54.356197139348595 ], [ 18.838680013933278, 54.356197136568937 ], [ 18.838680028175766, 54.356197134570976 ], [ 18.838680042678924, 54.356197133372817 ], [ 18.838680057311407, 54.356197132985301 ], [ 18.843123210882268, 54.356202989145267 ], [ 18.843123214448518, 54.356202989050686 ], [ 18.843123216385255, 54.356202987299078 ], [ 18.845353233748263, 54.353958388500267 ], [ 18.845353241693882, 54.353958381313262 ], [ 18.845353250773115, 54.353958374599969 ], [ 18.845353260903735, 54.353958368421168 ], [ 18.845353271994004, 54.353958362832834 ], [ 18.845353283943474, 54.353958357885574 ], [ 18.845353296643935, 54.353958353624172 ], [ 18.845353309980378, 54.353958350087268 ], [ 18.845353323832015, 54.353958347306836 ], [ 18.845353338073405, 54.353958345308094 ], [ 18.845353352575582, 54.353958344109124 ], [ 18.845353367207206, 54.353958343720791 ], [ 18.849796195437026, 54.353963953990636 ], [ 18.849796210065641, 54.353963954415903 ], [ 18.849796224558808, 54.353963955651494 ], [ 18.849796238785274, 54.35396395768619 ], [ 18.849796252616205, 54.353963960501574 ], [ 18.84979626592634, 54.353963964072136 ], [ 18.849796278595147, 54.353963968365562 ], [ 18.849796290507889, 54.353963973342964 ], [ 18.849796301556683, 54.35396397895925 ], [ 18.849796311641477, 54.353963985163581 ], [ 18.849796320670933, 54.353963991899739 ], [ 18.849796328563283, 54.35396399910676 ], [ 18.852009709577626, 54.356214209206804 ], [ 18.852009711501378, 54.356214210963287 ], [ 18.852009715066895, 54.356214211066884 ], [ 18.856452958407257, 54.356219576686641 ], [ 18.856452961973474, 54.356219576591656 ], [ 18.856452963909643, 54.356219574839834 ], [ 18.85868225606966, 54.353974729373171 ], [ 18.858682264012959, 54.353974722185285 ], [ 18.858682273090025, 54.353974715470969 ], [ 18.858682283218652, 54.353974709291059 ], [ 18.858682294307116, 54.353974703701496 ], [ 18.858682306254991, 54.353974698752928 ], [ 18.858682318954084, 54.35397469449012 ], [ 18.858682332289387, 54.353974690951731 ], [ 18.858682346140135, 54.353974688169771 ], [ 18.858682360380886, 54.353974686169458 ], [ 18.858682374882683, 54.353974684968883 ], [ 18.85868238951419, 54.353974684578944 ], [ 18.86312530730828, 54.353979804349954 ], [ 18.863125310874292, 54.353979804254791 ], [ 18.863125312810073, 54.353979802502863 ], [ 18.865354120044117, 54.351734832698888 ], [ 18.865354127985821, 54.351734825510555 ], [ 18.865354137061306, 54.351734818795748 ], [ 18.865354147188381, 54.35173481261527 ], [ 18.865354158275338, 54.351734807025089 ], [ 18.865354170221764, 54.351734802075839 ], [ 18.865354182919475, 54.351734797812341 ], [ 18.865354196253481, 54.351734794273206 ], [ 18.865354210103021, 54.351734791490493 ], [ 18.865354224342681, 54.351734789489377 ], [ 18.865354238843494, 54.35173478828802 ], [ 18.865354253474145, 54.351734787897257 ], [ 18.869796930855674, 54.351739661964174 ], [ 18.869796934421476, 54.351739661868805 ], [ 18.869796936356867, 54.35173966011677 ], [ 18.872025258730748, 54.349494566025989 ], [ 18.872025266670857, 54.349494558837222 ], [ 18.872025275744761, 54.349494552121918 ], [ 18.872025285870286, 54.349494545940857 ], [ 18.87202529695573, 54.349494540350072 ], [ 18.872025308900707, 54.349494535400169 ], [ 18.872025321597039, 54.349494531135953 ], [ 18.872025334929745, 54.349494527596107 ], [ 18.872025348778084, 54.349494524812606 ], [ 18.872025363016647, 54.349494522810701 ], [ 18.872025377516476, 54.349494521608534 ], [ 18.872025392146266, 54.349494521216968 ], [ 18.876467743860697, 54.349499149532797 ], [ 18.876467758488008, 54.349499149954845 ], [ 18.876467772980408, 54.349499151187224 ], [ 18.876467787206657, 54.34949915321878 ], [ 18.876467801037915, 54.349499156031115 ], [ 18.876467814348928, 54.349499159598729 ], [ 18.876467827019141, 54.349499163889362 ], [ 18.87646783893382, 54.349499168864128 ], [ 18.876467849985062, 54.349499174477977 ], [ 18.876467860072783, 54.349499180680091 ], [ 18.876467869105625, 54.349499187414267 ], [ 18.87646787700179, 54.34949919461954 ], [ 18.878682476350711, 54.351748917876989 ], [ 18.878682478275394, 54.351748919633053 ], [ 18.878682481840592, 54.351748919735847 ], [ 18.883125248182097, 54.351753303322475 ], [ 18.883125251747867, 54.351753303226715 ], [ 18.883125253682696, 54.351753301474453 ], [ 18.885352850648598, 54.349507960997819 ], [ 18.885352858586383, 54.349507953808157 ], [ 18.885352867658121, 54.349507947091844 ], [ 18.885352877781646, 54.349507940909682 ], [ 18.885352888865288, 54.349507935317668 ], [ 18.885352900808673, 54.349507930366443 ], [ 18.885352913503631, 54.349507926100827 ], [ 18.8853529268352, 54.349507922559489 ], [ 18.885352940682644, 54.349507919774474 ], [ 18.885352954920563, 54.349507917771 ], [ 18.885352969420012, 54.349507916567227 ], [ 18.885352984049682, 54.349507916174048 ], [ 18.88979542451909, 54.349512054051068 ], [ 18.889795428084653, 54.349512053955102 ], [ 18.889795430019088, 54.349512052202741 ], [ 18.892022542189334, 54.347266587570452 ], [ 18.892022550125525, 54.347266580380364 ], [ 18.892022559195677, 54.347266573663532 ], [ 18.892022569317657, 54.347266567480816 ], [ 18.892022580399789, 54.347266561888183 ], [ 18.892022592341721, 54.347266556936297 ], [ 18.892022605035297, 54.347266552669979 ], [ 18.892022618365569, 54.347266549127916 ], [ 18.892022632211809, 54.347266546342119 ], [ 18.89202264644863, 54.347266544337856 ], [ 18.892022660947095, 54.347266543133287 ], [ 18.892022675575912, 54.347266542739291 ], [ 18.89646479011526, 54.347270434959491 ], [ 18.896464804741989, 54.347270435379109 ], [ 18.896464819234204, 54.347270436609094 ], [ 18.896464833460673, 54.347270438638283 ], [ 18.896464847292549, 54.347270441448323 ], [ 18.896464860604578, 54.347270445013741 ], [ 18.896464873276191, 54.347270449302279 ], [ 18.896464885192643, 54.347270454275076 ], [ 18.896464896246012, 54.347270459887106 ], [ 18.896464906336199, 54.347270466087537 ], [ 18.89646491537183, 54.347270472820227 ], [ 18.896464923271065, 54.347270480024186 ], [ 18.898680495579384, 54.34951983759219 ], [ 18.898680497504817, 54.349519839347927 ], [ 18.898680501069872, 54.349519839450146 ], [ 18.903123029895095, 54.349523486871831 ], [ 18.903123033460627, 54.349523486775489 ], [ 18.903123035394501, 54.349523485022914 ], [ 18.905349421954003, 54.347277774206177 ], [ 18.905349429887867, 54.347277767015214 ], [ 18.905349438955856, 54.347277760297381 ], [ 18.905349449075835, 54.347277754113534 ], [ 18.905349460156163, 54.34727774851968 ], [ 18.905349472096496, 54.347277743566472 ], [ 18.905349484788701, 54.347277739298761 ], [ 18.905349498117829, 54.347277735755213 ], [ 18.905349511963177, 54.347277732967896 ], [ 18.905349526199352, 54.347277730962077 ], [ 18.905349540697436, 54.347277729755888 ], [ 18.905349555326126, 54.347277729360272 ], [ 18.909791672833691, 54.347281131103074 ], [ 18.909791687460562, 54.347281131521079 ], [ 18.909791701953182, 54.347281132749458 ], [ 18.909791716180315, 54.347281134777084 ], [ 18.909791730013104, 54.347281137585597 ], [ 18.909791743326288, 54.347281141149544 ], [ 18.909791755999297, 54.347281145436689 ], [ 18.909791767917362, 54.347281150408165 ], [ 18.909791778972551, 54.347281156018973 ], [ 18.909791789064752, 54.347281162218295 ], [ 18.909791798102557, 54.347281168949984 ], [ 18.909791806004126, 54.347281176153075 ], [ 18.912008106892571, 54.349530289337949 ], [ 18.912008108818569, 54.34953029109348 ], [ 18.912008112383656, 54.349530291195293 ], [ 18.916450643978127, 54.349533448080059 ], [ 18.916450647543627, 54.349533447983319 ], [ 18.916450649476932, 54.349533446230524 ], [ 18.918676310224477, 54.347287489350123 ], [ 18.91867631815602, 54.347287482158272 ], [ 18.918676327221835, 54.347287475439458 ], [ 18.918676337339821, 54.347287469254496 ], [ 18.918676348418344, 54.347287463659406 ], [ 18.918676360357079, 54.347287458704884 ], [ 18.918676373047905, 54.347287454435765 ], [ 18.918676386375893, 54.347287450890747 ], [ 18.918676400220342, 54.347287448101895 ], [ 18.918676414455874, 54.347287446094505 ], [ 18.918676428953571, 54.347287444886724 ], [ 18.91867644358214, 54.347287444489503 ], [ 18.923118563658733, 54.347290355754197 ], [ 18.923118578285742, 54.347290356170603 ], [ 18.923118592778764, 54.347290357397384 ], [ 18.923118607006554, 54.347290359423432 ], [ 18.92311862084026, 54.347290362230424 ], [ 18.923118634154601, 54.347290365792894 ], [ 18.923118646829, 54.347290370078653 ], [ 18.923118658748677, 54.347290375048807 ], [ 18.923118669805685, 54.347290380658393 ], [ 18.92311867989989, 54.347290386856614 ], [ 18.92311868893988, 54.347290393587301 ], [ 18.923118696843783, 54.347290400789518 ], [ 18.925335726114216, 54.349539269469808 ], [ 18.925335728040782, 54.349539271225126 ], [ 18.925335731605909, 54.349539271326542 ], [ 18.929778180382868, 54.349541937624174 ], [ 18.929778195010744, 54.349541938039764 ], [ 18.929778209504757, 54.349541939265748 ], [ 18.929778223733653, 54.349541941291008 ], [ 18.92977823756857, 54.349541944097233 ], [ 18.929778250884215, 54.349541947658984 ], [ 18.929778263559999, 54.349541951944019 ], [ 18.929778275481134, 54.349541956913527 ], [ 18.929778286539655, 54.349541962522501 ], [ 18.929778296635416, 54.349541968720146 ], [ 18.929778305676983, 54.34954197545035 ], [ 18.929778313582485, 54.349541982652127 ], [ 18.931995827651669, 54.351790728296855 ], [ 18.931995829578621, 54.351790730052073 ], [ 18.931995833143958, 54.351790730153283 ], [ 18.936438525372356, 54.351793151385955 ], [ 18.936438540001099, 54.351793151800734 ], [ 18.936438554496103, 54.351793153025909 ], [ 18.936438568726107, 54.351793155050395 ], [ 18.936438582562232, 54.351793157855852 ], [ 18.936438595879181, 54.351793161416865 ], [ 18.936438608556355, 54.351793165701203 ], [ 18.936438620478942, 54.351793170670057 ], [ 18.936438631538973, 54.351793176278413 ], [ 18.93643864163629, 54.351793182475497 ], [ 18.936438650679442, 54.351793189205196 ], [ 18.936438658586535, 54.35179319640654 ], [ 18.938656614987213, 54.354041775846554 ], [ 18.938656621687421, 54.354041783454214 ], [ 18.93865662711924, 54.354041791399446 ], [ 18.938656631233481, 54.3540417996103 ], [ 18.938656633992888, 54.354041808012404 ], [ 18.938656635372464, 54.354041816529673 ], [ 18.938656635359724, 54.354041825084984 ], [ 18.938656633954775, 54.354041833600832 ], [ 18.938656631170343, 54.354041842000129 ], [ 18.938656627031648, 54.354041850206791 ], [ 18.938656621576165, 54.354041858146495 ], [ 18.938656614853304, 54.354041865747327 ], [ 18.936431720814944, 54.356288145611003 ], [ 18.936431712884769, 54.356288152804005 ], [ 18.936431703819864, 54.356288159524162 ], [ 18.936431693702335, 54.356288165710602 ], [ 18.936431682623798, 54.356288171307298 ], [ 18.936431670684591, 54.356288176263583 ], [ 18.936431657992831, 54.356288180534548 ], [ 18.936431644663458, 54.356288184081528 ], [ 18.936431630817182, 54.356288186872412 ], [ 18.936431616579402, 54.356288188881891 ], [ 18.936431602079054, 54.356288190091803 ], [ 18.936431587447455, 54.356288190491178 ], [ 18.931988410286806, 54.356285768859813 ], [ 18.931988406720755, 54.356285768957022 ], [ 18.931988404787795, 54.356285770710038 ], [ 18.929762940411479, 54.358532012817776 ], [ 18.929762938772392, 54.358532014670146 ], [ 18.929762940405155, 54.358532016524421 ], [ 18.931980979897794, 54.360780802340329 ], [ 18.931980981825173, 54.36078080409554 ], [ 18.931980985391284, 54.360780804196771 ], [ 18.936424647617354, 54.360783226226943 ], [ 18.936424662249291, 54.360783226641729 ], [ 18.936424676747457, 54.360783227866904 ], [ 18.936424690980569, 54.360783229891389 ], [ 18.936424704819711, 54.360783232696846 ], [ 18.936424718139566, 54.360783236257859 ], [ 18.936424730819507, 54.360783240542176 ], [ 18.936424742744695, 54.360783245511023 ], [ 18.936424753807135, 54.360783251119386 ], [ 18.936424763906654, 54.36078325731647 ], [ 18.936424772951778, 54.360783264046155 ], [ 18.936424780860598, 54.360783271247492 ], [ 18.938643262955729, 54.363031890815435 ], [ 18.938643264883499, 54.36303189257054 ], [ 18.938643268449823, 54.363031892671565 ], [ 18.943087174195004, 54.363034069515578 ], [ 18.943087188827811, 54.363034069929562 ], [ 18.943087203326971, 54.36303407115394 ], [ 18.943087217561185, 54.363034073177637 ], [ 18.943087231401542, 54.363034075982334 ], [ 18.943087244722701, 54.363034079542601 ], [ 18.943087257404024, 54.363034083826221 ], [ 18.943087269330672, 54.363034088794407 ], [ 18.943087280394629, 54.363034094402153 ], [ 18.943087290495697, 54.363034100598675 ], [ 18.943087299542409, 54.363034107327863 ], [ 18.943087307452824, 54.363034114528773 ], [ 18.945306274746937, 54.365282610920104 ], [ 18.945306276675094, 54.365282612675109 ], [ 18.945306280241628, 54.365282612775921 ], [ 18.949750514659723, 54.365284544428746 ], [ 18.949750518226509, 54.365284544331011 ], [ 18.949750520159139, 54.365284542577697 ], [ 18.951975259481959, 54.363037934403984 ], [ 18.951975261120229, 54.363037932551315 ], [ 18.951975259486286, 54.363037930697345 ], [ 18.949756048805948, 54.360789555997606 ], [ 18.949756042102592, 54.360789548390564 ], [ 18.94975603666774, 54.360789540445829 ], [ 18.94975603255061, 54.360789532235358 ], [ 18.949756029788489, 54.360789523833517 ], [ 18.949756028406394, 54.360789515316391 ], [ 18.949756028416832, 54.360789506761087 ], [ 18.949756029819717, 54.360789498245119 ], [ 18.949756032602341, 54.36078948984558 ], [ 18.949756036739505, 54.360789481638548 ], [ 18.949756042193741, 54.360789473698354 ], [ 18.949756048915656, 54.360789466096904 ], [ 18.951980502256252, 54.358542899169038 ], [ 18.95198050389434, 54.358542897316369 ], [ 18.951980502260575, 54.358542895462392 ], [ 18.949761533393605, 54.356294519227049 ], [ 18.949761526690981, 54.356294511620014 ], [ 18.949761521256722, 54.356294503675265 ], [ 18.94976151714004, 54.356294495464802 ], [ 18.949761514378217, 54.356294487062954 ], [ 18.949761512996272, 54.356294478545799 ], [ 18.949761513006706, 54.356294469990495 ], [ 18.949761514409435, 54.356294461474519 ], [ 18.949761517191753, 54.356294453074987 ], [ 18.949761521328465, 54.356294444867935 ], [ 18.949761526782105, 54.356294436927733 ], [ 18.949761533503285, 54.356294429326276 ], [ 18.951985743591163, 54.354047860564975 ], [ 18.951985745229074, 54.354047858712306 ], [ 18.951985743595483, 54.35404785685833 ], [ 18.949767016475572, 54.351799479087241 ], [ 18.949767009773677, 54.351799471480199 ], [ 18.949767004340007, 54.351799463535464 ], [ 18.949767000223773, 54.351799455324972 ], [ 18.949766997462252, 54.351799446923117 ], [ 18.949766996080452, 54.351799438405976 ], [ 18.949766996090883, 54.351799429850658 ], [ 18.949766997493462, 54.351799421334682 ], [ 18.949767000275472, 54.351799412935129 ], [ 18.949767004411729, 54.351799404728091 ], [ 18.949767009864772, 54.351799396787882 ], [ 18.949767016585216, 54.351799389186418 ], [ 18.951990983487232, 54.349552818591611 ], [ 18.951990985124961, 54.349552816738928 ], [ 18.951990983491548, 54.349552814884944 ], [ 18.949772498052397, 54.347304435578017 ], [ 18.949772491351233, 54.347304427970961 ], [ 18.949772485918157, 54.347304420026219 ], [ 18.94977248180237, 54.347304411815735 ], [ 18.949772479041147, 54.347304403413879 ], [ 18.949772477659497, 54.34730439489671 ], [ 18.949772477669928, 54.347304386341413 ], [ 18.949772479072351, 54.347304377825402 ], [ 18.949772481854055, 54.347304369425856 ], [ 18.949772485989861, 54.347304361218804 ], [ 18.949772491442307, 54.347304353278595 ], [ 18.949772498162016, 54.347304345677117 ], [ 18.951996221944988, 54.34505777324874 ], [ 18.95199622358254, 54.345057771396057 ], [ 18.951996221949308, 54.345057769542095 ], [ 18.949777935590408, 54.342809345584321 ], [ 18.94977793366311, 54.342809343829387 ], [ 18.949777930098513, 54.342809343728689 ], [ 18.945336205565287, 54.342807413704122 ], [ 18.945336190939642, 54.342807413290416 ], [ 18.945336176447533, 54.342807412066314 ], [ 18.945336162220197, 54.342807410042866 ], [ 18.945336148386485, 54.342807407238425 ], [ 18.945336135071667, 54.342807403678385 ], [ 18.945336122396334, 54.342807399394978 ], [ 18.945336110475274, 54.34280739442702 ], [ 18.945336099416441, 54.342807388819445 ], [ 18.945336089319987, 54.342807382623093 ], [ 18.94533608027735, 54.342807375894054 ], [ 18.94533607237042, 54.342807368693286 ], [ 18.94311835567559, 54.340558907840141 ], [ 18.943118348976746, 54.340558900232708 ], [ 18.943118343545841, 54.340558892287653 ], [ 18.943118339432054, 54.340558884076934 ], [ 18.94311833667264, 54.340558875674908 ], [ 18.943118335292592, 54.340558867157668 ], [ 18.943118335304401, 54.340558858602343 ], [ 18.943118336707968, 54.34055885008641 ], [ 18.943118339490574, 54.340558841687006 ], [ 18.943118343627024, 54.340558833480173 ], [ 18.94311834907986, 54.340558825540256 ], [ 18.943118355799694, 54.34055881793914 ], [ 18.945342078012182, 54.338312365585445 ], [ 18.945342079649766, 54.338312363732854 ], [ 18.945342078017099, 54.338312361878785 ], [ 18.94312456020792, 54.336063856393174 ], [ 18.943124553509808, 54.336063848785734 ], [ 18.943124548079492, 54.33606384084068 ], [ 18.943124543966153, 54.336063832629947 ], [ 18.943124541207037, 54.336063824227914 ], [ 18.943124539827135, 54.336063815710681 ], [ 18.943124539838944, 54.336063807155341 ], [ 18.943124541242351, 54.336063798639415 ], [ 18.943124544024656, 54.33606379023999 ], [ 18.943124548160654, 54.33606378203315 ], [ 18.94312455361289, 54.336063774093226 ], [ 18.943124560331992, 54.336063766492103 ], [ 18.945348039492824, 54.333817312284467 ], [ 18.945348041130224, 54.333817310431883 ], [ 18.945348039497738, 54.333817308577814 ], [ 18.943130763037651, 54.331568801576033 ], [ 18.94313075634027, 54.331568793968593 ], [ 18.943130750910544, 54.331568786023524 ], [ 18.94313074679765, 54.331568777812784 ], [ 18.943130744038836, 54.331568769410751 ], [ 18.943130742659083, 54.331568760893504 ], [ 18.943130742670888, 54.331568752338164 ], [ 18.943130744074139, 54.331568743822231 ], [ 18.943130746856138, 54.331568735422799 ], [ 18.943130750991685, 54.331568727215952 ], [ 18.943130756443324, 54.331568719276028 ], [ 18.94313076316169, 54.331568711674898 ], [ 18.945353999337641, 54.32932225561327 ], [ 18.945354000974866, 54.329322253760694 ], [ 18.945353999342554, 54.329322251906603 ], [ 18.943136964165422, 54.327073743388539 ], [ 18.94313695746877, 54.327073735781092 ], [ 18.943136952039634, 54.327073727836016 ], [ 18.943136947927186, 54.327073719625282 ], [ 18.943136945168671, 54.327073711223242 ], [ 18.943136943789067, 54.327073702705981 ], [ 18.943136943800866, 54.327073694150634 ], [ 18.943136945203964, 54.327073685634694 ], [ 18.943136947985657, 54.327073677235269 ], [ 18.943136952120749, 54.327073669028415 ], [ 18.943136957571792, 54.327073661088463 ], [ 18.943136964289426, 54.327073653487346 ], [ 18.94535995754725, 54.324827195571658 ], [ 18.945359959184294, 54.324827193719067 ], [ 18.94535995755216, 54.324827191864991 ], [ 18.943143121085416, 54.322578638713175 ], [ 18.943143119159348, 54.322578636958127 ], [ 18.943143115596513, 54.322578636857237 ], [ 18.938703571251914, 54.322576463239479 ], [ 18.938703556633516, 54.322576462824976 ], [ 18.938703542148712, 54.322576461600072 ], [ 18.938703527928684, 54.322576459575842 ], [ 18.938703514102208, 54.322576456770641 ], [ 18.938703500794503, 54.322576453209862 ], [ 18.938703488126077, 54.322576448925744 ], [ 18.938703476211661, 54.322576443957111 ], [ 18.938703465159158, 54.322576438348925 ], [ 18.938703455068655, 54.32257643215199 ], [ 18.938703446031536, 54.322576425422433 ], [ 18.938703438129647, 54.322576418221196 ], [ 18.936487170672983, 54.320327828309573 ], [ 18.936487163978651, 54.320327820701749 ], [ 18.936487158551685, 54.320327812756382 ], [ 18.936487154441231, 54.320327804545407 ], [ 18.936487151684521, 54.320327796143204 ], [ 18.936487150306515, 54.320327787625864 ], [ 18.936487150319696, 54.32032777907051 ], [ 18.936487151723934, 54.320327770554627 ], [ 18.936487154506526, 54.320327762155344 ], [ 18.936487158642265, 54.320327753948703 ], [ 18.936487164093698, 54.320327746009063 ], [ 18.936487170811453, 54.320327738408302 ], [ 18.938710162302222, 54.318081400475755 ], [ 18.938710163939298, 54.318081398623242 ], [ 18.938710162307732, 54.318081396769088 ], [ 18.936494093367223, 54.315832762242046 ], [ 18.936494086673616, 54.315832754634222 ], [ 18.936494081247243, 54.315832746688834 ], [ 18.93649407713724, 54.315832738477852 ], [ 18.936494074380825, 54.315832730075655 ], [ 18.936494073002965, 54.315832721558309 ], [ 18.936494073016139, 54.315832713002941 ], [ 18.936494074420228, 54.315832704487057 ], [ 18.936494077202514, 54.31583269608776 ], [ 18.936494081337798, 54.315832687881127 ], [ 18.936494086788635, 54.315832679941465 ], [ 18.936494093505658, 54.315832672340697 ], [ 18.938716842145681, 54.313586332533745 ], [ 18.938716843782576, 54.313586330681247 ], [ 18.938716842151187, 54.313586328827078 ], [ 18.936501014162626, 54.311337692803406 ], [ 18.936501007469751, 54.311337685195575 ], [ 18.936501002043968, 54.311337677250187 ], [ 18.936500997934406, 54.311337669039197 ], [ 18.936500995178292, 54.311337660636987 ], [ 18.936500993800578, 54.311337652119633 ], [ 18.936500993813752, 54.311337643564265 ], [ 18.936500995217681, 54.311337635048361 ], [ 18.936500997999662, 54.311337626649077 ], [ 18.936501002134495, 54.311337618442437 ], [ 18.936501007584734, 54.311337610502761 ], [ 18.936501014301026, 54.311337602901986 ], [ 18.938723520157001, 54.309091261220587 ], [ 18.938723521793719, 54.309091259368074 ], [ 18.938723520162508, 54.309091257513927 ], [ 18.936507933059904, 54.306842619993475 ], [ 18.936507926367753, 54.30684261238563 ], [ 18.936507920942557, 54.306842604440241 ], [ 18.936507916833442, 54.306842596229252 ], [ 18.936507914077627, 54.306842587827028 ], [ 18.936507912700062, 54.306842579309674 ], [ 18.936507912713232, 54.306842570754299 ], [ 18.936507914117005, 54.306842562238401 ], [ 18.93650791689868, 54.306842553839097 ], [ 18.936507921033062, 54.306842545632435 ], [ 18.936507926482705, 54.306842537692773 ], [ 18.936507933198261, 54.306842530091991 ], [ 18.938730196336866, 54.304596186536095 ], [ 18.93873019797341, 54.304596184683582 ], [ 18.938730196342373, 54.304596182829407 ], [ 18.936514850059751, 54.302347543812076 ], [ 18.936514843368329, 54.302347536204223 ], [ 18.936514837943719, 54.302347528258821 ], [ 18.936514833835052, 54.302347520047832 ], [ 18.936514831079531, 54.302347511645607 ], [ 18.936514829702116, 54.302347503128239 ], [ 18.936514829715282, 54.302347494572857 ], [ 18.936514831118902, 54.302347486056959 ], [ 18.936514833900272, 54.302347477657648 ], [ 18.936514838034199, 54.302347469450986 ], [ 18.936514843483248, 54.302347461511303 ], [ 18.936514850198069, 54.302347453910521 ], [ 18.938736870685961, 54.300101108480064 ], [ 18.93873687232232, 54.300101106627551 ], [ 18.938736870691464, 54.300101104773383 ], [ 18.936521765162876, 54.297852464259016 ], [ 18.936521758472178, 54.297852456651164 ], [ 18.936521753048158, 54.297852448705761 ], [ 18.936521748939938, 54.297852440494765 ], [ 18.936521746184717, 54.29785243209254 ], [ 18.93652174480745, 54.297852423575144 ], [ 18.936521744820613, 54.297852415019769 ], [ 18.936521746224077, 54.297852406503857 ], [ 18.936521749005141, 54.297852398104546 ], [ 18.936521753138617, 54.297852389897876 ], [ 18.93652175858707, 54.297852381958201 ], [ 18.936521765301158, 54.297852374357397 ], [ 18.938743543204957, 54.295606027052337 ], [ 18.938743544841138, 54.295606025199824 ], [ 18.938743543210457, 54.295606023345648 ], [ 18.936528678369985, 54.293357381334125 ], [ 18.936528671680016, 54.29335737372628 ], [ 18.936528666256585, 54.293357365780871 ], [ 18.936528662148806, 54.29335735756986 ], [ 18.936528659393883, 54.293357349167636 ], [ 18.936528658016766, 54.293357340650246 ], [ 18.936528658029921, 54.293357332094857 ], [ 18.936528659433232, 54.293357323578945 ], [ 18.936528662213991, 54.293357315179612 ], [ 18.936528666347012, 54.293357306972929 ], [ 18.936528671794871, 54.293357299033246 ], [ 18.936528678508228, 54.293357291432443 ], [ 18.938750171297155, 54.291110985328658 ], [ 18.938750179214392, 54.291110978135421 ], [ 18.938750188264592, 54.291110971415016 ], [ 18.938750198365785, 54.291110965228306 ], [ 18.938750209426498, 54.291110959631339 ], [ 18.938750221346563, 54.291110954674764 ], [ 18.938750234018034, 54.2911109504035 ], [ 18.938750247326148, 54.291110946856222 ], [ 18.938750261150393, 54.291110944065039 ], [ 18.938750275365567, 54.291110942055255 ], [ 18.93875028984294, 54.291110940845037 ], [ 18.9387503044514, 54.291110940445364 ], [ 18.9431864640339, 54.291113111560598 ], [ 18.943186467594291, 54.291113111463062 ], [ 18.943186469523724, 54.291113109709826 ], [ 18.945407564429306, 54.288866593882304 ], [ 18.945407566064919, 54.288866592029706 ], [ 18.945407564434209, 54.288866590175623 ], [ 18.943192697831254, 54.286618068005247 ], [ 18.943192691141146, 54.28661806039775 ], [ 18.943192685717317, 54.286618052452631 ], [ 18.943192681608885, 54.286618044241841 ], [ 18.943192678853055, 54.286618035839744 ], [ 18.943192677474784, 54.28661802732244 ], [ 18.943192677486554, 54.286618018767037 ], [ 18.943192678888263, 54.286618010251019 ], [ 18.943192681667213, 54.286618001851544 ], [ 18.943192685798234, 54.286617993644626 ], [ 18.943192691243919, 54.28661798570463 ], [ 18.943192697954956, 54.286617978103443 ], [ 18.945413507949308, 54.284371503498861 ], [ 18.945413509584743, 54.284371501646255 ], [ 18.945413507954207, 54.284371499792179 ], [ 18.943198881974123, 54.282122976104233 ], [ 18.943198875284743, 54.282122968496736 ], [ 18.943198869861504, 54.282122960551611 ], [ 18.943198865753516, 54.282122952340821 ], [ 18.943198862997985, 54.282122943938717 ], [ 18.943198861619862, 54.282122935421398 ], [ 18.943198861631629, 54.282122926865981 ], [ 18.943198863033182, 54.282122918349977 ], [ 18.943198865811826, 54.282122909950481 ], [ 18.943198869942396, 54.282122901743563 ], [ 18.943198875387488, 54.282122893803553 ], [ 18.943198882097789, 54.282122886202366 ], [ 18.945419449840159, 54.279876409743203 ], [ 18.945419451475416, 54.279876407890598 ], [ 18.945419449845058, 54.279876406036507 ], [ 18.943205021961703, 54.277627837713254 ], [ 18.943205020037727, 54.277627835958207 ], [ 18.943205016478771, 54.277627835857309 ], [ 18.938770220481778, 54.277625665770245 ], [ 18.938770216922542, 54.27762566586766 ], [ 18.938770214993554, 54.277625667620825 ], [ 18.936549406760371, 54.279872022424769 ], [ 18.936549398844903, 54.279872029617877 ], [ 18.936549389796813, 54.279872036338134 ], [ 18.936549379698043, 54.279872042524666 ], [ 18.936549368640041, 54.279872048121454 ], [ 18.936549356722956, 54.27987205307781 ], [ 18.936549344054711, 54.279872057348854 ], [ 18.936549330750029, 54.27987206089589 ], [ 18.936549316929401, 54.279872063686831 ], [ 18.936549302717989, 54.279872065696367 ], [ 18.936549288244489, 54.279872066906321 ], [ 18.936549273639983, 54.279872067305725 ], [ 18.932114322257423, 54.279869652440674 ], [ 18.932114318697973, 54.27986965253789 ], [ 18.932114316768601, 54.279869654290948 ], [ 18.929893025793266, 54.282115885534736 ], [ 18.929893017876214, 54.282115892727411 ], [ 18.929893008826546, 54.282115899447156 ], [ 18.929892998726228, 54.282115905633134 ], [ 18.929892987666726, 54.282115911229312 ], [ 18.929892975748192, 54.28211591618502 ], [ 18.929892963078572, 54.28211592045534 ], [ 18.929892949772597, 54.282115924001651 ], [ 18.929892935950768, 54.282115926791832 ], [ 18.929892921738258, 54.282115928800586 ], [ 18.929892907263781, 54.282115930009731 ], [ 18.929892892658415, 54.282115930408324 ], [ 18.925457700917718, 54.282113270685095 ], [ 18.925457697358059, 54.282113270782119 ], [ 18.9254576954283, 54.282113272535071 ], [ 18.923235921645034, 54.284359380168404 ], [ 18.923235913726387, 54.284359387360624 ], [ 18.923235904675149, 54.284359394079871 ], [ 18.923235894573285, 54.284359400265288 ], [ 18.923235883512277, 54.284359405860855 ], [ 18.923235871592301, 54.284359410815895 ], [ 18.923235858921302, 54.28435941508554 ], [ 18.92323584561403, 54.284359418631105 ], [ 18.923235831791004, 54.284359421420511 ], [ 18.9232358175774, 54.284359423428484 ], [ 18.923235803101942, 54.284359424636811 ], [ 18.923235788495717, 54.284359425034609 ], [ 18.918800356463461, 54.284356520413056 ], [ 18.918800352903595, 54.284356520509881 ], [ 18.918800350973445, 54.284356522262719 ], [ 18.916578051700633, 54.286602549303417 ], [ 18.916578050063812, 54.28660255115561 ], [ 18.91657805169314, 54.286602553010091 ], [ 18.918791467310804, 54.288851563348253 ], [ 18.918791473996773, 54.288851570957107 ], [ 18.9187914794162, 54.288851578903312 ], [ 18.91879148352, 54.288851587114927 ], [ 18.918791486271012, 54.288851595517571 ], [ 18.91879148764432, 54.288851604035166 ], [ 18.918791487627491, 54.28885161259057 ], [ 18.918791486220673, 54.288851621106275 ], [ 18.91879148343661, 54.288851629505189 ], [ 18.918791479300516, 54.288851637711268 ], [ 18.918791473849843, 54.288851645650162 ], [ 18.918791467133957, 54.288851653249978 ], [ 18.916568967757378, 54.291097635286427 ], [ 18.916568966120376, 54.291097637138641 ], [ 18.916568967749885, 54.291097638993101 ], [ 18.918782623658238, 54.293346647894111 ], [ 18.918782630344932, 54.293346655502951 ], [ 18.918782635764941, 54.293346663449142 ], [ 18.918782639869189, 54.293346671660764 ], [ 18.918782642620496, 54.293346680063401 ], [ 18.918782643993953, 54.293346688580982 ], [ 18.918782643977117, 54.293346697136364 ], [ 18.91878264257015, 54.293346705652084 ], [ 18.918782639785778, 54.293346714050998 ], [ 18.918782635649226, 54.293346722257056 ], [ 18.91878263019796, 54.293346730195942 ], [ 18.918782623481338, 54.293346737795758 ], [ 18.916559881323121, 54.295592717896909 ], [ 18.916559879685945, 54.295592719749116 ], [ 18.916559881315628, 54.29559272160359 ], [ 18.918773777580441, 54.297841729067557 ], [ 18.918773784267863, 54.297841736676389 ], [ 18.918773789688466, 54.297841744622581 ], [ 18.918773793793154, 54.297841752834195 ], [ 18.918773796544759, 54.297841761236825 ], [ 18.918773797918362, 54.297841769754406 ], [ 18.918773797901526, 54.297841778309781 ], [ 18.918773796494396, 54.297841786825494 ], [ 18.918773793709722, 54.2978417952244 ], [ 18.918773789572718, 54.297841803430465 ], [ 18.918773784120852, 54.297841811369331 ], [ 18.918773777403498, 54.297841818969133 ], [ 18.916550835026761, 54.300087754067022 ], [ 18.916550827103929, 54.300087761258794 ], [ 18.916550818048151, 54.300087767977509 ], [ 18.91655080794143, 54.300087774162364 ], [ 18.916550796875303, 54.300087779757277 ], [ 18.91655078494998, 54.30008778471165 ], [ 18.91655077227346, 54.300087788980569 ], [ 18.916550758960543, 54.300087792525396 ], [ 18.916550745131794, 54.300087795314028 ], [ 18.916550730912444, 54.300087797321197 ], [ 18.916550716431274, 54.30008779852875 ], [ 18.916550701819425, 54.300087798925716 ], [ 18.912113580147899, 54.3000846478106 ], [ 18.912113576586663, 54.300084647907219 ], [ 18.912113574655493, 54.300084649659958 ], [ 18.909890063677643, 54.302330547120562 ], [ 18.909890062039903, 54.302330548972691 ], [ 18.90989006366955, 54.302330550827243 ], [ 18.912103957375287, 54.30457967817221 ], [ 18.91210396406257, 54.304579685781398 ], [ 18.912103969482768, 54.304579693727895 ], [ 18.912103973586795, 54.304579701939716 ], [ 18.912103976337495, 54.304579710342495 ], [ 18.91210397770994, 54.30457971886014 ], [ 18.912103977691718, 54.304579727415508 ], [ 18.912103976282982, 54.304579735931128 ], [ 18.912103973496492, 54.304579744329871 ], [ 18.912103969357485, 54.304579752535687 ], [ 18.912103963903444, 54.304579760474262 ], [ 18.912103957183763, 54.30457976807368 ], [ 18.909880245792717, 54.306825620512427 ], [ 18.909880244154792, 54.306825622364549 ], [ 18.909880245784617, 54.306825624219101 ], [ 18.912094379911665, 54.309074750147467 ], [ 18.912094386599673, 54.309074757756669 ], [ 18.912094392020457, 54.309074765703151 ], [ 18.912094396124935, 54.309074773914965 ], [ 18.912094398875926, 54.309074782317744 ], [ 18.91209440024852, 54.309074790835375 ], [ 18.912094400230291, 54.309074799390743 ], [ 18.912094398821395, 54.309074807906349 ], [ 18.912094396034604, 54.309074816305085 ], [ 18.912094391895145, 54.309074824510894 ], [ 18.912094386440504, 54.309074832449461 ], [ 18.912094379720088, 54.309074840048879 ], [ 18.909870467863019, 54.311320647466665 ], [ 18.909870459936865, 54.311320654657976 ], [ 18.909870450877531, 54.311320661376186 ], [ 18.909870440767055, 54.311320667560452 ], [ 18.909870429697005, 54.311320673154761 ], [ 18.909870417767632, 54.311320678108451 ], [ 18.909870405086966, 54.311320682376667 ], [ 18.90987039176985, 54.311320685920741 ], [ 18.909870377936887, 54.311320688708591 ], [ 18.909870363713342, 54.311320690714979 ], [ 18.909870349228033, 54.311320691921708 ], [ 18.90987033461214, 54.311320692317871 ], [ 18.905432005514605, 54.311317294985145 ], [ 18.905432001952381, 54.311317295081587 ], [ 18.905432000020401, 54.311317296834197 ], [ 18.903207561851691, 54.313563023455828 ], [ 18.903207553923945, 54.313563030646698 ], [ 18.903207544863033, 54.313563037364396 ], [ 18.903207534751012, 54.313563043548115 ], [ 18.903207523679455, 54.313563049141806 ], [ 18.903207511748633, 54.313563054094828 ], [ 18.903207499066589, 54.313563058362355 ], [ 18.90320748574818, 54.313563061905676 ], [ 18.903207471914008, 54.313563064692779 ], [ 18.903207457689369, 54.313563066698372 ], [ 18.903207443203083, 54.313563067904298 ], [ 18.903207428586331, 54.313563068299665 ], [ 18.89876894418158, 54.313559425817864 ], [ 18.898768929566788, 54.313559425398537 ], [ 18.898768915086347, 54.313559424168822 ], [ 18.898768900871392, 54.313559422139882 ], [ 18.898768887050664, 54.313559419330105 ], [ 18.898768873749315, 54.313559415764921 ], [ 18.898768861087813, 54.313559411476604 ], [ 18.898768849180822, 54.313559406504027 ], [ 18.898768838136167, 54.313559400892174 ], [ 18.898768828053878, 54.313559394691893 ], [ 18.898768819025253, 54.313559387959351 ], [ 18.898768811132065, 54.313559380755493 ], [ 18.89655516349919, 54.311310012181735 ], [ 18.896555161575634, 54.311310010425942 ], [ 18.896555158013886, 54.311310010323666 ], [ 18.892116831875796, 54.311306123152761 ], [ 18.892116817261869, 54.311306122732631 ], [ 18.892116802782418, 54.31130612150212 ], [ 18.892116788568572, 54.311306119472398 ], [ 18.892116774749049, 54.311306116661854 ], [ 18.892116761449003, 54.311306113095938 ], [ 18.892116748788887, 54.311306108806924 ], [ 18.892116736883349, 54.31130610383368 ], [ 18.8921167258402, 54.311306098221223 ], [ 18.892116715759464, 54.311306092020388 ], [ 18.89211670673242, 54.311306085287335 ], [ 18.892116698840823, 54.311306078083042 ], [ 18.889903534874737, 54.309056586845706 ], [ 18.889903532951568, 54.309056585089827 ], [ 18.889903529390033, 54.309056584987353 ], [ 18.885465446697431, 54.30905245323607 ], [ 18.885465432084374, 54.309052452815116 ], [ 18.885465417605914, 54.309052451583817 ], [ 18.885465403393169, 54.30905244955332 ], [ 18.885465389574858, 54.309052446742015 ], [ 18.885465376276116, 54.309052443175354 ], [ 18.885465363617385, 54.309052438885651 ], [ 18.885465351713297, 54.309052433911731 ], [ 18.885465340671661, 54.309052428298671 ], [ 18.885465330592471, 54.309052422097281 ], [ 18.885465321567004, 54.309052415363738 ], [ 18.885465313677003, 54.309052408159005 ], [ 18.883252633310768, 54.306802794308439 ], [ 18.883252631387986, 54.306802792552432 ], [ 18.883252627826661, 54.30680279244978 ], [ 18.878814703546194, 54.306798416073121 ], [ 18.8788146999843, 54.306798416168753 ], [ 18.878814698051404, 54.306798417920959 ], [ 18.876589055685901, 54.309043654758568 ], [ 18.87658904775439, 54.30904366194769 ], [ 18.876589038690135, 54.309043668663392 ], [ 18.876589028575236, 54.309043674844872 ], [ 18.876589017501288, 54.309043680436126 ], [ 18.876589005568583, 54.309043685386548 ], [ 18.876588992885182, 54.309043689651247 ], [ 18.876588979565948, 54.309043693191654 ], [ 18.876588965731504, 54.309043695975696 ], [ 18.876588951507134, 54.309043697978147 ], [ 18.876588937021658, 54.309043699180876 ], [ 18.87658892240626, 54.30904369957301 ], [ 18.872150843269498, 54.309039078018778 ], [ 18.872150839707395, 54.309039078114239 ], [ 18.872150837774107, 54.309039079866317 ], [ 18.869924711810071, 54.311284192650241 ], [ 18.869924703876968, 54.311284199838923 ], [ 18.869924694811139, 54.311284206554134 ], [ 18.869924684694691, 54.311284212735053 ], [ 18.869924673619241, 54.311284218325696 ], [ 18.869924661685086, 54.311284223275422 ], [ 18.869924649000311, 54.311284227539446 ], [ 18.86992463567978, 54.311284231079107 ], [ 18.869924621844138, 54.311284233862388 ], [ 18.869924607618675, 54.311284235864058 ], [ 18.869924593132218, 54.311284237065991 ], [ 18.869924578515963, 54.311284237457308 ], [ 18.865486259490844, 54.311279370603039 ], [ 18.865486255928534, 54.311279370698294 ], [ 18.86548625399486, 54.311279372450279 ], [ 18.863259644366678, 54.313524361130121 ], [ 18.86325963643198, 54.313524368318369 ], [ 18.863259627364574, 54.313524375033069 ], [ 18.86325961724658, 54.313524381213419 ], [ 18.863259606169628, 54.313524386803451 ], [ 18.863259594234027, 54.313524391752509 ], [ 18.863259581547869, 54.313524396015836 ], [ 18.863259568226049, 54.313524399554758 ], [ 18.863259554389199, 54.313524402337258 ], [ 18.863259540162641, 54.313524404338153 ], [ 18.863259525675208, 54.31352440553929 ], [ 18.863259511058097, 54.313524405929797 ], [ 18.858820952211691, 54.313519293735375 ], [ 18.858820948649171, 54.313519293830439 ], [ 18.858820946715106, 54.313519295582303 ], [ 18.85659381064859, 54.315764203154338 ], [ 18.856593809007922, 54.315764205005721 ], [ 18.856593810635701, 54.315764206860997 ], [ 18.858805515895849, 54.318014305636396 ], [ 18.858805522575466, 54.318014313248526 ], [ 18.858805527987151, 54.318014321197381 ], [ 18.858805532081899, 54.318014329411 ], [ 18.858805534822626, 54.318014337814965 ], [ 18.858805536184509, 54.318014346333186 ], [ 18.858805536155216, 54.318014354888525 ], [ 18.858805534735012, 54.318014363403485 ], [ 18.85880553193676, 54.31801437180097 ], [ 18.858805527785805, 54.318014380004932 ], [ 18.858805522319727, 54.318014387941062 ], [ 18.858805515588038, 54.318014395537503 ], [ 18.856578220896825, 54.320259214897945 ], [ 18.856578212959665, 54.320259222085738 ], [ 18.85657820388969, 54.320259228799927 ], [ 18.856578193769042, 54.320259234979709 ], [ 18.856578182689368, 54.320259240569115 ], [ 18.856578170751018, 54.320259245517519 ], [ 18.856578158062099, 54.320259249780122 ], [ 18.856578144737526, 54.320259253318305 ], [ 18.856578130897969, 54.320259256100037 ], [ 18.856578116668768, 54.320259258100137 ], [ 18.856578102178769, 54.320259259300464 ], [ 18.85657808755921, 54.320259259690161 ], [ 18.85213880509697, 54.32025390123362 ], [ 18.852138801533854, 54.320253901328471 ], [ 18.852138799599192, 54.320253903080243 ], [ 18.849910978271325, 54.322498641262897 ], [ 18.849910970332569, 54.322498648450242 ], [ 18.849910961261017, 54.32249865516394 ], [ 18.849910951138821, 54.322498661343154 ], [ 18.849910940057644, 54.322498666931949 ], [ 18.849910928117843, 54.322498671879686 ], [ 18.84991091542755, 54.322498676141592 ], [ 18.849910902101684, 54.322498679679029 ], [ 18.849910888260926, 54.322498682460001 ], [ 18.849910874030627, 54.322498684459305 ], [ 18.849910859539651, 54.322498685658836 ], [ 18.849910844919236, 54.32249868604773 ], [ 18.845471322704448, 54.322493082130414 ], [ 18.845471319141122, 54.322493082225066 ], [ 18.845471317206069, 54.322493083976731 ], [ 18.843243011884603, 54.324737697883776 ], [ 18.843243003944256, 54.324737705070689 ], [ 18.843242994871126, 54.324737711783875 ], [ 18.843242984747381, 54.32473771796252 ], [ 18.843242973664701, 54.324737723550697 ], [ 18.843242961723451, 54.32473772849778 ], [ 18.843242949031776, 54.324737732758969 ], [ 18.843242935704616, 54.324737736295667 ], [ 18.843242921862661, 54.324737739075879 ], [ 18.843242907631264, 54.324737741074387 ], [ 18.843242893139312, 54.324737742273122 ], [ 18.843242878518041, 54.324737742661213 ], [ 18.838803116617939, 54.324731893243026 ], [ 18.838803113054407, 54.324731893337479 ], [ 18.838803111118967, 54.32473189508903 ], [ 18.836574278997237, 54.326976427709496 ], [ 18.836574277355222, 54.326976429560609 ], [ 18.836574278982543, 54.326976431416135 ], [ 18.838785491137561, 54.329226892581573 ], [ 18.838785497815291, 54.32922690019479 ], [ 18.838785503224585, 54.329226908144527 ], [ 18.838785507316452, 54.329226916358813 ], [ 18.838785510053835, 54.329226924763212 ], [ 18.838785511411945, 54.329226933281632 ], [ 18.838785511378486, 54.329226941836957 ], [ 18.838785509953762, 54.329226950351661 ], [ 18.838785507150664, 54.329226958748656 ], [ 18.83878550299459, 54.329226966951914 ], [ 18.838785497523173, 54.329226974887128 ], [ 18.838785490785959, 54.329226982482425 ], [ 18.83655649963897, 54.331471426844729 ], [ 18.836556491696161, 54.33147143403118 ], [ 18.836556482620459, 54.331471440743861 ], [ 18.836556472494053, 54.331471446921924 ], [ 18.836556461408655, 54.331471452509483 ], [ 18.836556449464656, 54.331471457455905 ], [ 18.836556436770216, 54.331471461716369 ], [ 18.836556423440303, 54.331471465252349 ], [ 18.836556409595641, 54.331471468031786 ], [ 18.836556395361594, 54.331471470029506 ], [ 18.83655638086708, 54.331471471227417 ], [ 18.836556366243357, 54.331471471614698 ], [ 18.832115880534165, 54.331465375652165 ], [ 18.832115876970036, 54.331465375746419 ], [ 18.832115875033995, 54.331465377497857 ], [ 18.829886314133248, 54.333709783540584 ], [ 18.829886312490661, 54.333709785391598 ], [ 18.829886314117946, 54.333709787247223 ], [ 18.83209752131518, 54.335960368432097 ], [ 18.832097527992762, 54.335960376045676 ], [ 18.832097533401644, 54.335960383995719 ], [ 18.832097537492842, 54.335960392210197 ], [ 18.832097540229309, 54.335960400614759 ], [ 18.832097541586258, 54.33596040913325 ], [ 18.832097541551402, 54.335960417688547 ], [ 18.832097540125055, 54.335960426203158 ], [ 18.832097537320141, 54.335960434599997 ], [ 18.832097533162052, 54.335960442803007 ], [ 18.83209752768845, 54.335960450737915 ], [ 18.832097520948903, 54.335960458332821 ], [ 18.829867800850593, 54.338204776101861 ], [ 18.829867792905315, 54.338204783287864 ], [ 18.829867783827037, 54.338204790000013 ], [ 18.829867773697977, 54.338204796177536 ], [ 18.829867762609862, 54.338204801764476 ], [ 18.829867750663102, 54.338204806710209 ], [ 18.829867737965898, 54.338204810969977 ], [ 18.829867724633235, 54.338204814505197 ], [ 18.829867710785859, 54.338204817283867 ], [ 18.829867696549165, 54.33820481928079 ], [ 18.829867682052086, 54.338204820477912 ], [ 18.829867667425916, 54.338204820864362 ], [ 18.82542645771106, 54.338198478236244 ], [ 18.825426454146335, 54.338198478330305 ], [ 18.825426452209694, 54.338198480081644 ], [ 18.823196204900302, 54.340442716420831 ], [ 18.823196196953429, 54.340442723606394 ], [ 18.823196187873574, 54.340442730318038 ], [ 18.823196177742961, 54.340442736494992 ], [ 18.823196166653336, 54.340442742081308 ], [ 18.823196154705133, 54.340442747026387 ], [ 18.823196142006552, 54.340442751285458 ], [ 18.823196128672596, 54.340442754819932 ], [ 18.823196114824015, 54.34044275759782 ], [ 18.823196100586227, 54.340442759593969 ], [ 18.823196086088171, 54.340442760790282 ], [ 18.82319607146114, 54.340442761175936 ], [ 18.818754622132033, 54.340436172845727 ], [ 18.818754618567095, 54.340436172939597 ], [ 18.818754616630066, 54.340436174690822 ], [ 18.816523884799206, 54.3426802865119 ], [ 18.816523876850741, 54.342680293697022 ], [ 18.816523867769302, 54.342680300408155 ], [ 18.816523857637144, 54.342680306584562 ], [ 18.816523846546012, 54.342680312170259 ], [ 18.81652383459636, 54.342680317114656 ], [ 18.8165238218964, 54.342680321373045 ], [ 18.816523808561147, 54.342680324906773 ], [ 18.816523794711365, 54.342680327683901 ], [ 18.816523780472483, 54.342680329679261 ], [ 18.816523765973447, 54.342680330874749 ], [ 18.816523751345564, 54.342680331259594 ], [ 18.812082062469685, 54.342673497187221 ], [ 18.812082058904544, 54.342673497280884 ], [ 18.812082056967125, 54.342673499031996 ], [ 18.809850840549313, 54.344917486284494 ], [ 18.809850832599253, 54.344917493469175 ], [ 18.809850823516236, 54.344917500179818 ], [ 18.809850813382521, 54.344917506355642 ], [ 18.80985080228989, 54.344917511940722 ], [ 18.809850790338785, 54.344917516884465 ], [ 18.809850777637447, 54.344917521142129 ], [ 18.809850764300897, 54.344917524675118 ], [ 18.809850750449918, 54.344917527451486 ], [ 18.809850736209938, 54.344917529446057 ], [ 18.809850721709925, 54.344917530640757 ], [ 18.809850707081186, 54.344917531024784 ], [ 18.805408863903548, 54.34491045130747 ], [ 18.805408849278621, 54.344910450876803 ], [ 18.805408834789983, 54.344910449635904 ], [ 18.805408820568847, 54.344910447595971 ], [ 18.805408806744005, 54.3449104447755 ], [ 18.805408793440652, 54.344910441200042 ], [ 18.80540878077927, 54.344910436901955 ], [ 18.805408768874518, 54.344910431920191 ], [ 18.805408757834208, 54.344910426299833 ], [ 18.805408747758324, 54.344910420091786 ], [ 18.805408738738116, 54.344910413352302 ], [ 18.805408730855273, 54.34491040614239 ], [ 18.803198503552867, 54.342659340202431 ], [ 18.803198501631829, 54.342659338445159 ], [ 18.803198498067616, 54.342659338340141 ], [ 18.798756729779388, 54.342652013730259 ], [ 18.798756726214215, 54.342652013823518 ], [ 18.798756724276231, 54.342652015574423 ], [ 18.796524783860889, 54.344895755839069 ], [ 18.796524775908509, 54.344895763022862 ], [ 18.796524766823332, 54.344895769732489 ], [ 18.796524756687628, 54.344895775907212 ], [ 18.796524745593196, 54.344895781491061 ], [ 18.796524733640506, 54.34489578643349 ], [ 18.7965247209378, 54.344895790689741 ], [ 18.796524707600117, 54.344895794221259 ], [ 18.79652469374825, 54.344895796996099 ], [ 18.796524679507638, 54.3448957989891 ], [ 18.796524665007247, 54.344895800182194 ], [ 18.796524650378398, 54.344895800564608 ], [ 18.792082813161723, 54.34488823041842 ], [ 18.792082798536942, 54.344888229986154 ], [ 18.79208278404872, 54.344888228743649 ], [ 18.792082769828259, 54.344888226702139 ], [ 18.792082756004337, 54.34488822388014 ], [ 18.792082742702153, 54.344888220303218 ], [ 18.792082730042168, 54.344888216003739 ], [ 18.792082718139039, 54.344888211020653 ], [ 18.792082707100558, 54.34488820539908 ], [ 18.792082697026689, 54.344888199189924 ], [ 18.792082688008669, 54.344888192449432 ], [ 18.792082680128164, 54.344888185238673 ], [ 18.789873225148686, 54.342636919100066 ], [ 18.78987321847783, 54.342636911484149 ], [ 18.789873213076227, 54.342636903532245 ], [ 18.789873208992795, 54.342636895316332 ], [ 18.789873206264502, 54.342636886910853 ], [ 18.78987320491607, 54.3426368783919 ], [ 18.789873204959704, 54.342636869836639 ], [ 18.789873206395004, 54.342636861322525 ], [ 18.789873209208984, 54.342636852926688 ], [ 18.789873213376151, 54.342636844725149 ], [ 18.789873218858769, 54.342636836792195 ], [ 18.789873225607188, 54.342636829199648 ], [ 18.792105405234643, 54.340393211313504 ], [ 18.792105406879191, 54.340393209462995 ], [ 18.792105405253345, 54.34039320760688 ], [ 18.789896104686346, 54.338141854072227 ], [ 18.78989610276609, 54.338141852314749 ], [ 18.789896099202295, 54.338141852209326 ], [ 18.78545490676234, 54.33813403863077 ], [ 18.785454892140031, 54.338134038197701 ], [ 18.785454877654384, 54.338134036954408 ], [ 18.785454863436577, 54.338134034912123 ], [ 18.78545484961538, 54.338134032089364 ], [ 18.785454836315953, 54.33813402851171 ], [ 18.785454823658736, 54.338134024211534 ], [ 18.785454811758356, 54.338134019227795 ], [ 18.78545480072259, 54.338134013605604 ], [ 18.785454790651372, 54.338134007395894 ], [ 18.785454781635913, 54.338134000654904 ], [ 18.785454773757856, 54.338133993443691 ], [ 18.783246000006979, 54.335882560942679 ], [ 18.783245998087107, 54.33588255918508 ], [ 18.783245994523529, 54.335882559079465 ], [ 18.778805047519295, 54.335874501006579 ], [ 18.778805032897861, 54.335874500572693 ], [ 18.778805018413212, 54.33587449932859 ], [ 18.778805004196521, 54.335874497285538 ], [ 18.778804990376535, 54.335874494462018 ], [ 18.778804977078416, 54.335874490883633 ], [ 18.778804964422591, 54.335874486582753 ], [ 18.778804952523668, 54.335874481598353 ], [ 18.778804941489412, 54.335874475975558 ], [ 18.778804931419749, 54.335874469765301 ], [ 18.778804922405872, 54.335874463023806 ], [ 18.778804914529413, 54.335874455812153 ], [ 18.776596625160394, 54.333622901224857 ], [ 18.776596623240913, 54.33362289946718 ], [ 18.776596619677552, 54.333622899361366 ], [ 18.772155918174288, 54.333614596834828 ], [ 18.772155903553724, 54.333614596400132 ], [ 18.772155889070071, 54.33361459515524 ], [ 18.772155874854491, 54.333614593111406 ], [ 18.772155861035721, 54.333614590287112 ], [ 18.772155847738908, 54.333614586707995 ], [ 18.772155835084472, 54.333614582406426 ], [ 18.77215582318701, 54.333614577421365 ], [ 18.772155812154267, 54.333614571797966 ], [ 18.772155802086161, 54.333614565587148 ], [ 18.772155793073864, 54.333614558845163 ], [ 18.772155785198997, 54.333614551633076 ], [ 18.769947980144149, 54.331362875009873 ], [ 18.769947978225055, 54.331362873252075 ], [ 18.769947974661903, 54.331362873146077 ], [ 18.76550751872481, 54.331354326206579 ], [ 18.765507504105123, 54.331354325771073 ], [ 18.765507489622468, 54.331354324525385 ], [ 18.765507475408, 54.331354322480756 ], [ 18.765507461590445, 54.331354319655716 ], [ 18.76550744829494, 54.331354316075853 ], [ 18.765507435641894, 54.331354311773588 ], [ 18.765507423745888, 54.33135430678788 ], [ 18.765507412714658, 54.331354301163863 ], [ 18.765507402648105, 54.331354294952497 ], [ 18.765507393637392, 54.331354288210015 ], [ 18.765507385764121, 54.331354280997495 ], [ 18.763300064955711, 54.329102482388748 ], [ 18.763300063037008, 54.329102480630837 ], [ 18.763300059474073, 54.329102480524632 ], [ 18.758859764023779, 54.329093689042708 ], [ 18.758859760459696, 54.329093689134808 ], [ 18.758859758520657, 54.329093690885067 ], [ 18.756626384827143, 54.331336696733317 ], [ 18.756626376870443, 54.331336703914495 ], [ 18.756626367781774, 54.331336710621144 ], [ 18.756626357643444, 54.331336716792507 ], [ 18.756626346547275, 54.331336722372697 ], [ 18.756626334593747, 54.331336727311196 ], [ 18.756626321891119, 54.331336731563255 ], [ 18.756626308554424, 54.331336735090382 ], [ 18.756626294704446, 54.331336737860639 ], [ 18.756626280466605, 54.331336739848936 ], [ 18.756626265969849, 54.331336741037248 ], [ 18.756626251345455, 54.331336741414837 ], [ 18.752185802558802, 54.331327704280874 ], [ 18.752185798994507, 54.331327704372775 ], [ 18.75218579705508, 54.331327706122927 ], [ 18.749951939117782, 54.333570587091231 ], [ 18.749951931159487, 54.333570594271976 ], [ 18.74995192206924, 54.333570600978113 ], [ 18.749951911929365, 54.333570607148914 ], [ 18.749951900831686, 54.333570612728487 ], [ 18.749951888876716, 54.333570617666311 ], [ 18.749951876172709, 54.333570621917673 ], [ 18.749951862834724, 54.333570625444054 ], [ 18.749951848983546, 54.33357062821355 ], [ 18.749951834744618, 54.333570630201038 ], [ 18.749951820246881, 54.333570631388554 ], [ 18.749951805621642, 54.33357063176534 ], [ 18.745511118421863, 54.333561348772342 ], [ 18.745511114857361, 54.333561348864038 ], [ 18.745511112917548, 54.333561350614076 ], [ 18.743276727823787, 54.335804149658195 ], [ 18.743276726177236, 54.335804151508029 ], [ 18.743276727800694, 54.335804153364819 ], [ 18.745483311117127, 54.338056314880973 ], [ 18.745483317779026, 54.338056322499327 ], [ 18.745483323171459, 54.338056330453213 ], [ 18.745483327245587, 54.338056338670619 ], [ 18.745483329964518, 54.338056347077099 ], [ 18.745483331303625, 54.338056355596542 ], [ 18.745483331250785, 54.338056364151797 ], [ 18.745483329806472, 54.338056372665363 ], [ 18.74548332698377, 54.338056381060156 ], [ 18.745483322808237, 54.33805638926016 ], [ 18.745483317317692, 54.33805639719111 ], [ 18.745483310561859, 54.338056404781163 ], [ 18.743248765133323, 54.340299115348166 ], [ 18.743248757172555, 54.340299122528457 ], [ 18.743248748079729, 54.340299129234076 ], [ 18.74324873793719, 54.340299135404294 ], [ 18.743248726836796, 54.340299140983255 ], [ 18.743248714879066, 54.340299145920405 ], [ 18.743248702172298, 54.340299150171049 ], [ 18.74324868883156, 54.340299153696684 ], [ 18.743248674977671, 54.340299156465392 ], [ 18.743248660736096, 54.340299158452105 ], [ 18.743248646235802, 54.340299159638803 ], [ 18.743248631608115, 54.340299160014766 ], [ 18.738807306790228, 54.340289629738251 ], [ 18.738807292167667, 54.340289629299527 ], [ 18.738807277682689, 54.340289628050627 ], [ 18.73880726346647, 54.340289626002843 ], [ 18.738807249647767, 54.340289623174755 ], [ 18.738807236351711, 54.340289619591964 ], [ 18.738807223698718, 54.340289615286892 ], [ 18.738807211803376, 54.340289610298576 ], [ 18.738807200773412, 54.340289604672122 ], [ 18.738807190708712, 54.340289598458533 ], [ 18.738807181700423, 54.340289591714075 ], [ 18.738807173830132, 54.340289584499821 ], [ 18.736600836610233, 54.338037302035566 ], [ 18.736600834692258, 54.338037300277243 ], [ 18.736600831128616, 54.338037300170242 ], [ 18.732159667306156, 54.338027525342405 ], [ 18.732159652684469, 54.338027524902891 ], [ 18.732159638200489, 54.338027523653182 ], [ 18.732159623985389, 54.338027521604637 ], [ 18.732159610167898, 54.338027518775782 ], [ 18.732159596873153, 54.338027515192252 ], [ 18.732159584221549, 54.338027510886505 ], [ 18.732159572327667, 54.338027505897507 ], [ 18.73215956129922, 54.338027500270449 ], [ 18.732159551236077, 54.338027494056313 ], [ 18.732159542229372, 54.338027487311351 ], [ 18.732159534360676, 54.338027480096663 ], [ 18.729953681579673, 54.335775075819434 ], [ 18.729953679662081, 54.335775074061011 ], [ 18.72995367609866, 54.335775073953812 ], [ 18.725512758504188, 54.33576505479661 ], [ 18.725512743883378, 54.335765054356273 ], [ 18.725512729400396, 54.335765053105781 ], [ 18.725512715186408, 54.335765051056441 ], [ 18.725512701370135, 54.335765048226826 ], [ 18.725512688076702, 54.335765044642571 ], [ 18.72551267542649, 54.335765040336113 ], [ 18.725512663534065, 54.335765035346469 ], [ 18.725512652507128, 54.335765029718814 ], [ 18.72551264244554, 54.335765023504109 ], [ 18.72551263344042, 54.33576501675865 ], [ 18.725512625573316, 54.335765009543536 ], [ 18.723307299450607, 54.333512526698037 ], [ 18.723307292793542, 54.333512519078461 ], [ 18.723307287405987, 54.33351251112358 ], [ 18.723307283336727, 54.333512502905421 ], [ 18.723307280622617, 54.333512494498436 ], [ 18.723307279288242, 54.333512485978751 ], [ 18.723307279345676, 54.333512477423511 ], [ 18.723307280794405, 54.333512468910207 ], [ 18.723307283621306, 54.333512460515919 ], [ 18.723307287800786, 54.333512452316683 ], [ 18.723307293294987, 54.333512444386756 ], [ 18.723307300054152, 54.333512436797939 ], [ 18.725542602963078, 54.33127005080366 ], [ 18.72554260461024, 54.331270048954082 ], [ 18.725542602987758, 54.33127004709705 ], [ 18.723337430301786, 54.329017477007739 ], [ 18.723337428384795, 54.329017475249209 ], [ 18.72333742482197, 54.329017475141825 ], [ 18.718897237756938, 54.32900721338536 ], [ 18.718897223138597, 54.329007212944212 ], [ 18.718897208658195, 54.329007211692939 ], [ 18.718897194446868, 54.329007209642825 ], [ 18.718897180633313, 54.329007206812456 ], [ 18.718897167342636, 54.329007203227462 ], [ 18.718897154695188, 54.329007198920323 ], [ 18.718897142805513, 54.329007193930018 ], [ 18.71889713178129, 54.329007188301752 ], [ 18.718897121722346, 54.329007182086507 ], [ 18.718897112719784, 54.329007175340557 ], [ 18.718897104855127, 54.329007168124988 ], [ 18.716692500900162, 54.326754562733463 ], [ 18.716692494245407, 54.326754555113503 ], [ 18.716692488860005, 54.326754547158316 ], [ 18.716692484792727, 54.326754538939937 ], [ 18.716692482080408, 54.326754530532803 ], [ 18.716692480747614, 54.326754522013033 ], [ 18.716692480806405, 54.326754513457779 ], [ 18.71669248225626, 54.326754504944553 ], [ 18.716692485084042, 54.326754496550429 ], [ 18.716692489264144, 54.326754488351398 ], [ 18.716692494758711, 54.326754480421769 ], [ 18.716692501517979, 54.326754472833322 ], [ 18.718927796082149, 54.324512206839294 ], [ 18.718927797729343, 54.324512204989794 ], [ 18.718927796107419, 54.32451220313267 ], [ 18.716723387688116, 54.322259553708832 ], [ 18.716723381034079, 54.322259546088887 ], [ 18.716723375649259, 54.322259538133693 ], [ 18.716723371582411, 54.3222595299153 ], [ 18.71672336887038, 54.322259521508172 ], [ 18.716723367537721, 54.322259512988381 ], [ 18.716723367596497, 54.322259504433134 ], [ 18.716723369046182, 54.322259495919894 ], [ 18.716723371873648, 54.322259487525749 ], [ 18.716723376053285, 54.322259479326725 ], [ 18.71672338154724, 54.322259471397082 ], [ 18.716723388305766, 54.322259463808614 ], [ 18.718958436648069, 54.320017195269187 ], [ 18.718958438295079, 54.320017193419694 ], [ 18.718958436673333, 54.320017191562556 ], [ 18.716754223738612, 54.31776449810534 ], [ 18.71675422182242, 54.317764496346705 ], [ 18.716754218260586, 54.317764496239114 ], [ 18.712315245423945, 54.317753993732879 ], [ 18.712315230809665, 54.317753993290964 ], [ 18.712315216333415, 54.317753992038895 ], [ 18.712315202126295, 54.317753989987999 ], [ 18.712315188316964, 54.317753987156877 ], [ 18.712315175030483, 54.317753983571158 ], [ 18.712315162387174, 54.317753979263308 ], [ 18.712315150501539, 54.31775397427235 ], [ 18.712315139481216, 54.317753968643494 ], [ 18.712315129426006, 54.317753962427687 ], [ 18.712315120426972, 54.317753955681233 ], [ 18.712315112565609, 54.317753948465231 ], [ 18.710111467991542, 54.315501219800339 ], [ 18.710111461339814, 54.315501212180024 ], [ 18.710111455957144, 54.315501204224525 ], [ 18.710111451892281, 54.315501196005911 ], [ 18.710111449182037, 54.315501187598613 ], [ 18.710111447850952, 54.315501179078758 ], [ 18.710111447911093, 54.315501170523504 ], [ 18.710111449361897, 54.315501162010328 ], [ 18.710111452190237, 54.315501153616331 ], [ 18.710111456370498, 54.315501145417535 ], [ 18.71011146186482, 54.315501137488177 ], [ 18.710111468623452, 54.315501129900078 ], [ 18.712346508429658, 54.313258981309488 ], [ 18.712346510076692, 54.313258979460073 ], [ 18.712346508455507, 54.313258977602857 ], [ 18.710143016922597, 54.311006161723405 ], [ 18.710143015007006, 54.311006159964641 ], [ 18.710143011445773, 54.311006159856881 ], [ 18.705704768530026, 54.310995415032487 ], [ 18.705704753918219, 54.310995414589776 ], [ 18.705704739444545, 54.310995413336904 ], [ 18.705704725240079, 54.310995411285241 ], [ 18.705704711433466, 54.310995408453365 ], [ 18.705704698149738, 54.310995404866915 ], [ 18.70570468550919, 54.310995400558383 ], [ 18.7057046736263, 54.310995395566778 ], [ 18.705704662608685, 54.310995389937297 ], [ 18.705704652556118, 54.310995383720929 ], [ 18.705704643559638, 54.310995376973985 ], [ 18.705704635700716, 54.310995369757556 ], [ 18.70350167005887, 54.308742475543731 ], [ 18.703501668143662, 54.308742473784882 ], [ 18.703501664582642, 54.308742473676908 ], [ 18.69906358278028, 54.30873148463445 ], [ 18.699063579217828, 54.308731484724788 ], [ 18.699063577277219, 54.30873148647408 ], [ 18.696828062633443, 54.310973390047707 ], [ 18.696828054670284, 54.310973397224956 ], [ 18.696828045576407, 54.310973403927107 ], [ 18.696828035434169, 54.31097341009346 ], [ 18.696828024335417, 54.31097341566818 ], [ 18.696828012380664, 54.31097342060076 ], [ 18.696827999678174, 54.310973424846537 ], [ 18.696827986342988, 54.310973428367078 ], [ 18.696827972495861, 54.310973431130485 ], [ 18.696827958262205, 54.310973433111727 ], [ 18.696827943770913, 54.310973434292862 ], [ 18.696827929153226, 54.310973434663211 ], [ 18.692389780273466, 54.310962200233121 ], [ 18.692389765661815, 54.310962199788797 ], [ 18.692389751188564, 54.31096219853432 ], [ 18.692389736984779, 54.310962196481093 ], [ 18.692389723179097, 54.31096219364769 ], [ 18.692389709896542, 54.310962190059783 ], [ 18.692389697257404, 54.310962185749858 ], [ 18.692389685376142, 54.310962180756931 ], [ 18.692389674360356, 54.310962175126235 ], [ 18.692389664309808, 54.310962168908773 ], [ 18.692389655315516, 54.310962162160827 ], [ 18.692389647458935, 54.310962154943532 ], [ 18.690187453958711, 54.308709061779346 ], [ 18.690187447311757, 54.30870905415793 ], [ 18.690187441933816, 54.30870904620155 ], [ 18.69018743787359, 54.308709037982261 ], [ 18.69018743516785, 54.308709029574501 ], [ 18.690187433841096, 54.308709021054426 ], [ 18.690187433905351, 54.308709012499179 ], [ 18.690187435360023, 54.308709003986245 ], [ 18.690187438191945, 54.30870899559271 ], [ 18.690187442375471, 54.308708987394589 ], [ 18.690187447872709, 54.308708979466132 ], [ 18.690187454633882, 54.308708971879149 ], [ 18.692423206497494, 54.306467190828293 ], [ 18.692423208145147, 54.306467188979141 ], [ 18.692423206525124, 54.306467187121669 ], [ 18.690221207946497, 54.304214049994144 ], [ 18.690221201300258, 54.30421404237272 ], [ 18.690221195922895, 54.304214034416326 ], [ 18.690221191863099, 54.304214026197045 ], [ 18.69022118915764, 54.304214017789292 ], [ 18.690221187831025, 54.304214009269195 ], [ 18.690221187895261, 54.304214000713934 ], [ 18.690221189349764, 54.304213992200999 ], [ 18.690221192181365, 54.304213983807465 ], [ 18.690221196364426, 54.304213975609336 ], [ 18.690221201861057, 54.304213967680866 ], [ 18.690221208621484, 54.304213960093868 ], [ 18.692456714140381, 54.301972176416236 ], [ 18.692456715787852, 54.301972174567098 ], [ 18.692456714168006, 54.301972172709611 ], [ 18.690254910460101, 54.299718991617674 ], [ 18.690254908545874, 54.299718989858604 ], [ 18.690254904985672, 54.299718989750254 ], [ 18.685817884275824, 54.299707514919128 ], [ 18.685817869668234, 54.299707514474008 ], [ 18.685817855199129, 54.299707513218749 ], [ 18.685817840999551, 54.299707511164755 ], [ 18.685817827198083, 54.299707508330592 ], [ 18.685817813919723, 54.29970750474196 ], [ 18.685817801284713, 54.299707500431339 ], [ 18.685817789407487, 54.299707495437772 ], [ 18.685817778395599, 54.299707489806487 ], [ 18.685817768348777, 54.299707483588456 ], [ 18.685817759358006, 54.29970747684002 ], [ 18.685817751504711, 54.299707469622291 ], [ 18.683616473318992, 54.297454210373523 ], [ 18.683616471405156, 54.297454208614347 ], [ 18.683616467845162, 54.297454208505798 ], [ 18.679179693476563, 54.297442489831212 ], [ 18.679179678869851, 54.297442489385269 ], [ 18.679179664401747, 54.297442488129228 ], [ 18.679179650203277, 54.297442486074438 ], [ 18.679179636403028, 54.297442483239529 ], [ 18.679179623125975, 54.297442479650172 ], [ 18.679179610492355, 54.297442475338848 ], [ 18.679179598616582, 54.297442470344635 ], [ 18.679179587606207, 54.297442464712731 ], [ 18.679179577560937, 54.297442458494153 ], [ 18.679179568571747, 54.297442451745219 ], [ 18.679179560720044, 54.297442444527064 ], [ 18.676978765765682, 54.295189063966397 ], [ 18.676978763852233, 54.295189062207122 ], [ 18.676978760292457, 54.295189062098373 ], [ 18.67254223232959, 54.295177099621064 ], [ 18.672542217723752, 54.295177099174332 ], [ 18.672542203256647, 54.295177097917502 ], [ 18.672542189059293, 54.295177095861938 ], [ 18.672542175260258, 54.295177093026254 ], [ 18.672542161984513, 54.295177089436166 ], [ 18.672542149352282, 54.295177085124159 ], [ 18.672542137477965, 54.295177080129278 ], [ 18.672542126469104, 54.295177074496777 ], [ 18.672542116425383, 54.295177068277646 ], [ 18.672542107437774, 54.295177061528221 ], [ 18.672542099587666, 54.295177054309619 ], [ 18.670341787796627, 54.292923552487316 ], [ 18.670341785883569, 54.292923550727934 ], [ 18.670341782324005, 54.292923550618994 ], [ 18.665905500831308, 54.292911344379725 ], [ 18.665905486226347, 54.292911343932197 ], [ 18.665905471760244, 54.292911342674564 ], [ 18.665905457563998, 54.292911340618225 ], [ 18.665905443766178, 54.292911337781788 ], [ 18.665905430491744, 54.292911334190975 ], [ 18.665905417860902, 54.292911329878258 ], [ 18.665905405988042, 54.292911324882731 ], [ 18.665905394980687, 54.292911319249619 ], [ 18.665905384938522, 54.292911313029933 ], [ 18.665905375952491, 54.292911306280011 ], [ 18.665905368103974, 54.292911299060982 ], [ 18.663705539408209, 54.29065767602728 ], [ 18.663705537495538, 54.290657674267791 ], [ 18.663705533936191, 54.290657674158659 ], [ 18.659269413913602, 54.290645223957902 ], [ 18.659269410352632, 54.290645224047054 ], [ 18.659269408411191, 54.290645225795728 ], [ 18.657032719104233, 54.29288639681895 ], [ 18.657032711137667, 54.292886403993577 ], [ 18.657032702041338, 54.292886410692759 ], [ 18.657032691897626, 54.292886416855765 ], [ 18.657032680798391, 54.292886422426839 ], [ 18.657032668844145, 54.292886427355491 ], [ 18.657032656143159, 54.292886431597104 ], [ 18.657032642810446, 54.292886435113246 ], [ 18.65703262896675, 54.292886437872106 ], [ 18.657032614737442, 54.292886439848665 ], [ 18.657032600251387, 54.292886441025047 ], [ 18.657032585639776, 54.292886441390579 ], [ 18.652596399324263, 54.292873745902874 ], [ 18.652596384719466, 54.292873745453726 ], [ 18.652596370253786, 54.292873744194495 ], [ 18.652596356058226, 54.292873742136578 ], [ 18.652596342261344, 54.292873739298628 ], [ 18.652596328988082, 54.292873735706351 ], [ 18.652596316358647, 54.292873731392241 ], [ 18.652596304487417, 54.292873726395413 ], [ 18.652596293481892, 54.292873720761087 ], [ 18.652596283441753, 54.292873714540299 ], [ 18.65259627445791, 54.29287370778939 ], [ 18.652596266611724, 54.292873700569501 ], [ 18.650397167608265, 54.290619835904039 ], [ 18.650397165696162, 54.290619834144344 ], [ 18.650397162136855, 54.290619834034814 ], [ 18.645961137483621, 54.290606894625526 ], [ 18.645961122879704, 54.290606894175596 ], [ 18.645961108415023, 54.290606892915569 ], [ 18.645961094220578, 54.290606890856886 ], [ 18.645961080424907, 54.290606888018154 ], [ 18.645961067152957, 54.290606884425152 ], [ 18.645961054524914, 54.290606880110353 ], [ 18.645961042655138, 54.290606875112864 ], [ 18.64596103165113, 54.290606869477941 ], [ 18.645961021612536, 54.290606863256599 ], [ 18.645961012630274, 54.2906068565052 ], [ 18.645961004785683, 54.29060684928487 ], [ 18.643762430963481, 54.288352906761403 ], [ 18.643762424328372, 54.288352899137415 ], [ 18.643762418962027, 54.288352891178953 ], [ 18.643762414913038, 54.28835288295808 ], [ 18.643762412218077, 54.288352874549275 ], [ 18.643762410901548, 54.288352866028681 ], [ 18.64376241097537, 54.288352857473441 ], [ 18.643762412438882, 54.288352848961047 ], [ 18.643762415278825, 54.288352840568592 ], [ 18.643762419469486, 54.28835283237207 ], [ 18.643762424972902, 54.28835282444571 ], [ 18.643762431739248, 54.288352816861305 ], [ 18.645999593634201, 54.286111890966097 ], [ 18.645999595283115, 54.286111889117578 ], [ 18.64599959366598, 54.28611188725948 ], [ 18.64380121384287, 54.283857900893686 ], [ 18.643801207208472, 54.283857893269698 ], [ 18.643801201842699, 54.283857885311228 ], [ 18.64380119779414, 54.283857877090362 ], [ 18.643801195099456, 54.283857868681551 ], [ 18.643801193783059, 54.283857860160957 ], [ 18.643801193856866, 54.283857851605703 ], [ 18.643801195320204, 54.283857843093294 ], [ 18.643801198159824, 54.283857834700839 ], [ 18.643801202350016, 54.283857826504303 ], [ 18.643801207852825, 54.283857818577943 ], [ 18.643801214618421, 54.283857810993531 ], [ 18.64603812978595, 54.28161688232889 ], [ 18.646038131434683, 54.281616880480371 ], [ 18.646038129817722, 54.281616878622266 ], [ 18.643839986091987, 54.279362891635401 ], [ 18.643839979458299, 54.279362884011405 ], [ 18.643839974093098, 54.279362876052943 ], [ 18.643839970044969, 54.27936286783207 ], [ 18.643839967350566, 54.279362859423266 ], [ 18.643839966034299, 54.279362850902643 ], [ 18.643839966108082, 54.279362842347389 ], [ 18.643839967571253, 54.279362833834988 ], [ 18.643839970410554, 54.279362825442519 ], [ 18.643839974600276, 54.279362817245975 ], [ 18.643839980102477, 54.279362809319601 ], [ 18.643839986867324, 54.279362801735175 ], [ 18.646076655375563, 54.277121870301258 ], [ 18.646076657024114, 54.277121868452738 ], [ 18.646076655407327, 54.277121866594634 ], [ 18.643878705570465, 54.274867835764006 ], [ 18.643878703659368, 54.274867834004212 ], [ 18.643878700101432, 54.274867833894497 ], [ 18.639444370513797, 54.274854657351199 ], [ 18.639444355915522, 54.274854656900473 ], [ 18.63944434145656, 54.274854655639665 ], [ 18.639444327267849, 54.274854653580213 ], [ 18.639444313477895, 54.274854650740757 ], [ 18.639444300211565, 54.274854647147023 ], [ 18.639444287589015, 54.274854642831542 ], [ 18.63944427572455, 54.274854637833414 ], [ 18.639444264725618, 54.274854632197886 ], [ 18.639444254691828, 54.274854625975998 ], [ 18.639444245714049, 54.274854619224087 ], [ 18.63944423787358, 54.274854612003324 ], [ 18.63724681274385, 54.272600503423 ], [ 18.63724681083314, 54.272600501663085 ], [ 18.637246807275421, 54.272600501553171 ], [ 18.632812639316089, 54.272587081272903 ], [ 18.632812635756622, 54.27258708136128 ], [ 18.632812633814918, 54.272587083109528 ], [ 18.630575493504871, 54.274827769459307 ], [ 18.630575485537221, 54.274827776632229 ], [ 18.630575476440598, 54.274827783329435 ], [ 18.630575466297397, 54.274827789490246 ], [ 18.630575455199466, 54.274827795058897 ], [ 18.630575443247317, 54.274827799984941 ], [ 18.630575430549186, 54.274827804223776 ], [ 18.630575417220069, 54.274827807737026 ], [ 18.630575403380682, 54.274827810492845 ], [ 18.630575389156345, 54.274827812466299 ], [ 18.630575374675892, 54.274827813639526 ], [ 18.630575360070448, 54.27482781400186 ], [ 18.626141126401073, 54.274814148555855 ], [ 18.626141111802966, 54.274814148103516 ], [ 18.626141097344433, 54.274814146841109 ], [ 18.626141083156408, 54.274814144780102 ], [ 18.626141069367382, 54.274814141939125 ], [ 18.626141056102238, 54.274814138343928 ], [ 18.626141043481095, 54.274814134027068 ], [ 18.626141031618257, 54.274814129027625 ], [ 18.626141020621159, 54.274814123390883 ], [ 18.626141010589386, 54.274814117167899 ], [ 18.626141001613796, 54.274814110415001 ], [ 18.62614099377566, 54.274814103193371 ], [ 18.623944297921557, 54.272559753383568 ], [ 18.623944296011416, 54.27255975162344 ], [ 18.623944292453739, 54.272559751513128 ], [ 18.619510135577606, 54.272545842101842 ], [ 18.619510132018114, 54.272545842189828 ], [ 18.619510130075849, 54.272545843937856 ], [ 18.617272271577281, 54.274786282315034 ], [ 18.61727226360733, 54.274786289487082 ], [ 18.617272254508567, 54.274786296183265 ], [ 18.617272244363395, 54.274786302342974 ], [ 18.617272233263687, 54.274786307910389 ], [ 18.617272221309968, 54.274786312835118 ], [ 18.617272208610494, 54.274786317072547 ], [ 18.617272195280268, 54.274786320584305 ], [ 18.617272181440011, 54.274786323338617 ], [ 18.617272167215063, 54.274786325310494 ], [ 18.617272152734252, 54.274786326482115 ], [ 18.617272138128715, 54.274786326842843 ], [ 18.612837830711229, 54.274772171972721 ], [ 18.61283782715153, 54.274772172060509 ], [ 18.612837825208878, 54.274772173808437 ], [ 18.610599484160318, 54.27701248671881 ], [ 18.610599476188778, 54.277012493890403 ], [ 18.610599467088445, 54.277012500586082 ], [ 18.610599456941731, 54.277012506745223 ], [ 18.610599445840531, 54.277012512312012 ], [ 18.610599433885373, 54.277012517236081 ], [ 18.610599421184531, 54.277012521472805 ], [ 18.610599407853019, 54.277012524983839 ], [ 18.610599394011576, 54.277012527737355 ], [ 18.610599379785548, 54.277012529708465 ], [ 18.610599365303766, 54.277012530879276 ], [ 18.610599350697388, 54.277012531239194 ], [ 18.606164807779937, 54.276998130605428 ], [ 18.606164804220036, 54.276998130693016 ], [ 18.606164802276997, 54.276998132440831 ], [ 18.603925978614463, 54.279238319834043 ], [ 18.603925970641335, 54.279238327005181 ], [ 18.603925961539428, 54.279238333700363 ], [ 18.603925951391176, 54.279238339858921 ], [ 18.603925940288477, 54.279238345425107 ], [ 18.603925928331879, 54.2792383503485 ], [ 18.60392591562967, 54.279238354584521 ], [ 18.603925902296879, 54.279238358094815 ], [ 18.603925888454246, 54.279238360847579 ], [ 18.603925874227137, 54.279238362817871 ], [ 18.603925859744393, 54.279238363987893 ], [ 18.603925845137169, 54.279238364347002 ], [ 18.599491066788055, 54.279223717909929 ], [ 18.599491063227951, 54.279223717997326 ], [ 18.599491061284521, 54.279223719745026 ], [ 18.597251712001256, 54.281463824525261 ], [ 18.597251710350349, 54.28146382637312 ], [ 18.597251711965104, 54.281463828231864 ], [ 18.599447419354519, 54.283718659168137 ], [ 18.599447425980689, 54.283718666794549 ], [ 18.599447431337886, 54.283718674754979 ], [ 18.599447435377591, 54.283718682977302 ], [ 18.599447438063226, 54.283718691387087 ], [ 18.599447439370469, 54.283718699908171 ], [ 18.59944743928747, 54.283718708463375 ], [ 18.599447437814998, 54.283718716975208 ], [ 18.599447434966372, 54.283718725366619 ], [ 18.599447430767402, 54.283718733561599 ], [ 18.599447425256109, 54.28371874148592 ], [ 18.599447418482402, 54.28371874906783 ], [ 18.597207864756481, 54.285958807979881 ], [ 18.597207863105389, 54.285958809827726 ], [ 18.597207864720321, 54.285958811686477 ], [ 18.599403849648212, 54.288213685377862 ], [ 18.599403851558026, 54.288213687138381 ], [ 18.599403855116982, 54.28821368724941 ], [ 18.603839599086612, 54.288228338506535 ], [ 18.6038396136892, 54.288228338961581 ], [ 18.603839628151736, 54.288228340226652 ], [ 18.603839642343239, 54.288228342290296 ], [ 18.60383965613519, 54.28822834513381 ], [ 18.603839669402689, 54.288228348731472 ], [ 18.60383968202558, 54.288228353050648 ], [ 18.603839693889551, 54.288228358052287 ], [ 18.603839704887161, 54.28822836369104 ], [ 18.603839714918813, 54.288228369915878 ], [ 18.603839723893653, 54.288228376670411 ], [ 18.60383973173041, 54.288228383893468 ], [ 18.60603611537379, 54.290483050323246 ], [ 18.606036122002259, 54.290483057949281 ], [ 18.606036127361598, 54.290483065909413 ], [ 18.606036131403275, 54.290483074131515 ], [ 18.606036134090687, 54.290483082541144 ], [ 18.606036135399492, 54.29048309106215 ], [ 18.606036135317844, 54.290483099617347 ], [ 18.606036133846477, 54.290483108129266 ], [ 18.606036130998721, 54.290483116520818 ], [ 18.606036126800362, 54.290483124716012 ], [ 18.606036121289421, 54.290483132640624 ], [ 18.606036114515806, 54.290483140222896 ], [ 18.603796591845907, 54.292723275981324 ], [ 18.603796583870139, 54.292723283152434 ], [ 18.60379657476523, 54.292723289847572 ], [ 18.603796564613631, 54.292723296006109 ], [ 18.60379655350728, 54.292723301572259 ], [ 18.603796541546757, 54.292723306495624 ], [ 18.603796528840377, 54.292723310731624 ], [ 18.603796515503209, 54.292723314241869 ], [ 18.603796501656042, 54.292723316994604 ], [ 18.603796487424276, 54.292723318964889 ], [ 18.603796472936796, 54.292723320134861 ], [ 18.603796458324801, 54.292723320493955 ], [ 18.599360231346356, 54.292708666826009 ], [ 18.59936022778508, 54.292708666913406 ], [ 18.599360225841011, 54.292708668661099 ], [ 18.597120134195944, 54.294948764702141 ], [ 18.597120132544489, 54.294948766549979 ], [ 18.597120134159763, 54.294948768408737 ], [ 18.599316548022859, 54.297203597898154 ], [ 18.599316554651157, 54.297203605524558 ], [ 18.599316560010067, 54.297203613484953 ], [ 18.599316564051055, 54.297203621707304 ], [ 18.599316566737528, 54.297203630117068 ], [ 18.59931656804515, 54.297203638638123 ], [ 18.599316567962092, 54.297203647193307 ], [ 18.599316566489094, 54.297203655705125 ], [ 18.599316563639498, 54.2972036640965 ], [ 18.599316559439114, 54.297203672291452 ], [ 18.599316553925981, 54.297203680215745 ], [ 18.599316547150025, 54.297203687797634 ], [ 18.59707625087125, 54.29944373797013 ], [ 18.597076249219615, 54.29944373981796 ], [ 18.597076250835059, 54.299443741676711 ], [ 18.599272900317377, 54.301698570684529 ], [ 18.599272906946386, 54.30169857831094 ], [ 18.599272912305864, 54.301698586271357 ], [ 18.599272916347282, 54.301698594493679 ], [ 18.599272919034032, 54.301698602903443 ], [ 18.599272920341786, 54.301698611424499 ], [ 18.599272920258699, 54.301698619979675 ], [ 18.59927291878553, 54.301698628491486 ], [ 18.599272915935611, 54.301698636882854 ], [ 18.599272911734754, 54.301698645077799 ], [ 18.59927290622101, 54.301698653002099 ], [ 18.599272899444305, 54.301698660583959 ], [ 18.597032398477527, 54.303938664888634 ], [ 18.597032390498409, 54.303938672059282 ], [ 18.597032381389919, 54.303938678753902 ], [ 18.597032371234548, 54.303938684911856 ], [ 18.59703236012426, 54.303938690477345 ], [ 18.597032348159676, 54.303938695400035 ], [ 18.597032335449143, 54.303938699635296 ], [ 18.597032322107776, 54.303938703144794 ], [ 18.597032308256395, 54.303938705896741 ], [ 18.597032294020437, 54.303938707866202 ], [ 18.597032279528833, 54.30393870903535 ], [ 18.597032264912809, 54.303938709393634 ], [ 18.592594920927265, 54.303923805144287 ], [ 18.592594906319249, 54.303923804687855 ], [ 18.592594891851569, 54.303923803421434 ], [ 18.592594877655241, 54.303923801356468 ], [ 18.592594863858828, 54.303923798511661 ], [ 18.592594850587279, 54.303923794912777 ], [ 18.592594837960778, 54.303923790592421 ], [ 18.59259482609367, 54.303923785589696 ], [ 18.592594815093435, 54.303923779949912 ], [ 18.592594805059679, 54.303923773724165 ], [ 18.592594796083279, 54.303923766968801 ], [ 18.592594788245528, 54.303923759745025 ], [ 18.590398386484033, 54.301668810402774 ], [ 18.590398384573984, 54.301668808642141 ], [ 18.590398381013895, 54.301668808530835 ], [ 18.585961199724174, 54.301653660404931 ], [ 18.585961185117046, 54.301653659947718 ], [ 18.585961170650364, 54.301653658680493 ], [ 18.585961156455156, 54.301653656614739 ], [ 18.585961142659965, 54.301653653769172 ], [ 18.585961129389723, 54.301653650169577 ], [ 18.585961116764611, 54.301653645848518 ], [ 18.585961104898967, 54.301653640845139 ], [ 18.585961093900242, 54.301653635204758 ], [ 18.585961083868042, 54.301653628978443 ], [ 18.585961074893223, 54.301653622222602 ], [ 18.585961067057063, 54.301653614998401 ], [ 18.583765148631091, 54.2993985448907 ], [ 18.583765146721429, 54.299398543129954 ], [ 18.583765143161553, 54.299398543018462 ], [ 18.579328124641236, 54.299383151044438 ], [ 18.579328121079346, 54.299383151131231 ], [ 18.579328119134114, 54.299383152878605 ], [ 18.577086620837093, 54.301622828774697 ], [ 18.577086612854966, 54.30162283594403 ], [ 18.577086603743762, 54.30162284263713 ], [ 18.577086593585992, 54.3016228487934 ], [ 18.577086582473648, 54.301622854357078 ], [ 18.577086570507369, 54.301622859277778 ], [ 18.577086557795518, 54.301622863510929 ], [ 18.577086544453216, 54.301622867018217 ], [ 18.577086530601296, 54.301622869767883 ], [ 18.577086516365195, 54.301622871734985 ], [ 18.57708650187385, 54.30162287290176 ], [ 18.577086487258491, 54.3016228732576 ], [ 18.572649318470294, 54.301607235493691 ], [ 18.572649314908205, 54.301607235580285 ], [ 18.572649312962582, 54.301607237327552 ], [ 18.570407331334685, 54.303846787392615 ], [ 18.570407323350963, 54.303846794561494 ], [ 18.570407314238189, 54.303846801254082 ], [ 18.570407304078877, 54.303846807409791 ], [ 18.570407292965037, 54.303846812972836 ], [ 18.570407280997316, 54.303846817892868 ], [ 18.570407268284093, 54.303846822125323 ], [ 18.570407254940509, 54.303846825631858 ], [ 18.570407241087398, 54.303846828380742 ], [ 18.570407226850222, 54.303846830347076 ], [ 18.57040721235791, 54.303846831513027 ], [ 18.570407197741705, 54.303846831868064 ], [ 18.565969793672515, 54.30383094798102 ], [ 18.56596979011022, 54.303830948067414 ], [ 18.56596978816421, 54.303830949814575 ], [ 18.56372728013816, 54.306070416940486 ], [ 18.563727278484759, 54.306070418787868 ], [ 18.563727280098963, 54.30607042064706 ], [ 18.565922454375286, 54.308325851601431 ], [ 18.565922460999179, 54.308325859229654 ], [ 18.565922466353069, 54.30832586719152 ], [ 18.565922470388472, 54.308325875414937 ], [ 18.565922473068845, 54.308325883825439 ], [ 18.565922474369913, 54.308325892346829 ], [ 18.565922474279891, 54.308325900901956 ], [ 18.565922472799596, 54.308325909413334 ], [ 18.565922469942436, 54.308325917803899 ], [ 18.565922465734278, 54.308325925997657 ], [ 18.56592246021324, 54.308325933920408 ], [ 18.565922453429323, 54.308325941500378 ], [ 18.563679740153209, 54.310565362666544 ], [ 18.56367973849963, 54.31056536451392 ], [ 18.563679740114001, 54.310565366373119 ], [ 18.565875149666535, 54.312820796945466 ], [ 18.565875156291131, 54.312820804573683 ], [ 18.565875161645593, 54.312820812535556 ], [ 18.565875165681422, 54.312820820758972 ], [ 18.565875168362073, 54.312820829169453 ], [ 18.565875169663265, 54.312820837690836 ], [ 18.565875169573218, 54.312820846245963 ], [ 18.565875168092749, 54.312820854757341 ], [ 18.565875165235258, 54.312820863147891 ], [ 18.565875161026632, 54.31282087134165 ], [ 18.565875155504983, 54.312820879264386 ], [ 18.565875148720309, 54.312820886844349 ], [ 18.563632230139625, 54.31506026205151 ], [ 18.563632222152549, 54.315060269219913 ], [ 18.56363221303619, 54.315060275911975 ], [ 18.563632202873098, 54.31506028206708 ], [ 18.563632191755318, 54.3150602876295 ], [ 18.563632179783532, 54.315060292548836 ], [ 18.563632167066157, 54.315060296780565 ], [ 18.56363215371837, 54.315060300286341 ], [ 18.563632139861042, 54.315060303034443 ], [ 18.563632125619669, 54.315060304999953 ], [ 18.56363211112323, 54.315060306165094 ], [ 18.563632096503, 54.315060306519285 ], [ 18.559193575152712, 54.315044171470497 ], [ 18.55919356054115, 54.315044171010037 ], [ 18.55919354607062, 54.315044169739593 ], [ 18.559193531872161, 54.315044167670699 ], [ 18.559193518074363, 54.315044164822055 ], [ 18.55919350480217, 54.315044161219518 ], [ 18.55919349217579, 54.315044156895667 ], [ 18.559193480309563, 54.315044151889666 ], [ 18.559193469310951, 54.315044146246855 ], [ 18.559193459279559, 54.31504414001833 ], [ 18.559193450306235, 54.315044133260521 ], [ 18.559193442472239, 54.315044126034607 ], [ 18.556998281303521, 54.312788575181727 ], [ 18.556998279394389, 54.312788573420583 ], [ 18.556998275833433, 54.312788573308275 ], [ 18.55255991781944, 54.312772194363909 ], [ 18.552559903208767, 54.312772193902646 ], [ 18.552559888739243, 54.312772192631414 ], [ 18.552559874541899, 54.312772190561731 ], [ 18.552559860745323, 54.312772187712355 ], [ 18.552559847474448, 54.312772184109079 ], [ 18.552559834849458, 54.312772179784524 ], [ 18.552559822984691, 54.312772174777876 ], [ 18.552559811987592, 54.312772169134462 ], [ 18.552559801957759, 54.312772162905382 ], [ 18.552559792986017, 54.312772156147076 ], [ 18.552559785153619, 54.312772148920736 ], [ 18.550365107640019, 54.310516477455941 ], [ 18.550365105731274, 54.310516475694669 ], [ 18.550365102170534, 54.310516475582176 ], [ 18.545926907566312, 54.310499852770725 ], [ 18.545926904003402, 54.310499852856523 ], [ 18.54592690205623, 54.310499854603357 ], [ 18.543682986466106, 54.31273890083984 ], [ 18.543682978476024, 54.312738908006921 ], [ 18.543682969356951, 54.312738914697476 ], [ 18.543682959191468, 54.312738920850904 ], [ 18.543682948071634, 54.31273892641147 ], [ 18.543682936098158, 54.31273893132883 ], [ 18.543682923379464, 54.312738935558457 ], [ 18.543682910030743, 54.312738939062022 ], [ 18.543682896172882, 54.312738941807822 ], [ 18.543682881931375, 54.312738943770988 ], [ 18.543682867435201, 54.312738944933727 ], [ 18.543682852815635, 54.312738945285503 ], [ 18.539244508309718, 54.31272207650958 ], [ 18.539244504746602, 54.3127220765952 ], [ 18.53924450279904, 54.312722078341899 ], [ 18.537000103558817, 54.314960998495103 ], [ 18.537000095567144, 54.314961005661736 ], [ 18.537000086446497, 54.314961012351773 ], [ 18.537000076279469, 54.314961018504633 ], [ 18.537000065158136, 54.31496102406458 ], [ 18.537000053183217, 54.314961028981273 ], [ 18.537000040463159, 54.314961033210189 ], [ 18.537000027113155, 54.314961036713015 ], [ 18.537000013254104, 54.314961039458055 ], [ 18.536999999011517, 54.314961041420425 ], [ 18.536999984514377, 54.314961042582361 ], [ 18.536999969893973, 54.314961042933319 ], [ 18.532561390450926, 54.314943927836111 ], [ 18.532561386887604, 54.314943927921519 ], [ 18.532561384939658, 54.314943929668132 ], [ 18.530316458935815, 54.31718276661779 ], [ 18.530316457280474, 54.317182768464704 ], [ 18.530316458893598, 54.317182770324344 ], [ 18.532510390268264, 54.319438802473528 ], [ 18.532510396887741, 54.319438810103556 ], [ 18.5325104022366, 54.319438818066885 ], [ 18.532510406266411, 54.319438826291389 ], [ 18.53251040894067, 54.319438834702595 ], [ 18.532510410235169, 54.319438843224326 ], [ 18.53251041013818, 54.319438851779388 ], [ 18.532510408650577, 54.319438860290347 ], [ 18.532510405785839, 54.319438868680081 ], [ 18.532510401569908, 54.319438876872645 ], [ 18.532510396040966, 54.319438884793819 ], [ 18.532510389249072, 54.319438892371885 ], [ 18.530265257378261, 54.32167768327038 ], [ 18.530265255722739, 54.321677685117287 ], [ 18.530265257336033, 54.321677686976926 ], [ 18.53245942364266, 54.32393371884357 ], [ 18.53245943026284, 54.323933726473612 ], [ 18.532459435612271, 54.323933734436928 ], [ 18.532459439642505, 54.323933742661445 ], [ 18.532459442317045, 54.32393375107263 ], [ 18.532459443611668, 54.323933759594354 ], [ 18.532459443514647, 54.323933768149416 ], [ 18.53245944202687, 54.323933776660354 ], [ 18.532459439161805, 54.32393378505008 ], [ 18.532459434945398, 54.323933793242645 ], [ 18.532459429415834, 54.323933801163811 ], [ 18.532459422623191, 54.32393380874187 ], [ 18.530214041771387, 54.326172596520003 ], [ 18.530214040115681, 54.326172598366924 ], [ 18.530214041729145, 54.326172600226549 ], [ 18.53240844303151, 54.328428631811057 ], [ 18.532408449652397, 54.328428639441086 ], [ 18.532408455002397, 54.328428647404408 ], [ 18.532408459033054, 54.328428655628919 ], [ 18.532408461707867, 54.328428664040111 ], [ 18.532408463002618, 54.328428672561806 ], [ 18.532408462905572, 54.328428681116876 ], [ 18.532408461417617, 54.328428689627813 ], [ 18.532408458552222, 54.328428698017525 ], [ 18.532408454335339, 54.328428706210076 ], [ 18.532408448805157, 54.328428714131235 ], [ 18.532408442011757, 54.328428721709294 ], [ 18.530162855174041, 54.330667463436797 ], [ 18.530162847178122, 54.330667470602954 ], [ 18.530162838052878, 54.330667477292444 ], [ 18.530162827880943, 54.330667483444699 ], [ 18.530162816754444, 54.330667489004007 ], [ 18.530162804774143, 54.330667493919989 ], [ 18.530162792048529, 54.330667498148159 ], [ 18.530162778692851, 54.330667501650218 ], [ 18.530162764828066, 54.330667504394448 ], [ 18.530162750579727, 54.330667506355979 ], [ 18.530162736076875, 54.330667507517077 ], [ 18.530162721450846, 54.330667507867219 ], [ 18.525722455209387, 54.33065013783412 ], [ 18.525722451644693, 54.330650137919314 ], [ 18.525722449695714, 54.330650139665806 ], [ 18.523476335622689, 54.332888798077711 ], [ 18.523476327625175, 54.332888805243428 ], [ 18.523476318498354, 54.332888811932413 ], [ 18.523476308324877, 54.332888818084086 ], [ 18.523476297196879, 54.332888823642783 ], [ 18.523476285215136, 54.332888828558097 ], [ 18.52347627248815, 54.332888832785557 ], [ 18.523476259131193, 54.332888836286862 ], [ 18.523476245265218, 54.332888839030325 ], [ 18.523476231015795, 54.332888840991075 ], [ 18.523476216511977, 54.332888842151355 ], [ 18.523476201885106, 54.33288884250068 ], [ 18.51903578580324, 54.332871226284531 ], [ 18.519035771185845, 54.332871225819197 ], [ 18.519035756710323, 54.332871224543936 ], [ 18.519035742507775, 54.33287122247031 ], [ 18.519035728706818, 54.33287121961709 ], [ 18.519035715432434, 54.332871216010133 ], [ 18.519035702804842, 54.33287121168209 ], [ 18.519035690938399, 54.332871206672145 ], [ 18.519035679940561, 54.332871201025696 ], [ 18.519035669910938, 54.332871194793867 ], [ 18.51903566094035, 54.332871188033081 ], [ 18.519035653110045, 54.332871180804588 ], [ 18.51684175017332, 54.330614908738596 ], [ 18.51684174826509, 54.330614906976813 ], [ 18.51684174470271, 54.330614906863325 ], [ 18.512401407641036, 54.33059704634509 ], [ 18.512401404076325, 54.330597046429908 ], [ 18.512401402126784, 54.330597048176173 ], [ 18.510154568959088, 54.332835457126443 ], [ 18.510154560959275, 54.332835464291264 ], [ 18.510154551830311, 54.332835470979241 ], [ 18.510154541654863, 54.332835477129791 ], [ 18.510154530525092, 54.332835482687237 ], [ 18.510154518541782, 54.332835487601237 ], [ 18.51015450581346, 54.332835491827289 ], [ 18.510154492455392, 54.332835495327117 ], [ 18.510154478588561, 54.332835498069052 ], [ 18.510154464338534, 54.332835500028217 ], [ 18.510154449834367, 54.332835501186899 ], [ 18.510154435207415, 54.332835501534618 ], [ 18.505714033652403, 54.332817395145078 ], [ 18.505714019035185, 54.332817394678116 ], [ 18.505714004560108, 54.332817393401271 ], [ 18.505713990358259, 54.332817391326074 ], [ 18.505713976558248, 54.332817388471327 ], [ 18.505713963285061, 54.332817384862906 ], [ 18.50571395065889, 54.332817380533477 ], [ 18.505713938794088, 54.332817375522232 ], [ 18.505713927798102, 54.332817369874569 ], [ 18.50571391777051, 54.332817363641617 ], [ 18.505713908802129, 54.332817356879865 ], [ 18.505713900974172, 54.332817349650512 ], [ 18.503520731653854, 54.330560836944052 ], [ 18.503520729746196, 54.330560835182048 ], [ 18.503520726183861, 54.330560835068177 ], [ 18.499080488991183, 54.33054248475333 ], [ 18.49908047437485, 54.330542484285559 ], [ 18.499080459900782, 54.33054248300791 ], [ 18.499080445700052, 54.330542480931939 ], [ 18.49908043190127, 54.330542478076453 ], [ 18.499080418629397, 54.330542474467293 ], [ 18.499080406004627, 54.330542470137168 ], [ 18.499080394141288, 54.330542465125269 ], [ 18.499080383146818, 54.330542459476995 ], [ 18.499080373120783, 54.330542453243517 ], [ 18.499080364153986, 54.330542446481267 ], [ 18.499080356327628, 54.330542439251467 ], [ 18.496887713216609, 54.328285849452321 ], [ 18.49688770660233, 54.32828584182036 ], [ 18.496887701259226, 54.328285833855475 ], [ 18.496887697235678, 54.328285825629806 ], [ 18.496887694568123, 54.328285817217846 ], [ 18.496887693280723, 54.328285808695767 ], [ 18.496887693385137, 54.328285800140748 ], [ 18.496887694880421, 54.328285791630279 ], [ 18.496887697753028, 54.328285783241412 ], [ 18.496887701976949, 54.328285775050119 ], [ 18.496887707513924, 54.328285767130595 ], [ 18.496887714313818, 54.328285759554568 ], [ 18.499135016792884, 54.326047596961239 ], [ 18.499135018449973, 54.326047595114765 ], [ 18.499135016837915, 54.326047593254714 ], [ 18.496942566200989, 54.323790959999712 ], [ 18.496942559587417, 54.323790952367744 ], [ 18.496942554244875, 54.323790944402866 ], [ 18.49694255022175, 54.323790936177183 ], [ 18.496942547554472, 54.323790927765231 ], [ 18.496942546267196, 54.32379091924313 ], [ 18.496942546371582, 54.323790910688111 ], [ 18.496942547866684, 54.323790902177635 ], [ 18.496942550738961, 54.323790893788761 ], [ 18.496942554962402, 54.323790885597454 ], [ 18.496942560498763, 54.323790877677936 ], [ 18.496942567297896, 54.323790870101895 ], [ 18.499189620270286, 54.321552704284898 ], [ 18.499189621927194, 54.32155270243841 ], [ 18.499189620315306, 54.321552700578351 ], [ 18.496997404137637, 54.319296067139412 ], [ 18.496997397524773, 54.319296059507451 ], [ 18.496997392182799, 54.31929605154258 ], [ 18.496997388160093, 54.319296043316889 ], [ 18.496997385493088, 54.319296034904916 ], [ 18.496997384205937, 54.319296026382837 ], [ 18.496997384310294, 54.319296017827803 ], [ 18.496997385805212, 54.319296009317306 ], [ 18.496997388677162, 54.319296000928439 ], [ 18.496997392900127, 54.319295992737132 ], [ 18.496997398435866, 54.319295984817593 ], [ 18.496997405234247, 54.319295977241545 ], [ 18.499244208769124, 54.317057808201099 ], [ 18.499244210425847, 54.317057806354612 ], [ 18.49924420881413, 54.317057804494574 ], [ 18.497052185001472, 54.314801127598187 ], [ 18.497052183094812, 54.314801125836091 ], [ 18.49705217953386, 54.31480112572202 ], [ 18.492613558495002, 54.314782540689478 ], [ 18.492613554931619, 54.31478254077372 ], [ 18.492613552981993, 54.314782542519673 ], [ 18.490366515117795, 54.317020588408894 ], [ 18.490366507117638, 54.317020595572401 ], [ 18.49036649798899, 54.317020602258907 ], [ 18.490366487814523, 54.317020608407816 ], [ 18.490366476686376, 54.317020613963443 ], [ 18.490366464705328, 54.317020618875496 ], [ 18.490366451979884, 54.317020623099481 ], [ 18.490366438625284, 54.317020626597127 ], [ 18.490366424762474, 54.317020629336803 ], [ 18.490366410516994, 54.317020631293651 ], [ 18.490366396017851, 54.317020632449989 ], [ 18.49036638139636, 54.317020632795298 ], [ 18.485927611207, 54.317001801641098 ], [ 18.485927607643415, 54.317001801725119 ], [ 18.485927605693394, 54.317001803470966 ], [ 18.483680084067981, 54.319239722935329 ], [ 18.483680076066232, 54.319239730098396 ], [ 18.48368006693601, 54.319239736784382 ], [ 18.483680056759997, 54.31923974293273 ], [ 18.483680045630354, 54.319239748487732 ], [ 18.483680033647868, 54.31923975339911 ], [ 18.483680020921057, 54.319239757622384 ], [ 18.483680007565177, 54.319239761119299 ], [ 18.483679993701177, 54.319239763858185 ], [ 18.483679979454617, 54.319239765814245 ], [ 18.483679964954511, 54.319239766969766 ], [ 18.483679950332181, 54.319239767314286 ], [ 18.479240945949019, 54.319220689644048 ], [ 18.479240942385232, 54.319220689727878 ], [ 18.479240940434831, 54.319220691473625 ], [ 18.476992934984704, 54.321458484462603 ], [ 18.476992926981364, 54.321458491625229 ], [ 18.476992917849564, 54.321458498310712 ], [ 18.476992907672013, 54.321458504458469 ], [ 18.476992896540871, 54.321458510012874 ], [ 18.476992884556942, 54.321458514923577 ], [ 18.476992871828767, 54.321458519146134 ], [ 18.476992858471604, 54.32145852264231 ], [ 18.476992844606421, 54.321458525380415 ], [ 18.476992830358782, 54.321458527335686 ], [ 18.476992815857713, 54.32145852849041 ], [ 18.476992801234545, 54.321458528834107 ], [ 18.472553562726826, 54.321439204608318 ], [ 18.472553559162829, 54.321439204691949 ], [ 18.472553557212041, 54.321439206437574 ], [ 18.470305067873745, 54.323676872900698 ], [ 18.47030505986881, 54.32367688006287 ], [ 18.470305050735437, 54.323676886747826 ], [ 18.47030504055634, 54.32367689289503 ], [ 18.470305029423702, 54.323676898448788 ], [ 18.470305017438339, 54.323676903358837 ], [ 18.470305004708795, 54.323676907580683 ], [ 18.470304991350346, 54.323676911076113 ], [ 18.470304977483977, 54.323676913813465 ], [ 18.470304963235257, 54.32367691576794 ], [ 18.470304948733229, 54.323676916921848 ], [ 18.470304934109226, 54.323676917264734 ], [ 18.465865461546233, 54.323657346443838 ], [ 18.465865457982034, 54.32365734652727 ], [ 18.465865456030858, 54.323657348272789 ], [ 18.463616482740953, 54.325894888159553 ], [ 18.463616474734426, 54.325894895321277 ], [ 18.463616465599475, 54.325894902005714 ], [ 18.463616455418837, 54.32589490815235 ], [ 18.4636164442847, 54.325894913705497 ], [ 18.463616432297897, 54.325894918614871 ], [ 18.463616419566989, 54.325894922836007 ], [ 18.463616406207258, 54.325894926330697 ], [ 18.463616392339702, 54.32589492906726 ], [ 18.463616378089906, 54.325894931020954 ], [ 18.463616363586912, 54.325894932174052 ], [ 18.46361634896207, 54.325894932516128 ], [ 18.459176642413141, 54.325875115060605 ], [ 18.459176638848742, 54.325875115143852 ], [ 18.459176636897173, 54.325875116889257 ], [ 18.456927179592249, 54.32811253014912 ], [ 18.45692717158413, 54.328112537310403 ], [ 18.456927162447606, 54.328112543994337 ], [ 18.456927152265422, 54.328112550140403 ], [ 18.456927141129785, 54.328112555692918 ], [ 18.456927129141548, 54.328112560601625 ], [ 18.456927116409268, 54.32811256482205 ], [ 18.456927103048258, 54.328112568315987 ], [ 18.456927089179519, 54.32811257105179 ], [ 18.45692707492864, 54.328112573004681 ], [ 18.456927060424686, 54.328112574156968 ], [ 18.456927045799002, 54.328112574498235 ], [ 18.452487105333528, 54.32809251036857 ], [ 18.45248710176892, 54.328092510451611 ], [ 18.452487099816967, 54.328092512196918 ], [ 18.450237115286882, 54.330329841680715 ], [ 18.450237113627431, 54.330329843526521 ], [ 18.450237115237446, 54.330329845387197 ], [ 18.452427348184244, 54.332587319426857 ], [ 18.452427354790959, 54.332587327061233 ], [ 18.452427360126013, 54.332587335028059 ], [ 18.452427364141091, 54.332587343255184 ], [ 18.452427366799832, 54.332587351668103 ], [ 18.452427368078165, 54.332587360190637 ], [ 18.452427367964503, 54.332587368745578 ], [ 18.452427366459887, 54.332587377255471 ], [ 18.452427363577929, 54.332587385643251 ], [ 18.452427359344739, 54.332587393832945 ], [ 18.452427353798651, 54.332587401750416 ], [ 18.452427346989889, 54.332587409323899 ], [ 18.450177155304143, 54.334824692536699 ], [ 18.450177153644507, 54.334824694382498 ], [ 18.450177155254689, 54.334824696243196 ], [ 18.452367664118199, 54.33708221352596 ], [ 18.452367666023967, 54.337082215288767 ], [ 18.452367669586714, 54.337082215404152 ], [ 18.456808578474682, 54.337102286140443 ], [ 18.456808593092823, 54.33710228661333 ], [ 18.456808607567847, 54.337102287896059 ], [ 18.456808621768669, 54.337102289976997 ], [ 18.456808635566681, 54.337102292837329 ], [ 18.45680864883693, 54.337102296451114 ], [ 18.456808661459235, 54.337102300785652 ], [ 18.456808673319287, 54.337102305801693 ], [ 18.456808684309681, 54.337102311453791 ], [ 18.456808694330885, 54.337102317690771 ], [ 18.456808703292143, 54.337102324456154 ], [ 18.456808711112306, 54.337102331688655 ], [ 18.458999620302787, 54.339359642285032 ], [ 18.458999626911798, 54.339359649919032 ], [ 18.45899963224899, 54.339359657885559 ], [ 18.458999636266036, 54.339359666112472 ], [ 18.458999638926549, 54.339359674525234 ], [ 18.458999640206439, 54.339359683047697 ], [ 18.458999640094117, 54.339359691602638 ], [ 18.458999638590594, 54.33935970011261 ], [ 18.458999635709493, 54.339359708500531 ], [ 18.458999631476903, 54.33935971669046 ], [ 18.458999625931153, 54.339359724608208 ], [ 18.458999619122469, 54.339359732182082 ], [ 18.456749411109875, 54.341597135396263 ], [ 18.456749409450257, 54.34159713724214 ], [ 18.456749411061004, 54.341597139102753 ], [ 18.458940638389219, 54.343854536207878 ], [ 18.45894064029558, 54.343854537970579 ], [ 18.458940643858934, 54.343854538085772 ], [ 18.463382287530742, 54.343874368594626 ], [ 18.463382302151366, 54.343874369066718 ], [ 18.463382316628977, 54.343874370348644 ], [ 18.46338233083247, 54.343874372428829 ], [ 18.46338234463321, 54.343874375288401 ], [ 18.463382357906216, 54.343874378901475 ], [ 18.463382370531285, 54.343874383235324 ], [ 18.463382382394087, 54.343874388250718 ], [ 18.463382393387185, 54.343874393902226 ], [ 18.463382403411028, 54.343874400138652 ], [ 18.463382412374838, 54.343874406903538 ], [ 18.463382420197433, 54.343874414135612 ], [ 18.465574048027495, 54.346131604489251 ], [ 18.465574054638807, 54.34613161212291 ], [ 18.465574059978142, 54.346131620089132 ], [ 18.465574063997149, 54.346131628315817 ], [ 18.465574066659439, 54.34613163672843 ], [ 18.465574067940889, 54.346131645250814 ], [ 18.465574067829905, 54.346131653805756 ], [ 18.465574066327484, 54.346131662315813 ], [ 18.465574063447235, 54.346131670703869 ], [ 18.465574059215246, 54.346131678894032 ], [ 18.46557405366984, 54.346131686812058 ], [ 18.465574046861231, 54.346131694386294 ], [ 18.463323865864332, 54.348369174727758 ], [ 18.463323857853361, 54.348369181889424 ], [ 18.463323848713358, 54.348369188573812 ], [ 18.463323838527099, 54.348369194720391 ], [ 18.463323827386827, 54.348369200273467 ], [ 18.463323815393434, 54.348369205182777 ], [ 18.46332380265553, 54.348369209403856 ], [ 18.463323789288477, 54.348369212898476 ], [ 18.463323775413325, 54.348369215634982 ], [ 18.463323761155735, 54.348369217588605 ], [ 18.463323746644818, 54.348369218741659 ], [ 18.46332373201199, 54.348369219083672 ], [ 18.458881603727132, 54.348349385309717 ], [ 18.458881600160787, 54.348349385392943 ], [ 18.458881598208134, 54.348349387138349 ], [ 18.456630889384211, 54.350586783655395 ], [ 18.456630881371645, 54.350586790816614 ], [ 18.456630872230065, 54.350586797500483 ], [ 18.456630862042257, 54.350586803646479 ], [ 18.456630850900488, 54.350586809198944 ], [ 18.456630838905653, 54.350586814107587 ], [ 18.456630826166382, 54.350586818327955 ], [ 18.456630812798046, 54.350586821821821 ], [ 18.456630798921708, 54.350586824557567 ], [ 18.456630784663034, 54.350586826510387 ], [ 18.456630770151158, 54.350586827662617 ], [ 18.456630755517491, 54.350586828003827 ], [ 18.452188392998867, 54.350566747352197 ], [ 18.452188389432315, 54.350566747435224 ], [ 18.452188387479278, 54.350566749180516 ], [ 18.449937193912294, 54.352804018915897 ], [ 18.449937185898136, 54.352804026076662 ], [ 18.449937176754975, 54.352804032760012 ], [ 18.449937166565622, 54.352804038905461 ], [ 18.449937155422351, 54.352804044457287 ], [ 18.449937143426077, 54.352804049365261 ], [ 18.449937130685438, 54.352804053584912 ], [ 18.44993711731582, 54.352804057078039 ], [ 18.449937103438291, 54.35280405981301 ], [ 18.449937089178537, 54.352804061765049 ], [ 18.449937074665698, 54.352804062916469 ], [ 18.449937060031193, 54.352804063256862 ], [ 18.445494463348371, 54.352783735687986 ], [ 18.445494459781617, 54.352783735770821 ], [ 18.44549445782819, 54.352783737515999 ], [ 18.443242779454675, 54.355020880419133 ], [ 18.443242771438918, 54.35502088757945 ], [ 18.443242762294187, 54.355020894262289 ], [ 18.443242752103284, 54.355020900407148 ], [ 18.443242740958514, 54.355020905958376 ], [ 18.443242728960797, 54.355020910865662 ], [ 18.443242716218791, 54.355020915084609 ], [ 18.443242702847886, 54.355020918576997 ], [ 18.443242688969175, 54.355020921311187 ], [ 18.44324267470834, 54.35502092326243 ], [ 18.443242660194535, 54.355020924413054 ], [ 18.443242645559195, 54.35502092475263 ], [ 18.438799814781792, 54.355000350226966 ], [ 18.438799811214832, 54.355000350309595 ], [ 18.438799809261017, 54.355000352054667 ], [ 18.436547602828156, 54.357237410971095 ], [ 18.436547601167003, 54.357237412816694 ], [ 18.436547602777441, 54.357237414677563 ], [ 18.438738504353847, 54.359495128713348 ], [ 18.438738510962299, 54.359495136348443 ], [ 18.438738516298148, 54.359495144315844 ], [ 18.438738520313073, 54.359495152543388 ], [ 18.43873852297072, 54.359495160956577 ], [ 18.438738524247015, 54.359495169479196 ], [ 18.438738524130393, 54.359495178034088 ], [ 18.438738522621929, 54.359495186543768 ], [ 18.438738519735267, 54.359495194931171 ], [ 18.438738515496549, 54.359495203120339 ], [ 18.438738509944177, 54.359495211037114 ], [ 18.43873850312842, 54.359495218609787 ], [ 18.436486088968579, 54.361732231217246 ], [ 18.436486087307237, 54.361732233062838 ], [ 18.436486088917846, 54.361732234923707 ], [ 18.438677224582605, 54.363989948956124 ], [ 18.438677231191761, 54.363989956591212 ], [ 18.438677236528179, 54.363989964558606 ], [ 18.438677240543523, 54.36398997278615 ], [ 18.43867724320144, 54.363989981199332 ], [ 18.438677244477855, 54.363989989721965 ], [ 18.438677244361205, 54.363989998276836 ], [ 18.438677242852552, 54.363990006786509 ], [ 18.438677239965557, 54.363990015173911 ], [ 18.43867723572636, 54.363990023363066 ], [ 18.438677230173361, 54.363990031279826 ], [ 18.438677223356844, 54.363990038852492 ], [ 18.436424558215659, 54.366227048047641 ], [ 18.436424556554133, 54.366227049893226 ], [ 18.436424558164912, 54.366227051754095 ], [ 18.438615927981484, 54.368484765783585 ], [ 18.438615934591347, 54.368484773418679 ], [ 18.438615939928326, 54.368484781386073 ], [ 18.43861594394409, 54.368484789613618 ], [ 18.438615946602276, 54.368484798026792 ], [ 18.438615947878812, 54.368484806549411 ], [ 18.438615947762131, 54.368484815104281 ], [ 18.438615946253293, 54.36848482361394 ], [ 18.438615943365964, 54.368484832001322 ], [ 18.43861593912629, 54.368484840190483 ], [ 18.438615933572663, 54.368484848107236 ], [ 18.438615926755386, 54.368484855679888 ], [ 18.436363010563113, 54.370721861462435 ], [ 18.436363008901402, 54.37072186330802 ], [ 18.436363010512352, 54.370721865168903 ], [ 18.438554656572244, 54.372979622488977 ], [ 18.438554658479067, 54.37297962425199 ], [ 18.438554662044879, 54.37297962436778 ], [ 18.44299943336754, 54.373000212450044 ], [ 18.442999447998258, 54.37300021292463 ], [ 18.442999462485453, 54.373000214209029 ], [ 18.442999476697938, 54.373000216291615 ], [ 18.442999490506995, 54.373000219153525 ], [ 18.442999503787576, 54.37300022276883 ], [ 18.442999516419395, 54.373000227104825 ], [ 18.442999528288066, 54.373000232122209 ], [ 18.442999539286106, 54.37300023777555 ], [ 18.44299954931391, 54.37300024401366 ], [ 18.442999558280668, 54.373000250780031 ], [ 18.442999566105176, 54.373000258013398 ], [ 18.445191613507063, 54.375257808563717 ], [ 18.445191620119228, 54.375257816198456 ], [ 18.445191625458353, 54.375257824165551 ], [ 18.445191629476085, 54.375257832392862 ], [ 18.445191632136048, 54.375257840805887 ], [ 18.445191633414144, 54.375257849328435 ], [ 18.445191633298801, 54.375257857883298 ], [ 18.445191631791065, 54.375257866393042 ], [ 18.445191628904588, 54.37525787478058 ], [ 18.445191624665512, 54.375257882969954 ], [ 18.445191619112226, 54.375257890886999 ], [ 18.445191612295023, 54.375257898460013 ], [ 18.442938722531476, 54.377494981505592 ], [ 18.442938714511261, 54.377494988665838 ], [ 18.44293870536146, 54.377494995348627 ], [ 18.442938695164923, 54.377495001493422 ], [ 18.442938684014006, 54.377495007044566 ], [ 18.442938672009685, 54.377495011951822 ], [ 18.442938659260669, 54.377495016170691 ], [ 18.442938645882428, 54.377495019663002 ], [ 18.442938631996103, 54.377495022397142 ], [ 18.44293861772746, 54.377495024348313 ], [ 18.442938603205715, 54.377495025498874 ], [ 18.442938588562381, 54.3774950258384 ], [ 18.438493331770285, 54.377474434365141 ], [ 18.438493328201375, 54.377474434447755 ], [ 18.438493326246473, 54.377474436192806 ], [ 18.436239907747417, 54.379711435150099 ], [ 18.436239899725607, 54.379711442309912 ], [ 18.436239890574221, 54.379711448992182 ], [ 18.436239880376142, 54.379711455136402 ], [ 18.436239869223719, 54.379711460686934 ], [ 18.436239857217956, 54.379711465593502 ], [ 18.436239844467572, 54.37971146981166 ], [ 18.436239831088042, 54.379711473303232 ], [ 18.43623981720053, 54.37971147603659 ], [ 18.436239802930807, 54.379711477986966 ], [ 18.436239788408098, 54.379711479136724 ], [ 18.436239773763923, 54.379711479475425 ], [ 18.431794282629507, 54.37969064080194 ], [ 18.431794279060398, 54.379690640884377 ], [ 18.431794277105105, 54.379690642629306 ], [ 18.429540329783659, 54.381927557441998 ], [ 18.429540328121185, 54.381927559287483 ] ] ] } }
]
}
